/*--------------------------------*- C++ -*----------------------------------*\
| =========                 |                                                 |
| \\      /  F ield         | OpenFOAM: The Open Source CFD Toolbox           |
|  \\    /   O peration     | Version:  2412                                  |
|   \\  /    A nd           | Website:  www.openfoam.com                      |
|    \\/     M anipulation  |                                                 |
\*---------------------------------------------------------------------------*/
FoamFile
{
    version     2.0;
    format      ascii;
    arch        "LSB;label=32;scalar=64";
    class       volScalarField;
    location    "0";
    object      spatialModes;
}
// * * * * * * * * * * * * * * * * * * * * * * * * * * * * * * * * * * * * * //

dimensions      [0 0 0 0 0 0 0];

internalField   nonuniform List<scalar> 
65536
(
0.999939
0.999695
0.999207
0.998475
0.997501
0.996284
0.994825
0.993127
0.991189
0.989013
0.986602
0.983956
0.981077
0.977968
0.974632
0.971069
0.967283
0.963277
0.959053
0.954614
0.949965
0.945107
0.940044
0.93478
0.929319
0.923664
0.91782
0.911789
0.905578
0.899189
0.892627
0.885897
0.879003
0.871949
0.864741
0.857384
0.849881
0.842239
0.834461
0.826553
0.818521
0.810369
0.802102
0.793725
0.785244
0.776665
0.767991
0.759229
0.750384
0.741461
0.732465
0.723401
0.714275
0.705093
0.695858
0.686577
0.677254
0.667894
0.658503
0.649086
0.639647
0.630192
0.620725
0.61125
0.601774
0.5923
0.582832
0.573376
0.563936
0.554515
0.545119
0.535752
0.526416
0.517118
0.507859
0.498645
0.489478
0.480362
0.471301
0.462298
0.453356
0.444479
0.435669
0.42693
0.418264
0.409673
0.401162
0.392731
0.384383
0.376121
0.367947
0.359862
0.35187
0.34397
0.336166
0.328459
0.320851
0.313342
0.305934
0.298628
0.291425
0.284327
0.277334
0.270447
0.263667
0.256994
0.250428
0.243971
0.237622
0.231382
0.225251
0.219229
0.213316
0.207511
0.201815
0.196228
0.190749
0.185377
0.180113
0.174955
0.169904
0.164958
0.160117
0.155381
0.150747
0.146216
0.141787
0.137458
0.133229
0.129098
0.125065
0.121129
0.117287
0.11354
0.109886
0.106323
0.102851
0.0994677
0.0961723
0.0929634
0.0898396
0.0867996
0.083842
0.0809654
0.0781685
0.0754497
0.0728077
0.070241
0.0677483
0.0653281
0.062979
0.0606996
0.0584883
0.0563439
0.0542648
0.0522497
0.0502971
0.0484057
0.0465741
0.0448008
0.0430845
0.0414238
0.0398175
0.038264
0.0367623
0.0353108
0.0339083
0.0325537
0.0312455
0.0299825
0.0287636
0.0275875
0.026453
0.025359
0.0243043
0.0232878
0.0223083
0.0213648
0.0204563
0.0195816
0.0187397
0.0179296
0.0171504
0.016401
0.0156805
0.0149881
0.0143227
0.0136835
0.0130696
0.0124803
0.0119146
0.0113717
0.010851
0.0103516
0.00987271
0.00941371
0.00897385
0.00855247
0.00814887
0.00776243
0.00739251
0.0070385
0.00669981
0.00637586
0.00606609
0.00576996
0.00548695
0.00521654
0.00495825
0.0047116
0.00447613
0.00425139
0.00403694
0.00383238
0.00363729
0.00345129
0.00327401
0.00310507
0.00294413
0.00279085
0.00264491
0.00250598
0.00237377
0.00224799
0.00212836
0.0020146
0.00190645
0.00180367
0.00170601
0.00161325
0.00152516
0.00144153
0.00136215
0.00128682
0.00121537
0.0011476
0.00108335
0.00102244
0.000964728
0.000910047
0.000858256
0.000809215
0.00076279
0.000718853
0.000677281
0.000637958
0.000600771
0.000565613
0.000532383
0.000500983
0.00047132
0.000443305
0.000416853
0.000391884
0.000368321
0.00034609
0.999695
0.999451
0.998963
0.998232
0.997257
0.996041
0.994583
0.992884
0.990947
0.988772
0.986361
0.983716
0.980838
0.97773
0.974394
0.970832
0.967047
0.963042
0.958819
0.954381
0.949733
0.944876
0.939815
0.934552
0.929092
0.923439
0.917596
0.911567
0.905357
0.898969
0.892409
0.885681
0.878788
0.871737
0.86453
0.857174
0.849674
0.842033
0.834257
0.826352
0.818321
0.810171
0.801906
0.793531
0.785053
0.776475
0.767804
0.759044
0.750201
0.74128
0.732286
0.723224
0.714101
0.70492
0.695688
0.686409
0.677088
0.667731
0.658343
0.648928
0.639491
0.630038
0.620573
0.611101
0.601627
0.592155
0.58269
0.573236
0.563798
0.55438
0.544986
0.535621
0.526288
0.516991
0.507735
0.498523
0.489358
0.480245
0.471186
0.462185
0.453246
0.444371
0.435563
0.426826
0.418162
0.409573
0.401064
0.392635
0.384289
0.376029
0.367857
0.359775
0.351784
0.343886
0.336084
0.328379
0.320772
0.313265
0.305859
0.298555
0.291354
0.284258
0.277267
0.270381
0.263603
0.256931
0.250367
0.243912
0.237564
0.231326
0.225196
0.219175
0.213263
0.20746
0.201766
0.19618
0.190702
0.185332
0.180069
0.174913
0.169862
0.164918
0.160078
0.155343
0.15071
0.146181
0.141752
0.137425
0.133196
0.129067
0.125035
0.121099
0.117259
0.113513
0.109859
0.106297
0.102826
0.0994434
0.0961488
0.0929407
0.0898177
0.0867784
0.0838216
0.0809457
0.0781494
0.0754312
0.0727899
0.0702239
0.0677318
0.0653122
0.0629636
0.0606847
0.058474
0.0563301
0.0542516
0.0522369
0.0502849
0.0483939
0.0465627
0.0447898
0.043074
0.0414137
0.0398077
0.0382547
0.0367533
0.0353022
0.0339001
0.0325457
0.0312378
0.0299752
0.0287566
0.0275808
0.0264466
0.0253528
0.0242984
0.0232821
0.0223029
0.0213596
0.0204513
0.0195768
0.0187351
0.0179252
0.0171462
0.016397
0.0156767
0.0149844
0.0143192
0.0136802
0.0130664
0.0124772
0.0119117
0.011369
0.0108483
0.010349
0.0098703
0.00941141
0.00897166
0.00855038
0.00814689
0.00776054
0.00739071
0.00703678
0.00669817
0.0063743
0.00606461
0.00576855
0.00548561
0.00521527
0.00495704
0.00471045
0.00447504
0.00425035
0.00403596
0.00383144
0.0036364
0.00345045
0.00327321
0.00310431
0.00294341
0.00279017
0.00264426
0.00250537
0.0023732
0.00224744
0.00212784
0.0020141
0.00190598
0.00180323
0.0017056
0.00161286
0.00152479
0.00144117
0.00136181
0.00128651
0.00121507
0.00114732
0.00108308
0.00102219
0.000964492
0.000909825
0.000858047
0.000809018
0.000762604
0.000718677
0.000677116
0.000637802
0.000600624
0.000565475
0.000532253
0.000500861
0.000471205
0.000443197
0.000416752
0.000391789
0.000368231
0.000346006
0.999207
0.998963
0.998475
0.997744
0.99677
0.995554
0.994097
0.9924
0.990463
0.988289
0.985879
0.983235
0.980359
0.977252
0.973918
0.970358
0.966575
0.962571
0.958351
0.953916
0.949269
0.944415
0.939356
0.934096
0.928639
0.922988
0.917148
0.911122
0.904915
0.89853
0.891974
0.885248
0.878359
0.871311
0.864108
0.856756
0.849259
0.841622
0.83385
0.825948
0.817922
0.809775
0.801514
0.793144
0.784669
0.776096
0.767429
0.758673
0.749834
0.740918
0.731928
0.722871
0.713752
0.704576
0.695348
0.686074
0.676758
0.667405
0.658021
0.648611
0.639179
0.62973
0.62027
0.610803
0.601333
0.591866
0.582405
0.572956
0.563523
0.554109
0.54472
0.535359
0.526031
0.516739
0.507487
0.498279
0.489119
0.48001
0.470956
0.46196
0.453024
0.444154
0.43535
0.426617
0.417958
0.409373
0.400868
0.392443
0.384102
0.375846
0.367677
0.359599
0.351612
0.343719
0.33592
0.328219
0.320616
0.313112
0.30571
0.298409
0.291212
0.284119
0.277131
0.270249
0.263474
0.256806
0.250245
0.243792
0.237448
0.231213
0.225086
0.219068
0.213159
0.207359
0.201667
0.196084
0.190609
0.185241
0.179981
0.174827
0.16978
0.164837
0.16
0.155267
0.150637
0.146109
0.141683
0.137357
0.133131
0.129004
0.124974
0.12104
0.117202
0.113457
0.109805
0.106245
0.102776
0.0993949
0.0961019
0.0928953
0.0897739
0.0867361
0.0837806
0.0809062
0.0781112
0.0753944
0.0727544
0.0701896
0.0676987
0.0652803
0.0629329
0.0606551
0.0584455
0.0563026
0.0542251
0.0522114
0.0502603
0.0483703
0.04654
0.044768
0.0430529
0.0413935
0.0397883
0.038236
0.0367353
0.0352849
0.0338835
0.0325298
0.0312226
0.0299606
0.0287425
0.0275673
0.0264336
0.0253404
0.0242865
0.0232707
0.022292
0.0213492
0.0204413
0.0195672
0.018726
0.0179165
0.0171378
0.016389
0.0156691
0.0149771
0.0143122
0.0136735
0.0130601
0.0124711
0.0119059
0.0113634
0.0108431
0.010344
0.00986548
0.00940682
0.00896728
0.0085462
0.00814291
0.00775675
0.0073871
0.00703335
0.0066949
0.00637119
0.00606165
0.00576573
0.00548293
0.00521272
0.00495462
0.00470815
0.00447285
0.00424827
0.00403399
0.00382957
0.00363463
0.00344877
0.00327161
0.0031028
0.00294197
0.00278881
0.00264297
0.00250415
0.00237204
0.00224635
0.0021268
0.00201312
0.00190505
0.00180235
0.00170476
0.00161207
0.00152404
0.00144047
0.00136115
0.00128588
0.00121448
0.00114676
0.00108256
0.0010217
0.000964021
0.000909381
0.000857628
0.000808623
0.000762231
0.000718326
0.000676785
0.00063749
0.000600331
0.000565199
0.000531993
0.000500616
0.000470975
0.00044298
0.000416548
0.000391598
0.000368052
0.000345837
0.998475
0.998232
0.997744
0.997014
0.996041
0.994825
0.993369
0.991673
0.989738
0.987566
0.985158
0.982515
0.979641
0.976537
0.973205
0.969647
0.965867
0.961867
0.957649
0.953217
0.948574
0.943723
0.938668
0.933412
0.927959
0.922312
0.916476
0.910455
0.904252
0.897873
0.89132
0.8846
0.877716
0.870673
0.863476
0.856129
0.848637
0.841006
0.83324
0.825344
0.817323
0.809182
0.800927
0.792563
0.784095
0.775528
0.766867
0.758118
0.749285
0.740375
0.731392
0.722342
0.71323
0.70406
0.694839
0.685572
0.676262
0.666917
0.657539
0.648136
0.638711
0.629269
0.619816
0.610356
0.600893
0.591433
0.581979
0.572537
0.56311
0.553704
0.544321
0.534967
0.525646
0.516361
0.507116
0.497915
0.488761
0.479659
0.470611
0.461621
0.452693
0.443829
0.435032
0.426305
0.417652
0.409074
0.400574
0.392156
0.38382
0.37557
0.367408
0.359336
0.351355
0.343467
0.335674
0.327979
0.320381
0.312883
0.305486
0.298191
0.290999
0.283911
0.276928
0.270051
0.263281
0.256618
0.250062
0.243614
0.237274
0.231044
0.224921
0.218908
0.213003
0.207207
0.20152
0.195941
0.190469
0.185106
0.179849
0.174699
0.169655
0.164717
0.159883
0.155153
0.150527
0.146002
0.141579
0.137257
0.133034
0.128909
0.124882
0.120951
0.117116
0.113374
0.109725
0.106168
0.1027
0.0993221
0.0960315
0.0928273
0.0897081
0.0866726
0.0837193
0.0808469
0.078054
0.0753392
0.0727011
0.0701382
0.0676492
0.0652325
0.0628868
0.0606107
0.0584027
0.0562614
0.0541854
0.0521732
0.0502235
0.0483349
0.0465059
0.0447352
0.0430214
0.0413632
0.0397592
0.038208
0.0367084
0.0352591
0.0338587
0.032506
0.0311997
0.0299386
0.0287215
0.0275471
0.0264143
0.0253219
0.0242687
0.0232537
0.0222757
0.0213336
0.0204263
0.0195529
0.0187123
0.0179034
0.0171253
0.016377
0.0156576
0.0149661
0.0143017
0.0136635
0.0130505
0.012462
0.0118971
0.0113551
0.0108351
0.0103364
0.00985826
0.00939993
0.00896072
0.00853995
0.00813695
0.00775107
0.00738169
0.0070282
0.00669
0.00636652
0.00605721
0.00576151
0.00547892
0.00520891
0.004951
0.00470471
0.00446958
0.00424516
0.00403103
0.00382677
0.00363197
0.00344624
0.00326921
0.00310052
0.00293982
0.00278677
0.00264103
0.00250231
0.0023703
0.0022447
0.00212524
0.00201165
0.00190366
0.00180103
0.00170352
0.00161089
0.00152293
0.00143942
0.00136015
0.00128494
0.00121359
0.00114592
0.00108176
0.00102095
0.000963316
0.000908715
0.000857
0.000808031
0.000761673
0.000717801
0.00067629
0.000637024
0.000599891
0.000564785
0.000531604
0.00050025
0.00047063
0.000442656
0.000416243
0.000391311
0.000367782
0.000345584
0.997501
0.997257
0.99677
0.996041
0.995068
0.993854
0.9924
0.990705
0.988772
0.986602
0.984196
0.981556
0.978685
0.975584
0.972255
0.968701
0.964924
0.960928
0.956714
0.952287
0.947648
0.942802
0.937752
0.932501
0.927053
0.921412
0.915582
0.909566
0.90337
0.896996
0.89045
0.883737
0.876859
0.869823
0.862633
0.855293
0.847809
0.840185
0.832426
0.824538
0.816525
0.808393
0.800146
0.79179
0.78333
0.774771
0.766118
0.757378
0.748554
0.739653
0.730678
0.721637
0.712534
0.703373
0.694161
0.684902
0.675602
0.666266
0.656898
0.647503
0.638088
0.628655
0.619211
0.60976
0.600306
0.590855
0.581411
0.571978
0.562561
0.553163
0.54379
0.534445
0.525133
0.515857
0.506621
0.497429
0.488284
0.479191
0.470152
0.461171
0.452251
0.443395
0.434607
0.425889
0.417244
0.408674
0.400183
0.391773
0.383446
0.375204
0.36705
0.358985
0.351012
0.343132
0.335347
0.327658
0.320068
0.312578
0.305188
0.2979
0.290715
0.283634
0.276658
0.269788
0.263024
0.256367
0.249818
0.243376
0.237043
0.230818
0.224702
0.218694
0.212795
0.207005
0.201323
0.195749
0.190283
0.184925
0.179674
0.174529
0.16949
0.164556
0.159727
0.155002
0.15038
0.14586
0.141441
0.137123
0.132904
0.128784
0.12476
0.120833
0.117001
0.113263
0.109618
0.106064
0.1026
0.0992251
0.0959378
0.0927367
0.0896206
0.086588
0.0836376
0.080768
0.0779778
0.0752657
0.0726301
0.0700697
0.0675831
0.0651688
0.0628255
0.0605515
0.0583457
0.0562065
0.0541325
0.0521223
0.0501745
0.0482877
0.0464605
0.0446915
0.0429794
0.0413228
0.0397204
0.0381707
0.0366726
0.0352247
0.0338257
0.0324743
0.0311693
0.0299094
0.0286934
0.0275202
0.0263885
0.0252972
0.024245
0.023231
0.0222539
0.0213128
0.0204064
0.0195338
0.018694
0.0178859
0.0171086
0.016361
0.0156423
0.0149515
0.0142878
0.0136501
0.0130378
0.0124498
0.0118855
0.011344
0.0108245
0.0103263
0.00984864
0.00939075
0.00895197
0.00853161
0.008129
0.0077435
0.00737449
0.00702134
0.00668347
0.00636031
0.0060513
0.00575589
0.00547357
0.00520382
0.00494616
0.00470011
0.00446521
0.00424102
0.0040271
0.00382303
0.00362842
0.00344288
0.00326602
0.0030975
0.00293695
0.00278405
0.00263846
0.00249987
0.00236799
0.00224251
0.00212317
0.00200968
0.0019018
0.00179927
0.00170185
0.00160932
0.00152144
0.00143801
0.00135882
0.00128369
0.00121241
0.0011448
0.00108071
0.00101995
0.000962375
0.000907828
0.000856163
0.000807242
0.00076093
0.0007171
0.000675629
0.000636402
0.000599306
0.000564234
0.000531085
0.000499762
0.000470171
0.000442224
0.000415837
0.000390929
0.000367423
0.000345246
0.996284
0.996041
0.995554
0.994825
0.993854
0.992642
0.991189
0.989496
0.987566
0.985398
0.982995
0.980359
0.977491
0.974394
0.971069
0.967519
0.963747
0.959756
0.955547
0.951125
0.946492
0.941652
0.936608
0.931363
0.925922
0.920288
0.914465
0.908456
0.902268
0.895902
0.889364
0.882659
0.87579
0.868762
0.86158
0.85425
0.846775
0.83916
0.831411
0.823532
0.815529
0.807406
0.79917
0.790824
0.782374
0.773826
0.765184
0.756454
0.747641
0.73875
0.729787
0.720757
0.711664
0.702515
0.693314
0.684067
0.674778
0.665453
0.656096
0.646713
0.637309
0.627888
0.618456
0.609016
0.599574
0.590135
0.580702
0.57128
0.561874
0.552488
0.543127
0.533793
0.524492
0.515227
0.506003
0.496822
0.487688
0.478606
0.469578
0.460608
0.451699
0.442854
0.434077
0.425369
0.416735
0.408176
0.399695
0.391295
0.382978
0.374746
0.366602
0.358547
0.350583
0.342713
0.334938
0.327259
0.319678
0.312196
0.304815
0.297536
0.29036
0.283288
0.276321
0.269459
0.262703
0.256054
0.249513
0.243079
0.236754
0.230536
0.224428
0.218427
0.212536
0.206752
0.201077
0.195511
0.190051
0.184699
0.179454
0.174316
0.169283
0.164355
0.159532
0.154813
0.150196
0.145682
0.141269
0.136956
0.132742
0.128627
0.124608
0.120686
0.116859
0.113125
0.109484
0.105935
0.102475
0.0991041
0.0958208
0.0926236
0.0895112
0.0864823
0.0835356
0.0806695
0.0778827
0.0751739
0.0725415
0.0699843
0.0675007
0.0650893
0.0627488
0.0604777
0.0582745
0.0561379
0.0540664
0.0520587
0.0501133
0.0482288
0.0464038
0.044637
0.042927
0.0412724
0.0396719
0.0381242
0.0366279
0.0351817
0.0337844
0.0324347
0.0311312
0.0298729
0.0286584
0.0274866
0.0263563
0.0252663
0.0242155
0.0232027
0.0222268
0.0212868
0.0203815
0.01951
0.0186712
0.0178641
0.0170877
0.0163411
0.0156232
0.0149333
0.0142703
0.0136335
0.0130219
0.0124347
0.011871
0.0113302
0.0108113
0.0103137
0.00983662
0.0093793
0.00894105
0.0085212
0.00811909
0.00773406
0.00736549
0.00701277
0.00667532
0.00635255
0.00604391
0.00574887
0.00546689
0.00519747
0.00494013
0.00469438
0.00445977
0.00423585
0.00402218
0.00381837
0.003624
0.00343868
0.00326204
0.00309372
0.00293337
0.00278065
0.00263524
0.00249682
0.0023651
0.00223978
0.00212058
0.00200723
0.00189948
0.00179708
0.00169978
0.00160735
0.00151958
0.00143626
0.00135717
0.00128212
0.00121093
0.00114341
0.00107939
0.00101871
0.000961201
0.000906721
0.000855119
0.000806257
0.000760002
0.000716225
0.000674805
0.000635626
0.000598575
0.000563546
0.000530437
0.000499152
0.000469597
0.000441685
0.00041533
0.000390452
0.000366975
0.000344825
0.994825
0.994583
0.994097
0.993369
0.9924
0.991189
0.989738
0.988048
0.98612
0.983956
0.981556
0.978924
0.97606
0.972967
0.969647
0.966103
0.962336
0.958351
0.954148
0.949733
0.945107
0.940274
0.935237
0.93
0.924567
0.918941
0.913126
0.907127
0.900947
0.894591
0.888062
0.881366
0.874508
0.86749
0.860319
0.852999
0.845535
0.837932
0.830194
0.822327
0.814335
0.806224
0.798
0.789666
0.781229
0.772693
0.764064
0.755347
0.746547
0.737669
0.728719
0.719702
0.710623
0.701487
0.692299
0.683065
0.67379
0.664479
0.655136
0.645767
0.636376
0.626969
0.61755
0.608125
0.598696
0.589271
0.579852
0.570444
0.561052
0.55168
0.542332
0.533012
0.523724
0.514473
0.505262
0.496095
0.486975
0.477905
0.468891
0.459934
0.451038
0.442206
0.433441
0.424747
0.416125
0.407578
0.39911
0.390722
0.382417
0.374198
0.366065
0.358022
0.35007
0.342211
0.334447
0.32678
0.31921
0.311739
0.304369
0.297101
0.289935
0.282873
0.275916
0.269064
0.262319
0.25568
0.249148
0.242723
0.236407
0.230199
0.224099
0.218108
0.212225
0.20645
0.200783
0.195224
0.189773
0.184429
0.179192
0.174061
0.169035
0.164115
0.159299
0.154586
0.149976
0.145469
0.141062
0.136755
0.132548
0.128438
0.124426
0.120509
0.116688
0.11296
0.109324
0.105779
0.102325
0.098959
0.0956805
0.092488
0.0893802
0.0863558
0.0834133
0.0805514
0.0777687
0.0750638
0.0724353
0.0698818
0.0674019
0.0649941
0.062657
0.0603892
0.0581892
0.0560557
0.0539873
0.0519825
0.0500399
0.0481582
0.0463359
0.0445717
0.0428642
0.041212
0.0396138
0.0380684
0.0365743
0.0351302
0.0337349
0.0323872
0.0310857
0.0298292
0.0286165
0.0274464
0.0263177
0.0252293
0.02418
0.0231687
0.0221942
0.0212556
0.0203517
0.0194814
0.0186439
0.0178379
0.0170627
0.0163171
0.0156004
0.0149114
0.0142494
0.0136135
0.0130028
0.0124165
0.0118536
0.0113136
0.0107955
0.0102986
0.00982222
0.00936557
0.00892796
0.00850873
0.0081072
0.00772274
0.00735471
0.00700251
0.00666555
0.00634325
0.00603507
0.00574045
0.00545889
0.00518987
0.0049329
0.00468751
0.00445324
0.00422965
0.0040163
0.00381278
0.00361869
0.00343364
0.00325726
0.00308919
0.00292907
0.00277658
0.00263138
0.00249317
0.00236164
0.0022365
0.00211747
0.00200429
0.0018967
0.00179445
0.00169729
0.001605
0.00151736
0.00143415
0.00135518
0.00128024
0.00120915
0.00114173
0.00107781
0.00101722
0.000959794
0.000905393
0.000853867
0.000805077
0.000758889
0.000715177
0.000673817
0.000634695
0.000597698
0.000562721
0.000529661
0.000498421
0.00046891
0.000441038
0.000414722
0.00038988
0.000366438
0.00034432
0.993127
0.992884
0.9924
0.991673
0.990705
0.989496
0.988048
0.986361
0.984436
0.982276
0.97988
0.977252
0.974394
0.971306
0.967992
0.964453
0.960693
0.956714
0.952519
0.948111
0.943493
0.938668
0.93364
0.928412
0.922988
0.917372
0.911567
0.905578
0.899408
0.893063
0.886546
0.879862
0.873014
0.866009
0.85885
0.851543
0.844091
0.836501
0.828776
0.820922
0.812945
0.804848
0.796637
0.788318
0.779895
0.771374
0.762759
0.754057
0.745272
0.736409
0.727475
0.718473
0.709409
0.700289
0.691117
0.681899
0.67264
0.663344
0.654017
0.644664
0.63529
0.625899
0.616496
0.607086
0.597674
0.588264
0.578862
0.56947
0.560094
0.550738
0.541406
0.532102
0.52283
0.513595
0.504399
0.495247
0.486143
0.477089
0.46809
0.459149
0.450268
0.441451
0.432701
0.424021
0.415414
0.406882
0.398429
0.390055
0.381764
0.373559
0.36544
0.357411
0.349472
0.341627
0.333876
0.326222
0.318665
0.311207
0.303849
0.296593
0.28944
0.28239
0.275445
0.268605
0.261871
0.255243
0.248722
0.242309
0.236003
0.229806
0.223717
0.217735
0.211862
0.206097
0.20044
0.194891
0.189449
0.184114
0.178886
0.173763
0.168746
0.163834
0.159027
0.154322
0.14972
0.14522
0.140821
0.136522
0.132321
0.128219
0.124213
0.120304
0.116488
0.112767
0.109137
0.105599
0.10215
0.0987901
0.0955171
0.0923301
0.0892276
0.0862083
0.0832708
0.0804139
0.0776359
0.0749357
0.0723117
0.0697625
0.0672868
0.0648831
0.06255
0.060286
0.0580899
0.05596
0.0538951
0.0518937
0.0499545
0.048076
0.0462568
0.0444956
0.042791
0.0411416
0.0395462
0.0380034
0.0365118
0.0350702
0.0336773
0.0323319
0.0310326
0.0297782
0.0285676
0.0273995
0.0262728
0.0251862
0.0241387
0.0231291
0.0221563
0.0212193
0.0203169
0.0194482
0.018612
0.0178075
0.0170335
0.0162893
0.0155737
0.014886
0.0142251
0.0135903
0.0129806
0.0123953
0.0118334
0.0112943
0.0107771
0.010281
0.00980545
0.00934958
0.00891272
0.0084942
0.00809336
0.00770955
0.00734215
0.00699055
0.00665417
0.00633242
0.00602476
0.00573065
0.00544957
0.005181
0.00492448
0.0046795
0.00444564
0.00422242
0.00400944
0.00380627
0.00361251
0.00342778
0.0032517
0.00308392
0.00292407
0.00277184
0.00262689
0.00248891
0.0023576
0.00223268
0.00211386
0.00200087
0.00189346
0.00179138
0.00169439
0.00160226
0.00151477
0.00143171
0.00135287
0.00127806
0.00120709
0.00113978
0.00107597
0.00101548
0.000958155
0.000903847
0.000852409
0.000803702
0.000757593
0.000713955
0.000672667
0.000633611
0.000596678
0.00056176
0.000528756
0.00049757
0.000468109
0.000440285
0.000414014
0.000389215
0.000365812
0.000343732
0.991189
0.990947
0.990463
0.989738
0.988772
0.987566
0.98612
0.984436
0.982515
0.980359
0.977968
0.975346
0.972492
0.969411
0.966103
0.962571
0.958819
0.954848
0.950661
0.946261
0.941652
0.936836
0.931818
0.9266
0.921187
0.915582
0.909788
0.903811
0.897653
0.89132
0.884816
0.878145
0.871311
0.864319
0.857174
0.849881
0.842444
0.834869
0.827159
0.819321
0.811358
0.803277
0.795083
0.78678
0.778373
0.769868
0.761271
0.752585
0.743818
0.734972
0.726055
0.717071
0.708025
0.698923
0.689769
0.680569
0.671327
0.66205
0.652741
0.643406
0.63405
0.624677
0.615293
0.605902
0.596508
0.587117
0.577732
0.568359
0.559001
0.549663
0.540349
0.531064
0.52181
0.512593
0.503415
0.494281
0.485194
0.476159
0.467177
0.458253
0.449389
0.44059
0.431857
0.423194
0.414604
0.406089
0.397651
0.389294
0.381019
0.37283
0.364727
0.356713
0.348791
0.34096
0.333225
0.325585
0.318043
0.3106
0.303257
0.296015
0.288875
0.281839
0.274907
0.268081
0.26136
0.254745
0.248237
0.241836
0.235543
0.229358
0.22328
0.21731
0.211449
0.205695
0.200049
0.194511
0.189079
0.183755
0.178537
0.173424
0.168417
0.163515
0.158716
0.154021
0.149428
0.144937
0.140546
0.136255
0.132063
0.127969
0.123971
0.120069
0.116261
0.112547
0.108924
0.105393
0.101951
0.0985973
0.0953308
0.0921499
0.0890535
0.0860401
0.0831084
0.0802569
0.0774844
0.0747894
0.0721706
0.0696264
0.0671555
0.0647565
0.0624279
0.0601684
0.0579765
0.0558508
0.05379
0.0517925
0.049857
0.0479821
0.0461665
0.0444087
0.0427075
0.0410614
0.039469
0.0379292
0.0364406
0.0350018
0.0336116
0.0322688
0.030972
0.0297201
0.0285119
0.0273461
0.0262215
0.0251371
0.0240916
0.023084
0.0221131
0.0211779
0.0202773
0.0194102
0.0185757
0.0177727
0.0170003
0.0162575
0.0155433
0.0148569
0.0141974
0.0135638
0.0129553
0.0123711
0.0118103
0.0112722
0.010756
0.010261
0.00978632
0.00933133
0.00889533
0.00847763
0.00807757
0.00769451
0.00732782
0.00697691
0.00664118
0.00632006
0.00601301
0.00571947
0.00543893
0.0051709
0.00491487
0.00467037
0.00443696
0.00421418
0.00400162
0.00379884
0.00360546
0.00342109
0.00324536
0.0030779
0.00291837
0.00276643
0.00262176
0.00248405
0.002353
0.00222832
0.00210973
0.00199697
0.00188977
0.00178789
0.00169108
0.00159913
0.00151181
0.00142891
0.00135023
0.00127556
0.00120473
0.00113756
0.00107387
0.0010135
0.000956286
0.000902084
0.000850746
0.000802134
0.000756115
0.000712562
0.000671354
0.000632375
0.000595514
0.000560664
0.000527725
0.000496599
0.000467196
0.000439426
0.000413206
0.000388455
0.000365098
0.000343062
0.989013
0.988772
0.988289
0.987566
0.986602
0.985398
0.983956
0.982276
0.980359
0.978207
0.975822
0.973205
0.970358
0.967283
0.963983
0.960459
0.956714
0.952752
0.948574
0.944184
0.939585
0.93478
0.929773
0.924567
0.919165
0.913572
0.907791
0.901827
0.895683
0.889364
0.882874
0.876217
0.869399
0.862422
0.855293
0.848016
0.840595
0.833036
0.825344
0.817522
0.809578
0.801514
0.793338
0.785053
0.776665
0.768179
0.7596
0.750934
0.742185
0.733359
0.724461
0.715497
0.706471
0.697389
0.688255
0.679075
0.669854
0.660597
0.651308
0.641994
0.632658
0.623306
0.613942
0.604572
0.595199
0.585828
0.576464
0.567111
0.557774
0.548457
0.539163
0.529898
0.520665
0.511468
0.50231
0.493196
0.48413
0.475113
0.466151
0.457247
0.448403
0.439623
0.430909
0.422265
0.413694
0.405197
0.396778
0.38844
0.380183
0.372011
0.363927
0.35593
0.348025
0.340212
0.332493
0.324871
0.317345
0.309918
0.302591
0.295365
0.288241
0.281221
0.274304
0.267492
0.260786
0.254186
0.247692
0.241305
0.235026
0.228854
0.22279
0.216834
0.210985
0.205244
0.19961
0.194084
0.188664
0.183352
0.178145
0.173044
0.168048
0.163156
0.158368
0.153683
0.1491
0.144619
0.140238
0.135956
0.131773
0.127688
0.123699
0.119805
0.116006
0.1123
0.108685
0.105161
0.101727
0.0983809
0.0951215
0.0919477
0.088858
0.0858512
0.082926
0.0800808
0.0773144
0.0746253
0.0720122
0.0694736
0.0670081
0.0646143
0.0622909
0.0600363
0.0578493
0.0557283
0.0536719
0.0516788
0.0497476
0.0478768
0.0460652
0.0443113
0.0426137
0.0409712
0.0393824
0.037846
0.0363606
0.034925
0.0335379
0.032198
0.0309041
0.0296549
0.0284493
0.0272861
0.026164
0.0250819
0.0240387
0.0230333
0.0220646
0.0211314
0.0202328
0.0193676
0.0185349
0.0177337
0.016963
0.0162218
0.0155092
0.0148243
0.0141662
0.013534
0.0129268
0.0123439
0.0117844
0.0112475
0.0107324
0.0102385
0.00976484
0.00931085
0.0088758
0.00845902
0.00805984
0.00767762
0.00731174
0.0069616
0.00662661
0.00630619
0.00599981
0.00570692
0.005427
0.00515955
0.00490408
0.00466012
0.00442722
0.00420493
0.00399283
0.0037905
0.00359755
0.00341358
0.00323823
0.00307114
0.00291196
0.00276036
0.00261601
0.0024786
0.00234784
0.00222343
0.0021051
0.00199258
0.00188562
0.00178396
0.00168737
0.00159562
0.00150849
0.00142578
0.00134726
0.00127276
0.00120209
0.00113506
0.00107151
0.00101127
0.000954187
0.000900104
0.000848879
0.000800373
0.000754456
0.000710998
0.000669881
0.000630987
0.000594206
0.000559433
0.000526566
0.000495509
0.00046617
0.000438461
0.000412299
0.000387603
0.000364297
0.000342309
0.986602
0.986361
0.985879
0.985158
0.984196
0.982995
0.981556
0.97988
0.977968
0.975822
0.973443
0.970832
0.967992
0.964924
0.961632
0.958117
0.954381
0.950429
0.946261
0.941882
0.937294
0.932501
0.927506
0.922312
0.916924
0.911344
0.905578
0.899628
0.893499
0.887195
0.880721
0.874081
0.867279
0.860319
0.853208
0.845948
0.838546
0.831005
0.823331
0.815529
0.807603
0.79956
0.791403
0.783138
0.774771
0.766306
0.757748
0.749103
0.740375
0.731571
0.722695
0.713752
0.704748
0.695688
0.686577
0.677419
0.66822
0.658986
0.64972
0.640429
0.631116
0.621786
0.612445
0.603098
0.593747
0.5844
0.575058
0.565728
0.556414
0.547119
0.537849
0.528606
0.519395
0.51022
0.501085
0.491994
0.482949
0.473955
0.465015
0.456132
0.44731
0.438551
0.429858
0.421236
0.412685
0.404209
0.395811
0.387492
0.379256
0.371104
0.363039
0.355063
0.347176
0.339383
0.331683
0.324078
0.316571
0.309162
0.301853
0.294645
0.287538
0.280535
0.273635
0.26684
0.26015
0.253566
0.247088
0.240717
0.234453
0.228296
0.222247
0.216305
0.21047
0.204743
0.199123
0.193611
0.188204
0.182904
0.17771
0.172622
0.167638
0.162758
0.157982
0.153308
0.148737
0.144266
0.139896
0.135625
0.131452
0.127377
0.123397
0.119513
0.115723
0.112026
0.10842
0.104905
0.101479
0.098141
0.0948896
0.0917235
0.0886414
0.0856419
0.0827238
0.0798855
0.0771258
0.0744433
0.0718366
0.0693042
0.0668447
0.0644568
0.062139
0.0598899
0.0577082
0.0555924
0.053541
0.0515528
0.0496263
0.0477601
0.0459529
0.0442032
0.0425098
0.0408713
0.0392864
0.0377537
0.0362719
0.0348398
0.0334561
0.0321195
0.0308287
0.0295826
0.0283799
0.0272195
0.0261002
0.0250208
0.0239801
0.0229772
0.0220108
0.0210799
0.0201834
0.0193204
0.0184897
0.0176905
0.0169216
0.0161822
0.0154714
0.0147882
0.0141316
0.013501
0.0128953
0.0123138
0.0117557
0.0112201
0.0107063
0.0102135
0.00974103
0.00928815
0.00885416
0.00843839
0.00804018
0.0076589
0.00729391
0.00694462
0.00661045
0.00629082
0.00598518
0.005693
0.00541376
0.00514696
0.00489212
0.00464876
0.00441643
0.00419468
0.0039831
0.00378126
0.00358878
0.00340526
0.00323034
0.00306365
0.00290486
0.00275363
0.00260963
0.00247256
0.00234211
0.00221801
0.00209997
0.00198773
0.00188102
0.00177961
0.00168326
0.00159173
0.00150482
0.0014223
0.00134398
0.00126966
0.00119916
0.0011323
0.0010689
0.00100881
0.00095186
0.000897909
0.000846809
0.000798422
0.000752616
0.000709265
0.000668247
0.000629449
0.000592758
0.000558069
0.000525282
0.000494301
0.000465034
0.000437392
0.000411293
0.000386658
0.000363409
0.000341474
0.983956
0.983716
0.983235
0.982515
0.981556
0.980359
0.978924
0.977252
0.975346
0.973205
0.970832
0.968228
0.965396
0.962336
0.959053
0.955547
0.951822
0.94788
0.943723
0.939356
0.93478
0.93
0.925018
0.919839
0.914465
0.9089
0.903149
0.897215
0.891103
0.884816
0.878359
0.871737
0.864953
0.858012
0.850919
0.843679
0.836297
0.828776
0.821123
0.813342
0.805438
0.797416
0.789281
0.781038
0.772693
0.76425
0.755715
0.747093
0.73839
0.729609
0.720757
0.711838
0.702858
0.693822
0.684735
0.675602
0.666428
0.657218
0.647978
0.638711
0.629423
0.620119
0.610803
0.60148
0.592155
0.582832
0.573516
0.564211
0.554922
0.545652
0.536406
0.527188
0.518002
0.508852
0.499741
0.490674
0.481654
0.472684
0.463768
0.454909
0.44611
0.437375
0.428706
0.420106
0.411578
0.403125
0.394749
0.386453
0.378239
0.370109
0.362065
0.35411
0.346245
0.338472
0.330793
0.323209
0.315722
0.308333
0.301044
0.293855
0.286767
0.279783
0.272901
0.266124
0.259452
0.252886
0.246425
0.240071
0.233824
0.227684
0.221651
0.215725
0.209906
0.204194
0.198589
0.193091
0.1877
0.182414
0.177234
0.172159
0.167188
0.162322
0.157558
0.152897
0.148338
0.143879
0.139521
0.135261
0.131099
0.127035
0.123066
0.119193
0.115413
0.111725
0.108129
0.104624
0.101207
0.0978778
0.0946351
0.0914775
0.0884036
0.0854122
0.0825019
0.0796713
0.076919
0.0742437
0.0716439
0.0691183
0.0666654
0.0642839
0.0619724
0.0597293
0.0575534
0.0554433
0.0533974
0.0514145
0.0494932
0.047632
0.0458296
0.0440847
0.0423958
0.0407617
0.039181
0.0376524
0.0361746
0.0347464
0.0333663
0.0320333
0.030746
0.0295033
0.0283038
0.0271465
0.0260302
0.0249537
0.0239158
0.0229155
0.0219517
0.0210233
0.0201293
0.0192686
0.0184401
0.017643
0.0168762
0.0161388
0.0154299
0.0147485
0.0140937
0.0134648
0.0128607
0.0122808
0.0117241
0.01119
0.0106776
0.0101861
0.0097149
0.00926324
0.00883042
0.00841576
0.00801862
0.00763836
0.00727435
0.006926
0.00659272
0.00627394
0.00596913
0.00567773
0.00539924
0.00513316
0.004879
0.00463629
0.00440458
0.00418343
0.00397241
0.00377112
0.00357915
0.00339613
0.00322167
0.00305544
0.00289707
0.00274624
0.00260263
0.00246593
0.00233583
0.00221206
0.00209434
0.00198239
0.00187598
0.00177484
0.00167874
0.00158746
0.00150078
0.00141848
0.00134037
0.00126625
0.00119594
0.00112926
0.00106603
0.0010061
0.000949307
0.000895501
0.000844538
0.00079628
0.000750597
0.000707363
0.000666455
0.00062776
0.000591168
0.000556572
0.000523874
0.000492975
0.000463786
0.000436219
0.00041019
0.000385621
0.000362434
0.000340558
0.981077
0.980838
0.980359
0.979641
0.978685
0.977491
0.97606
0.974394
0.972492
0.970358
0.967992
0.965396
0.962571
0.959521
0.956247
0.952752
0.949037
0.945107
0.940962
0.936608
0.932046
0.927279
0.922312
0.917148
0.911789
0.906241
0.900507
0.894591
0.888496
0.882228
0.87579
0.869186
0.862422
0.855502
0.84843
0.841211
0.83385
0.826352
0.818721
0.810962
0.803081
0.795083
0.786972
0.778753
0.770433
0.762015
0.753505
0.744908
0.73623
0.727475
0.718648
0.709756
0.700802
0.691792
0.682732
0.673626
0.664479
0.655296
0.646082
0.636842
0.627582
0.618305
0.609016
0.599721
0.590423
0.581127
0.571838
0.562561
0.553298
0.544056
0.534837
0.525646
0.516487
0.507363
0.498279
0.489239
0.480245
0.471301
0.462411
0.453578
0.444805
0.436095
0.427451
0.418877
0.410374
0.401946
0.393595
0.385323
0.377133
0.369026
0.361006
0.353074
0.345232
0.337482
0.329825
0.322264
0.314798
0.307431
0.300163
0.292995
0.285928
0.278964
0.272103
0.265346
0.258693
0.252146
0.245705
0.239369
0.23314
0.227018
0.221002
0.215094
0.209292
0.203597
0.198008
0.192526
0.18715
0.18188
0.176715
0.171655
0.166699
0.161847
0.157097
0.15245
0.147904
0.143458
0.139112
0.134865
0.130716
0.126663
0.122706
0.118844
0.115075
0.111399
0.107813
0.104318
0.100911
0.0975915
0.0943582
0.0912099
0.088145
0.0851624
0.0822605
0.0794382
0.076694
0.0740265
0.0714343
0.0689161
0.0664704
0.0640959
0.0617911
0.0595546
0.0573851
0.0552811
0.0532412
0.0512641
0.0493484
0.0474927
0.0456955
0.0439557
0.0422718
0.0406425
0.0390664
0.0375423
0.0360688
0.0346447
0.0332687
0.0319396
0.0306561
0.029417
0.028221
0.0270671
0.025954
0.0248807
0.0238459
0.0228485
0.0218875
0.0209618
0.0200704
0.0192122
0.0183862
0.0175914
0.0168269
0.0160916
0.0153848
0.0147054
0.0140525
0.0134254
0.0128231
0.0122449
0.0116898
0.0111572
0.0106463
0.0101563
0.00968648
0.00923614
0.00880458
0.00839114
0.00799516
0.00761601
0.00725307
0.00690574
0.00657343
0.00625559
0.00595166
0.00566112
0.00538345
0.00511814
0.00486473
0.00462273
0.0043917
0.00417119
0.00396079
0.00376009
0.00356868
0.00338619
0.00321225
0.0030465
0.0028886
0.00273821
0.00259502
0.00245871
0.002329
0.00220559
0.00208821
0.0019766
0.00187049
0.00176965
0.00167383
0.00158282
0.00149639
0.00141433
0.00133645
0.00126255
0.00119244
0.00112596
0.00106291
0.00100316
0.00094653
0.000892881
0.000842067
0.000793951
0.000748402
0.000705293
0.000664506
0.000625924
0.000589438
0.000554944
0.000522341
0.000491533
0.00046243
0.000434943
0.00040899
0.000384492
0.000361374
0.000339562
0.977968
0.97773
0.977252
0.976537
0.975584
0.974394
0.972967
0.971306
0.969411
0.967283
0.964924
0.962336
0.959521
0.956481
0.953217
0.949733
0.94603
0.942112
0.937981
0.93364
0.929092
0.924341
0.91939
0.914241
0.9089
0.90337
0.897653
0.891756
0.885681
0.879432
0.873014
0.866432
0.859689
0.852791
0.845742
0.838546
0.831208
0.823733
0.816126
0.808393
0.800537
0.792563
0.784478
0.776286
0.767991
0.7596
0.751117
0.742547
0.733897
0.725169
0.716371
0.707507
0.698581
0.6896
0.680569
0.671491
0.662373
0.653219
0.644035
0.634824
0.625593
0.616345
0.607086
0.59782
0.588552
0.579286
0.570026
0.560778
0.551545
0.542332
0.533142
0.52398
0.51485
0.505756
0.4967
0.487688
0.478723
0.469808
0.460946
0.452141
0.443395
0.434713
0.426097
0.41755
0.409074
0.400672
0.392347
0.384102
0.375937
0.367857
0.359862
0.351956
0.344138
0.336413
0.32878
0.321242
0.313801
0.306457
0.299212
0.292066
0.285022
0.27808
0.271241
0.264505
0.257874
0.251347
0.244926
0.238611
0.232401
0.226298
0.220302
0.214412
0.208629
0.202952
0.197381
0.191916
0.186557
0.181304
0.176155
0.171111
0.166171
0.161334
0.156599
0.151967
0.147435
0.143004
0.138672
0.134438
0.130302
0.126262
0.122317
0.118467
0.11471
0.111046
0.107471
0.103987
0.100591
0.0972822
0.0940592
0.0909208
0.0878657
0.0848925
0.0819999
0.0791865
0.0764509
0.0737919
0.0712079
0.0686977
0.0662598
0.0638928
0.0615953
0.0593659
0.0572032
0.0551059
0.0530725
0.0511017
0.049192
0.0473422
0.0455507
0.0438164
0.0421378
0.0405137
0.0389426
0.0374233
0.0359545
0.0345349
0.0331633
0.0318384
0.0305589
0.0293237
0.0281316
0.0269813
0.0258718
0.0248018
0.0237703
0.0227761
0.0218182
0.0208954
0.0200068
0.0191513
0.0183279
0.0175357
0.0167736
0.0160406
0.015336
0.0146588
0.014008
0.0133828
0.0127825
0.0122061
0.0116528
0.0111219
0.0106126
0.0101241
0.00965579
0.00920687
0.00877668
0.00836455
0.00796983
0.00759188
0.00723009
0.00688385
0.0065526
0.00623577
0.0059328
0.00564318
0.00536639
0.00510193
0.00484931
0.00460808
0.00437778
0.00415798
0.00394824
0.00374817
0.00355737
0.00337546
0.00320207
0.00303685
0.00287944
0.00272953
0.00258679
0.00245092
0.00232162
0.0021986
0.00208159
0.00197033
0.00186456
0.00176404
0.00166853
0.0015778
0.00149165
0.00140985
0.00133222
0.00125855
0.00118867
0.00112239
0.00105955
0.000999979
0.000943531
0.000890052
0.000839399
0.000791435
0.00074603
0.000703058
0.0006624
0.00062394
0.000587571
0.000553186
0.000520686
0.000489976
0.000460964
0.000433565
0.000407694
0.000383274
0.000360229
0.000338486
0.974632
0.974394
0.973918
0.973205
0.972255
0.971069
0.969647
0.967992
0.966103
0.963983
0.961632
0.959053
0.956247
0.953217
0.949965
0.946492
0.942802
0.938897
0.93478
0.930454
0.925922
0.921187
0.916252
0.911122
0.905799
0.900287
0.894591
0.888713
0.882659
0.876431
0.870036
0.863476
0.856756
0.849881
0.842856
0.835684
0.828372
0.820922
0.813342
0.805634
0.797805
0.789859
0.781801
0.773637
0.765371
0.757008
0.748554
0.740014
0.731392
0.722695
0.713927
0.705093
0.696198
0.687247
0.678246
0.6692
0.660113
0.65099
0.641837
0.632658
0.623458
0.614242
0.605015
0.59578
0.586544
0.577309
0.568081
0.558865
0.549663
0.540481
0.531323
0.522192
0.513093
0.50403
0.495006
0.486024
0.477089
0.468205
0.459373
0.450598
0.441882
0.43323
0.424643
0.416125
0.407678
0.399305
0.391009
0.382791
0.374655
0.366602
0.358634
0.350755
0.342964
0.335265
0.327658
0.320146
0.31273
0.305411
0.298191
0.29107
0.28405
0.277131
0.270315
0.263603
0.256994
0.250489
0.24409
0.237796
0.231608
0.225526
0.21955
0.21368
0.207917
0.202259
0.196707
0.191261
0.185921
0.180685
0.175554
0.170527
0.165604
0.160783
0.156065
0.151448
0.146932
0.142516
0.138198
0.133979
0.129857
0.125831
0.1219
0.118063
0.114319
0.110667
0.107105
0.103632
0.100248
0.0969503
0.0937383
0.0906106
0.0875659
0.0846028
0.0817201
0.0789163
0.0761901
0.0735401
0.070965
0.0684633
0.0660337
0.0636747
0.0613851
0.0591633
0.057008
0.0549179
0.0528914
0.0509273
0.0490242
0.0471806
0.0453953
0.0436669
0.0419941
0.0403754
0.0388097
0.0372956
0.0358318
0.0344171
0.0330502
0.0317298
0.0304547
0.0292237
0.0280356
0.0268893
0.0257835
0.0247172
0.0236892
0.0226984
0.0217437
0.0208241
0.0199386
0.019086
0.0182654
0.0174758
0.0167163
0.0159859
0.0152837
0.0146087
0.0139602
0.0133372
0.0127389
0.0121644
0.011613
0.0110839
0.0105764
0.0100896
0.00962284
0.00917546
0.00874674
0.00833601
0.00794263
0.00756597
0.00720542
0.00686037
0.00653024
0.00621449
0.00591256
0.00562393
0.00534808
0.00508452
0.00483277
0.00459236
0.00436284
0.00414379
0.00393477
0.00373538
0.00354523
0.00336394
0.00319115
0.00302648
0.00286962
0.00272022
0.00257797
0.00244256
0.0023137
0.0021911
0.00207449
0.00196361
0.0018582
0.00175802
0.00166284
0.00157242
0.00148656
0.00140504
0.00132767
0.00125426
0.00118461
0.00111856
0.00105593
0.000996567
0.000940312
0.000887015
0.000836535
0.000788735
0.000743485
0.000700659
0.00066014
0.000621812
0.000585566
0.000551298
0.000518909
0.000488304
0.000459391
0.000432085
0.000406303
0.000381966
0.000358999
0.000337331
0.971069
0.970832
0.970358
0.969647
0.968701
0.967519
0.966103
0.964453
0.962571
0.960459
0.958117
0.955547
0.952752
0.949733
0.946492
0.943032
0.939356
0.935465
0.931363
0.927053
0.922537
0.91782
0.912903
0.907791
0.902488
0.896996
0.89132
0.885464
0.879432
0.873228
0.866855
0.860319
0.853624
0.846775
0.839775
0.83263
0.825344
0.817922
0.810369
0.802689
0.794889
0.786972
0.778943
0.770809
0.762573
0.754241
0.745818
0.737309
0.728719
0.720053
0.711317
0.702515
0.693653
0.684735
0.675767
0.666754
0.6577
0.648611
0.639491
0.630346
0.621179
0.611997
0.602803
0.593602
0.5844
0.575199
0.566005
0.556822
0.547654
0.538506
0.529381
0.520284
0.511218
0.502187
0.493196
0.484248
0.475345
0.466493
0.457694
0.448951
0.440267
0.431646
0.423091
0.414604
0.406188
0.397845
0.389579
0.381392
0.373285
0.365262
0.357323
0.349472
0.34171
0.334039
0.326461
0.318976
0.311587
0.304295
0.297101
0.290006
0.283011
0.276118
0.269327
0.262639
0.256054
0.249574
0.243198
0.236927
0.230762
0.224702
0.218748
0.212899
0.207157
0.20152
0.195988
0.190562
0.185241
0.180025
0.174913
0.169904
0.164999
0.160196
0.155494
0.150895
0.146395
0.141995
0.137693
0.133489
0.129382
0.125371
0.121455
0.117632
0.113901
0.110262
0.106713
0.103253
0.0998814
0.0965959
0.0933956
0.0902794
0.0872458
0.0842936
0.0814214
0.0786278
0.0759116
0.0732713
0.0707056
0.068213
0.0657923
0.063442
0.0611607
0.058947
0.0567997
0.0547171
0.0526981
0.0507411
0.048845
0.0470082
0.0452294
0.0435073
0.0418406
0.0402278
0.0386679
0.0371593
0.0357009
0.0342913
0.0329293
0.0316138
0.0303433
0.0291169
0.0279331
0.026791
0.0256893
0.0246268
0.0236026
0.0226154
0.0216642
0.020748
0.0198657
0.0190162
0.0181986
0.017412
0.0166552
0.0159275
0.0152278
0.0145553
0.0139092
0.0132884
0.0126923
0.0121199
0.0115706
0.0110434
0.0105377
0.0100527
0.00958767
0.00914192
0.00871476
0.00830554
0.0079136
0.00753832
0.00717908
0.00683529
0.00650637
0.00619177
0.00589095
0.00560337
0.00532853
0.00506593
0.0048151
0.00457557
0.0043469
0.00412864
0.00392039
0.00372173
0.00353228
0.00335165
0.00317948
0.00301542
0.00285913
0.00271027
0.00256854
0.00243363
0.00230524
0.00218309
0.00206691
0.00195643
0.00185141
0.00175159
0.00165676
0.00156667
0.00148112
0.00139991
0.00132282
0.00124967
0.00118028
0.00111447
0.00105207
0.000992924
0.000936874
0.000883772
0.000833477
0.000785852
0.000740767
0.000698098
0.000657727
0.000619539
0.000583425
0.000549283
0.000517012
0.000486519
0.000457712
0.000430506
0.000404818
0.00038057
0.000357687
0.000336098
0.967283
0.967047
0.966575
0.965867
0.964924
0.963747
0.962336
0.960693
0.958819
0.956714
0.954381
0.951822
0.949037
0.94603
0.942802
0.939356
0.935694
0.931818
0.927732
0.923439
0.918941
0.914241
0.909344
0.904252
0.898969
0.893499
0.887846
0.882012
0.876003
0.869823
0.863476
0.856965
0.850296
0.843473
0.836501
0.829383
0.822126
0.814733
0.807209
0.79956
0.79179
0.783904
0.775907
0.767804
0.7596
0.7513
0.74291
0.734434
0.725878
0.717246
0.708544
0.699776
0.690949
0.682066
0.673133
0.664154
0.655136
0.646082
0.636998
0.627888
0.618758
0.609611
0.600453
0.591288
0.582121
0.572956
0.563798
0.554651
0.545519
0.536406
0.527317
0.518255
0.509225
0.50023
0.491273
0.48236
0.473492
0.464674
0.455909
0.4472
0.438551
0.429963
0.421441
0.412987
0.404604
0.396294
0.38806
0.379905
0.37183
0.363838
0.35593
0.34811
0.340378
0.332737
0.325188
0.317733
0.310372
0.303108
0.295942
0.288875
0.281908
0.275042
0.268277
0.261615
0.255056
0.248601
0.24225
0.236003
0.229862
0.223826
0.217895
0.212069
0.206349
0.200734
0.195224
0.189819
0.184519
0.179323
0.174231
0.169242
0.164355
0.159571
0.154888
0.150306
0.145824
0.141441
0.137156
0.132969
0.128878
0.124882
0.120981
0.117173
0.113457
0.109832
0.106297
0.102851
0.099492
0.0962193
0.0930315
0.0899274
0.0869057
0.0839649
0.0811039
0.0783213
0.0756156
0.0729856
0.0704299
0.0679471
0.0655358
0.0631946
0.0609223
0.0587172
0.0565782
0.0545038
0.0524926
0.0505433
0.0486545
0.0468249
0.0450531
0.0433377
0.0416774
0.040071
0.0385171
0.0370144
0.0355617
0.0341576
0.032801
0.0314905
0.030225
0.0290033
0.0278242
0.0266865
0.0255891
0.0245308
0.0235106
0.0225272
0.0215798
0.0206671
0.0197882
0.0189421
0.0181277
0.0173441
0.0165903
0.0158654
0.0151685
0.0144986
0.0138549
0.0132366
0.0126428
0.0120727
0.0115255
0.0110004
0.0104966
0.0100135
0.00955029
0.00910628
0.00868079
0.00827316
0.00788275
0.00750893
0.00715109
0.00680864
0.00648101
0.00616763
0.00586798
0.00558152
0.00530775
0.00504618
0.00479633
0.00455773
0.00432995
0.00411254
0.0039051
0.00370722
0.0035185
0.00333858
0.00316708
0.00300366
0.00284798
0.00269971
0.00255853
0.00242414
0.00229625
0.00217458
0.00205885
0.0019488
0.00184419
0.00174477
0.0016503
0.00156056
0.00147535
0.00139445
0.00131766
0.0012448
0.00117568
0.00111012
0.00104797
0.000989053
0.000933222
0.000880327
0.000830227
0.000782788
0.000737879
0.000695377
0.000655162
0.000617123
0.000581151
0.000547141
0.000514997
0.000484622
0.000455928
0.000428828
0.00040324
0.000379086
0.000356293
0.000334788
0.963277
0.963042
0.962571
0.961867
0.960928
0.959756
0.958351
0.956714
0.954848
0.952752
0.950429
0.94788
0.945107
0.942112
0.938897
0.935465
0.931818
0.927959
0.92389
0.919614
0.915135
0.910455
0.905578
0.900507
0.895246
0.889798
0.884168
0.878359
0.872375
0.866221
0.859899
0.853416
0.846775
0.83998
0.833036
0.825948
0.818721
0.811358
0.803866
0.796248
0.78851
0.780657
0.772693
0.764624
0.756454
0.748189
0.739833
0.731392
0.722871
0.714275
0.705609
0.696878
0.688087
0.679241
0.670345
0.661404
0.652422
0.643406
0.63436
0.625288
0.616195
0.607086
0.597966
0.588839
0.57971
0.570583
0.561463
0.552354
0.543259
0.534184
0.525133
0.516109
0.507116
0.498158
0.489239
0.480362
0.471531
0.46275
0.454021
0.445348
0.436734
0.428183
0.419696
0.411277
0.402928
0.394653
0.386453
0.378331
0.37029
0.362331
0.354456
0.346668
0.338968
0.331359
0.323841
0.316417
0.309087
0.301853
0.294717
0.287679
0.28074
0.273903
0.267166
0.260531
0.254
0.247571
0.241247
0.235026
0.22891
0.222899
0.216992
0.211191
0.205494
0.199903
0.194416
0.189033
0.183755
0.17858
0.173509
0.168541
0.163675
0.15891
0.154247
0.149684
0.14522
0.140855
0.136588
0.132418
0.128344
0.124365
0.12048
0.116688
0.112987
0.109377
0.105857
0.102425
0.0990799
0.0958208
0.0926462
0.089555
0.0865457
0.0836172
0.080768
0.0779969
0.0753024
0.0726833
0.0701382
0.0676657
0.0652644
0.0629329
0.0606699
0.058474
0.0563439
0.0542781
0.0522752
0.050334
0.048453
0.046631
0.0448665
0.0431582
0.0415048
0.039905
0.0383576
0.0368611
0.0354144
0.0340161
0.0326651
0.0313601
0.0300999
0.0288832
0.027709
0.026576
0.0254831
0.0244292
0.0234132
0.0224339
0.0214904
0.0205815
0.0197063
0.0188636
0.0180526
0.0172722
0.0165216
0.0157997
0.0151056
0.0144385
0.0137976
0.0131818
0.0125904
0.0120227
0.0114777
0.0109548
0.0104531
0.00997203
0.00951073
0.00906856
0.00864483
0.00823889
0.0078501
0.00747783
0.00712147
0.00678044
0.00645416
0.00614209
0.00584368
0.00555841
0.00528577
0.00502528
0.00477646
0.00453885
0.00431201
0.00409551
0.00388893
0.00369186
0.00350393
0.00332475
0.00315397
0.00299122
0.00283619
0.00268853
0.00254793
0.0024141
0.00228674
0.00216557
0.00205032
0.00194073
0.00183655
0.00173754
0.00164346
0.0015541
0.00146924
0.00138867
0.0013122
0.00123964
0.00117081
0.00110553
0.00104363
0.000984957
0.000929357
0.000876681
0.000826789
0.000779546
0.000734823
0.000692496
0.000652449
0.000614567
0.000578744
0.000544875
0.000512864
0.000482615
0.000454039
0.000427051
0.00040157
0.000377516
0.000354817
0.000333401
0.959053
0.958819
0.958351
0.957649
0.956714
0.955547
0.954148
0.952519
0.950661
0.948574
0.946261
0.943723
0.940962
0.937981
0.93478
0.931363
0.927732
0.92389
0.919839
0.915582
0.911122
0.906463
0.901607
0.896558
0.89132
0.885897
0.880291
0.874508
0.86855
0.862422
0.856129
0.849674
0.843062
0.836297
0.829383
0.822327
0.815131
0.807801
0.800341
0.792757
0.785053
0.777234
0.769305
0.761271
0.753137
0.744908
0.736589
0.728185
0.719702
0.711143
0.702515
0.693822
0.68507
0.676262
0.667405
0.658503
0.649562
0.640585
0.631578
0.622546
0.613493
0.604424
0.595344
0.586257
0.577168
0.568081
0.559001
0.549932
0.540877
0.531842
0.52283
0.513846
0.504892
0.495973
0.487093
0.478256
0.469464
0.460721
0.45203
0.443395
0.434819
0.426305
0.417855
0.409473
0.401162
0.392922
0.384759
0.376672
0.368666
0.360742
0.352902
0.345148
0.337482
0.329906
0.322421
0.315029
0.307731
0.300529
0.293424
0.286417
0.279509
0.272702
0.265994
0.259389
0.252886
0.246486
0.240189
0.233995
0.227906
0.221921
0.216041
0.210265
0.204593
0.199026
0.193563
0.188204
0.182949
0.177797
0.172748
0.167802
0.162957
0.158213
0.15357
0.149027
0.144583
0.140238
0.135989
0.131838
0.127781
0.12382
0.119952
0.116176
0.112492
0.108898
0.105393
0.101976
0.0986455
0.0954006
0.09224
0.0891623
0.0861662
0.0832505
0.0804139
0.0776549
0.0749723
0.0723646
0.0698307
0.067369
0.0649782
0.062657
0.0604039
0.0582176
0.0560968
0.0540401
0.052046
0.0501133
0.0482406
0.0464265
0.0446697
0.0429689
0.0413228
0.0397301
0.0381894
0.0366995
0.0352591
0.033867
0.0325219
0.0312226
0.0299679
0.0287566
0.0275875
0.0264595
0.0253714
0.0243221
0.0233105
0.0223356
0.0213962
0.0204913
0.0196199
0.0187809
0.0179734
0.0171965
0.0164491
0.0157304
0.0150394
0.0143752
0.0137371
0.013124
0.0125352
0.01197
0.0114274
0.0109068
0.0104073
0.0099283
0.00946903
0.00902879
0.00860693
0.00820277
0.00781568
0.00744504
0.00709024
0.00675071
0.00642586
0.00611516
0.00581805
0.00553403
0.00526259
0.00500325
0.00475552
0.00451895
0.00429311
0.00407755
0.00387188
0.00367568
0.00348857
0.00331017
0.00314014
0.00297811
0.00282375
0.00267674
0.00253676
0.00240352
0.00227671
0.00215608
0.00204133
0.00193222
0.0018285
0.00172992
0.00163626
0.00154729
0.0014628
0.00138258
0.00130645
0.00123421
0.00116567
0.00110068
0.00103905
0.000980638
0.000925281
0.000872837
0.000823163
0.000776127
0.000731601
0.00068946
0.000649588
0.000611872
0.000576206
0.000542486
0.000510615
0.000480499
0.000452048
0.000425179
0.000399809
0.000375861
0.000353261
0.000331939
0.954614
0.954381
0.953916
0.953217
0.952287
0.951125
0.949733
0.948111
0.946261
0.944184
0.941882
0.939356
0.936608
0.93364
0.930454
0.927053
0.923439
0.919614
0.915582
0.911344
0.906905
0.902268
0.897434
0.892409
0.887195
0.881797
0.876217
0.87046
0.86453
0.858431
0.852167
0.845742
0.83916
0.832426
0.825545
0.818521
0.811358
0.804062
0.796637
0.789088
0.78142
0.773637
0.765744
0.757748
0.749651
0.741461
0.73318
0.724815
0.716371
0.707852
0.699264
0.690611
0.681899
0.673133
0.664317
0.655456
0.646556
0.63762
0.628655
0.619665
0.610654
0.601627
0.592589
0.583544
0.574497
0.565452
0.556414
0.547387
0.538374
0.529381
0.520411
0.511468
0.502555
0.493678
0.484839
0.476042
0.467291
0.458588
0.449938
0.441343
0.432807
0.424332
0.415922
0.407578
0.399305
0.391104
0.382978
0.374929
0.36696
0.359073
0.351269
0.343551
0.33592
0.328379
0.320929
0.313571
0.306307
0.299139
0.292066
0.285092
0.278216
0.271439
0.264763
0.258189
0.251716
0.245345
0.239077
0.232913
0.226852
0.220894
0.215041
0.209292
0.203647
0.198105
0.192667
0.187333
0.182102
0.176974
0.171949
0.167025
0.162203
0.157481
0.15286
0.148338
0.143914
0.139589
0.13536
0.131228
0.12719
0.123247
0.119397
0.115638
0.111971
0.108394
0.104905
0.101504
0.0981889
0.0949591
0.0918131
0.0887496
0.0857674
0.0828652
0.0800417
0.0772955
0.0746253
0.0720297
0.0695075
0.0670572
0.0646775
0.062367
0.0601244
0.0579482
0.0558372
0.05379
0.0518051
0.0498814
0.0480173
0.0462116
0.044463
0.0427701
0.0411316
0.0395462
0.0380126
0.0365296
0.0350959
0.0337102
0.0323714
0.0310781
0.0298292
0.0286235
0.0274598
0.026337
0.025254
0.0242095
0.0232027
0.0222322
0.0212971
0.0203964
0.0195291
0.018694
0.0178903
0.0171169
0.016373
0.0156576
0.0149698
0.0143087
0.0136735
0.0130633
0.0124772
0.0119146
0.0113745
0.0108563
0.0103591
0.00988236
0.00942521
0.00898701
0.00856709
0.00816481
0.00777951
0.00741058
0.00705743
0.00671947
0.00639612
0.00608686
0.00579113
0.00550842
0.00523824
0.00498009
0.00473351
0.00449804
0.00427324
0.00405868
0.00385396
0.00365867
0.00347242
0.00329486
0.0031256
0.00296432
0.00281068
0.00266435
0.00252502
0.00239239
0.00226618
0.0021461
0.00203188
0.00192328
0.00182004
0.00172191
0.00162868
0.00154013
0.00145603
0.00137619
0.0013004
0.0012285
0.00116028
0.00109558
0.00103424
0.0009761
0.000920999
0.000868797
0.000819354
0.000772536
0.000728215
0.000686269
0.000646582
0.000609041
0.000573539
0.000539975
0.000508252
0.000478275
0.000449956
0.000423211
0.000397959
0.000374121
0.000351626
0.000330403
0.949965
0.949733
0.949269
0.948574
0.947648
0.946492
0.945107
0.943493
0.941652
0.939585
0.937294
0.93478
0.932046
0.929092
0.925922
0.922537
0.918941
0.915135
0.911122
0.906905
0.902488
0.897873
0.893063
0.888062
0.882874
0.877502
0.871949
0.866221
0.860319
0.85425
0.848016
0.841622
0.835072
0.828372
0.821524
0.814534
0.807406
0.800146
0.792757
0.785244
0.777613
0.769868
0.762015
0.754057
0.746
0.737849
0.729609
0.721285
0.712882
0.704404
0.695858
0.687247
0.678578
0.669854
0.661081
0.652263
0.643406
0.634515
0.625593
0.616646
0.607679
0.598696
0.589702
0.580702
0.571699
0.562698
0.553704
0.54472
0.535752
0.526802
0.517876
0.508976
0.500108
0.491273
0.482478
0.473724
0.465015
0.456355
0.447747
0.439194
0.430699
0.422265
0.413896
0.405593
0.39736
0.389199
0.381113
0.373103
0.365173
0.357323
0.349558
0.341877
0.334284
0.32678
0.319366
0.312044
0.304815
0.297682
0.290644
0.283703
0.276861
0.270117
0.263474
0.256931
0.250489
0.24415
0.237913
0.231778
0.225747
0.219818
0.213994
0.208272
0.202655
0.19714
0.191729
0.186421
0.181215
0.176112
0.171111
0.166211
0.161413
0.156714
0.152115
0.147615
0.143213
0.138909
0.134701
0.130588
0.126571
0.122646
0.118815
0.115075
0.111426
0.107866
0.104394
0.101009
0.0977107
0.0944966
0.0913659
0.0883173
0.0853497
0.0824616
0.0796518
0.076919
0.0742618
0.0716789
0.0691689
0.0667306
0.0643624
0.0620632
0.0598315
0.057666
0.0555652
0.053528
0.0515528
0.0496384
0.0477834
0.0459865
0.0442464
0.0425617
0.0409312
0.0393536
0.0378275
0.0363517
0.034925
0.033546
0.0322137
0.0309267
0.0296839
0.0284841
0.0273261
0.0262087
0.025131
0.0240916
0.0230896
0.0221239
0.0211934
0.0202971
0.0194339
0.0186029
0.0178031
0.0170335
0.0162932
0.0155813
0.0148969
0.014239
0.0136069
0.0129996
0.0124165
0.0118565
0.0113191
0.0108034
0.0103087
0.00983422
0.0093793
0.00894323
0.00852536
0.00812504
0.00774161
0.00737449
0.00702305
0.00668674
0.00636497
0.00605721
0.00576292
0.00548159
0.00521272
0.00495583
0.00471045
0.00447613
0.00425242
0.00403891
0.00383519
0.00364084
0.00345551
0.00327881
0.00311038
0.00294989
0.00279699
0.00265137
0.00251272
0.00238074
0.00225514
0.00213564
0.00202199
0.00191391
0.00181117
0.00171353
0.00162075
0.00153262
0.00144894
0.00136948
0.00129407
0.00122251
0.00115463
0.00109025
0.00102921
0.000971345
0.000916513
0.000864565
0.000815363
0.000768773
0.000724668
0.000682926
0.000643432
0.000606074
0.000570746
0.000537345
0.000505776
0.000475945
0.000447765
0.00042115
0.00039602
0.000372299
0.000349913
0.000328794
0.945107
0.944876
0.944415
0.943723
0.942802
0.941652
0.940274
0.938668
0.936836
0.93478
0.932501
0.93
0.927279
0.924341
0.921187
0.91782
0.914241
0.910455
0.906463
0.902268
0.897873
0.893281
0.888496
0.883521
0.878359
0.873014
0.86749
0.861791
0.85592
0.849881
0.843679
0.837318
0.830802
0.824135
0.817323
0.810369
0.803277
0.796054
0.788703
0.781229
0.773637
0.765931
0.758118
0.750201
0.742185
0.734076
0.725878
0.717596
0.709236
0.700802
0.692299
0.683733
0.675108
0.666428
0.6577
0.648928
0.640116
0.63127
0.622394
0.613493
0.604572
0.595635
0.586687
0.577732
0.568775
0.55982
0.550872
0.541935
0.533012
0.524108
0.515227
0.506373
0.49755
0.488761
0.48001
0.471301
0.462637
0.454021
0.445457
0.436948
0.428496
0.420106
0.411779
0.403519
0.395328
0.387209
0.379164
0.371195
0.363305
0.355496
0.34777
0.340129
0.332575
0.325109
0.317733
0.310448
0.303257
0.296159
0.289158
0.282252
0.275445
0.268736
0.262126
0.255617
0.249209
0.242901
0.236696
0.230593
0.224592
0.218694
0.212899
0.207207
0.201618
0.196132
0.190749
0.185468
0.180289
0.175212
0.170236
0.165361
0.160587
0.155913
0.151337
0.14686
0.142481
0.138198
0.134012
0.129921
0.125923
0.122019
0.118207
0.114487
0.110856
0.107314
0.10386
0.100493
0.097211
0.0940133
0.0908986
0.0878657
0.0849132
0.0820399
0.0792445
0.0765256
0.073882
0.0713123
0.0688152
0.0663893
0.0640333
0.0617458
0.0595255
0.0573711
0.0552811
0.0532542
0.0512892
0.0493845
0.0475391
0.0457514
0.0440201
0.0423441
0.0407219
0.0391523
0.037634
0.0361658
0.0347464
0.0333745
0.032049
0.0307686
0.0295321
0.0283384
0.0271863
0.0260747
0.0250024
0.0239684
0.0229716
0.0220108
0.021085
0.0201933
0.0193345
0.0185078
0.0177121
0.0169464
0.0162099
0.0155016
0.0148207
0.0141662
0.0135373
0.0129332
0.012353
0.0117959
0.0112612
0.0107482
0.010256
0.00978393
0.00933133
0.0088975
0.00848177
0.00808349
0.00770203
0.00733677
0.00698714
0.00665254
0.00633242
0.00602623
0.00573345
0.00545356
0.00518607
0.00493049
0.00468636
0.00445324
0.00423068
0.00401826
0.00381557
0.00362223
0.00343784
0.00326204
0.00309447
0.0029348
0.00278269
0.00263781
0.00249987
0.00236856
0.00224361
0.00212472
0.00201165
0.00190412
0.00180191
0.00170476
0.00161246
0.00152479
0.00144153
0.00136248
0.00128745
0.00121626
0.00114872
0.00108467
0.00102394
0.000966378
0.000911826
0.000860144
0.000811193
0.000764841
0.000720962
0.000679434
0.000640142
0.000602975
0.000567827
0.000534597
0.00050319
0.000473511
0.000445475
0.000418996
0.000393995
0.000370395
0.000348124
0.000327112
0.940044
0.939815
0.939356
0.938668
0.937752
0.936608
0.935237
0.93364
0.931818
0.929773
0.927506
0.925018
0.922312
0.91939
0.916252
0.912903
0.909344
0.905578
0.901607
0.897434
0.893063
0.888496
0.883737
0.878788
0.873654
0.868338
0.862843
0.857174
0.851335
0.845329
0.83916
0.832833
0.826352
0.819721
0.812945
0.806028
0.798974
0.79179
0.784478
0.777044
0.769493
0.761829
0.754057
0.746182
0.738209
0.730144
0.72199
0.713752
0.705437
0.697048
0.688591
0.68007
0.671491
0.662858
0.654177
0.645452
0.636687
0.627888
0.61906
0.610207
0.601333
0.592444
0.583544
0.574637
0.565728
0.556822
0.547921
0.539032
0.530157
0.521301
0.512467
0.503661
0.494885
0.486143
0.477439
0.468776
0.460159
0.451589
0.443071
0.434607
0.426201
0.417855
0.409573
0.401357
0.39321
0.385135
0.377133
0.369207
0.361359
0.353592
0.345907
0.338307
0.330793
0.323367
0.316031
0.308785
0.301632
0.294573
0.287609
0.28074
0.273969
0.267296
0.260722
0.254248
0.247874
0.2416
0.235428
0.229358
0.223389
0.217523
0.211759
0.206097
0.200538
0.195081
0.189727
0.184474
0.179323
0.174273
0.169324
0.164476
0.159727
0.155077
0.150527
0.146074
0.141718
0.137458
0.133294
0.129225
0.125249
0.121366
0.117574
0.113873
0.110262
0.106739
0.103304
0.0999546
0.0966903
0.0935097
0.0904117
0.087395
0.0844584
0.0816005
0.07882
0.0761157
0.0734863
0.0709303
0.0684466
0.0660337
0.0636903
0.0614151
0.0592067
0.0570637
0.0549849
0.052969
0.0510144
0.04912
0.0472844
0.0455063
0.0437843
0.0421173
0.0405038
0.0389426
0.0374325
0.0359721
0.0345602
0.0331957
0.0318773
0.0306037
0.0293739
0.0281866
0.0270407
0.025935
0.0248685
0.02384
0.0228485
0.0218929
0.0209721
0.0200851
0.019231
0.0184087
0.0176172
0.0168557
0.0161231
0.0154186
0.0147413
0.0140903
0.0134648
0.0128639
0.0122868
0.0117327
0.0112009
0.0106906
0.010201
0.00973152
0.00928135
0.00884984
0.00843633
0.00804018
0.00766077
0.00729747
0.00694971
0.00661691
0.0062985
0.00599395
0.00570274
0.00542435
0.00515829
0.00490408
0.00466126
0.00442938
0.00420802
0.00399673
0.00379513
0.00360282
0.00341942
0.00324457
0.0030779
0.00291908
0.00276778
0.00262368
0.00248648
0.00235588
0.00223159
0.00211334
0.00200087
0.00189392
0.00179226
0.00169563
0.00160383
0.00151662
0.0014338
0.00135518
0.00128056
0.00120974
0.00114257
0.00107886
0.00101846
0.000961201
0.000906942
0.000855537
0.000806848
0.000760744
0.0007171
0.000675794
0.000636713
0.000599745
0.000564785
0.000531734
0.000500494
0.000470975
0.000443089
0.000416752
0.000391884
0.000368411
0.000346259
0.00032536
0.93478
0.934552
0.934096
0.933412
0.932501
0.931363
0.93
0.928412
0.9266
0.924567
0.922312
0.919839
0.917148
0.914241
0.911122
0.907791
0.904252
0.900507
0.896558
0.892409
0.888062
0.883521
0.878788
0.873867
0.868762
0.863476
0.858012
0.852375
0.846568
0.840595
0.834461
0.828169
0.821725
0.815131
0.808393
0.801514
0.794501
0.787356
0.780085
0.772693
0.765184
0.757563
0.749834
0.742004
0.734076
0.726055
0.717947
0.709756
0.701487
0.693145
0.684735
0.676262
0.667731
0.659147
0.650514
0.641837
0.633122
0.624372
0.615593
0.60679
0.597966
0.589127
0.580277
0.57142
0.562561
0.553704
0.544853
0.536013
0.527188
0.518382
0.509598
0.500841
0.492114
0.483421
0.474766
0.466151
0.457582
0.44906
0.44059
0.432173
0.423814
0.415516
0.40728
0.39911
0.391009
0.382978
0.375021
0.367139
0.359336
0.351612
0.34397
0.336413
0.328941
0.321556
0.314261
0.307056
0.299943
0.292923
0.285998
0.279168
0.272435
0.2658
0.259262
0.252824
0.246486
0.240247
0.23411
0.228073
0.222138
0.216305
0.210573
0.204943
0.199415
0.193989
0.188664
0.183441
0.178319
0.173297
0.168376
0.163555
0.158833
0.154209
0.149684
0.145256
0.140924
0.136688
0.132548
0.128501
0.124547
0.120686
0.116916
0.113236
0.109645
0.106142
0.102725
0.0993949
0.0961488
0.0929861
0.0899055
0.0869057
0.0839854
0.0811435
0.0783787
0.0756895
0.0730748
0.0705332
0.0680633
0.0656639
0.0633337
0.0610712
0.0588751
0.0567442
0.0546771
0.0526724
0.0507288
0.048845
0.0470196
0.0452515
0.0435392
0.0418814
0.040277
0.0387245
0.0372228
0.0357707
0.0343667
0.0330098
0.0316988
0.0304324
0.0292094
0.0280288
0.0268893
0.0257898
0.0247293
0.0237065
0.0227206
0.0217703
0.0208547
0.0199727
0.0191233
0.0183056
0.0175186
0.0167613
0.0160328
0.0153323
0.0146588
0.0140114
0.0133894
0.0127918
0.012218
0.011667
0.0111382
0.0106307
0.0101439
0.00967703
0.00922938
0.00880028
0.00838909
0.00799516
0.00761787
0.00725661
0.0069108
0.00657985
0.00626323
0.00596039
0.0056708
0.00539397
0.0051294
0.00487662
0.00463516
0.00440458
0.00418445
0.00397435
0.00377388
0.00358265
0.00340028
0.0032264
0.00306066
0.00290273
0.00275228
0.00260899
0.00247256
0.00234269
0.00221909
0.00210151
0.00198967
0.00188332
0.00178222
0.00168614
0.00159484
0.00150813
0.00142578
0.00134759
0.00127338
0.00120297
0.00113617
0.00107282
0.00101276
0.000955819
0.000901864
0.000850746
0.00080233
0.000756484
0.000713084
0.00067201
0.000633148
0.000596387
0.000561623
0.000528756
0.000497692
0.000468338
0.000440608
0.000414418
0.00038969
0.000366348
0.00034432
0.000323538
0.929319
0.929092
0.928639
0.927959
0.927053
0.925922
0.924567
0.922988
0.921187
0.919165
0.916924
0.914465
0.911789
0.9089
0.905799
0.902488
0.898969
0.895246
0.89132
0.887195
0.882874
0.878359
0.873654
0.868762
0.863687
0.858431
0.852999
0.847395
0.841622
0.835684
0.829586
0.823331
0.816924
0.810369
0.80367
0.796832
0.789859
0.782756
0.775528
0.768179
0.760713
0.753137
0.745454
0.737669
0.729787
0.721813
0.713752
0.705609
0.697389
0.689095
0.680735
0.672311
0.66383
0.655296
0.646713
0.638088
0.629423
0.620725
0.611997
0.603245
0.594473
0.585685
0.576886
0.568081
0.559274
0.550469
0.54167
0.532882
0.524108
0.515353
0.506621
0.497915
0.489239
0.480597
0.471992
0.463428
0.454909
0.446437
0.438016
0.429649
0.421338
0.413088
0.404901
0.396778
0.388724
0.380741
0.37283
0.364994
0.357236
0.349558
0.341961
0.334447
0.327019
0.319678
0.312425
0.305262
0.298191
0.291212
0.284327
0.277537
0.270844
0.264247
0.257748
0.251347
0.245046
0.238844
0.232742
0.226741
0.22084
0.215041
0.209343
0.203746
0.19825
0.192856
0.187562
0.182369
0.177277
0.172285
0.167392
0.162599
0.157905
0.153308
0.148809
0.144407
0.140101
0.13589
0.131773
0.12775
0.12382
0.119981
0.116233
0.112574
0.109004
0.105522
0.102125
0.0988142
0.0955871
0.0924429
0.0893802
0.0863979
0.0834948
0.0806695
0.0779208
0.0752473
0.0726479
0.0701211
0.0676657
0.0652803
0.0629636
0.0607144
0.0585312
0.0564127
0.0543576
0.0523646
0.0504324
0.0485596
0.0467449
0.0449871
0.0432848
0.0416368
0.0400417
0.0384983
0.0370054
0.0355617
0.0341659
0.032817
0.0315136
0.0302546
0.0290388
0.027865
0.0267322
0.0256391
0.0245848
0.023568
0.0225878
0.0216431
0.0207328
0.019856
0.0190116
0.0181986
0.0174162
0.0166634
0.0159391
0.0152427
0.0145731
0.0139296
0.0133112
0.0127171
0.0121466
0.0115989
0.0110731
0.0105686
0.0100847
0.00962049
0.00917546
0.00874887
0.00834008
0.00794845
0.00757337
0.00721422
0.00687042
0.00654141
0.00622664
0.00592557
0.00563767
0.00536246
0.00509944
0.00484813
0.00460808
0.00437885
0.00416001
0.00395113
0.00375183
0.00356172
0.00338041
0.00320755
0.00304278
0.00288578
0.0027362
0.00259375
0.00245811
0.002329
0.00220613
0.00208923
0.00197804
0.00187232
0.00177181
0.00167629
0.00158553
0.00149932
0.00141745
0.00133972
0.00126595
0.00119594
0.00112953
0.00106655
0.00100684
0.000950235
0.000896595
0.000845776
0.000797642
0.000752065
0.000708918
0.000668084
0.000629449
0.000592902
0.000558342
0.000525667
0.000494784
0.000465602
0.000438033
0.000411997
0.000387413
0.000364208
0.000342309
0.000321648
0.923664
0.923439
0.922988
0.922312
0.921412
0.920288
0.918941
0.917372
0.915582
0.913572
0.911344
0.9089
0.906241
0.90337
0.900287
0.896996
0.893499
0.889798
0.885897
0.881797
0.877502
0.873014
0.868338
0.863476
0.858431
0.853208
0.847809
0.842239
0.836501
0.830599
0.824538
0.818321
0.811953
0.805438
0.798779
0.791983
0.785053
0.777993
0.770809
0.763504
0.756085
0.748554
0.740918
0.73318
0.725346
0.717421
0.709409
0.701316
0.693145
0.684902
0.676593
0.66822
0.659791
0.651308
0.642778
0.634205
0.625593
0.616948
0.608273
0.599574
0.590855
0.582121
0.573376
0.564625
0.555871
0.547119
0.538374
0.529639
0.520919
0.512217
0.503538
0.494885
0.486262
0.477672
0.46912
0.460608
0.452141
0.44372
0.43535
0.427034
0.418775
0.410575
0.402437
0.394364
0.386359
0.378424
0.370561
0.362773
0.355063
0.347431
0.33988
0.332412
0.325029
0.317733
0.310524
0.303405
0.296376
0.28944
0.282597
0.275849
0.269196
0.262639
0.256179
0.249818
0.243554
0.23739
0.231326
0.225361
0.219497
0.213733
0.208069
0.202506
0.197044
0.191682
0.186421
0.18126
0.176198
0.171237
0.166374
0.16161
0.156944
0.152375
0.147904
0.143528
0.139248
0.135063
0.130971
0.126973
0.123066
0.119251
0.115525
0.111889
0.108341
0.104879
0.101504
0.0982129
0.0950055
0.0918804
0.0888363
0.0858722
0.0829867
0.0801786
0.0774466
0.0747894
0.0722058
0.0696944
0.0672539
0.0648831
0.0625805
0.0603449
0.058175
0.0560694
0.0540269
0.052046
0.0501255
0.0482641
0.0464605
0.0447134
0.0430214
0.0413834
0.039798
0.038264
0.0367802
0.0353453
0.033958
0.0326173
0.0313218
0.0300705
0.0288621
0.0276955
0.0265695
0.0254831
0.0244352
0.0234246
0.0224504
0.0215114
0.0206067
0.0197351
0.0188959
0.0180879
0.0173102
0.016562
0.0158422
0.0151499
0.0144844
0.0138448
0.0132302
0.0126397
0.0120727
0.0115283
0.0110057
0.0105043
0.0100233
0.00956195
0.00911962
0.00869564
0.00828933
0.00790009
0.00752728
0.00717032
0.00682862
0.00650161
0.00618875
0.00588951
0.00560337
0.00532983
0.00506841
0.00481863
0.00458004
0.0043522
0.00413469
0.00392709
0.00372901
0.00354005
0.00335984
0.00318803
0.00302427
0.00286822
0.00271955
0.00257797
0.00244315
0.00231483
0.0021927
0.00207652
0.00196601
0.00186092
0.00176103
0.00166609
0.00157588
0.00149019
0.00140882
0.00133157
0.00125824
0.00118867
0.00112266
0.00106006
0.00100071
0.000944453
0.000891139
0.000840629
0.000792789
0.000747489
0.000704605
0.000664019
0.000625618
0.000589295
0.000554944
0.000522469
0.000491773
0.000462768
0.000435368
0.00040949
0.000385056
0.000361992
0.000340226
0.000319691
0.91782
0.917596
0.917148
0.916476
0.915582
0.914465
0.913126
0.911567
0.909788
0.907791
0.905578
0.903149
0.900507
0.897653
0.894591
0.89132
0.887846
0.884168
0.880291
0.876217
0.871949
0.86749
0.862843
0.858012
0.852999
0.847809
0.842444
0.836909
0.831208
0.825344
0.819321
0.813143
0.806815
0.800341
0.793725
0.786972
0.780085
0.77307
0.765931
0.758673
0.7513
0.743818
0.73623
0.728541
0.720757
0.712882
0.70492
0.696878
0.688759
0.680569
0.672311
0.663992
0.655616
0.647187
0.638711
0.630192
0.621635
0.613044
0.604424
0.59578
0.587117
0.578438
0.569748
0.561052
0.552354
0.543657
0.534967
0.526288
0.517623
0.508976
0.500352
0.491753
0.483185
0.47465
0.466151
0.457694
0.44928
0.440913
0.432596
0.424332
0.416125
0.407977
0.39989
0.391869
0.383914
0.376029
0.368216
0.360478
0.352816
0.345232
0.337729
0.330309
0.322973
0.315722
0.308559
0.301485
0.294501
0.287609
0.280809
0.274103
0.267492
0.260977
0.254558
0.248237
0.242013
0.235888
0.229862
0.223935
0.218108
0.21238
0.206752
0.201225
0.195797
0.190469
0.185241
0.180113
0.175083
0.170153
0.165321
0.160587
0.155951
0.151411
0.146968
0.14262
0.138367
0.134208
0.130143
0.126169
0.122288
0.118496
0.114794
0.111181
0.107655
0.104216
0.100862
0.0975915
0.0944043
0.091299
0.0882742
0.0853288
0.0824616
0.0796713
0.0769566
0.0743162
0.0717489
0.0692534
0.0668284
0.0644725
0.0621845
0.0599631
0.0578069
0.0557146
0.053685
0.0517167
0.0498083
0.0479587
0.0461665
0.0444304
0.0427492
0.0411215
0.0395462
0.0380219
0.0365475
0.0351216
0.0337432
0.0324109
0.0311236
0.0298802
0.0286794
0.0275202
0.0264014
0.0253219
0.0242806
0.0232764
0.0223083
0.0213753
0.0204763
0.0196103
0.0187763
0.0179734
0.0172007
0.0164572
0.0157419
0.0150541
0.0143928
0.0137572
0.0131464
0.0125597
0.0119963
0.0114553
0.0109361
0.0104378
0.00995986
0.00950145
0.00906192
0.00864061
0.00823688
0.0078501
0.00747965
0.00712495
0.00678541
0.00646047
0.00614959
0.00585224
0.00556791
0.0052961
0.00503633
0.00478814
0.00455106
0.00432467
0.00410853
0.00390224
0.00370541
0.00351765
0.00333858
0.00316786
0.00300513
0.00285007
0.00270235
0.00256165
0.0024277
0.00230018
0.00217883
0.00206338
0.00195357
0.00184915
0.00174988
0.00165554
0.00156591
0.00148076
0.00139991
0.00132314
0.00125028
0.00118114
0.00111556
0.00105336
0.00099438
0.000938477
0.0008855
0.00083531
0.000787772
0.000742759
0.000700146
0.000659817
0.00062166
0.000585566
0.000551433
0.000519163
0.000488662
0.00045984
0.000432613
0.000406899
0.00038262
0.000359701
0.000338073
0.000317668
0.911789
0.911567
0.911122
0.910455
0.909566
0.908456
0.907127
0.905578
0.903811
0.901827
0.899628
0.897215
0.894591
0.891756
0.888713
0.885464
0.882012
0.878359
0.874508
0.87046
0.866221
0.861791
0.857174
0.852375
0.847395
0.842239
0.836909
0.831411
0.825747
0.819921
0.813938
0.807801
0.801514
0.795083
0.78851
0.781801
0.77496
0.767991
0.760899
0.753689
0.746364
0.738931
0.731392
0.723754
0.716021
0.708198
0.700289
0.692299
0.684234
0.676097
0.667894
0.65963
0.651308
0.642935
0.634515
0.626051
0.61755
0.609016
0.600453
0.591866
0.583259
0.574637
0.566005
0.557366
0.548725
0.540085
0.531453
0.52283
0.514222
0.505632
0.497064
0.488523
0.48001
0.471531
0.463089
0.454687
0.446328
0.438016
0.429754
0.421544
0.413391
0.405296
0.397263
0.389294
0.381392
0.373559
0.365797
0.358109
0.350498
0.342964
0.33551
0.328139
0.320851
0.313648
0.306532
0.299504
0.292566
0.285719
0.278964
0.272302
0.265735
0.259262
0.252886
0.246606
0.240423
0.234338
0.228352
0.222464
0.216675
0.210985
0.205394
0.199903
0.194511
0.189218
0.184024
0.178929
0.173933
0.169035
0.164235
0.159532
0.154926
0.150416
0.146002
0.141683
0.137458
0.133327
0.129288
0.125341
0.121484
0.117718
0.11404
0.110451
0.106948
0.103531
0.100199
0.0969503
0.0937841
0.0906991
0.0876943
0.0847682
0.0819198
0.0791478
0.0764509
0.0738279
0.0712775
0.0687984
0.0663893
0.0640489
0.061776
0.0595691
0.0574271
0.0553486
0.0533323
0.0513769
0.0494811
0.0476436
0.0458632
0.0441385
0.0424683
0.0408514
0.0392864
0.0377721
0.0363074
0.0348909
0.0335215
0.032198
0.0309192
0.0296839
0.028491
0.0273394
0.0262279
0.0251555
0.024121
0.0231235
0.0221618
0.0212348
0.0203417
0.0194814
0.018653
0.0178554
0.0170877
0.016349
0.0156385
0.0149552
0.0142982
0.0136668
0.0130601
0.0124772
0.0119175
0.0113801
0.0108642
0.0103693
0.00989443
0.00943902
0.00900238
0.00858384
0.00818277
0.00779852
0.00743051
0.00707814
0.00674083
0.00641802
0.00610919
0.00581379
0.00553133
0.00526131
0.00500325
0.00475668
0.00452116
0.00429625
0.00408154
0.00387661
0.00368106
0.00349453
0.00331665
0.00314704
0.00298539
0.00283134
0.00268459
0.00254482
0.00241174
0.00228507
0.00216451
0.00204982
0.00194073
0.001837
0.00173839
0.00164467
0.00155562
0.00147103
0.00139071
0.00131445
0.00124207
0.00117338
0.00110823
0.00104644
0.000987847
0.000932311
0.000879682
0.000829822
0.000782597
0.000737879
0.000695546
0.000655482
0.000617575
0.000581718
0.00054781
0.000515752
0.000485451
0.000456819
0.000429771
0.000404226
0.000380106
0.000357338
0.000335852
0.000315581
0.905578
0.905357
0.904915
0.904252
0.90337
0.902268
0.900947
0.899408
0.897653
0.895683
0.893499
0.891103
0.888496
0.885681
0.882659
0.879432
0.876003
0.872375
0.86855
0.86453
0.860319
0.85592
0.851335
0.846568
0.841622
0.836501
0.831208
0.825747
0.820121
0.814335
0.808393
0.802297
0.796054
0.789666
0.783138
0.776475
0.769681
0.762759
0.755715
0.748554
0.74128
0.733897
0.72641
0.718824
0.711143
0.703373
0.695518
0.687583
0.679572
0.671491
0.663344
0.655136
0.646871
0.638555
0.630192
0.621786
0.613343
0.604867
0.596362
0.587834
0.579286
0.570723
0.562149
0.553569
0.544986
0.536406
0.527832
0.519268
0.510719
0.502187
0.493678
0.485194
0.47674
0.468319
0.459934
0.451589
0.443287
0.435032
0.426826
0.418672
0.410575
0.402535
0.394557
0.386642
0.378793
0.371014
0.363305
0.35567
0.34811
0.340628
0.333225
0.325903
0.318665
0.311511
0.304443
0.297464
0.290573
0.283772
0.277064
0.270447
0.263924
0.257496
0.251163
0.244926
0.238785
0.232742
0.226796
0.220948
0.215199
0.209547
0.203995
0.198541
0.193186
0.187929
0.182771
0.17771
0.172748
0.167884
0.163116
0.158445
0.153871
0.149392
0.145008
0.140718
0.136522
0.132418
0.128407
0.124487
0.120657
0.116916
0.113263
0.109698
0.106219
0.102826
0.0995163
0.0962898
0.0931452
0.0900812
0.0870968
0.0841907
0.0813617
0.0786086
0.0759301
0.073325
0.0707919
0.0683297
0.065937
0.0636126
0.0613551
0.0591633
0.0570359
0.0549715
0.052969
0.0510269
0.049144
0.0473191
0.0455507
0.0438378
0.042179
0.0405731
0.0390187
0.0375148
0.03606
0.0346532
0.0332931
0.0319786
0.0307085
0.0294817
0.0282969
0.0271532
0.0260493
0.0249841
0.0239567
0.0229659
0.0220108
0.0210902
0.0202032
0.0193487
0.0185259
0.0177337
0.0169713
0.0162377
0.015532
0.0148533
0.0142008
0.0135737
0.0129711
0.0123922
0.0118363
0.0113025
0.0107902
0.0102986
0.00982702
0.00937472
0.00894105
0.00852536
0.00812702
0.0077454
0.00737989
0.00702992
0.0066949
0.0063743
0.00606757
0.00577419
0.00549365
0.00522547
0.00496916
0.00472427
0.00449036
0.00426698
0.00405373
0.0038502
0.00365599
0.00347073
0.00329405
0.0031256
0.00296505
0.00281205
0.0026663
0.00252749
0.00239531
0.0022695
0.00214977
0.00203586
0.00192751
0.00182449
0.00172654
0.00163346
0.00154502
0.00146101
0.00138123
0.00130549
0.0012336
0.00116539
0.00110068
0.00103931
0.000981117
0.000925959
0.000873689
0.000824169
0.000777265
0.000732852
0.000690808
0.000651017
0.000613368
0.000577755
0.000544078
0.000512238
0.000482144
0.000453707
0.000426843
0.000401472
0.000377516
0.000354904
0.000333564
0.000313431
0.899189
0.898969
0.89853
0.897873
0.896996
0.895902
0.894591
0.893063
0.89132
0.889364
0.887195
0.884816
0.882228
0.879432
0.876431
0.873228
0.869823
0.866221
0.862422
0.858431
0.85425
0.849881
0.845329
0.840595
0.835684
0.830599
0.825344
0.819921
0.814335
0.80859
0.802689
0.796637
0.790438
0.784095
0.777613
0.770997
0.76425
0.757378
0.750384
0.743273
0.73605
0.728719
0.721285
0.713752
0.706126
0.698411
0.690611
0.682732
0.674778
0.666754
0.658664
0.650514
0.642308
0.63405
0.625746
0.6174
0.609016
0.6006
0.592155
0.583687
0.575199
0.566696
0.558183
0.549663
0.541141
0.532622
0.524108
0.515605
0.507116
0.498645
0.490195
0.481771
0.473377
0.465015
0.456689
0.448403
0.44016
0.431962
0.423814
0.415719
0.407678
0.399695
0.391773
0.383914
0.376121
0.368396
0.360742
0.353161
0.345654
0.338224
0.330874
0.323604
0.316417
0.309313
0.302296
0.295365
0.288523
0.28177
0.275109
0.268539
0.262062
0.25568
0.249391
0.243198
0.237101
0.2311
0.225196
0.219389
0.21368
0.208069
0.202556
0.19714
0.191823
0.186603
0.181481
0.176457
0.171529
0.166699
0.161965
0.157327
0.152785
0.148338
0.143985
0.139725
0.135558
0.131484
0.127501
0.123608
0.119805
0.116091
0.112464
0.108924
0.10547
0.1021
0.0988142
0.0956105
0.092488
0.0894457
0.0864823
0.0835968
0.0807877
0.078054
0.0753944
0.0728077
0.0702925
0.0678476
0.0654718
0.0631638
0.0609223
0.0587459
0.0566335
0.0545837
0.0525953
0.0506669
0.0487973
0.0469852
0.0452294
0.0435285
0.0418814
0.0402868
0.0387435
0.0372501
0.0358056
0.0344087
0.0330582
0.031753
0.0304919
0.0292737
0.0280973
0.0269616
0.0258655
0.0248079
0.0237877
0.0228039
0.0218555
0.0209414
0.0200606
0.0192122
0.0183952
0.0176086
0.0168515
0.0161231
0.0154224
0.0147485
0.0141006
0.0134779
0.0128796
0.0123048
0.0117528
0.0112228
0.0107141
0.010226
0.00975769
0.00930858
0.00887797
0.00846522
0.00806968
0.00769075
0.00732782
0.00698032
0.00664767
0.00632933
0.00602476
0.00573345
0.00545489
0.0051886
0.0049341
0.00469094
0.00445868
0.00423688
0.00402513
0.00382303
0.00363019
0.00344624
0.00327081
0.00310355
0.00294413
0.00279221
0.00264749
0.00250966
0.00237842
0.00225349
0.0021346
0.00202149
0.00191391
0.00181161
0.00171436
0.00162194
0.00153412
0.00145071
0.00137149
0.00129628
0.0012249
0.00115717
0.00109291
0.00103197
0.000974195
0.000919427
0.000867525
0.000818354
0.000771781
0.000727682
0.000685934
0.000646424
0.000609041
0.000573679
0.000540239
0.000508624
0.000478742
0.000450506
0.000423832
0.000398639
0.000374853
0.0003524
0.000331211
0.000311219
0.892627
0.892409
0.891974
0.89132
0.89045
0.889364
0.888062
0.886546
0.884816
0.882874
0.880721
0.878359
0.87579
0.873014
0.870036
0.866855
0.863476
0.859899
0.856129
0.852167
0.848016
0.843679
0.83916
0.834461
0.829586
0.824538
0.819321
0.813938
0.808393
0.802689
0.796832
0.790824
0.784669
0.778373
0.771939
0.765371
0.758673
0.751851
0.744908
0.737849
0.730678
0.723401
0.716021
0.708544
0.700973
0.693314
0.685572
0.67775
0.669854
0.661888
0.653858
0.645767
0.63762
0.629423
0.621179
0.612894
0.604572
0.596217
0.587834
0.579427
0.571001
0.562561
0.554109
0.545652
0.537192
0.528735
0.520284
0.511842
0.503415
0.495006
0.486618
0.478256
0.469922
0.461621
0.453356
0.445131
0.436948
0.42881
0.420722
0.412685
0.404703
0.396778
0.388914
0.381113
0.373376
0.365708
0.358109
0.350583
0.343132
0.335756
0.328459
0.321242
0.314107
0.307056
0.30009
0.29321
0.286417
0.279714
0.273101
0.26658
0.26015
0.253814
0.247571
0.241423
0.235371
0.229414
0.223553
0.217788
0.212121
0.206551
0.201077
0.195702
0.190423
0.185241
0.180157
0.175169
0.170278
0.165483
0.160783
0.156179
0.15167
0.147255
0.142934
0.138705
0.134569
0.130525
0.126571
0.122706
0.118931
0.115244
0.111644
0.108129
0.1047
0.101355
0.0980931
0.0949127
0.0918131
0.088793
0.0858512
0.0829867
0.0801982
0.0774844
0.0748442
0.0722764
0.0697795
0.0673525
0.0649941
0.0627029
0.0604777
0.0583172
0.0562202
0.0541854
0.0522114
0.0502971
0.0484412
0.0466423
0.0448993
0.0432109
0.0415758
0.0399928
0.0384607
0.0369783
0.0355443
0.0341576
0.032817
0.0315213
0.0302694
0.02906
0.0278922
0.0267648
0.0256767
0.0246268
0.0236141
0.0226375
0.021696
0.0207886
0.0199142
0.019072
0.0182609
0.0174801
0.0167286
0.0160054
0.0153098
0.0146409
0.0139977
0.0133796
0.0127856
0.012215
0.011667
0.0111409
0.0106359
0.0101513
0.00968648
0.00924065
0.00881319
0.00840344
0.00801079
0.00763463
0.00727435
0.00692938
0.00659916
0.00628314
0.0059808
0.00569161
0.00541508
0.00515074
0.0048981
0.00465671
0.00442614
0.00420596
0.00399576
0.00379513
0.0036037
0.00342109
0.00324694
0.00308091
0.00292265
0.00277184
0.00262817
0.00249134
0.00236106
0.00223704
0.00211902
0.00200674
0.00189995
0.00179839
0.00170185
0.0016101
0.00152293
0.00144012
0.00136148
0.00128682
0.00121596
0.00114872
0.00108494
0.00102444
0.000967086
0.000912717
0.000861195
0.000812382
0.000766149
0.000722371
0.000680929
0.000641707
0.000604596
0.000569493
0.000536297
0.000504912
0.000475249
0.000447218
0.000420739
0.00039573
0.000372117
0.000349828
0.000328794
0.000308948
0.885897
0.885681
0.885248
0.8846
0.883737
0.882659
0.881366
0.879862
0.878145
0.876217
0.874081
0.871737
0.869186
0.866432
0.863476
0.860319
0.856965
0.853416
0.849674
0.845742
0.841622
0.837318
0.832833
0.828169
0.823331
0.818321
0.813143
0.807801
0.802297
0.796637
0.790824
0.784861
0.778753
0.772504
0.766118
0.7596
0.752953
0.746182
0.739291
0.732286
0.725169
0.717947
0.710623
0.703201
0.695688
0.688087
0.680402
0.67264
0.664803
0.656898
0.648928
0.640898
0.632813
0.624677
0.616496
0.608273
0.600013
0.591721
0.583402
0.575058
0.566696
0.558319
0.549932
0.541538
0.533142
0.524748
0.516361
0.507983
0.499619
0.491273
0.482949
0.47465
0.466379
0.458141
0.449938
0.441775
0.433653
0.425577
0.41755
0.409573
0.401652
0.393787
0.385982
0.378239
0.370561
0.362951
0.355409
0.34794
0.340544
0.333225
0.325983
0.31882
0.311739
0.304741
0.297827
0.290999
0.284258
0.277605
0.271042
0.26457
0.258189
0.2519
0.245705
0.239603
0.233596
0.227684
0.221867
0.216146
0.210522
0.204993
0.199561
0.194226
0.188987
0.183845
0.178798
0.173848
0.168994
0.164235
0.159571
0.155002
0.150527
0.146145
0.141856
0.13766
0.133555
0.12954
0.125616
0.121781
0.118034
0.114375
0.110802
0.107314
0.103911
0.100591
0.0973535
0.0941971
0.0911208
0.0881235
0.0852039
0.082361
0.0795935
0.0769002
0.0742799
0.0717314
0.0692534
0.0668447
0.064504
0.0622301
0.0600217
0.0578775
0.0557963
0.0537768
0.0518178
0.0499179
0.048076
0.0462907
0.0445608
0.0428851
0.0412623
0.0396913
0.0381707
0.0366995
0.0352763
0.0339001
0.0325696
0.0312836
0.0300411
0.0288409
0.0276819
0.026563
0.0254831
0.0244412
0.0234361
0.0224668
0.0215324
0.0206318
0.0197641
0.0189282
0.0181233
0.0173483
0.0166024
0.0158848
0.0151944
0.0145305
0.0138922
0.0132787
0.0126892
0.0121229
0.0115791
0.0110569
0.0105557
0.0100748
0.00961345
0.00917098
0.00874674
0.00834008
0.00795039
0.00757706
0.0072195
0.00687713
0.0065494
0.00623577
0.0059357
0.0056487
0.00537426
0.0051119
0.00486117
0.0046216
0.00439277
0.00417425
0.00396563
0.00376652
0.00357653
0.0033953
0.00322246
0.00305768
0.00290061
0.00275094
0.00260835
0.00247256
0.00234326
0.00222018
0.00210305
0.00199161
0.00188562
0.00178483
0.00168902
0.00159796
0.00151144
0.00142926
0.00135122
0.00127712
0.00120679
0.00114006
0.00107676
0.00101672
0.000959794
0.000905836
0.000854701
0.000806257
0.000760373
0.000716925
0.000675794
0.000636868
0.000600038
0.000565199
0.000532253
0.000501106
0.000471665
0.000443847
0.000417566
0.000392747
0.000369312
0.00034719
0.000326314
0.000306619
0.879003
0.878788
0.878359
0.877716
0.876859
0.87579
0.874508
0.873014
0.871311
0.869399
0.867279
0.864953
0.862422
0.859689
0.856756
0.853624
0.850296
0.846775
0.843062
0.83916
0.835072
0.830802
0.826352
0.821725
0.816924
0.811953
0.806815
0.801514
0.796054
0.790438
0.784669
0.778753
0.772693
0.766493
0.760156
0.753689
0.747093
0.740375
0.733538
0.726587
0.719526
0.71236
0.705093
0.697729
0.690274
0.682732
0.675108
0.667405
0.65963
0.651786
0.643878
0.63591
0.627888
0.619816
0.611698
0.603539
0.595344
0.587117
0.578862
0.570583
0.562286
0.553974
0.545652
0.537324
0.528993
0.520665
0.512342
0.50403
0.495731
0.48745
0.479191
0.470956
0.46275
0.454576
0.446437
0.438337
0.430278
0.422265
0.4143
0.406386
0.398526
0.390722
0.382978
0.375296
0.367677
0.360126
0.352644
0.345232
0.337894
0.330632
0.323446
0.316339
0.309313
0.302369
0.295509
0.288734
0.282046
0.275445
0.268933
0.262511
0.256179
0.24994
0.243792
0.237738
0.231778
0.225912
0.220141
0.214464
0.208883
0.203398
0.198008
0.192715
0.187516
0.182414
0.177407
0.172495
0.167679
0.162957
0.158329
0.153796
0.149355
0.145008
0.140752
0.136588
0.132515
0.128532
0.124639
0.120833
0.117116
0.113485
0.10994
0.106479
0.103102
0.0998083
0.0965959
0.0934641
0.0904117
0.0874377
0.0845409
0.0817201
0.0789741
0.0763018
0.0737019
0.0711732
0.0687145
0.0663245
0.064002
0.0617458
0.0595546
0.0574271
0.0553621
0.0533583
0.0514145
0.0495294
0.0477018
0.0459304
0.044214
0.0425514
0.0409412
0.0393824
0.0378737
0.0364139
0.0350018
0.0336363
0.0323161
0.0310402
0.0298073
0.0286165
0.0274665
0.0263563
0.0252848
0.024251
0.0232537
0.022292
0.0213648
0.0204713
0.0196103
0.0187809
0.0179822
0.0172133
0.0164732
0.0157611
0.0150762
0.0144174
0.0137841
0.0131754
0.0125904
0.0120286
0.0114889
0.0109709
0.0104736
0.0099964
0.00953864
0.00909961
0.00867867
0.00827518
0.00788852
0.0075181
0.00716332
0.00682362
0.00649844
0.00618724
0.00588951
0.00560474
0.00533243
0.00507212
0.00482334
0.00458564
0.00435858
0.00414176
0.00393477
0.00373721
0.0035487
0.00336888
0.00319738
0.00303388
0.00287804
0.00272953
0.00258806
0.00245332
0.00232502
0.0022029
0.00208668
0.00197611
0.00187095
0.00177094
0.00167588
0.00158553
0.00149968
0.00141814
0.0013407
0.00126718
0.0011974
0.00113119
0.00106838
0.00100881
0.000952325
0.000898786
0.00084805
0.000799983
0.000754456
0.000711346
0.000670535
0.000631912
0.000595368
0.000560801
0.000528111
0.000497206
0.000467995
0.000440392
0.000414317
0.00038969
0.000366438
0.000344489
0.000323775
0.000304233
0.871949
0.871737
0.871311
0.870673
0.869823
0.868762
0.86749
0.866009
0.864319
0.862422
0.860319
0.858012
0.855502
0.852791
0.849881
0.846775
0.843473
0.83998
0.836297
0.832426
0.828372
0.824135
0.819721
0.815131
0.810369
0.805438
0.800341
0.795083
0.789666
0.784095
0.778373
0.772504
0.766493
0.760342
0.754057
0.747641
0.741099
0.734434
0.727652
0.720757
0.713752
0.706643
0.699435
0.69213
0.684735
0.677254
0.66969
0.66205
0.654337
0.646556
0.638711
0.630808
0.62285
0.614842
0.60679
0.598696
0.590567
0.582405
0.574217
0.566005
0.557774
0.549529
0.541274
0.533012
0.524748
0.516487
0.508231
0.499985
0.491753
0.483539
0.475345
0.467177
0.459037
0.450928
0.442854
0.434819
0.426826
0.418877
0.410976
0.403125
0.395328
0.387587
0.379905
0.372284
0.364727
0.357236
0.349814
0.342462
0.335183
0.327979
0.320851
0.313801
0.306831
0.299943
0.293138
0.286417
0.279783
0.273235
0.266775
0.260404
0.254124
0.247934
0.241836
0.235831
0.229918
0.224099
0.218374
0.212743
0.207207
0.201766
0.19642
0.191168
0.186012
0.18095
0.175983
0.171111
0.166333
0.161649
0.157059
0.152561
0.148157
0.143844
0.139623
0.135492
0.131452
0.127501
0.123639
0.119864
0.116176
0.112574
0.109057
0.105625
0.102275
0.0990074
0.0958208
0.0927141
0.0896862
0.0867361
0.0838625
0.0810643
0.0783404
0.0756895
0.0731105
0.0706021
0.0681631
0.0657923
0.0634885
0.0612504
0.0590767
0.0569663
0.0549179
0.0529302
0.051002
0.049132
0.0473191
0.0455619
0.0438592
0.0422099
0.0406127
0.0390664
0.0375698
0.0361217
0.0347209
0.0333663
0.0320568
0.0307911
0.0295682
0.0283869
0.0272461
0.0261448
0.0250819
0.0240564
0.0230671
0.0221131
0.0211934
0.020307
0.0194529
0.0186302
0.0178379
0.0170752
0.0163411
0.0156347
0.0149552
0.0143017
0.0136735
0.0130696
0.0124894
0.011932
0.0113968
0.0108828
0.0103895
0.00991619
0.0094621
0.00902659
0.00860903
0.00820878
0.00782522
0.00745777
0.00710584
0.00676886
0.00644629
0.00613759
0.00584225
0.00555976
0.00528964
0.00503142
0.00478463
0.00454884
0.00432361
0.00410853
0.0039032
0.00370722
0.00352022
0.00334184
0.00317173
0.00300954
0.00285494
0.00270763
0.00256729
0.00243363
0.00230637
0.00218522
0.00206994
0.00196026
0.00185593
0.00175673
0.00166243
0.0015728
0.00148765
0.00140676
0.00132994
0.00125701
0.00118779
0.00112211
0.0010598
0.00100071
0.000944683
0.000891574
0.000841245
0.000793563
0.000748402
0.000705638
0.000665155
0.000626841
0.000590591
0.000556301
0.000523874
0.000493216
0.00046424
0.000436859
0.000410992
0.000386563
0.000363497
0.000341724
0.000321177
0.000301792
0.864741
0.86453
0.864108
0.863476
0.862633
0.86158
0.860319
0.85885
0.857174
0.855293
0.853208
0.850919
0.84843
0.845742
0.842856
0.839775
0.836501
0.833036
0.829383
0.825545
0.821524
0.817323
0.812945
0.808393
0.80367
0.798779
0.793725
0.78851
0.783138
0.777613
0.771939
0.766118
0.760156
0.754057
0.747823
0.741461
0.734972
0.728363
0.721637
0.714799
0.707852
0.700802
0.693653
0.686409
0.679075
0.671655
0.664154
0.656577
0.648928
0.641211
0.633431
0.625593
0.617701
0.60976
0.601774
0.593747
0.585685
0.577591
0.56947
0.561326
0.553163
0.544986
0.536799
0.528606
0.520411
0.512217
0.50403
0.495852
0.487688
0.479542
0.471416
0.463315
0.455242
0.4472
0.439194
0.431225
0.423297
0.415414
0.407578
0.399793
0.39206
0.384383
0.376764
0.369207
0.361712
0.354283
0.346922
0.339631
0.332412
0.325267
0.318198
0.311207
0.304295
0.297464
0.290715
0.28405
0.27747
0.270976
0.26457
0.258252
0.252023
0.245885
0.239837
0.233881
0.228018
0.222247
0.216569
0.210985
0.205494
0.200098
0.194796
0.189588
0.184474
0.179454
0.174529
0.169697
0.164958
0.160313
0.15576
0.1513
0.146932
0.142655
0.138469
0.134372
0.130365
0.126447
0.122616
0.118873
0.115216
0.111644
0.108156
0.104751
0.10143
0.0981889
0.0950287
0.0919477
0.0889448
0.0860191
0.0831693
0.0803942
0.0776928
0.0750638
0.0725061
0.0700184
0.0675996
0.0652484
0.0629636
0.060744
0.0585884
0.0564954
0.0544639
0.0524926
0.0505804
0.0487259
0.0469279
0.0451852
0.0434967
0.041861
0.040277
0.0387435
0.0372592
0.0358231
0.0344339
0.0330905
0.0317918
0.0305366
0.0293237
0.0281522
0.0270209
0.0259287
0.0248746
0.0238575
0.0228764
0.0219303
0.0210182
0.0201391
0.0192921
0.0184762
0.0176905
0.016934
0.016206
0.0155054
0.0148316
0.0141835
0.0135604
0.0129616
0.0123862
0.0118334
0.0113025
0.0107929
0.0103037
0.00983422
0.00938388
0.00895197
0.00853786
0.00814092
0.00776054
0.00739612
0.0070471
0.00671291
0.006393
0.00608686
0.00579396
0.0055138
0.00524592
0.00498983
0.00474508
0.00451124
0.00428787
0.00407457
0.00387093
0.00367657
0.00349112
0.00331422
0.00314551
0.00298466
0.00283134
0.00268525
0.00254607
0.00241351
0.0022873
0.00216716
0.00205283
0.00194405
0.00184059
0.00174221
0.00164869
0.0015598
0.00147535
0.00139513
0.00131895
0.00124662
0.00117798
0.00111284
0.00105104
0.00099244
0.000936874
0.000884204
0.000834291
0.000787004
0.000742215
0.000699805
0.000659656
0.00062166
0.000585709
0.000551702
0.000519543
0.000489139
0.000460402
0.000433247
0.000407595
0.000383368
0.000360492
0.000338899
0.000318522
0.000299297
0.857384
0.857174
0.856756
0.856129
0.855293
0.85425
0.852999
0.851543
0.849881
0.848016
0.845948
0.843679
0.841211
0.838546
0.835684
0.83263
0.829383
0.825948
0.822327
0.818521
0.814534
0.810369
0.806028
0.801514
0.796832
0.791983
0.786972
0.781801
0.776475
0.770997
0.765371
0.7596
0.753689
0.747641
0.741461
0.735152
0.728719
0.722166
0.715497
0.708717
0.701829
0.694839
0.687751
0.680569
0.673297
0.66594
0.658503
0.65099
0.643406
0.635755
0.628042
0.62027
0.612445
0.604572
0.596654
0.588696
0.580702
0.572677
0.564625
0.55655
0.548457
0.540349
0.532232
0.524108
0.515983
0.507859
0.499741
0.491633
0.483539
0.475462
0.467405
0.459373
0.451369
0.443395
0.435457
0.427556
0.419696
0.41188
0.404111
0.396391
0.388724
0.381113
0.373559
0.366065
0.358634
0.351269
0.34397
0.336741
0.329584
0.3225
0.315491
0.308559
0.301706
0.294933
0.288241
0.281633
0.275109
0.26867
0.262319
0.256054
0.249879
0.243792
0.237796
0.231891
0.226077
0.220356
0.214726
0.20919
0.203746
0.198396
0.193138
0.187975
0.182904
0.177927
0.173044
0.168253
0.163555
0.158949
0.154435
0.150013
0.145682
0.141441
0.13729
0.133229
0.129256
0.125371
0.121573
0.117862
0.114235
0.110694
0.107236
0.10386
0.100567
0.0973535
0.0942201
0.0911653
0.0881881
0.0852872
0.0824616
0.0797102
0.0770318
0.0744251
0.0718892
0.0694227
0.0670245
0.0646933
0.0624279
0.0602272
0.0580899
0.0560147
0.0540005
0.052046
0.05015
0.0483113
0.0465286
0.0448008
0.0431266
0.0415048
0.0399343
0.0384138
0.0369422
0.0355183
0.0341409
0.032809
0.0315213
0.0302767
0.0290742
0.0279127
0.026791
0.0257081
0.0246629
0.0236545
0.0226818
0.0217437
0.0208394
0.0199678
0.019128
0.018319
0.01754
0.0167899
0.0160681
0.0153735
0.0147054
0.0140628
0.0134451
0.0128513
0.0122808
0.0117327
0.0112064
0.010701
0.010216
0.00975054
0.00930403
0.0088758
0.00846522
0.00807165
0.00769451
0.00733319
0.00698714
0.00665579
0.00633861
0.00603507
0.00574466
0.00546689
0.00520128
0.00494737
0.00470471
0.00447285
0.00425139
0.0040399
0.003838
0.00364529
0.00346142
0.00328602
0.00311874
0.00295926
0.00280725
0.0026624
0.0025244
0.00239298
0.00226784
0.00214872
0.00203536
0.00192751
0.00182493
0.00172739
0.00163466
0.00154653
0.0014628
0.00138326
0.00130773
0.00123602
0.00116795
0.00110337
0.0010421
0.000983996
0.000928903
0.000876681
0.000827192
0.000780307
0.0007359
0.00069385
0.000654044
0.00061637
0.000580725
0.000547008
0.000515122
0.000484977
0.000456485
0.000429561
0.000404127
0.000380106
0.000357425
0.000336016
0.000315812
0.00029675
0.849881
0.849674
0.849259
0.848637
0.847809
0.846775
0.845535
0.844091
0.842444
0.840595
0.838546
0.836297
0.83385
0.831208
0.828372
0.825344
0.822126
0.818721
0.815131
0.811358
0.807406
0.803277
0.798974
0.794501
0.789859
0.785053
0.780085
0.77496
0.769681
0.76425
0.758673
0.752953
0.747093
0.741099
0.734972
0.728719
0.722342
0.715846
0.709236
0.702515
0.695688
0.688759
0.681733
0.674613
0.667405
0.660113
0.652741
0.645294
0.637776
0.630192
0.622546
0.614842
0.607086
0.599281
0.591433
0.583544
0.57562
0.567665
0.559684
0.55168
0.543657
0.535621
0.527574
0.519522
0.511468
0.503415
0.495368
0.487331
0.479308
0.471301
0.463315
0.455353
0.447419
0.439515
0.431646
0.423814
0.416023
0.408276
0.400574
0.392922
0.385323
0.377778
0.37029
0.362862
0.355496
0.348195
0.34096
0.333795
0.3267
0.319678
0.31273
0.305859
0.299066
0.292352
0.285719
0.279168
0.272702
0.266319
0.260023
0.253814
0.247692
0.241659
0.235716
0.229862
0.224099
0.218427
0.212847
0.207359
0.201963
0.196659
0.191448
0.18633
0.181304
0.17637
0.171529
0.166781
0.162123
0.157558
0.153084
0.1487
0.144407
0.140203
0.136089
0.132063
0.128125
0.124274
0.120509
0.11683
0.113236
0.109725
0.106297
0.102951
0.0996865
0.0965016
0.0933956
0.0903676
0.0874164
0.0845409
0.08174
0.0790127
0.0763577
0.0737739
0.0712601
0.0688152
0.066438
0.0641272
0.0618816
0.0597002
0.0575815
0.0555245
0.053528
0.0515906
0.0497112
0.0478885
0.0461215
0.0444087
0.0427492
0.0411416
0.0395848
0.0380777
0.0366189
0.0352075
0.0338422
0.0325219
0.0312455
0.0300118
0.0288198
0.0276684
0.0265565
0.0254831
0.0244471
0.0234475
0.0224833
0.0215535
0.020657
0.0197931
0.0189606
0.0181587
0.0173865
0.016643
0.0159275
0.015239
0.0145767
0.0139398
0.0133274
0.0127389
0.0121733
0.0116301
0.0111083
0.0106074
0.0101266
0.00966522
0.00922262
0.00879814
0.00839114
0.00800102
0.00762718
0.00726902
0.006926
0.00659755
0.00628314
0.00598226
0.00569439
0.00541905
0.00515577
0.00490408
0.00466354
0.00443371
0.00421418
0.00400455
0.00380441
0.00361339
0.00343113
0.00325726
0.00309145
0.00293337
0.00278269
0.0026391
0.00250231
0.00237204
0.00224799
0.00212992
0.00201755
0.00191064
0.00180896
0.00171227
0.00162036
0.001533
0.00145
0.00137115
0.00129628
0.0012252
0.00115773
0.00109371
0.00103298
0.000975385
0.000920774
0.000869009
0.000819954
0.000773479
0.00072946
0.000687779
0.00064832
0.000610977
0.000575644
0.000542221
0.000510615
0.000480733
0.00045249
0.000425802
0.000400591
0.00037678
0.000354298
0.000333076
0.000313048
0.000294154
0.842239
0.842033
0.841622
0.841006
0.840185
0.83916
0.837932
0.836501
0.834869
0.833036
0.831005
0.828776
0.826352
0.823733
0.820922
0.817922
0.814733
0.811358
0.807801
0.804062
0.800146
0.796054
0.79179
0.787356
0.782756
0.777993
0.77307
0.767991
0.762759
0.757378
0.751851
0.746182
0.740375
0.734434
0.728363
0.722166
0.715846
0.709409
0.702858
0.696198
0.689432
0.682565
0.675602
0.668547
0.661404
0.654177
0.646871
0.639491
0.632041
0.624525
0.616948
0.609314
0.601627
0.593892
0.586114
0.578297
0.570444
0.562561
0.554651
0.546719
0.538769
0.530804
0.52283
0.51485
0.506868
0.498888
0.490914
0.482949
0.474997
0.467063
0.459149
0.451258
0.443395
0.435563
0.427765
0.420003
0.412282
0.404604
0.396972
0.389389
0.381858
0.37438
0.36696
0.359599
0.352299
0.345064
0.337894
0.330793
0.323762
0.316803
0.309918
0.303108
0.296376
0.289723
0.28315
0.276658
0.270249
0.263924
0.257685
0.251531
0.245465
0.239486
0.233596
0.227795
0.222084
0.216463
0.210933
0.205494
0.200147
0.194891
0.189727
0.184654
0.179674
0.174784
0.169987
0.165281
0.160666
0.156141
0.151707
0.147363
0.143108
0.138943
0.134865
0.130876
0.126973
0.123157
0.119426
0.11578
0.112217
0.108738
0.105341
0.102026
0.0987901
0.0956338
0.0925558
0.089555
0.0866303
0.0837806
0.081005
0.0783022
0.075671
0.0731105
0.0706193
0.0681964
0.0658405
0.0635505
0.0613252
0.0591633
0.0570637
0.0550252
0.0530466
0.0511266
0.0492641
0.0474579
0.0457067
0.0440094
0.0423648
0.0407717
0.0392289
0.0377352
0.0362896
0.0348909
0.0335379
0.0322294
0.0309645
0.0297419
0.0285607
0.0274196
0.0263177
0.025254
0.0242273
0.0232367
0.0222811
0.0213596
0.0204713
0.0196151
0.0187901
0.0179954
0.0172301
0.0164934
0.0157842
0.0151019
0.0144456
0.0138144
0.0132076
0.0126243
0.0120639
0.0115255
0.0110084
0.010512
0.0100355
0.00957831
0.00913968
0.00871902
0.00831568
0.00792907
0.00755859
0.00720366
0.00686372
0.00653822
0.00622664
0.00592846
0.00564318
0.00537032
0.0051094
0.00485998
0.0046216
0.00439384
0.00417629
0.00396854
0.0037702
0.0035809
0.00340028
0.00322797
0.00306365
0.00290699
0.00275766
0.00261537
0.00247981
0.00235071
0.00222778
0.00211076
0.00199941
0.00189346
0.00179269
0.00169687
0.00160578
0.00151921
0.00143696
0.00135882
0.00128463
0.00121418
0.00114732
0.00108388
0.00102369
0.000966614
0.000912494
0.000861195
0.000812581
0.000766524
0.000722901
0.000681594
0.00064249
0.000605483
0.000570467
0.000537345
0.000506023
0.00047641
0.000448421
0.000421973
0.000396988
0.000373391
0.000351111
0.00033008
0.000310233
0.000291508
0.834461
0.834257
0.83385
0.83324
0.832426
0.831411
0.830194
0.828776
0.827159
0.825344
0.823331
0.821123
0.818721
0.816126
0.813342
0.810369
0.807209
0.803866
0.800341
0.796637
0.792757
0.788703
0.784478
0.780085
0.775528
0.770809
0.765931
0.760899
0.755715
0.750384
0.744908
0.739291
0.733538
0.727652
0.721637
0.715497
0.709236
0.702858
0.696368
0.689769
0.683065
0.676262
0.669363
0.662373
0.655296
0.648136
0.640898
0.633586
0.626204
0.618758
0.61125
0.603687
0.596071
0.588408
0.580702
0.572956
0.565176
0.557366
0.549529
0.54167
0.533793
0.525903
0.518002
0.510096
0.502187
0.494281
0.48638
0.478489
0.470611
0.46275
0.454909
0.447091
0.439301
0.431541
0.423814
0.416125
0.408475
0.400868
0.393306
0.385793
0.378331
0.370923
0.363571
0.356278
0.349046
0.341877
0.334774
0.327738
0.320772
0.313878
0.307056
0.300309
0.293639
0.287047
0.280535
0.274103
0.267754
0.261487
0.255305
0.249209
0.243198
0.237274
0.231439
0.225691
0.220033
0.214464
0.208985
0.203597
0.198299
0.193091
0.187975
0.182949
0.178014
0.17317
0.168417
0.163754
0.159182
0.154699
0.150306
0.146002
0.141787
0.13766
0.13362
0.129667
0.1258
0.122019
0.118323
0.11471
0.111181
0.107734
0.104369
0.101083
0.0978778
0.0947507
0.0917011
0.088728
0.0858303
0.083007
0.0802569
0.0775791
0.0749723
0.0724353
0.0699672
0.0675666
0.0652325
0.0629636
0.0607589
0.058617
0.0565368
0.0545171
0.0525567
0.0506545
0.0488092
0.0470196
0.0452846
0.043603
0.0419736
0.0403952
0.0388666
0.0373868
0.0359545
0.0345687
0.0332281
0.0319318
0.0306785
0.0294673
0.0282969
0.0271664
0.0260747
0.0250208
0.0240036
0.0230221
0.0220754
0.0211624
0.0202822
0.0194339
0.0186166
0.0178292
0.017071
0.0163411
0.0156385
0.0149625
0.0143122
0.0136868
0.0130856
0.0125077
0.0119525
0.011419
0.0109068
0.0104149
0.00994286
0.00948986
0.00905528
0.0086385
0.00823889
0.00785585
0.00748879
0.00713713
0.00680033
0.00647784
0.00616914
0.00587371
0.00559107
0.00532073
0.00506222
0.0048151
0.00457892
0.00435327
0.00413772
0.00393189
0.00373538
0.00354783
0.00336888
0.00319816
0.00303536
0.00288015
0.0027322
0.00259122
0.00245691
0.002329
0.00220721
0.00209127
0.00198094
0.00187598
0.00177614
0.0016812
0.00159096
0.00150518
0.00142369
0.00134628
0.00127276
0.00120297
0.00113673
0.00107387
0.00101424
0.000957688
0.000904068
0.000853242
0.000805077
0.000759445
0.000716225
0.0006753
0.000636557
0.000599891
0.000565199
0.000532383
0.00050135
0.000472011
0.00044428
0.000418076
0.000393322
0.000369943
0.000347869
0.000327032
0.000307368
0.000288816
0.826553
0.826352
0.825948
0.825344
0.824538
0.823532
0.822327
0.820922
0.819321
0.817522
0.815529
0.813342
0.810962
0.808393
0.805634
0.802689
0.79956
0.796248
0.792757
0.789088
0.785244
0.781229
0.777044
0.772693
0.768179
0.763504
0.758673
0.753689
0.748554
0.743273
0.737849
0.732286
0.726587
0.720757
0.714799
0.708717
0.702515
0.696198
0.689769
0.683232
0.676593
0.669854
0.66302
0.656096
0.649086
0.641994
0.634824
0.627582
0.62027
0.612894
0.605458
0.597966
0.590423
0.582832
0.575199
0.567527
0.55982
0.552084
0.544321
0.536537
0.528735
0.520919
0.513093
0.505262
0.497429
0.489597
0.481771
0.473955
0.466151
0.458365
0.450598
0.442854
0.435138
0.427451
0.419798
0.412181
0.404604
0.397069
0.389579
0.382137
0.374746
0.367408
0.360126
0.352902
0.345738
0.338638
0.331602
0.324633
0.317733
0.310903
0.304146
0.297464
0.290857
0.284327
0.277876
0.271506
0.265216
0.259009
0.252886
0.246847
0.240893
0.235026
0.229246
0.223553
0.217948
0.212432
0.207005
0.201667
0.19642
0.191261
0.186193
0.181215
0.176327
0.171529
0.166821
0.162203
0.157673
0.153233
0.148882
0.144619
0.140443
0.136355
0.132354
0.128438
0.124608
0.120863
0.117202
0.113623
0.110128
0.106713
0.10338
0.100126
0.0969503
0.0938528
0.0908321
0.0878872
0.0850169
0.0822204
0.0794964
0.0768439
0.0742618
0.0717489
0.0693042
0.0669263
0.0646143
0.062367
0.0601831
0.0580615
0.056001
0.0540005
0.0520587
0.0501745
0.0483467
0.0465741
0.0448555
0.0431898
0.0415758
0.0400124
0.0384983
0.0370325
0.0356138
0.0342411
0.0329133
0.0316292
0.0303878
0.029188
0.0280288
0.026909
0.0258276
0.0247837
0.0237761
0.0228039
0.0218662
0.0209618
0.02009
0.0192498
0.0184401
0.0176603
0.0169092
0.0161862
0.0154903
0.0148207
0.0141766
0.0135571
0.0129616
0.0123892
0.0118392
0.0113108
0.0108034
0.0103162
0.00984864
0.00939993
0.00896947
0.00855664
0.00816082
0.00778141
0.00741782
0.0070695
0.00673589
0.00641646
0.00611068
0.00581805
0.00553809
0.00527031
0.00501425
0.00476947
0.00453553
0.00431201
0.00409851
0.00389463
0.00369999
0.00351421
0.00333695
0.00316786
0.0030066
0.00285285
0.00270631
0.00256666
0.00243363
0.00230693
0.00218629
0.00207145
0.00196217
0.0018582
0.00175931
0.00166527
0.00157588
0.00149092
0.0014102
0.00133352
0.0012607
0.00119157
0.00112596
0.00106369
0.00100463
0.000948612
0.000895501
0.000845156
0.000797448
0.000752248
0.000709438
0.0006689
0.000630525
0.000594206
0.000559843
0.000527338
0.000496599
0.000467538
0.00044007
0.000414115
0.000389595
0.000366438
0.000344573
0.000323933
0.000304456
0.00028608
0.818521
0.818321
0.817922
0.817323
0.816525
0.815529
0.814335
0.812945
0.811358
0.809578
0.807603
0.805438
0.803081
0.800537
0.797805
0.794889
0.79179
0.78851
0.785053
0.78142
0.777613
0.773637
0.769493
0.765184
0.760713
0.756085
0.7513
0.746364
0.74128
0.73605
0.730678
0.725169
0.719526
0.713752
0.707852
0.701829
0.695688
0.689432
0.683065
0.676593
0.670017
0.663344
0.656577
0.64972
0.642778
0.635755
0.628655
0.621483
0.614242
0.606938
0.599574
0.592155
0.584685
0.577168
0.569609
0.562012
0.55438
0.546719
0.539032
0.531323
0.523597
0.515857
0.508107
0.500352
0.492595
0.484839
0.477089
0.469349
0.461621
0.45391
0.446219
0.438551
0.430909
0.423297
0.415719
0.408176
0.400672
0.39321
0.385793
0.378424
0.371104
0.363838
0.356626
0.349472
0.342379
0.335347
0.328379
0.321478
0.314645
0.307882
0.301191
0.294573
0.28803
0.281564
0.275176
0.268867
0.262639
0.256492
0.250428
0.244448
0.238552
0.232742
0.227018
0.22138
0.21583
0.210368
0.204993
0.199708
0.194511
0.189403
0.184384
0.179454
0.174614
0.169862
0.1652
0.160626
0.156141
0.151744
0.147435
0.143213
0.139078
0.13503
0.131067
0.12719
0.123397
0.119688
0.116063
0.112519
0.109057
0.105676
0.102375
0.0991525
0.0960081
0.0929407
0.0899494
0.0870331
0.0841907
0.0814214
0.0787239
0.0760971
0.0735401
0.0710517
0.0686306
0.0662759
0.0639864
0.0617609
0.0595982
0.0574973
0.0554568
0.0534757
0.0515528
0.0496869
0.0478768
0.0461215
0.0444196
0.0427701
0.0411718
0.0396235
0.0381242
0.0366726
0.0352677
0.0339083
0.0325934
0.0313218
0.0300925
0.0289044
0.0277564
0.0266475
0.0255766
0.0245428
0.023545
0.0225823
0.0216537
0.0207581
0.0198948
0.0190627
0.0182609
0.0174886
0.0167449
0.0160289
0.0153398
0.0146767
0.0140388
0.0134254
0.0128356
0.0122688
0.0117241
0.0112009
0.0106984
0.010216
0.00975293
0.00930858
0.00888231
0.00847349
0.00808151
0.00770579
0.00734574
0.0070008
0.00667043
0.0063541
0.0060513
0.00576151
0.00548427
0.00521909
0.00496552
0.00472312
0.00449145
0.00427011
0.00405868
0.00385678
0.00366403
0.00348006
0.00330452
0.00313707
0.00297738
0.00282513
0.00268001
0.00254172
0.00240998
0.00228451
0.00216504
0.00205132
0.0019431
0.00184014
0.00174221
0.00164909
0.00156056
0.00147643
0.00139649
0.00132056
0.00124845
0.00117999
0.00111501
0.00105336
0.000994866
0.000939394
0.000886798
0.000836943
0.000789698
0.000744938
0.000702544
0.0006624
0.000624398
0.000588432
0.000554402
0.000522213
0.000491773
0.000462994
0.000435793
0.00041009
0.000385809
0.000362877
0.000341224
0.000320785
0.000301497
0.000283299
0.810369
0.810171
0.809775
0.809182
0.808393
0.807406
0.806224
0.804848
0.803277
0.801514
0.79956
0.797416
0.795083
0.792563
0.789859
0.786972
0.783904
0.780657
0.777234
0.773637
0.769868
0.765931
0.761829
0.757563
0.753137
0.748554
0.743818
0.738931
0.733897
0.728719
0.723401
0.717947
0.71236
0.706643
0.700802
0.694839
0.688759
0.682565
0.676262
0.669854
0.663344
0.656737
0.650038
0.643249
0.636376
0.629423
0.622394
0.615293
0.608125
0.600893
0.593602
0.586257
0.578862
0.57142
0.563936
0.556414
0.548859
0.541274
0.533663
0.526031
0.518382
0.510719
0.503046
0.495368
0.487688
0.48001
0.472338
0.464674
0.457024
0.449389
0.441775
0.434183
0.426617
0.419081
0.411578
0.404111
0.396682
0.389294
0.381951
0.374655
0.367408
0.360214
0.353074
0.345992
0.338968
0.332007
0.325109
0.318276
0.311511
0.304815
0.298191
0.291639
0.285161
0.27876
0.272435
0.266189
0.260023
0.253938
0.247934
0.242013
0.236176
0.230424
0.224757
0.219175
0.21368
0.208272
0.202952
0.197719
0.192573
0.187516
0.182548
0.177667
0.172875
0.168171
0.163555
0.159027
0.154586
0.150233
0.145967
0.141787
0.137693
0.133685
0.129762
0.125923
0.122168
0.118496
0.114907
0.111399
0.107971
0.104624
0.101355
0.098165
0.0950519
0.092015
0.0890535
0.0861662
0.0833522
0.0806104
0.0779398
0.0753392
0.0728077
0.070344
0.0679471
0.0656159
0.0633491
0.0611458
0.0590046
0.0569246
0.0549045
0.0529431
0.0510393
0.049192
0.0474
0.0456621
0.0439772
0.0423441
0.0407617
0.0392289
0.0377445
0.0363074
0.0349164
0.0335706
0.0322688
0.0310099
0.0297928
0.0286165
0.0274799
0.0263821
0.0253219
0.0242984
0.0233105
0.0223574
0.021438
0.0205514
0.0196966
0.0188728
0.0180791
0.0173145
0.0165781
0.0158693
0.015187
0.0145305
0.013899
0.0132917
0.0127078
0.0121466
0.0116074
0.0110894
0.0105919
0.0101142
0.00965579
0.00921587
0.00879384
0.00838909
0.00800102
0.00762904
0.00727257
0.00693107
0.00660399
0.00629082
0.00599103
0.00570413
0.00542965
0.00516711
0.00491607
0.00467608
0.00444672
0.00422758
0.00401826
0.00381837
0.00362754
0.0034454
0.00327161
0.00310583
0.00294773
0.00279699
0.00265331
0.0025164
0.00238598
0.00226176
0.00214348
0.00203089
0.00192375
0.00182181
0.00172486
0.00163267
0.00154502
0.00146173
0.00138258
0.00130741
0.00123602
0.00116824
0.00110391
0.00104286
0.000984957
0.000930038
0.000877966
0.000828607
0.000781833
0.000737519
0.000695546
0.000655803
0.000618179
0.000582571
0.000548881
0.000517012
0.000486875
0.000458383
0.000431453
0.000406006
0.000381966
0.000359262
0.000337826
0.00031759
0.000298494
0.000280478
0.802102
0.801906
0.801514
0.800927
0.800146
0.79917
0.798
0.796637
0.795083
0.793338
0.791403
0.789281
0.786972
0.784478
0.781801
0.778943
0.775907
0.772693
0.769305
0.765744
0.762015
0.758118
0.754057
0.749834
0.745454
0.740918
0.73623
0.731392
0.72641
0.721285
0.716021
0.710623
0.705093
0.699435
0.693653
0.687751
0.681733
0.675602
0.669363
0.66302
0.656577
0.650038
0.643406
0.636687
0.629884
0.623002
0.616045
0.609016
0.601921
0.594763
0.587547
0.580277
0.572956
0.56559
0.558183
0.550738
0.543259
0.535752
0.528219
0.520665
0.513093
0.505509
0.497915
0.490315
0.482713
0.475113
0.467519
0.459934
0.452361
0.444805
0.437268
0.429754
0.422265
0.414806
0.407379
0.399988
0.392635
0.385323
0.378054
0.370833
0.36366
0.356539
0.349472
0.342462
0.33551
0.32862
0.321792
0.315029
0.308333
0.301706
0.295149
0.288664
0.282252
0.275916
0.269656
0.263474
0.25737
0.251347
0.245405
0.239544
0.233767
0.228073
0.222464
0.216939
0.211501
0.206148
0.200881
0.195702
0.190609
0.185603
0.180685
0.175855
0.171111
0.166455
0.161886
0.157404
0.153009
0.1487
0.144478
0.14034
0.136289
0.132321
0.128438
0.124639
0.120922
0.117287
0.113734
0.110262
0.10687
0.103556
0.100321
0.0971635
0.0940822
0.0910763
0.088145
0.0852872
0.0825019
0.0797881
0.0771447
0.0745706
0.0720649
0.0696264
0.0672539
0.0649465
0.0627029
0.060522
0.0584027
0.0563439
0.0543444
0.052403
0.0505187
0.0486902
0.0469164
0.0451963
0.0435285
0.0419121
0.0403459
0.0388287
0.0373594
0.035937
0.0345602
0.0332281
0.0319396
0.0306935
0.0294889
0.0283246
0.0271996
0.0261129
0.0250636
0.0240505
0.0230727
0.0221293
0.0212193
0.0203417
0.0194957
0.0186803
0.0178946
0.0171378
0.016409
0.0157074
0.015032
0.0143823
0.0137572
0.0131561
0.0125782
0.0120227
0.0114889
0.0109762
0.0104838
0.0100111
0.00955728
0.00912185
0.00870413
0.00830351
0.0079194
0.00755121
0.00719838
0.00686037
0.00653662
0.00622664
0.00592991
0.00564594
0.00537426
0.0051144
0.00486592
0.00462838
0.00440136
0.00418445
0.00397727
0.00377942
0.00359053
0.00341025
0.00323823
0.00307414
0.00291765
0.00276846
0.00262625
0.00249073
0.00236164
0.00223868
0.00212161
0.00201017
0.00190412
0.00180323
0.00170726
0.00161601
0.00152926
0.00144681
0.00136848
0.00129407
0.00122341
0.00115632
0.00109265
0.00103223
0.000974909
0.00092055
0.000869009
0.000820154
0.000773857
0.000729995
0.000688451
0.000649112
0.000611872
0.000576628
0.000543281
0.000511738
0.000481908
0.000453707
0.000427051
0.000401864
0.00037807
0.000355597
0.000334379
0.00031435
0.000295449
0.000277616
0.793725
0.793531
0.793144
0.792563
0.79179
0.790824
0.789666
0.788318
0.78678
0.785053
0.783138
0.781038
0.778753
0.776286
0.773637
0.770809
0.767804
0.764624
0.761271
0.757748
0.754057
0.750201
0.746182
0.742004
0.737669
0.73318
0.728541
0.723754
0.718824
0.713752
0.708544
0.703201
0.697729
0.69213
0.686409
0.680569
0.674613
0.668547
0.662373
0.656096
0.64972
0.643249
0.636687
0.630038
0.623306
0.616496
0.609611
0.602656
0.595635
0.588552
0.581411
0.574217
0.566973
0.559684
0.552354
0.544986
0.537586
0.530157
0.522703
0.515227
0.507735
0.50023
0.492715
0.485194
0.477672
0.470152
0.462637
0.455131
0.447637
0.44016
0.432701
0.425266
0.417855
0.410474
0.403125
0.395811
0.388534
0.381299
0.374106
0.36696
0.359862
0.352816
0.345823
0.338886
0.332007
0.325188
0.318431
0.311739
0.305113
0.298555
0.292066
0.285649
0.279305
0.273035
0.26684
0.260722
0.254683
0.248722
0.242842
0.237043
0.231326
0.225691
0.220141
0.214674
0.209292
0.203995
0.198783
0.193658
0.188618
0.183665
0.178798
0.174018
0.169324
0.164717
0.160196
0.15576
0.151411
0.147147
0.142969
0.138875
0.134865
0.130939
0.127097
0.123337
0.119659
0.116063
0.112547
0.109111
0.105754
0.102475
0.0992736
0.0961488
0.0930997
0.0901252
0.0872245
0.0843965
0.0816403
0.0789548
0.076339
0.0737919
0.0713123
0.0688993
0.0665516
0.0642682
0.0620481
0.0598899
0.0577928
0.0557555
0.0537768
0.0518557
0.0499911
0.0481817
0.0464265
0.0447243
0.043074
0.0414744
0.0399245
0.0384232
0.0369693
0.0355617
0.0341993
0.0328811
0.031606
0.030373
0.0291809
0.0280288
0.0269155
0.0258402
0.0248018
0.0237993
0.0228318
0.0218982
0.0209977
0.0201293
0.0192921
0.0184852
0.0177078
0.0169589
0.0162377
0.0155433
0.0148751
0.0142321
0.0136135
0.0130187
0.0124468
0.0118971
0.011369
0.0108616
0.0103743
0.00990651
0.00945748
0.00902659
0.00861323
0.0082168
0.0078367
0.00747235
0.00712321
0.00678872
0.00646836
0.00616161
0.00586798
0.00558698
0.00531813
0.00506099
0.0048151
0.00458004
0.00435539
0.00414075
0.00393573
0.00373995
0.00355303
0.00337464
0.00320442
0.00304204
0.00288719
0.00273955
0.00259882
0.00246472
0.00233697
0.0022153
0.00209946
0.00198918
0.00188424
0.0017844
0.00168943
0.00159913
0.00151329
0.00143171
0.00135419
0.00128056
0.00121063
0.00114424
0.00108124
0.00102145
0.000964728
0.000910936
0.000859934
0.000811589
0.000765775
0.000722371
0.000681261
0.000642334
0.000605483
0.000570606
0.000537608
0.000506394
0.000476876
0.000448969
0.000422592
0.000397667
0.000374121
0.000351884
0.000330887
0.000311068
0.000292364
0.000274717
0.785244
0.785053
0.784669
0.784095
0.78333
0.782374
0.781229
0.779895
0.778373
0.776665
0.774771
0.772693
0.770433
0.767991
0.765371
0.762573
0.7596
0.756454
0.753137
0.749651
0.746
0.742185
0.738209
0.734076
0.729787
0.725346
0.720757
0.716021
0.711143
0.706126
0.700973
0.695688
0.690274
0.684735
0.679075
0.673297
0.667405
0.661404
0.655296
0.649086
0.642778
0.636376
0.629884
0.623306
0.616646
0.609909
0.603098
0.596217
0.589271
0.582263
0.575199
0.568081
0.560915
0.553704
0.546452
0.539163
0.531842
0.524492
0.517118
0.509722
0.50231
0.494885
0.48745
0.48001
0.472568
0.465128
0.457694
0.450268
0.442854
0.435457
0.428078
0.420722
0.413391
0.406089
0.398818
0.391582
0.384383
0.377225
0.370109
0.363039
0.356017
0.349046
0.342128
0.335265
0.328459
0.321713
0.315029
0.308408
0.301853
0.295365
0.288946
0.282597
0.276321
0.270117
0.263989
0.257937
0.251961
0.246065
0.240247
0.23451
0.228854
0.22328
0.217788
0.21238
0.207056
0.201815
0.196659
0.191589
0.186603
0.181703
0.176888
0.172159
0.167515
0.162957
0.158484
0.154096
0.149793
0.145575
0.141441
0.137391
0.133424
0.12954
0.125739
0.122019
0.118381
0.114823
0.111344
0.107945
0.104624
0.10138
0.0982129
0.0951215
0.0921049
0.0891623
0.0862925
0.0834948
0.080768
0.0781112
0.0755234
0.0730035
0.0705504
0.0681631
0.0658405
0.0635815
0.0613851
0.05925
0.0571753
0.0551597
0.0532022
0.0513017
0.0494569
0.0476669
0.0459304
0.0442464
0.0426137
0.0410313
0.039498
0.0380126
0.0365743
0.0351817
0.0338339
0.0325298
0.0312683
0.0300485
0.0288691
0.0277293
0.026628
0.0255641
0.0245368
0.023545
0.0225878
0.0216642
0.0207733
0.0199142
0.019086
0.0182877
0.0175186
0.0167777
0.0160642
0.0153773
0.0147161
0.01408
0.0134681
0.0128796
0.0123138
0.01177
0.0112475
0.0107455
0.0102635
0.00980066
0.00935643
0.00893014
0.0085212
0.008129
0.00775296
0.00739251
0.0070471
0.00671619
0.00639925
0.00609578
0.00580528
0.00552728
0.00526131
0.00500691
0.00476365
0.0045311
0.00430886
0.00409651
0.00389368
0.00369999
0.00351507
0.00333858
0.00317018
0.00300954
0.00285634
0.00271027
0.00257105
0.00243839
0.002312
0.00219163
0.00207702
0.00196793
0.00186411
0.00176533
0.00167138
0.00158205
0.00149712
0.00141641
0.00133972
0.00126687
0.0011977
0.00113202
0.00106968
0.00101053
0.00095442
0.000901203
0.000850746
0.000802918
0.000757593
0.000714653
0.000673982
0.00063547
0.000599013
0.00056451
0.000531864
0.000500983
0.000471781
0.000444172
0.000418076
0.000393418
0.000370124
0.000348124
0.000327352
0.000307744
0.00028924
0.000271782
0.776665
0.776475
0.776096
0.775528
0.774771
0.773826
0.772693
0.771374
0.769868
0.768179
0.766306
0.76425
0.762015
0.7596
0.757008
0.754241
0.7513
0.748189
0.744908
0.741461
0.737849
0.734076
0.730144
0.726055
0.721813
0.717421
0.712882
0.708198
0.703373
0.698411
0.693314
0.688087
0.682732
0.677254
0.671655
0.66594
0.660113
0.654177
0.648136
0.641994
0.635755
0.629423
0.623002
0.616496
0.609909
0.603245
0.596508
0.589702
0.582832
0.575901
0.568914
0.561874
0.554786
0.547654
0.540481
0.533272
0.526031
0.518762
0.511468
0.504153
0.496822
0.489478
0.482124
0.474766
0.467405
0.460046
0.452693
0.445348
0.438016
0.430699
0.423401
0.416125
0.408874
0.401652
0.39446
0.387303
0.380183
0.373103
0.366065
0.359073
0.352127
0.345232
0.33839
0.331602
0.324871
0.318198
0.311587
0.305039
0.298555
0.292138
0.285789
0.279509
0.273301
0.267166
0.261105
0.255118
0.249209
0.243376
0.237622
0.231948
0.226354
0.22084
0.215409
0.21006
0.204793
0.19961
0.194511
0.189495
0.184564
0.179717
0.174955
0.170278
0.165685
0.161176
0.156752
0.152413
0.148157
0.143985
0.139896
0.13589
0.131966
0.128125
0.124365
0.120686
0.117087
0.113568
0.110128
0.106765
0.103481
0.100272
0.0971398
0.0940822
0.0910986
0.0881881
0.0853497
0.0825825
0.0798855
0.0772578
0.0746982
0.0722058
0.0697795
0.0674183
0.0651211
0.0628868
0.0607144
0.0586027
0.0565506
0.0545571
0.0526209
0.0507411
0.0489166
0.0471461
0.0454286
0.043763
0.0421481
0.040583
0.0390664
0.0375973
0.0361746
0.0347973
0.0334642
0.0321744
0.0309267
0.0297201
0.0285537
0.0274263
0.026337
0.0252848
0.0242687
0.0232878
0.022341
0.0214275
0.0205464
0.0196966
0.0188774
0.0180879
0.0173271
0.0165943
0.0158886
0.0152092
0.0145553
0.0139262
0.0133209
0.0127389
0.0121793
0.0116414
0.0111246
0.0106281
0.0101513
0.00969358
0.0092542
0.00883257
0.0084281
0.00804018
0.00766825
0.00731174
0.0069701
0.0066428
0.00632933
0.00602918
0.00574185
0.00546689
0.00520382
0.0049522
0.0047116
0.0044816
0.00426178
0.00405175
0.00385114
0.00365956
0.00347666
0.0033021
0.00313554
0.00297665
0.00282513
0.00268066
0.00254296
0.00241174
0.00228674
0.00216769
0.00205433
0.00194643
0.00184374
0.00174604
0.00165312
0.00156476
0.00148076
0.00140093
0.00132508
0.00125303
0.00118461
0.00111965
0.001058
0.000999491
0.000943992
0.000891356
0.000841451
0.000794145
0.000749316
0.000706845
0.000666618
0.000628527
0.000592468
0.000558342
0.000526052
0.000495509
0.000466626
0.000439319
0.000413508
0.00038912
0.00036608
0.00034432
0.000323775
0.000304381
0.00028608
0.000268812
0.767991
0.767804
0.767429
0.766867
0.766118
0.765184
0.764064
0.762759
0.761271
0.7596
0.757748
0.755715
0.753505
0.751117
0.748554
0.745818
0.74291
0.739833
0.736589
0.73318
0.729609
0.725878
0.72199
0.717947
0.713752
0.709409
0.70492
0.700289
0.695518
0.690611
0.685572
0.680402
0.675108
0.66969
0.664154
0.658503
0.652741
0.646871
0.640898
0.634824
0.628655
0.622394
0.616045
0.609611
0.603098
0.596508
0.589846
0.583117
0.576323
0.56947
0.562561
0.5556
0.548591
0.541538
0.534445
0.527317
0.520157
0.512968
0.505756
0.498523
0.491273
0.484011
0.47674
0.469464
0.462185
0.454909
0.447637
0.440375
0.433124
0.425889
0.418672
0.411478
0.404308
0.397166
0.390055
0.382978
0.375937
0.368936
0.361977
0.355063
0.348195
0.341377
0.334611
0.327898
0.321242
0.314645
0.308107
0.301632
0.295221
0.288875
0.282597
0.276388
0.270249
0.264182
0.258189
0.252269
0.246425
0.240658
0.234969
0.229358
0.223826
0.218374
0.213003
0.207714
0.202506
0.197381
0.192338
0.187379
0.182503
0.17771
0.173001
0.168376
0.163834
0.159376
0.155002
0.15071
0.146502
0.142377
0.138333
0.134372
0.130493
0.126694
0.122976
0.119338
0.11578
0.1123
0.108898
0.105573
0.102325
0.0991525
0.096055
0.0930315
0.0900812
0.0872032
0.0843965
0.0816602
0.0789934
0.076395
0.073864
0.0713994
0.0690003
0.0666654
0.0643939
0.0621845
0.0600363
0.0579482
0.0559191
0.0539478
0.0520333
0.0501745
0.0483703
0.0466196
0.0449213
0.0432742
0.0416774
0.0401298
0.0386301
0.0371774
0.0357707
0.0344087
0.0330905
0.0318151
0.0305813
0.0293882
0.0282348
0.02712
0.0260429
0.0250024
0.0239977
0.0230277
0.0220915
0.0211882
0.0203169
0.0194767
0.0186666
0.0178859
0.0171336
0.016409
0.0157112
0.0150394
0.0143928
0.0137706
0.0131721
0.0125966
0.0120433
0.0115114
0.0110004
0.0105094
0.010038
0.00958533
0.00915085
0.00873393
0.00833398
0.00795039
0.00758262
0.00723009
0.00689226
0.00656862
0.00625865
0.00596184
0.00567773
0.00540584
0.00514571
0.0048969
0.00465899
0.00443155
0.00421418
0.0040065
0.00380813
0.00361869
0.00343784
0.00326523
0.00310052
0.00294341
0.00279358
0.00265072
0.00251456
0.00238481
0.0022612
0.00214348
0.00203139
0.00192469
0.00182315
0.00172654
0.00163466
0.00154729
0.00146423
0.00138529
0.00131028
0.00123904
0.00117138
0.00110715
0.00104618
0.000988329
0.00093345
0.000881402
0.000832054
0.000785276
0.000740948
0.000698951
0.000659173
0.000621508
0.000585852
0.000552106
0.000520178
0.000489976
0.000461415
0.000434412
0.000408891
0.000384774
0.000361992
0.000340475
0.000320159
0.000300982
0.000282885
0.00026581
0.759229
0.759044
0.758673
0.758118
0.757378
0.756454
0.755347
0.754057
0.752585
0.750934
0.749103
0.747093
0.744908
0.742547
0.740014
0.737309
0.734434
0.731392
0.728185
0.724815
0.721285
0.717596
0.713752
0.709756
0.705609
0.701316
0.696878
0.692299
0.687583
0.682732
0.67775
0.67264
0.667405
0.66205
0.656577
0.65099
0.645294
0.639491
0.633586
0.627582
0.621483
0.615293
0.609016
0.602656
0.596217
0.589702
0.583117
0.576464
0.569748
0.562973
0.556142
0.549261
0.542332
0.535359
0.528348
0.521301
0.514222
0.507116
0.499985
0.492835
0.485668
0.478489
0.471301
0.464107
0.456912
0.449719
0.44253
0.43535
0.428183
0.42103
0.413896
0.406783
0.399695
0.392635
0.385605
0.378609
0.371648
0.364727
0.357847
0.351012
0.344222
0.337482
0.330793
0.324157
0.317577
0.311055
0.304592
0.298191
0.291853
0.285579
0.279373
0.273235
0.267166
0.261168
0.255243
0.249391
0.243614
0.237913
0.232288
0.226741
0.221272
0.215883
0.210573
0.205344
0.200196
0.195129
0.190144
0.185241
0.180421
0.175683
0.171028
0.166455
0.161965
0.157558
0.153233
0.148991
0.144831
0.140752
0.136755
0.132839
0.129004
0.125249
0.121573
0.117977
0.114459
0.111018
0.107655
0.104369
0.101157
0.0980213
0.0949591
0.0919701
0.0890535
0.0862083
0.0834336
0.0807286
0.0780922
0.0755234
0.0730213
0.0705848
0.068213
0.0659048
0.0636592
0.0614751
0.0593514
0.0572871
0.0552811
0.0533323
0.0514396
0.049602
0.0478184
0.0460877
0.0444087
0.0427805
0.0412019
0.0396719
0.0381894
0.0367533
0.0353625
0.0340161
0.032713
0.0314521
0.0302324
0.0290529
0.0279127
0.0268106
0.0257458
0.0247172
0.0237239
0.022765
0.0218395
0.0209465
0.0200851
0.0192545
0.0184537
0.0176818
0.0169382
0.0162218
0.015532
0.0148678
0.0142286
0.0136135
0.0130219
0.0124529
0.0119059
0.0113801
0.0108749
0.0103895
0.00992346
0.00947597
0.00904645
0.00863429
0.00823889
0.00785969
0.00749611
0.0071476
0.00681363
0.00649368
0.00618724
0.00589382
0.00561295
0.00534416
0.005087
0.00484103
0.00460583
0.00438099
0.0041661
0.00396079
0.00376468
0.0035774
0.00339862
0.00322797
0.00306515
0.00290983
0.00276171
0.00262048
0.00248587
0.0023576
0.00223541
0.00211902
0.00200821
0.00190273
0.00180235
0.00170685
0.00161601
0.00152963
0.00144752
0.00136948
0.00129533
0.0012249
0.00115802
0.00109452
0.00103424
0.000977053
0.0009228
0.000871346
0.000822561
0.000776317
0.000732494
0.000690976
0.000651653
0.000614417
0.000579168
0.000545807
0.000514243
0.000484386
0.00045615
0.000429456
0.000404226
0.000380384
0.000357862
0.000336591
0.000316507
0.000297548
0.000279657
0.000262778
0.750384
0.750201
0.749834
0.749285
0.748554
0.747641
0.746547
0.745272
0.743818
0.742185
0.740375
0.73839
0.73623
0.733897
0.731392
0.728719
0.725878
0.722871
0.719702
0.716371
0.712882
0.709236
0.705437
0.701487
0.697389
0.693145
0.688759
0.684234
0.679572
0.674778
0.669854
0.664803
0.65963
0.654337
0.648928
0.643406
0.637776
0.632041
0.626204
0.62027
0.614242
0.608125
0.601921
0.595635
0.589271
0.582832
0.576323
0.569748
0.56311
0.556414
0.549663
0.542862
0.536013
0.529122
0.522192
0.515227
0.508231
0.501208
0.49416
0.487093
0.48001
0.472915
0.46581
0.4587
0.451589
0.444479
0.437375
0.430278
0.423194
0.416125
0.409074
0.402044
0.395039
0.38806
0.381113
0.374198
0.367319
0.360478
0.353678
0.346922
0.340212
0.33355
0.326939
0.320381
0.313878
0.307431
0.301044
0.294717
0.288452
0.282252
0.276118
0.270051
0.264053
0.258126
0.252269
0.246486
0.240776
0.235141
0.229582
0.224099
0.218694
0.213368
0.20812
0.202952
0.197863
0.192856
0.187929
0.183083
0.178319
0.173636
0.169035
0.164516
0.160078
0.155722
0.151448
0.147255
0.143143
0.139112
0.135162
0.131292
0.127501
0.12379
0.120157
0.116602
0.113125
0.109725
0.106401
0.103153
0.099979
0.0968793
0.0938528
0.0908986
0.088016
0.0852039
0.0824616
0.0797881
0.0771824
0.0746435
0.0721706
0.0697625
0.0674183
0.065137
0.0629175
0.0607589
0.0586599
0.0566197
0.054637
0.0527109
0.0508404
0.0490242
0.0472613
0.0455507
0.0438914
0.0422821
0.0407219
0.0392097
0.0377445
0.0363251
0.0349506
0.0336198
0.0323319
0.0310857
0.0298802
0.0287145
0.0275875
0.0264983
0.0254458
0.0244292
0.0234475
0.0224998
0.021585
0.0207025
0.0198511
0.0190301
0.0182387
0.0174758
0.0167408
0.0160328
0.015351
0.0146946
0.0140628
0.0134549
0.0128702
0.0123078
0.0117671
0.0112475
0.0107482
0.0102685
0.00980784
0.00936557
0.00894105
0.00853369
0.00814291
0.00776812
0.00740877
0.00706433
0.00673425
0.00641802
0.00611516
0.00582516
0.00554756
0.0052819
0.00502774
0.00478463
0.00455217
0.00432995
0.00411757
0.00391465
0.00372082
0.00353573
0.00335902
0.00319037
0.00302944
0.00287593
0.00272953
0.00258995
0.00245691
0.00233014
0.00220936
0.00209434
0.00198482
0.00188056
0.00178135
0.00168696
0.00159718
0.00151181
0.00143066
0.00135353
0.00128024
0.00121063
0.00114452
0.00108176
0.00102219
0.00096567
0.000912049
0.000861195
0.000812977
0.000767273
0.00072396
0.000682926
0.000644061
0.000607259
0.00057242
0.000539448
0.000508252
0.000478742
0.000450836
0.000424453
0.000399516
0.000375953
0.000353693
0.000332669
0.000312819
0.000294082
0.000276399
0.000259716
0.741461
0.74128
0.740918
0.740375
0.739653
0.73875
0.737669
0.736409
0.734972
0.733359
0.731571
0.729609
0.727475
0.725169
0.722695
0.720053
0.717246
0.714275
0.711143
0.707852
0.704404
0.700802
0.697048
0.693145
0.689095
0.684902
0.680569
0.676097
0.671491
0.666754
0.661888
0.656898
0.651786
0.646556
0.641211
0.635755
0.630192
0.624525
0.618758
0.612894
0.606938
0.600893
0.594763
0.588552
0.582263
0.575901
0.56947
0.562973
0.556414
0.549797
0.543127
0.536406
0.529639
0.52283
0.515983
0.5091
0.502187
0.495247
0.488284
0.481301
0.474302
0.467291
0.460271
0.453246
0.446219
0.439194
0.432173
0.425162
0.418162
0.411176
0.404209
0.397263
0.390341
0.383446
0.37658
0.369748
0.362951
0.356191
0.349472
0.342797
0.336166
0.329584
0.323051
0.316571
0.310145
0.303775
0.297464
0.291212
0.285022
0.278896
0.272835
0.26684
0.260913
0.255056
0.249269
0.243554
0.237913
0.232345
0.226852
0.221434
0.216094
0.21083
0.205645
0.200538
0.195511
0.190562
0.185694
0.180906
0.176198
0.171571
0.167025
0.162559
0.158175
0.153871
0.149647
0.145504
0.141441
0.137458
0.133555
0.12973
0.125985
0.122317
0.118728
0.115216
0.11178
0.10842
0.105136
0.101926
0.0987901
0.0957272
0.0927367
0.0898177
0.0869693
0.0841907
0.081481
0.0788393
0.0762645
0.0737559
0.0713123
0.0689329
0.0666166
0.0643624
0.0621694
0.0600363
0.0579624
0.0559464
0.0539873
0.0520841
0.0502358
0.0484412
0.0466993
0.0450091
0.0433694
0.0417793
0.0402377
0.0387435
0.0372956
0.0358931
0.0345349
0.03322
0.0319474
0.030716
0.0295249
0.028373
0.0272594
0.0261832
0.0251432
0.0241387
0.0231687
0.0222322
0.0213284
0.0204563
0.0196151
0.0188038
0.0180218
0.017268
0.0165418
0.0158422
0.0151685
0.0145198
0.0138956
0.0132949
0.0127171
0.0121614
0.0116272
0.0111137
0.0106204
0.0101464
0.00969121
0.0092542
0.00883473
0.00843221
0.00804608
0.00767574
0.00732067
0.00698032
0.00665417
0.0063417
0.00604244
0.00575589
0.00548159
0.00521909
0.00496795
0.00472773
0.00449804
0.00427846
0.0040686
0.0038681
0.00367657
0.00349368
0.00331908
0.00315243
0.00299342
0.00284173
0.00269707
0.00255915
0.0024277
0.00230243
0.00218309
0.00206943
0.00196121
0.0018582
0.00176017
0.0016669
0.00157819
0.00149383
0.00141364
0.00133743
0.00126502
0.00119623
0.00113091
0.0010689
0.00101004
0.000954187
0.000901203
0.000850954
0.00080331
0.000758148
0.000715351
0.000674805
0.000636402
0.000600038
0.000565613
0.000533034
0.000502208
0.000473049
0.000445475
0.000419405
0.000394765
0.000371482
0.000349487
0.000328713
0.000309099
0.000290585
0.000273112
0.000256628
0.732465
0.732286
0.731928
0.731392
0.730678
0.729787
0.728719
0.727475
0.726055
0.724461
0.722695
0.720757
0.718648
0.716371
0.713927
0.711317
0.708544
0.705609
0.702515
0.699264
0.695858
0.692299
0.688591
0.684735
0.680735
0.676593
0.672311
0.667894
0.663344
0.658664
0.653858
0.648928
0.643878
0.638711
0.633431
0.628042
0.622546
0.616948
0.61125
0.605458
0.599574
0.593602
0.587547
0.581411
0.575199
0.568914
0.562561
0.556142
0.549663
0.543127
0.536537
0.529898
0.523213
0.516487
0.509722
0.502924
0.496095
0.489239
0.48236
0.475462
0.468548
0.461621
0.454687
0.447747
0.440805
0.433865
0.42693
0.420003
0.413088
0.406188
0.399305
0.392443
0.385605
0.378793
0.372011
0.365262
0.358547
0.35187
0.345232
0.338638
0.332088
0.325585
0.319132
0.31273
0.306382
0.30009
0.293855
0.287679
0.281564
0.275512
0.269524
0.263603
0.257748
0.251961
0.246245
0.240599
0.235026
0.229526
0.224099
0.218748
0.213472
0.208272
0.20315
0.198105
0.193138
0.18825
0.183441
0.178711
0.174061
0.16949
0.164999
0.160587
0.156256
0.152004
0.147832
0.143739
0.139725
0.13579
0.131934
0.128156
0.124456
0.120833
0.117287
0.113818
0.110424
0.107105
0.10386
0.100689
0.0975915
0.0945658
0.0916116
0.088728
0.0859141
0.0831693
0.0804924
0.0778827
0.0753392
0.072861
0.0704471
0.0680966
0.0658084
0.0635815
0.0614151
0.0593079
0.0572591
0.0552676
0.0533323
0.0514522
0.0496263
0.0478535
0.0461327
0.044463
0.0428432
0.0412724
0.0397495
0.0382734
0.0368431
0.0354576
0.0341159
0.032817
0.0315598
0.0303433
0.0291667
0.0280288
0.0269287
0.0258655
0.0248382
0.0238459
0.0228876
0.0219625
0.0210696
0.0202081
0.0193771
0.0185757
0.0178031
0.0170585
0.0163411
0.0156499
0.0149844
0.0143437
0.013727
0.0131336
0.0125628
0.0120139
0.0114861
0.0109789
0.0104915
0.0100233
0.00957363
0.00914192
0.00872754
0.00832991
0.00794845
0.00758262
0.00723185
0.00689563
0.00657343
0.00626476
0.00596913
0.00568605
0.00541508
0.00515577
0.00490767
0.00467037
0.00444347
0.00422655
0.00401924
0.00382117
0.00363197
0.00345129
0.00327881
0.00311418
0.0029571
0.00280725
0.00266435
0.0025281
0.00239824
0.00227449
0.0021566
0.00204432
0.00193742
0.00183565
0.00173881
0.00164668
0.00155904
0.00147571
0.00139649
0.0013212
0.00124967
0.00118172
0.00111719
0.00105593
0.000997785
0.00094261
0.000890269
0.000840629
0.000793563
0.00074895
0.000706672
0.000666618
0.000628681
0.000592758
0.000558751
0.000526566
0.000496115
0.00046731
0.00044007
0.000414317
0.000389976
0.000366975
0.000345246
0.000324725
0.000305349
0.000287059
0.000269799
0.000253514
0.723401
0.723224
0.722871
0.722342
0.721637
0.720757
0.719702
0.718473
0.717071
0.715497
0.713752
0.711838
0.709756
0.707507
0.705093
0.702515
0.699776
0.696878
0.693822
0.690611
0.687247
0.683733
0.68007
0.676262
0.672311
0.66822
0.663992
0.65963
0.655136
0.650514
0.645767
0.640898
0.63591
0.630808
0.625593
0.62027
0.614842
0.609314
0.603687
0.597966
0.592155
0.586257
0.580277
0.574217
0.568081
0.561874
0.5556
0.549261
0.542862
0.536406
0.529898
0.523341
0.516739
0.510096
0.503415
0.4967
0.489956
0.483185
0.476391
0.469578
0.46275
0.455909
0.44906
0.442206
0.43535
0.428496
0.421647
0.414806
0.407977
0.401162
0.394364
0.387587
0.380833
0.374106
0.367408
0.360742
0.35411
0.347516
0.34096
0.334447
0.327979
0.321556
0.315183
0.30886
0.302591
0.296376
0.290218
0.284119
0.27808
0.272103
0.266189
0.260341
0.254558
0.248844
0.243198
0.237622
0.232118
0.226685
0.221326
0.216041
0.21083
0.205695
0.200636
0.195654
0.190749
0.185921
0.181171
0.1765
0.171907
0.167392
0.162957
0.1586
0.154322
0.150123
0.146002
0.14196
0.137996
0.13411
0.130302
0.126571
0.122916
0.119338
0.115836
0.112409
0.109057
0.105779
0.102575
0.0994434
0.0963839
0.0933956
0.090478
0.08763
0.0848511
0.0821401
0.0794964
0.076919
0.074407
0.0719594
0.0695754
0.0672539
0.0649941
0.0627948
0.0606551
0.0585741
0.0565506
0.0545837
0.0526724
0.0508155
0.0490122
0.0472613
0.0455619
0.0439128
0.0423131
0.0407617
0.0392576
0.0377998
0.0363872
0.0350189
0.0336938
0.0324109
0.0311693
0.0299679
0.0288058
0.0276819
0.0265955
0.0255454
0.0245308
0.0235508
0.0226044
0.0216907
0.0208089
0.019958
0.0191373
0.0183458
0.0175828
0.0168474
0.0161388
0.0154563
0.014799
0.0141662
0.0135571
0.0129711
0.0124074
0.0118652
0.011344
0.0108431
0.0103617
0.00989926
0.00945517
0.00902879
0.00861954
0.00822683
0.0078501
0.00748879
0.00714236
0.0068103
0.00649209
0.00618724
0.00589526
0.00561569
0.00534808
0.00509197
0.00484694
0.00461258
0.00438848
0.00417425
0.00396951
0.00377388
0.00358702
0.00340859
0.00323823
0.00307564
0.00292051
0.00277251
0.00263138
0.00249682
0.00236856
0.00224635
0.00212992
0.00201903
0.00191344
0.00181294
0.0017173
0.0016263
0.00153975
0.00145745
0.00137921
0.00130486
0.00123421
0.0011671
0.00110337
0.00104286
0.000985438
0.000930946
0.000879253
0.000830227
0.000783744
0.000739682
0.000697928
0.000658369
0.000620901
0.000585423
0.000551837
0.000520051
0.000489976
0.000461527
0.000434625
0.00040919
0.00038515
0.000362434
0.000340974
0.000320707
0.000301571
0.000283507
0.00026646
0.000250377
0.714275
0.714101
0.713752
0.71323
0.712534
0.711664
0.710623
0.709409
0.708025
0.706471
0.704748
0.702858
0.700802
0.698581
0.696198
0.693653
0.690949
0.688087
0.68507
0.681899
0.678578
0.675108
0.671491
0.667731
0.66383
0.659791
0.655616
0.651308
0.646871
0.642308
0.63762
0.632813
0.627888
0.62285
0.617701
0.612445
0.607086
0.601627
0.596071
0.590423
0.584685
0.578862
0.572956
0.566973
0.560915
0.554786
0.548591
0.542332
0.536013
0.529639
0.523213
0.516739
0.51022
0.503661
0.497064
0.490435
0.483775
0.477089
0.470381
0.463654
0.456912
0.450158
0.443395
0.436628
0.429858
0.423091
0.416328
0.409573
0.40283
0.396101
0.389389
0.382698
0.376029
0.369387
0.362773
0.356191
0.349643
0.343132
0.336659
0.330228
0.323841
0.3175
0.311207
0.304964
0.298774
0.292637
0.286557
0.280535
0.274572
0.26867
0.262831
0.257056
0.251347
0.245705
0.24013
0.234625
0.22919
0.223826
0.218534
0.213316
0.208171
0.2031
0.198105
0.193186
0.188342
0.183575
0.178886
0.174273
0.169738
0.165281
0.160901
0.156599
0.152375
0.148229
0.14416
0.140169
0.136255
0.132418
0.128658
0.124974
0.121366
0.117833
0.114375
0.110991
0.107682
0.104445
0.101281
0.0981889
0.095168
0.0922174
0.0893366
0.0865246
0.0837806
0.0811039
0.0784936
0.0759487
0.0734683
0.0710517
0.0686977
0.0664055
0.0641742
0.0620026
0.0598899
0.0578351
0.0558372
0.0538951
0.0520079
0.0501745
0.0483939
0.0466651
0.0449871
0.0433588
0.0417793
0.0402475
0.0387624
0.0373229
0.0359282
0.0345771
0.0332687
0.032002
0.0307761
0.0295898
0.0284424
0.0273327
0.02626
0.0252232
0.0242214
0.0232537
0.0223192
0.0214171
0.0205464
0.0197063
0.0188959
0.0181144
0.017361
0.0166349
0.0159353
0.0152613
0.0146123
0.0139875
0.0133861
0.0128075
0.0122508
0.0117155
0.0112009
0.0107063
0.010231
0.00977438
0.00933589
0.0089149
0.00851081
0.00812305
0.00775107
0.00739432
0.00705226
0.00672439
0.00641019
0.00610919
0.00582089
0.00554485
0.00528061
0.00502774
0.0047858
0.00455439
0.00433312
0.00412159
0.00391943
0.00372628
0.00354177
0.00336559
0.00319738
0.00303685
0.00288366
0.00273754
0.00259819
0.00246532
0.00233868
0.00221801
0.00210305
0.00199356
0.00188931
0.00179007
0.00169563
0.00160578
0.00152033
0.00143906
0.00136181
0.0012884
0.00121864
0.00115238
0.00108945
0.00102971
0.000973007
0.000919202
0.000868161
0.000819754
0.000773857
0.000730351
0.000689123
0.000650064
0.000613069
0.000578038
0.000544875
0.00051349
0.000483795
0.000455705
0.000429142
0.000404028
0.000380291
0.000357862
0.000336673
0.000316661
0.000297766
0.00027993
0.000263099
0.000247219
0.705093
0.70492
0.704576
0.70406
0.703373
0.702515
0.701487
0.700289
0.698923
0.697389
0.695688
0.693822
0.691792
0.6896
0.687247
0.684735
0.682066
0.679241
0.676262
0.673133
0.669854
0.666428
0.662858
0.659147
0.655296
0.651308
0.647187
0.642935
0.638555
0.63405
0.629423
0.624677
0.619816
0.614842
0.60976
0.604572
0.599281
0.593892
0.588408
0.582832
0.577168
0.57142
0.56559
0.559684
0.553704
0.547654
0.541538
0.535359
0.529122
0.52283
0.516487
0.510096
0.503661
0.497186
0.490674
0.48413
0.477556
0.470956
0.464334
0.457694
0.451038
0.444371
0.437695
0.431014
0.424332
0.417652
0.410976
0.404308
0.397651
0.391009
0.384383
0.377778
0.371195
0.364638
0.358109
0.351612
0.345148
0.33872
0.332331
0.325983
0.319678
0.313418
0.307206
0.301044
0.294933
0.288875
0.282873
0.276928
0.271042
0.265216
0.259452
0.253752
0.248116
0.242546
0.237043
0.231608
0.226243
0.220948
0.215725
0.210573
0.205494
0.200489
0.195558
0.190702
0.185921
0.181215
0.176586
0.172033
0.167556
0.163156
0.158833
0.154586
0.150416
0.146323
0.142307
0.138367
0.134504
0.130716
0.127004
0.123367
0.119805
0.116318
0.112904
0.109564
0.106297
0.103102
0.099979
0.0969266
0.0939445
0.0910319
0.0881881
0.0854122
0.0827036
0.0800612
0.0774844
0.0749723
0.0725238
0.0701382
0.0678145
0.0655518
0.0633491
0.0612055
0.05912
0.0570916
0.0551194
0.0532022
0.0513393
0.0495294
0.0477718
0.0460652
0.0444087
0.0428014
0.0412422
0.0397301
0.038264
0.0368431
0.0354663
0.0341326
0.032841
0.0315906
0.0303804
0.0292094
0.0280767
0.0269813
0.0259224
0.0248989
0.02391
0.0229547
0.0220323
0.0211417
0.0202822
0.0194529
0.018653
0.0178815
0.0171378
0.016421
0.0157304
0.0150651
0.0144245
0.0138077
0.013214
0.0126428
0.0120933
0.0115649
0.0110569
0.0105686
0.0100994
0.00964872
0.00921587
0.00880028
0.00840139
0.00801862
0.00765142
0.00729926
0.0069616
0.00663794
0.00632778
0.00603065
0.00574606
0.00547357
0.00521272
0.0049631
0.00472427
0.00449584
0.00427741
0.0040686
0.00386904
0.00367837
0.00349624
0.00332232
0.00315628
0.0029978
0.00284659
0.00270235
0.00256478
0.00243363
0.00230862
0.00218949
0.00207601
0.00196793
0.00186502
0.00176706
0.00167383
0.00158514
0.00150078
0.00142056
0.00134431
0.00127183
0.00120297
0.00113756
0.00107544
0.00101647
0.000960498
0.000907385
0.000857
0.000809215
0.000763908
0.000720962
0.000680264
0.000641707
0.000605187
0.000570606
0.00053787
0.000506889
0.000477575
0.000449847
0.000423625
0.000398834
0.000375402
0.000353261
0.000332345
0.00031259
0.000293938
0.000276332
0.000259716
0.000244041
0.695858
0.695688
0.695348
0.694839
0.694161
0.693314
0.692299
0.691117
0.689769
0.688255
0.686577
0.684735
0.682732
0.680569
0.678246
0.675767
0.673133
0.670345
0.667405
0.664317
0.661081
0.6577
0.654177
0.650514
0.646713
0.642778
0.638711
0.634515
0.630192
0.625746
0.621179
0.616496
0.611698
0.60679
0.601774
0.596654
0.591433
0.586114
0.580702
0.575199
0.569609
0.563936
0.558183
0.552354
0.546452
0.540481
0.534445
0.528348
0.522192
0.515983
0.509722
0.503415
0.497064
0.490674
0.484248
0.477789
0.471301
0.464788
0.458253
0.451699
0.445131
0.438551
0.431962
0.425369
0.418775
0.412181
0.405593
0.399013
0.392443
0.385887
0.379349
0.37283
0.366333
0.359862
0.353419
0.347007
0.340628
0.334284
0.327979
0.321713
0.315491
0.309313
0.303182
0.297101
0.29107
0.285092
0.279168
0.273301
0.267492
0.261743
0.256054
0.250428
0.244866
0.239369
0.233938
0.228575
0.22328
0.218054
0.212899
0.207815
0.202803
0.197863
0.192997
0.188204
0.183486
0.178842
0.174273
0.16978
0.165361
0.161019
0.156752
0.152561
0.148446
0.144407
0.140443
0.136555
0.132742
0.129004
0.125341
0.121751
0.118236
0.114794
0.111426
0.108129
0.104905
0.101752
0.0986695
0.0956571
0.0927141
0.0898396
0.0870331
0.0842936
0.0816204
0.0790127
0.0764696
0.0739903
0.071574
0.0692196
0.0669263
0.0646933
0.0625194
0.0604039
0.0583457
0.0563439
0.0543975
0.0525054
0.0506669
0.0488808
0.0471461
0.0454619
0.0438271
0.0422408
0.040702
0.0392097
0.0377629
0.0363606
0.0350018
0.0336856
0.0324109
0.0311769
0.0299825
0.0288269
0.027709
0.026628
0.0255829
0.0245728
0.0235968
0.0226541
0.0217437
0.0208648
0.0200166
0.0191981
0.0184087
0.0176473
0.0169134
0.016206
0.0155244
0.0148678
0.0142355
0.0136268
0.013041
0.0124772
0.011935
0.0114135
0.0109121
0.0104302
0.00996716
0.00952235
0.00909517
0.00868503
0.00829136
0.0079136
0.00755121
0.00720366
0.00687042
0.006551
0.00624491
0.00595166
0.0056708
0.00540188
0.00514445
0.0048981
0.0046624
0.00443696
0.00422139
0.00401532
0.00381837
0.00363019
0.00345045
0.00327881
0.00311494
0.00295854
0.00280931
0.00266695
0.00253119
0.00240176
0.00227838
0.00216082
0.00204882
0.00194215
0.00184059
0.00174391
0.00165191
0.00156438
0.00148112
0.00140196
0.0013267
0.00125517
0.00118722
0.00112266
0.00106136
0.00100316
0.000947918
0.000895501
0.000845776
0.000798617
0.000753903
0.000711519
0.000671354
0.000633302
0.000597261
0.000563133
0.000530826
0.00050025
0.00047132
0.000443955
0.000418076
0.00039361
0.000370486
0.000348634
0.000327992
0.000308496
0.000290088
0.000272713
0.000256315
0.000240844
0.686577
0.686409
0.686074
0.685572
0.684902
0.684067
0.683065
0.681899
0.680569
0.679075
0.677419
0.675602
0.673626
0.671491
0.6692
0.666754
0.664154
0.661404
0.658503
0.655456
0.652263
0.648928
0.645452
0.641837
0.638088
0.634205
0.630192
0.626051
0.621786
0.6174
0.612894
0.608273
0.603539
0.598696
0.593747
0.588696
0.583544
0.578297
0.572956
0.567527
0.562012
0.556414
0.550738
0.544986
0.539163
0.533272
0.527317
0.521301
0.515227
0.5091
0.502924
0.4967
0.490435
0.48413
0.477789
0.471416
0.465015
0.458588
0.452141
0.445674
0.439194
0.432701
0.426201
0.419696
0.413189
0.406684
0.400183
0.393691
0.387209
0.380741
0.374289
0.367857
0.361447
0.355063
0.348705
0.342379
0.336084
0.329825
0.323604
0.317422
0.311283
0.305188
0.299139
0.293138
0.287188
0.281289
0.275445
0.269656
0.263924
0.258252
0.252639
0.247088
0.2416
0.236176
0.230818
0.225526
0.220302
0.215146
0.21006
0.205043
0.200098
0.195224
0.190423
0.185694
0.181039
0.176457
0.171949
0.167515
0.163156
0.158871
0.154662
0.150527
0.146466
0.142481
0.13857
0.134734
0.130971
0.127283
0.123669
0.120127
0.116659
0.113263
0.10994
0.106687
0.103506
0.100395
0.0973535
0.0943813
0.0914775
0.0886414
0.0858722
0.0831693
0.0805317
0.0779588
0.0754497
0.0730035
0.0706193
0.0682964
0.0660337
0.0638304
0.0616856
0.0595982
0.0575675
0.0555924
0.0536719
0.0518051
0.0499911
0.0482288
0.0465172
0.0448555
0.0432426
0.0416774
0.0401592
0.0386867
0.0372592
0.0358756
0.0345349
0.0332363
0.0319786
0.030761
0.0295826
0.0284424
0.0273394
0.0262728
0.0252416
0.024245
0.0232821
0.0223519
0.0214537
0.0205865
0.0197496
0.0189421
0.0181631
0.017412
0.0166878
0.0159898
0.0153173
0.0146695
0.0140457
0.0134451
0.012867
0.0123108
0.0117758
0.0112612
0.0107666
0.0102911
0.00983422
0.00939534
0.00897385
0.00856919
0.00818077
0.00780805
0.00745049
0.00710757
0.00677878
0.00646363
0.00616161
0.00587228
0.00559517
0.00532983
0.00507584
0.00483277
0.00460021
0.00437778
0.00416509
0.00396176
0.00376744
0.00358177
0.00340443
0.00323507
0.00307339
0.00291908
0.00277184
0.00263138
0.00249743
0.00236972
0.00224799
0.002132
0.00202149
0.00191625
0.00181604
0.00172065
0.00162988
0.00154351
0.00146137
0.00138326
0.001309
0.00123843
0.00117138
0.00110769
0.0010472
0.000989778
0.000935275
0.000883557
0.000834495
0.000787965
0.000743848
0.000702029
0.0006624
0.000624855
0.000589295
0.000555622
0.000523746
0.000493578
0.000465034
0.000438033
0.0004125
0.00038836
0.000365544
0.000343984
0.000323617
0.000304381
0.000286219
0.000269075
0.000252896
0.000237632
0.677254
0.677088
0.676758
0.676262
0.675602
0.674778
0.67379
0.67264
0.671327
0.669854
0.66822
0.666428
0.664479
0.662373
0.660113
0.6577
0.655136
0.652422
0.649562
0.646556
0.643406
0.640116
0.636687
0.633122
0.629423
0.625593
0.621635
0.61755
0.613343
0.609016
0.604572
0.600013
0.595344
0.590567
0.585685
0.580702
0.57562
0.570444
0.565176
0.55982
0.55438
0.548859
0.543259
0.537586
0.531842
0.526031
0.520157
0.514222
0.508231
0.502187
0.496095
0.489956
0.483775
0.477556
0.471301
0.465015
0.4587
0.452361
0.446001
0.439623
0.43323
0.426826
0.420414
0.413997
0.407578
0.401162
0.394749
0.388345
0.381951
0.37557
0.369207
0.362862
0.356539
0.350241
0.34397
0.337729
0.331521
0.325347
0.31921
0.313112
0.307056
0.301044
0.295077
0.289158
0.283288
0.27747
0.271705
0.265994
0.260341
0.254745
0.249209
0.243733
0.23832
0.232969
0.227684
0.222464
0.21731
0.212225
0.207207
0.202259
0.197381
0.192573
0.187837
0.183173
0.17858
0.174061
0.169614
0.16524
0.16094
0.156714
0.152561
0.148483
0.144478
0.140546
0.136688
0.132904
0.129193
0.125555
0.121989
0.118496
0.115075
0.111725
0.108447
0.105239
0.1021
0.0990315
0.0960315
0.0930997
0.0902353
0.0874377
0.0847062
0.0820399
0.0794382
0.0769002
0.0744251
0.0720122
0.0696604
0.067369
0.065137
0.0629636
0.0608479
0.058789
0.0567858
0.0548375
0.0529431
0.0511017
0.0493123
0.0475739
0.0458856
0.0442464
0.0426554
0.0411115
0.0396138
0.0381614
0.0367533
0.0353885
0.034066
0.032785
0.0315444
0.0303433
0.0291809
0.0280562
0.0269682
0.025916
0.0248989
0.0239158
0.0229659
0.0220484
0.0211624
0.020307
0.0194814
0.0186849
0.0179165
0.0171755
0.0164612
0.0157727
0.0151093
0.0144703
0.0138549
0.0132625
0.0126923
0.0121436
0.0116159
0.0111083
0.0106204
0.0101513
0.00970068
0.00926776
0.008852
0.00845283
0.00806968
0.00770203
0.00734932
0.00701106
0.00668674
0.00637586
0.00607795
0.00579254
0.00551919
0.00525746
0.00500691
0.00476714
0.00453775
0.00431834
0.00410853
0.00390796
0.00371628
0.00353314
0.0033582
0.00319115
0.00303166
0.00287944
0.0027342
0.00259565
0.00246352
0.00233754
0.00221747
0.00210305
0.00199404
0.00189023
0.00179138
0.00169729
0.00160775
0.00152255
0.00144153
0.00136448
0.00129123
0.00122162
0.00115547
0.00109265
0.00103298
0.000976338
0.000922575
0.000871559
0.000823163
0.000777265
0.000733747
0.000692496
0.000653405
0.00061637
0.000581293
0.000548077
0.000516634
0.000486875
0.000458719
0.000432085
0.000406899
0.000383087
0.00036058
0.000339313
0.000319223
0.000300248
0.000282333
0.000265421
0.000249462
0.000234405
0.667894
0.667731
0.667405
0.666917
0.666266
0.665453
0.664479
0.663344
0.66205
0.660597
0.658986
0.657218
0.655296
0.653219
0.65099
0.648611
0.646082
0.643406
0.640585
0.63762
0.634515
0.63127
0.627888
0.624372
0.620725
0.616948
0.613044
0.609016
0.604867
0.6006
0.596217
0.591721
0.587117
0.582405
0.577591
0.572677
0.567665
0.562561
0.557366
0.552084
0.546719
0.541274
0.535752
0.530157
0.524492
0.518762
0.512968
0.507116
0.501208
0.495247
0.489239
0.483185
0.477089
0.470956
0.464788
0.458588
0.452361
0.44611
0.439837
0.433547
0.427243
0.420927
0.414604
0.408276
0.401946
0.395618
0.389294
0.382978
0.376672
0.37038
0.364104
0.357847
0.351612
0.345401
0.339217
0.333062
0.326939
0.320851
0.314798
0.308785
0.302813
0.296883
0.290999
0.285161
0.279373
0.273635
0.26795
0.262319
0.256743
0.251224
0.245765
0.240365
0.235026
0.22975
0.224537
0.219389
0.214307
0.209292
0.204344
0.199464
0.194653
0.189912
0.185241
0.180641
0.176112
0.171655
0.16727
0.162957
0.158716
0.154548
0.150453
0.146431
0.142481
0.138604
0.134799
0.131067
0.127408
0.12382
0.120304
0.116859
0.113485
0.110181
0.106948
0.103784
0.100689
0.097663
0.0947044
0.0918131
0.0889883
0.0862294
0.0835356
0.0809062
0.0783404
0.0758375
0.0733966
0.071017
0.0686977
0.066438
0.0642369
0.0620935
0.060007
0.0579765
0.056001
0.0540796
0.0522114
0.0503955
0.0486308
0.0469164
0.0452515
0.0436349
0.0420659
0.0405434
0.0390664
0.037634
0.0362454
0.0348994
0.0335952
0.0323319
0.0311084
0.029924
0.0287776
0.0276684
0.0265955
0.0255579
0.0245548
0.0235853
0.0226486
0.0217437
0.0208699
0.0200264
0.0192122
0.0184266
0.0176689
0.0169382
0.0162337
0.0155547
0.0149005
0.0142703
0.0136635
0.0130792
0.0125169
0.0119758
0.0114553
0.0109548
0.0104736
0.0100111
0.00956662
0.00913968
0.00872967
0.00833601
0.00795816
0.00759559
0.00724776
0.00691417
0.00659433
0.00628774
0.00599395
0.00571249
0.00544292
0.0051848
0.00493772
0.00470126
0.00447504
0.00425866
0.00405175
0.00385396
0.00366492
0.00348431
0.00331179
0.00314704
0.00298976
0.00283965
0.00269641
0.00255978
0.00242947
0.00230524
0.00218682
0.00207398
0.00196649
0.00186411
0.00176663
0.00167383
0.00158553
0.00150151
0.0014216
0.00134562
0.00127338
0.00120473
0.00113951
0.00107755
0.00101871
0.000962845
0.000909825
0.000859514
0.000811787
0.000766524
0.000723607
0.000682926
0.000644375
0.000607852
0.000573259
0.000540503
0.000509494
0.000480147
0.00045238
0.000426114
0.000401276
0.000377793
0.000355597
0.000334624
0.000314811
0.000296099
0.000278431
0.000261753
0.000246015
0.000231166
0.658503
0.658343
0.658021
0.657539
0.656898
0.656096
0.655136
0.654017
0.652741
0.651308
0.64972
0.647978
0.646082
0.644035
0.641837
0.639491
0.636998
0.63436
0.631578
0.628655
0.625593
0.622394
0.61906
0.615593
0.611997
0.608273
0.604424
0.600453
0.596362
0.592155
0.587834
0.583402
0.578862
0.574217
0.56947
0.564625
0.559684
0.554651
0.549529
0.544321
0.539032
0.533663
0.528219
0.522703
0.517118
0.511468
0.505756
0.499985
0.49416
0.488284
0.48236
0.476391
0.470381
0.464334
0.458253
0.452141
0.446001
0.439837
0.433653
0.427451
0.421236
0.415009
0.408774
0.402535
0.396294
0.390055
0.38382
0.377593
0.371376
0.365173
0.358985
0.352816
0.346668
0.340544
0.334447
0.328379
0.322342
0.316339
0.310372
0.304443
0.298555
0.292709
0.286907
0.281152
0.275445
0.269788
0.264182
0.25863
0.253133
0.247692
0.242309
0.236985
0.231721
0.226519
0.22138
0.216305
0.211294
0.206349
0.201471
0.196659
0.191916
0.187242
0.182637
0.178101
0.173636
0.169242
0.164918
0.160666
0.156485
0.152375
0.148338
0.144372
0.140478
0.136655
0.132904
0.129225
0.125616
0.122079
0.118612
0.115216
0.111889
0.108632
0.105444
0.102325
0.0992736
0.0962898
0.0933728
0.0905222
0.0877371
0.0850169
0.082361
0.0797686
0.0772389
0.0747712
0.0723646
0.0700184
0.0677318
0.0655038
0.0633337
0.0612205
0.0591633
0.0571613
0.0552136
0.0533193
0.0514773
0.0496869
0.047947
0.0462568
0.0446152
0.0430214
0.0414744
0.0399733
0.0385171
0.0371049
0.0357357
0.0344087
0.0331229
0.0318773
0.0306711
0.0295033
0.028373
0.0272794
0.0262215
0.0251985
0.0242095
0.0232537
0.0223301
0.021438
0.0205765
0.0197448
0.0189421
0.0181676
0.0174205
0.0167
0.0160054
0.015336
0.014691
0.0140697
0.0134714
0.0128953
0.0123409
0.0118074
0.0112943
0.0108008
0.0103263
0.0098703
0.00943211
0.00901118
0.00860693
0.0082188
0.00784627
0.00748879
0.00714585
0.00681696
0.00650161
0.00619934
0.00590967
0.00563217
0.00536639
0.0051119
0.00486829
0.00463516
0.00441212
0.00419878
0.00399478
0.00379977
0.00361339
0.00343532
0.00326523
0.0031028
0.00294773
0.00279972
0.0026585
0.00252379
0.00239531
0.00227283
0.00215608
0.00204482
0.00193884
0.0018379
0.00174179
0.0016503
0.00156323
0.0014804
0.00140162
0.0013267
0.00125548
0.00118779
0.00112348
0.0010624
0.00100438
0.000949307
0.000897033
0.000847429
0.000800373
0.000755746
0.000713433
0.000673324
0.000635315
0.000599306
0.000565199
0.000532903
0.00050233
0.000473396
0.000446019
0.000420123
0.000395634
0.000372481
0.000350598
0.000329919
0.000310385
0.000291936
0.000274516
0.000258073
0.000242556
0.000227915
0.649086
0.648928
0.648611
0.648136
0.647503
0.646713
0.645767
0.644664
0.643406
0.641994
0.640429
0.638711
0.636842
0.634824
0.632658
0.630346
0.627888
0.625288
0.622546
0.619665
0.616646
0.613493
0.610207
0.60679
0.603245
0.599574
0.59578
0.591866
0.587834
0.583687
0.579427
0.575058
0.570583
0.566005
0.561326
0.55655
0.55168
0.546719
0.54167
0.536537
0.531323
0.526031
0.520665
0.515227
0.509722
0.504153
0.498523
0.492835
0.487093
0.481301
0.475462
0.469578
0.463654
0.457694
0.451699
0.445674
0.439623
0.433547
0.427451
0.421338
0.415211
0.409074
0.402928
0.396778
0.390627
0.384477
0.378331
0.372193
0.366065
0.35995
0.353851
0.34777
0.34171
0.335674
0.329664
0.323683
0.317733
0.311815
0.305934
0.30009
0.294285
0.288523
0.282804
0.277131
0.271506
0.26593
0.260404
0.254932
0.249513
0.24415
0.238844
0.233596
0.228408
0.22328
0.218214
0.213211
0.208272
0.203398
0.198589
0.193847
0.189172
0.184564
0.180025
0.175554
0.171153
0.166821
0.162559
0.158368
0.154247
0.150196
0.146216
0.142307
0.138469
0.134701
0.131003
0.127377
0.12382
0.120333
0.116916
0.113568
0.110289
0.107079
0.103936
0.100862
0.0978539
0.0949127
0.0920375
0.0892276
0.0864823
0.0838011
0.0811832
0.0786278
0.0761343
0.0737019
0.0713297
0.0690171
0.0667631
0.064567
0.0624279
0.0603449
0.0583172
0.0563439
0.054424
0.0525567
0.0507411
0.0489763
0.0472613
0.0455953
0.0439772
0.0424062
0.0408813
0.0394016
0.0379663
0.0365743
0.0352247
0.0339166
0.0326492
0.0314214
0.0302324
0.0290813
0.0279672
0.0268893
0.0258465
0.0248382
0.0238633
0.0229211
0.0220108
0.0211314
0.0202822
0.0194624
0.0186712
0.0179077
0.0171713
0.0164612
0.0157765
0.0151167
0.0144809
0.0138685
0.0132787
0.0127109
0.0121644
0.0116386
0.0111328
0.0106463
0.0101786
0.00972914
0.00929722
0.00888231
0.00848384
0.00810127
0.00773406
0.00738169
0.00704366
0.00671947
0.00640863
0.00611068
0.00582516
0.00555163
0.00528964
0.00503879
0.00479867
0.00456887
0.00434902
0.00413873
0.00393765
0.00374543
0.00356172
0.00338619
0.00321853
0.00305842
0.00290557
0.00275968
0.00262048
0.00248769
0.00236106
0.00224032
0.00212524
0.00201558
0.00191111
0.00181161
0.00171688
0.0016267
0.00154088
0.00145923
0.00138157
0.00130773
0.00123753
0.00117081
0.00110742
0.0010472
0.00099002
0.000935731
0.000884204
0.00083531
0.000788927
0.000744938
0.00070323
0.000663695
0.00062623
0.000590735
0.000557116
0.000525282
0.000495147
0.000466626
0.00043964
0.000414115
0.000389976
0.000367154
0.000345584
0.000325201
0.000305946
0.000287761
0.00027059
0.000254382
0.000239087
0.000224656
0.639647
0.639491
0.639179
0.638711
0.638088
0.637309
0.636376
0.63529
0.63405
0.632658
0.631116
0.629423
0.627582
0.625593
0.623458
0.621179
0.618758
0.616195
0.613493
0.610654
0.607679
0.604572
0.601333
0.597966
0.594473
0.590855
0.587117
0.583259
0.579286
0.575199
0.571001
0.566696
0.562286
0.557774
0.553163
0.548457
0.543657
0.538769
0.533793
0.528735
0.523597
0.518382
0.513093
0.507735
0.50231
0.496822
0.491273
0.485668
0.48001
0.474302
0.468548
0.46275
0.456912
0.451038
0.445131
0.439194
0.43323
0.427243
0.421236
0.415211
0.409174
0.403125
0.397069
0.391009
0.384947
0.378886
0.37283
0.366781
0.360742
0.354716
0.348705
0.342713
0.336741
0.330793
0.324871
0.318976
0.313112
0.307281
0.301485
0.295726
0.290006
0.284327
0.278692
0.273101
0.267558
0.262062
0.256618
0.251224
0.245885
0.240599
0.235371
0.230199
0.225086
0.220033
0.215041
0.210111
0.205244
0.20044
0.195702
0.191028
0.186421
0.18188
0.177407
0.173001
0.168664
0.164395
0.160196
0.156065
0.152004
0.148012
0.14409
0.140238
0.136455
0.132742
0.129098
0.125524
0.122019
0.118583
0.115216
0.111916
0.108685
0.105522
0.102425
0.0993949
0.0964309
0.0935325
0.0906991
0.0879301
0.0852248
0.0825825
0.0800026
0.0774844
0.0750272
0.0726301
0.0702925
0.0680135
0.0657923
0.0636281
0.0615201
0.0594674
0.0574692
0.0555245
0.0536326
0.0517925
0.0500033
0.0482641
0.0465741
0.0449322
0.0433377
0.0417895
0.0402868
0.0388287
0.0374142
0.0360424
0.0347125
0.0334234
0.0321744
0.0309645
0.0297928
0.0286584
0.0275606
0.0264983
0.0254707
0.024477
0.0235163
0.0225878
0.0216907
0.0208241
0.0199873
0.0191794
0.0183997
0.0176473
0.0169216
0.0162218
0.0155471
0.0148969
0.0142703
0.0136668
0.0130856
0.0125261
0.0119875
0.0114693
0.0109709
0.0104915
0.0100306
0.00958767
0.00916203
0.00875314
0.00836047
0.00798346
0.00762159
0.00727435
0.00694123
0.00662175
0.00631544
0.00602182
0.00574045
0.0054709
0.00521272
0.00496552
0.00472889
0.00450243
0.00428578
0.00407855
0.00388039
0.00369096
0.00350992
0.00333695
0.00317173
0.00301395
0.00286332
0.00271955
0.00258238
0.00245152
0.00232673
0.00220774
0.00209434
0.00198627
0.00188332
0.00178527
0.00169191
0.00160304
0.00151847
0.00143801
0.00136148
0.00128871
0.00121953
0.00115378
0.00109131
0.00103197
0.000975623
0.000922124
0.000871346
0.000823163
0.000777455
0.000734105
0.000693004
0.000654044
0.000617123
0.000582145
0.000549015
0.000517644
0.000487946
0.00045984
0.000433247
0.000408093
0.000384305
0.000361815
0.000340558
0.000320472
0.000301497
0.000283576
0.000266655
0.000250683
0.00023561
0.000221389
0.630192
0.630038
0.62973
0.629269
0.628655
0.627888
0.626969
0.625899
0.624677
0.623306
0.621786
0.620119
0.618305
0.616345
0.614242
0.611997
0.609611
0.607086
0.604424
0.601627
0.598696
0.595635
0.592444
0.589127
0.585685
0.582121
0.578438
0.574637
0.570723
0.566696
0.562561
0.558319
0.553974
0.549529
0.544986
0.540349
0.535621
0.530804
0.525903
0.520919
0.515857
0.510719
0.505509
0.50023
0.494885
0.489478
0.484011
0.478489
0.472915
0.467291
0.461621
0.455909
0.450158
0.444371
0.438551
0.432701
0.426826
0.420927
0.415009
0.409074
0.403125
0.397166
0.3912
0.385229
0.379256
0.373285
0.367319
0.361359
0.355409
0.349472
0.343551
0.337647
0.331764
0.325903
0.320068
0.314261
0.308484
0.302739
0.297028
0.291354
0.285719
0.280124
0.274572
0.269064
0.263603
0.258189
0.252824
0.247511
0.24225
0.237043
0.231891
0.226796
0.221759
0.216781
0.211862
0.207005
0.20221
0.197477
0.192809
0.188204
0.183665
0.179192
0.174784
0.170444
0.166171
0.161965
0.157828
0.153758
0.149757
0.145824
0.14196
0.138165
0.134438
0.13078
0.12719
0.123669
0.120216
0.11683
0.113513
0.110262
0.107079
0.103962
0.100911
0.0979256
0.0950055
0.0921499
0.0893584
0.0866303
0.0839649
0.0813617
0.07882
0.076339
0.0739181
0.0715565
0.0692534
0.0670081
0.0648197
0.0626876
0.0606107
0.0585884
0.0566197
0.0547038
0.0528398
0.0510269
0.0492641
0.0475507
0.0458856
0.044268
0.042697
0.0411718
0.0396913
0.0382547
0.0368611
0.0355096
0.0341993
0.0329293
0.0316988
0.0305068
0.0293524
0.0282348
0.0271532
0.0261066
0.0250942
0.0241152
0.0231687
0.0222539
0.0213701
0.0205163
0.0196918
0.0188959
0.0181277
0.0173865
0.0166715
0.015982
0.0153173
0.0146767
0.0140594
0.0134648
0.0128922
0.0123409
0.0118103
0.0112998
0.0108087
0.0103364
0.00988236
0.00944594
0.00902659
0.00862375
0.00823688
0.00786545
0.00750893
0.00716682
0.00683863
0.00652387
0.00622208
0.0059328
0.0056556
0.00539002
0.00513567
0.00489212
0.00465899
0.00443588
0.00422242
0.00401826
0.00382303
0.0036364
0.00345804
0.00328762
0.00312484
0.0029694
0.00282099
0.00267935
0.0025442
0.00241528
0.00229233
0.00217511
0.00206338
0.00195691
0.00185548
0.00175888
0.0016669
0.00157935
0.00149602
0.00141675
0.00134136
0.00126966
0.0012015
0.00113673
0.00107518
0.00101672
0.000961201
0.000908493
0.000858466
0.000810995
0.000765962
0.000723254
0.00068276
0.000644375
0.000608001
0.000573539
0.000540899
0.000509992
0.000480733
0.000453043
0.000426843
0.00040206
0.000378624
0.000356467
0.000335524
0.000315735
0.00029704
0.000279384
0.000262714
0.000246977
0.000232127
0.000218117
0.620725
0.620573
0.62027
0.619816
0.619211
0.618456
0.61755
0.616496
0.615293
0.613942
0.612445
0.610803
0.609016
0.607086
0.605015
0.602803
0.600453
0.597966
0.595344
0.592589
0.589702
0.586687
0.583544
0.580277
0.576886
0.573376
0.569748
0.566005
0.562149
0.558183
0.554109
0.549932
0.545652
0.541274
0.536799
0.532232
0.527574
0.52283
0.518002
0.513093
0.508107
0.503046
0.497915
0.492715
0.48745
0.482124
0.47674
0.471301
0.46581
0.460271
0.454687
0.44906
0.443395
0.437695
0.431962
0.426201
0.420414
0.414604
0.408774
0.402928
0.397069
0.3912
0.385323
0.379441
0.373559
0.367677
0.3618
0.35593
0.35007
0.344222
0.33839
0.332575
0.32678
0.321007
0.31526
0.30954
0.303849
0.298191
0.292566
0.286977
0.281427
0.275916
0.270447
0.265022
0.259642
0.25431
0.249026
0.243792
0.238611
0.233482
0.228408
0.223389
0.218427
0.213524
0.20868
0.203895
0.199172
0.194511
0.189912
0.185377
0.180906
0.1765
0.172159
0.167884
0.163675
0.159532
0.155457
0.151448
0.147507
0.143633
0.139827
0.136089
0.132418
0.128815
0.125279
0.121811
0.11841
0.115075
0.111807
0.108606
0.10547
0.1024
0.0993949
0.0964545
0.0935782
0.0907656
0.088016
0.0853288
0.0827036
0.0801395
0.0776359
0.0751922
0.0728077
0.0704815
0.068213
0.0660014
0.063846
0.0617458
0.0597002
0.0577082
0.0557691
0.053882
0.052046
0.0502603
0.048524
0.0468363
0.0451963
0.043603
0.0420556
0.0405533
0.039095
0.03768
0.0363074
0.0349762
0.0336856
0.0324347
0.0312226
0.0300485
0.0289114
0.0278106
0.0267452
0.0257144
0.0247172
0.0237529
0.0228206
0.0219196
0.021049
0.0202081
0.019396
0.018612
0.0178554
0.0171253
0.016421
0.0157419
0.0150872
0.0144562
0.0138482
0.0132625
0.0126985
0.0121555
0.0116329
0.01113
0.0106463
0.0101811
0.0097339
0.00930403
0.00889099
0.0084942
0.00811314
0.00774729
0.00739612
0.00705915
0.00673589
0.00642586
0.00612861
0.00584368
0.00557063
0.00530905
0.00505852
0.00481863
0.00458899
0.00436924
0.00415899
0.00395789
0.0037656
0.00358177
0.00340609
0.00323823
0.0030779
0.00292479
0.00277861
0.0026391
0.00250598
0.002379
0.00225789
0.00214243
0.00203238
0.00192751
0.00182761
0.00173246
0.00164186
0.00155562
0.00147355
0.00139547
0.0013212
0.00125059
0.00118345
0.00111965
0.00105903
0.00100145
0.000946761
0.000894845
0.000845569
0.000798812
0.000754456
0.000712388
0.000672503
0.000634695
0.000598867
0.000564923
0.000532773
0.00050233
0.000473511
0.000446237
0.000420431
0.00039602
0.000372936
0.000351111
0.000330484
0.000310992
0.000292578
0.000275187
0.000258767
0.000243267
0.00022864
0.00021484
0.61125
0.611101
0.610803
0.610356
0.60976
0.609016
0.608125
0.607086
0.605902
0.604572
0.603098
0.60148
0.599721
0.59782
0.59578
0.593602
0.591288
0.588839
0.586257
0.583544
0.580702
0.577732
0.574637
0.57142
0.568081
0.564625
0.561052
0.557366
0.553569
0.549663
0.545652
0.541538
0.537324
0.533012
0.528606
0.524108
0.519522
0.51485
0.510096
0.505262
0.500352
0.495368
0.490315
0.485194
0.48001
0.474766
0.469464
0.464107
0.4587
0.453246
0.447747
0.442206
0.436628
0.431014
0.425369
0.419696
0.413997
0.408276
0.402535
0.396778
0.391009
0.385229
0.379441
0.37365
0.367857
0.362065
0.356278
0.350498
0.344727
0.338968
0.333225
0.327498
0.321792
0.316108
0.310448
0.304815
0.299212
0.293639
0.288101
0.282597
0.277131
0.271705
0.266319
0.260977
0.25568
0.250428
0.245225
0.240071
0.234969
0.229918
0.224921
0.219979
0.215094
0.210265
0.205494
0.200783
0.196132
0.191542
0.187013
0.182548
0.178145
0.173806
0.169531
0.165321
0.161176
0.157097
0.153084
0.149137
0.145256
0.141441
0.137693
0.134012
0.130397
0.126849
0.123367
0.119952
0.116602
0.113319
0.110101
0.106948
0.10386
0.100837
0.0978778
0.0949823
0.0921499
0.0893802
0.0866726
0.0840265
0.0814412
0.0789163
0.0764509
0.0740445
0.0716964
0.0694057
0.0671719
0.0649941
0.0628715
0.0608034
0.058789
0.0568274
0.0549179
0.0530596
0.0512516
0.0494932
0.0477834
0.0461215
0.0445064
0.0429375
0.0414137
0.0399343
0.0384983
0.0371049
0.0357532
0.0344423
0.0331714
0.0319396
0.030746
0.0295898
0.0284702
0.0273862
0.026337
0.0253219
0.0243399
0.0233903
0.0224723
0.021585
0.0207278
0.0198996
0.0191
0.0183279
0.0175828
0.0168639
0.0161704
0.0155016
0.0148569
0.0142355
0.0136368
0.0130601
0.0125047
0.01197
0.0114553
0.0109602
0.0104838
0.0100257
0.00958533
0.00916203
0.00875528
0.00836455
0.00798931
0.00762904
0.00728323
0.00695141
0.00663308
0.00632778
0.00603507
0.00575448
0.00548561
0.00522802
0.00498131
0.00474508
0.00451895
0.00430255
0.00409551
0.00389748
0.00370812
0.00352711
0.0033541
0.00318881
0.00303092
0.00288015
0.0027362
0.00259882
0.00246773
0.00234269
0.00222343
0.00210973
0.00200136
0.00189809
0.00179971
0.00170601
0.0016168
0.00153188
0.00145106
0.00137417
0.00130104
0.0012315
0.00116539
0.00110256
0.00104286
0.00098616
0.000932311
0.000881187
0.000832663
0.000786619
0.00074294
0.000701515
0.000662238
0.000625008
0.000589726
0.000556301
0.000524641
0.000494663
0.000466284
0.000439426
0.000414014
0.000389976
0.000367244
0.000345752
0.000325439
0.000306245
0.000288112
0.000270987
0.000254817
0.000239554
0.00022515
0.000211561
0.601774
0.601627
0.601333
0.600893
0.600306
0.599574
0.598696
0.597674
0.596508
0.595199
0.593747
0.592155
0.590423
0.588552
0.586544
0.5844
0.582121
0.57971
0.577168
0.574497
0.571699
0.568775
0.565728
0.562561
0.559274
0.555871
0.552354
0.548725
0.544986
0.541141
0.537192
0.533142
0.528993
0.524748
0.520411
0.515983
0.511468
0.506868
0.502187
0.497429
0.492595
0.487688
0.482713
0.477672
0.472568
0.467405
0.462185
0.456912
0.451589
0.446219
0.440805
0.43535
0.429858
0.424332
0.418775
0.413189
0.407578
0.401946
0.396294
0.390627
0.384947
0.379256
0.373559
0.367857
0.362154
0.356452
0.350755
0.345064
0.339383
0.333713
0.328059
0.322421
0.316803
0.311207
0.305635
0.30009
0.294573
0.289087
0.283634
0.278216
0.272835
0.267492
0.26219
0.256931
0.251716
0.246546
0.241423
0.236349
0.231326
0.226354
0.221434
0.216569
0.211759
0.207005
0.202309
0.19767
0.193091
0.188572
0.184114
0.179717
0.175383
0.171111
0.166903
0.162758
0.158678
0.154662
0.15071
0.146824
0.143004
0.139248
0.135558
0.131934
0.128376
0.124882
0.121455
0.118092
0.114794
0.111562
0.108394
0.10529
0.10225
0.0992736
0.0963603
0.0935097
0.0907213
0.0879945
0.0853288
0.0827238
0.0801786
0.0776928
0.0752657
0.0728966
0.0705848
0.0683297
0.0661305
0.0639864
0.0618968
0.0598607
0.0578775
0.0559464
0.0540664
0.0522369
0.050457
0.0487259
0.0470426
0.0454064
0.0438164
0.0422718
0.0407717
0.0393152
0.0379014
0.0365296
0.0351989
0.0339083
0.0326571
0.0314444
0.0302694
0.0291311
0.0280288
0.0269616
0.0259287
0.0249293
0.0239626
0.0230277
0.0221239
0.0212504
0.0204064
0.0195911
0.0188038
0.0180438
0.0173102
0.0166024
0.0159197
0.0152613
0.0146266
0.0140148
0.0134254
0.0128576
0.0123108
0.0117844
0.0112777
0.0107902
0.0103213
0.0098703
0.00943672
0.00901998
0.00861954
0.00823487
0.00786545
0.00751076
0.00717032
0.00684364
0.00653024
0.00622968
0.0059415
0.00566527
0.00540056
0.00514696
0.00490408
0.00467151
0.00444889
0.00423585
0.00403202
0.00383706
0.00365064
0.00347242
0.0033021
0.00313937
0.00298393
0.00283549
0.00269378
0.00255853
0.00242947
0.00230637
0.00218896
0.00207702
0.00197033
0.00186866
0.00177181
0.00167956
0.00159173
0.00150813
0.00142856
0.00135287
0.00128087
0.00121241
0.00114732
0.00108547
0.0010267
0.000970871
0.000917857
0.000867525
0.000819754
0.000774424
0.000731422
0.000690639
0.000651971
0.000615318
0.000580583
0.000547676
0.000516508
0.000486994
0.000459055
0.000432613
0.000407595
0.00038393
0.00036155
0.000340392
0.000320394
0.000301497
0.000283645
0.000266786
0.000250867
0.00023584
0.00022166
0.000208281
0.5923
0.592155
0.591866
0.591433
0.590855
0.590135
0.589271
0.588264
0.587117
0.585828
0.5844
0.582832
0.581127
0.579286
0.577309
0.575199
0.572956
0.570583
0.568081
0.565452
0.562698
0.55982
0.556822
0.553704
0.550469
0.547119
0.543657
0.540085
0.536406
0.532622
0.528735
0.524748
0.520665
0.516487
0.512217
0.507859
0.503415
0.498888
0.494281
0.489597
0.484839
0.48001
0.475113
0.470152
0.465128
0.460046
0.454909
0.449719
0.444479
0.439194
0.433865
0.428496
0.423091
0.417652
0.412181
0.406684
0.401162
0.395618
0.390055
0.384477
0.378886
0.373285
0.367677
0.362065
0.356452
0.35084
0.345232
0.339631
0.334039
0.328459
0.322894
0.317345
0.311815
0.306307
0.300823
0.295365
0.289935
0.284536
0.279168
0.273836
0.268539
0.263281
0.258063
0.252886
0.247753
0.242664
0.237622
0.232628
0.227684
0.22279
0.217948
0.213159
0.208425
0.203746
0.199123
0.194558
0.190051
0.185603
0.181215
0.176888
0.172622
0.168417
0.164275
0.160196
0.156179
0.152227
0.148338
0.144513
0.140752
0.137056
0.133424
0.129857
0.126354
0.122916
0.119542
0.116233
0.112987
0.109805
0.106687
0.103632
0.10064
0.0977107
0.0948432
0.0920375
0.089293
0.0866091
0.0839854
0.0814214
0.0789163
0.0764696
0.0740807
0.0717489
0.0694736
0.0672539
0.0650893
0.062979
0.0609223
0.0589183
0.0569663
0.0550656
0.0532152
0.0514145
0.0496626
0.0479587
0.046302
0.0446915
0.0431266
0.0416063
0.0401298
0.0386962
0.0373047
0.0359545
0.0346447
0.0333745
0.032143
0.0309494
0.0297928
0.0286724
0.0275875
0.0265371
0.0255205
0.0245368
0.0235853
0.0226652
0.0217756
0.0209158
0.0200851
0.0192827
0.0185078
0.0177597
0.0170377
0.0163411
0.0156691
0.015021
0.0143963
0.0137942
0.013214
0.0126552
0.012117
0.0115989
0.0111002
0.0106204
0.0101588
0.0097149
0.00928815
0.00887797
0.00848384
0.00810522
0.00774161
0.00739251
0.00705743
0.00673589
0.00642743
0.0061316
0.00584796
0.00557608
0.00531554
0.00506593
0.00482687
0.00459797
0.00437885
0.00416916
0.00396854
0.00377665
0.00359316
0.00341775
0.00325011
0.00308994
0.00293695
0.00279085
0.00265137
0.00251825
0.00239122
0.00227005
0.0021545
0.00204432
0.00193931
0.00183924
0.00174391
0.00165312
0.00156667
0.00148438
0.00140607
0.00133157
0.0012607
0.00119332
0.00112926
0.00106838
0.00101053
0.000955586
0.000903406
0.000853867
0.000806848
0.000762231
0.000719907
0.000679766
0.000641707
0.00060563
0.000571443
0.000539053
0.000508376
0.000479327
0.000451828
0.000425802
0.000401178
0.000377885
0.000355858
0.000335033
0.00031535
0.00029675
0.00027918
0.000262585
0.000246917
0.000232127
0.00021817
0.000205002
0.582832
0.58269
0.582405
0.581979
0.581411
0.580702
0.579852
0.578862
0.577732
0.576464
0.575058
0.573516
0.571838
0.570026
0.568081
0.566005
0.563798
0.561463
0.559001
0.556414
0.553704
0.550872
0.547921
0.544853
0.54167
0.538374
0.534967
0.531453
0.527832
0.524108
0.520284
0.516361
0.512342
0.508231
0.50403
0.499741
0.495368
0.490914
0.48638
0.481771
0.477089
0.472338
0.467519
0.462637
0.457694
0.452693
0.447637
0.44253
0.437375
0.432173
0.42693
0.421647
0.416328
0.410976
0.405593
0.400183
0.394749
0.389294
0.38382
0.378331
0.37283
0.367319
0.3618
0.356278
0.350755
0.345232
0.339714
0.334202
0.3287
0.323209
0.317733
0.312272
0.306831
0.301411
0.296015
0.290644
0.285301
0.279988
0.274706
0.269459
0.264247
0.259073
0.253938
0.248844
0.243792
0.238785
0.233824
0.22891
0.224044
0.219229
0.214464
0.209752
0.205093
0.200489
0.195941
0.191448
0.187013
0.182637
0.178319
0.174061
0.169862
0.165725
0.161649
0.157635
0.153683
0.149793
0.145967
0.142203
0.138502
0.134865
0.131292
0.127781
0.124335
0.120951
0.117632
0.114375
0.111181
0.10805
0.104982
0.101976
0.0990315
0.0961488
0.0933273
0.0905664
0.0878657
0.0852248
0.082643
0.0801199
0.0776549
0.0752473
0.0728966
0.0706021
0.0683631
0.0661789
0.0640489
0.0619724
0.0599485
0.0579765
0.0560557
0.0541854
0.0523646
0.0505927
0.0488688
0.0471921
0.0455619
0.0439772
0.0424372
0.0409412
0.0394883
0.0380777
0.0367084
0.0353798
0.034091
0.032841
0.0316292
0.0304547
0.0293166
0.0282141
0.0271465
0.0261129
0.0251126
0.0241446
0.0232083
0.0223029
0.0214275
0.0205815
0.0197641
0.0189745
0.018212
0.0174758
0.0167654
0.0160799
0.0154186
0.0147809
0.0141662
0.0135737
0.0130028
0.0124529
0.0119233
0.0114135
0.0109228
0.0104506
0.0099964
0.00955962
0.00913968
0.00873607
0.00834823
0.00797567
0.00761787
0.00727435
0.00694462
0.00662822
0.0063247
0.00603359
0.00575448
0.00548695
0.00523057
0.00498496
0.00474972
0.00452447
0.00430886
0.00410252
0.0039051
0.00371628
0.00353573
0.00336312
0.00319816
0.00304055
0.00289001
0.00274624
0.00260899
0.002478
0.002353
0.00223377
0.00212006
0.00201165
0.00190831
0.00180984
0.00171604
0.0016267
0.00154163
0.00146066
0.0013836
0.00131028
0.00124055
0.00117424
0.00111121
0.0010513
0.00099438
0.000940312
0.000888966
0.000840219
0.000793951
0.000750048
0.000708399
0.0006689
0.000631449
0.00059595
0.000562309
0.000530437
0.00050025
0.000471665
0.000444606
0.000418996
0.000394765
0.000371845
0.00035017
0.000329678
0.000310309
0.000292007
0.000274717
0.000258388
0.00024297
0.000228417
0.000214683
0.000201725
0.573376
0.573236
0.572956
0.572537
0.571978
0.57128
0.570444
0.56947
0.568359
0.567111
0.565728
0.564211
0.562561
0.560778
0.558865
0.556822
0.554651
0.552354
0.549932
0.547387
0.54472
0.541935
0.539032
0.536013
0.532882
0.529639
0.526288
0.52283
0.519268
0.515605
0.511842
0.507983
0.50403
0.499985
0.495852
0.491633
0.487331
0.482949
0.478489
0.473955
0.469349
0.464674
0.459934
0.455131
0.450268
0.445348
0.440375
0.43535
0.430278
0.425162
0.420003
0.414806
0.409573
0.404308
0.399013
0.393691
0.388345
0.382978
0.377593
0.372193
0.366781
0.361359
0.35593
0.350498
0.345064
0.339631
0.334202
0.32878
0.323367
0.317965
0.312578
0.307206
0.301853
0.296521
0.291212
0.285928
0.280672
0.275445
0.270249
0.265087
0.25996
0.254869
0.249818
0.244806
0.239837
0.234911
0.23003
0.225196
0.22041
0.215672
0.210985
0.206349
0.201766
0.197236
0.192762
0.188342
0.183979
0.179674
0.175426
0.171237
0.167107
0.163036
0.159027
0.155077
0.15119
0.147363
0.143598
0.139896
0.136255
0.132677
0.129161
0.125708
0.122317
0.118989
0.115723
0.112519
0.109377
0.106297
0.103279
0.100321
0.0974248
0.0945889
0.0918131
0.089097
0.0864401
0.083842
0.0813022
0.07882
0.076395
0.0740265
0.0717139
0.0694566
0.0672539
0.0651052
0.0630098
0.0609669
0.0589758
0.0570359
0.0551463
0.0533063
0.051515
0.0497719
0.048076
0.0464265
0.0448227
0.0432637
0.0417487
0.040277
0.0388476
0.0374599
0.0361129
0.0348058
0.0335379
0.0323082
0.031116
0.0299606
0.0288409
0.0277564
0.0267061
0.0256893
0.0247051
0.0237529
0.0228318
0.021941
0.0210799
0.0202476
0.0194434
0.0186666
0.0179165
0.0171923
0.0164934
0.015819
0.0151685
0.0145411
0.0139364
0.0133535
0.0127918
0.0122508
0.0117299
0.0112283
0.0107455
0.010281
0.00983422
0.00940452
0.0089914
0.00859433
0.00821279
0.00784627
0.00749428
0.00715633
0.00683195
0.00652068
0.00622208
0.0059357
0.00566112
0.00539792
0.00514571
0.00490408
0.00467266
0.00445107
0.00423895
0.00403596
0.00384174
0.00365599
0.00347836
0.00330856
0.00314628
0.00299122
0.00284312
0.00270169
0.00256666
0.00243779
0.00231483
0.00219753
0.00208566
0.00197901
0.00187735
0.00178048
0.0016882
0.00160031
0.00151662
0.00143696
0.00136115
0.00128902
0.00122042
0.00115519
0.00109318
0.00103424
0.000978247
0.000925056
0.000874543
0.000826587
0.00078107
0.000737879
0.000696906
0.000658048
0.000621205
0.000586281
0.000553186
0.000521831
0.000492134
0.000464013
0.000437392
0.000412198
0.00038836
0.000365812
0.000344489
0.000324329
0.000305274
0.000287269
0.00027026
0.000254196
0.000239028
0.000224711
0.000211199
0.000198452
0.563936
0.563798
0.563523
0.56311
0.562561
0.561874
0.561052
0.560094
0.559001
0.557774
0.556414
0.554922
0.553298
0.551545
0.549663
0.547654
0.545519
0.543259
0.540877
0.538374
0.535752
0.533012
0.530157
0.527188
0.524108
0.520919
0.517623
0.514222
0.510719
0.507116
0.503415
0.499619
0.495731
0.491753
0.487688
0.483539
0.479308
0.474997
0.470611
0.466151
0.461621
0.457024
0.452361
0.447637
0.442854
0.438016
0.433124
0.428183
0.423194
0.418162
0.413088
0.407977
0.40283
0.397651
0.392443
0.387209
0.381951
0.376672
0.371376
0.366065
0.360742
0.355409
0.35007
0.344727
0.339383
0.334039
0.3287
0.323367
0.318043
0.31273
0.307431
0.302148
0.296883
0.291639
0.286417
0.281221
0.276051
0.27091
0.2658
0.260722
0.25568
0.250673
0.245705
0.240776
0.235888
0.231044
0.226243
0.221488
0.216781
0.212121
0.207511
0.202952
0.198444
0.193989
0.189588
0.185241
0.18095
0.176715
0.172537
0.168417
0.164355
0.160352
0.156408
0.152524
0.1487
0.144937
0.141234
0.137592
0.134012
0.130493
0.127035
0.123639
0.120304
0.11703
0.113818
0.110667
0.107576
0.104547
0.101578
0.0986695
0.0958208
0.0930315
0.0903014
0.08763
0.0850169
0.0824616
0.0799636
0.0775223
0.0751372
0.0728077
0.0705332
0.068313
0.0661466
0.0640333
0.0619724
0.0599631
0.0580048
0.0560968
0.0542383
0.0524286
0.0506669
0.0489524
0.0472844
0.0456621
0.0440847
0.0425514
0.0410614
0.0396138
0.038208
0.0368431
0.0355183
0.0342327
0.0329857
0.0317763
0.0306037
0.0294673
0.0283661
0.0272994
0.0262664
0.0252663
0.0242984
0.0233618
0.0224559
0.0215798
0.0207328
0.0199142
0.0191233
0.0183593
0.0176215
0.0169092
0.0162218
0.0155585
0.0149187
0.0143017
0.0137069
0.0131336
0.0125812
0.0120491
0.0115367
0.0110434
0.0105686
0.0101118
0.0096723
0.00924968
0.00884336
0.00845283
0.00807757
0.00771708
0.00737089
0.0070385
0.00671947
0.00641332
0.00611964
0.00583797
0.00556791
0.00530905
0.00506099
0.00482334
0.00459572
0.00437778
0.00416916
0.00396951
0.00377849
0.00359579
0.00342109
0.00325408
0.00309447
0.00294197
0.00279631
0.0026572
0.0025244
0.00239765
0.00227671
0.00216135
0.00205132
0.00194643
0.00184644
0.00175117
0.0016604
0.00157396
0.00149165
0.0014133
0.00133874
0.0012678
0.00120033
0.00113617
0.00107518
0.00101722
0.00096214
0.000909825
0.000860144
0.000812977
0.00076821
0.00072573
0.000685432
0.000647213
0.000610977
0.000576628
0.000544078
0.000513239
0.000484031
0.000456373
0.000430191
0.000405412
0.000381966
0.000359789
0.000338817
0.000318989
0.000300248
0.00028254
0.00026581
0.000250011
0.000235093
0.000221011
0.000207722
0.000195185
0.554515
0.55438
0.554109
0.553704
0.553163
0.552488
0.55168
0.550738
0.549663
0.548457
0.547119
0.545652
0.544056
0.542332
0.540481
0.538506
0.536406
0.534184
0.531842
0.529381
0.526802
0.524108
0.521301
0.518382
0.515353
0.512217
0.508976
0.505632
0.502187
0.498645
0.495006
0.491273
0.48745
0.483539
0.479542
0.475462
0.471301
0.467063
0.46275
0.458365
0.45391
0.449389
0.444805
0.44016
0.435457
0.430699
0.425889
0.42103
0.416125
0.411176
0.406188
0.401162
0.396101
0.391009
0.385887
0.380741
0.37557
0.37038
0.365173
0.35995
0.354716
0.349472
0.344222
0.338968
0.333713
0.328459
0.323209
0.317965
0.31273
0.307506
0.302296
0.297101
0.291924
0.286767
0.281633
0.276523
0.271439
0.266384
0.26136
0.256367
0.251408
0.246486
0.2416
0.236754
0.231948
0.227184
0.222464
0.217788
0.213159
0.208578
0.204045
0.199561
0.195129
0.190749
0.186421
0.182147
0.177927
0.173763
0.169655
0.165604
0.16161
0.157673
0.153796
0.149976
0.146216
0.142516
0.138875
0.135294
0.131773
0.128313
0.124913
0.121573
0.118294
0.115075
0.111916
0.108818
0.105779
0.102801
0.0998814
0.0970213
0.0942201
0.0914775
0.088793
0.0861662
0.0835968
0.0810841
0.0786278
0.0762273
0.073882
0.0715914
0.0693549
0.0671719
0.0650417
0.0629636
0.0609371
0.0589614
0.0570359
0.0551597
0.0533323
0.0515528
0.0498205
0.0481347
0.0464945
0.0448993
0.0433483
0.0418406
0.0403754
0.0389521
0.0375698
0.0362277
0.034925
0.0336609
0.0324347
0.0312455
0.0300925
0.028975
0.0278922
0.0268434
0.0258276
0.0248442
0.0238925
0.0229716
0.0220807
0.0212193
0.0203865
0.0195816
0.0188038
0.0180526
0.0173271
0.0166268
0.0159508
0.0152986
0.0146695
0.0140628
0.0134779
0.0129142
0.0123711
0.0118479
0.011344
0.0108589
0.0103921
0.00994286
0.00951073
0.00909517
0.00869564
0.00831163
0.00794263
0.00758817
0.00724776
0.00692093
0.00660722
0.00630619
0.00601741
0.00574045
0.0054749
0.00522036
0.00497644
0.00474276
0.00451895
0.00430465
0.00409951
0.0039032
0.00371537
0.00353573
0.00336394
0.00319973
0.00304278
0.00289283
0.0027496
0.00261282
0.00248223
0.0023576
0.00223868
0.00212524
0.00201706
0.00191391
0.0018156
0.00172191
0.00163267
0.00154766
0.00146673
0.00138969
0.00131637
0.00124662
0.00118028
0.00111719
0.00105722
0.00100022
0.000946068
0.000894627
0.000845776
0.000799397
0.000755377
0.000713607
0.000673982
0.000636402
0.000600771
0.000566996
0.000534989
0.000504666
0.000475945
0.00044875
0.000423005
0.000398639
0.000375586
0.000353779
0.000333157
0.00031366
0.000295233
0.00027782
0.00026137
0.000245834
0.000231166
0.000217319
0.000204252
0.000191924
0.545119
0.544986
0.54472
0.544321
0.54379
0.543127
0.542332
0.541406
0.540349
0.539163
0.537849
0.536406
0.534837
0.533142
0.531323
0.529381
0.527317
0.525133
0.52283
0.520411
0.517876
0.515227
0.512467
0.509598
0.506621
0.503538
0.500352
0.497064
0.493678
0.490195
0.486618
0.482949
0.479191
0.475345
0.471416
0.467405
0.463315
0.459149
0.454909
0.450598
0.446219
0.441775
0.437268
0.432701
0.428078
0.423401
0.418672
0.413896
0.409074
0.404209
0.399305
0.394364
0.389389
0.384383
0.379349
0.374289
0.369207
0.364104
0.358985
0.353851
0.348705
0.343551
0.33839
0.333225
0.328059
0.322894
0.317733
0.312578
0.307431
0.302296
0.297173
0.292066
0.286977
0.281908
0.276861
0.271837
0.26684
0.261871
0.256931
0.252023
0.247148
0.242309
0.237506
0.232742
0.228018
0.223335
0.218694
0.214098
0.209547
0.205043
0.200587
0.19618
0.191823
0.187516
0.183262
0.17906
0.174913
0.170819
0.166781
0.162798
0.158871
0.155002
0.15119
0.147435
0.143739
0.140101
0.136522
0.133001
0.12954
0.126139
0.122796
0.119513
0.11629
0.113125
0.11002
0.106974
0.103987
0.101059
0.0981889
0.0953773
0.0926236
0.0899274
0.0872884
0.0847062
0.0821802
0.0797102
0.0772955
0.0749357
0.0726301
0.0703783
0.0681797
0.0660337
0.0639396
0.0618968
0.0599046
0.0579624
0.0560694
0.0542251
0.0524286
0.0506792
0.0489763
0.0473191
0.0457067
0.0441385
0.0426137
0.0411316
0.0396913
0.0382921
0.0369332
0.0356138
0.0343332
0.0330905
0.0318851
0.030716
0.0295826
0.0284841
0.0274196
0.0263885
0.02539
0.0244233
0.0234876
0.0225823
0.0217066
0.0208597
0.020041
0.0192498
0.0184852
0.0177467
0.0170335
0.016345
0.0156805
0.0150394
0.0144209
0.0138245
0.0132496
0.0126954
0.0121614
0.0116471
0.0111518
0.0106749
0.010216
0.00977438
0.00934958
0.00894105
0.00854829
0.00817079
0.00780805
0.00745959
0.00712495
0.00680365
0.00649526
0.00619934
0.00591545
0.00564318
0.00538213
0.00513191
0.00489212
0.0046624
0.00444238
0.00423171
0.00403005
0.00383706
0.00365242
0.00347582
0.00330694
0.00314551
0.00299122
0.00284381
0.00270301
0.00256854
0.00244017
0.00231765
0.00220075
0.00208923
0.00198288
0.00188148
0.00178483
0.00169274
0.001605
0.00152144
0.00144188
0.00136614
0.00129407
0.0012255
0.00116028
0.00109826
0.00103931
0.000983275
0.000930038
0.000879468
0.000831444
0.000785852
0.000742578
0.000701515
0.000662562
0.000625618
0.000590591
0.000557388
0.000525924
0.000496115
0.000467881
0.000441146
0.000415837
0.000391884
0.000369222
0.000347784
0.000327512
0.000308346
0.00029023
0.000273112
0.000256941
0.000241669
0.000227249
0.000213637
0.000200791
0.000188672
0.535752
0.535621
0.535359
0.534967
0.534445
0.533793
0.533012
0.532102
0.531064
0.529898
0.528606
0.527188
0.525646
0.52398
0.522192
0.520284
0.518255
0.516109
0.513846
0.511468
0.508976
0.506373
0.503661
0.500841
0.497915
0.494885
0.491753
0.488523
0.485194
0.481771
0.478256
0.47465
0.470956
0.467177
0.463315
0.459373
0.455353
0.451258
0.447091
0.442854
0.438551
0.434183
0.429754
0.425266
0.420722
0.416125
0.411478
0.406783
0.402044
0.397263
0.392443
0.387587
0.382698
0.377778
0.37283
0.367857
0.362862
0.357847
0.352816
0.34777
0.342713
0.337647
0.332575
0.327498
0.322421
0.317345
0.312272
0.307206
0.302148
0.297101
0.292066
0.287047
0.282046
0.277064
0.272103
0.267166
0.262254
0.25737
0.252516
0.247692
0.242901
0.238145
0.233425
0.228742
0.224099
0.219497
0.214936
0.210419
0.205946
0.20152
0.19714
0.192809
0.188526
0.184294
0.180113
0.175983
0.171907
0.167884
0.163914
0.16
0.156141
0.152338
0.148591
0.144901
0.141269
0.137693
0.134176
0.130716
0.127314
0.123971
0.120686
0.117459
0.114291
0.111181
0.108129
0.105136
0.1022
0.0993221
0.0965016
0.0937383
0.0910319
0.088382
0.0857884
0.0832505
0.080768
0.0783404
0.0759672
0.0736479
0.071382
0.0691689
0.0670081
0.0648989
0.0628408
0.0608331
0.0588751
0.0569663
0.0551059
0.0532932
0.0515276
0.0498083
0.0481347
0.0465059
0.0449213
0.04338
0.0418814
0.0404248
0.0390092
0.037634
0.0362985
0.0350018
0.0337432
0.0325219
0.0313371
0.0301882
0.0290742
0.0279946
0.0269484
0.025935
0.0249537
0.0240036
0.023084
0.0221942
0.0213336
0.0205013
0.0196966
0.018919
0.0181676
0.0174417
0.0167408
0.0160642
0.0154111
0.0147809
0.0141731
0.013587
0.0130219
0.0124772
0.0119525
0.011447
0.0109602
0.0104915
0.0100404
0.00960641
0.00918891
0.0087874
0.00840139
0.00803038
0.00767387
0.0073314
0.00700251
0.00668674
0.00638364
0.0060928
0.00581379
0.00554621
0.00528964
0.00504372
0.00480805
0.00458228
0.00436604
0.00415899
0.00396079
0.00377112
0.00358965
0.00341608
0.00325011
0.00309145
0.00293982
0.00279494
0.00265656
0.0025244
0.00239824
0.00227783
0.00216293
0.00205333
0.0019488
0.00184915
0.00175416
0.00166365
0.00157742
0.00149529
0.0014171
0.00134267
0.00127183
0.00120444
0.00114034
0.00107939
0.00102145
0.000966378
0.000914055
0.000864354
0.000817156
0.000772347
0.000729817
0.00068946
0.000651176
0.000614867
0.000580442
0.00054781
0.000516886
0.000487589
0.00045984
0.000433565
0.000408691
0.00038515
0.000362877
0.000341808
0.000321884
0.000303047
0.000285243
0.000268419
0.000252526
0.000237516
0.000223344
0.000209966
0.000197341
0.00018543
0.526416
0.526288
0.526031
0.525646
0.525133
0.524492
0.523724
0.52283
0.52181
0.520665
0.519395
0.518002
0.516487
0.51485
0.513093
0.511218
0.509225
0.507116
0.504892
0.502555
0.500108
0.49755
0.494885
0.492114
0.489239
0.486262
0.483185
0.48001
0.47674
0.473377
0.469922
0.466379
0.46275
0.459037
0.455242
0.451369
0.447419
0.443395
0.439301
0.435138
0.430909
0.426617
0.422265
0.417855
0.413391
0.408874
0.404308
0.399695
0.395039
0.390341
0.385605
0.380833
0.376029
0.371195
0.366333
0.361447
0.356539
0.351612
0.346668
0.34171
0.336741
0.331764
0.32678
0.321792
0.316803
0.311815
0.306831
0.301853
0.296883
0.291924
0.286977
0.282046
0.277131
0.272236
0.267362
0.262511
0.257685
0.252886
0.248116
0.243376
0.238669
0.233995
0.229358
0.224757
0.220194
0.215672
0.211191
0.206752
0.202358
0.198008
0.193705
0.189449
0.185241
0.181083
0.176974
0.172917
0.168911
0.164958
0.161058
0.157212
0.153421
0.149684
0.146002
0.142377
0.138807
0.135294
0.131838
0.128438
0.125096
0.121811
0.118583
0.115413
0.1123
0.109244
0.106245
0.103304
0.100419
0.0975915
0.0948201
0.0921049
0.0894457
0.086842
0.0842936
0.0817999
0.0793607
0.0769754
0.0746435
0.0723646
0.0701382
0.0679637
0.0658405
0.0637681
0.0617458
0.0597731
0.0578493
0.0559737
0.0541457
0.0523646
0.0506298
0.0489405
0.047296
0.0456955
0.0441385
0.0426241
0.0411517
0.0397204
0.0383295
0.0369783
0.035666
0.0343919
0.0331552
0.0319552
0.0307911
0.0296622
0.0285676
0.0275068
0.0264789
0.0254831
0.0245189
0.0235853
0.0226818
0.0218075
0.0209618
0.0201441
0.0193534
0.0185893
0.017851
0.0171378
0.0164491
0.0157842
0.0151426
0.0145234
0.0139262
0.0133502
0.012795
0.0122598
0.0117442
0.0112475
0.0107692
0.0103087
0.00986548
0.00943902
0.00902879
0.00863429
0.008255
0.00789045
0.00754016
0.00720366
0.00688049
0.00657022
0.00627241
0.00598664
0.00571249
0.00544957
0.00519747
0.00495583
0.00472427
0.00450243
0.00428996
0.00408652
0.00389178
0.00370541
0.00352711
0.00335656
0.00319348
0.00303759
0.0028886
0.00274624
0.00261027
0.00248042
0.00235645
0.00223814
0.00212524
0.00201755
0.00191485
0.00181693
0.0017236
0.00163466
0.00154993
0.00146924
0.00139241
0.00131927
0.00124967
0.00118345
0.00112047
0.00106058
0.00100365
0.000949539
0.000898128
0.000849293
0.000802918
0.000758889
0.0007171
0.000677446
0.000639829
0.000604154
0.000570328
0.000538264
0.00050788
0.000479093
0.000451828
0.00042601
0.00040157
0.000378439
0.000356554
0.000335852
0.000316275
0.000297766
0.000280272
0.000263742
0.000248126
0.000233377
0.000219452
0.000206307
0.000193902
0.000182199
0.517118
0.516991
0.516739
0.516361
0.515857
0.515227
0.514473
0.513595
0.512593
0.511468
0.51022
0.508852
0.507363
0.505756
0.50403
0.502187
0.50023
0.498158
0.495973
0.493678
0.491273
0.488761
0.486143
0.483421
0.480597
0.477672
0.47465
0.471531
0.468319
0.465015
0.461621
0.458141
0.454576
0.450928
0.4472
0.443395
0.439515
0.435563
0.431541
0.427451
0.423297
0.419081
0.414806
0.410474
0.406089
0.401652
0.397166
0.392635
0.38806
0.383446
0.378793
0.374106
0.369387
0.364638
0.359862
0.355063
0.350241
0.345401
0.340544
0.335674
0.330793
0.325903
0.321007
0.316108
0.311207
0.306307
0.301411
0.296521
0.291639
0.286767
0.281908
0.277064
0.272236
0.267427
0.262639
0.257874
0.253133
0.248419
0.243733
0.239077
0.234453
0.229862
0.225306
0.220787
0.216305
0.211862
0.20746
0.2031
0.198783
0.194511
0.190283
0.186103
0.181969
0.177884
0.173848
0.169862
0.165928
0.162044
0.158213
0.154435
0.15071
0.14704
0.143423
0.139862
0.136355
0.132904
0.129509
0.126169
0.122886
0.119659
0.116488
0.113374
0.110316
0.107314
0.104369
0.101479
0.0986455
0.0958676
0.0931452
0.090478
0.0878657
0.085308
0.0828046
0.080355
0.0779588
0.0756156
0.073325
0.0710864
0.0688993
0.0667631
0.0646775
0.0626417
0.0606551
0.0587172
0.0568274
0.0549849
0.0531893
0.0514396
0.0497354
0.048076
0.0464605
0.0448884
0.0433588
0.0418712
0.0404248
0.0390187
0.0376524
0.0363251
0.035036
0.0337844
0.0325696
0.0313907
0.0302472
0.0291382
0.028063
0.0270209
0.0260111
0.025033
0.0240857
0.0231687
0.0222811
0.0214223
0.0205916
0.0197882
0.0190116
0.0182609
0.0175357
0.0168351
0.0161586
0.0155054
0.0148751
0.0142668
0.0136802
0.0131144
0.0125689
0.0120433
0.0115367
0.0110488
0.0105789
0.0101266
0.00969121
0.00927229
0.00886931
0.00848177
0.00810918
0.00775107
0.00740697
0.00707641
0.00675895
0.00645416
0.00616161
0.00588089
0.00561158
0.0053533
0.00510566
0.00486829
0.00464082
0.0044229
0.00421418
0.00401434
0.00382303
0.00363996
0.0034648
0.00329727
0.00313707
0.00298393
0.00283757
0.00269773
0.00256416
0.0024366
0.00231483
0.0021986
0.0020877
0.00198191
0.00188102
0.00178483
0.00169315
0.00160578
0.00152255
0.00144329
0.00136781
0.00129597
0.0012276
0.00116255
0.00110068
0.00104185
0.000985919
0.000932766
0.000882263
0.000834291
0.000788735
0.000745484
0.000704433
0.00066548
0.000628527
0.000593482
0.000560253
0.000528756
0.000498908
0.00047063
0.000443847
0.000418485
0.000394476
0.000371754
0.000350255
0.000329919
0.000310688
0.000292506
0.000275322
0.000259083
0.000243743
0.000229255
0.000215575
0.000202663
0.000190477
0.00017898
0.507859
0.507735
0.507487
0.507116
0.506621
0.506003
0.505262
0.504399
0.503415
0.50231
0.501085
0.499741
0.498279
0.4967
0.495006
0.493196
0.491273
0.489239
0.487093
0.484839
0.482478
0.48001
0.477439
0.474766
0.471992
0.46912
0.466151
0.463089
0.459934
0.456689
0.453356
0.449938
0.446437
0.442854
0.439194
0.435457
0.431646
0.427765
0.423814
0.419798
0.415719
0.411578
0.407379
0.403125
0.398818
0.39446
0.390055
0.385605
0.381113
0.37658
0.372011
0.367408
0.362773
0.358109
0.353419
0.348705
0.34397
0.339217
0.334447
0.329664
0.324871
0.320068
0.31526
0.310448
0.305635
0.300823
0.296015
0.291212
0.286417
0.281633
0.276861
0.272103
0.267362
0.262639
0.257937
0.253257
0.248601
0.243971
0.239369
0.234797
0.230255
0.225747
0.221272
0.216834
0.212432
0.208069
0.203746
0.199464
0.195224
0.191028
0.186877
0.182771
0.178711
0.174699
0.170736
0.166821
0.162957
0.159143
0.155381
0.15167
0.148012
0.144407
0.140855
0.137357
0.133914
0.130525
0.12719
0.12391
0.120686
0.117517
0.114403
0.111344
0.108341
0.105393
0.1025
0.0996622
0.0968793
0.0941511
0.0914775
0.088858
0.0862925
0.0837806
0.081322
0.0789163
0.076563
0.0742618
0.0720122
0.0698136
0.0676657
0.0655678
0.0635195
0.0615201
0.0595691
0.057666
0.0558099
0.0540005
0.0522369
0.0505187
0.048845
0.0472152
0.0456287
0.0440847
0.0425825
0.0411215
0.039701
0.0383201
0.0369783
0.0356747
0.0344087
0.0331795
0.0319864
0.0308287
0.0297056
0.0286165
0.0275606
0.0265371
0.0255454
0.0245848
0.0236545
0.0227539
0.0218822
0.0210388
0.0202229
0.0194339
0.0186712
0.017934
0.0172217
0.0165337
0.0158693
0.0152278
0.0146087
0.0140114
0.0134352
0.0128796
0.0123439
0.0118276
0.0113302
0.010851
0.0103895
0.00994528
0.0095177
0.00910628
0.00871051
0.00832991
0.00796399
0.00761229
0.00727435
0.00694971
0.00663794
0.00633861
0.0060513
0.0057756
0.00551111
0.00525746
0.00501425
0.00478113
0.00455773
0.00434371
0.00413873
0.00394246
0.00375458
0.00357479
0.00340277
0.00323823
0.00308091
0.0029305
0.00278677
0.00264943
0.00251825
0.00239298
0.00227338
0.00215924
0.00205032
0.00194643
0.00184734
0.00175288
0.00166284
0.00157703
0.00149529
0.00141745
0.00134332
0.00127276
0.00120562
0.00114173
0.00108097
0.00102319
0.000968267
0.000916066
0.000866467
0.000819354
0.000774613
0.000732137
0.00069182
0.000653565
0.000617274
0.000582856
0.000550222
0.000519289
0.000489976
0.000462204
0.0004359
0.000410992
0.000387413
0.000365098
0.000343984
0.000324012
0.000305125
0.000287269
0.000270392
0.000254444
0.000239379
0.00022515
0.000211716
0.000199034
0.000187067
0.000175776
0.498645
0.498523
0.498279
0.497915
0.497429
0.496822
0.496095
0.495247
0.494281
0.493196
0.491994
0.490674
0.489239
0.487688
0.486024
0.484248
0.48236
0.480362
0.478256
0.476042
0.473724
0.471301
0.468776
0.466151
0.463428
0.460608
0.457694
0.454687
0.451589
0.448403
0.445131
0.441775
0.438337
0.434819
0.431225
0.427556
0.423814
0.420003
0.416125
0.412181
0.408176
0.404111
0.399988
0.395811
0.391582
0.387303
0.382978
0.378609
0.374198
0.369748
0.365262
0.360742
0.356191
0.351612
0.347007
0.342379
0.337729
0.333062
0.328379
0.323683
0.318976
0.314261
0.30954
0.304815
0.30009
0.295365
0.290644
0.285928
0.281221
0.276523
0.271837
0.267166
0.262511
0.257874
0.253257
0.248662
0.24409
0.239544
0.235026
0.230536
0.226077
0.221651
0.217257
0.212899
0.208578
0.204294
0.200049
0.195845
0.191682
0.187562
0.183486
0.179454
0.175469
0.171529
0.167638
0.163794
0.16
0.156256
0.152561
0.148918
0.145327
0.141787
0.1383
0.134865
0.131484
0.128156
0.124882
0.121662
0.118496
0.115385
0.112327
0.109324
0.106375
0.103481
0.10064
0.0978539
0.0951215
0.0924429
0.0898177
0.0872458
0.0847268
0.0822605
0.0798465
0.0774844
0.0751739
0.0729144
0.0707056
0.0685469
0.066438
0.0643782
0.062367
0.0604039
0.0584883
0.0566197
0.0547973
0.0530207
0.0512892
0.049602
0.0479587
0.0463585
0.0448008
0.0432848
0.0418099
0.0403754
0.0389806
0.0376249
0.0363074
0.0350274
0.0337844
0.0325775
0.0314061
0.0302694
0.0291667
0.0280973
0.0270605
0.0260556
0.0250819
0.0241387
0.0232253
0.022341
0.0214852
0.020657
0.019856
0.0190813
0.0183324
0.0176086
0.0169092
0.0162337
0.0155813
0.0149515
0.0143437
0.0137572
0.0131915
0.0126459
0.0121199
0.011613
0.0111246
0.0106541
0.010201
0.00976484
0.00934501
0.00894105
0.00855247
0.00817877
0.0078195
0.00747418
0.00714236
0.00682362
0.0065175
0.0062236
0.0059415
0.0056708
0.00541112
0.00516207
0.00492327
0.00469438
0.00447504
0.0042649
0.00406364
0.00387093
0.00368646
0.00350992
0.00334103
0.00317948
0.00302501
0.00287733
0.0027362
0.00260136
0.00247256
0.00234956
0.00223213
0.00212006
0.00201312
0.00191111
0.00181383
0.00172107
0.00163267
0.00154842
0.00146816
0.00139173
0.00131895
0.00124967
0.00118374
0.00112102
0.00106136
0.00100463
0.000950699
0.000899445
0.000850746
0.000804487
0.000760559
0.000718853
0.000679268
0.000641707
0.000606074
0.00057228
0.000540239
0.000509867
0.000481086
0.000453818
0.000427991
0.000403535
0.000380384
0.000358474
0.000337743
0.000318133
0.000299589
0.000282057
0.000265486
0.000249828
0.000235036
0.000221065
0.000207874
0.000195423
0.000183673
0.000172587
0.489478
0.489358
0.489119
0.488761
0.488284
0.487688
0.486975
0.486143
0.485194
0.48413
0.482949
0.481654
0.480245
0.478723
0.477089
0.475345
0.473492
0.471531
0.469464
0.467291
0.465015
0.462637
0.460159
0.457582
0.454909
0.452141
0.44928
0.446328
0.443287
0.44016
0.436948
0.433653
0.430278
0.426826
0.423297
0.419696
0.416023
0.412282
0.408475
0.404604
0.400672
0.396682
0.392635
0.388534
0.384383
0.380183
0.375937
0.371648
0.367319
0.362951
0.358547
0.35411
0.349643
0.345148
0.340628
0.336084
0.331521
0.326939
0.322342
0.317733
0.313112
0.308484
0.303849
0.299212
0.294573
0.289935
0.285301
0.280672
0.276051
0.271439
0.26684
0.262254
0.257685
0.253133
0.248601
0.24409
0.239603
0.235141
0.230705
0.226298
0.221921
0.217576
0.213263
0.208985
0.204743
0.200538
0.196372
0.192245
0.188158
0.184114
0.180113
0.176155
0.172243
0.168376
0.164556
0.160783
0.157059
0.153383
0.149757
0.146181
0.142655
0.13918
0.135757
0.132386
0.129067
0.1258
0.122587
0.119426
0.116318
0.113263
0.110262
0.107314
0.10442
0.101578
0.0987901
0.096055
0.0933728
0.0907434
0.0881665
0.0856419
0.0831693
0.0807483
0.0783787
0.07606
0.0737919
0.071574
0.0694057
0.0672868
0.0652166
0.0631946
0.0612205
0.0592935
0.0574131
0.0555788
0.05379
0.052046
0.0503463
0.0486902
0.0470771
0.0455063
0.0439772
0.0424891
0.0410413
0.0396332
0.038264
0.0369332
0.0356399
0.0343835
0.0331633
0.0319786
0.0308287
0.0297129
0.0286305
0.0275808
0.026563
0.0255766
0.0246208
0.023695
0.0227984
0.0219303
0.0210902
0.0202773
0.0194909
0.0187305
0.0179954
0.0172849
0.0165984
0.0159353
0.0152949
0.0146767
0.01408
0.0135043
0.0129489
0.0124134
0.0118971
0.0113995
0.0109201
0.0104583
0.0100135
0.00958533
0.00917322
0.00877668
0.00839524
0.00802842
0.00767574
0.00733677
0.00701106
0.00669817
0.00639769
0.00610919
0.00583227
0.00556655
0.00531164
0.00506717
0.00483277
0.00460808
0.00439277
0.0041865
0.00398894
0.00379977
0.00361869
0.0034454
0.00327961
0.00312103
0.0029694
0.00282444
0.0026859
0.00255354
0.0024271
0.00230637
0.0021911
0.00208109
0.00197611
0.00187598
0.00178048
0.00168943
0.00160265
0.00151995
0.00144117
0.00136614
0.0012947
0.0012267
0.00116198
0.00110041
0.00104185
0.00098616
0.000933222
0.00088291
0.000835106
0.000789698
0.000746577
0.000705638
0.000666781
0.00062991
0.000594932
0.00056176
0.000530308
0.000500494
0.000472242
0.000445475
0.000420123
0.000396117
0.000373391
0.000351884
0.000331534
0.000312285
0.000294082
0.000276872
0.000260606
0.000245235
0.000230715
0.000217001
0.000204053
0.00019183
0.000180296
0.000169414
0.480362
0.480245
0.48001
0.479659
0.479191
0.478606
0.477905
0.477089
0.476159
0.475113
0.473955
0.472684
0.471301
0.469808
0.468205
0.466493
0.464674
0.46275
0.460721
0.458588
0.456355
0.454021
0.451589
0.44906
0.446437
0.44372
0.440913
0.438016
0.435032
0.431962
0.42881
0.425577
0.422265
0.418877
0.415414
0.41188
0.408276
0.404604
0.400868
0.397069
0.39321
0.389294
0.385323
0.381299
0.377225
0.373103
0.368936
0.364727
0.360478
0.356191
0.35187
0.347516
0.343132
0.33872
0.334284
0.329825
0.325347
0.320851
0.316339
0.311815
0.307281
0.302739
0.298191
0.293639
0.289087
0.284536
0.279988
0.275445
0.27091
0.266384
0.261871
0.25737
0.252886
0.248419
0.243971
0.239544
0.235141
0.230762
0.226409
0.222084
0.217788
0.213524
0.209292
0.205093
0.20093
0.196804
0.192715
0.188664
0.184654
0.180685
0.176758
0.172875
0.169035
0.16524
0.161491
0.157789
0.154134
0.150527
0.146968
0.143458
0.139998
0.136588
0.133229
0.129921
0.126663
0.123458
0.120304
0.117202
0.114152
0.111154
0.108209
0.105316
0.102475
0.0996865
0.0969503
0.0942661
0.0916339
0.0890535
0.0865246
0.084047
0.0816204
0.0792445
0.076919
0.0746435
0.0724177
0.070241
0.0681132
0.0660337
0.064002
0.0620178
0.0600803
0.0581892
0.0563439
0.0545437
0.0527882
0.0510767
0.0494087
0.0477834
0.0462003
0.0446588
0.0431582
0.0416978
0.040277
0.0388951
0.0375514
0.0362454
0.0349762
0.0337432
0.0325457
0.0313831
0.0302546
0.0291595
0.0280973
0.0270671
0.0260683
0.0251003
0.0241623
0.0232537
0.0223738
0.0215219
0.0206974
0.0198996
0.019128
0.0183817
0.0176603
0.016963
0.0162893
0.0156385
0.01501
0.0144033
0.0138178
0.0132528
0.0127078
0.0121822
0.0116756
0.0111872
0.0107167
0.0102635
0.00982702
0.00940682
0.00900238
0.00861323
0.00823889
0.0078789
0.0075328
0.00720014
0.00688049
0.00657343
0.00627854
0.00599542
0.00572366
0.00546289
0.00521272
0.0049728
0.00474276
0.00452226
0.00431096
0.00410853
0.00391465
0.00372901
0.0035513
0.00338124
0.00321853
0.00306291
0.0029141
0.00277184
0.00263588
0.00250598
0.0023819
0.00226341
0.00215029
0.00204233
0.00193931
0.00184104
0.00174732
0.00165797
0.0015728
0.00149165
0.00141433
0.0013407
0.00127059
0.00120385
0.00114034
0.00107992
0.00102244
0.000967795
0.000915842
0.000866467
0.000819554
0.000774991
0.000732673
0.000692496
0.000654363
0.000618179
0.000583853
0.000551298
0.000520432
0.000491173
0.000463447
0.000437179
0.000412299
0.00038874
0.000366438
0.000345331
0.00032536
0.000306469
0.000288605
0.000271716
0.000255752
0.000240668
0.000226418
0.00021296
0.000200253
0.000188258
0.000176938
0.000166259
0.471301
0.471186
0.470956
0.470611
0.470152
0.469578
0.468891
0.46809
0.467177
0.466151
0.465015
0.463768
0.462411
0.460946
0.459373
0.457694
0.455909
0.454021
0.45203
0.449938
0.447747
0.445457
0.443071
0.44059
0.438016
0.43535
0.432596
0.429754
0.426826
0.423814
0.420722
0.41755
0.4143
0.410976
0.407578
0.404111
0.400574
0.396972
0.393306
0.389579
0.385793
0.381951
0.378054
0.374106
0.370109
0.366065
0.361977
0.357847
0.353678
0.349472
0.345232
0.34096
0.336659
0.332331
0.327979
0.323604
0.31921
0.314798
0.310372
0.305934
0.301485
0.297028
0.292566
0.288101
0.283634
0.279168
0.274706
0.270249
0.2658
0.26136
0.256931
0.252516
0.248116
0.243733
0.239369
0.235026
0.230705
0.226409
0.222138
0.217895
0.21368
0.209496
0.205344
0.201225
0.19714
0.193091
0.189079
0.185106
0.181171
0.177277
0.173424
0.169614
0.165847
0.162123
0.158445
0.154813
0.151226
0.147687
0.144196
0.140752
0.137357
0.134012
0.130716
0.12747
0.124274
0.121129
0.118034
0.114991
0.111998
0.109057
0.106168
0.103329
0.100542
0.0978061
0.0951215
0.092488
0.0899055
0.0873737
0.0848925
0.0824616
0.0800808
0.0777497
0.0754681
0.0732355
0.0710517
0.0689161
0.0668284
0.0647881
0.0627948
0.0608479
0.058947
0.0570916
0.0552811
0.0535149
0.0517925
0.0501133
0.0484767
0.0468821
0.0453289
0.0438164
0.0423441
0.0409113
0.0395172
0.0381614
0.0368431
0.0355617
0.0343164
0.0331067
0.0319318
0.0307911
0.0296839
0.0286095
0.0275673
0.0265565
0.0255766
0.0246268
0.0237065
0.0228151
0.0219517
0.0211159
0.020307
0.0195243
0.0187672
0.018035
0.0173271
0.016643
0.015982
0.0153435
0.0147269
0.0141316
0.0135571
0.0130028
0.0124681
0.0119525
0.0114553
0.0109762
0.0105146
0.0100699
0.00964165
0.00922938
0.00883257
0.00845076
0.00808349
0.00773028
0.00739071
0.00706433
0.00675071
0.00644944
0.00616011
0.00588232
0.00561569
0.00535984
0.0051144
0.004879
0.0046533
0.00443696
0.00422965
0.00403103
0.00384081
0.00365867
0.00348431
0.00331746
0.00315782
0.00300513
0.00285913
0.00271955
0.00258616
0.00245871
0.00233697
0.00222072
0.00210973
0.0020038
0.00190273
0.00180631
0.00171436
0.0016267
0.00154314
0.00146351
0.00138766
0.00131541
0.00124662
0.00118114
0.00111883
0.00105955
0.00100316
0.000949539
0.000898567
0.000850123
0.000804095
0.000760373
0.000718853
0.000679434
0.00064202
0.000606518
0.00057284
0.000540899
0.000510615
0.000481908
0.000454705
0.000428932
0.000404522
0.000381407
0.000359526
0.000338817
0.000319223
0.000300688
0.000283161
0.00026659
0.000250928
0.000236128
0.000222147
0.000208943
0.000196475
0.000184707
0.000173601
0.000163123
0.462298
0.462185
0.46196
0.461621
0.461171
0.460608
0.459934
0.459149
0.458253
0.457247
0.456132
0.454909
0.453578
0.452141
0.450598
0.448951
0.4472
0.445348
0.443395
0.441343
0.439194
0.436948
0.434607
0.432173
0.429649
0.427034
0.424332
0.421544
0.418672
0.415719
0.412685
0.409573
0.406386
0.403125
0.399793
0.396391
0.392922
0.389389
0.385793
0.382137
0.378424
0.374655
0.370833
0.36696
0.363039
0.359073
0.355063
0.351012
0.346922
0.342797
0.338638
0.334447
0.330228
0.325983
0.321713
0.317422
0.313112
0.308785
0.304443
0.30009
0.295726
0.291354
0.286977
0.282597
0.278216
0.273836
0.269459
0.265087
0.260722
0.256367
0.252023
0.247692
0.243376
0.239077
0.234797
0.230536
0.226298
0.222084
0.217895
0.213733
0.209599
0.205494
0.201421
0.197381
0.193374
0.189403
0.185468
0.18157
0.17771
0.173891
0.170111
0.166374
0.162679
0.159027
0.155419
0.151855
0.148338
0.144866
0.141441
0.138064
0.134734
0.131452
0.128219
0.125035
0.1219
0.118815
0.11578
0.112794
0.109859
0.106974
0.10414
0.101355
0.0986214
0.0959378
0.0933045
0.0907213
0.0881881
0.0857047
0.0832708
0.0808864
0.0785511
0.0762645
0.0740265
0.0718366
0.0696944
0.0675996
0.0655518
0.0635505
0.0615953
0.0596856
0.057821
0.056001
0.0542251
0.0524926
0.0508031
0.049156
0.0475507
0.0459865
0.044463
0.0429794
0.0415352
0.0401298
0.0387624
0.0374325
0.0361393
0.0348824
0.0336609
0.0324743
0.0313218
0.0302029
0.0291169
0.028063
0.0270407
0.0260493
0.025088
0.0241564
0.0232537
0.0223792
0.0215324
0.0207126
0.0199191
0.0191513
0.0184087
0.0176905
0.0169962
0.0163251
0.0156767
0.0150504
0.0144456
0.0138617
0.0132982
0.0127544
0.0122299
0.0117241
0.0112365
0.0107666
0.0103137
0.00987753
0.00945748
0.00905307
0.00866385
0.00828933
0.00792907
0.00758262
0.00724953
0.00692938
0.00662175
0.00632624
0.00604244
0.00576996
0.00550842
0.00525746
0.0050167
0.0047858
0.00456441
0.0043522
0.00414885
0.00395403
0.00376744
0.00358878
0.00341775
0.00325408
0.0030975
0.00294773
0.00280451
0.0026676
0.00253676
0.00241174
0.00229233
0.0021783
0.00206943
0.00196553
0.00186638
0.00177181
0.00168162
0.00159562
0.00151366
0.00143556
0.00136115
0.00129028
0.00122281
0.00115858
0.00109746
0.00103931
0.000983996
0.000931401
0.000881402
0.000833884
0.000788735
0.000745848
0.000705121
0.000666455
0.000629756
0.000594932
0.000561897
0.000530567
0.000500861
0.000472703
0.000446019
0.000420739
0.000396794
0.000374121
0.000352658
0.000332345
0.000313125
0.000294945
0.000277752
0.000261498
0.000246135
0.000231618
0.000217904
0.000204952
0.000192722
0.000181178
0.000170285
0.000160007
0.453356
0.453246
0.453024
0.452693
0.452251
0.451699
0.451038
0.450268
0.449389
0.448403
0.44731
0.44611
0.444805
0.443395
0.441882
0.440267
0.438551
0.436734
0.434819
0.432807
0.430699
0.428496
0.426201
0.423814
0.421338
0.418775
0.416125
0.413391
0.410575
0.407678
0.404703
0.401652
0.398526
0.395328
0.39206
0.388724
0.385323
0.381858
0.378331
0.374746
0.371104
0.367408
0.36366
0.359862
0.356017
0.352127
0.348195
0.344222
0.340212
0.336166
0.332088
0.327979
0.323841
0.319678
0.315491
0.311283
0.307056
0.302813
0.298555
0.294285
0.290006
0.285719
0.281427
0.277131
0.272835
0.268539
0.264247
0.25996
0.25568
0.251408
0.247148
0.242901
0.238669
0.234453
0.230255
0.226077
0.221921
0.217788
0.21368
0.209599
0.205545
0.20152
0.197526
0.193563
0.189634
0.185739
0.18188
0.178058
0.174273
0.170527
0.166821
0.163156
0.159532
0.155951
0.152413
0.148918
0.145469
0.142064
0.138705
0.135393
0.132128
0.128909
0.125739
0.122616
0.119542
0.116517
0.11354
0.110613
0.107734
0.104905
0.102125
0.0993949
0.0967139
0.0940822
0.0914998
0.0889666
0.0864823
0.084047
0.0816602
0.0793219
0.0770318
0.0747894
0.0725947
0.0704471
0.0683464
0.0662921
0.0642839
0.0623213
0.0604039
0.0585312
0.0567027
0.0549179
0.0531763
0.0514773
0.0498205
0.0482052
0.046631
0.0450971
0.043603
0.0421481
0.0407319
0.0393536
0.0380126
0.0367084
0.0354403
0.0342077
0.0330098
0.0318462
0.030716
0.0296187
0.0285537
0.0275202
0.0265177
0.0255454
0.0246028
0.0236892
0.0228039
0.0219464
0.0211159
0.020312
0.0195338
0.0187809
0.0180526
0.0173483
0.0166674
0.0160093
0.0153735
0.0147593
0.0141662
0.0135936
0.013041
0.0125077
0.0119934
0.0114974
0.0110192
0.0105583
0.0101142
0.00968648
0.00927455
0.00887797
0.00849628
0.008129
0.00777571
0.00743596
0.00710931
0.00679535
0.00649368
0.00620388
0.00592557
0.00565836
0.00540188
0.00515577
0.00491967
0.00469323
0.00447613
0.00426803
0.0040686
0.00387755
0.00369457
0.00351936
0.00335165
0.00319115
0.00303759
0.00289071
0.00275027
0.00261601
0.00248769
0.0023651
0.00224799
0.00213617
0.00202941
0.00192751
0.00183028
0.00173754
0.00164909
0.00156476
0.00148438
0.00140779
0.00133482
0.00126533
0.00119916
0.00113617
0.00107623
0.0010192
0.000964963
0.000913386
0.000864354
0.000817755
0.000773479
0.000731422
0.000691483
0.000653565
0.000617575
0.000583425
0.000551029
0.000520305
0.000491173
0.00046356
0.000437392
0.000412601
0.00038912
0.000366885
0.000345837
0.000325916
0.000307068
0.00028924
0.00027238
0.00025644
0.000241374
0.000227138
0.000213689
0.000200987
0.000188995
0.000177674
0.000166991
0.000156912
0.444479
0.444371
0.444154
0.443829
0.443395
0.442854
0.442206
0.441451
0.44059
0.439623
0.438551
0.437375
0.436095
0.434713
0.43323
0.431646
0.429963
0.428183
0.426305
0.424332
0.422265
0.420106
0.417855
0.415516
0.413088
0.410575
0.407977
0.405296
0.402535
0.399695
0.396778
0.393787
0.390722
0.387587
0.384383
0.381113
0.377778
0.37438
0.370923
0.367408
0.363838
0.360214
0.356539
0.352816
0.349046
0.345232
0.341377
0.337482
0.33355
0.329584
0.325585
0.321556
0.3175
0.313418
0.309313
0.305188
0.301044
0.296883
0.292709
0.288523
0.284327
0.280124
0.275916
0.271705
0.267492
0.263281
0.259073
0.254869
0.250673
0.246486
0.242309
0.238145
0.233995
0.229862
0.225747
0.221651
0.217576
0.213524
0.209496
0.205494
0.20152
0.197574
0.193658
0.189773
0.185921
0.182102
0.178319
0.174571
0.170861
0.167188
0.163555
0.159961
0.156408
0.152897
0.149428
0.146002
0.14262
0.139282
0.135989
0.132742
0.12954
0.126385
0.123277
0.120216
0.117202
0.114235
0.111317
0.108447
0.105625
0.102851
0.100126
0.0974486
0.0948201
0.09224
0.0897081
0.0872245
0.0847889
0.0824012
0.0800612
0.0777687
0.0755234
0.073325
0.0711732
0.0690677
0.0670081
0.0649941
0.0630252
0.061101
0.0592211
0.0573851
0.0555924
0.0538425
0.052135
0.0504693
0.048845
0.0472613
0.0457179
0.044214
0.0427492
0.0413228
0.0399343
0.038583
0.0372683
0.0359896
0.0347464
0.0335379
0.0323635
0.0312226
0.0301146
0.0290388
0.0279946
0.0269813
0.0259984
0.0250452
0.024121
0.0232253
0.0223574
0.0215167
0.0207025
0.0199142
0.0191513
0.0184132
0.0176991
0.0170086
0.0163411
0.0156959
0.0150725
0.0144703
0.0138888
0.0133274
0.0127856
0.0122628
0.0117585
0.0112722
0.0108034
0.0103516
0.00991619
0.00949681
0.00909295
0.00870413
0.00832991
0.00796983
0.00762345
0.00729035
0.0069701
0.00666229
0.00636652
0.0060824
0.00580954
0.00554756
0.0052961
0.00505481
0.00482334
0.00460134
0.00438848
0.00418445
0.00398894
0.00380163
0.00362223
0.00345045
0.00328602
0.00312866
0.00297811
0.00283411
0.00269641
0.00256478
0.00243898
0.00231879
0.00220398
0.00209434
0.00198967
0.00188977
0.00179445
0.00170352
0.0016168
0.00153412
0.00145532
0.00138022
0.00130868
0.00124055
0.00117568
0.00111392
0.00105516
0.000999247
0.000946068
0.000895501
0.000847429
0.000801742
0.000758334
0.0007171
0.000677943
0.000640767
0.000605483
0.000572001
0.000540239
0.000510116
0.000481556
0.000454483
0.000428828
0.000404522
0.0003815
0.000359701
0.000339065
0.000319535
0.000301056
0.000283576
0.000267046
0.000251419
0.000236648
0.00022269
0.000209505
0.000197052
0.000185294
0.000174195
0.000163721
0.000153839
0.435669
0.435563
0.43535
0.435032
0.434607
0.434077
0.433441
0.432701
0.431857
0.430909
0.429858
0.428706
0.427451
0.426097
0.424643
0.423091
0.421441
0.419696
0.417855
0.415922
0.413896
0.411779
0.409573
0.40728
0.404901
0.402437
0.39989
0.397263
0.394557
0.391773
0.388914
0.385982
0.382978
0.379905
0.376764
0.373559
0.37029
0.36696
0.363571
0.360126
0.356626
0.353074
0.349472
0.345823
0.342128
0.33839
0.334611
0.330793
0.326939
0.323051
0.319132
0.315183
0.311207
0.307206
0.303182
0.299139
0.295077
0.290999
0.286907
0.282804
0.278692
0.274572
0.270447
0.266319
0.26219
0.258063
0.253938
0.249818
0.245705
0.2416
0.237506
0.233425
0.229358
0.225306
0.221272
0.217257
0.213263
0.209292
0.205344
0.201421
0.197526
0.193658
0.189819
0.186012
0.182236
0.178493
0.174784
0.171111
0.167474
0.163874
0.160313
0.156791
0.153308
0.149867
0.146466
0.143108
0.139793
0.136522
0.133294
0.130111
0.126973
0.12388
0.120833
0.117833
0.114879
0.111971
0.109111
0.106297
0.103531
0.100812
0.098141
0.0955171
0.0929407
0.0904117
0.0879301
0.0854957
0.0831084
0.080768
0.0784744
0.0762273
0.0740265
0.0718716
0.0697625
0.0676987
0.06568
0.0637058
0.061776
0.0598899
0.0580473
0.0562477
0.0544905
0.0527753
0.0511017
0.049469
0.0478768
0.0463246
0.0448117
0.0433377
0.0419019
0.0405038
0.0391428
0.0378183
0.0365296
0.0352763
0.0340577
0.0328731
0.031722
0.0306037
0.0295177
0.0284632
0.0274397
0.0264466
0.0254831
0.0245488
0.023643
0.022765
0.0219143
0.0210902
0.0202921
0.0195195
0.0187717
0.0180482
0.0173483
0.0166715
0.0160172
0.0153848
0.0147737
0.0141835
0.0136135
0.0130633
0.0125322
0.0120198
0.0115255
0.0110488
0.0105893
0.0101464
0.00971965
0.00930858
0.00891272
0.00853161
0.00816481
0.00781186
0.00747235
0.00714585
0.00683195
0.00653024
0.00624034
0.00596184
0.00569439
0.00543761
0.00519113
0.00495462
0.00472773
0.00451013
0.0043015
0.00410151
0.00390987
0.00372628
0.00355043
0.00338206
0.00322089
0.00306665
0.00291908
0.00277794
0.00264297
0.00251395
0.00239064
0.00227283
0.00216029
0.00205283
0.00195023
0.00185231
0.00175888
0.00166975
0.00158475
0.00150371
0.00142647
0.00135287
0.00128275
0.00121596
0.00115238
0.00109185
0.00103424
0.000979442
0.000927317
0.000877752
0.000830633
0.000785852
0.000743303
0.000702887
0.000664506
0.000628067
0.000593482
0.000560664
0.000529531
0.000500006
0.000472011
0.000445475
0.000420328
0.000396504
0.000373939
0.000352572
0.000332345
0.000313201
0.000295089
0.000277956
0.000261753
0.000246435
0.000231957
0.000218276
0.000205352
0.000193146
0.000181621
0.000170742
0.000160476
0.00015079
0.42693
0.426826
0.426617
0.426305
0.425889
0.425369
0.424747
0.424021
0.423194
0.422265
0.421236
0.420106
0.418877
0.41755
0.416125
0.414604
0.412987
0.411277
0.409473
0.407578
0.405593
0.403519
0.401357
0.39911
0.396778
0.394364
0.391869
0.389294
0.386642
0.383914
0.381113
0.378239
0.375296
0.372284
0.369207
0.366065
0.362862
0.359599
0.356278
0.352902
0.349472
0.345992
0.342462
0.338886
0.335265
0.331602
0.327898
0.324157
0.320381
0.316571
0.31273
0.30886
0.304964
0.301044
0.297101
0.293138
0.289158
0.285161
0.281152
0.277131
0.273101
0.269064
0.265022
0.260977
0.256931
0.252886
0.248844
0.244806
0.240776
0.236754
0.232742
0.228742
0.224757
0.220787
0.216834
0.212899
0.208985
0.205093
0.201225
0.197381
0.193563
0.189773
0.186012
0.18228
0.17858
0.174913
0.171278
0.167679
0.164115
0.160587
0.157097
0.153645
0.150233
0.14686
0.143528
0.140238
0.136989
0.133783
0.13062
0.127501
0.124426
0.121395
0.11841
0.115469
0.112574
0.109725
0.106922
0.104165
0.101454
0.0987901
0.0961723
0.0936011
0.0910763
0.0885981
0.0861662
0.0837806
0.0814412
0.0791478
0.0769002
0.0746982
0.0725415
0.0704299
0.0683631
0.0663407
0.0643624
0.0624279
0.0605368
0.0586886
0.0568829
0.0551194
0.0533974
0.0517167
0.0500766
0.0484767
0.0469164
0.0453953
0.0439128
0.0424683
0.0410614
0.0396913
0.0383576
0.0370596
0.0357969
0.0345687
0.0333745
0.0322137
0.0310857
0.0299898
0.0289256
0.0278922
0.0268893
0.025916
0.0249719
0.0240564
0.0231687
0.0223083
0.0214747
0.0206671
0.0198851
0.019128
0.0183952
0.0176862
0.0170003
0.0163371
0.0156959
0.0150762
0.0144774
0.013899
0.0133404
0.0128012
0.0122808
0.0117786
0.0112943
0.0108272
0.0103769
0.00994286
0.00952467
0.00912185
0.00873393
0.00836047
0.00800102
0.00765516
0.00732246
0.00700251
0.0066949
0.00639925
0.00611516
0.00584225
0.00558016
0.00532853
0.005087
0.00485524
0.0046329
0.00441966
0.00421521
0.00401924
0.00383144
0.00365153
0.00347921
0.00331422
0.00315628
0.00300513
0.00286052
0.00272221
0.00258995
0.00246352
0.00234269
0.00222723
0.00211696
0.00201165
0.00191111
0.00181515
0.0017236
0.00163626
0.00155296
0.00147355
0.00139786
0.00132573
0.00125701
0.00119157
0.00112926
0.00106994
0.0010135
0.000959794
0.000908715
0.000860144
0.000813971
0.000770088
0.000728393
0.000688787
0.000651176
0.000615468
0.000581576
0.000549417
0.000518909
0.000489976
0.000462543
0.000436539
0.000411896
0.00038855
0.000366438
0.000345499
0.000325678
0.000306919
0.000289169
0.00027238
0.000256503
0.000241492
0.000227304
0.000213898
0.000201233
0.000189272
0.000177978
0.000167317
0.000157257
0.000147765
0.418264
0.418162
0.417958
0.417652
0.417244
0.416735
0.416125
0.415414
0.414604
0.413694
0.412685
0.411578
0.410374
0.409074
0.407678
0.406188
0.404604
0.402928
0.401162
0.399305
0.39736
0.395328
0.39321
0.391009
0.388724
0.386359
0.383914
0.381392
0.378793
0.376121
0.373376
0.370561
0.367677
0.364727
0.361712
0.358634
0.355496
0.352299
0.349046
0.345738
0.342379
0.338968
0.33551
0.332007
0.328459
0.324871
0.321242
0.317577
0.313878
0.310145
0.306382
0.302591
0.298774
0.294933
0.29107
0.287188
0.283288
0.279373
0.275445
0.271506
0.267558
0.263603
0.259642
0.25568
0.251716
0.247753
0.243792
0.239837
0.235888
0.231948
0.228018
0.224099
0.220194
0.216305
0.212432
0.208578
0.204743
0.20093
0.19714
0.193374
0.189634
0.185921
0.182236
0.17858
0.174955
0.171362
0.167802
0.164275
0.160783
0.157327
0.153908
0.150527
0.147183
0.143879
0.140615
0.137391
0.134208
0.131067
0.127969
0.124913
0.1219
0.118931
0.116006
0.113125
0.110289
0.107498
0.104751
0.10205
0.0993949
0.0967847
0.0942201
0.0917011
0.0892276
0.0867996
0.0844171
0.08208
0.0797881
0.0775412
0.0753392
0.0731819
0.071069
0.0690003
0.0669754
0.0649941
0.0630559
0.0611607
0.0593079
0.0574973
0.0557283
0.0540005
0.0523135
0.0506669
0.0490601
0.0474927
0.0459641
0.0444738
0.0430214
0.0416063
0.0402278
0.0388856
0.037579
0.0363074
0.0350702
0.033867
0.032697
0.0315598
0.0304547
0.0293811
0.0283384
0.0273261
0.0263434
0.02539
0.024465
0.023568
0.0226984
0.0218555
0.0210388
0.0202476
0.0194814
0.0187397
0.0180218
0.0173271
0.0166552
0.0160054
0.0153773
0.0147701
0.0141835
0.0136168
0.0130696
0.0125414
0.0120315
0.0115395
0.011065
0.0106074
0.0101662
0.00974103
0.00933133
0.00893669
0.00855664
0.00819076
0.00783861
0.00749977
0.00717382
0.00686037
0.006559
0.00626935
0.00599103
0.00572366
0.00546689
0.00522036
0.00498374
0.00475668
0.00453885
0.00432995
0.00412965
0.00393765
0.00375367
0.0035774
0.00340859
0.00324694
0.00309221
0.00294413
0.00280246
0.00266695
0.00253738
0.00241351
0.00229513
0.00218202
0.00207398
0.00197081
0.00187232
0.00177831
0.00168861
0.00160304
0.00152144
0.00144364
0.00136948
0.00129882
0.0012315
0.00116738
0.00110634
0.00104823
0.000992924
0.000940312
0.000890269
0.000842684
0.000797448
0.000754456
0.000713607
0.000674805
0.000637958
0.000602975
0.000569771
0.000538264
0.000508376
0.00048003
0.000453153
0.000427678
0.000403535
0.000380663
0.000358999
0.000338486
0.000319067
0.000300688
0.000283299
0.000266851
0.000251296
0.00023659
0.00022269
0.000209556
0.000197148
0.00018543
0.000174365
0.000163921
0.000154065
0.000144766
0.409673
0.409573
0.409373
0.409074
0.408674
0.408176
0.407578
0.406882
0.406089
0.405197
0.404209
0.403125
0.401946
0.400672
0.399305
0.397845
0.396294
0.394653
0.392922
0.391104
0.389199
0.387209
0.385135
0.382978
0.380741
0.378424
0.376029
0.373559
0.371014
0.368396
0.365708
0.362951
0.360126
0.357236
0.354283
0.351269
0.348195
0.345064
0.341877
0.338638
0.335347
0.332007
0.32862
0.325188
0.321713
0.318198
0.314645
0.311055
0.307431
0.303775
0.30009
0.296376
0.292637
0.288875
0.285092
0.281289
0.27747
0.273635
0.269788
0.26593
0.262062
0.258189
0.25431
0.250428
0.246546
0.242664
0.238785
0.234911
0.231044
0.227184
0.223335
0.219497
0.215672
0.211862
0.208069
0.204294
0.200538
0.196804
0.193091
0.189403
0.185739
0.182102
0.178493
0.174913
0.171362
0.167843
0.164355
0.160901
0.157481
0.154096
0.150747
0.147435
0.14416
0.140924
0.137727
0.134569
0.131452
0.128376
0.125341
0.122347
0.119397
0.116488
0.113623
0.110802
0.108024
0.10529
0.1026
0.0999546
0.0973535
0.0947969
0.092285
0.0898177
0.087395
0.0850169
0.0826834
0.0803942
0.0781494
0.0759487
0.0737919
0.0716789
0.0696094
0.0675831
0.0655998
0.0636592
0.0617609
0.0599046
0.0580899
0.0563164
0.0545837
0.0528914
0.0512391
0.0496263
0.0480525
0.0465172
0.0450201
0.0435604
0.0421378
0.0407518
0.0394016
0.038087
0.0368072
0.0355617
0.0343499
0.0331714
0.0320255
0.0309116
0.0298292
0.0287776
0.0277564
0.0267648
0.0258024
0.0248685
0.0239626
0.023084
0.0222322
0.0214066
0.0206067
0.0198317
0.0190813
0.0183548
0.0176516
0.0169713
0.0163132
0.0156767
0.0150614
0.0144668
0.0138922
0.0133372
0.0128012
0.0122838
0.0117844
0.0113025
0.0108378
0.0103895
0.00995743
0.00954097
0.00913968
0.00875314
0.00838091
0.00802254
0.00767762
0.00734574
0.00702648
0.00671947
0.00642429
0.00614059
0.00586798
0.00560611
0.00535461
0.00511315
0.00488138
0.00465899
0.00444564
0.00424102
0.00404483
0.00385678
0.00367657
0.00350393
0.00333858
0.00318026
0.0030287
0.00288366
0.0027449
0.00261218
0.00248527
0.00236394
0.00224799
0.00213721
0.00203139
0.00193034
0.00183386
0.00174179
0.00165393
0.00157012
0.00149019
0.00141399
0.00134136
0.00127214
0.00120621
0.00114341
0.00108361
0.0010267
0.000972532
0.000920999
0.000871985
0.000825377
0.00078107
0.00073896
0.000698951
0.000660946
0.000624855
0.000590591
0.000558069
0.000527209
0.000497935
0.000470171
0.000443847
0.000418894
0.000395247
0.000372845
0.000351626
0.000331534
0.000312514
0.000294513
0.000277481
0.00026137
0.000246135
0.000231731
0.000218117
0.000205252
0.000193099
0.000181621
0.000170784
0.000160554
0.000150901
0.000141793
0.401162
0.401064
0.400868
0.400574
0.400183
0.399695
0.39911
0.398429
0.397651
0.396778
0.395811
0.394749
0.393595
0.392347
0.391009
0.389579
0.38806
0.386453
0.384759
0.382978
0.381113
0.379164
0.377133
0.375021
0.37283
0.370561
0.368216
0.365797
0.363305
0.360742
0.358109
0.355409
0.352644
0.349814
0.346922
0.34397
0.34096
0.337894
0.334774
0.331602
0.328379
0.325109
0.321792
0.318431
0.315029
0.311587
0.308107
0.304592
0.301044
0.297464
0.293855
0.290218
0.286557
0.282873
0.279168
0.275445
0.271705
0.26795
0.264182
0.260404
0.256618
0.252824
0.249026
0.245225
0.241423
0.237622
0.233824
0.23003
0.226243
0.222464
0.218694
0.214936
0.211191
0.20746
0.203746
0.200049
0.196372
0.192715
0.189079
0.185468
0.18188
0.178319
0.174784
0.171278
0.167802
0.164355
0.16094
0.157558
0.154209
0.150895
0.147615
0.144372
0.141165
0.137996
0.134865
0.131773
0.128721
0.125708
0.122736
0.119805
0.116916
0.114068
0.111263
0.1085
0.105779
0.103102
0.100468
0.0978778
0.0953308
0.0928273
0.0903676
0.0879515
0.0855792
0.0832505
0.0809654
0.0787239
0.0765256
0.0743707
0.0722587
0.0701896
0.0681631
0.0661789
0.0642369
0.0623365
0.0604777
0.0586599
0.0568829
0.0551463
0.0534496
0.0517925
0.0501745
0.0485952
0.0470541
0.0455507
0.0440847
0.0426554
0.0412623
0.039905
0.038583
0.0372956
0.0360424
0.0348228
0.0336363
0.0324822
0.0313601
0.0302694
0.0292094
0.0281797
0.0271797
0.0262087
0.0252663
0.0243518
0.0234647
0.0226044
0.0217703
0.0209618
0.0201785
0.0194197
0.0186849
0.0179734
0.0172849
0.0166187
0.0159742
0.015351
0.0147485
0.0141662
0.0136036
0.0130601
0.0125352
0.0120286
0.0115395
0.0110677
0.0106126
0.0101737
0.00975054
0.00934273
0.00894979
0.00857128
0.00820677
0.00785585
0.0075181
0.00719311
0.00688049
0.00657985
0.00629082
0.00601301
0.00574606
0.00548963
0.00524336
0.00500691
0.00477996
0.00456218
0.00435327
0.0041529
0.00396079
0.00377665
0.00360019
0.00343113
0.00326921
0.00311418
0.00296577
0.00282375
0.00268787
0.0025579
0.00243363
0.00231483
0.00220129
0.0020928
0.00198918
0.00189023
0.00179576
0.0017056
0.00161956
0.0015375
0.00145923
0.00138461
0.00131349
0.00124571
0.00118114
0.00111965
0.0010611
0.00100536
0.000952325
0.000901864
0.000853867
0.000808228
0.000764841
0.000723607
0.000684429
0.000647213
0.000611872
0.00057832
0.000546474
0.000516256
0.000487589
0.000460402
0.000434625
0.00041019
0.000387035
0.000365098
0.00034432
0.000324646
0.000306021
0.000288394
0.000271716
0.00025594
0.000241021
0.000226916
0.000213585
0.000200987
0.000189087
0.000177848
0.000167236
0.000157219
0.000147765
0.000138847
0.392731
0.392635
0.392443
0.392156
0.391773
0.391295
0.390722
0.390055
0.389294
0.38844
0.387492
0.386453
0.385323
0.384102
0.382791
0.381392
0.379905
0.378331
0.376672
0.374929
0.373103
0.371195
0.369207
0.367139
0.364994
0.362773
0.360478
0.358109
0.35567
0.353161
0.350583
0.34794
0.345232
0.342462
0.339631
0.336741
0.333795
0.330793
0.327738
0.324633
0.321478
0.318276
0.315029
0.311739
0.308408
0.305039
0.301632
0.298191
0.294717
0.291212
0.287679
0.284119
0.280535
0.276928
0.273301
0.269656
0.265994
0.262319
0.25863
0.254932
0.251224
0.247511
0.243792
0.240071
0.236349
0.232628
0.22891
0.225196
0.221488
0.217788
0.214098
0.210419
0.206752
0.2031
0.199464
0.195845
0.192245
0.188664
0.185106
0.18157
0.178058
0.174571
0.171111
0.167679
0.164275
0.160901
0.157558
0.154247
0.150968
0.147723
0.144513
0.141338
0.138198
0.135096
0.132031
0.129004
0.126016
0.123066
0.120157
0.117287
0.114459
0.111671
0.108924
0.106219
0.103556
0.100935
0.0983569
0.0958208
0.0933273
0.0908764
0.0884684
0.0861031
0.0837806
0.0815009
0.0792638
0.0770694
0.0749174
0.0728077
0.0707401
0.0687145
0.0667306
0.0647881
0.0628868
0.0610265
0.0592067
0.0574271
0.0556874
0.0539873
0.0523263
0.050704
0.04912
0.0475739
0.0460652
0.0445934
0.0431582
0.0417589
0.0403952
0.0390664
0.0377721
0.0365118
0.0352849
0.034091
0.0329293
0.0317995
0.030701
0.0296332
0.0285955
0.0275875
0.0266085
0.0256579
0.0247353
0.02384
0.0229716
0.0221293
0.0213128
0.0205213
0.0197544
0.0190116
0.0182922
0.0175957
0.0169216
0.0162694
0.0156385
0.0150284
0.0144385
0.0138685
0.0133177
0.0127856
0.0122718
0.0117758
0.011297
0.0108351
0.0103895
0.00995986
0.00954562
0.00914638
0.0087617
0.00839114
0.0080343
0.00769075
0.0073601
0.00704194
0.00673589
0.00644157
0.00615861
0.00588663
0.0056253
0.00537426
0.00513316
0.00490168
0.0046795
0.0044663
0.00426178
0.00406562
0.00387755
0.00369728
0.00352452
0.00335902
0.00320051
0.00304873
0.00290344
0.0027644
0.00263138
0.00250415
0.00238248
0.00226618
0.00215502
0.00204882
0.00194738
0.0018505
0.00175802
0.00166975
0.00158553
0.00150518
0.00142856
0.00135551
0.00128588
0.00121953
0.00115632
0.00109612
0.0010388
0.000984236
0.000932311
0.00088291
0.000835922
0.000791242
0.000748767
0.000708399
0.000670044
0.000633611
0.000599013
0.000566166
0.000534989
0.000505406
0.000477342
0.000450726
0.00042549
0.00040157
0.000378901
0.000357425
0.000337084
0.000317823
0.000299589
0.000282333
0.000266005
0.000250561
0.000235955
0.000222147
0.000209096
0.000196763
0.000185113
0.00017411
0.000163721
0.000153914
0.00014466
0.000135929
0.384383
0.384289
0.384102
0.38382
0.383446
0.382978
0.382417
0.381764
0.381019
0.380183
0.379256
0.378239
0.377133
0.375937
0.374655
0.373285
0.37183
0.37029
0.368666
0.36696
0.365173
0.363305
0.361359
0.359336
0.357236
0.355063
0.352816
0.350498
0.34811
0.345654
0.343132
0.340544
0.337894
0.335183
0.332412
0.329584
0.3267
0.323762
0.320772
0.317733
0.314645
0.311511
0.308333
0.305113
0.301853
0.298555
0.295221
0.291853
0.288452
0.285022
0.281564
0.27808
0.274572
0.271042
0.267492
0.263924
0.260341
0.256743
0.253133
0.249513
0.245885
0.24225
0.238611
0.234969
0.231326
0.227684
0.224044
0.22041
0.216781
0.213159
0.209547
0.205946
0.202358
0.198783
0.195224
0.191682
0.188158
0.184654
0.181171
0.17771
0.174273
0.170861
0.167474
0.164115
0.160783
0.157481
0.154209
0.150968
0.147759
0.144583
0.141441
0.138333
0.135261
0.132224
0.129225
0.126262
0.123337
0.120451
0.117603
0.114794
0.112026
0.109297
0.106609
0.103962
0.101355
0.0987901
0.0962663
0.0937841
0.0913436
0.0889448
0.086588
0.084273
0.0819999
0.0797686
0.0775791
0.0754312
0.073325
0.0712601
0.0692365
0.0672539
0.0653122
0.063411
0.0615502
0.0597293
0.0579482
0.0562065
0.0545038
0.0528398
0.0512141
0.0496263
0.048076
0.0465627
0.0450861
0.0436456
0.0422408
0.0408713
0.0395365
0.038236
0.0369693
0.0357357
0.0345349
0.0333663
0.0322294
0.0311236
0.0300485
0.0290033
0.0279877
0.0270011
0.0260429
0.0251126
0.0242095
0.0233333
0.0224833
0.021659
0.0208597
0.0200851
0.0193345
0.0186075
0.0179034
0.0172217
0.016562
0.0159236
0.0153061
0.0147089
0.0141316
0.0135737
0.0130346
0.0125138
0.012011
0.0115255
0.0110569
0.0106048
0.0101687
0.00974816
0.00934273
0.00895197
0.00857546
0.00821279
0.00786353
0.00752728
0.00720366
0.00689226
0.00659272
0.00630465
0.0060277
0.00576151
0.00550573
0.00526002
0.00502405
0.0047975
0.00458004
0.00437137
0.00417119
0.00397921
0.00379513
0.00361869
0.00344961
0.00328762
0.00313248
0.00298393
0.00284173
0.00270565
0.00257545
0.00245092
0.00233184
0.00221801
0.00210922
0.00200527
0.00190598
0.00181117
0.00172065
0.00163426
0.00155183
0.00147319
0.0013982
0.0013267
0.00125855
0.00119361
0.00113174
0.00107282
0.00101672
0.000963316
0.000912494
0.000864143
0.000818154
0.000774424
0.000732852
0.000693342
0.000655803
0.000620144
0.000586281
0.000554132
0.000523618
0.000494663
0.000467196
0.000441146
0.000416447
0.000393034
0.000370848
0.000349828
0.000329919
0.000311068
0.000293221
0.000276332
0.000260351
0.000245235
0.00023094
0.000217425
0.000204652
0.000192581
0.000181178
0.000170409
0.000160241
0.000150643
0.000141585
0.000133039
0.376121
0.376029
0.375846
0.37557
0.375204
0.374746
0.374198
0.373559
0.37283
0.372011
0.371104
0.370109
0.369026
0.367857
0.366602
0.365262
0.363838
0.362331
0.360742
0.359073
0.357323
0.355496
0.353592
0.351612
0.349558
0.347431
0.345232
0.342964
0.340628
0.338224
0.335756
0.333225
0.330632
0.327979
0.325267
0.3225
0.319678
0.316803
0.313878
0.310903
0.307882
0.304815
0.301706
0.298555
0.295365
0.292138
0.288875
0.285579
0.282252
0.278896
0.275512
0.272103
0.26867
0.265216
0.261743
0.258252
0.254745
0.251224
0.247692
0.24415
0.240599
0.237043
0.233482
0.229918
0.226354
0.22279
0.219229
0.215672
0.212121
0.208578
0.205043
0.20152
0.198008
0.194511
0.191028
0.187562
0.184114
0.180685
0.177277
0.173891
0.170527
0.167188
0.163874
0.160587
0.157327
0.154096
0.150895
0.147723
0.144583
0.141476
0.138401
0.13536
0.132354
0.129382
0.126447
0.123548
0.120686
0.117862
0.115075
0.112327
0.109618
0.106948
0.104318
0.101727
0.0991767
0.0966667
0.0941971
0.0917683
0.0893802
0.0870331
0.0847268
0.0824616
0.0802374
0.078054
0.0759116
0.0738099
0.0717489
0.0697284
0.0677483
0.0658084
0.0639084
0.0620481
0.0602272
0.0584455
0.0567027
0.0549984
0.0533323
0.051704
0.0501133
0.0485596
0.0470426
0.0455619
0.044117
0.0427075
0.0413329
0.0399928
0.0386867
0.0374142
0.0361746
0.0349676
0.0337926
0.0326492
0.0315367
0.0304547
0.0294026
0.0283799
0.0273862
0.0264207
0.0254831
0.0245728
0.0236892
0.0228318
0.022
0.0211934
0.0204114
0.0196534
0.018919
0.0182075
0.0175186
0.0168515
0.016206
0.0155813
0.0149771
0.0143928
0.0138279
0.0132819
0.0127544
0.0122449
0.0117528
0.0112777
0.0108193
0.0103769
0.00995014
0.00953864
0.00914192
0.00875956
0.00839114
0.00803626
0.00769451
0.00736549
0.00704882
0.00674412
0.00645101
0.00616914
0.00589814
0.00563767
0.00538739
0.00514696
0.00491607
0.00469438
0.0044816
0.00427741
0.00408154
0.00389368
0.00371356
0.00354091
0.00337546
0.00321696
0.00306515
0.00291979
0.00278065
0.00264749
0.00252009
0.00239824
0.00228172
0.00217034
0.00206388
0.00196217
0.00186502
0.00177224
0.00168367
0.00159913
0.00151847
0.00144153
0.00136815
0.00129818
0.0012315
0.00116795
0.00110742
0.00104976
0.000994866
0.00094261
0.000892881
0.000845569
0.000800569
0.000757778
0.0007171
0.000678439
0.000641707
0.000606814
0.000573679
0.000542221
0.000512363
0.000484031
0.000457154
0.000431664
0.000407495
0.000384586
0.000362877
0.000342309
0.000322828
0.000304381
0.000286919
0.000270392
0.000254755
0.000239964
0.000225976
0.000212752
0.000200253
0.000188442
0.000177284
0.000166747
0.000156797
0.000147405
0.000138542
0.00013018
0.367947
0.367857
0.367677
0.367408
0.36705
0.366602
0.366065
0.36544
0.364727
0.363927
0.363039
0.362065
0.361006
0.359862
0.358634
0.357323
0.35593
0.354456
0.352902
0.351269
0.349558
0.34777
0.345907
0.34397
0.341961
0.33988
0.337729
0.33551
0.333225
0.330874
0.328459
0.325983
0.323446
0.320851
0.318198
0.315491
0.31273
0.309918
0.307056
0.304146
0.301191
0.298191
0.295149
0.292066
0.288946
0.285789
0.282597
0.279373
0.276118
0.272835
0.269524
0.266189
0.262831
0.259452
0.256054
0.252639
0.249209
0.245765
0.242309
0.238844
0.235371
0.231891
0.228408
0.224921
0.221434
0.217948
0.214464
0.210985
0.207511
0.204045
0.200587
0.19714
0.193705
0.190283
0.186877
0.183486
0.180113
0.176758
0.173424
0.170111
0.166821
0.163555
0.160313
0.157097
0.153908
0.150747
0.147615
0.144513
0.141441
0.138401
0.135393
0.132418
0.129477
0.126571
0.123699
0.120863
0.118063
0.1153
0.112574
0.109886
0.107236
0.104624
0.10205
0.0995163
0.0970213
0.0945658
0.0921499
0.0897739
0.0874377
0.0851416
0.0828855
0.0806695
0.0784936
0.0763577
0.0742618
0.0722058
0.0701896
0.068213
0.0662759
0.0643782
0.0625194
0.0606996
0.0589183
0.0571753
0.0554703
0.0538031
0.0521732
0.0505804
0.0490242
0.0475043
0.0460202
0.0445717
0.0431582
0.0417793
0.0404346
0.0391237
0.037846
0.0366011
0.0353885
0.0342077
0.0330582
0.0319396
0.0308513
0.0297928
0.0287636
0.0277632
0.026791
0.0258465
0.0249293
0.0240387
0.0231743
0.0223356
0.0215219
0.0207328
0.0199678
0.0192263
0.0185078
0.0178118
0.0171378
0.0164853
0.0158538
0.0152427
0.0146516
0.01408
0.0135274
0.0129933
0.0124772
0.0119787
0.0114974
0.0110326
0.0105841
0.0101513
0.0097339
0.00933133
0.00894323
0.00856919
0.00820878
0.00786161
0.00752728
0.00720542
0.00689563
0.00659755
0.00631081
0.00603507
0.00576996
0.00551515
0.00527031
0.00503511
0.00480923
0.00459236
0.0043842
0.00418445
0.00399283
0.00380906
0.00363285
0.00346396
0.0033021
0.00314704
0.00299854
0.00285634
0.00272022
0.00258995
0.00246532
0.00234612
0.00223213
0.00212317
0.00201903
0.00191953
0.00182449
0.00173373
0.00164708
0.00156438
0.00148547
0.0014102
0.00133841
0.00126997
0.00120473
0.00114257
0.00108335
0.00102695
0.000973244
0.000922124
0.000873476
0.000827192
0.00078317
0.00074131
0.000701515
0.000663695
0.00062776
0.000593626
0.000561212
0.000530437
0.000501228
0.000473511
0.000447218
0.000422282
0.000398639
0.000376228
0.00035499
0.000334869
0.000315812
0.000297766
0.000280683
0.000264516
0.000249219
0.000234749
0.000221065
0.000208128
0.000195901
0.000184346
0.000173431
0.000163123
0.000153389
0.000144201
0.000135531
0.000127351
0.359862
0.359775
0.359599
0.359336
0.358985
0.358547
0.358022
0.357411
0.356713
0.35593
0.355063
0.35411
0.353074
0.351956
0.350755
0.349472
0.34811
0.346668
0.345148
0.343551
0.341877
0.340129
0.338307
0.336413
0.334447
0.332412
0.330309
0.328139
0.325903
0.323604
0.321242
0.31882
0.316339
0.313801
0.311207
0.308559
0.305859
0.303108
0.300309
0.297464
0.294573
0.291639
0.288664
0.285649
0.282597
0.279509
0.276388
0.273235
0.270051
0.26684
0.263603
0.260341
0.257056
0.253752
0.250428
0.247088
0.243733
0.240365
0.236985
0.233596
0.230199
0.226796
0.223389
0.219979
0.216569
0.213159
0.209752
0.206349
0.202952
0.199561
0.19618
0.192809
0.189449
0.186103
0.182771
0.179454
0.176155
0.172875
0.169614
0.166374
0.163156
0.159961
0.156791
0.153645
0.150527
0.147435
0.144372
0.141338
0.138333
0.13536
0.132418
0.129509
0.126632
0.12379
0.120981
0.118207
0.115469
0.112767
0.110101
0.107471
0.104879
0.102325
0.0998083
0.0973297
0.0948896
0.092488
0.0901252
0.0878014
0.0855165
0.0832708
0.0810643
0.078897
0.0767689
0.07468
0.0726301
0.0706193
0.0686474
0.0667143
0.0648197
0.0629636
0.0611458
0.0593659
0.0576237
0.0559191
0.0542516
0.0526209
0.0510269
0.049469
0.047947
0.0464605
0.0450091
0.0435924
0.0422099
0.0408613
0.0395462
0.038264
0.0370144
0.0357969
0.0346109
0.0334561
0.0323319
0.0312378
0.0301734
0.0291382
0.0281316
0.0271532
0.0262023
0.0252786
0.0243816
0.0235106
0.0226652
0.0218448
0.021049
0.0202773
0.0195291
0.0188038
0.0181012
0.0174205
0.0167613
0.0161231
0.0155054
0.0149078
0.0143297
0.0137706
0.0132302
0.0127078
0.0122031
0.0117155
0.0112447
0.0107902
0.0103516
0.0099283
0.00952002
0.00912631
0.00874674
0.00838091
0.00802842
0.00768887
0.00736189
0.0070471
0.00674412
0.00645259
0.00617215
0.00590246
0.00564318
0.00539397
0.00515451
0.00492448
0.00470356
0.00449145
0.00428787
0.00409251
0.0039051
0.00372537
0.00355303
0.00338785
0.00322955
0.0030779
0.00293265
0.00279358
0.00266045
0.00253305
0.00241116
0.00229457
0.00218309
0.00207652
0.00197467
0.00187735
0.0017844
0.00169563
0.00161089
0.00153001
0.00145283
0.00137921
0.001309
0.00124207
0.00117826
0.00111747
0.00105955
0.00100438
0.00095186
0.000901864
0.000854284
0.000809018
0.000765962
0.000725022
0.000686102
0.000649112
0.000613967
0.000580583
0.000548881
0.000518782
0.000490215
0.000463108
0.000437392
0.000413004
0.00038988
0.000367962
0.00034719
0.000327512
0.000308873
0.000291224
0.000274516
0.000258704
0.000243743
0.000229591
0.000216208
0.000203555
0.000191596
0.000180296
0.000169621
0.000159539
0.000150019
0.000141033
0.000132553
0.000124552
0.35187
0.351784
0.351612
0.351355
0.351012
0.350583
0.35007
0.349472
0.348791
0.348025
0.347176
0.346245
0.345232
0.344138
0.342964
0.34171
0.340378
0.338968
0.337482
0.33592
0.334284
0.332575
0.330793
0.328941
0.327019
0.325029
0.322973
0.320851
0.318665
0.316417
0.314107
0.311739
0.309313
0.306831
0.304295
0.301706
0.299066
0.296376
0.293639
0.290857
0.28803
0.285161
0.282252
0.279305
0.276321
0.273301
0.270249
0.267166
0.264053
0.260913
0.257748
0.254558
0.251347
0.248116
0.244866
0.2416
0.23832
0.235026
0.231721
0.228408
0.225086
0.221759
0.218427
0.215094
0.211759
0.208425
0.205093
0.201766
0.198444
0.195129
0.191823
0.188526
0.185241
0.181969
0.178711
0.175469
0.172243
0.169035
0.165847
0.162679
0.159532
0.156408
0.153308
0.150233
0.147183
0.14416
0.141165
0.138198
0.135261
0.132354
0.129477
0.126632
0.12382
0.12104
0.118294
0.115582
0.112904
0.110262
0.107655
0.105084
0.10255
0.100052
0.0975915
0.095168
0.092782
0.0904338
0.0881235
0.0858512
0.0836172
0.0814214
0.0792638
0.0771447
0.0750638
0.0730213
0.071017
0.0690508
0.0671227
0.0652325
0.0633801
0.0615652
0.0597877
0.0580473
0.0563439
0.0546771
0.0530466
0.0514522
0.0498935
0.0483703
0.0468821
0.0454286
0.0440094
0.0426241
0.0412724
0.0399538
0.0386679
0.0374142
0.0361923
0.0350018
0.0338422
0.032713
0.0316138
0.030544
0.0295033
0.028491
0.0275068
0.0265501
0.0256204
0.0247172
0.02384
0.0229884
0.0221618
0.0213596
0.0205815
0.0198269
0.0190953
0.0183862
0.0176991
0.0170335
0.016389
0.015765
0.015161
0.0145767
0.0140114
0.0134648
0.0129363
0.0124255
0.011932
0.0114553
0.010995
0.0105506
0.0101216
0.00970779
0.00930858
0.00892361
0.00855247
0.00819476
0.0078501
0.0075181
0.00719838
0.00689058
0.00659433
0.00630927
0.00603507
0.00577137
0.00551784
0.00527417
0.00504002
0.0048151
0.00459909
0.0043917
0.00419263
0.00400162
0.00381837
0.00364262
0.00347412
0.0033126
0.00315782
0.00300954
0.00286752
0.00273153
0.00260136
0.00247679
0.0023576
0.00224361
0.0021346
0.0020304
0.00193081
0.00183565
0.00174477
0.00165797
0.00157511
0.00149602
0.00142056
0.00134858
0.00127993
0.00121448
0.00115209
0.00109265
0.00103601
0.000982076
0.000930719
0.000881833
0.00083531
0.000791049
0.00074895
0.000708918
0.000670863
0.000634695
0.000600331
0.000567688
0.00053669
0.00050726
0.000479327
0.000452822
0.000427678
0.000403831
0.000381221
0.000359789
0.000339479
0.000320237
0.000302013
0.000284756
0.000268419
0.000252958
0.000238329
0.000224492
0.000211406
0.000199034
0.000187341
0.000176292
0.000165853
0.000155995
0.000146687
0.000137901
0.000129609
0.000121786
0.34397
0.343886
0.343719
0.343467
0.343132
0.342713
0.342211
0.341627
0.34096
0.340212
0.339383
0.338472
0.337482
0.336413
0.335265
0.334039
0.332737
0.331359
0.329906
0.328379
0.32678
0.325109
0.323367
0.321556
0.319678
0.317733
0.315722
0.313648
0.311511
0.309313
0.307056
0.304741
0.302369
0.299943
0.297464
0.294933
0.292352
0.289723
0.287047
0.284327
0.281564
0.27876
0.275916
0.273035
0.270117
0.267166
0.264182
0.261168
0.258126
0.255056
0.251961
0.248844
0.245705
0.242546
0.239369
0.236176
0.232969
0.22975
0.226519
0.22328
0.220033
0.216781
0.213524
0.210265
0.207005
0.203746
0.200489
0.197236
0.193989
0.190749
0.187516
0.184294
0.181083
0.177884
0.174699
0.171529
0.168376
0.16524
0.162123
0.159027
0.155951
0.152897
0.149867
0.14686
0.143879
0.140924
0.137996
0.135096
0.132224
0.129382
0.126571
0.12379
0.12104
0.118323
0.115638
0.112987
0.11037
0.107787
0.105239
0.102725
0.100248
0.0978061
0.0954006
0.0930315
0.0906991
0.0884036
0.0861452
0.083924
0.08174
0.0795935
0.0774844
0.0754128
0.0733787
0.071382
0.0694227
0.0675007
0.0656159
0.0637681
0.0619572
0.0601831
0.0584455
0.0567442
0.055079
0.0534496
0.0518557
0.0502971
0.0487735
0.0472844
0.0458296
0.0444087
0.0430214
0.0416673
0.0403459
0.0390569
0.0377998
0.0365743
0.0353798
0.034216
0.0330824
0.0319786
0.0309041
0.0298583
0.0288409
0.0278514
0.0268893
0.025954
0.0250452
0.0241623
0.0233048
0.0224723
0.0216642
0.0208801
0.0201195
0.0193818
0.0186666
0.0179734
0.0173018
0.0166512
0.0160211
0.0154111
0.0148207
0.0142494
0.0136969
0.0131625
0.0126459
0.0121466
0.0116642
0.0111982
0.0107482
0.0103137
0.00989443
0.00948986
0.00909961
0.00872328
0.00836047
0.00801079
0.00767387
0.00734932
0.00703678
0.00673589
0.00644629
0.00616763
0.00589958
0.0056418
0.00539397
0.00515577
0.00492688
0.004707
0.00449584
0.00429311
0.00409851
0.00391178
0.00373265
0.00356085
0.00339613
0.00323823
0.00308693
0.00294197
0.00280314
0.00267021
0.00254296
0.00242118
0.00230468
0.00219324
0.00208668
0.00198482
0.00188746
0.00179445
0.0017056
0.00162075
0.00153975
0.00146244
0.00138867
0.0013183
0.0012512
0.00118722
0.00112623
0.00106812
0.00101276
0.000960029
0.000909825
0.000862036
0.000816558
0.00077329
0.000732137
0.000693004
0.000655803
0.000620447
0.000586854
0.000554944
0.000524641
0.000495872
0.000468567
0.000442656
0.000418076
0.000394765
0.000372663
0.000351712
0.000331858
0.000313048
0.000295233
0.000278363
0.000262393
0.000247279
0.000232979
0.000219452
0.00020666
0.000194566
0.000183135
0.000172334
0.00016213
0.000152493
0.000143394
0.000134805
0.000126699
0.000119052
0.336166
0.336084
0.33592
0.335674
0.335347
0.334938
0.334447
0.333876
0.333225
0.332493
0.331683
0.330793
0.329825
0.32878
0.327658
0.326461
0.325188
0.323841
0.322421
0.320929
0.319366
0.317733
0.316031
0.314261
0.312425
0.310524
0.308559
0.306532
0.304443
0.302296
0.30009
0.297827
0.295509
0.293138
0.290715
0.288241
0.285719
0.28315
0.280535
0.277876
0.275176
0.272435
0.269656
0.26684
0.263989
0.261105
0.258189
0.255243
0.252269
0.249269
0.246245
0.243198
0.24013
0.237043
0.233938
0.230818
0.227684
0.224537
0.22138
0.218214
0.215041
0.211862
0.20868
0.205494
0.202309
0.199123
0.195941
0.192762
0.189588
0.186421
0.183262
0.180113
0.176974
0.173848
0.170736
0.167638
0.164556
0.161491
0.158445
0.155419
0.152413
0.149428
0.146466
0.143528
0.140615
0.137727
0.134865
0.132031
0.129225
0.126447
0.123699
0.120981
0.118294
0.115638
0.113015
0.110424
0.107866
0.105341
0.102851
0.100395
0.0979734
0.0955871
0.0932362
0.0909208
0.0886414
0.0863979
0.0841907
0.0820199
0.0798855
0.0777877
0.0757265
0.0737019
0.0717139
0.0697625
0.0678476
0.0659692
0.0641272
0.0623213
0.0605515
0.0588177
0.0571195
0.0554568
0.0538294
0.0522369
0.0506792
0.049156
0.0476669
0.0462116
0.0447898
0.0434012
0.0420454
0.0407219
0.0394305
0.0381707
0.0369422
0.0357445
0.0345771
0.0334397
0.0323319
0.0312531
0.0302029
0.0291809
0.0281866
0.0272195
0.0262792
0.0253652
0.024477
0.0236141
0.0227761
0.0219625
0.0211727
0.0204064
0.019663
0.0189421
0.0182431
0.0175657
0.0169092
0.0162734
0.0156576
0.0150614
0.0144844
0.0139262
0.0133861
0.0128639
0.012359
0.011871
0.0113995
0.0109441
0.0105043
0.0100797
0.00966994
0.00927455
0.00889316
0.00852536
0.00817079
0.00782905
0.00749977
0.00718258
0.00687713
0.00658307
0.00630004
0.0060277
0.00576573
0.0055138
0.00527159
0.00503879
0.0048151
0.00460021
0.00439384
0.00419571
0.00400553
0.00382303
0.00364796
0.00348006
0.00331908
0.00316477
0.00301689
0.00287523
0.00273955
0.00260963
0.00248527
0.00236625
0.00225239
0.00214348
0.00203934
0.00193978
0.00184464
0.00175373
0.0016669
0.00158398
0.00150482
0.00142926
0.00135717
0.0012884
0.00122281
0.00116028
0.00110068
0.00104388
0.000989778
0.000938248
0.000889183
0.000842478
0.000798032
0.000755746
0.000715526
0.000677281
0.000640924
0.00060637
0.000573539
0.000542354
0.000512738
0.000484622
0.000457936
0.000432613
0.000408591
0.000385809
0.000364208
0.000343732
0.000324329
0.000305946
0.000288535
0.000272048
0.00025644
0.000241669
0.000227693
0.000214473
0.000201971
0.000190152
0.00017898
0.000168424
0.000158452
0.000149033
0.000140141
0.000131746
0.000123825
0.000116351
0.328459
0.328379
0.328219
0.327979
0.327658
0.327259
0.32678
0.326222
0.325585
0.324871
0.324078
0.323209
0.322264
0.321242
0.320146
0.318976
0.317733
0.316417
0.315029
0.313571
0.312044
0.310448
0.308785
0.307056
0.305262
0.303405
0.301485
0.299504
0.297464
0.295365
0.29321
0.290999
0.288734
0.286417
0.28405
0.281633
0.279168
0.276658
0.274103
0.271506
0.268867
0.266189
0.263474
0.260722
0.257937
0.255118
0.252269
0.249391
0.246486
0.243554
0.240599
0.237622
0.234625
0.231608
0.228575
0.225526
0.222464
0.219389
0.216305
0.213211
0.210111
0.207005
0.203895
0.200783
0.19767
0.194558
0.191448
0.188342
0.185241
0.182147
0.17906
0.175983
0.172917
0.169862
0.166821
0.163794
0.160783
0.157789
0.154813
0.151855
0.148918
0.146002
0.143108
0.140238
0.137391
0.134569
0.131773
0.129004
0.126262
0.123548
0.120863
0.118207
0.115582
0.112987
0.110424
0.107892
0.105393
0.102926
0.100493
0.0980931
0.0957272
0.0933956
0.0910986
0.0888363
0.0866091
0.0844171
0.0822605
0.0801395
0.078054
0.0760043
0.0739903
0.0720122
0.0700697
0.0681631
0.0662921
0.0644568
0.062657
0.0608925
0.0591633
0.0574692
0.0558099
0.0541854
0.0525953
0.0510393
0.0495174
0.048029
0.0465741
0.0451522
0.043763
0.0424062
0.0410814
0.0397883
0.0385265
0.0372956
0.0360952
0.034925
0.0337844
0.0326731
0.0315906
0.0305366
0.0295105
0.0285119
0.0275404
0.0265955
0.0256767
0.0247837
0.0239158
0.0230727
0.0222539
0.0214589
0.0206873
0.0199386
0.0192122
0.0185078
0.0178249
0.0171629
0.0165216
0.0159003
0.0152986
0.0147161
0.0141524
0.0136069
0.0130792
0.0125689
0.0120756
0.0115989
0.0111382
0.0106932
0.0102635
0.00984864
0.00944824
0.00906192
0.00868927
0.00832991
0.00798346
0.00764955
0.00732782
0.00701791
0.00671947
0.00643214
0.0061556
0.00588951
0.00563355
0.00538739
0.00515074
0.00492327
0.00470471
0.00449475
0.00429311
0.00409951
0.00391369
0.00373538
0.00356433
0.00340028
0.00324298
0.00309221
0.00294773
0.00280931
0.00267674
0.0025498
0.00242829
0.002312
0.00220075
0.00209434
0.00199258
0.00189531
0.00180235
0.00171353
0.00162868
0.00154766
0.00147032
0.00139649
0.00132605
0.00125886
0.00119478
0.00113368
0.00107544
0.00101995
0.000967086
0.000916737
0.000868797
0.000823163
0.000779736
0.000738419
0.000699121
0.000661753
0.00062623
0.000592468
0.00056039
0.000529919
0.000500983
0.000473511
0.000447437
0.000422695
0.000399224
0.000376964
0.000355858
0.000335852
0.000316893
0.000298932
0.000281919
0.00026581
0.000250561
0.000236128
0.000222473
0.000209556
0.000197341
0.000185792
0.000174877
0.000164563
0.000154819
0.000145617
0.000136928
0.000128726
0.000120986
0.000113684
0.320851
0.320772
0.320616
0.320381
0.320068
0.319678
0.31921
0.318665
0.318043
0.317345
0.316571
0.315722
0.314798
0.313801
0.31273
0.311587
0.310372
0.309087
0.307731
0.306307
0.304815
0.303257
0.301632
0.299943
0.298191
0.296376
0.294501
0.292566
0.290573
0.288523
0.286417
0.284258
0.282046
0.279783
0.27747
0.275109
0.272702
0.270249
0.267754
0.265216
0.262639
0.260023
0.25737
0.254683
0.251961
0.249209
0.246425
0.243614
0.240776
0.237913
0.235026
0.232118
0.22919
0.226243
0.22328
0.220302
0.21731
0.214307
0.211294
0.208272
0.205244
0.20221
0.199172
0.196132
0.193091
0.190051
0.187013
0.183979
0.18095
0.177927
0.174913
0.171907
0.168911
0.165928
0.162957
0.16
0.157059
0.154134
0.151226
0.148338
0.145469
0.14262
0.139793
0.136989
0.134208
0.131452
0.128721
0.126016
0.123337
0.120686
0.118063
0.115469
0.112904
0.11037
0.107866
0.105393
0.102951
0.100542
0.098165
0.0958208
0.0935097
0.0912321
0.0889883
0.0867784
0.0846028
0.0824616
0.080355
0.078283
0.0762459
0.0742437
0.0722764
0.070344
0.0684466
0.0665841
0.0647565
0.0629636
0.0612055
0.0594819
0.0577928
0.0561379
0.0545171
0.0529302
0.0513769
0.049857
0.0483703
0.0469164
0.0454952
0.0441062
0.0427492
0.0414238
0.0401298
0.0388666
0.037634
0.0364317
0.0352591
0.0341159
0.0330018
0.0319162
0.0308588
0.0298292
0.0288269
0.0278514
0.0269024
0.0259794
0.0250819
0.0242095
0.0233618
0.0225382
0.0217384
0.0209618
0.0202081
0.0194767
0.0187672
0.0180791
0.017412
0.0167654
0.0161388
0.015532
0.0149442
0.0143752
0.0138245
0.0132917
0.0127762
0.0122778
0.0117959
0.0113302
0.0108802
0.0104455
0.0100257
0.00962049
0.00922938
0.008852
0.00848798
0.00813695
0.00779852
0.00747235
0.00715808
0.00685534
0.00656381
0.00628314
0.00601301
0.00575308
0.00550305
0.00526259
0.00503142
0.00480923
0.00459572
0.00439063
0.00419366
0.00400455
0.00382303
0.00364885
0.00348176
0.00332151
0.00316786
0.00302058
0.00287944
0.00274423
0.00261473
0.00249073
0.00237204
0.00225845
0.00214977
0.00204582
0.00194643
0.00185141
0.0017606
0.00167383
0.00159096
0.00151181
0.00143626
0.00136414
0.00129533
0.0012297
0.0011671
0.00110742
0.00105053
0.000996324
0.000944683
0.000895501
0.000848671
0.000804095
0.000761673
0.000721314
0.000682926
0.000646424
0.000611723
0.000578744
0.000547409
0.000517644
0.000489378
0.000462543
0.000437072
0.000412903
0.000389976
0.000368231
0.000347614
0.000328072
0.000309552
0.000292007
0.000275389
0.000259653
0.000244757
0.000230658
0.000217319
0.000204702
0.000192769
0.000181488
0.000170826
0.000160751
0.000151233
0.000142243
0.000133756
0.000125744
0.000118183
0.00011105
0.313342
0.313265
0.313112
0.312883
0.312578
0.312196
0.311739
0.311207
0.3106
0.309918
0.309162
0.308333
0.307431
0.306457
0.305411
0.304295
0.303108
0.301853
0.300529
0.299139
0.297682
0.296159
0.294573
0.292923
0.291212
0.28944
0.287609
0.285719
0.283772
0.28177
0.279714
0.277605
0.275445
0.273235
0.270976
0.26867
0.266319
0.263924
0.261487
0.259009
0.256492
0.253938
0.251347
0.248722
0.246065
0.243376
0.240658
0.237913
0.235141
0.232345
0.229526
0.226685
0.223826
0.220948
0.218054
0.215146
0.212225
0.209292
0.206349
0.203398
0.20044
0.197477
0.194511
0.191542
0.188572
0.185603
0.182637
0.179674
0.176715
0.173763
0.170819
0.167884
0.164958
0.162044
0.159143
0.156256
0.153383
0.150527
0.147687
0.144866
0.142064
0.139282
0.136522
0.133783
0.131067
0.128376
0.125708
0.123066
0.120451
0.117862
0.1153
0.112767
0.110262
0.107787
0.105341
0.102926
0.100542
0.0981889
0.0958676
0.0935782
0.0913213
0.089097
0.0869057
0.0847475
0.0826228
0.0805317
0.0784744
0.0764509
0.0744615
0.0725061
0.0705848
0.0686977
0.0668447
0.0650258
0.063241
0.0614901
0.0597731
0.0580899
0.0564402
0.0548241
0.0532412
0.0516914
0.0501745
0.0486902
0.0472383
0.0458184
0.0444304
0.043074
0.0417487
0.0404544
0.0391906
0.037957
0.0367533
0.035579
0.0344339
0.0333175
0.0322294
0.0311693
0.0301366
0.0291311
0.0281522
0.0271996
0.0262728
0.0253714
0.0244949
0.023643
0.0228151
0.0220108
0.0212297
0.0204713
0.0197351
0.0190209
0.0183279
0.017656
0.0170045
0.016373
0.0157611
0.0151685
0.0145945
0.0140388
0.013501
0.0129806
0.0124772
0.0119904
0.0115198
0.011065
0.0106255
0.010201
0.0097911
0.00939534
0.00901338
0.00864483
0.00828933
0.00794651
0.00761601
0.00729747
0.00699055
0.0066949
0.00641019
0.00613609
0.00587228
0.00561844
0.00537426
0.00513943
0.00491367
0.00469667
0.00448817
0.00428787
0.00409551
0.00391083
0.00373356
0.00356346
0.00340028
0.00324377
0.00309372
0.00294989
0.00281205
0.00268001
0.00255354
0.00243244
0.00231652
0.00220559
0.00209946
0.00199794
0.00190087
0.00180808
0.00171939
0.00163466
0.00155372
0.00147643
0.00140264
0.00133222
0.00126502
0.00120092
0.00113978
0.0010815
0.00102595
0.000973007
0.000922575
0.000874543
0.00082881
0.000785276
0.000743848
0.000704433
0.000666944
0.000631295
0.000597407
0.000565199
0.000534597
0.000505529
0.000477925
0.000451717
0.000426843
0.00040324
0.000380849
0.000359613
0.000339479
0.000320394
0.000302308
0.000285173
0.000268944
0.000253576
0.000239028
0.00022526
0.000212233
0.000199911
0.000188258
0.000177241
0.000166828
0.000156988
0.000147693
0.000138914
0.000130625
0.000122801
0.000115417
0.000108451
0.305934
0.305859
0.30571
0.305486
0.305188
0.304815
0.304369
0.303849
0.303257
0.302591
0.301853
0.301044
0.300163
0.299212
0.298191
0.297101
0.295942
0.294717
0.293424
0.292066
0.290644
0.289158
0.287609
0.285998
0.284327
0.282597
0.280809
0.278964
0.277064
0.275109
0.273101
0.271042
0.268933
0.266775
0.26457
0.262319
0.260023
0.257685
0.255305
0.252886
0.250428
0.247934
0.245405
0.242842
0.240247
0.237622
0.234969
0.232288
0.229582
0.226852
0.224099
0.221326
0.218534
0.215725
0.212899
0.21006
0.207207
0.204344
0.201471
0.198589
0.195702
0.192809
0.189912
0.187013
0.184114
0.181215
0.178319
0.175426
0.172537
0.169655
0.166781
0.163914
0.161058
0.158213
0.155381
0.152561
0.149757
0.146968
0.144196
0.141441
0.138705
0.135989
0.133294
0.13062
0.127969
0.125341
0.122736
0.120157
0.117603
0.115075
0.112574
0.110101
0.107655
0.105239
0.102851
0.100493
0.098165
0.0958676
0.0936011
0.0913659
0.0891623
0.0869906
0.0848511
0.0827439
0.0806695
0.0786278
0.0766191
0.0746435
0.0727011
0.0707919
0.0689161
0.0670736
0.0652644
0.0634885
0.0617458
0.0600363
0.0583599
0.0567165
0.0551059
0.053528
0.0519825
0.0504693
0.0489883
0.0475391
0.0461215
0.0447352
0.04338
0.0420556
0.0407617
0.039498
0.038264
0.0370596
0.0358844
0.0347379
0.0336198
0.0325298
0.0314675
0.0304324
0.0294241
0.0284424
0.0274866
0.0265565
0.0256517
0.0247716
0.0239158
0.023084
0.0222757
0.0214904
0.0207278
0.0199873
0.0192686
0.0185712
0.0178946
0.0172385
0.0166024
0.0159859
0.0153885
0.0148098
0.0142494
0.0137069
0.0131818
0.0126737
0.0121822
0.011707
0.0112475
0.0108034
0.0103743
0.00995986
0.00955962
0.00917322
0.00880028
0.00844045
0.00809336
0.00775864
0.00743596
0.00712495
0.00682528
0.00653662
0.00625865
0.00599103
0.00573345
0.00548561
0.0052472
0.00501793
0.0047975
0.00458564
0.00438206
0.0041865
0.00399869
0.00381837
0.00364529
0.00347921
0.00331989
0.00316708
0.00302058
0.00288015
0.00274557
0.00261665
0.00249317
0.00237493
0.00226176
0.00215345
0.00204982
0.00195071
0.00185593
0.00176533
0.00167874
0.00159601
0.00151699
0.00144153
0.00136948
0.00130072
0.00123511
0.00117252
0.00111284
0.00105593
0.00100169
0.000950003
0.000900763
0.000853867
0.000809215
0.000766711
0.000726262
0.000687779
0.000651176
0.00061637
0.000583283
0.000551837
0.000521959
0.000493578
0.000466626
0.000441038
0.000416752
0.000393707
0.000371845
0.000351111
0.000331453
0.000312819
0.000295161
0.000278431
0.000262585
0.000247581
0.000233377
0.000219935
0.000207216
0.000195185
0.000183807
0.000173051
0.000162884
0.000153277
0.000144201
0.00013563
0.000127537
0.000119898
0.000112689
0.000105887
0.298628
0.298555
0.298409
0.298191
0.2979
0.297536
0.297101
0.296593
0.296015
0.295365
0.294645
0.293855
0.292995
0.292066
0.29107
0.290006
0.288875
0.287679
0.286417
0.285092
0.283703
0.282252
0.28074
0.279168
0.277537
0.275849
0.274103
0.272302
0.270447
0.268539
0.26658
0.26457
0.262511
0.260404
0.258252
0.256054
0.253814
0.251531
0.249209
0.246847
0.244448
0.242013
0.239544
0.237043
0.23451
0.231948
0.229358
0.226741
0.224099
0.221434
0.218748
0.216041
0.213316
0.210573
0.207815
0.205043
0.202259
0.199464
0.196659
0.193847
0.191028
0.188204
0.185377
0.182548
0.179717
0.176888
0.174061
0.171237
0.168417
0.165604
0.162798
0.16
0.157212
0.154435
0.15167
0.148918
0.146181
0.143458
0.140752
0.138064
0.135393
0.132742
0.130111
0.127501
0.124913
0.122347
0.119805
0.117287
0.114794
0.112327
0.109886
0.107471
0.105084
0.102725
0.100395
0.0980931
0.0958208
0.0935782
0.0913659
0.089184
0.0870331
0.0849132
0.0828248
0.080768
0.0787431
0.0767502
0.0747894
0.072861
0.070965
0.0691014
0.0672704
0.0654718
0.0637058
0.0619724
0.0602713
0.0586027
0.0569663
0.0553621
0.05379
0.0522497
0.0507411
0.0492641
0.0478184
0.0464038
0.0450201
0.0436669
0.0423441
0.0410513
0.0397883
0.0385547
0.0373503
0.0361746
0.0350274
0.0339083
0.032817
0.031753
0.030716
0.0297056
0.0287215
0.0277632
0.0268303
0.0259224
0.0250391
0.02418
0.0233447
0.0225327
0.0217437
0.0209772
0.0202328
0.01951
0.0188084
0.0181277
0.0174673
0.0168269
0.016206
0.0156042
0.015021
0.0144562
0.0139092
0.0133796
0.012867
0.0123711
0.0118913
0.0114274
0.0109789
0.0105454
0.0101266
0.00972202
0.00933133
0.00895416
0.00859013
0.00823889
0.00790009
0.00757337
0.00725838
0.0069548
0.00666229
0.00638053
0.00610919
0.00584796
0.00559653
0.00535461
0.00512189
0.0048981
0.00468293
0.00447613
0.00427741
0.00408652
0.0039032
0.00372718
0.00355824
0.00339613
0.00324061
0.00309145
0.00294845
0.00281137
0.00268001
0.00255416
0.00243363
0.00231822
0.00220774
0.00210202
0.00200087
0.00190412
0.00181161
0.00172318
0.00163866
0.0015579
0.00148076
0.0014071
0.00133678
0.00126966
0.00120562
0.00114452
0.00108626
0.00103072
0.000977769
0.000927317
0.000879253
0.000833477
0.000789891
0.000748402
0.000708918
0.000671354
0.000635626
0.000601651
0.000569354
0.000538659
0.000509494
0.000481791
0.000455483
0.000430506
0.0004068
0.000384305
0.000362965
0.000342727
0.000323538
0.000305349
0.000288112
0.000271782
0.000256315
0.000241669
0.000227804
0.000214683
0.000202267
0.000190524
0.000179418
0.000168918
0.000158994
0.000149617
0.000140758
0.000132391
0.000124492
0.000117035
0.000109998
0.000103358
0.291425
0.291354
0.291212
0.290999
0.290715
0.29036
0.289935
0.28944
0.288875
0.288241
0.287538
0.286767
0.285928
0.285022
0.28405
0.283011
0.281908
0.28074
0.279509
0.278216
0.276861
0.275445
0.273969
0.272435
0.270844
0.269196
0.267492
0.265735
0.263924
0.262062
0.26015
0.258189
0.256179
0.254124
0.252023
0.249879
0.247692
0.245465
0.243198
0.240893
0.238552
0.236176
0.233767
0.231326
0.228854
0.226354
0.223826
0.221272
0.218694
0.216094
0.213472
0.21083
0.208171
0.205494
0.202803
0.200098
0.197381
0.194653
0.191916
0.189172
0.186421
0.183665
0.180906
0.178145
0.175383
0.172622
0.169862
0.167107
0.164355
0.16161
0.158871
0.156141
0.153421
0.15071
0.148012
0.145327
0.142655
0.139998
0.137357
0.134734
0.132128
0.12954
0.126973
0.124426
0.1219
0.119397
0.116916
0.114459
0.112026
0.109618
0.107236
0.104879
0.10255
0.100248
0.0979734
0.0957272
0.0935097
0.0913213
0.0891623
0.0870331
0.084934
0.0828652
0.0808272
0.07882
0.0768439
0.0748991
0.0729856
0.0711037
0.0692534
0.0674348
0.0656479
0.0638928
0.0621694
0.0604777
0.0588177
0.0571893
0.0555924
0.0540269
0.0524926
0.0509895
0.0495174
0.048076
0.0466651
0.0452846
0.0439343
0.0426137
0.0413228
0.0400612
0.0388287
0.0376249
0.0364495
0.0353022
0.0341826
0.0330905
0.0320255
0.0309872
0.0299752
0.0289892
0.0280288
0.0270936
0.0261832
0.0252972
0.0244352
0.0235968
0.0227817
0.0219893
0.0212193
0.0204713
0.0197448
0.0190394
0.0183548
0.0176905
0.017046
0.016421
0.0158151
0.0152278
0.0146588
0.0141075
0.0135737
0.0130569
0.0125567
0.0120727
0.0116045
0.0111518
0.0107141
0.0102911
0.00988236
0.00948754
0.00910628
0.0087382
0.00838295
0.00804018
0.00770955
0.00739071
0.00708332
0.00678706
0.00650161
0.00622664
0.00596184
0.00570692
0.00546155
0.00522547
0.00499836
0.00477996
0.00456999
0.00436817
0.00417425
0.00398796
0.00380906
0.00363729
0.00347242
0.00331422
0.00316245
0.00301689
0.00287733
0.00274356
0.00261537
0.00249256
0.00237493
0.00226231
0.0021545
0.00205132
0.00195261
0.0018582
0.00176792
0.00168162
0.00159913
0.00152033
0.00144505
0.00137316
0.00130454
0.00123904
0.00117654
0.00111692
0.00106006
0.00100586
0.000954187
0.000904951
0.000858047
0.000813375
0.00077084
0.000730351
0.00069182
0.000655162
0.000620295
0.00058714
0.000555622
0.000525667
0.000497206
0.000470171
0.000444497
0.000420123
0.000396988
0.000375036
0.000354211
0.000334461
0.000315735
0.000297984
0.000281163
0.000265227
0.000250133
0.00023584
0.00022231
0.000209505
0.000197389
0.000185928
0.000175091
0.000164844
0.000155159
0.000146008
0.000137363
0.000129198
0.000121489
0.000114212
0.000107345
0.000100866
0.284327
0.284258
0.284119
0.283911
0.283634
0.283288
0.282873
0.28239
0.281839
0.281221
0.280535
0.279783
0.278964
0.27808
0.277131
0.276118
0.275042
0.273903
0.272702
0.271439
0.270117
0.268736
0.267296
0.2658
0.264247
0.262639
0.260977
0.259262
0.257496
0.25568
0.253814
0.2519
0.24994
0.247934
0.245885
0.243792
0.241659
0.239486
0.237274
0.235026
0.232742
0.230424
0.228073
0.225691
0.22328
0.22084
0.218374
0.215883
0.213368
0.21083
0.208272
0.205695
0.2031
0.200489
0.197863
0.195224
0.192573
0.189912
0.187242
0.184564
0.18188
0.179192
0.1765
0.173806
0.171111
0.168417
0.165725
0.163036
0.160352
0.157673
0.155002
0.152338
0.149684
0.14704
0.144407
0.141787
0.13918
0.136588
0.134012
0.131452
0.128909
0.126385
0.12388
0.121395
0.118931
0.116488
0.114068
0.111671
0.109297
0.106948
0.104624
0.102325
0.100052
0.0978061
0.0955871
0.0933956
0.0912321
0.089097
0.0869906
0.0849132
0.0828652
0.0808469
0.0788585
0.0769002
0.0749723
0.0730748
0.0712079
0.0693719
0.0675666
0.0657923
0.0640489
0.0623365
0.0606551
0.0590046
0.0573851
0.0557963
0.0542383
0.0527109
0.0512141
0.0497476
0.0483113
0.046905
0.0455285
0.0441816
0.0428642
0.0415758
0.0403163
0.0390855
0.0378829
0.0367084
0.0355617
0.0344423
0.0333501
0.0322845
0.0312455
0.0302324
0.0292451
0.0282831
0.0273461
0.0264336
0.0255454
0.024681
0.02384
0.0230221
0.0222268
0.0214537
0.0207025
0.0199727
0.0192639
0.0185757
0.0179077
0.0172596
0.0166308
0.0160211
0.0154299
0.0148569
0.0143017
0.0137639
0.0132431
0.0127389
0.0122508
0.0117786
0.0113219
0.0108802
0.0104531
0.0100404
0.00964165
0.00925646
0.00888448
0.00852536
0.00817877
0.00784435
0.00752177
0.00721069
0.0069108
0.00662175
0.00634325
0.00607498
0.00581663
0.00556791
0.00532853
0.00509819
0.00487662
0.00466354
0.00445868
0.00426178
0.00407258
0.00389083
0.00371628
0.0035487
0.00338785
0.00323349
0.00308542
0.00294341
0.00280725
0.00267674
0.00255167
0.00243185
0.00231709
0.00220721
0.00210202
0.00200136
0.00190505
0.00181294
0.00172486
0.00164066
0.00156018
0.0014833
0.00140985
0.00133972
0.00127276
0.00120886
0.00114788
0.00108972
0.00103424
0.000981357
0.000930946
0.00088291
0.000837148
0.000793563
0.000752065
0.000712562
0.00067497
0.000639205
0.000605187
0.00057284
0.000542089
0.000512864
0.000485096
0.000458719
0.000433671
0.00040989
0.000387319
0.000365901
0.000345584
0.000326314
0.000308045
0.000290727
0.000274315
0.000258767
0.000244041
0.000230096
0.000216895
0.000204402
0.000192581
0.0001814
0.000170826
0.000160829
0.00015138
0.000142452
0.000134017
0.000126051
0.00011853
0.00011143
0.00010473
9.84089e-05
0.277334
0.277267
0.277131
0.276928
0.276658
0.276321
0.275916
0.275445
0.274907
0.274304
0.273635
0.272901
0.272103
0.271241
0.270315
0.269327
0.268277
0.267166
0.265994
0.264763
0.263474
0.262126
0.260722
0.259262
0.257748
0.256179
0.254558
0.252886
0.251163
0.249391
0.247571
0.245705
0.243792
0.241836
0.239837
0.237796
0.235716
0.233596
0.231439
0.229246
0.227018
0.224757
0.222464
0.220141
0.217788
0.215409
0.213003
0.210573
0.20812
0.205645
0.20315
0.200636
0.198105
0.195558
0.192997
0.190423
0.187837
0.185241
0.182637
0.180025
0.177407
0.174784
0.172159
0.169531
0.166903
0.164275
0.161649
0.159027
0.156408
0.153796
0.15119
0.148591
0.146002
0.143423
0.140855
0.1383
0.135757
0.133229
0.130716
0.128219
0.125739
0.123277
0.120833
0.11841
0.116006
0.113623
0.111263
0.108924
0.106609
0.104318
0.10205
0.0998083
0.0975915
0.0954006
0.0932362
0.0910986
0.0889883
0.0869057
0.0848511
0.0828248
0.0808272
0.0788585
0.076919
0.0750089
0.0731283
0.0712775
0.0694566
0.0676657
0.0659048
0.0641742
0.0624737
0.0608034
0.0591633
0.0575534
0.0559737
0.054424
0.0529043
0.0514145
0.0499545
0.048524
0.0471231
0.0457514
0.0444087
0.043095
0.0418099
0.0405533
0.0393248
0.0381242
0.0369512
0.0358056
0.034687
0.0335952
0.0325298
0.0314905
0.030477
0.0294889
0.0285258
0.0275875
0.0266735
0.0257835
0.0249171
0.024074
0.0232537
0.0224559
0.0216801
0.0209261
0.0201933
0.0194814
0.0187901
0.0181188
0.0174673
0.0168351
0.0162218
0.015627
0.0150504
0.0144915
0.01395
0.0134254
0.0129174
0.0124255
0.0119495
0.0114889
0.0110434
0.0106126
0.0101961
0.00979349
0.00940452
0.00902879
0.00866596
0.00831568
0.00797762
0.00765142
0.00733677
0.00703335
0.00674083
0.00645889
0.00618724
0.00592557
0.00567357
0.00543097
0.00519747
0.0049728
0.00475668
0.00454884
0.00434902
0.00415696
0.00397241
0.00379513
0.00362488
0.00346142
0.00330452
0.00315397
0.00300954
0.00287102
0.00273821
0.0026109
0.00248891
0.00237204
0.0022601
0.00215292
0.00205032
0.00195214
0.0018582
0.00176835
0.00168244
0.00160031
0.00152181
0.00144681
0.00137518
0.00130677
0.00124146
0.00117913
0.00111965
0.00106291
0.00100881
0.00095722
0.00090805
0.000861195
0.000816558
0.000774046
0.000733568
0.000695037
0.000658369
0.000623484
0.000590302
0.000558751
0.000528756
0.00050025
0.000473165
0.000447437
0.000423005
0.000399809
0.000377793
0.000356902
0.000337084
0.000318289
0.000300468
0.000283576
0.000267568
0.000252403
0.000238038
0.000224437
0.000211561
0.000199375
0.000187845
0.000176938
0.000166624
0.000156874
0.000147657
0.000138948
0.000130721
0.000122951
0.000115615
0.00010869
0.000102154
9.59885e-05
0.270447
0.270381
0.270249
0.270051
0.269788
0.269459
0.269064
0.268605
0.268081
0.267492
0.26684
0.266124
0.265346
0.264505
0.263603
0.262639
0.261615
0.260531
0.259389
0.258189
0.256931
0.255617
0.254248
0.252824
0.251347
0.249818
0.248237
0.246606
0.244926
0.243198
0.241423
0.239603
0.237738
0.235831
0.233881
0.231891
0.229862
0.227795
0.225691
0.223553
0.22138
0.219175
0.216939
0.214674
0.21238
0.21006
0.207714
0.205344
0.202952
0.200538
0.198105
0.195654
0.193186
0.190702
0.188204
0.185694
0.183173
0.180641
0.178101
0.175554
0.173001
0.170444
0.167884
0.165321
0.162758
0.160196
0.157635
0.155077
0.152524
0.149976
0.147435
0.144901
0.142377
0.139862
0.137357
0.134865
0.132386
0.129921
0.12747
0.125035
0.122616
0.120216
0.117833
0.115469
0.113125
0.110802
0.1085
0.106219
0.103962
0.101727
0.0995163
0.0973297
0.095168
0.0930315
0.0909208
0.0888363
0.0867784
0.0847475
0.0827439
0.080768
0.07882
0.0769002
0.0750089
0.0731462
0.0713123
0.0695075
0.0677318
0.0659853
0.0642682
0.0625805
0.0609223
0.0592935
0.0576941
0.0561242
0.0545837
0.0530725
0.0515906
0.0501378
0.048714
0.0473191
0.0459529
0.0446152
0.0433059
0.0420248
0.0407717
0.0395462
0.0383482
0.0371774
0.0360336
0.0349164
0.0338257
0.0327609
0.031722
0.0307085
0.0297201
0.0287566
0.0278174
0.0269024
0.0260111
0.0251432
0.0242984
0.0234762
0.0226762
0.0218982
0.0211417
0.0204064
0.0196918
0.0189977
0.0183235
0.0176689
0.0170335
0.016417
0.015819
0.015239
0.0146767
0.0141316
0.0136036
0.013092
0.0125966
0.012117
0.0116528
0.0112036
0.0107692
0.010349
0.00994286
0.00955029
0.00917098
0.00880458
0.00845076
0.00810918
0.00777951
0.00746141
0.00715458
0.00685869
0.00657343
0.0062985
0.00603359
0.00577842
0.00553268
0.0052961
0.00506841
0.00484931
0.00463856
0.00443588
0.00424102
0.00405373
0.00387377
0.00370089
0.00353486
0.00337546
0.00322246
0.00307564
0.0029348
0.00279972
0.00267021
0.00254607
0.0024271
0.00231313
0.00220398
0.00209946
0.00199941
0.00190366
0.00181206
0.00172444
0.00164066
0.00156056
0.00148402
0.00141089
0.00134103
0.00127432
0.00121063
0.00114985
0.00109185
0.00103652
0.000983755
0.00093345
0.0008855
0.000839809
0.00079628
0.000754824
0.000715351
0.000677777
0.00064202
0.000608001
0.000575644
0.000544875
0.000515626
0.000487827
0.000461415
0.000436326
0.0004125
0.00038988
0.000368411
0.000348039
0.000328713
0.000310385
0.000293007
0.000276534
0.000260924
0.000246135
0.000232127
0.000218863
0.000206307
0.000194424
0.00018318
0.000172544
0.000162487
0.000152978
0.00014399
0.000135498
0.000127475
0.000119898
0.000112744
0.000105991
9.96175e-05
9.36049e-05
0.263667
0.263603
0.263474
0.263281
0.263024
0.262703
0.262319
0.261871
0.26136
0.260786
0.26015
0.259452
0.258693
0.257874
0.256994
0.256054
0.255056
0.254
0.252886
0.251716
0.250489
0.249209
0.247874
0.246486
0.245046
0.243554
0.242013
0.240423
0.238785
0.237101
0.235371
0.233596
0.231778
0.229918
0.228018
0.226077
0.224099
0.222084
0.220033
0.217948
0.21583
0.21368
0.211501
0.209292
0.207056
0.204793
0.202506
0.200196
0.197863
0.195511
0.193138
0.190749
0.188342
0.185921
0.183486
0.181039
0.17858
0.176112
0.173636
0.171153
0.168664
0.166171
0.163675
0.161176
0.158678
0.156179
0.153683
0.15119
0.1487
0.146216
0.143739
0.141269
0.138807
0.136355
0.133914
0.131484
0.129067
0.126663
0.124274
0.1219
0.119542
0.117202
0.114879
0.112574
0.110289
0.108024
0.105779
0.103556
0.101355
0.0991767
0.0970213
0.0948896
0.092782
0.0906991
0.0886414
0.0866091
0.0846028
0.0826228
0.0806695
0.0787431
0.0768439
0.0749723
0.0731283
0.0713123
0.0695245
0.0677649
0.0660337
0.064331
0.062657
0.0610116
0.0593949
0.0578069
0.0562477
0.0547171
0.0532152
0.0517419
0.0502971
0.0488808
0.0474927
0.0461327
0.0448008
0.0434967
0.0422202
0.0409712
0.0397495
0.0385547
0.0373868
0.0362454
0.0351302
0.0340411
0.0329776
0.0319396
0.0309267
0.0299386
0.028975
0.0280356
0.02712
0.0262279
0.025359
0.0245129
0.0236892
0.0228876
0.0221077
0.0213492
0.0206117
0.0198948
0.0191981
0.0185214
0.0178641
0.0172259
0.0166065
0.0160054
0.0154224
0.0148569
0.0143087
0.0137774
0.0132625
0.0127638
0.0122808
0.0118132
0.0113606
0.0109228
0.0104992
0.0100896
0.00969358
0.00931085
0.00894105
0.00858384
0.00823889
0.00790588
0.00758447
0.00727435
0.00697521
0.00668674
0.00640863
0.00614059
0.00588232
0.00563355
0.00539397
0.00516333
0.00494134
0.00472773
0.00452226
0.00432467
0.00413469
0.0039521
0.00377665
0.0036081
0.00344624
0.00329084
0.00314167
0.00299854
0.00286122
0.00272953
0.00260327
0.00248223
0.00236625
0.00225514
0.00214872
0.00204682
0.00194928
0.00185593
0.00176663
0.0016812
0.00159952
0.00152144
0.00144681
0.00137551
0.00130741
0.00124237
0.00118028
0.00112102
0.00106447
0.00101053
0.000959092
0.000910047
0.0008633
0.000818754
0.000776317
0.0007359
0.000697417
0.000660785
0.000625924
0.000592758
0.000561212
0.000531215
0.000502698
0.000475597
0.000449847
0.000425387
0.000402158
0.000380106
0.000359175
0.000339313
0.000320472
0.000302603
0.000285661
0.000269601
0.000254382
0.000239964
0.000226308
0.000213376
0.000201135
0.000189549
0.000178587
0.000168219
0.000158413
0.000149143
0.00014038
0.000132101
0.000124279
0.000116892
0.000109917
0.000103333
9.712e-05
9.12581e-05
0.256994
0.256931
0.256806
0.256618
0.256367
0.256054
0.25568
0.255243
0.254745
0.254186
0.253566
0.252886
0.252146
0.251347
0.250489
0.249574
0.248601
0.247571
0.246486
0.245345
0.24415
0.242901
0.2416
0.240247
0.238844
0.23739
0.235888
0.234338
0.232742
0.2311
0.229414
0.227684
0.225912
0.224099
0.222247
0.220356
0.218427
0.216463
0.214464
0.212432
0.210368
0.208272
0.206148
0.203995
0.201815
0.19961
0.197381
0.195129
0.192856
0.190562
0.18825
0.185921
0.183575
0.181215
0.178842
0.176457
0.174061
0.171655
0.169242
0.166821
0.164395
0.161965
0.159532
0.157097
0.154662
0.152227
0.149793
0.147363
0.144937
0.142516
0.140101
0.137693
0.135294
0.132904
0.130525
0.128156
0.1258
0.123458
0.121129
0.118815
0.116517
0.114235
0.111971
0.109725
0.107498
0.10529
0.103102
0.100935
0.0987901
0.0966667
0.0945658
0.092488
0.0904338
0.0884036
0.0863979
0.0844171
0.0824616
0.0805317
0.0786278
0.0767502
0.0748991
0.0730748
0.0712775
0.0695075
0.0677649
0.0660498
0.0643624
0.0627029
0.0610712
0.0594674
0.0578916
0.0563439
0.0548241
0.0533323
0.0518684
0.0504324
0.0490242
0.0476436
0.0462907
0.0449651
0.0436669
0.0423958
0.0411517
0.0399343
0.0387435
0.037579
0.0364406
0.035328
0.0342411
0.0331795
0.032143
0.0311312
0.030144
0.0291809
0.0282417
0.0273261
0.0264336
0.0255641
0.0247172
0.0238925
0.0230896
0.0223083
0.0215482
0.0208089
0.02009
0.0193913
0.0187123
0.0180526
0.017412
0.0167899
0.0161862
0.0156004
0.015032
0.0144809
0.0139466
0.0134287
0.0129268
0.0124407
0.01197
0.0115142
0.0110731
0.0106463
0.0102335
0.00983422
0.00944824
0.0090752
0.00871476
0.00836659
0.00803038
0.00770579
0.00739251
0.00709024
0.00679867
0.0065175
0.00624643
0.00598518
0.00573345
0.00549097
0.00525746
0.00503265
0.00481628
0.00460808
0.00440781
0.00421521
0.00403005
0.00385208
0.00368106
0.00351679
0.00335902
0.00320755
0.00306216
0.00292265
0.00278881
0.00266045
0.00253738
0.00241941
0.00230637
0.00219806
0.00209434
0.00199502
0.00189995
0.00180896
0.00172191
0.00163866
0.00155904
0.00148293
0.0014102
0.0013407
0.00127432
0.00121093
0.00115041
0.00109265
0.00103753
0.000984957
0.000934818
0.000887015
0.000841451
0.000798032
0.000756669
0.000717275
0.000679766
0.000644061
0.000610082
0.000577755
0.000547008
0.00051777
0.000489976
0.00046356
0.000438461
0.00041462
0.00039198
0.000370486
0.000350084
0.000330726
0.000312361
0.000294945
0.000278431
0.000262778
0.000247944
0.000233891
0.00022058
0.000207976
0.000196044
0.000184752
0.000174068
0.000163961
0.000154404
0.000145368
0.000136827
0.000128757
0.000121134
0.000113934
0.000107135
0.000100718
9.4662e-05
8.89484e-05
0.250428
0.250367
0.250245
0.250062
0.249818
0.249513
0.249148
0.248722
0.248237
0.247692
0.247088
0.246425
0.245705
0.244926
0.24409
0.243198
0.24225
0.241247
0.240189
0.239077
0.237913
0.236696
0.235428
0.23411
0.232742
0.231326
0.229862
0.228352
0.226796
0.225196
0.223553
0.221867
0.220141
0.218374
0.216569
0.214726
0.212847
0.210933
0.208985
0.207005
0.204993
0.202952
0.200881
0.198783
0.196659
0.194511
0.192338
0.190144
0.187929
0.185694
0.183441
0.181171
0.178886
0.176586
0.174273
0.171949
0.169614
0.16727
0.164918
0.162559
0.160196
0.157828
0.155457
0.153084
0.15071
0.148338
0.145967
0.143598
0.141234
0.138875
0.136522
0.134176
0.131838
0.129509
0.12719
0.124882
0.122587
0.120304
0.118034
0.11578
0.11354
0.111317
0.109111
0.106922
0.104751
0.1026
0.100468
0.0983569
0.0962663
0.0941971
0.0921499
0.0901252
0.0881235
0.0861452
0.0841907
0.0822605
0.080355
0.0784744
0.0766191
0.0747894
0.0729856
0.0712079
0.0694566
0.0677318
0.0660337
0.0643624
0.0627182
0.061101
0.059511
0.0579482
0.0564127
0.0549045
0.0534235
0.0519698
0.0505433
0.049144
0.0477718
0.0464265
0.0451081
0.0438164
0.0425514
0.0413127
0.0401004
0.0389141
0.0377537
0.0366189
0.0355096
0.0344255
0.0333663
0.0323319
0.0313218
0.0303359
0.0293739
0.0284354
0.0275202
0.026628
0.0257583
0.024911
0.0240857
0.0232821
0.0224998
0.0217384
0.0209977
0.0202773
0.0195768
0.0188959
0.0182342
0.0175914
0.0169671
0.016361
0.0157727
0.0152018
0.014648
0.014111
0.0135903
0.0130856
0.0125966
0.0121229
0.0116642
0.0112201
0.0107902
0.0103743
0.00997203
0.00958299
0.00920687
0.00884336
0.00849213
0.00815285
0.00782522
0.00750893
0.00720366
0.00690911
0.00662499
0.006351
0.00608686
0.00583227
0.00558698
0.00535069
0.00512314
0.00490408
0.00469323
0.00449036
0.0042952
0.00410753
0.00392709
0.00375367
0.00358702
0.00342694
0.00327321
0.0031256
0.00298393
0.00284798
0.00271756
0.00259248
0.00247256
0.0023576
0.00224744
0.00214191
0.00204083
0.00194405
0.00185141
0.00176275
0.00167792
0.00159679
0.00151921
0.00144505
0.00137417
0.00130645
0.00124176
0.00117999
0.00112102
0.00106473
0.00101103
0.000959794
0.000910936
0.000864354
0.000819954
0.000777645
0.000737339
0.000698951
0.0006624
0.000627607
0.000594497
0.000562996
0.000533034
0.000504543
0.000477458
0.000451717
0.00042726
0.000404028
0.000381966
0.000361021
0.000341141
0.000322277
0.000304381
0.00028741
0.000271318
0.000256065
0.00024161
0.000227915
0.000214945
0.000202663
0.000191036
0.000180032
0.000169621
0.000159772
0.000150459
0.000141654
0.000133332
0.000125468
0.000118039
0.000111023
0.000104398
9.8145e-05
9.22437e-05
8.66761e-05
0.243971
0.243912
0.243792
0.243614
0.243376
0.243079
0.242723
0.242309
0.241836
0.241305
0.240717
0.240071
0.239369
0.238611
0.237796
0.236927
0.236003
0.235026
0.233995
0.232913
0.231778
0.230593
0.229358
0.228073
0.226741
0.225361
0.223935
0.222464
0.220948
0.219389
0.217788
0.216146
0.214464
0.212743
0.210985
0.20919
0.207359
0.205494
0.203597
0.201667
0.199708
0.197719
0.195702
0.193658
0.191589
0.189495
0.187379
0.185241
0.183083
0.180906
0.178711
0.1765
0.174273
0.172033
0.16978
0.167515
0.16524
0.162957
0.160666
0.158368
0.156065
0.153758
0.151448
0.149137
0.146824
0.144513
0.142203
0.139896
0.137592
0.135294
0.133001
0.130716
0.128438
0.126169
0.12391
0.121662
0.119426
0.117202
0.114991
0.112794
0.110613
0.108447
0.106297
0.104165
0.10205
0.0999546
0.0978778
0.0958208
0.0937841
0.0917683
0.0897739
0.0878014
0.0858512
0.083924
0.0820199
0.0801395
0.078283
0.0764509
0.0746435
0.072861
0.0711037
0.0693719
0.0676657
0.0659853
0.064331
0.0627029
0.061101
0.0595255
0.0579765
0.056454
0.0549581
0.0534888
0.052046
0.0506298
0.0492401
0.0478768
0.04654
0.0452294
0.043945
0.0426866
0.0414542
0.0402475
0.0390664
0.0379107
0.0367802
0.0356747
0.034594
0.0335379
0.032506
0.0314982
0.0305142
0.0295537
0.0286165
0.0277022
0.0268106
0.0259414
0.0250942
0.0242687
0.0234647
0.0226818
0.0219196
0.0211779
0.0204563
0.0197544
0.019072
0.0184087
0.017764
0.0171378
0.0165296
0.0159391
0.015366
0.0148098
0.0142703
0.0137471
0.0132399
0.0127482
0.0122718
0.0118103
0.0113634
0.0109308
0.010512
0.0101068
0.0097149
0.00933589
0.00896947
0.00861534
0.00827316
0.00794263
0.00762345
0.00731531
0.00701791
0.00673096
0.00645416
0.00618724
0.00592991
0.00568189
0.00544292
0.00521272
0.00499105
0.00477763
0.00457222
0.00437458
0.00418445
0.00400162
0.00382583
0.00365688
0.00349453
0.00333858
0.00318881
0.00304501
0.00290699
0.00277455
0.00264749
0.00252564
0.0024088
0.00229681
0.00218949
0.00208668
0.00198821
0.00189392
0.00180367
0.0017173
0.00163466
0.00155562
0.00148004
0.00140779
0.00133874
0.00127276
0.00120974
0.00114957
0.00109211
0.00103728
0.000984957
0.000935046
0.000887448
0.000842067
0.000798812
0.000757593
0.000718326
0.000680929
0.00064532
0.000611424
0.000579168
0.000548479
0.000519289
0.000491533
0.000465147
0.00044007
0.000416243
0.00039361
0.000372117
0.000351712
0.000332345
0.000313967
0.000296533
0.000279999
0.000264322
0.000249462
0.00023538
0.000222039
0.000209402
0.000197437
0.00018611
0.00017539
0.000165247
0.000155653
0.00014658
0.000138002
0.000129894
0.000122233
0.000114995
0.00010816
0.000101706
9.56143e-05
8.98652e-05
8.44412e-05
0.237622
0.237564
0.237448
0.237274
0.237043
0.236754
0.236407
0.236003
0.235543
0.235026
0.234453
0.233824
0.23314
0.232401
0.231608
0.230762
0.229862
0.22891
0.227906
0.226852
0.225747
0.224592
0.223389
0.222138
0.22084
0.219497
0.218108
0.216675
0.215199
0.21368
0.212121
0.210522
0.208883
0.207207
0.205494
0.203746
0.201963
0.200147
0.198299
0.19642
0.194511
0.192573
0.190609
0.188618
0.186603
0.184564
0.182503
0.180421
0.178319
0.176198
0.174061
0.171907
0.169738
0.167556
0.165361
0.163156
0.16094
0.158716
0.156485
0.154247
0.152004
0.149757
0.147507
0.145256
0.143004
0.140752
0.138502
0.136255
0.134012
0.131773
0.12954
0.127314
0.125096
0.122886
0.120686
0.118496
0.116318
0.114152
0.111998
0.109859
0.107734
0.105625
0.103531
0.101454
0.0993949
0.0973535
0.0953308
0.0933273
0.0913436
0.0893802
0.0874377
0.0855165
0.0836172
0.08174
0.0798855
0.078054
0.0762459
0.0744615
0.0727011
0.070965
0.0692534
0.0675666
0.0659048
0.0642682
0.062657
0.0610712
0.059511
0.0579765
0.0564678
0.0549849
0.053528
0.0520968
0.0506916
0.0493123
0.0479587
0.046631
0.0453289
0.0440524
0.0428014
0.0415758
0.0403754
0.0392001
0.0380498
0.0369242
0.0358231
0.0347464
0.0336938
0.0326651
0.0316601
0.0306785
0.0297201
0.0287847
0.0278718
0.0269813
0.0261129
0.0252663
0.0244412
0.0236372
0.0228541
0.0220915
0.0213492
0.0206268
0.019924
0.0192404
0.0185757
0.0179296
0.0173018
0.0166919
0.0160995
0.0155244
0.0149661
0.0144245
0.013899
0.0133894
0.0128953
0.0124165
0.0119525
0.011503
0.0110677
0.0106463
0.0102385
0.00984383
0.0094621
0.00909295
0.00873607
0.00839114
0.00805787
0.00773595
0.00742507
0.00712495
0.00683529
0.0065558
0.00628621
0.00602623
0.0057756
0.00553403
0.00530128
0.00507707
0.00486117
0.0046533
0.00445324
0.00426074
0.00407556
0.00389748
0.00372628
0.00356172
0.0034036
0.0032517
0.00310583
0.00296577
0.00283134
0.00270235
0.0025786
0.00245991
0.00234612
0.00223704
0.00213252
0.00203238
0.00193647
0.00184464
0.00175673
0.00167261
0.00159212
0.00151514
0.00144153
0.00137115
0.0013039
0.00123964
0.00117826
0.00111965
0.00106369
0.00101029
0.000959326
0.000910714
0.000864354
0.000820154
0.000778025
0.000737879
0.000699634
0.000663209
0.000628527
0.000595514
0.000564096
0.000534206
0.000505776
0.000478742
0.000453043
0.000428618
0.000405412
0.000383368
0.000362434
0.00034256
0.000323696
0.000305797
0.000288816
0.000272713
0.000257444
0.00024297
0.000229255
0.000216261
0.000203953
0.000192299
0.000181267
0.000170826
0.000160947
0.000151602
0.000142765
0.000134411
0.000126514
0.000119052
0.000112003
0.000105346
9.90597e-05
9.31262e-05
8.75267e-05
8.22438e-05
0.231382
0.231326
0.231213
0.231044
0.230818
0.230536
0.230199
0.229806
0.229358
0.228854
0.228296
0.227684
0.227018
0.226298
0.225526
0.224702
0.223826
0.222899
0.221921
0.220894
0.219818
0.218694
0.217523
0.216305
0.215041
0.213733
0.21238
0.210985
0.209547
0.208069
0.206551
0.204993
0.203398
0.201766
0.200098
0.198396
0.196659
0.194891
0.193091
0.191261
0.189403
0.187516
0.185603
0.183665
0.181703
0.179717
0.17771
0.175683
0.173636
0.171571
0.16949
0.167392
0.165281
0.163156
0.161019
0.158871
0.156714
0.154548
0.152375
0.150196
0.148012
0.145824
0.143633
0.141441
0.139248
0.137056
0.134865
0.132677
0.130493
0.128313
0.126139
0.123971
0.121811
0.119659
0.117517
0.115385
0.113263
0.111154
0.109057
0.106974
0.104905
0.102851
0.100812
0.0987901
0.0967847
0.0947969
0.0928273
0.0908764
0.0889448
0.0870331
0.0851416
0.0832708
0.0814214
0.0795935
0.0777877
0.0760043
0.0742437
0.0725061
0.0707919
0.0691014
0.0674348
0.0657923
0.0641742
0.0625805
0.0610116
0.0594674
0.0579482
0.056454
0.0549849
0.053541
0.0521223
0.0507288
0.0493604
0.0480173
0.0466993
0.0454064
0.0441385
0.0428956
0.0416774
0.040484
0.0393152
0.0381707
0.0370506
0.0359545
0.0348824
0.0338339
0.032809
0.0318073
0.0308287
0.0298729
0.0289397
0.0280288
0.0271399
0.0262728
0.0254272
0.0246028
0.0237993
0.0230165
0.0222539
0.0215114
0.0207886
0.0200851
0.0194007
0.0187351
0.0180879
0.0174588
0.0168474
0.0162535
0.0156767
0.0151167
0.0145731
0.0140457
0.013534
0.0130378
0.0125567
0.0120904
0.0116386
0.0112009
0.0107771
0.0103667
0.00996959
0.00958533
0.00921362
0.00885416
0.00850665
0.00817079
0.00784627
0.0075328
0.00723009
0.00693784
0.00665579
0.00638364
0.00612113
0.00586798
0.00562393
0.00538871
0.00516207
0.00494375
0.00473351
0.0045311
0.0043363
0.00414885
0.00396854
0.00379513
0.00362842
0.00346819
0.00331422
0.00316631
0.00302427
0.00288789
0.00275699
0.00263138
0.00251088
0.00239531
0.00228451
0.0021783
0.00207652
0.00197901
0.00188562
0.0017962
0.0017106
0.00162868
0.00155031
0.00147535
0.00140367
0.00133515
0.00126966
0.00120709
0.00114732
0.00109025
0.00103576
0.000983755
0.000934134
0.000886798
0.000841656
0.000798617
0.000757593
0.000718502
0.000681261
0.000645793
0.000612022
0.000579875
0.000549283
0.000520178
0.000492494
0.00046617
0.000441146
0.000417363
0.000394765
0.0003733
0.000352916
0.000333564
0.000315196
0.000297766
0.000281232
0.000265551
0.000250683
0.00023659
0.000223235
0.000210582
0.000198597
0.000187249
0.000176507
0.00016634
0.00015672
0.000147621
0.000139016
0.000130881
0.000123192
0.000115926
0.000109062
0.000102579
9.64584e-05
9.06807e-05
8.52282e-05
8.0084e-05
0.225251
0.225196
0.225086
0.224921
0.224702
0.224428
0.224099
0.223717
0.22328
0.22279
0.222247
0.221651
0.221002
0.220302
0.21955
0.218748
0.217895
0.216992
0.216041
0.215041
0.213994
0.212899
0.211759
0.210573
0.209343
0.208069
0.206752
0.205394
0.203995
0.202556
0.201077
0.199561
0.198008
0.19642
0.194796
0.193138
0.191448
0.189727
0.187975
0.186193
0.184384
0.182548
0.180685
0.178798
0.176888
0.174955
0.173001
0.171028
0.169035
0.167025
0.164999
0.162957
0.160901
0.158833
0.156752
0.154662
0.152561
0.150453
0.148338
0.146216
0.14409
0.14196
0.139827
0.137693
0.135558
0.133424
0.131292
0.129161
0.127035
0.124913
0.122796
0.120686
0.118583
0.116488
0.114403
0.112327
0.110262
0.108209
0.106168
0.10414
0.102125
0.100126
0.098141
0.0961723
0.0942201
0.092285
0.0903676
0.0884684
0.086588
0.0847268
0.0828855
0.0810643
0.0792638
0.0774844
0.0757265
0.0739903
0.0722764
0.0705848
0.0689161
0.0672704
0.0656479
0.0640489
0.0624737
0.0609223
0.0593949
0.0578916
0.0564127
0.0549581
0.053528
0.0521223
0.0507411
0.0493845
0.0480525
0.0467449
0.0454619
0.0442032
0.0429689
0.0417589
0.0405731
0.0394113
0.0382734
0.0371593
0.0360688
0.0350018
0.033958
0.0329374
0.0319396
0.0309645
0.0300118
0.0290813
0.0281728
0.0272861
0.0264207
0.0255766
0.0247534
0.0239509
0.0231687
0.0224066
0.0216642
0.0209414
0.0202377
0.0195529
0.0188867
0.0182387
0.0176086
0.0169962
0.016401
0.0158228
0.0152613
0.0147161
0.014187
0.0136735
0.0131754
0.0126923
0.012224
0.01177
0.0113302
0.0109041
0.0104915
0.010092
0.00970542
0.00933133
0.00896947
0.00861954
0.00828124
0.00795428
0.00763836
0.00733319
0.0070385
0.006754
0.00647942
0.00621449
0.00595893
0.00571249
0.0054749
0.00524592
0.00502528
0.00481275
0.00460808
0.00441104
0.00422139
0.00403891
0.00386338
0.00369457
0.00353228
0.00337629
0.0032264
0.00308241
0.00294413
0.00281137
0.00268394
0.00256165
0.00244435
0.00233184
0.00222397
0.00212058
0.00202149
0.00192657
0.00183565
0.0017486
0.00166527
0.00158553
0.00150923
0.00143626
0.00136648
0.00129977
0.00123602
0.0011751
0.00111692
0.00106136
0.00100831
0.000957688
0.000909381
0.0008633
0.000819354
0.000777455
0.000737519
0.000699463
0.000663209
0.000628681
0.000595804
0.00056451
0.000534728
0.000506394
0.000479444
0.000453818
0.000429456
0.000406303
0.000384305
0.000363409
0.000343565
0.000324725
0.000306844
0.000289876
0.00027378
0.000258514
0.000244041
0.000230321
0.000217319
0.000205002
0.000193335
0.000182288
0.00017183
0.000161932
0.000152568
0.000143709
0.000135332
0.000127413
0.000119927
0.000112854
0.000106172
9.9861e-05
9.39024e-05
8.82778e-05
8.29698e-05
7.7962e-05
0.219229
0.219175
0.219068
0.218908
0.218694
0.218427
0.218108
0.217735
0.21731
0.216834
0.216305
0.215725
0.215094
0.214412
0.21368
0.212899
0.212069
0.211191
0.210265
0.209292
0.208272
0.207207
0.206097
0.204943
0.203746
0.202506
0.201225
0.199903
0.198541
0.19714
0.195702
0.194226
0.192715
0.191168
0.189588
0.187975
0.18633
0.184654
0.182949
0.181215
0.179454
0.177667
0.175855
0.174018
0.172159
0.170278
0.168376
0.166455
0.164516
0.162559
0.160587
0.1586
0.156599
0.154586
0.152561
0.150527
0.148483
0.146431
0.144372
0.142307
0.140238
0.138165
0.136089
0.134012
0.131934
0.129857
0.127781
0.125708
0.123639
0.121573
0.119513
0.117459
0.115413
0.113374
0.111344
0.109324
0.107314
0.105316
0.103329
0.101355
0.0993949
0.0974486
0.0955171
0.0936011
0.0917011
0.0898177
0.0879515
0.0861031
0.084273
0.0824616
0.0806695
0.078897
0.0771447
0.0754128
0.0737019
0.0720122
0.070344
0.0686977
0.0670736
0.0654718
0.0638928
0.0623365
0.0608034
0.0592935
0.0578069
0.0563439
0.0549045
0.0534888
0.0520968
0.0507288
0.0493845
0.0480642
0.0467678
0.0454952
0.0442464
0.0430214
0.0418201
0.0406425
0.0394883
0.0383576
0.0372501
0.0361658
0.0351045
0.034066
0.0330502
0.0320568
0.0310857
0.0301366
0.0292094
0.0283038
0.0274196
0.0265565
0.0257144
0.0248928
0.0240916
0.0233105
0.0225493
0.0218075
0.021085
0.0203815
0.0196966
0.0190301
0.0183817
0.017751
0.0171378
0.0165418
0.0159625
0.0153998
0.0148533
0.0143227
0.0138077
0.0133079
0.0128231
0.012353
0.0118971
0.0114553
0.0110273
0.0106126
0.010211
0.00982222
0.00944594
0.00908185
0.00872967
0.00838909
0.00805984
0.00774161
0.00743414
0.00713713
0.00685032
0.00657343
0.00630619
0.00604834
0.00579962
0.00555976
0.00532853
0.00510566
0.00489093
0.00468408
0.00448488
0.00429311
0.00410853
0.00393093
0.00376009
0.00359579
0.00343784
0.00328602
0.00314014
0.003
0.00286542
0.0027362
0.00261218
0.00249317
0.002379
0.0022695
0.00216451
0.00206388
0.00196745
0.00187506
0.00178658
0.00170185
0.00162075
0.00154314
0.00146888
0.00139786
0.00132994
0.00126502
0.00120297
0.00114369
0.00108706
0.00103298
0.000981357
0.000932083
0.000885068
0.000840219
0.000797448
0.000756669
0.000717801
0.000680762
0.000645478
0.000611872
0.000579875
0.000549417
0.000520432
0.000492855
0.000466626
0.000441685
0.000417974
0.00039544
0.00037403
0.000353693
0.000334379
0.000316043
0.00029864
0.000282126
0.00026646
0.000251603
0.000237516
0.000224163
0.000211509
0.000199521
0.000188166
0.000177414
0.000167236
0.000157603
0.000148489
0.000139867
0.000131714
0.000124006
0.000116721
0.000109837
0.000103333
9.71912e-05
9.13919e-05
8.59176e-05
8.07516e-05
7.58776e-05
0.213316
0.213263
0.213159
0.213003
0.212795
0.212536
0.212225
0.211862
0.211449
0.210985
0.21047
0.209906
0.209292
0.208629
0.207917
0.207157
0.206349
0.205494
0.204593
0.203647
0.202655
0.201618
0.200538
0.199415
0.19825
0.197044
0.195797
0.194511
0.193186
0.191823
0.190423
0.188987
0.187516
0.186012
0.184474
0.182904
0.181304
0.179674
0.178014
0.176327
0.174614
0.172875
0.171111
0.169324
0.167515
0.165685
0.163834
0.161965
0.160078
0.158175
0.156256
0.154322
0.152375
0.150416
0.148446
0.146466
0.144478
0.142481
0.140478
0.138469
0.136455
0.134438
0.132418
0.130397
0.128376
0.126354
0.124335
0.122317
0.120304
0.118294
0.11629
0.114291
0.1123
0.110316
0.108341
0.106375
0.10442
0.102475
0.100542
0.0986214
0.0967139
0.0948201
0.0929407
0.0910763
0.0892276
0.087395
0.0855792
0.0837806
0.0819999
0.0802374
0.0784936
0.0767689
0.0750638
0.0733787
0.0717139
0.0700697
0.0684466
0.0668447
0.0652644
0.0637058
0.0621694
0.0606551
0.0591633
0.0576941
0.0562477
0.0548241
0.0534235
0.052046
0.0506916
0.0493604
0.0480525
0.0467678
0.0455063
0.044268
0.0430529
0.041861
0.0406921
0.0395462
0.0384232
0.0373229
0.0362454
0.0351903
0.0341576
0.0331471
0.0321587
0.0311921
0.0302472
0.0293237
0.0284215
0.0275404
0.02668
0.0258402
0.0250208
0.0242214
0.0234418
0.0226818
0.021941
0.0212193
0.0205163
0.0198317
0.0191654
0.0185168
0.0178859
0.0172722
0.0166756
0.0160956
0.015532
0.0149844
0.0144527
0.0139364
0.0134352
0.0129489
0.0124772
0.0120198
0.0115762
0.0111464
0.0107298
0.0103263
0.00993558
0.00955728
0.00919115
0.00883689
0.0084942
0.00816281
0.00784244
0.0075328
0.00723362
0.00694462
0.00666555
0.00639612
0.00613609
0.0058852
0.00564318
0.0054098
0.0051848
0.00496795
0.004759
0.00455773
0.00436391
0.00417731
0.00399771
0.0038249
0.00365867
0.0034988
0.00334511
0.00319738
0.00305544
0.00291908
0.00278813
0.0026624
0.00254172
0.00242592
0.00231483
0.00220828
0.00210613
0.00200821
0.00191438
0.00182449
0.00173839
0.00165595
0.00157703
0.00150151
0.00142926
0.00136015
0.00129407
0.0012309
0.00117052
0.00111284
0.00105774
0.00100512
0.000954886
0.000906942
0.000861195
0.000817555
0.000775938
0.000736259
0.000698439
0.0006624
0.000628067
0.000595368
0.000564234
0.000534597
0.000506394
0.000479561
0.000454039
0.000429771
0.0004067
0.000384774
0.000363941
0.000344152
0.00032536
0.000307519
0.000290585
0.000274516
0.000259273
0.000244816
0.000231109
0.000218117
0.000205804
0.000194139
0.000183091
0.000172629
0.000162725
0.000153352
0.000144483
0.000136095
0.000128162
0.000120661
0.000113573
0.000106874
0.000100546
9.45696e-05
8.89267e-05
8.36001e-05
7.85734e-05
7.38309e-05
0.207511
0.20746
0.207359
0.207207
0.207005
0.206752
0.20645
0.206097
0.205695
0.205244
0.204743
0.204194
0.203597
0.202952
0.202259
0.20152
0.200734
0.199903
0.199026
0.198105
0.19714
0.196132
0.195081
0.193989
0.192856
0.191682
0.190469
0.189218
0.187929
0.186603
0.185241
0.183845
0.182414
0.18095
0.179454
0.177927
0.17637
0.174784
0.17317
0.171529
0.169862
0.168171
0.166455
0.164717
0.162957
0.161176
0.159376
0.157558
0.155722
0.153871
0.152004
0.150123
0.148229
0.146323
0.144407
0.142481
0.140546
0.138604
0.136655
0.134701
0.132742
0.13078
0.128815
0.126849
0.124882
0.122916
0.120951
0.118989
0.11703
0.115075
0.113125
0.111181
0.109244
0.107314
0.105393
0.103481
0.101578
0.0996865
0.0978061
0.0959378
0.0940822
0.09224
0.0904117
0.0885981
0.0867996
0.0850169
0.0832505
0.0815009
0.0797686
0.078054
0.0763577
0.07468
0.0730213
0.071382
0.0697625
0.0681631
0.0665841
0.0650258
0.0634885
0.0619724
0.0604777
0.0590046
0.0575534
0.0561242
0.0547171
0.0533323
0.0519698
0.0506298
0.0493123
0.0480173
0.0467449
0.0454952
0.044268
0.0430635
0.0418814
0.0407219
0.0395848
0.0384701
0.0373777
0.0363074
0.0352591
0.0342327
0.0332281
0.0322452
0.0312836
0.0303433
0.0294241
0.0285258
0.0276482
0.026791
0.025954
0.0251371
0.0243399
0.0235623
0.0228039
0.0220646
0.021344
0.0206419
0.019958
0.0192921
0.0186439
0.018013
0.0173992
0.0168022
0.0162218
0.0156576
0.0151093
0.0145767
0.0140594
0.0135571
0.0130696
0.0125966
0.0121377
0.0116927
0.0112612
0.0108431
0.0104378
0.0100453
0.00966522
0.00929722
0.00894105
0.00859643
0.00826307
0.0079407
0.00762904
0.00732782
0.00703678
0.00675565
0.00648417
0.00622208
0.00596913
0.00572506
0.00548963
0.00526259
0.00504372
0.00483277
0.00462951
0.00443371
0.00424516
0.00406364
0.00388893
0.00372082
0.00355911
0.0034036
0.00325408
0.00311038
0.0029723
0.00283965
0.00271226
0.00258995
0.00247256
0.00235991
0.00225184
0.00214819
0.00204882
0.00195357
0.00186229
0.00177484
0.00169108
0.00161089
0.00153412
0.00146066
0.00139037
0.00132314
0.00125886
0.0011974
0.00113867
0.00108256
0.00102896
0.000977769
0.000928903
0.000882263
0.000837761
0.000795309
0.000754824
0.000716225
0.000679434
0.000644375
0.000610977
0.000579168
0.000548881
0.000520051
0.000492614
0.000466512
0.000441685
0.000418076
0.000395634
0.000374304
0.000354038
0.000334788
0.000316507
0.000299151
0.000282678
0.000267046
0.000252218
0.000238155
0.000224821
0.000212181
0.000200204
0.000188856
0.000178108
0.000167931
0.000158297
0.000149179
0.000140552
0.000132391
0.000124674
0.000117378
0.000110482
0.000103966
9.78101e-05
9.19963e-05
8.6507e-05
8.13253e-05
7.64354e-05
7.18219e-05
0.201815
0.201766
0.201667
0.20152
0.201323
0.201077
0.200783
0.20044
0.200049
0.19961
0.199123
0.198589
0.198008
0.197381
0.196707
0.195988
0.195224
0.194416
0.193563
0.192667
0.191729
0.190749
0.189727
0.188664
0.187562
0.186421
0.185241
0.184024
0.182771
0.181481
0.180157
0.178798
0.177407
0.175983
0.174529
0.173044
0.171529
0.169987
0.168417
0.166821
0.1652
0.163555
0.161886
0.160196
0.158484
0.156752
0.155002
0.153233
0.151448
0.149647
0.147832
0.146002
0.14416
0.142307
0.140443
0.13857
0.136688
0.134799
0.132904
0.131003
0.129098
0.12719
0.125279
0.123367
0.121455
0.119542
0.117632
0.115723
0.113818
0.111916
0.11002
0.108129
0.106245
0.104369
0.1025
0.10064
0.0987901
0.0969503
0.0951215
0.0933045
0.0914998
0.0897081
0.0879301
0.0861662
0.0844171
0.0826834
0.0809654
0.0792638
0.0775791
0.0759116
0.0742618
0.0726301
0.071017
0.0694227
0.0678476
0.0662921
0.0647565
0.063241
0.0617458
0.0602713
0.0588177
0.0573851
0.0559737
0.0545837
0.0532152
0.0518684
0.0505433
0.0492401
0.0479587
0.0466993
0.0454619
0.0442464
0.0430529
0.0418814
0.0407319
0.0396042
0.0384983
0.0374142
0.0363517
0.0353108
0.0342913
0.0332931
0.0323161
0.0313601
0.0304249
0.0295105
0.0286165
0.0277428
0.0268893
0.0260556
0.0252416
0.0244471
0.0236718
0.0229155
0.022178
0.0214589
0.0207581
0.0200753
0.0194102
0.0187626
0.0181321
0.0175186
0.0169216
0.0163411
0.0157765
0.0152278
0.0146946
0.0141766
0.0136735
0.013185
0.0127109
0.0122508
0.0118046
0.0113717
0.0109521
0.0105454
0.0101513
0.00976961
0.00939993
0.00904203
0.00869564
0.00836047
0.00803626
0.00772274
0.00741963
0.00712669
0.00684364
0.00657022
0.00630619
0.0060513
0.00580528
0.00556791
0.00533895
0.00511814
0.00490528
0.00470011
0.00450243
0.00431201
0.00412864
0.0039521
0.00378218
0.00361869
0.00346142
0.00331017
0.00316477
0.00302501
0.00289071
0.00276171
0.00263781
0.00251886
0.00240469
0.00229513
0.00219003
0.00208923
0.00199258
0.00189995
0.00181117
0.00172612
0.00164467
0.00156667
0.00149201
0.00142056
0.00135221
0.00128682
0.0012243
0.00116454
0.00110742
0.00105284
0.00100071
0.000950931
0.000903406
0.000858047
0.000814766
0.000773479
0.000734105
0.000696566
0.000660785
0.000626688
0.000594206
0.000563271
0.000533815
0.000505776
0.000479093
0.000453707
0.000429561
0.000406601
0.000384774
0.00036403
0.00034432
0.000325598
0.000307819
0.00029094
0.000274919
0.000259716
0.000245295
0.000231618
0.00021865
0.000206357
0.000194709
0.000183673
0.00017322
0.000163322
0.000153952
0.000145084
0.000136694
0.000128757
0.000121252
0.000114156
0.00010745
0.000101112
9.51254e-05
8.94712e-05
8.41325e-05
7.90931e-05
7.43374e-05
6.98505e-05
0.196228
0.19618
0.196084
0.195941
0.195749
0.195511
0.195224
0.194891
0.194511
0.194084
0.193611
0.193091
0.192526
0.191916
0.191261
0.190562
0.189819
0.189033
0.188204
0.187333
0.186421
0.185468
0.184474
0.183441
0.182369
0.18126
0.180113
0.178929
0.17771
0.176457
0.175169
0.173848
0.172495
0.171111
0.169697
0.168253
0.166781
0.165281
0.163754
0.162203
0.160626
0.159027
0.157404
0.15576
0.154096
0.152413
0.15071
0.148991
0.147255
0.145504
0.143739
0.14196
0.140169
0.138367
0.136555
0.134734
0.132904
0.131067
0.129225
0.127377
0.125524
0.123669
0.121811
0.119952
0.118092
0.116233
0.114375
0.112519
0.110667
0.108818
0.106974
0.105136
0.103304
0.101479
0.0996622
0.0978539
0.096055
0.0942661
0.092488
0.0907213
0.0889666
0.0872245
0.0854957
0.0837806
0.08208
0.0803942
0.0787239
0.0770694
0.0754312
0.0738099
0.0722058
0.0706193
0.0690508
0.0675007
0.0659692
0.0644568
0.0629636
0.0614901
0.0600363
0.0586027
0.0571893
0.0557963
0.054424
0.0530725
0.0517419
0.0504324
0.049144
0.0478768
0.046631
0.0454064
0.0442032
0.0430214
0.041861
0.0407219
0.0396042
0.0385077
0.0374325
0.0363783
0.0353453
0.0343332
0.0333419
0.0323714
0.0314214
0.0304919
0.0295826
0.0286934
0.0278242
0.0269748
0.0261448
0.0253342
0.0245428
0.0237703
0.0230165
0.0222811
0.021564
0.0208648
0.0201834
0.0195195
0.0188728
0.0182431
0.0176301
0.0170335
0.0164531
0.0158886
0.0153398
0.0148062
0.0142878
0.0137841
0.0132949
0.01282
0.012359
0.0119117
0.0114777
0.0110569
0.0106489
0.0102535
0.0098703
0.00949913
0.00913968
0.00879169
0.00845489
0.008129
0.00781377
0.00750893
0.00721422
0.00692938
0.00665417
0.00638832
0.0061316
0.00588376
0.00564456
0.00541376
0.00519113
0.00497644
0.00476947
0.00456999
0.00437778
0.00419263
0.00401434
0.00384268
0.00367747
0.0035185
0.00336559
0.00321853
0.00307715
0.00294126
0.00281068
0.00268525
0.00256478
0.00244913
0.00233811
0.00223159
0.0021294
0.00203139
0.00193742
0.00184734
0.00176103
0.00167833
0.00159913
0.0015233
0.00145071
0.00138123
0.00131477
0.0012512
0.00119041
0.0011323
0.00107676
0.00102369
0.000973007
0.000924604
0.000878395
0.000834291
0.000792208
0.000752065
0.000713781
0.000677281
0.00064249
0.000609338
0.000577755
0.000547676
0.000519036
0.000491773
0.000465829
0.000441146
0.000417668
0.000395344
0.000374121
0.000353952
0.000334788
0.000316584
0.000299297
0.000282885
0.000267307
0.000252526
0.000238504
0.000225205
0.000212596
0.000200644
0.000189318
0.000178587
0.000168424
0.0001588
0.00014969
0.000141068
0.000132909
0.000125193
0.000117895
0.000110996
0.000104475
9.83128e-05
9.24917e-05
8.69941e-05
8.18032e-05
7.69033e-05
7.22793e-05
6.79167e-05
0.190749
0.190702
0.190609
0.190469
0.190283
0.190051
0.189773
0.189449
0.189079
0.188664
0.188204
0.1877
0.18715
0.186557
0.185921
0.185241
0.184519
0.183755
0.182949
0.182102
0.181215
0.180289
0.179323
0.178319
0.177277
0.176198
0.175083
0.173933
0.172748
0.171529
0.170278
0.168994
0.167679
0.166333
0.164958
0.163555
0.162123
0.160666
0.159182
0.157673
0.156141
0.154586
0.153009
0.151411
0.149793
0.148157
0.146502
0.144831
0.143143
0.141441
0.139725
0.137996
0.136255
0.134504
0.132742
0.130971
0.129193
0.127408
0.125616
0.12382
0.122019
0.120216
0.11841
0.116602
0.114794
0.112987
0.111181
0.109377
0.107576
0.105779
0.103987
0.1022
0.100419
0.0986455
0.0968793
0.0951215
0.0933728
0.0916339
0.0899055
0.0881881
0.0864823
0.0847889
0.0831084
0.0814412
0.0797881
0.0781494
0.0765256
0.0749174
0.073325
0.0717489
0.0701896
0.0686474
0.0671227
0.0656159
0.0641272
0.062657
0.0612055
0.0597731
0.0583599
0.0569663
0.0555924
0.0542383
0.0529043
0.0515906
0.0502971
0.0490242
0.0477718
0.04654
0.0453289
0.0441385
0.0429689
0.0418201
0.0406921
0.0395848
0.0384983
0.0374325
0.0363872
0.0353625
0.0343583
0.0333745
0.0324109
0.0314675
0.030544
0.0296404
0.0287566
0.0278922
0.0270473
0.0262215
0.0254148
0.0246268
0.0238575
0.0231065
0.0223738
0.021659
0.0209618
0.0202822
0.0196199
0.0189745
0.0183458
0.0177337
0.0171378
0.0165579
0.0159937
0.015445
0.0149114
0.0143928
0.0138888
0.0133992
0.0129237
0.012462
0.0120139
0.0115791
0.0111572
0.0107482
0.0103516
0.00996716
0.00959469
0.00923388
0.00888448
0.0085462
0.0082188
0.00790202
0.00759559
0.00729926
0.00701277
0.00673589
0.00646836
0.00620994
0.00596039
0.00571947
0.00548695
0.00526259
0.00504618
0.00483749
0.00463629
0.00444238
0.00425554
0.00407556
0.00390224
0.00373538
0.00357479
0.00342026
0.00327161
0.00312866
0.00299122
0.00285913
0.0027322
0.00261027
0.00249317
0.00238074
0.00227283
0.00216928
0.00206994
0.00197467
0.00188332
0.00179576
0.00171185
0.00163147
0.00155448
0.00148076
0.0014102
0.00134267
0.00127806
0.00121626
0.00115717
0.00110068
0.00104669
0.000995109
0.000945837
0.000898786
0.000853867
0.000810995
0.000770088
0.000731065
0.00069385
0.000658369
0.00062455
0.000592324
0.000561623
0.000532383
0.000504543
0.000478042
0.000452822
0.000428828
0.000406006
0.000384305
0.000363675
0.000344068
0.000325439
0.000307744
0.00029094
0.000274986
0.000259843
0.000245475
0.000231844
0.000218917
0.00020666
0.000195042
0.000184032
0.000173601
0.000163721
0.000154366
0.00014551
0.000137128
0.000129198
0.000121697
0.000114603
0.000107896
0.000101558
9.55676e-05
8.99091e-05
8.45649e-05
7.9519e-05
7.4756e-05
7.0261e-05
6.60202e-05
0.185377
0.185332
0.185241
0.185106
0.184925
0.184699
0.184429
0.184114
0.183755
0.183352
0.182904
0.182414
0.18188
0.181304
0.180685
0.180025
0.179323
0.17858
0.177797
0.176974
0.176112
0.175212
0.174273
0.173297
0.172285
0.171237
0.170153
0.169035
0.167884
0.166699
0.165483
0.164235
0.162957
0.161649
0.160313
0.158949
0.157558
0.156141
0.154699
0.153233
0.151744
0.150233
0.1487
0.147147
0.145575
0.143985
0.142377
0.140752
0.139112
0.137458
0.13579
0.13411
0.132418
0.130716
0.129004
0.127283
0.125555
0.12382
0.122079
0.120333
0.118583
0.11683
0.115075
0.113319
0.111562
0.109805
0.10805
0.106297
0.104547
0.102801
0.101059
0.0993221
0.0975915
0.0958676
0.0941511
0.0924429
0.0907434
0.0890535
0.0873737
0.0857047
0.084047
0.0824012
0.080768
0.0791478
0.0775412
0.0759487
0.0743707
0.0728077
0.0712601
0.0697284
0.068213
0.0667143
0.0652325
0.0637681
0.0623213
0.0608925
0.0594819
0.0580899
0.0567165
0.0553621
0.0540269
0.0527109
0.0514145
0.0501378
0.0488808
0.0476436
0.0464265
0.0452294
0.0440524
0.0428956
0.0417589
0.0406425
0.0395462
0.0384701
0.0374142
0.0363783
0.0353625
0.0343667
0.0333908
0.0324347
0.0314982
0.0305813
0.0296839
0.0288058
0.0279468
0.0271068
0.0262856
0.0254831
0.0246991
0.0239333
0.0231857
0.0224559
0.0217437
0.021049
0.0203716
0.0197111
0.0190673
0.0184401
0.0178292
0.0172343
0.0166552
0.0160916
0.0155433
0.01501
0.0144915
0.0139875
0.0134977
0.0130219
0.0125597
0.0121111
0.0116756
0.011253
0.0108431
0.0104455
0.0100601
0.00968648
0.0093245
0.00897385
0.00863429
0.00830554
0.00798736
0.00767949
0.00738169
0.00709371
0.00681529
0.00654621
0.00628621
0.00603507
0.00579254
0.00555841
0.00533243
0.0051144
0.00490408
0.00470126
0.00450573
0.00431728
0.0041357
0.00396079
0.00379236
0.00363019
0.00347412
0.00332394
0.00317948
0.00304055
0.00290699
0.00277861
0.00265526
0.00253676
0.00242296
0.0023137
0.00220882
0.00210819
0.00201165
0.00191906
0.00183028
0.00174519
0.00166365
0.00158553
0.00151071
0.00143906
0.00137049
0.00130486
0.00124207
0.00118201
0.00112458
0.00106968
0.00101722
0.000967086
0.000919202
0.000873476
0.000829822
0.000788157
0.000748402
0.000710478
0.000674311
0.000639829
0.000606963
0.000575644
0.000545807
0.000517391
0.000490335
0.00046458
0.00044007
0.000416752
0.000394573
0.000373483
0.000353434
0.000334379
0.000316275
0.000299078
0.000282747
0.000267242
0.000252526
0.000238562
0.000225315
0.000212752
0.00020084
0.000189549
0.000178849
0.000168712
0.000159111
0.000150019
0.000141412
0.000133267
0.00012556
0.00011827
0.000111376
0.000104858
9.86976e-05
9.28764e-05
8.73772e-05
8.21836e-05
7.72797e-05
7.26508e-05
6.82824e-05
6.41611e-05
0.180113
0.180069
0.179981
0.179849
0.179674
0.179454
0.179192
0.178886
0.178537
0.178145
0.17771
0.177234
0.176715
0.176155
0.175554
0.174913
0.174231
0.173509
0.172748
0.171949
0.171111
0.170236
0.169324
0.168376
0.167392
0.166374
0.165321
0.164235
0.163116
0.161965
0.160783
0.159571
0.158329
0.157059
0.15576
0.154435
0.153084
0.151707
0.150306
0.148882
0.147435
0.145967
0.144478
0.142969
0.141441
0.139896
0.138333
0.136755
0.135162
0.133555
0.131934
0.130302
0.128658
0.127004
0.125341
0.123669
0.121989
0.120304
0.118612
0.116916
0.115216
0.113513
0.111807
0.110101
0.108394
0.106687
0.104982
0.103279
0.101578
0.0998814
0.0981889
0.0965016
0.0948201
0.0931452
0.0914775
0.0898177
0.0881665
0.0865246
0.0848925
0.0832708
0.0816602
0.0800612
0.0784744
0.0769002
0.0753392
0.0737919
0.0722587
0.0707401
0.0692365
0.0677483
0.0662759
0.0648197
0.0633801
0.0619572
0.0605515
0.0591633
0.0577928
0.0564402
0.0551059
0.05379
0.0524926
0.0512141
0.0499545
0.048714
0.0474927
0.0462907
0.0451081
0.043945
0.0428014
0.0416774
0.0405731
0.0394883
0.0384232
0.0373777
0.0363517
0.0353453
0.0343583
0.0333908
0.0324426
0.0315136
0.0306037
0.0297129
0.0288409
0.0279877
0.0271532
0.026337
0.0255392
0.0247595
0.0239977
0.0232537
0.0225272
0.0218182
0.0211263
0.0204513
0.0197931
0.0191513
0.0185259
0.0179165
0.0173229
0.0167449
0.0161822
0.0156347
0.0151019
0.0145838
0.01408
0.0135903
0.0131144
0.0126521
0.0122031
0.0117671
0.011344
0.0109334
0.0105351
0.0101489
0.00977438
0.00941141
0.00905971
0.00871902
0.00838909
0.00806968
0.00776054
0.00746141
0.00717207
0.00689226
0.00662175
0.00636031
0.0061077
0.00586368
0.00562805
0.00540056
0.005181
0.00496916
0.00476481
0.00456776
0.00437778
0.00419468
0.00401826
0.00384832
0.00368466
0.00352711
0.00337546
0.00322955
0.00308919
0.00295421
0.00282444
0.00269971
0.00257986
0.00246472
0.00235415
0.00224799
0.0021461
0.00204832
0.00195452
0.00186456
0.00177831
0.00169563
0.0016164
0.0015405
0.00146781
0.0013982
0.00133157
0.0012678
0.00120679
0.00114844
0.00109265
0.00103931
0.000988329
0.000939623
0.000893099
0.000848671
0.000806257
0.000765775
0.000727149
0.000690302
0.000655162
0.00062166
0.000589726
0.000559297
0.000530308
0.000502698
0.00047641
0.000451387
0.000427573
0.000404917
0.000383368
0.000362877
0.000343397
0.000324884
0.000307293
0.000290585
0.000274717
0.000259653
0.000245355
0.000231787
0.000218917
0.00020671
0.000195137
0.000184166
0.00017377
0.000163921
0.000154592
0.000145759
0.000137397
0.000129482
0.000121994
0.000114911
0.000108213
0.00010188
9.58948e-05
9.0239e-05
8.48959e-05
7.98498e-05
7.50852e-05
7.05877e-05
6.63434e-05
6.23391e-05
0.174955
0.174913
0.174827
0.174699
0.174529
0.174316
0.174061
0.173763
0.173424
0.173044
0.172622
0.172159
0.171655
0.171111
0.170527
0.169904
0.169242
0.168541
0.167802
0.167025
0.166211
0.165361
0.164476
0.163555
0.162599
0.16161
0.160587
0.159532
0.158445
0.157327
0.156179
0.155002
0.153796
0.152561
0.1513
0.150013
0.1487
0.147363
0.146002
0.144619
0.143213
0.141787
0.14034
0.138875
0.137391
0.13589
0.134372
0.132839
0.131292
0.12973
0.128156
0.126571
0.124974
0.123367
0.121751
0.120127
0.118496
0.116859
0.115216
0.113568
0.111916
0.110262
0.108606
0.106948
0.10529
0.103632
0.101976
0.100321
0.0986695
0.0970213
0.0953773
0.0937383
0.0921049
0.090478
0.088858
0.0872458
0.0856419
0.084047
0.0824616
0.0808864
0.0793219
0.0777687
0.0762273
0.0746982
0.0731819
0.0716789
0.0701896
0.0687145
0.0672539
0.0658084
0.0643782
0.0629636
0.0615652
0.0601831
0.0588177
0.0574692
0.0561379
0.0548241
0.053528
0.0522497
0.0509895
0.0497476
0.048524
0.0473191
0.0461327
0.0449651
0.0438164
0.0426866
0.0415758
0.040484
0.0394113
0.0383576
0.0373229
0.0363074
0.0353108
0.0343332
0.0333745
0.0324347
0.0315136
0.0306112
0.0297274
0.0288621
0.0280151
0.0271863
0.0263756
0.0255829
0.0248079
0.0240505
0.0233105
0.0225878
0.0218822
0.0211934
0.0205213
0.0198657
0.0192263
0.0186029
0.0179954
0.0174035
0.0168269
0.0162654
0.0157189
0.015187
0.0146695
0.0141662
0.0136768
0.0132011
0.0127389
0.0122898
0.0118536
0.0114302
0.0110192
0.0106204
0.0102335
0.00985826
0.00949449
0.00914192
0.00880028
0.00846935
0.00814887
0.00783861
0.00753832
0.00724776
0.0069667
0.0066949
0.00643214
0.00617818
0.0059328
0.00569578
0.00546689
0.00524592
0.00503265
0.00482687
0.00462838
0.00443696
0.00425242
0.00407457
0.0039032
0.00373812
0.00357915
0.00342611
0.00327881
0.00313707
0.00300073
0.00286962
0.00274356
0.0026224
0.00250598
0.00239415
0.00228674
0.00218362
0.00208464
0.00198967
0.00189855
0.00181117
0.00172739
0.00164708
0.00157012
0.00149639
0.00142578
0.00135816
0.00129344
0.0012315
0.00117224
0.00111556
0.00106136
0.00100955
0.000960029
0.000912717
0.000867525
0.00082437
0.00078317
0.000743848
0.000706327
0.000670535
0.000636402
0.000603859
0.00057284
0.000543281
0.000515122
0.000488304
0.000462768
0.000438461
0.00041533
0.000393322
0.00037239
0.000352486
0.000333564
0.000315581
0.000298494
0.000282264
0.000266851
0.000252218
0.000238329
0.00022515
0.000212648
0.000200791
0.000189549
0.000178893
0.000168794
0.000159227
0.000150166
0.000141585
0.000133462
0.000125775
0.000118501
0.000111621
0.000105114
9.8963e-05
9.31489e-05
8.7655e-05
8.24649e-05
7.75633e-05
7.29351e-05
6.85664e-05
6.44437e-05
6.0554e-05
0.169904
0.169862
0.16978
0.169655
0.16949
0.169283
0.169035
0.168746
0.168417
0.168048
0.167638
0.167188
0.166699
0.166171
0.165604
0.164999
0.164355
0.163675
0.162957
0.162203
0.161413
0.160587
0.159727
0.158833
0.157905
0.156944
0.155951
0.154926
0.153871
0.152785
0.15167
0.150527
0.149355
0.148157
0.146932
0.145682
0.144407
0.143108
0.141787
0.140443
0.139078
0.137693
0.136289
0.134865
0.133424
0.131966
0.130493
0.129004
0.127501
0.125985
0.124456
0.122916
0.121366
0.119805
0.118236
0.116659
0.115075
0.113485
0.111889
0.110289
0.108685
0.107079
0.10547
0.10386
0.10225
0.10064
0.0990315
0.0974248
0.0958208
0.0942201
0.0926236
0.0910319
0.0894457
0.0878657
0.0862925
0.0847268
0.0831693
0.0816204
0.0800808
0.0785511
0.0770318
0.0755234
0.0740265
0.0725415
0.071069
0.0696094
0.0681631
0.0667306
0.0653122
0.0639084
0.0625194
0.0611458
0.0597877
0.0584455
0.0571195
0.0558099
0.0545171
0.0532412
0.0519825
0.0507411
0.0495174
0.0483113
0.0471231
0.0459529
0.0448008
0.0436669
0.0425514
0.0414542
0.0403754
0.0393152
0.0382734
0.0372501
0.0362454
0.0352591
0.0342913
0.0333419
0.0324109
0.0314982
0.0306037
0.0297274
0.0288691
0.0280288
0.0272062
0.0264014
0.0256141
0.0248442
0.0240916
0.0233561
0.0226375
0.0219357
0.0212504
0.0205815
0.0199288
0.0192921
0.0186712
0.0180658
0.0174758
0.016901
0.0163411
0.0157958
0.015265
0.0147485
0.014246
0.0137572
0.0132819
0.01282
0.0123711
0.011935
0.0115114
0.0111002
0.010701
0.0103137
0.009938
0.00957363
0.00922037
0.00887797
0.0085462
0.00822483
0.0079136
0.00761229
0.00732067
0.0070385
0.00676556
0.00650161
0.00624643
0.00599981
0.00576151
0.00553133
0.00530905
0.00509446
0.00488735
0.00468751
0.00449475
0.00430886
0.00412965
0.00395693
0.0037905
0.00363019
0.00347582
0.00332719
0.00318414
0.0030465
0.0029141
0.00278677
0.00266435
0.00254669
0.00243363
0.00232502
0.00222072
0.00212058
0.00202446
0.00193222
0.00184374
0.00175888
0.00167751
0.00159952
0.00152479
0.00145319
0.00138461
0.00131895
0.00125609
0.00119594
0.00113839
0.00108335
0.00103072
0.000980399
0.000932311
0.000886365
0.000842478
0.000800569
0.000760559
0.000722371
0.000685934
0.000651176
0.000618028
0.000586424
0.000556301
0.000527596
0.00050025
0.000474206
0.000449407
0.000425802
0.000403338
0.000381966
0.000361638
0.000342309
0.000323933
0.000306469
0.000289876
0.000274114
0.000259146
0.000244936
0.000231448
0.00021865
0.000206509
0.000194994
0.000184077
0.000173728
0.000163921
0.00015463
0.00014583
0.000137497
0.000129609
0.000122143
0.00011508
0.000108398
0.00010208
9.61058e-05
9.04595e-05
8.51242e-05
8.0084e-05
7.53239e-05
7.08294e-05
6.65868e-05
6.2583e-05
5.88057e-05
0.164958
0.164918
0.164837
0.164717
0.164556
0.164355
0.164115
0.163834
0.163515
0.163156
0.162758
0.162322
0.161847
0.161334
0.160783
0.160196
0.159571
0.15891
0.158213
0.157481
0.156714
0.155913
0.155077
0.154209
0.153308
0.152375
0.151411
0.150416
0.149392
0.148338
0.147255
0.146145
0.145008
0.143844
0.142655
0.141441
0.140203
0.138943
0.13766
0.136355
0.13503
0.133685
0.132321
0.130939
0.12954
0.128125
0.126694
0.125249
0.12379
0.122317
0.120833
0.119338
0.117833
0.116318
0.114794
0.113263
0.111725
0.110181
0.108632
0.107079
0.105522
0.103962
0.1024
0.100837
0.0992736
0.0977107
0.0961488
0.0945889
0.0930315
0.0914775
0.0899274
0.088382
0.086842
0.085308
0.0837806
0.0822605
0.0807483
0.0792445
0.0777497
0.0762645
0.0747894
0.073325
0.0718716
0.0704299
0.0690003
0.0675831
0.0661789
0.0647881
0.063411
0.0620481
0.0606996
0.0593659
0.0580473
0.0567442
0.0554568
0.0541854
0.0529302
0.0516914
0.0504693
0.0492641
0.048076
0.046905
0.0457514
0.0446152
0.0434967
0.0423958
0.0413127
0.0402475
0.0392001
0.0381707
0.0371593
0.0361658
0.0351903
0.0342327
0.0332931
0.0323714
0.0314675
0.0305813
0.0297129
0.0288621
0.0280288
0.0272129
0.0264143
0.0256329
0.0248685
0.024121
0.0233903
0.0226762
0.0219786
0.0212971
0.0206318
0.0199824
0.0193487
0.0187305
0.0181277
0.01754
0.0169671
0.016409
0.0158654
0.015336
0.0148207
0.0143192
0.0138313
0.0133567
0.0128953
0.0124468
0.012011
0.0115875
0.0111763
0.0107771
0.0103895
0.0100135
0.00964872
0.00929495
0.00895197
0.00861954
0.00829743
0.00798541
0.00768324
0.00739071
0.00710757
0.00683362
0.00656862
0.00631235
0.00606461
0.00582516
0.0055938
0.00537032
0.00515451
0.00494616
0.00474508
0.00455106
0.00436391
0.00418343
0.00400944
0.00384174
0.00368017
0.00352452
0.00337464
0.00323034
0.00309145
0.00295782
0.00282927
0.00270565
0.00258679
0.00247256
0.00236279
0.00225734
0.00215608
0.00205885
0.00196553
0.00187598
0.00179007
0.00170768
0.00162868
0.00155296
0.0014804
0.00141089
0.00134431
0.00128056
0.00121953
0.00116113
0.00110526
0.00105181
0.00100071
0.00095186
0.000905172
0.000860564
0.000817955
0.000777265
0.000738419
0.000701344
0.000665967
0.000632221
0.000600038
0.000569354
0.000540107
0.000512238
0.000485688
0.000460402
0.000436326
0.000413408
0.000391598
0.000370848
0.000351111
0.000332345
0.000314504
0.000297548
0.000281438
0.000266135
0.000251603
0.000237806
0.000224711
0.000212285
0.000200497
0.000189318
0.000178718
0.000168671
0.00015915
0.000150129
0.000141585
0.000133495
0.000125836
0.000118588
0.00011173
0.000105243
9.91081e-05
9.33082e-05
8.78264e-05
8.26463e-05
7.77529e-05
7.31313e-05
6.87676e-05
6.46485e-05
6.07613e-05
5.70939e-05
0.160117
0.160078
0.16
0.159883
0.159727
0.159532
0.159299
0.159027
0.158716
0.158368
0.157982
0.157558
0.157097
0.156599
0.156065
0.155494
0.154888
0.154247
0.15357
0.15286
0.152115
0.151337
0.150527
0.149684
0.148809
0.147904
0.146968
0.146002
0.145008
0.143985
0.142934
0.141856
0.140752
0.139623
0.138469
0.13729
0.136089
0.134865
0.13362
0.132354
0.131067
0.129762
0.128438
0.127097
0.125739
0.124365
0.122976
0.121573
0.120157
0.118728
0.117287
0.115836
0.114375
0.112904
0.111426
0.10994
0.108447
0.106948
0.105444
0.103936
0.102425
0.100911
0.0993949
0.0978778
0.0963603
0.0948432
0.0933273
0.0918131
0.0903014
0.088793
0.0872884
0.0857884
0.0842936
0.0828046
0.081322
0.0798465
0.0783787
0.076919
0.0754681
0.0740265
0.0725947
0.0711732
0.0697625
0.0683631
0.0669754
0.0655998
0.0642369
0.0628868
0.0615502
0.0602272
0.0589183
0.0576237
0.0563439
0.055079
0.0538294
0.0525953
0.0513769
0.0501745
0.0489883
0.0478184
0.0466651
0.0455285
0.0444087
0.0433059
0.0422202
0.0411517
0.0401004
0.0390664
0.0380498
0.0370506
0.0360688
0.0351045
0.0341576
0.0332281
0.0323161
0.0314214
0.030544
0.0296839
0.0288409
0.0280151
0.0272062
0.0264143
0.0256391
0.0248807
0.0241387
0.0234132
0.0227039
0.0220108
0.0213336
0.0206722
0.0200264
0.019396
0.0187809
0.0181809
0.0175957
0.0170252
0.0164692
0.0159275
0.0153998
0.014886
0.0143858
0.013899
0.0134254
0.0129648
0.0125169
0.0120815
0.0116585
0.0112475
0.0108483
0.0104608
0.0100847
0.00971965
0.00936557
0.00902218
0.00868927
0.00836659
0.00805394
0.00775107
0.00745777
0.00717382
0.006899
0.00663308
0.00637586
0.00612711
0.00588663
0.00565421
0.00542965
0.00521272
0.00500325
0.00480101
0.00460583
0.00441751
0.00423585
0.00406066
0.00389178
0.00372901
0.00357217
0.00342109
0.00327561
0.00313554
0.00300073
0.00287102
0.00274624
0.00262625
0.00251088
0.0024
0.00229345
0.0021911
0.0020928
0.00199843
0.00190785
0.00182093
0.00173754
0.00165757
0.00158089
0.00150739
0.00143696
0.00136948
0.00130486
0.00124298
0.00118374
0.00112706
0.00107282
0.00102095
0.000971345
0.000923927
0.000878609
0.00083531
0.000793951
0.000754456
0.00071675
0.000680762
0.000646424
0.000613668
0.000582429
0.000552646
0.000524257
0.000497206
0.000471435
0.000446891
0.000423521
0.000401276
0.000380106
0.000359965
0.000340808
0.000322592
0.000305274
0.000288816
0.000273179
0.000258325
0.000244219
0.000230827
0.000218117
0.000206055
0.000194614
0.000183762
0.000173474
0.000163721
0.000154479
0.000145723
0.00013743
0.000129577
0.000122143
0.000115108
0.000108451
0.000102154
9.61997e-05
9.057e-05
8.5249e-05
8.0221e-05
7.54711e-05
7.09852e-05
6.67496e-05
6.27513e-05
5.89782e-05
5.54184e-05
0.155381
0.155343
0.155267
0.155153
0.155002
0.154813
0.154586
0.154322
0.154021
0.153683
0.153308
0.152897
0.15245
0.151967
0.151448
0.150895
0.150306
0.149684
0.149027
0.148338
0.147615
0.14686
0.146074
0.145256
0.144407
0.143528
0.14262
0.141683
0.140718
0.139725
0.138705
0.13766
0.136588
0.135492
0.134372
0.133229
0.132063
0.130876
0.129667
0.128438
0.12719
0.125923
0.124639
0.123337
0.122019
0.120686
0.119338
0.117977
0.116602
0.115216
0.113818
0.112409
0.110991
0.109564
0.108129
0.106687
0.105239
0.103784
0.102325
0.100862
0.0993949
0.0979256
0.0964545
0.0949823
0.0935097
0.0920375
0.0905664
0.089097
0.08763
0.0861662
0.0847062
0.0832505
0.0817999
0.080355
0.0789163
0.0774844
0.07606
0.0746435
0.0732355
0.0718366
0.0704471
0.0690677
0.0676987
0.0663407
0.0649941
0.0636592
0.0623365
0.0610265
0.0597293
0.0584455
0.0571753
0.0559191
0.0546771
0.0534496
0.0522369
0.0510393
0.049857
0.0486902
0.0475391
0.0464038
0.0452846
0.0441816
0.043095
0.0420248
0.0409712
0.0399343
0.0389141
0.0379107
0.0369242
0.0359545
0.0350018
0.034066
0.0331471
0.0322452
0.0313601
0.0304919
0.0296404
0.0288058
0.0279877
0.0271863
0.0264014
0.0256329
0.0248807
0.0241446
0.0234246
0.0227206
0.0220323
0.0213596
0.0207025
0.0200606
0.0194339
0.0188222
0.0182253
0.017643
0.0170752
0.0165216
0.015982
0.0154563
0.0149442
0.0144456
0.0139602
0.0134878
0.0130282
0.0125812
0.0121466
0.0117241
0.0113136
0.0109148
0.0105274
0.0101513
0.00978632
0.00943211
0.00908851
0.00875528
0.00843221
0.00811909
0.00781568
0.00752177
0.00723715
0.0069616
0.0066949
0.00643685
0.00618724
0.00594585
0.00571249
0.00548695
0.00526902
0.00505852
0.00485524
0.00465899
0.00446958
0.00428682
0.00411054
0.00394054
0.00377665
0.00361869
0.00346649
0.00331989
0.0031787
0.00304278
0.00291196
0.00278609
0.002665
0.00254855
0.0024366
0.002329
0.0022256
0.00212628
0.00203089
0.00193931
0.00185141
0.00176706
0.00168614
0.00160853
0.00153412
0.0014628
0.00139445
0.00132897
0.00126625
0.00120621
0.00114872
0.00109371
0.00104108
0.000990745
0.00094261
0.000896595
0.000852617
0.000810599
0.000770464
0.000732137
0.000695546
0.000660623
0.000627301
0.000595514
0.000565199
0.000536297
0.000508748
0.000482497
0.000457489
0.000433671
0.000410992
0.000389405
0.000368861
0.000349316
0.000330726
0.000313048
0.000296244
0.000280272
0.000265098
0.000250683
0.000236995
0.000223999
0.000211664
0.00019996
0.000188856
0.000178326
0.000168342
0.000158878
0.000149909
0.000141412
0.000133365
0.000125744
0.00011853
0.000111703
0.000105243
9.91323e-05
9.33538e-05
8.78907e-05
8.27271e-05
7.78478e-05
7.32385e-05
6.88852e-05
6.47749e-05
6.0895e-05
5.72335e-05
5.3779e-05
0.150747
0.15071
0.150637
0.150527
0.15038
0.150196
0.149976
0.14972
0.149428
0.1491
0.148737
0.148338
0.147904
0.147435
0.146932
0.146395
0.145824
0.14522
0.144583
0.143914
0.143213
0.142481
0.141718
0.140924
0.140101
0.139248
0.138367
0.137458
0.136522
0.135558
0.134569
0.133555
0.132515
0.131452
0.130365
0.129256
0.128125
0.126973
0.1258
0.124608
0.123397
0.122168
0.120922
0.119659
0.118381
0.117087
0.11578
0.114459
0.113125
0.11178
0.110424
0.109057
0.107682
0.106297
0.104905
0.103506
0.1021
0.100689
0.0992736
0.0978539
0.0964309
0.0950055
0.0935782
0.0921499
0.0907213
0.089293
0.0878657
0.0864401
0.0850169
0.0835968
0.0821802
0.080768
0.0793607
0.0779588
0.076563
0.0751739
0.0737919
0.0724177
0.0710517
0.0696944
0.0683464
0.0670081
0.06568
0.0643624
0.0630559
0.0617609
0.0604777
0.0592067
0.0579482
0.0567027
0.0554703
0.0542516
0.0530466
0.0518557
0.0506792
0.0495174
0.0483703
0.0472383
0.0461215
0.0450201
0.0439343
0.0428642
0.0418099
0.0407717
0.0397495
0.0387435
0.0377537
0.0367802
0.0358231
0.0348824
0.033958
0.0330502
0.0321587
0.0312836
0.0304249
0.0295826
0.0287566
0.0279468
0.0271532
0.0263756
0.0256141
0.0248685
0.0241387
0.0234246
0.0227261
0.022043
0.0213753
0.0207227
0.0200851
0.0194624
0.0188544
0.0182609
0.0176818
0.0171169
0.016566
0.0160289
0.0155054
0.0149954
0.0144986
0.0140148
0.0135439
0.0130856
0.0126397
0.0122061
0.0117844
0.0113745
0.0109762
0.0105893
0.0102135
0.00984864
0.00949449
0.00915085
0.00881749
0.0084942
0.00818077
0.00787698
0.00758262
0.00729747
0.00702134
0.006754
0.00649526
0.00624491
0.00600274
0.00576855
0.00554215
0.00532333
0.0051119
0.00490767
0.00471045
0.00452006
0.0043363
0.00415899
0.00398796
0.00382303
0.00366403
0.00351078
0.00336312
0.00322089
0.00308392
0.00295205
0.00282513
0.00270301
0.00258553
0.00247256
0.00236394
0.00225955
0.00215924
0.00206287
0.00197033
0.00188148
0.0017962
0.00171436
0.00163586
0.00156056
0.00148837
0.00141918
0.00135287
0.00128934
0.0012285
0.00117024
0.00111447
0.0010611
0.00101004
0.000961201
0.000914502
0.000869858
0.000827192
0.000786427
0.000747489
0.000710304
0.000674805
0.000640924
0.000608595
0.000577755
0.000548345
0.000520305
0.000493578
0.000468109
0.000443847
0.000420739
0.000398737
0.000377793
0.000357862
0.000338899
0.000320864
0.000303713
0.00028741
0.000271915
0.000257192
0.000243208
0.000229927
0.000217319
0.000205352
0.000193997
0.000183225
0.000173008
0.000163322
0.00015414
0.000145439
0.000137195
0.000129388
0.000121994
0.000114995
0.000108372
0.000102104
9.61762e-05
9.057e-05
8.52698e-05
8.02602e-05
7.55264e-05
7.10545e-05
6.68311e-05
6.28433e-05
5.90791e-05
5.55268e-05
5.21753e-05
0.146216
0.146181
0.146109
0.146002
0.14586
0.145682
0.145469
0.14522
0.144937
0.144619
0.144266
0.143879
0.143458
0.143004
0.142516
0.141995
0.141441
0.140855
0.140238
0.139589
0.138909
0.138198
0.137458
0.136688
0.13589
0.135063
0.134208
0.133327
0.132418
0.131484
0.130525
0.12954
0.128532
0.127501
0.126447
0.125371
0.124274
0.123157
0.122019
0.120863
0.119688
0.118496
0.117287
0.116063
0.114823
0.113568
0.1123
0.111018
0.109725
0.10842
0.107105
0.105779
0.104445
0.103102
0.101752
0.100395
0.0990315
0.097663
0.0962898
0.0949127
0.0935325
0.0921499
0.0907656
0.0893802
0.0879945
0.0866091
0.0852248
0.083842
0.0824616
0.0810841
0.0797102
0.0783404
0.0769754
0.0756156
0.0742618
0.0729144
0.071574
0.070241
0.0689161
0.0675996
0.0662921
0.0649941
0.0637058
0.0624279
0.0611607
0.0599046
0.0586599
0.0574271
0.0562065
0.0549984
0.0538031
0.0526209
0.0514522
0.0502971
0.049156
0.048029
0.0469164
0.0458184
0.0447352
0.0436669
0.0426137
0.0415758
0.0405533
0.0395462
0.0385547
0.037579
0.0366189
0.0356747
0.0347464
0.0338339
0.0329374
0.0320568
0.0311921
0.0303433
0.0295105
0.0286934
0.0278922
0.0271068
0.026337
0.0255829
0.0248442
0.024121
0.0234132
0.0227206
0.022043
0.0213805
0.0207328
0.0200998
0.0194814
0.0188774
0.0182877
0.0177121
0.0171504
0.0166024
0.0160681
0.0155471
0.0150394
0.0145447
0.0140628
0.0135936
0.0131368
0.0126923
0.0122598
0.0118392
0.0114302
0.0110326
0.0106463
0.010271
0.00990651
0.00955262
0.00920912
0.0088758
0.00855247
0.00823889
0.00793488
0.00764022
0.00735471
0.00707814
0.0068103
0.006551
0.00630004
0.00605721
0.00582232
0.00559517
0.00537557
0.00516333
0.00495825
0.00476016
0.00456887
0.0043842
0.00420596
0.00403399
0.0038681
0.00370812
0.0035539
0.00340526
0.00326204
0.00312408
0.00299122
0.00286332
0.00274021
0.00262176
0.00250782
0.00239824
0.00229289
0.00219163
0.00209434
0.00200087
0.00191111
0.00182493
0.00174221
0.00166284
0.00158669
0.00151366
0.00144364
0.00137652
0.0013122
0.00125059
0.00119157
0.00113506
0.00108097
0.00102921
0.000979681
0.000932311
0.000887015
0.000843713
0.00080233
0.00076279
0.000725022
0.000688955
0.000654523
0.00062166
0.000590302
0.00056039
0.000531864
0.000504666
0.000478742
0.000454039
0.000430506
0.000408093
0.000386752
0.000366438
0.000347106
0.000328713
0.000311219
0.000294585
0.000278771
0.000263742
0.000249462
0.000235898
0.000223017
0.000210787
0.00019918
0.000188166
0.000177718
0.000167808
0.000158413
0.000149507
0.000141068
0.000133072
0.000125499
0.000118328
0.000111539
0.000105114
9.90355e-05
9.32855e-05
8.78478e-05
8.27069e-05
7.78478e-05
7.32564e-05
6.89189e-05
6.48224e-05
6.09545e-05
5.73034e-05
5.38578e-05
5.06071e-05
0.141787
0.141752
0.141683
0.141579
0.141441
0.141269
0.141062
0.140821
0.140546
0.140238
0.139896
0.139521
0.139112
0.138672
0.138198
0.137693
0.137156
0.136588
0.135989
0.13536
0.134701
0.134012
0.133294
0.132548
0.131773
0.130971
0.130143
0.129288
0.128407
0.127501
0.126571
0.125616
0.124639
0.123639
0.122616
0.121573
0.120509
0.119426
0.118323
0.117202
0.116063
0.114907
0.113734
0.112547
0.111344
0.110128
0.108898
0.107655
0.106401
0.105136
0.10386
0.102575
0.101281
0.099979
0.0986695
0.0973535
0.0960315
0.0947044
0.0933728
0.0920375
0.0906991
0.0893584
0.088016
0.0866726
0.0853288
0.0839854
0.082643
0.0813022
0.0799636
0.0786278
0.0772955
0.0759672
0.0746435
0.073325
0.0720122
0.0707056
0.0694057
0.0681132
0.0668284
0.0655518
0.0642839
0.0630252
0.061776
0.0605368
0.0593079
0.0580899
0.0568829
0.0556874
0.0545038
0.0533323
0.0521732
0.0510269
0.0498935
0.0487735
0.0476669
0.0465741
0.0454952
0.0444304
0.04338
0.0423441
0.0413228
0.0403163
0.0393248
0.0383482
0.0373868
0.0364406
0.0355096
0.034594
0.0336938
0.032809
0.0319396
0.0310857
0.0302472
0.0294241
0.0286165
0.0278242
0.0270473
0.0262856
0.0255392
0.0248079
0.0240916
0.0233903
0.0227039
0.0220323
0.0213753
0.0207328
0.0201047
0.0194909
0.0188913
0.0183056
0.0177337
0.0171755
0.0166308
0.0160995
0.0155813
0.0150762
0.0145838
0.0141041
0.0136368
0.0131818
0.0127389
0.0123078
0.0118884
0.0114805
0.0110839
0.0106984
0.0103238
0.00995986
0.00960641
0.00926324
0.00893014
0.00860693
0.00829338
0.00798931
0.00769451
0.00740877
0.00713191
0.00686372
0.00660399
0.00635255
0.00610919
0.00587371
0.00564594
0.00542567
0.00521272
0.00500691
0.00480805
0.00461596
0.00443047
0.00425139
0.00407855
0.00391178
0.00375092
0.00359579
0.00344624
0.0033021
0.00316322
0.00302944
0.00290061
0.00277658
0.0026572
0.00254234
0.00243185
0.00232559
0.00222343
0.00212524
0.00203089
0.00194026
0.00185322
0.00176965
0.00168943
0.00161246
0.00153862
0.00146781
0.00139991
0.00133482
0.00127245
0.0012127
0.00115547
0.00110068
0.00104823
0.000998028
0.000950003
0.000904068
0.000860144
0.000818154
0.000778025
0.000739682
0.000703058
0.000668084
0.000634695
0.000602828
0.00057242
0.000543414
0.000515752
0.000489378
0.00046424
0.000440285
0.000417465
0.00039573
0.000375036
0.000355337
0.000336591
0.000318755
0.000301792
0.000285661
0.000270326
0.000255752
0.000241905
0.000228752
0.000216261
0.000204402
0.000193146
0.000182466
0.000172334
0.000162725
0.000153614
0.000144978
0.000136794
0.000129041
0.000121697
0.000114743
0.00010816
0.00010193
9.60354e-05
9.04595e-05
8.51866e-05
8.02014e-05
7.54896e-05
7.10372e-05
6.68311e-05
6.28587e-05
5.9108e-05
5.55675e-05
5.22263e-05
4.90741e-05
0.137458
0.137425
0.137357
0.137257
0.137123
0.136956
0.136755
0.136522
0.136255
0.135956
0.135625
0.135261
0.134865
0.134438
0.133979
0.133489
0.132969
0.132418
0.131838
0.131228
0.130588
0.129921
0.129225
0.128501
0.12775
0.126973
0.126169
0.125341
0.124487
0.123608
0.122706
0.121781
0.120833
0.119864
0.118873
0.117862
0.11683
0.11578
0.11471
0.113623
0.112519
0.111399
0.110262
0.109111
0.107945
0.106765
0.105573
0.104369
0.103153
0.101926
0.100689
0.0994434
0.0981889
0.0969266
0.0956571
0.0943813
0.0930997
0.0918131
0.0905222
0.0892276
0.0879301
0.0866303
0.0853288
0.0840265
0.0827238
0.0814214
0.0801199
0.07882
0.0775223
0.0762273
0.0749357
0.0736479
0.0723646
0.0710864
0.0698136
0.0685469
0.0672868
0.0660337
0.0647881
0.0635505
0.0623213
0.061101
0.0598899
0.0586886
0.0574973
0.0563164
0.0551463
0.0539873
0.0528398
0.051704
0.0505804
0.049469
0.0483703
0.0472844
0.0462116
0.0451522
0.0441062
0.043074
0.0420556
0.0410513
0.0400612
0.0390855
0.0381242
0.0371774
0.0362454
0.035328
0.0344255
0.0335379
0.0326651
0.0318073
0.0309645
0.0301366
0.0293237
0.0285258
0.0277428
0.0269748
0.0262215
0.0254831
0.0247595
0.0240505
0.0233561
0.0226762
0.0220108
0.0213596
0.0207227
0.0200998
0.0194909
0.0188959
0.0183145
0.0177467
0.0171923
0.0166512
0.0161231
0.015608
0.0151056
0.0146159
0.0141386
0.0136735
0.0132205
0.0127794
0.0123499
0.011932
0.0115255
0.01113
0.0107455
0.0103718
0.0100086
0.00965579
0.00931313
0.00898043
0.00865751
0.00834416
0.00804018
0.0077454
0.00745959
0.00718258
0.00691417
0.00665417
0.00640237
0.00615861
0.00592267
0.00569439
0.00547357
0.00526002
0.00505358
0.00485405
0.00466126
0.00447504
0.0042952
0.00412159
0.00395403
0.00379236
0.0036364
0.00348601
0.00334103
0.00320129
0.00306665
0.00293695
0.00281205
0.00269181
0.00257608
0.00246472
0.0023576
0.00225459
0.00215555
0.00206036
0.00196889
0.00188102
0.00179664
0.00171562
0.00163786
0.00156323
0.00149165
0.00142299
0.00135717
0.00129407
0.0012336
0.00117568
0.0011202
0.00106707
0.00101622
0.000967558
0.000920999
0.000876467
0.000833884
0.000793176
0.000754271
0.0007171
0.000681594
0.000647688
0.000615318
0.000584423
0.000554944
0.000526823
0.000500006
0.000474437
0.000450066
0.000426843
0.000404719
0.000383649
0.000363586
0.000344489
0.000326314
0.000309024
0.000292578
0.00027694
0.000262073
0.000247944
0.00023452
0.000221768
0.000209658
0.000198161
0.000187249
0.000176895
0.000167073
0.000157757
0.000148924
0.000140552
0.000132618
0.000125101
0.000117981
0.00011124
0.000104858
9.88182e-05
9.31035e-05
8.76978e-05
8.25858e-05
7.77529e-05
7.31849e-05
6.88684e-05
6.47907e-05
6.09396e-05
5.73034e-05
5.3871e-05
5.06318e-05
4.75758e-05
0.133229
0.133196
0.133131
0.133034
0.132904
0.132742
0.132548
0.132321
0.132063
0.131773
0.131452
0.131099
0.130716
0.130302
0.129857
0.129382
0.128878
0.128344
0.127781
0.12719
0.126571
0.125923
0.125249
0.124547
0.12382
0.123066
0.122288
0.121484
0.120657
0.119805
0.118931
0.118034
0.117116
0.116176
0.115216
0.114235
0.113236
0.112217
0.111181
0.110128
0.109057
0.107971
0.10687
0.105754
0.104624
0.103481
0.102325
0.101157
0.099979
0.0987901
0.0975915
0.0963839
0.095168
0.0939445
0.0927141
0.0914775
0.0902353
0.0889883
0.0877371
0.0864823
0.0852248
0.0839649
0.0827036
0.0814412
0.0801786
0.0789163
0.0776549
0.076395
0.0751372
0.073882
0.0726301
0.071382
0.0701382
0.0688993
0.0676657
0.066438
0.0652166
0.064002
0.0627948
0.0615953
0.0604039
0.0592211
0.0580473
0.0568829
0.0557283
0.0545837
0.0534496
0.0523263
0.0512141
0.0501133
0.0490242
0.047947
0.0468821
0.0458296
0.0447898
0.043763
0.0427492
0.0417487
0.0407617
0.0397883
0.0388287
0.0378829
0.0369512
0.0360336
0.0351302
0.0342411
0.0333663
0.032506
0.0316601
0.0308287
0.0300118
0.0292094
0.0284215
0.0276482
0.0268893
0.0261448
0.0254148
0.0246991
0.0239977
0.0233105
0.0226375
0.0219786
0.0213336
0.0207025
0.0200851
0.0194814
0.0188913
0.0183145
0.017751
0.0172007
0.0166634
0.0161388
0.015627
0.0151278
0.0146409
0.0141662
0.0137036
0.0132528
0.0128137
0.0123862
0.01197
0.0115649
0.0111709
0.0107876
0.0104149
0.0100527
0.00970068
0.00935871
0.00902659
0.00870413
0.00839114
0.00808743
0.00779281
0.00750709
0.00723009
0.0069616
0.00670144
0.00644944
0.00620539
0.00596913
0.00574045
0.00551919
0.00530516
0.00509819
0.0048981
0.00470471
0.00451785
0.00433735
0.00416305
0.00399478
0.00383238
0.00367568
0.00352452
0.00337876
0.00323823
0.0031028
0.0029723
0.00284659
0.00272554
0.00260899
0.00249682
0.00238889
0.00228507
0.00218522
0.00208923
0.00199697
0.00190831
0.00182315
0.00174136
0.00166284
0.00158746
0.00151514
0.00144576
0.00137921
0.00131541
0.00125426
0.00119565
0.00113951
0.00108573
0.00103424
0.000984957
0.00093779
0.000892663
0.000849501
0.000808228
0.000768773
0.000731065
0.000695037
0.000660623
0.00062776
0.000596387
0.000566442
0.00053787
0.000510615
0.000484622
0.00045984
0.000436219
0.00041371
0.000392267
0.000371845
0.0003524
0.00033389
0.000316275
0.000299516
0.000283576
0.000268419
0.00025401
0.000240316
0.000227304
0.000214945
0.000203208
0.000192065
0.000181488
0.000171453
0.000161932
0.000152903
0.000144342
0.000136228
0.000128538
0.000121252
0.000114352
0.000107817
0.000101632
9.57779e-05
9.0239e-05
8.49996e-05
8.00449e-05
7.53607e-05
7.09332e-05
6.67496e-05
6.27973e-05
5.90647e-05
5.55403e-05
5.22136e-05
4.90741e-05
4.61121e-05
0.129098
0.129067
0.129004
0.128909
0.128784
0.128627
0.128438
0.128219
0.127969
0.127688
0.127377
0.127035
0.126663
0.126262
0.125831
0.125371
0.124882
0.124365
0.12382
0.123247
0.122646
0.122019
0.121366
0.120686
0.119981
0.119251
0.118496
0.117718
0.116916
0.116091
0.115244
0.114375
0.113485
0.112574
0.111644
0.110694
0.109725
0.108738
0.107734
0.106713
0.105676
0.104624
0.103556
0.102475
0.10138
0.100272
0.0991525
0.0980213
0.0968793
0.0957272
0.0945658
0.0933956
0.0922174
0.0910319
0.0898396
0.0886414
0.0874377
0.0862294
0.0850169
0.0838011
0.0825825
0.0813617
0.0801395
0.0789163
0.0776928
0.0764696
0.0752473
0.0740265
0.0728077
0.0715914
0.0703783
0.0691689
0.0679637
0.0667631
0.0655678
0.0643782
0.0631946
0.0620178
0.0608479
0.0596856
0.0585312
0.0573851
0.0562477
0.0551194
0.0540005
0.0528914
0.0517925
0.050704
0.0496263
0.0485596
0.0475043
0.0464605
0.0454286
0.0444087
0.0434012
0.0424062
0.0414238
0.0404544
0.039498
0.0385547
0.0376249
0.0367084
0.0358056
0.0349164
0.0340411
0.0331795
0.0323319
0.0314982
0.0306785
0.0298729
0.0290813
0.0283038
0.0275404
0.026791
0.0260556
0.0253342
0.0246268
0.0239333
0.0232537
0.0225878
0.0219357
0.0212971
0.0206722
0.0200606
0.0194624
0.0188774
0.0183056
0.0177467
0.0172007
0.0166674
0.0161467
0.0156385
0.0151426
0.0146588
0.014187
0.013727
0.0132787
0.0128419
0.0124165
0.0120022
0.0115989
0.0112064
0.0108245
0.0104531
0.010092
0.00974103
0.00939993
0.00906856
0.00874674
0.00843427
0.00813099
0.0078367
0.00755121
0.00727435
0.00700593
0.00674577
0.00649368
0.00624948
0.00601301
0.00578406
0.00556248
0.00534808
0.00514069
0.00494013
0.00474624
0.00455884
0.00437778
0.00420288
0.00403399
0.00387093
0.00371356
0.00356172
0.00341525
0.00327401
0.00313784
0.0030066
0.00288015
0.00275834
0.00264103
0.0025281
0.00241941
0.00231483
0.00221422
0.00211747
0.00202446
0.00193505
0.00184915
0.00176663
0.00168737
0.00161128
0.00153825
0.00146816
0.00140093
0.00133645
0.00127463
0.00121537
0.00115858
0.00110418
0.00105207
0.00100218
0.00095442
0.000908715
0.000864988
0.000823163
0.00078317
0.000744938
0.000708399
0.000673489
0.000640142
0.000608298
0.000577897
0.000548881
0.000521195
0.000494784
0.000469597
0.000445584
0.000422695
0.000400884
0.000380106
0.000360316
0.000341474
0.000323538
0.000306469
0.00029023
0.000274784
0.000260097
0.000246135
0.000232865
0.000220257
0.000208281
0.000196908
0.00018611
0.000175862
0.000166137
0.000156912
0.000148163
0.000139867
0.000132004
0.000124552
0.000117493
0.000110806
0.000104475
9.8481e-05
9.28084e-05
8.74412e-05
8.23643e-05
7.75633e-05
7.30242e-05
6.8734e-05
6.46801e-05
6.08504e-05
5.72335e-05
5.38184e-05
5.05948e-05
4.75526e-05
4.46824e-05
0.125065
0.125035
0.124974
0.124882
0.12476
0.124608
0.124426
0.124213
0.123971
0.123699
0.123397
0.123066
0.122706
0.122317
0.1219
0.121455
0.120981
0.12048
0.119952
0.119397
0.118815
0.118207
0.117574
0.116916
0.116233
0.115525
0.114794
0.11404
0.113263
0.112464
0.111644
0.110802
0.10994
0.109057
0.108156
0.107236
0.106297
0.105341
0.104369
0.10338
0.102375
0.101355
0.100321
0.0992736
0.0982129
0.0971398
0.096055
0.0949591
0.0938528
0.0927367
0.0916116
0.090478
0.0893366
0.0881881
0.0870331
0.0858722
0.0847062
0.0835356
0.082361
0.0811832
0.0800026
0.07882
0.0776359
0.0764509
0.0752657
0.0740807
0.0728966
0.0717139
0.0705332
0.0693549
0.0681797
0.0670081
0.0658405
0.0646775
0.0635195
0.062367
0.0612205
0.0600803
0.058947
0.057821
0.0567027
0.0555924
0.0544905
0.0533974
0.0523135
0.0512391
0.0501745
0.04912
0.048076
0.0470426
0.0460202
0.0450091
0.0440094
0.0430214
0.0420454
0.0410814
0.0401298
0.0391906
0.038264
0.0373503
0.0364495
0.0355617
0.034687
0.0338257
0.0329776
0.032143
0.0313218
0.0305142
0.0297201
0.0289397
0.0281728
0.0274196
0.02668
0.025954
0.0252416
0.0245428
0.0238575
0.0231857
0.0225272
0.0218822
0.0212504
0.0206318
0.0200264
0.0194339
0.0188544
0.0182877
0.0177337
0.0171923
0.0166634
0.0161467
0.0156423
0.0151499
0.0146695
0.0142008
0.0137438
0.0132982
0.0128639
0.0124407
0.0120286
0.0116272
0.0112365
0.0108563
0.0104864
0.0101266
0.00977677
0.00943672
0.00910628
0.00878526
0.00847349
0.00817079
0.00787698
0.00759188
0.00731531
0.0070471
0.00678706
0.00653503
0.00629082
0.00605425
0.00582516
0.00560337
0.00538871
0.005181
0.00498009
0.0047858
0.00459797
0.00441643
0.00424102
0.00407158
0.00390796
0.00375
0.00359755
0.00345045
0.00330856
0.00317173
0.00303981
0.00291267
0.00279017
0.00267217
0.00255853
0.00244913
0.00234383
0.00224251
0.00214505
0.00205132
0.00196121
0.0018746
0.00179138
0.00171144
0.00163466
0.00156095
0.00149019
0.0014223
0.00135717
0.0012947
0.00123481
0.0011774
0.00112239
0.00106968
0.0010192
0.000970871
0.000924604
0.000880327
0.000837965
0.000797448
0.000758704
0.000721666
0.000686269
0.000652449
0.000620144
0.000589295
0.000559843
0.000531734
0.000504912
0.000479327
0.000454927
0.000431664
0.00040949
0.00038836
0.000368231
0.00034906
0.000330806
0.000313431
0.000296895
0.000281163
0.0002662
0.000251972
0.000238446
0.00022559
0.000213376
0.000201774
0.000190756
0.000180296
0.000170368
0.000160947
0.00015201
0.000143534
0.000135498
0.00012788
0.000120661
0.000113822
0.000107345
0.000101211
9.54045e-05
8.99091e-05
8.47096e-05
7.97913e-05
7.51402e-05
7.0743e-05
6.65868e-05
6.26595e-05
5.89494e-05
5.54455e-05
5.21371e-05
4.90142e-05
4.60671e-05
4.32866e-05
0.121129
0.121099
0.12104
0.120951
0.120833
0.120686
0.120509
0.120304
0.120069
0.119805
0.119513
0.119193
0.118844
0.118467
0.118063
0.117632
0.117173
0.116688
0.116176
0.115638
0.115075
0.114487
0.113873
0.113236
0.112574
0.111889
0.111181
0.110451
0.109698
0.108924
0.108129
0.107314
0.106479
0.105625
0.104751
0.10386
0.102951
0.102026
0.101083
0.100126
0.0991525
0.098165
0.0971635
0.0961488
0.0951215
0.0940822
0.0930315
0.0919701
0.0908986
0.0898177
0.088728
0.08763
0.0865246
0.0854122
0.0842936
0.0831693
0.0820399
0.0809062
0.0797686
0.0786278
0.0774844
0.076339
0.0751922
0.0740445
0.0728966
0.0717489
0.0706021
0.0694566
0.068313
0.0671719
0.0660337
0.0648989
0.0637681
0.0626417
0.0615201
0.0604039
0.0592935
0.0581892
0.0570916
0.056001
0.0549179
0.0538425
0.0527753
0.0517167
0.0506669
0.0496263
0.0485952
0.0475739
0.0465627
0.0455619
0.0445717
0.0435924
0.0426241
0.0416673
0.0407219
0.0397883
0.0388666
0.037957
0.0370596
0.0361746
0.0353022
0.0344423
0.0335952
0.0327609
0.0319396
0.0311312
0.0303359
0.0295537
0.0287847
0.0280288
0.0272861
0.0265565
0.0258402
0.0251371
0.0244471
0.0237703
0.0231065
0.0224559
0.0218182
0.0211934
0.0205815
0.0199824
0.019396
0.0188222
0.0182609
0.0177121
0.0171755
0.0166512
0.0161388
0.0156385
0.0151499
0.0146731
0.0142078
0.0137538
0.0133112
0.0128796
0.012459
0.0120491
0.0116499
0.0112612
0.0108828
0.0105146
0.0101563
0.00980784
0.00946903
0.00913968
0.00881964
0.00850873
0.00820677
0.0079136
0.00762904
0.00735291
0.00708505
0.00682528
0.00657343
0.00632933
0.0060928
0.00586368
0.0056418
0.005427
0.00521909
0.00501793
0.00482334
0.00463516
0.00445324
0.00427741
0.00410753
0.00394343
0.00378496
0.00363197
0.00348431
0.00334184
0.00320442
0.00307189
0.00294413
0.00282099
0.00270235
0.00258806
0.002478
0.00237204
0.00227005
0.00217193
0.00207753
0.00198676
0.00189948
0.0018156
0.001735
0.00165757
0.00158321
0.00151181
0.00144329
0.00137753
0.00131445
0.00125395
0.00119594
0.00114034
0.00108706
0.00103601
0.000987124
0.000940312
0.000895501
0.000852617
0.000811589
0.000772347
0.000734823
0.000698951
0.000664668
0.000631912
0.000600624
0.000570746
0.000542221
0.000514997
0.00048902
0.00046424
0.000440608
0.000418076
0.000396601
0.000376136
0.000356641
0.000338073
0.000320394
0.000303565
0.00028755
0.000272313
0.000257821
0.000244041
0.00023094
0.00021849
0.00020666
0.000195423
0.000184752
0.000174621
0.000165005
0.000155881
0.000147225
0.000139016
0.000131233
0.000123855
0.000116863
0.00011024
0.000103966
9.80252e-05
9.24015e-05
8.70791e-05
8.20432e-05
7.72797e-05
7.27751e-05
6.85162e-05
6.44909e-05
6.06872e-05
5.70939e-05
5.37003e-05
5.0496e-05
4.74714e-05
4.4617e-05
4.19241e-05
0.117287
0.117259
0.117202
0.117116
0.117001
0.116859
0.116688
0.116488
0.116261
0.116006
0.115723
0.115413
0.115075
0.11471
0.114319
0.113901
0.113457
0.112987
0.112492
0.111971
0.111426
0.110856
0.110262
0.109645
0.109004
0.108341
0.107655
0.106948
0.106219
0.10547
0.1047
0.103911
0.103102
0.102275
0.10143
0.100567
0.0996865
0.0987901
0.0978778
0.0969503
0.0960081
0.0950519
0.0940822
0.0930997
0.0921049
0.0910986
0.0900812
0.0890535
0.088016
0.0869693
0.0859141
0.0848511
0.0837806
0.0827036
0.0816204
0.0805317
0.0794382
0.0783404
0.0772389
0.0761343
0.0750272
0.0739181
0.0728077
0.0716964
0.0705848
0.0694736
0.0683631
0.0672539
0.0661466
0.0650417
0.0639396
0.0628408
0.0617458
0.0606551
0.0595691
0.0584883
0.0574131
0.0563439
0.0552811
0.0542251
0.0531763
0.052135
0.0511017
0.0500766
0.0490601
0.0480525
0.0470541
0.0460652
0.0450861
0.044117
0.0431582
0.0422099
0.0412724
0.0403459
0.0394305
0.0385265
0.037634
0.0367533
0.0358844
0.0350274
0.0341826
0.0333501
0.0325298
0.031722
0.0309267
0.030144
0.0293739
0.0286165
0.0278718
0.0271399
0.0264207
0.0257144
0.0250208
0.0243399
0.0236718
0.0230165
0.0223738
0.0217437
0.0211263
0.0205213
0.0199288
0.0193487
0.0187809
0.0182253
0.0176818
0.0171504
0.0166308
0.0161231
0.015627
0.0151426
0.0146695
0.0142078
0.0137572
0.0133177
0.012889
0.0124711
0.0120639
0.011667
0.0112805
0.0109041
0.0105377
0.0101811
0.00983422
0.00949681
0.00916874
0.00884984
0.00853995
0.00823889
0.00794651
0.00766264
0.0073871
0.00711973
0.00686037
0.00660883
0.00636497
0.00612861
0.00589958
0.00567773
0.00546289
0.00525489
0.00505358
0.00485879
0.00467037
0.00448817
0.00431201
0.00414176
0.00397727
0.00381837
0.00366492
0.00351679
0.00337381
0.00323586
0.0031028
0.00297447
0.00285076
0.00273153
0.00261665
0.00250598
0.00239941
0.00229681
0.00219806
0.00210305
0.00201165
0.00192375
0.00183924
0.00175802
0.00167997
0.001605
0.001533
0.00146387
0.00139752
0.00133384
0.00127276
0.00121418
0.00115802
0.00110418
0.00105258
0.00100316
0.000955819
0.000910492
0.000867102
0.000825578
0.000785852
0.000747854
0.000711519
0.000676785
0.000643589
0.000611872
0.000581576
0.000552646
0.000525026
0.000498665
0.000473511
0.000449517
0.000426635
0.000404818
0.000384023
0.000364208
0.000345331
0.000327352
0.000310233
0.000293938
0.000278431
0.000263678
0.000249645
0.000236301
0.000223616
0.000211561
0.000200106
0.000189226
0.000178893
0.000169083
0.000159772
0.000150937
0.000142556
0.000134608
0.000127071
0.000119927
0.000113157
0.000106744
0.000100669
9.49166e-05
8.94712e-05
8.43176e-05
7.94414e-05
7.4829e-05
7.04672e-05
6.63434e-05
6.24457e-05
5.87626e-05
5.52833e-05
5.19973e-05
4.88947e-05
4.59659e-05
4.32021e-05
4.05945e-05
0.11354
0.113513
0.113457
0.113374
0.113263
0.113125
0.11296
0.112767
0.112547
0.1123
0.112026
0.111725
0.111399
0.111046
0.110667
0.110262
0.109832
0.109377
0.108898
0.108394
0.107866
0.107314
0.106739
0.106142
0.105522
0.104879
0.104216
0.103531
0.102826
0.1021
0.101355
0.100591
0.0998083
0.0990074
0.0981889
0.0973535
0.0965016
0.0956338
0.0947507
0.0938528
0.0929407
0.092015
0.0910763
0.0901252
0.0891623
0.0881881
0.0872032
0.0862083
0.0852039
0.0841907
0.0831693
0.0821401
0.0811039
0.0800612
0.0790127
0.0779588
0.0769002
0.0758375
0.0747712
0.0737019
0.0726301
0.0715565
0.0704815
0.0694057
0.0683297
0.0672539
0.0661789
0.0651052
0.0640333
0.0629636
0.0618968
0.0608331
0.0597731
0.0587172
0.057666
0.0566197
0.0555788
0.0545437
0.0535149
0.0524926
0.0514773
0.0504693
0.049469
0.0484767
0.0474927
0.0465172
0.0455507
0.0445934
0.0436456
0.0427075
0.0417793
0.0408613
0.0399538
0.0390569
0.0381707
0.0372956
0.0364317
0.035579
0.0347379
0.0339083
0.0330905
0.0322845
0.0314905
0.0307085
0.0299386
0.0291809
0.0284354
0.0277022
0.0269813
0.0262728
0.0255766
0.0248928
0.0242214
0.0235623
0.0229155
0.0222811
0.021659
0.021049
0.0204513
0.0198657
0.0192921
0.0187305
0.0181809
0.017643
0.0171169
0.0166024
0.0160995
0.015608
0.0151278
0.0146588
0.0142008
0.0137538
0.0133177
0.0128922
0.0124772
0.0120727
0.0116784
0.0112943
0.0109201
0.0105557
0.010201
0.00985585
0.00952002
0.00919339
0.0088758
0.00856709
0.0082671
0.00797567
0.00769263
0.00741782
0.00715109
0.00689226
0.00664118
0.00639769
0.00616161
0.0059328
0.0057111
0.00549633
0.00528835
0.005087
0.00489212
0.00470356
0.00452116
0.00434477
0.00417425
0.00400944
0.0038502
0.00369637
0.00354783
0.00340443
0.00326602
0.00313248
0.00300366
0.00287944
0.00275968
0.00264426
0.00253305
0.00242592
0.00232275
0.00222343
0.00212784
0.00203586
0.00194738
0.00186229
0.00178048
0.00170185
0.0016263
0.00155372
0.00148402
0.0014171
0.00135287
0.00129123
0.0012321
0.00117539
0.00112102
0.0010689
0.00101896
0.000971108
0.000925281
0.000881402
0.000839399
0.000799202
0.000760744
0.00072396
0.000688787
0.000655162
0.000623027
0.000592324
0.000562996
0.000534989
0.000508252
0.000482733
0.000458383
0.000435155
0.000413004
0.000391884
0.000371754
0.000352572
0.000334298
0.000316893
0.000300322
0.000284547
0.000269535
0.000255253
0.000241669
0.000228752
0.000216472
0.000204802
0.000193713
0.00018318
0.000173177
0.000163681
0.000154668
0.000146115
0.000138002
0.000130307
0.000123011
0.000116096
0.000109542
0.000103333
9.74525e-05
9.18841e-05
8.66126e-05
8.16237e-05
7.69033e-05
7.24383e-05
6.82158e-05
6.42238e-05
6.04506e-05
5.68852e-05
5.35171e-05
5.0336e-05
4.73325e-05
4.44974e-05
4.18218e-05
3.92976e-05
0.109886
0.109859
0.109805
0.109725
0.109618
0.109484
0.109324
0.109137
0.108924
0.108685
0.10842
0.108129
0.107813
0.107471
0.107105
0.106713
0.106297
0.105857
0.105393
0.104905
0.104394
0.10386
0.103304
0.102725
0.102125
0.101504
0.100862
0.100199
0.0995163
0.0988142
0.0980931
0.0973535
0.0965959
0.0958208
0.0950287
0.0942201
0.0933956
0.0925558
0.0917011
0.0908321
0.0899494
0.0890535
0.088145
0.0872245
0.0862925
0.0853497
0.0843965
0.0834336
0.0824616
0.081481
0.0804924
0.0794964
0.0784936
0.0774844
0.0764696
0.0754497
0.0744251
0.0733966
0.0723646
0.0713297
0.0702925
0.0692534
0.068213
0.0671719
0.0661305
0.0650893
0.0640489
0.0630098
0.0619724
0.0609371
0.0599046
0.0588751
0.0578493
0.0568274
0.0558099
0.0547973
0.05379
0.0527882
0.0517925
0.0508031
0.0498205
0.048845
0.0478768
0.0469164
0.0459641
0.0450201
0.0440847
0.0431582
0.0422408
0.0413329
0.0404346
0.0395462
0.0386679
0.0377998
0.0369422
0.0360952
0.0352591
0.0344339
0.0336198
0.032817
0.0320255
0.0312455
0.030477
0.0297201
0.028975
0.0282417
0.0275202
0.0268106
0.0261129
0.0254272
0.0247534
0.0240916
0.0234418
0.0228039
0.022178
0.021564
0.0209618
0.0203716
0.0197931
0.0192263
0.0186712
0.0181277
0.0175957
0.0170752
0.016566
0.0160681
0.0155813
0.0151056
0.0146409
0.014187
0.0137438
0.0133112
0.012889
0.0124772
0.0120756
0.0116841
0.0113025
0.0109308
0.0105686
0.010216
0.00987271
0.00953864
0.00921362
0.0088975
0.00859013
0.00829136
0.00800102
0.00771897
0.00744504
0.00717908
0.00692093
0.00667043
0.00642743
0.00619177
0.0059633
0.00574185
0.00552728
0.00531943
0.00511814
0.00492327
0.00473467
0.00455217
0.00437564
0.00420493
0.0040399
0.00388039
0.00372628
0.0035774
0.00343364
0.00329486
0.0031609
0.00303166
0.00290699
0.00278677
0.00267086
0.00255915
0.00245152
0.00234784
0.00224799
0.00215187
0.00205935
0.00197033
0.0018847
0.00180235
0.00172318
0.00164708
0.00157396
0.00150371
0.00143626
0.00137149
0.00130932
0.00124967
0.00119244
0.00113756
0.00108494
0.0010345
0.00098616
0.000939853
0.000895501
0.000853034
0.000812382
0.000773479
0.000736259
0.000700659
0.000666618
0.000634076
0.000602975
0.000573259
0.000544875
0.00051777
0.000491893
0.000467196
0.00044363
0.00042115
0.000399711
0.000379271
0.000359789
0.000341224
0.000323538
0.000306694
0.000290656
0.000275389
0.00026086
0.000247038
0.000233891
0.000221389
0.000209505
0.00019821
0.000187478
0.000177284
0.000167604
0.000158413
0.00014969
0.000141412
0.00013356
0.000126113
0.000119052
0.000112359
0.000106016
0.000100007
9.4316e-05
8.89267e-05
8.3825e-05
7.89966e-05
7.44282e-05
7.01068e-05
6.60202e-05
6.21567e-05
5.8505e-05
5.50543e-05
5.17946e-05
4.87159e-05
4.58091e-05
4.30652e-05
4.04758e-05
3.80327e-05
0.106323
0.106297
0.106245
0.106168
0.106064
0.105935
0.105779
0.105599
0.105393
0.105161
0.104905
0.104624
0.104318
0.103987
0.103632
0.103253
0.102851
0.102425
0.101976
0.101504
0.101009
0.100493
0.0999546
0.0993949
0.0988142
0.0982129
0.0975915
0.0969503
0.0962898
0.0956105
0.0949127
0.0941971
0.0934641
0.0927141
0.0919477
0.0911653
0.0903676
0.089555
0.088728
0.0878872
0.0870331
0.0861662
0.0852872
0.0843965
0.0834948
0.0825825
0.0816602
0.0807286
0.0797881
0.0788393
0.0778827
0.076919
0.0759487
0.0749723
0.0739903
0.0730035
0.0720122
0.071017
0.0700184
0.0690171
0.0680135
0.0670081
0.0660014
0.0649941
0.0639864
0.062979
0.0619724
0.0609669
0.0599631
0.0589614
0.0579624
0.0569663
0.0559737
0.0549849
0.0540005
0.0530207
0.052046
0.0510767
0.0501133
0.049156
0.0482052
0.0472613
0.0463246
0.0453953
0.0444738
0.0435604
0.0426554
0.0417589
0.0408713
0.0399928
0.0391237
0.038264
0.0374142
0.0365743
0.0357445
0.034925
0.0341159
0.0333175
0.0325298
0.031753
0.0309872
0.0302324
0.0294889
0.0287566
0.0280356
0.0273261
0.026628
0.0259414
0.0252663
0.0246028
0.0239509
0.0233105
0.0226818
0.0220646
0.0214589
0.0208648
0.0202822
0.0197111
0.0191513
0.0186029
0.0180658
0.01754
0.0170252
0.0165216
0.0160289
0.0155471
0.0150762
0.0146159
0.0141662
0.013727
0.0132982
0.0128796
0.0124711
0.0120727
0.0116841
0.0113053
0.0109361
0.0105764
0.010226
0.00988477
0.00955262
0.00922938
0.0089149
0.00860903
0.00831163
0.00802254
0.00774161
0.0074687
0.00720366
0.00694632
0.00669654
0.00645416
0.00621904
0.00599103
0.00576996
0.00555569
0.00534808
0.00514696
0.0049522
0.00476365
0.00458116
0.00440458
0.00423378
0.0040686
0.00390892
0.00375458
0.00360546
0.00346142
0.00332232
0.00318803
0.00305842
0.00293337
0.00281274
0.00269641
0.00258427
0.00247618
0.00237204
0.00227172
0.00217511
0.0020821
0.00199258
0.00190645
0.00182359
0.00174391
0.00166731
0.00159368
0.00152293
0.00145496
0.00138969
0.00132702
0.00126687
0.00120915
0.00115378
0.00110068
0.00104976
0.00100096
0.000954187
0.000909381
0.000866467
0.000825377
0.000786043
0.000748402
0.000712388
0.000677943
0.000645005
0.000613518
0.000583425
0.000554673
0.000527209
0.000500983
0.000475945
0.000452048
0.000429247
0.000407495
0.000386752
0.000366975
0.000348124
0.000330161
0.000313048
0.00029675
0.000281232
0.00026646
0.000252403
0.000239028
0.000226308
0.000214211
0.000202712
0.000191784
0.0001814
0.000171536
0.00016217
0.000153277
0.000144837
0.000136827
0.00012923
0.000122024
0.000115192
0.000108716
0.000102579
9.6765e-05
9.12581e-05
8.60436e-05
8.11072e-05
7.64354e-05
7.20151e-05
6.78338e-05
6.38797e-05
6.01415e-05
5.66081e-05
5.32694e-05
5.01153e-05
4.71365e-05
4.43239e-05
4.16689e-05
3.91635e-05
3.67997e-05
0.102851
0.102826
0.102776
0.1027
0.1026
0.102475
0.102325
0.10215
0.101951
0.101727
0.101479
0.101207
0.100911
0.100591
0.100248
0.0998814
0.099492
0.0990799
0.0986455
0.0981889
0.0977107
0.097211
0.0966903
0.0961488
0.0955871
0.0950055
0.0944043
0.0937841
0.0931452
0.092488
0.0918131
0.0911208
0.0904117
0.0896862
0.0889448
0.0881881
0.0874164
0.0866303
0.0858303
0.0850169
0.0841907
0.0833522
0.0825019
0.0816403
0.080768
0.0798855
0.0789934
0.0780922
0.0771824
0.0762645
0.0753392
0.074407
0.0734683
0.0725238
0.071574
0.0706193
0.0696604
0.0686977
0.0677318
0.0667631
0.0657923
0.0648197
0.063846
0.0628715
0.0618968
0.0609223
0.0599485
0.0589758
0.0580048
0.0570359
0.0560694
0.0551059
0.0541457
0.0531893
0.0522369
0.0512892
0.0503463
0.0494087
0.0484767
0.0475507
0.046631
0.0457179
0.0448117
0.0439128
0.0430214
0.0421378
0.0412623
0.0403952
0.0395365
0.0386867
0.037846
0.0370144
0.0361923
0.0353798
0.0345771
0.0337844
0.0330018
0.0322294
0.0314675
0.030716
0.0299752
0.0292451
0.0285258
0.0278174
0.02712
0.0264336
0.0257583
0.0250942
0.0244412
0.0237993
0.0231687
0.0225493
0.021941
0.021344
0.0207581
0.0201834
0.0196199
0.0190673
0.0185259
0.0179954
0.0174758
0.0169671
0.0164692
0.015982
0.0155054
0.0150394
0.0145838
0.0141386
0.0137036
0.0132787
0.0128639
0.012459
0.0120639
0.0116784
0.0113025
0.0109361
0.0105789
0.010231
0.00989201
0.00956195
0.00924065
0.00892796
0.00862375
0.00832787
0.00804018
0.00776054
0.00748879
0.00722479
0.0069684
0.00671947
0.00647784
0.00624338
0.00601594
0.00579537
0.00558152
0.00537426
0.00517342
0.00497888
0.00479048
0.00460808
0.00443155
0.00426074
0.00409551
0.00393573
0.00378126
0.00363197
0.00348772
0.00334838
0.00321382
0.00308392
0.00295854
0.00283757
0.00272088
0.00260835
0.00249987
0.00239531
0.00229457
0.00219753
0.00210407
0.0020141
0.00192751
0.00184419
0.00176404
0.00168696
0.00161286
0.00154163
0.00147319
0.00140745
0.00134431
0.00128369
0.0012255
0.00116967
0.0011161
0.00106473
0.00101548
0.000968267
0.000923025
0.000879682
0.00083817
0.000798422
0.000760373
0.00072396
0.000689123
0.000655803
0.00062394
0.000593482
0.000564372
0.000536559
0.000509992
0.000484622
0.000460402
0.000437285
0.000415228
0.000394187
0.000374121
0.00035499
0.000336755
0.000319379
0.000302825
0.000287059
0.000272048
0.000257758
0.00024416
0.000231222
0.000218917
0.000207216
0.000196092
0.00018552
0.000175476
0.000165934
0.000156874
0.000148271
0.000140106
0.000132359
0.000125009
0.000118039
0.00011143
0.000105166
9.92292e-05
9.36049e-05
8.82778e-05
8.32336e-05
7.84584e-05
7.39392e-05
6.96632e-05
6.56185e-05
6.17936e-05
5.81774e-05
5.47594e-05
5.15297e-05
4.84786e-05
4.55971e-05
4.28764e-05
4.03081e-05
3.78845e-05
3.55979e-05
0.0994677
0.0994434
0.0993949
0.0993221
0.0992251
0.0991041
0.098959
0.0987901
0.0985973
0.0983809
0.098141
0.0978778
0.0975915
0.0972822
0.0969503
0.0965959
0.0962193
0.0958208
0.0954006
0.0949591
0.0944966
0.0940133
0.0935097
0.0929861
0.0924429
0.0918804
0.091299
0.0906991
0.0900812
0.0894457
0.088793
0.0881235
0.0874377
0.0867361
0.0860191
0.0852872
0.0845409
0.0837806
0.083007
0.0822204
0.0814214
0.0806104
0.0797881
0.0789548
0.0781112
0.0772578
0.076395
0.0755234
0.0746435
0.0737559
0.072861
0.0719594
0.0710517
0.0701382
0.0692196
0.0682964
0.067369
0.066438
0.0655038
0.064567
0.0636281
0.0626876
0.0617458
0.0608034
0.0598607
0.0589183
0.0579765
0.0570359
0.0560968
0.0551597
0.0542251
0.0532932
0.0523646
0.0514396
0.0505187
0.049602
0.0486902
0.0477834
0.0468821
0.0459865
0.0450971
0.044214
0.0433377
0.0424683
0.0416063
0.0407518
0.039905
0.0390664
0.038236
0.0374142
0.0366011
0.0357969
0.0350018
0.034216
0.0334397
0.0326731
0.0319162
0.0311693
0.0304324
0.0297056
0.0289892
0.0282831
0.0275875
0.0269024
0.0262279
0.0255641
0.024911
0.0242687
0.0236372
0.0230165
0.0224066
0.0218075
0.0212193
0.0206419
0.0200753
0.0195195
0.0189745
0.0184401
0.0179165
0.0174035
0.016901
0.016409
0.0159275
0.0154563
0.0149954
0.0145447
0.0141041
0.0136735
0.0132528
0.0128419
0.0124407
0.0120491
0.011667
0.0112943
0.0109308
0.0105764
0.010231
0.00989443
0.00956662
0.00924742
0.00893669
0.00863429
0.00834008
0.00805394
0.00777571
0.00750526
0.00724245
0.00698714
0.00673918
0.00649844
0.00626476
0.00603801
0.00581805
0.00560474
0.00539792
0.00519747
0.00500325
0.0048151
0.0046329
0.0044565
0.00428578
0.00412058
0.00396079
0.00380627
0.00365688
0.0035125
0.00337299
0.00323823
0.0031081
0.00298247
0.00286122
0.00274423
0.00263138
0.00252256
0.00241764
0.00231652
0.00221909
0.00212524
0.00203486
0.00194785
0.00186411
0.00178353
0.00170601
0.00163147
0.0015598
0.00149092
0.00142473
0.00136115
0.00130009
0.00124146
0.00118519
0.00113119
0.00107939
0.00102971
0.000982076
0.000936417
0.000892663
0.000850746
0.000810599
0.000772158
0.000735361
0.000700146
0.000666455
0.00063423
0.000603417
0.00057396
0.000545807
0.000518909
0.000493216
0.000468681
0.000445257
0.000422901
0.00040157
0.000381221
0.000361815
0.000343313
0.000325678
0.000308873
0.000292864
0.000277616
0.000263099
0.000249279
0.000236128
0.000223616
0.000211716
0.000200399
0.000189642
0.000179418
0.000169704
0.000160476
0.000151713
0.000143394
0.000135498
0.000128005
0.000120897
0.000114156
0.000107765
0.000101706
9.59651e-05
9.05258e-05
8.5374e-05
8.04957e-05
7.58776e-05
7.1507e-05
6.73717e-05
6.346e-05
5.97609e-05
5.62637e-05
5.29582e-05
4.98347e-05
4.6884e-05
4.40972e-05
4.1466e-05
3.89822e-05
3.66383e-05
3.44269e-05
0.0961723
0.0961488
0.0961019
0.0960315
0.0959378
0.0958208
0.0956805
0.0955171
0.0953308
0.0951215
0.0948896
0.0946351
0.0943582
0.0940592
0.0937383
0.0933956
0.0930315
0.0926462
0.09224
0.0918131
0.0913659
0.0908986
0.0904117
0.0899055
0.0893802
0.0888363
0.0882742
0.0876943
0.0870968
0.0864823
0.0858512
0.0852039
0.0845409
0.0838625
0.0831693
0.0824616
0.08174
0.081005
0.0802569
0.0794964
0.0787239
0.0779398
0.0771447
0.076339
0.0755234
0.0746982
0.073864
0.0730213
0.0721706
0.0713123
0.0704471
0.0695754
0.0686977
0.0678145
0.0669263
0.0660337
0.065137
0.0642369
0.0633337
0.0624279
0.0615201
0.0606107
0.0597002
0.058789
0.0578775
0.0569663
0.0560557
0.0551463
0.0542383
0.0533323
0.0524286
0.0515276
0.0506298
0.0497354
0.048845
0.0479587
0.0470771
0.0462003
0.0453289
0.044463
0.043603
0.0427492
0.0419019
0.0410614
0.0402278
0.0394016
0.038583
0.0377721
0.0369693
0.0361746
0.0353885
0.0346109
0.0338422
0.0330824
0.0323319
0.0315906
0.0308588
0.0301366
0.0294241
0.0287215
0.0280288
0.0273461
0.0266735
0.0260111
0.025359
0.0247172
0.0240857
0.0234647
0.0228541
0.0222539
0.0216642
0.021085
0.0205163
0.019958
0.0194102
0.0188728
0.0183458
0.0178292
0.0173229
0.0168269
0.0163411
0.0158654
0.0153998
0.0149442
0.0144986
0.0140628
0.0136368
0.0132205
0.0128137
0.0124165
0.0120286
0.0116499
0.0112805
0.0109201
0.0105686
0.010226
0.00989201
0.00956662
0.00924968
0.00894105
0.00864061
0.00834823
0.00806377
0.00778711
0.0075181
0.00725661
0.00700251
0.00675565
0.00651591
0.00628314
0.00605721
0.00583797
0.0056253
0.00541905
0.00521909
0.00502528
0.00483749
0.00465557
0.00447941
0.00430886
0.00414379
0.00398407
0.00382957
0.00368017
0.00353573
0.00339613
0.00326124
0.00313095
0.00300513
0.00288366
0.00276643
0.00265331
0.0025442
0.00243898
0.00233754
0.00223978
0.00214557
0.00205483
0.00196745
0.00188332
0.00180235
0.00172444
0.00164949
0.00157742
0.00150813
0.00144153
0.00137753
0.00131605
0.00125701
0.00120033
0.00114592
0.00109371
0.00104363
0.000995595
0.000949539
0.000905393
0.000863089
0.000822561
0.000783744
0.000746577
0.000710998
0.00067695
0.000644375
0.000613218
0.000583425
0.000554944
0.000527725
0.000501718
0.000476876
0.000453153
0.000430506
0.000408891
0.000388266
0.000368591
0.000349828
0.000331939
0.000314888
0.00029864
0.000283161
0.000268419
0.000254382
0.000241021
0.000228305
0.000216208
0.000204702
0.00019376
0.000183359
0.000173474
0.000164081
0.000155159
0.000146687
0.000138643
0.000131009
0.000123764
0.000116892
0.000110374
0.000104195
9.83368e-05
9.27858e-05
8.75267e-05
8.25455e-05
7.78288e-05
7.33638e-05
6.9138e-05
6.51397e-05
6.13576e-05
5.7781e-05
5.43997e-05
5.12037e-05
4.81837e-05
4.53307e-05
4.26363e-05
4.00922e-05
3.76907e-05
3.54245e-05
3.32863e-05
0.0929634
0.0929407
0.0928953
0.0928273
0.0927367
0.0926236
0.092488
0.0923301
0.0921499
0.0919477
0.0917235
0.0914775
0.0912099
0.0909208
0.0906106
0.0902794
0.0899274
0.089555
0.0891623
0.0887496
0.0883173
0.0878657
0.087395
0.0869057
0.0863979
0.0858722
0.0853288
0.0847682
0.0841907
0.0835968
0.0829867
0.082361
0.0817201
0.0810643
0.0803942
0.0797102
0.0790127
0.0783022
0.0775791
0.0768439
0.0760971
0.0753392
0.0745706
0.0737919
0.0730035
0.0722058
0.0713994
0.0705848
0.0697625
0.0689329
0.0680966
0.0672539
0.0664055
0.0655518
0.0646933
0.0638304
0.0629636
0.0620935
0.0612205
0.0603449
0.0594674
0.0585884
0.0577082
0.0568274
0.0559464
0.0550656
0.0541854
0.0533063
0.0524286
0.0515528
0.0506792
0.0498083
0.0489405
0.048076
0.0472152
0.0463585
0.0455063
0.0446588
0.0438164
0.0429794
0.0421481
0.0413228
0.0405038
0.0396913
0.0388856
0.038087
0.0372956
0.0365118
0.0357357
0.0349676
0.0342077
0.0334561
0.032713
0.0319786
0.0312531
0.0305366
0.0298292
0.0291311
0.0284424
0.0277632
0.0270936
0.0264336
0.0257835
0.0251432
0.0245129
0.0238925
0.0232821
0.0226818
0.0220915
0.0215114
0.0209414
0.0203815
0.0198317
0.0192921
0.0187626
0.0182431
0.0177337
0.0172343
0.0167449
0.0162654
0.0157958
0.015336
0.014886
0.0144456
0.0140148
0.0135936
0.0131818
0.0127794
0.0123862
0.0120022
0.0116272
0.0112612
0.0109041
0.0105557
0.010216
0.00988477
0.00956195
0.00924742
0.00894105
0.00864272
0.00835231
0.00806968
0.00779472
0.00752728
0.00726725
0.00701449
0.00676886
0.00653024
0.0062985
0.0060735
0.0058551
0.00564318
0.00543761
0.00523824
0.00504495
0.00485761
0.00467608
0.00450024
0.00432995
0.00416509
0.00400553
0.00385114
0.00370179
0.00355737
0.00341775
0.00328281
0.00315243
0.00302648
0.00290486
0.00278745
0.00267412
0.00256478
0.00245931
0.0023576
0.00225955
0.00216504
0.00207398
0.00198627
0.0019018
0.00182048
0.00174221
0.0016669
0.00159446
0.00152479
0.00145781
0.00139343
0.00133157
0.00127214
0.00121507
0.00116028
0.00110769
0.00105722
0.00100881
0.000962375
0.000917857
0.000875184
0.000834291
0.000795115
0.000757593
0.000721666
0.000687275
0.000654363
0.000622875
0.000592758
0.000563959
0.000536428
0.000510116
0.000484977
0.000460964
0.000438033
0.000416142
0.000395247
0.000375311
0.000356293
0.000338156
0.000320864
0.000304381
0.000288675
0.000273713
0.000259463
0.000245895
0.000232979
0.000220688
0.000208994
0.000197871
0.000187295
0.000177241
0.000167685
0.000158606
0.000149982
0.000141793
0.000134017
0.000126637
0.000119635
0.000112992
0.000106692
0.000100718
9.50557e-05
8.96899e-05
8.46062e-05
7.97913e-05
7.5232e-05
7.09159e-05
6.68311e-05
6.29662e-05
5.93103e-05
5.58531e-05
5.25845e-05
4.94952e-05
4.65759e-05
4.38182e-05
4.12137e-05
3.87545e-05
3.64331e-05
3.42425e-05
3.21757e-05
0.0898396
0.0898177
0.0897739
0.0897081
0.0896206
0.0895112
0.0893802
0.0892276
0.0890535
0.088858
0.0886414
0.0884036
0.088145
0.0878657
0.0875659
0.0872458
0.0869057
0.0865457
0.0861662
0.0857674
0.0853497
0.0849132
0.0844584
0.0839854
0.0834948
0.0829867
0.0824616
0.0819198
0.0813617
0.0807877
0.0801982
0.0795935
0.0789741
0.0783404
0.0776928
0.0770318
0.0763577
0.075671
0.0749723
0.0742618
0.0735401
0.0728077
0.0720649
0.0713123
0.0705504
0.0697795
0.0690003
0.068213
0.0674183
0.0666166
0.0658084
0.0649941
0.0641742
0.0633491
0.0625194
0.0616856
0.0608479
0.060007
0.0591633
0.0583172
0.0574692
0.0566197
0.0557691
0.0549179
0.0540664
0.0532152
0.0523646
0.051515
0.0506669
0.0498205
0.0489763
0.0481347
0.047296
0.0464605
0.0456287
0.0448008
0.0439772
0.0431582
0.0423441
0.0415352
0.0407319
0.0399343
0.0391428
0.0383576
0.037579
0.0368072
0.0360424
0.0352849
0.0345349
0.0337926
0.0330582
0.0323319
0.0316138
0.0309041
0.0302029
0.0295105
0.0288269
0.0281522
0.0274866
0.0268303
0.0261832
0.0255454
0.0249171
0.0242984
0.0236892
0.0230896
0.0224998
0.0219196
0.0213492
0.0207886
0.0202377
0.0196966
0.0191654
0.0186439
0.0181321
0.0176301
0.0171378
0.0166552
0.0161822
0.0157189
0.015265
0.0148207
0.0143858
0.0139602
0.0135439
0.0131368
0.0127389
0.0123499
0.01197
0.0115989
0.0112365
0.0108828
0.0105377
0.010201
0.00987271
0.00955262
0.00924065
0.00893669
0.00864061
0.00835231
0.00807165
0.00779852
0.0075328
0.00727435
0.00702305
0.00677878
0.00654141
0.00631081
0.00608686
0.00586941
0.00565836
0.00545356
0.00525489
0.00506222
0.00487543
0.00469438
0.00451895
0.00434902
0.00418445
0.00402513
0.00387093
0.00372173
0.0035774
0.00343784
0.00330291
0.0031725
0.0030465
0.00292479
0.00280725
0.00269378
0.00258427
0.0024786
0.00237667
0.00227838
0.00218362
0.00209229
0.00200429
0.00191953
0.0018379
0.00175931
0.00168367
0.00161089
0.00154088
0.00147355
0.00140882
0.00134661
0.00128682
0.0012294
0.00117424
0.00112129
0.00107047
0.0010217
0.000974909
0.000930038
0.000887015
0.000845776
0.000806257
0.000768397
0.000732137
0.000697417
0.000664181
0.000632375
0.000601945
0.00057284
0.000545008
0.000518403
0.000492975
0.000468681
0.000445475
0.000423315
0.000402158
0.000381966
0.000362699
0.00034432
0.000326793
0.000310082
0.000294154
0.000278975
0.000264516
0.000250744
0.000237632
0.00022515
0.000213272
0.000201971
0.000191223
0.000181002
0.000171285
0.000162051
0.000153277
0.000144943
0.000137028
0.000129514
0.000122382
0.000115615
0.000109195
0.000103106
9.73337e-05
9.18616e-05
8.66761e-05
8.17633e-05
7.71101e-05
7.2704e-05
6.8533e-05
6.45854e-05
6.08504e-05
5.73174e-05
5.39763e-05
5.08176e-05
4.7832e-05
4.50109e-05
4.23458e-05
3.98288e-05
3.74522e-05
3.52089e-05
3.30919e-05
3.10945e-05
0.0867996
0.0867784
0.0867361
0.0866726
0.086588
0.0864823
0.0863558
0.0862083
0.0860401
0.0858512
0.0856419
0.0854122
0.0851624
0.0848925
0.0846028
0.0842936
0.0839649
0.0836172
0.0832505
0.0828652
0.0824616
0.0820399
0.0816005
0.0811435
0.0806695
0.0801786
0.0796713
0.0791478
0.0786086
0.078054
0.0774844
0.0769002
0.0763018
0.0756895
0.0750638
0.0744251
0.0737739
0.0731105
0.0724353
0.0717489
0.0710517
0.070344
0.0696264
0.0688993
0.0681631
0.0674183
0.0666654
0.0659048
0.065137
0.0643624
0.0635815
0.0627948
0.0620026
0.0612055
0.0604039
0.0595982
0.058789
0.0579765
0.0571613
0.0563439
0.0555245
0.0547038
0.053882
0.0530596
0.0522369
0.0514145
0.0505927
0.0497719
0.0489524
0.0481347
0.0473191
0.0465059
0.0456955
0.0448884
0.0440847
0.0432848
0.0424891
0.0416978
0.0409113
0.0401298
0.0393536
0.038583
0.0378183
0.0370596
0.0363074
0.0355617
0.0348228
0.034091
0.0333663
0.0326492
0.0319396
0.0312378
0.030544
0.0298583
0.0291809
0.0285119
0.0278514
0.0271996
0.0265565
0.0259224
0.0252972
0.024681
0.024074
0.0234762
0.0228876
0.0223083
0.0217384
0.0211779
0.0206268
0.0200851
0.0195529
0.0190301
0.0185168
0.018013
0.0175186
0.0170335
0.0165579
0.0160916
0.0156347
0.015187
0.0147485
0.0143192
0.013899
0.0134878
0.0130856
0.0126923
0.0123078
0.011932
0.0115649
0.0112064
0.0108563
0.0105146
0.0101811
0.00985585
0.00953864
0.00922938
0.00892796
0.00863429
0.00834823
0.00806968
0.00779852
0.00753464
0.0072779
0.0070282
0.00678541
0.0065494
0.00632006
0.00609727
0.00588089
0.0056708
0.00546689
0.00526902
0.00507707
0.00489093
0.00471045
0.00453553
0.00436604
0.00420186
0.00404286
0.00388893
0.00373995
0.00359579
0.00345635
0.00332151
0.00319115
0.00306515
0.00294341
0.00282582
0.00271226
0.00260263
0.00249682
0.00239473
0.00229625
0.00220129
0.00210973
0.00202149
0.00193647
0.00185457
0.00177571
0.00169978
0.0016267
0.00155638
0.00148874
0.00142369
0.00136115
0.00130104
0.00124328
0.00118779
0.00113451
0.00108335
0.00103424
0.000987124
0.00094192
0.000898567
0.000857
0.000817156
0.000778975
0.000742396
0.000707363
0.000673817
0.000641707
0.000610977
0.000581576
0.000553456
0.000526566
0.000500861
0.000476294
0.000452822
0.000430401
0.00040899
0.00038855
0.000369041
0.000350426
0.000332669
0.000315735
0.000299589
0.0002842
0.000269535
0.000255565
0.00024226
0.000229591
0.000217532
0.000206055
0.000195137
0.000184752
0.000174877
0.000165489
0.000156567
0.00014809
0.000140038
0.000132391
0.000125132
0.000118241
0.000111703
0.0001055
9.96175e-05
9.40401e-05
8.87532e-05
8.37431e-05
7.89966e-05
7.45009e-05
7.02439e-05
6.62139e-05
6.24e-05
5.87913e-05
5.53779e-05
5.21499e-05
4.9098e-05
4.62135e-05
4.34878e-05
4.09129e-05
3.84811e-05
3.61849e-05
3.40175e-05
3.19721e-05
3.00423e-05
0.083842
0.0838216
0.0837806
0.0837193
0.0836376
0.0835356
0.0834133
0.0832708
0.0831084
0.082926
0.0827238
0.0825019
0.0822605
0.0819999
0.0817201
0.0814214
0.0811039
0.080768
0.0804139
0.0800417
0.0796518
0.0792445
0.07882
0.0783787
0.0779208
0.0774466
0.0769566
0.0764509
0.0759301
0.0753944
0.0748442
0.0742799
0.0737019
0.0731105
0.0725061
0.0718892
0.0712601
0.0706193
0.0699672
0.0693042
0.0686306
0.0679471
0.0672539
0.0665516
0.0658405
0.0651211
0.0643939
0.0636592
0.0629175
0.0621694
0.0614151
0.0606551
0.0598899
0.05912
0.0583457
0.0575675
0.0567858
0.056001
0.0552136
0.054424
0.0536326
0.0528398
0.052046
0.0512516
0.050457
0.0496626
0.0488688
0.048076
0.0472844
0.0464945
0.0457067
0.0449213
0.0441385
0.0433588
0.0425825
0.0418099
0.0410413
0.040277
0.0395172
0.0387624
0.0380126
0.0372683
0.0365296
0.0357969
0.0350702
0.0343499
0.0336363
0.0329293
0.0322294
0.0315367
0.0308513
0.0301734
0.0295033
0.0288409
0.0281866
0.0275404
0.0269024
0.0262728
0.0256517
0.0250391
0.0244352
0.02384
0.0232537
0.0226762
0.0221077
0.0215482
0.0209977
0.0204563
0.019924
0.0194007
0.0188867
0.0183817
0.0178859
0.0173992
0.0169216
0.0164531
0.0159937
0.0155433
0.0151019
0.0146695
0.014246
0.0138313
0.0134254
0.0130282
0.0126397
0.0122598
0.0118884
0.0115255
0.0111709
0.0108245
0.0104864
0.0101563
0.00983422
0.00952002
0.00921362
0.0089149
0.00862375
0.00834008
0.00806377
0.00779472
0.0075328
0.0072779
0.00702992
0.00678872
0.0065542
0.00632624
0.00610472
0.00588951
0.0056805
0.00547758
0.00528061
0.00508949
0.00490408
0.00472427
0.00454995
0.00438099
0.00421727
0.00405868
0.0039051
0.00375642
0.00361251
0.00347327
0.00333858
0.00320833
0.00308241
0.00296071
0.00284312
0.00272953
0.00261984
0.00251395
0.00241174
0.00231313
0.00221801
0.00212628
0.00203785
0.00195261
0.00187049
0.00179138
0.0017152
0.00164186
0.00157127
0.00150335
0.00143801
0.00137518
0.00131477
0.00125671
0.00120092
0.00114732
0.00109585
0.00104644
0.000999003
0.000953488
0.000909825
0.000867949
0.000827799
0.000789313
0.000752432
0.0007171
0.00068326
0.000650858
0.000619841
0.000590158
0.00056176
0.000534597
0.000508624
0.000483795
0.000460065
0.000437392
0.000415735
0.000395055
0.000375311
0.000356467
0.000338486
0.000321334
0.000304976
0.000289381
0.000274516
0.000260351
0.000246857
0.000234005
0.000221768
0.000210119
0.000199034
0.000188488
0.000178457
0.000168918
0.00015985
0.000151233
0.000143044
0.000135266
0.00012788
0.000120868
0.000114212
0.000107896
0.000101905
9.62232e-05
9.08358e-05
8.5729e-05
8.08897e-05
7.63049e-05
7.19623e-05
6.78504e-05
6.39578e-05
6.02738e-05
5.67881e-05
5.34909e-05
5.03729e-05
4.74251e-05
4.46388e-05
4.2006e-05
3.95188e-05
3.71699e-05
3.4952e-05
3.28584e-05
3.08827e-05
2.90187e-05
0.0809654
0.0809457
0.0809062
0.0808469
0.080768
0.0806695
0.0805514
0.0804139
0.0802569
0.0800808
0.0798855
0.0796713
0.0794382
0.0791865
0.0789163
0.0786278
0.0783213
0.0779969
0.0776549
0.0772955
0.076919
0.0765256
0.0761157
0.0756895
0.0752473
0.0747894
0.0743162
0.0738279
0.073325
0.0728077
0.0722764
0.0717314
0.0711732
0.0706021
0.0700184
0.0694227
0.0688152
0.0681964
0.0675666
0.0669263
0.0662759
0.0656159
0.0649465
0.0642682
0.0635815
0.0628868
0.0621845
0.0614751
0.0607589
0.0600363
0.0593079
0.0585741
0.0578351
0.0570916
0.0563439
0.0555924
0.0548375
0.0540796
0.0533193
0.0525567
0.0517925
0.0510269
0.0502603
0.0494932
0.0487259
0.0479587
0.0471921
0.0464265
0.0456621
0.0448993
0.0441385
0.04338
0.0426241
0.0418712
0.0411215
0.0403754
0.0396332
0.0388951
0.0381614
0.0374325
0.0367084
0.0359896
0.0352763
0.0345687
0.033867
0.0331714
0.0324822
0.0317995
0.0311236
0.0304547
0.0297928
0.0291382
0.028491
0.0278514
0.0272195
0.0265955
0.0259794
0.0253714
0.0247716
0.02418
0.0235968
0.0230221
0.0224559
0.0218982
0.0213492
0.0208089
0.0202773
0.0197544
0.0192404
0.0187351
0.0182387
0.017751
0.0172722
0.0168022
0.0163411
0.0158886
0.015445
0.01501
0.0145838
0.0141662
0.0137572
0.0133567
0.0129648
0.0125812
0.0122061
0.0118392
0.0114805
0.01113
0.0107876
0.0104531
0.0101266
0.00980784
0.00949681
0.00919339
0.0088975
0.00860903
0.00832787
0.00805394
0.00778711
0.00752728
0.00727435
0.0070282
0.00678872
0.0065558
0.00632933
0.00610919
0.00589526
0.00568744
0.00548561
0.00528964
0.00509944
0.00491487
0.00473582
0.00456218
0.00439384
0.00423068
0.00407258
0.00391943
0.00377112
0.00362754
0.00348857
0.0033541
0.00322404
0.00309825
0.00297665
0.00285913
0.00274557
0.00263588
0.00252996
0.0024277
0.002329
0.00223377
0.00214191
0.00205333
0.00196793
0.00188562
0.00180631
0.00172992
0.00165635
0.00158553
0.00151736
0.00145177
0.00138867
0.001328
0.00126966
0.00121359
0.00115971
0.00110796
0.00105825
0.00101053
0.000964728
0.000920774
0.000878609
0.00083817
0.000799397
0.000762231
0.000726616
0.000692496
0.000659817
0.000628527
0.000598575
0.00056991
0.000542486
0.000516256
0.000491173
0.000467196
0.00044428
0.000422385
0.000401472
0.0003815
0.000362434
0.000344236
0.000326873
0.000310309
0.000294513
0.000279453
0.000265098
0.000251419
0.000238387
0.000225976
0.000214159
0.00020291
0.000192205
0.000182021
0.000172334
0.000163123
0.000154366
0.000146044
0.000138137
0.000130625
0.000123493
0.000116721
0.000110293
0.000104195
9.84089e-05
9.29218e-05
8.77192e-05
8.27877e-05
7.81144e-05
7.36869e-05
6.94933e-05
6.55225e-05
6.17634e-05
5.82058e-05
5.48397e-05
5.16557e-05
4.86446e-05
4.57979e-05
4.31073e-05
4.05648e-05
3.8163e-05
3.58946e-05
3.37528e-05
3.1731e-05
2.98231e-05
2.80231e-05
0.0781685
0.0781494
0.0781112
0.078054
0.0779778
0.0778827
0.0777687
0.0776359
0.0774844
0.0773144
0.0771258
0.076919
0.076694
0.0764509
0.0761901
0.0759116
0.0756156
0.0753024
0.0749723
0.0746253
0.0742618
0.073882
0.0734863
0.0730748
0.0726479
0.0722058
0.0717489
0.0712775
0.0707919
0.0702925
0.0697795
0.0692534
0.0687145
0.0681631
0.0675996
0.0670245
0.066438
0.0658405
0.0652325
0.0646143
0.0639864
0.0633491
0.0627029
0.0620481
0.0613851
0.0607144
0.0600363
0.0593514
0.0586599
0.0579624
0.0572591
0.0565506
0.0558372
0.0551194
0.0543975
0.0536719
0.0529431
0.0522114
0.0514773
0.0507411
0.0500033
0.0492641
0.048524
0.0477834
0.0470426
0.046302
0.0455619
0.0448227
0.0440847
0.0433483
0.0426137
0.0418814
0.0411517
0.0404248
0.039701
0.0389806
0.038264
0.0375514
0.0368431
0.0361393
0.0354403
0.0347464
0.0340577
0.0333745
0.032697
0.0320255
0.0313601
0.030701
0.0300485
0.0294026
0.0287636
0.0281316
0.0275068
0.0268893
0.0262792
0.0256767
0.0250819
0.0244949
0.0239158
0.0233447
0.0227817
0.0222268
0.0216801
0.0211417
0.0206117
0.02009
0.0195768
0.019072
0.0185757
0.0180879
0.0176086
0.0171378
0.0166756
0.0162218
0.0157765
0.0153398
0.0149114
0.0144915
0.01408
0.0136768
0.0132819
0.0128953
0.0125169
0.0121466
0.0117844
0.0114302
0.0110839
0.0107455
0.0104149
0.010092
0.00977677
0.00946903
0.00916874
0.0088758
0.00859013
0.00831163
0.00804018
0.00777571
0.0075181
0.00726725
0.00702305
0.00678541
0.0065542
0.00632933
0.00611068
0.00589814
0.00569161
0.00549097
0.0052961
0.00510691
0.00492327
0.00474508
0.00457222
0.00440458
0.00424205
0.00408453
0.00393189
0.00378403
0.00364084
0.00350222
0.00336805
0.00323823
0.00311266
0.00299122
0.00287382
0.00276036
0.00265072
0.00254482
0.00244256
0.00234383
0.00224854
0.0021566
0.00206792
0.00198239
0.00189995
0.00182048
0.00174391
0.00167016
0.00159913
0.00153075
0.00146494
0.00140162
0.0013407
0.00128212
0.0012258
0.00117167
0.00111965
0.00106968
0.0010217
0.000975623
0.000931401
0.000888966
0.000848257
0.000809215
0.000771781
0.0007359
0.000701515
0.000668574
0.000637024
0.000606814
0.000577897
0.000550222
0.000523746
0.000498421
0.000474206
0.000451056
0.000428932
0.000407794
0.000387603
0.000368321
0.000349913
0.000332345
0.000315581
0.000299589
0.000284339
0.000269799
0.00025594
0.000242733
0.000230152
0.00021817
0.000206761
0.000195901
0.000185566
0.000175733
0.000166381
0.000157487
0.000149033
0.000140999
0.000133365
0.000126113
0.000119227
0.000112689
0.000106483
0.000100595
9.50093e-05
8.97118e-05
8.46889e-05
7.99278e-05
7.54159e-05
7.11413e-05
6.70927e-05
6.3259e-05
5.96297e-05
5.6195e-05
5.29452e-05
4.98712e-05
4.69642e-05
4.42158e-05
4.16181e-05
3.91635e-05
3.68446e-05
3.46546e-05
3.25868e-05
3.06349e-05
2.87929e-05
2.7055e-05
0.0754497
0.0754312
0.0753944
0.0753392
0.0752657
0.0751739
0.0750638
0.0749357
0.0747894
0.0746253
0.0744433
0.0742437
0.0740265
0.0737919
0.0735401
0.0732713
0.0729856
0.0726833
0.0723646
0.0720297
0.0716789
0.0713123
0.0709303
0.0705332
0.0701211
0.0696944
0.0692534
0.0687984
0.0683297
0.0678476
0.0673525
0.0668447
0.0663245
0.0657923
0.0652484
0.0646933
0.0641272
0.0635505
0.0629636
0.062367
0.0617609
0.0611458
0.060522
0.0598899
0.05925
0.0586027
0.0579482
0.0572871
0.0566197
0.0559464
0.0552676
0.0545837
0.0538951
0.0532022
0.0525054
0.0518051
0.0511017
0.0503955
0.0496869
0.0489763
0.0482641
0.0475507
0.0468363
0.0461215
0.0454064
0.0446915
0.0439772
0.0432637
0.0425514
0.0418406
0.0411316
0.0404248
0.0397204
0.0390187
0.0383201
0.0376249
0.0369332
0.0362454
0.0355617
0.0348824
0.0342077
0.0335379
0.0328731
0.0322137
0.0315598
0.0309116
0.0302694
0.0296332
0.0290033
0.0283799
0.0277632
0.0271532
0.0265501
0.025954
0.0253652
0.0247837
0.0242095
0.023643
0.023084
0.0225327
0.0219893
0.0214537
0.0209261
0.0204064
0.0198948
0.0193913
0.0188959
0.0184087
0.0179296
0.0174588
0.0169962
0.0165418
0.0160956
0.0156576
0.0152278
0.0148062
0.0143928
0.0139875
0.0135903
0.0132011
0.01282
0.0124468
0.0120815
0.0117241
0.0113745
0.0110326
0.0106984
0.0103718
0.0100527
0.00974103
0.00943672
0.00913968
0.00884984
0.00856709
0.00829136
0.00802254
0.00776054
0.00750526
0.00725661
0.00701449
0.00677878
0.0065494
0.00632624
0.00610919
0.00589814
0.005693
0.00549365
0.00529999
0.0051119
0.00492929
0.00475204
0.00458004
0.00441319
0.00425139
0.00409451
0.00394246
0.00379513
0.00365242
0.00351421
0.00338041
0.00325091
0.0031256
0.0030044
0.00288719
0.00277387
0.00266435
0.00255853
0.00245631
0.0023576
0.00226231
0.00217034
0.00208159
0.00199599
0.00191344
0.00183386
0.00175716
0.00168326
0.00161207
0.00154351
0.00147751
0.00141399
0.00135287
0.00129407
0.00123753
0.00118316
0.00113091
0.00108071
0.00103248
0.00098616
0.00094169
0.000899006
0.000858047
0.000818754
0.00078107
0.000744938
0.000710304
0.000677116
0.00064532
0.000614867
0.000585709
0.000557797
0.000531085
0.000505529
0.000481086
0.000457712
0.000435368
0.000414014
0.00039361
0.000374121
0.000355511
0.000337743
0.000320785
0.000304604
0.000289169
0.000274449
0.000260415
0.000247038
0.000234291
0.000222147
0.000210582
0.000199569
0.000189087
0.000179111
0.000169621
0.000160594
0.00015201
0.00014385
0.000136095
0.000128726
0.000121727
0.00011508
0.000108769
0.00010278
9.70963e-05
9.17048e-05
8.65915e-05
8.17433e-05
7.71478e-05
7.27928e-05
6.86669e-05
6.47591e-05
6.10587e-05
5.75558e-05
5.42405e-05
5.11037e-05
4.81366e-05
4.53307e-05
4.26779e-05
4.01706e-05
3.78013e-05
3.55631e-05
3.34493e-05
3.14534e-05
2.95694e-05
2.77914e-05
2.6114e-05
0.0728077
0.0727899
0.0727544
0.0727011
0.0726301
0.0725415
0.0724353
0.0723117
0.0721706
0.0720122
0.0718366
0.0716439
0.0714343
0.0712079
0.070965
0.0707056
0.0704299
0.0701382
0.0698307
0.0695075
0.0691689
0.0688152
0.0684466
0.0680633
0.0676657
0.0672539
0.0668284
0.0663893
0.065937
0.0654718
0.0649941
0.064504
0.064002
0.0634885
0.0629636
0.0624279
0.0618816
0.0613252
0.0607589
0.0601831
0.0595982
0.0590046
0.0584027
0.0577928
0.0571753
0.0565506
0.0559191
0.0552811
0.054637
0.0539873
0.0533323
0.0526724
0.0520079
0.0513393
0.0506669
0.0499911
0.0493123
0.0486308
0.047947
0.0472613
0.0465741
0.0458856
0.0451963
0.0445064
0.0438164
0.0431266
0.0424372
0.0417487
0.0410614
0.0403754
0.0396913
0.0390092
0.0383295
0.0376524
0.0369783
0.0363074
0.0356399
0.0349762
0.0343164
0.0336609
0.0330098
0.0323635
0.031722
0.0310857
0.0304547
0.0298292
0.0292094
0.0285955
0.0279877
0.0273862
0.026791
0.0262023
0.0256204
0.0250452
0.024477
0.0239158
0.0233618
0.0228151
0.0222757
0.0217437
0.0212193
0.0207025
0.0201933
0.0196918
0.0191981
0.0187123
0.0182342
0.017764
0.0173018
0.0168474
0.016401
0.0159625
0.015532
0.0151093
0.0146946
0.0142878
0.0138888
0.0134977
0.0131144
0.0127389
0.0123711
0.012011
0.0116585
0.0113136
0.0109762
0.0106463
0.0103238
0.0100086
0.00970068
0.00939993
0.00910628
0.00881964
0.00853995
0.0082671
0.00800102
0.00774161
0.00748879
0.00724245
0.00700251
0.00676886
0.00654141
0.00632006
0.00610472
0.00589526
0.00569161
0.00549365
0.00530128
0.0051144
0.0049329
0.00475668
0.00458564
0.00441966
0.00425866
0.00410252
0.00395113
0.00380441
0.00366224
0.00352452
0.00339116
0.00326204
0.00313707
0.00301616
0.00289919
0.00278609
0.00267674
0.00257105
0.00246894
0.0023703
0.00227505
0.00218309
0.00209434
0.0020087
0.0019261
0.00184644
0.00176965
0.00169563
0.00162432
0.00155562
0.00148946
0.00142578
0.00136448
0.00130549
0.00124876
0.00119419
0.00114173
0.00109131
0.00104286
0.000996324
0.000951628
0.000908715
0.000867525
0.000828001
0.000790084
0.000753719
0.000718853
0.000685432
0.000653405
0.000622723
0.000593337
0.000565199
0.000538264
0.000512488
0.000487827
0.00046424
0.000441685
0.000420123
0.000399516
0.000379827
0.000361021
0.000343062
0.000325916
0.000309552
0.000293938
0.000279043
0.000264839
0.000251296
0.000238387
0.000226087
0.000214368
0.000203208
0.000192581
0.000182466
0.00017284
0.000163681
0.00015497
0.000146687
0.000138813
0.000131329
0.000124218
0.000117464
0.00011105
0.000104961
9.91807e-05
9.36963e-05
8.84936e-05
8.35593e-05
7.8881e-05
7.44463e-05
7.02439e-05
6.62624e-05
6.24914e-05
5.89207e-05
5.55403e-05
5.23412e-05
4.93143e-05
4.6451e-05
4.37434e-05
4.11835e-05
3.87639e-05
3.64776e-05
3.43178e-05
3.2278e-05
3.0352e-05
2.85339e-05
2.68182e-05
2.51996e-05
0.070241
0.0702239
0.0701896
0.0701382
0.0700697
0.0699843
0.0698818
0.0697625
0.0696264
0.0694736
0.0693042
0.0691183
0.0689161
0.0686977
0.0684633
0.068213
0.0679471
0.0676657
0.067369
0.0670572
0.0667306
0.0663893
0.0660337
0.0656639
0.0652803
0.0648831
0.0644725
0.0640489
0.0636126
0.0631638
0.0627029
0.0622301
0.0617458
0.0612504
0.060744
0.0602272
0.0597002
0.0591633
0.058617
0.0580615
0.0574973
0.0569246
0.0563439
0.0557555
0.0551597
0.0545571
0.0539478
0.0533323
0.0527109
0.0520841
0.0514522
0.0508155
0.0501745
0.0495294
0.0488808
0.0482288
0.0475739
0.0469164
0.0462568
0.0455953
0.0449322
0.044268
0.043603
0.0429375
0.0422718
0.0416063
0.0409412
0.040277
0.0396138
0.0389521
0.0382921
0.037634
0.0369783
0.0363251
0.0356747
0.0350274
0.0343835
0.0337432
0.0331067
0.0324743
0.0318462
0.0312226
0.0306037
0.0299898
0.0293811
0.0287776
0.0281797
0.0275875
0.0270011
0.0264207
0.0258465
0.0252786
0.0247172
0.0241623
0.0236141
0.0230727
0.0225382
0.0220108
0.0214904
0.0209772
0.0204713
0.0199727
0.0194814
0.0189977
0.0185214
0.0180526
0.0175914
0.0171378
0.0166919
0.0162535
0.0158228
0.0153998
0.0149844
0.0145767
0.0141766
0.0137841
0.0133992
0.0130219
0.0126521
0.0122898
0.011935
0.0115875
0.0112475
0.0109148
0.0105893
0.010271
0.00995986
0.00965579
0.00935871
0.00906856
0.00878526
0.00850873
0.00823889
0.00797567
0.00771897
0.0074687
0.00722479
0.00698714
0.00675565
0.00653024
0.00631081
0.00609727
0.00588951
0.00568744
0.00549097
0.00529999
0.0051144
0.0049341
0.004759
0.00458899
0.00442398
0.00426386
0.00410853
0.00395789
0.00381185
0.0036703
0.00353314
0.00340028
0.00327161
0.00314704
0.00302648
0.00290983
0.00279699
0.00268787
0.00258238
0.00248042
0.0023819
0.00228674
0.00219485
0.00210613
0.00202051
0.00193789
0.0018582
0.00178135
0.00170726
0.00163586
0.00156706
0.00150078
0.00143696
0.00137551
0.00131637
0.00125947
0.00120473
0.00115209
0.00110148
0.00105284
0.0010061
0.000961201
0.000918081
0.000876681
0.000836943
0.000798812
0.000762231
0.000727149
0.000693512
0.000661269
0.000630371
0.000600771
0.00057242
0.000545275
0.000519289
0.000494422
0.00047063
0.000447874
0.000426114
0.000405313
0.000385432
0.000366438
0.000348294
0.000330968
0.000314427
0.00029864
0.000283576
0.000269207
0.000255503
0.000242437
0.000229984
0.000218117
0.000206811
0.000196044
0.000185792
0.000176033
0.000166747
0.000157911
0.000149507
0.000141516
0.000133919
0.000126699
0.000119839
0.000113323
0.000107135
0.00010126
9.56844e-05
9.03933e-05
8.5374e-05
8.06137e-05
7.61002e-05
7.18219e-05
6.77676e-05
6.39265e-05
6.02885e-05
5.68436e-05
5.35824e-05
5.0496e-05
4.75758e-05
4.48135e-05
4.22013e-05
3.97317e-05
3.73974e-05
3.51917e-05
3.3108e-05
3.11401e-05
2.9282e-05
2.7528e-05
2.58728e-05
2.43112e-05
0.0677483
0.0677318
0.0676987
0.0676492
0.0675831
0.0675007
0.0674019
0.0672868
0.0671555
0.0670081
0.0668447
0.0666654
0.0664704
0.0662598
0.0660337
0.0657923
0.0655358
0.0652644
0.0649782
0.0646775
0.0643624
0.0640333
0.0636903
0.0633337
0.0629636
0.0625805
0.0621845
0.061776
0.0613551
0.0609223
0.0604777
0.0600217
0.0595546
0.0590767
0.0585884
0.0580899
0.0575815
0.0570637
0.0565368
0.056001
0.0554568
0.0549045
0.0543444
0.0537768
0.0532022
0.0526209
0.0520333
0.0514396
0.0508404
0.0502358
0.0496263
0.0490122
0.0483939
0.0477718
0.0471461
0.0465172
0.0458856
0.0452515
0.0446152
0.0439772
0.0433377
0.042697
0.0420556
0.0414137
0.0407717
0.0401298
0.0394883
0.0388476
0.038208
0.0375698
0.0369332
0.0362985
0.035666
0.035036
0.0344087
0.0337844
0.0331633
0.0325457
0.0319318
0.0313218
0.030716
0.0301146
0.0295177
0.0289256
0.0283384
0.0277564
0.0271797
0.0266085
0.0260429
0.0254831
0.0249293
0.0243816
0.02384
0.0233048
0.0227761
0.0222539
0.0217384
0.0212297
0.0207278
0.0202328
0.0197448
0.0192639
0.0187901
0.0183235
0.0178641
0.017412
0.0169671
0.0165296
0.0160995
0.0156767
0.0152613
0.0148533
0.0144527
0.0140594
0.0136735
0.0132949
0.0129237
0.0125597
0.0122031
0.0118536
0.0115114
0.0111763
0.0108483
0.0105274
0.0102135
0.00990651
0.00960641
0.00931313
0.00902659
0.00874674
0.00847349
0.00820677
0.00794651
0.00769263
0.00744504
0.00720366
0.0069684
0.00673918
0.00651591
0.0062985
0.00608686
0.00588089
0.0056805
0.00548561
0.0052961
0.0051119
0.0049329
0.004759
0.00459012
0.00442614
0.00426698
0.00411254
0.00396273
0.00381744
0.00367657
0.00354005
0.00340775
0.00327961
0.00315551
0.00303536
0.00291908
0.00280657
0.00269773
0.00259248
0.00249073
0.00239239
0.00229737
0.00220559
0.00211696
0.00203139
0.0019488
0.00186912
0.00179226
0.00171813
0.00164668
0.0015778
0.00151144
0.00144752
0.00138596
0.0013267
0.00126966
0.00121478
0.00116198
0.00111121
0.0010624
0.00101548
0.000970397
0.00092709
0.0008855
0.000845569
0.000807242
0.000770464
0.000735182
0.000701344
0.0006689
0.000637802
0.000608001
0.000579451
0.000552106
0.000525924
0.000500861
0.000476876
0.000453929
0.00043198
0.000410992
0.000390929
0.000371754
0.000353434
0.000335934
0.000319223
0.000303269
0.000288042
0.000273513
0.000259653
0.000246435
0.000233834
0.000221822
0.000210376
0.000199472
0.000189087
0.000179199
0.000169786
0.000160829
0.000152307
0.000144201
0.000136494
0.000129167
0.000122203
0.000115587
0.000109302
0.000103333
9.76669e-05
9.22887e-05
8.71854e-05
8.23442e-05
7.77529e-05
7.33996e-05
6.92731e-05
6.53627e-05
6.16579e-05
5.8149e-05
5.48263e-05
5.16809e-05
4.8704e-05
4.58875e-05
4.32232e-05
4.07037e-05
3.83217e-05
3.60703e-05
3.39428e-05
3.19331e-05
3.0035e-05
2.82428e-05
2.65511e-05
2.49547e-05
2.34485e-05
0.0653281
0.0653122
0.0652803
0.0652325
0.0651688
0.0650893
0.0649941
0.0648831
0.0647565
0.0646143
0.0644568
0.0642839
0.0640959
0.0638928
0.0636747
0.063442
0.0631946
0.0629329
0.062657
0.062367
0.0620632
0.0617458
0.0614151
0.0610712
0.0607144
0.0603449
0.0599631
0.0595691
0.0591633
0.0587459
0.0583172
0.0578775
0.0574271
0.0569663
0.0564954
0.0560147
0.0555245
0.0550252
0.0545171
0.0540005
0.0534757
0.0529431
0.052403
0.0518557
0.0513017
0.0507411
0.0501745
0.049602
0.0490242
0.0484412
0.0478535
0.0472613
0.0466651
0.0460652
0.0454619
0.0448555
0.0442464
0.0436349
0.0430214
0.0424062
0.0417895
0.0411718
0.0405533
0.0399343
0.0393152
0.0386962
0.0380777
0.0374599
0.0368431
0.0362277
0.0356138
0.0350018
0.0343919
0.0337844
0.0331795
0.0325775
0.0319786
0.0313831
0.0307911
0.0302029
0.0296187
0.0290388
0.0284632
0.0278922
0.0273261
0.0267648
0.0262087
0.0256579
0.0251126
0.0245728
0.0240387
0.0235106
0.0229884
0.0224723
0.0219625
0.0214589
0.0209618
0.0204713
0.0199873
0.01951
0.0190394
0.0185757
0.0181188
0.0176689
0.0172259
0.0167899
0.016361
0.0159391
0.0155244
0.0151167
0.0147161
0.0143227
0.0139364
0.0135571
0.013185
0.01282
0.012462
0.0121111
0.0117671
0.0114302
0.0111002
0.0107771
0.0104608
0.0101513
0.00984864
0.00955262
0.00926324
0.00898043
0.00870413
0.00843427
0.00817079
0.0079136
0.00766264
0.00741782
0.00717908
0.00694632
0.00671947
0.00649844
0.00628314
0.0060735
0.00586941
0.0056708
0.00547758
0.00528964
0.00510691
0.00492929
0.00475668
0.00458899
0.00442614
0.00426803
0.00411455
0.00396563
0.00382117
0.00368106
0.00354523
0.00341358
0.00328602
0.00316245
0.00304278
0.00292693
0.0028148
0.00270631
0.00260136
0.00249987
0.00240176
0.00230693
0.0022153
0.0021268
0.00204133
0.00195882
0.00187919
0.00180235
0.00172823
0.00165676
0.00158785
0.00152144
0.00145745
0.00139581
0.00133645
0.00127931
0.0012243
0.00117138
0.00112047
0.00107151
0.00102444
0.000979203
0.000935731
0.000893972
0.000853867
0.000815363
0.000778405
0.00074294
0.000708918
0.00067629
0.000645005
0.000615017
0.000586281
0.000558751
0.000532383
0.000507136
0.000482969
0.00045984
0.000437713
0.000416548
0.00039631
0.000376964
0.000358474
0.000340808
0.000323933
0.000307819
0.000292435
0.000277752
0.000263742
0.000250377
0.000237632
0.00022548
0.000213898
0.000202861
0.000192346
0.000182332
0.000172797
0.000163721
0.000155084
0.000146866
0.00013905
0.000131618
0.000124552
0.000117838
0.000111457
0.000105397
9.96419e-05
9.41779e-05
8.89919e-05
8.40709e-05
7.94026e-05
7.49753e-05
7.07775e-05
6.67985e-05
6.30277e-05
5.94553e-05
5.60717e-05
5.28677e-05
4.98347e-05
4.69642e-05
4.42482e-05
4.16791e-05
3.92496e-05
3.69527e-05
3.47817e-05
3.27303e-05
3.07923e-05
2.89621e-05
2.72339e-05
2.56026e-05
2.40632e-05
2.26108e-05
0.062979
0.0629636
0.0629329
0.0628868
0.0628255
0.0627488
0.062657
0.06255
0.0624279
0.0622909
0.062139
0.0619724
0.0617911
0.0615953
0.0613851
0.0611607
0.0609223
0.0606699
0.0604039
0.0601244
0.0598315
0.0595255
0.0592067
0.0588751
0.0585312
0.058175
0.0578069
0.0574271
0.0570359
0.0566335
0.0562202
0.0557963
0.0553621
0.0549179
0.0544639
0.0540005
0.053528
0.0530466
0.0525567
0.0520587
0.0515528
0.0510393
0.0505187
0.0499911
0.0494569
0.0489166
0.0483703
0.0478184
0.0472613
0.0466993
0.0461327
0.0455619
0.0449871
0.0444087
0.0438271
0.0432426
0.0426554
0.0420659
0.0414744
0.0408813
0.0402868
0.0396913
0.039095
0.0384983
0.0379014
0.0373047
0.0367084
0.0361129
0.0355183
0.034925
0.0343332
0.0337432
0.0331552
0.0325696
0.0319864
0.0314061
0.0308287
0.0302546
0.0296839
0.0291169
0.0285537
0.0279946
0.0274397
0.0268893
0.0263434
0.0258024
0.0252663
0.0247353
0.0242095
0.0236892
0.0231743
0.0226652
0.0221618
0.0216642
0.0211727
0.0206873
0.0202081
0.0197351
0.0192686
0.0188084
0.0183548
0.0179077
0.0174673
0.0170335
0.0166065
0.0161862
0.0157727
0.015366
0.0149661
0.0145731
0.014187
0.0138077
0.0134352
0.0130696
0.0127109
0.012359
0.0120139
0.0116756
0.011344
0.0110192
0.010701
0.0103895
0.0100847
0.00978632
0.00949449
0.00920912
0.00893014
0.00865751
0.00839114
0.00813099
0.00787698
0.00762904
0.0073871
0.00715109
0.00692093
0.00669654
0.00647784
0.00626476
0.00605721
0.0058551
0.00565836
0.00546689
0.00528061
0.00509944
0.00492327
0.00475204
0.00458564
0.00442398
0.00426698
0.00411455
0.0039666
0.00382303
0.00368376
0.0035487
0.00341775
0.00329084
0.00316786
0.00304873
0.00293337
0.00282168
0.00271358
0.00260899
0.00250782
0.00240998
0.00231539
0.00222397
0.00213564
0.00205032
0.00196793
0.00188838
0.00181161
0.00173754
0.00166609
0.00159718
0.00153075
0.00146673
0.00140504
0.00134562
0.0012884
0.0012333
0.00118028
0.00112926
0.00108018
0.00103298
0.000987606
0.000943992
0.000902084
0.000861826
0.000823163
0.000786043
0.000750414
0.000716225
0.000683427
0.000651971
0.000621812
0.000592902
0.000565199
0.000538659
0.000513239
0.0004889
0.000465602
0.000443305
0.000421973
0.00040157
0.00038206
0.000363409
0.000345584
0.000328553
0.000312285
0.00029675
0.000281919
0.000267764
0.000254258
0.000241374
0.000229087
0.000217372
0.000206206
0.000195566
0.00018543
0.000175776
0.000166584
0.000157834
0.000149507
0.000141585
0.00013405
0.000126885
0.000120074
0.0001136
0.00010745
0.000101607
9.60589e-05
9.07914e-05
8.57919e-05
8.10478e-05
7.65474e-05
7.22793e-05
6.82324e-05
6.43965e-05
6.07613e-05
5.73174e-05
5.40554e-05
5.09667e-05
4.80427e-05
4.52754e-05
4.26571e-05
4.01804e-05
3.78383e-05
3.56239e-05
3.3531e-05
3.15534e-05
2.96851e-05
2.79206e-05
2.62546e-05
2.4682e-05
2.31979e-05
2.17978e-05
0.0606996
0.0606847
0.0606551
0.0606107
0.0605515
0.0604777
0.0603892
0.060286
0.0601684
0.0600363
0.0598899
0.0597293
0.0595546
0.0593659
0.0591633
0.058947
0.0587172
0.058474
0.0582176
0.0579482
0.057666
0.0573711
0.0570637
0.0567442
0.0564127
0.0560694
0.0557146
0.0553486
0.0549715
0.0545837
0.0541854
0.0537768
0.0533583
0.0529302
0.0524926
0.052046
0.0515906
0.0511266
0.0506545
0.0501745
0.0496869
0.049192
0.0486902
0.0481817
0.0476669
0.0471461
0.0466196
0.0460877
0.0455507
0.0450091
0.044463
0.0439128
0.0433588
0.0428014
0.0422408
0.0416774
0.0411115
0.0405434
0.0399733
0.0394016
0.0388287
0.0382547
0.03768
0.0371049
0.0365296
0.0359545
0.0353798
0.0348058
0.0342327
0.0336609
0.0330905
0.0325219
0.0319552
0.0313907
0.0308287
0.0302694
0.0297129
0.0291595
0.0286095
0.028063
0.0275202
0.0269813
0.0264466
0.025916
0.02539
0.0248685
0.0243518
0.02384
0.0233333
0.0228318
0.0223356
0.0218448
0.0213596
0.0208801
0.0204064
0.0199386
0.0194767
0.0190209
0.0185712
0.0181277
0.0176905
0.0172596
0.0168351
0.016417
0.0160054
0.0156004
0.0152018
0.0148098
0.0144245
0.0140457
0.0136735
0.0133079
0.0129489
0.0125966
0.0122508
0.0119117
0.0115791
0.011253
0.0109334
0.0106204
0.0103137
0.0100135
0.00971965
0.00943211
0.00915085
0.0088758
0.00860693
0.00834416
0.00808743
0.0078367
0.00759188
0.00735291
0.00711973
0.00689226
0.00667043
0.00645416
0.00624338
0.00603801
0.00583797
0.00564318
0.00545356
0.00526902
0.00508949
0.00491487
0.00474508
0.00458004
0.00441966
0.00426386
0.00411254
0.00396563
0.00382303
0.00368466
0.00355043
0.00342026
0.00329405
0.00317173
0.0030532
0.00293839
0.0028272
0.00271955
0.00261537
0.00251456
0.00241705
0.00232275
0.00223159
0.00214348
0.00205835
0.00197611
0.0018967
0.00182004
0.00174604
0.00167465
0.00160578
0.00153937
0.00147535
0.00141364
0.00135419
0.00129692
0.00124176
0.00118867
0.00113756
0.00108839
0.00104108
0.000995595
0.00095186
0.000909825
0.000869434
0.000830633
0.00079337
0.000757593
0.000723254
0.000690302
0.000658691
0.000628374
0.000599306
0.000571443
0.000544742
0.000519163
0.000494663
0.000471205
0.00044875
0.00042726
0.0004067
0.000387035
0.000368231
0.000350255
0.000333076
0.000316661
0.000300982
0.00028601
0.000271716
0.000258073
0.000245055
0.000232638
0.000220795
0.000209505
0.000198743
0.000188488
0.000178718
0.000169414
0.000160554
0.000152121
0.000144096
0.000136461
0.000129198
0.000122293
0.000115728
0.000109489
0.000103561
9.79296e-05
9.25821e-05
8.75053e-05
8.26867e-05
7.81144e-05
7.37769e-05
6.96632e-05
6.57628e-05
6.20657e-05
5.85621e-05
5.52428e-05
5.2099e-05
4.9122e-05
4.63038e-05
4.36367e-05
4.11132e-05
3.87261e-05
3.64687e-05
3.43346e-05
3.23174e-05
3.04113e-05
2.86107e-05
2.69101e-05
2.53044e-05
2.37887e-05
2.23583e-05
2.10088e-05
0.0584883
0.058474
0.0584455
0.0584027
0.0583457
0.0582745
0.0581892
0.0580899
0.0579765
0.0578493
0.0577082
0.0575534
0.0573851
0.0572032
0.057008
0.0567997
0.0565782
0.0563439
0.0560968
0.0558372
0.0555652
0.0552811
0.0549849
0.0546771
0.0543576
0.0540269
0.053685
0.0533323
0.052969
0.0525953
0.0522114
0.0518178
0.0514145
0.051002
0.0505804
0.05015
0.0497112
0.0492641
0.0488092
0.0483467
0.0478768
0.0474
0.0469164
0.0464265
0.0459304
0.0454286
0.0449213
0.0444087
0.0438914
0.0433694
0.0428432
0.0423131
0.0417793
0.0412422
0.040702
0.0401592
0.0396138
0.0390664
0.0385171
0.0379663
0.0374142
0.0368611
0.0363074
0.0357532
0.0351989
0.0346447
0.034091
0.0335379
0.0329857
0.0324347
0.0318851
0.0313371
0.0307911
0.0302472
0.0297056
0.0291667
0.0286305
0.0280973
0.0275673
0.0270407
0.0265177
0.0259984
0.0254831
0.0249719
0.024465
0.0239626
0.0234647
0.0229716
0.0224833
0.022
0.0215219
0.021049
0.0205815
0.0201195
0.019663
0.0192122
0.0187672
0.0183279
0.0178946
0.0174673
0.017046
0.0166308
0.0162218
0.015819
0.0154224
0.015032
0.014648
0.0142703
0.013899
0.013534
0.0131754
0.0128231
0.0124772
0.0121377
0.0118046
0.0114777
0.0111572
0.0108431
0.0105351
0.0102335
0.009938
0.00964872
0.00936557
0.00908851
0.00881749
0.00855247
0.00829338
0.00804018
0.00779281
0.00755121
0.00731531
0.00708505
0.00686037
0.00664118
0.00642743
0.00621904
0.00601594
0.00581805
0.0056253
0.00543761
0.00525489
0.00507707
0.00490408
0.00473582
0.00457222
0.00441319
0.00425866
0.00410853
0.00396273
0.00382117
0.00368376
0.00355043
0.00342109
0.00329566
0.00317405
0.00305618
0.00294197
0.00283134
0.00272421
0.00262048
0.00252009
0.00242296
0.002329
0.00223814
0.00215029
0.00206539
0.00198336
0.00190412
0.00182761
0.00175373
0.00168244
0.00161364
0.00154729
0.0014833
0.0014216
0.00136215
0.00130486
0.00124967
0.00119653
0.00114536
0.00109612
0.00104874
0.00100316
0.000959326
0.000917185
0.000876681
0.000837761
0.000800373
0.000764468
0.000729995
0.000696906
0.000665155
0.000634695
0.000605483
0.000577473
0.000550626
0.000524898
0.00050025
0.000476643
0.000454039
0.000432402
0.000411695
0.000391884
0.000372936
0.000354817
0.000337496
0.000320942
0.000305125
0.000290018
0.000275591
0.000261817
0.000248672
0.000236128
0.000224163
0.000212752
0.000201873
0.000191503
0.000181621
0.000172208
0.000163242
0.000154706
0.00014658
0.000138847
0.000131489
0.000124492
0.000117838
0.000111512
0.0001055
9.97879e-05
9.4362e-05
8.92094e-05
8.43176e-05
7.96745e-05
7.52687e-05
7.10892e-05
6.71254e-05
6.33672e-05
5.98047e-05
5.64288e-05
5.32304e-05
5.0201e-05
4.73325e-05
4.4617e-05
4.20471e-05
3.96154e-05
3.73153e-05
3.51402e-05
3.30838e-05
3.11401e-05
2.93035e-05
2.75684e-05
2.59297e-05
2.43825e-05
2.29221e-05
2.15438e-05
2.02435e-05
0.0563439
0.0563301
0.0563026
0.0562614
0.0562065
0.0561379
0.0560557
0.05596
0.0558508
0.0557283
0.0555924
0.0554433
0.0552811
0.0551059
0.0549179
0.0547171
0.0545038
0.0542781
0.0540401
0.05379
0.053528
0.0532542
0.052969
0.0526724
0.0523646
0.052046
0.0517167
0.0513769
0.0510269
0.0506669
0.0502971
0.0499179
0.0495294
0.049132
0.0487259
0.0483113
0.0478885
0.0474579
0.0470196
0.0465741
0.0461215
0.0456621
0.0451963
0.0447243
0.0442464
0.043763
0.0432742
0.0427805
0.0422821
0.0417793
0.0412724
0.0407617
0.0402475
0.0397301
0.0392097
0.0386867
0.0381614
0.037634
0.0371049
0.0365743
0.0360424
0.0355096
0.0349762
0.0344423
0.0339083
0.0333745
0.032841
0.0323082
0.0317763
0.0312455
0.030716
0.0301882
0.0296622
0.0291382
0.0286165
0.0280973
0.0275808
0.0270671
0.0265565
0.0260493
0.0255454
0.0250452
0.0245488
0.0240564
0.023568
0.023084
0.0226044
0.0221293
0.021659
0.0211934
0.0207328
0.0202773
0.0198269
0.0193818
0.0189421
0.0185078
0.0180791
0.017656
0.0172385
0.0168269
0.016421
0.0160211
0.015627
0.015239
0.0148569
0.0144809
0.014111
0.0137471
0.0133894
0.0130378
0.0126923
0.012353
0.0120198
0.0116927
0.0113717
0.0110569
0.0107482
0.0104455
0.0101489
0.00985826
0.00957363
0.00929495
0.00902218
0.00875528
0.0084942
0.00823889
0.00798931
0.0077454
0.00750709
0.00727435
0.0070471
0.00682528
0.00660883
0.00639769
0.00619177
0.00599103
0.00579537
0.00560474
0.00541905
0.00523824
0.00506222
0.00489093
0.00472427
0.00456218
0.00440458
0.00425139
0.00410252
0.00395789
0.00381744
0.00368106
0.0035487
0.00342026
0.00329566
0.00317483
0.00305768
0.00294413
0.00283411
0.00272753
0.00262432
0.0025244
0.0024277
0.00233412
0.00224361
0.00215608
0.00207145
0.00198967
0.00191064
0.00183431
0.0017606
0.00168943
0.00162075
0.00155448
0.00149056
0.00142891
0.00136948
0.0013122
0.00125701
0.00120385
0.00115266
0.00110337
0.00105593
0.00101029
0.000966378
0.000924153
0.000883557
0.000844538
0.000807045
0.000771028
0.000736439
0.00070323
0.000671354
0.000640767
0.000611424
0.000583283
0.000556301
0.000530437
0.000505653
0.000481908
0.000459167
0.000437392
0.000416548
0.000396601
0.000377516
0.000359262
0.000341808
0.000325122
0.000309175
0.000293938
0.000279384
0.000265486
0.000252218
0.000239554
0.000227471
0.000215944
0.000204952
0.000194471
0.000184481
0.000174962
0.000165894
0.000157257
0.000149033
0.000141205
0.000133756
0.000126668
0.000119927
0.000113517
0.000107423
0.000101632
9.61293e-05
9.09023e-05
8.59386e-05
8.12261e-05
7.67533e-05
7.2509e-05
6.84828e-05
6.46643e-05
6.10438e-05
5.7612e-05
5.43598e-05
5.12787e-05
4.83604e-05
4.55971e-05
4.29812e-05
4.05054e-05
3.8163e-05
3.59472e-05
3.38518e-05
3.18708e-05
2.99984e-05
2.82291e-05
2.65576e-05
2.4979e-05
2.34886e-05
2.20816e-05
2.07539e-05
1.95013e-05
0.0542648
0.0542516
0.0542251
0.0541854
0.0541325
0.0540664
0.0539873
0.0538951
0.05379
0.0536719
0.053541
0.0533974
0.0532412
0.0530725
0.0528914
0.0526981
0.0524926
0.0522752
0.052046
0.0518051
0.0515528
0.0512892
0.0510144
0.0507288
0.0504324
0.0501255
0.0498083
0.0494811
0.049144
0.0487973
0.0484412
0.048076
0.0477018
0.0473191
0.0469279
0.0465286
0.0461215
0.0457067
0.0452846
0.0448555
0.0444196
0.0439772
0.0435285
0.043074
0.0426137
0.0421481
0.0416774
0.0412019
0.0407219
0.0402377
0.0397495
0.0392576
0.0387624
0.038264
0.0377629
0.0372592
0.0367533
0.0362454
0.0357357
0.0352247
0.0347125
0.0341993
0.0336856
0.0331714
0.0326571
0.032143
0.0316292
0.031116
0.0306037
0.0300925
0.0295826
0.0290742
0.0285676
0.028063
0.0275606
0.0270605
0.026563
0.0260683
0.0255766
0.025088
0.0246028
0.024121
0.023643
0.0231687
0.0226984
0.0222322
0.0217703
0.0213128
0.0208597
0.0204114
0.0199678
0.0195291
0.0190953
0.0186666
0.0182431
0.0178249
0.017412
0.0170045
0.0166024
0.016206
0.0158151
0.0154299
0.0150504
0.0146767
0.0143087
0.0139466
0.0135903
0.0132399
0.0128953
0.0125567
0.012224
0.0118971
0.0115762
0.0112612
0.0109521
0.0106489
0.0103516
0.0100601
0.00977438
0.00949449
0.00922037
0.00895197
0.00868927
0.00843221
0.00818077
0.00793488
0.00769451
0.00745959
0.00723009
0.00700593
0.00678706
0.00657343
0.00636497
0.00616161
0.0059633
0.00576996
0.00558152
0.00539792
0.00521909
0.00504495
0.00487543
0.00471045
0.00454995
0.00439384
0.00424205
0.00409451
0.00395113
0.00381185
0.00367657
0.00354523
0.00341775
0.00329405
0.00317405
0.00305768
0.00294485
0.00283549
0.00272953
0.00262689
0.00252749
0.00243125
0.00233811
0.00224799
0.00216082
0.00207652
0.00199502
0.00191625
0.00184014
0.00176663
0.00169563
0.00162709
0.00156095
0.00149712
0.00143556
0.00137619
0.00131895
0.00126378
0.00121063
0.00115943
0.00111012
0.00106265
0.00101697
0.000973007
0.000930719
0.000890052
0.000850954
0.000813375
0.000777265
0.000742578
0.000709265
0.000677281
0.000646582
0.000617123
0.000588863
0.00056176
0.000535773
0.000510864
0.000486994
0.000464126
0.000442224
0.000421253
0.000401178
0.000381966
0.000363586
0.000346006
0.000329195
0.000313125
0.000297766
0.000283092
0.000269075
0.00025569
0.000242911
0.000230715
0.000219077
0.000207976
0.000197389
0.000187295
0.000177674
0.000168506
0.000159772
0.000151454
0.000143534
0.000135995
0.00012882
0.000121994
0.000115502
0.000109328
0.000103459
9.78817e-05
9.25821e-05
8.75481e-05
8.27675e-05
7.82289e-05
7.39211e-05
6.98335e-05
6.59558e-05
6.22782e-05
5.87913e-05
5.54861e-05
5.2354e-05
4.93865e-05
4.65759e-05
4.39146e-05
4.13952e-05
3.90108e-05
3.67548e-05
3.46208e-05
3.26027e-05
3.06948e-05
2.88914e-05
2.71874e-05
2.55777e-05
2.40573e-05
2.26219e-05
2.12668e-05
1.99881e-05
1.87817e-05
0.0522497
0.0522369
0.0522114
0.0521732
0.0521223
0.0520587
0.0519825
0.0518937
0.0517925
0.0516788
0.0515528
0.0514145
0.0512641
0.0511017
0.0509273
0.0507411
0.0505433
0.050334
0.0501133
0.0498814
0.0496384
0.0493845
0.04912
0.048845
0.0485596
0.0482641
0.0479587
0.0476436
0.0473191
0.0469852
0.0466423
0.0462907
0.0459304
0.0455619
0.0451852
0.0448008
0.0444087
0.0440094
0.043603
0.0431898
0.0427701
0.0423441
0.0419121
0.0414744
0.0410313
0.040583
0.0401298
0.0396719
0.0392097
0.0387435
0.0382734
0.0377998
0.0373229
0.0368431
0.0363606
0.0358756
0.0353885
0.0348994
0.0344087
0.0339166
0.0334234
0.0329293
0.0324347
0.0319396
0.0314444
0.0309494
0.0304547
0.0299606
0.0294673
0.028975
0.0284841
0.0279946
0.0275068
0.0270209
0.0265371
0.0260556
0.0255766
0.0251003
0.0246268
0.0241564
0.0236892
0.0232253
0.022765
0.0223083
0.0218555
0.0214066
0.0209618
0.0205213
0.0200851
0.0196534
0.0192263
0.0188038
0.0183862
0.0179734
0.0175657
0.0171629
0.0167654
0.016373
0.0159859
0.0156042
0.0152278
0.0148569
0.0144915
0.0141316
0.0137774
0.0134287
0.0130856
0.0127482
0.0124165
0.0120904
0.01177
0.0114553
0.0111464
0.0108431
0.0105454
0.0102535
0.00996716
0.00968648
0.00941141
0.00914192
0.00887797
0.00861954
0.00836659
0.00811909
0.00787698
0.00764022
0.00740877
0.00718258
0.0069616
0.00674577
0.00653503
0.00632933
0.00612861
0.0059328
0.00574185
0.00555569
0.00537426
0.00519747
0.00502528
0.00485761
0.00469438
0.00453553
0.00438099
0.00423068
0.00408453
0.00394246
0.00380441
0.0036703
0.00354005
0.00341358
0.00329084
0.00317173
0.00305618
0.00294413
0.00283549
0.0027302
0.00262817
0.00252934
0.00243363
0.00234097
0.00225129
0.00216451
0.00208058
0.00199941
0.00192093
0.00184509
0.00177181
0.00170102
0.00163267
0.00156667
0.00150298
0.00144153
0.00138225
0.00132508
0.00126997
0.00121685
0.00116567
0.00111637
0.0010689
0.00102319
0.000979203
0.000936874
0.000896157
0.000857
0.000819354
0.00078317
0.000748402
0.000715002
0.000682926
0.00065213
0.000622571
0.000594206
0.000566996
0.000540899
0.000515878
0.000491893
0.00046891
0.000446891
0.000425802
0.00040561
0.00038628
0.000367782
0.000350084
0.000333157
0.000316971
0.000301497
0.000286709
0.000272579
0.000259083
0.000246195
0.000233891
0.000222147
0.000210942
0.000200253
0.000190059
0.00018034
0.000171076
0.000162249
0.000153839
0.00014583
0.000138204
0.000130945
0.000124037
0.000117464
0.000111213
0.000105268
9.96175e-05
9.42469e-05
8.91441e-05
8.4297e-05
7.96939e-05
7.53239e-05
7.11761e-05
6.72402e-05
6.35065e-05
5.99655e-05
5.66081e-05
5.34257e-05
5.04098e-05
4.75526e-05
4.48464e-05
4.22838e-05
3.9858e-05
3.75621e-05
3.53899e-05
3.33351e-05
3.1392e-05
2.95549e-05
2.78186e-05
2.61778e-05
2.46278e-05
2.3164e-05
2.17818e-05
2.04771e-05
1.92458e-05
1.80842e-05
0.0502971
0.0502849
0.0502603
0.0502235
0.0501745
0.0501133
0.0500399
0.0499545
0.049857
0.0497476
0.0496263
0.0494932
0.0493484
0.049192
0.0490242
0.048845
0.0486545
0.048453
0.0482406
0.0480173
0.0477834
0.0475391
0.0472844
0.0470196
0.0467449
0.0464605
0.0461665
0.0458632
0.0455507
0.0452294
0.0448993
0.0445608
0.044214
0.0438592
0.0434967
0.0431266
0.0427492
0.0423648
0.0419736
0.0415758
0.0411718
0.0407617
0.0403459
0.0399245
0.039498
0.0390664
0.0386301
0.0381894
0.0377445
0.0372956
0.0368431
0.0363872
0.0359282
0.0354663
0.0350018
0.0345349
0.034066
0.0335952
0.0331229
0.0326492
0.0321744
0.0316988
0.0312226
0.030746
0.0302694
0.0297928
0.0293166
0.0288409
0.0283661
0.0278922
0.0274196
0.0269484
0.0264789
0.0260111
0.0255454
0.0250819
0.0246208
0.0241623
0.0237065
0.0232537
0.0228039
0.0223574
0.0219143
0.0214747
0.0210388
0.0206067
0.0201785
0.0197544
0.0193345
0.018919
0.0185078
0.0181012
0.0176991
0.0173018
0.0169092
0.0165216
0.0161388
0.0157611
0.0153885
0.015021
0.0146588
0.0143017
0.01395
0.0136036
0.0132625
0.0129268
0.0125966
0.0122718
0.0119525
0.0116386
0.0113302
0.0110273
0.0107298
0.0104378
0.0101513
0.0098703
0.00959469
0.0093245
0.00905971
0.00880028
0.0085462
0.00829743
0.00805394
0.00781568
0.00758262
0.00735471
0.00713191
0.00691417
0.00670144
0.00649368
0.00629082
0.0060928
0.00589958
0.0057111
0.00552728
0.00534808
0.00517342
0.00500325
0.00483749
0.00467608
0.00451895
0.00436604
0.00421727
0.00407258
0.00393189
0.00379513
0.00366224
0.00353314
0.00340775
0.00328602
0.00316786
0.0030532
0.00294197
0.00283411
0.00272953
0.00262817
0.00252996
0.00243482
0.00234269
0.00225349
0.00216716
0.00208363
0.00200283
0.00192469
0.00184915
0.00177614
0.0017056
0.00163746
0.00157165
0.00150813
0.00144681
0.00138766
0.00133059
0.00127556
0.00122251
0.00117138
0.00112211
0.00107466
0.00102896
0.000984957
0.00094261
0.000901864
0.000862668
0.000824974
0.000788735
0.000753903
0.000720434
0.000688283
0.000657406
0.00062776
0.000599306
0.000572001
0.000545807
0.000520686
0.000496599
0.000473511
0.000451387
0.000430191
0.00040989
0.000390452
0.000371845
0.000354038
0.000337002
0.000320707
0.000305125
0.00029023
0.000275995
0.000262393
0.000249401
0.000236995
0.00022515
0.000213846
0.000203059
0.000192769
0.000182956
0.000173601
0.000164683
0.000156186
0.00014809
0.00014038
0.000133039
0.000126051
0.000119401
0.000113075
0.000107057
0.000101335
9.58948e-05
9.07249e-05
8.58128e-05
8.11468e-05
7.67158e-05
7.2509e-05
6.85162e-05
6.47275e-05
6.11333e-05
5.77246e-05
5.44927e-05
5.14292e-05
4.8526e-05
4.57756e-05
4.31705e-05
4.07037e-05
3.83685e-05
3.61584e-05
3.40674e-05
3.20894e-05
3.02189e-05
2.84505e-05
2.6779e-05
2.51996e-05
2.37075e-05
2.22983e-05
2.09678e-05
1.97119e-05
1.85266e-05
1.74084e-05
0.0484057
0.0483939
0.0483703
0.0483349
0.0482877
0.0482288
0.0481582
0.048076
0.0479821
0.0478768
0.0477601
0.047632
0.0474927
0.0473422
0.0471806
0.0470082
0.0468249
0.046631
0.0464265
0.0462116
0.0459865
0.0457514
0.0455063
0.0452515
0.0449871
0.0447134
0.0444304
0.0441385
0.0438378
0.0435285
0.0432109
0.0428851
0.0425514
0.0422099
0.041861
0.0415048
0.0411416
0.0407717
0.0403952
0.0400124
0.0396235
0.0392289
0.0388287
0.0384232
0.0380126
0.0375973
0.0371774
0.0367533
0.0363251
0.0358931
0.0354576
0.0350189
0.0345771
0.0341326
0.0336856
0.0332363
0.032785
0.0323319
0.0318773
0.0314214
0.0309645
0.0305068
0.0300485
0.0295898
0.0291311
0.0286724
0.0282141
0.0277564
0.0272994
0.0268434
0.0263885
0.025935
0.0254831
0.025033
0.0245848
0.0241387
0.023695
0.0232537
0.0228151
0.0223792
0.0219464
0.0215167
0.0210902
0.0206671
0.0202476
0.0198317
0.0194197
0.0190116
0.0186075
0.0182075
0.0178118
0.0174205
0.0170335
0.0166512
0.0162734
0.0159003
0.015532
0.0151685
0.0148098
0.0144562
0.0141075
0.0137639
0.0134254
0.013092
0.0127638
0.0124407
0.0121229
0.0118103
0.011503
0.0112009
0.0109041
0.0106126
0.0103263
0.0100453
0.00976961
0.00949913
0.00923388
0.00897385
0.00871902
0.00846935
0.00822483
0.00798541
0.00775107
0.00752177
0.00729747
0.00707814
0.00686372
0.00665417
0.00644944
0.00624948
0.00605425
0.00586368
0.00567773
0.00549633
0.00531943
0.00514696
0.00497888
0.0048151
0.00465557
0.00450024
0.00434902
0.00420186
0.00405868
0.00391943
0.00378403
0.00365242
0.00352452
0.00340028
0.00327961
0.00316245
0.00304873
0.00293839
0.00283134
0.00272753
0.00262689
0.00252934
0.00243482
0.00234326
0.00225459
0.00216875
0.00208566
0.00200527
0.00192751
0.00185231
0.00177961
0.00170935
0.00164146
0.00157588
0.00151255
0.00145141
0.00139241
0.00133547
0.00128056
0.0012276
0.00117654
0.00112733
0.00107992
0.00103424
0.000990262
0.000947918
0.000907163
0.000867949
0.000830227
0.000793951
0.000759074
0.000725553
0.000693342
0.0006624
0.000632684
0.000604154
0.000576769
0.000550491
0.000525282
0.000501106
0.000477925
0.000455705
0.000434412
0.000414014
0.000394476
0.000375769
0.000357862
0.000340725
0.000324329
0.000308647
0.000293651
0.000279316
0.000265616
0.000252526
0.000240023
0.000228082
0.000216684
0.000205804
0.000195423
0.00018552
0.000176076
0.000167073
0.00015849
0.000150312
0.000142521
0.000135101
0.000128036
0.000121311
0.000114911
0.000108822
0.000103031
9.75239e-05
9.22887e-05
8.73133e-05
8.25858e-05
7.80953e-05
7.38309e-05
6.97824e-05
6.59397e-05
6.22934e-05
5.88344e-05
5.55539e-05
5.24435e-05
4.94952e-05
4.67012e-05
4.40542e-05
4.1547e-05
3.9173e-05
3.69257e-05
3.47987e-05
3.27863e-05
3.08827e-05
2.90825e-05
2.73806e-05
2.5772e-05
2.42519e-05
2.2816e-05
2.14598e-05
2.01793e-05
1.89706e-05
1.78299e-05
1.67538e-05
0.0465741
0.0465627
0.04654
0.0465059
0.0464605
0.0464038
0.0463359
0.0462568
0.0461665
0.0460652
0.0459529
0.0458296
0.0456955
0.0455507
0.0453953
0.0452294
0.0450531
0.0448665
0.0446697
0.044463
0.0442464
0.0440201
0.0437843
0.0435392
0.0432848
0.0430214
0.0427492
0.0424683
0.042179
0.0418814
0.0415758
0.0412623
0.0409412
0.0406127
0.040277
0.0399343
0.0395848
0.0392289
0.0388666
0.0384983
0.0381242
0.0377445
0.0373594
0.0369693
0.0365743
0.0361746
0.0357707
0.0353625
0.0349506
0.0345349
0.0341159
0.0336938
0.0332687
0.032841
0.0324109
0.0319786
0.0315444
0.0311084
0.0306711
0.0302324
0.0297928
0.0293524
0.0289114
0.0284702
0.0280288
0.0275875
0.0271465
0.0267061
0.0262664
0.0258276
0.02539
0.0249537
0.0245189
0.0240857
0.0236545
0.0232253
0.0227984
0.0223738
0.0219517
0.0215324
0.0211159
0.0207025
0.0202921
0.0198851
0.0194814
0.0190813
0.0186849
0.0182922
0.0179034
0.0175186
0.0171378
0.0167613
0.016389
0.0160211
0.0156576
0.0152986
0.0149442
0.0145945
0.0142494
0.0139092
0.0135737
0.0132431
0.0129174
0.0125966
0.0122808
0.01197
0.0116642
0.0113634
0.0110677
0.0107771
0.0104915
0.010211
0.00993558
0.00966522
0.00939993
0.00913968
0.00888448
0.00863429
0.00838909
0.00814887
0.0079136
0.00768324
0.00745777
0.00723715
0.00702134
0.0068103
0.00660399
0.00640237
0.00620539
0.00601301
0.00582516
0.0056418
0.00546289
0.00528835
0.00511814
0.0049522
0.00479048
0.0046329
0.00447941
0.00432995
0.00418445
0.00404286
0.0039051
0.00377112
0.00364084
0.00351421
0.00339116
0.00327161
0.00315551
0.00304278
0.00293337
0.0028272
0.00272421
0.00262432
0.00252749
0.00243363
0.00234269
0.00225459
0.00216928
0.00208668
0.00200674
0.00192939
0.00185457
0.00178222
0.00171227
0.00164467
0.00157935
0.00151625
0.00145532
0.00139649
0.00133972
0.00128494
0.0012321
0.00118114
0.00113202
0.00108467
0.00103905
0.000995109
0.00095279
0.000912049
0.000872837
0.000835106
0.000798812
0.000763908
0.000730351
0.000698098
0.000667106
0.000637335
0.000608743
0.000581293
0.000554944
0.000529661
0.000505406
0.000482144
0.00045984
0.000438461
0.000417974
0.000398347
0.000379549
0.00036155
0.00034432
0.000327832
0.000312056
0.000296968
0.00028254
0.000268747
0.000255565
0.00024297
0.00023094
0.000219452
0.000208484
0.000198016
0.000188028
0.0001785
0.000169414
0.000160751
0.000152493
0.000144625
0.000137128
0.000129989
0.000123192
0.000116721
0.000110563
0.000104705
9.91323e-05
9.38337e-05
8.87966e-05
8.40093e-05
7.94608e-05
7.51402e-05
7.10372e-05
6.71418e-05
6.34446e-05
5.99363e-05
5.66081e-05
5.34518e-05
5.04591e-05
4.76223e-05
4.4934e-05
4.23872e-05
3.99749e-05
3.76907e-05
3.55284e-05
3.34819e-05
3.15457e-05
2.97141e-05
2.7982e-05
2.63445e-05
2.47968e-05
2.33342e-05
2.19526e-05
2.06478e-05
1.94157e-05
1.82528e-05
1.71553e-05
1.61198e-05
0.0448008
0.0447898
0.044768
0.0447352
0.0446915
0.044637
0.0445717
0.0444956
0.0444087
0.0443113
0.0442032
0.0440847
0.0439557
0.0438164
0.0436669
0.0435073
0.0433377
0.0431582
0.0429689
0.0427701
0.0425617
0.0423441
0.0421173
0.0418814
0.0416368
0.0413834
0.0411215
0.0408514
0.0405731
0.0402868
0.0399928
0.0396913
0.0393824
0.0390664
0.0387435
0.0384138
0.0380777
0.0377352
0.0373868
0.0370325
0.0366726
0.0363074
0.035937
0.0355617
0.0351817
0.0347973
0.0344087
0.0340161
0.0336198
0.03322
0.032817
0.0324109
0.032002
0.0315906
0.0311769
0.030761
0.0303433
0.029924
0.0295033
0.0290813
0.0286584
0.0282348
0.0278106
0.0273862
0.0269616
0.0265371
0.0261129
0.0256893
0.0252663
0.0248442
0.0244233
0.0240036
0.0235853
0.0231687
0.0227539
0.022341
0.0219303
0.0215219
0.0211159
0.0207126
0.020312
0.0199142
0.0195195
0.019128
0.0187397
0.0183548
0.0179734
0.0175957
0.0172217
0.0168515
0.0164853
0.0161231
0.015765
0.0154111
0.0150614
0.0147161
0.0143752
0.0140388
0.0137069
0.0133796
0.0130569
0.0127389
0.0124255
0.012117
0.0118132
0.0115142
0.0112201
0.0109308
0.0106463
0.0103667
0.010092
0.00982222
0.00955728
0.00929722
0.00904203
0.00879169
0.0085462
0.00830554
0.00806968
0.00783861
0.00761229
0.00739071
0.00717382
0.0069616
0.006754
0.006551
0.00635255
0.00615861
0.00596913
0.00578406
0.00560337
0.005427
0.00525489
0.005087
0.00492327
0.00476365
0.00460808
0.0044565
0.00430886
0.00416509
0.00402513
0.00388893
0.00375642
0.00362754
0.00350222
0.00338041
0.00326204
0.00314704
0.00303536
0.00292693
0.00282168
0.00271955
0.00262048
0.0025244
0.00243125
0.00234097
0.00225349
0.00216875
0.00208668
0.00200723
0.00193034
0.00185593
0.00178396
0.00171436
0.00164708
0.00158205
0.00151921
0.00145852
0.00139991
0.00134332
0.00128871
0.00123602
0.00118519
0.00113617
0.00108892
0.00104337
0.000999491
0.00095722
0.000916513
0.000877323
0.000839604
0.00080331
0.000768397
0.000734823
0.000702544
0.000671518
0.000641707
0.000613069
0.000585566
0.00055916
0.000533815
0.000509494
0.000486163
0.000463786
0.000442332
0.000421767
0.00040206
0.000383181
0.000365098
0.000347784
0.000331211
0.00031535
0.000300175
0.000285661
0.000271782
0.000258514
0.000245834
0.000233719
0.000222147
0.000211096
0.000200546
0.000190477
0.000180869
0.000171704
0.000162963
0.00015463
0.000146687
0.000139118
0.000131907
0.00012504
0.000118501
0.000112277
0.000106353
0.000100718
9.53579e-05
9.0261e-05
8.54157e-05
8.08107e-05
7.64354e-05
7.22793e-05
6.83325e-05
6.45854e-05
6.10289e-05
5.76542e-05
5.44528e-05
5.14166e-05
4.85379e-05
4.58091e-05
4.32232e-05
4.07733e-05
3.84529e-05
3.62557e-05
3.41757e-05
3.22071e-05
3.03446e-05
2.85827e-05
2.69166e-05
2.53415e-05
2.38526e-05
2.24458e-05
2.11168e-05
1.98616e-05
1.86765e-05
1.75578e-05
1.65021e-05
1.55061e-05
0.0430845
0.043074
0.0430529
0.0430214
0.0429794
0.042927
0.0428642
0.042791
0.0427075
0.0426137
0.0425098
0.0423958
0.0422718
0.0421378
0.0419941
0.0418406
0.0416774
0.0415048
0.0413228
0.0411316
0.0409312
0.0407219
0.0405038
0.040277
0.0400417
0.039798
0.0395462
0.0392864
0.0390187
0.0387435
0.0384607
0.0381707
0.0378737
0.0375698
0.0372592
0.0369422
0.0366189
0.0362896
0.0359545
0.0356138
0.0352677
0.0349164
0.0345602
0.0341993
0.0338339
0.0334642
0.0330905
0.032713
0.0323319
0.0319474
0.0315598
0.0311693
0.0307761
0.0303804
0.0299825
0.0295826
0.0291809
0.0287776
0.028373
0.0279672
0.0275606
0.0271532
0.0267452
0.026337
0.0259287
0.0255205
0.0251126
0.0247051
0.0242984
0.0238925
0.0234876
0.023084
0.0226818
0.0222811
0.0218822
0.0214852
0.0210902
0.0206974
0.020307
0.0199191
0.0195338
0.0191513
0.0187717
0.0183952
0.0180218
0.0176516
0.0172849
0.0169216
0.016562
0.016206
0.0158538
0.0155054
0.015161
0.0148207
0.0144844
0.0141524
0.0138245
0.013501
0.0131818
0.012867
0.0125567
0.0122508
0.0119495
0.0116528
0.0113606
0.0110731
0.0107902
0.010512
0.0102385
0.00996959
0.00970542
0.00944594
0.00919115
0.00894105
0.00869564
0.00845489
0.0082188
0.00798736
0.00776054
0.00753832
0.00732067
0.00710757
0.006899
0.0066949
0.00649526
0.00630004
0.00610919
0.00592267
0.00574045
0.00556248
0.00538871
0.00521909
0.00505358
0.00489212
0.00473467
0.00458116
0.00443155
0.00428578
0.00414379
0.00400553
0.00387093
0.00373995
0.00361251
0.00348857
0.00336805
0.00325091
0.00313707
0.00302648
0.00291908
0.0028148
0.00271358
0.00261537
0.00252009
0.0024277
0.00233811
0.00225129
0.00216716
0.00208566
0.00200674
0.00193034
0.00185639
0.00178483
0.00171562
0.00164869
0.00158398
0.00152144
0.00146101
0.00140264
0.00134628
0.00129186
0.00123934
0.00118867
0.00113978
0.00109265
0.0010472
0.0010034
0.000961201
0.00092055
0.000881402
0.000843713
0.000807439
0.000772536
0.00073896
0.000706672
0.000675629
0.000645793
0.000617123
0.000589582
0.000563133
0.000537739
0.000513365
0.000489976
0.000467538
0.000446019
0.000425387
0.00040561
0.000386658
0.000368501
0.000351111
0.000334461
0.000318522
0.000303269
0.000288675
0.000274717
0.00026137
0.000248611
0.000236417
0.000224766
0.000213637
0.000203009
0.000192864
0.00018318
0.00017394
0.000165126
0.00015672
0.000148706
0.000141068
0.000133788
0.000126854
0.00012025
0.000113961
0.000107976
0.000102279
9.68596e-05
9.17048e-05
8.68031e-05
8.21434e-05
7.77149e-05
7.35072e-05
6.95103e-05
6.57147e-05
6.21112e-05
5.86909e-05
5.54455e-05
5.23667e-05
4.94469e-05
4.66784e-05
4.40542e-05
4.15673e-05
3.92113e-05
3.69798e-05
3.48667e-05
3.28664e-05
3.09733e-05
2.91821e-05
2.74878e-05
2.58855e-05
2.43706e-05
2.29389e-05
2.15859e-05
2.03078e-05
1.91007e-05
1.7961e-05
1.68852e-05
1.58699e-05
1.4912e-05
0.0414238
0.0414137
0.0413935
0.0413632
0.0413228
0.0412724
0.041212
0.0411416
0.0410614
0.0409712
0.0408713
0.0407617
0.0406425
0.0405137
0.0403754
0.0402278
0.040071
0.039905
0.0397301
0.0395462
0.0393536
0.0391523
0.0389426
0.0387245
0.0384983
0.038264
0.0380219
0.0377721
0.0375148
0.0372501
0.0369783
0.0366995
0.0364139
0.0361217
0.0358231
0.0355183
0.0352075
0.0348909
0.0345687
0.0342411
0.0339083
0.0335706
0.0332281
0.0328811
0.0325298
0.0321744
0.0318151
0.0314521
0.0310857
0.030716
0.0303433
0.0299679
0.0295898
0.0292094
0.0288269
0.0284424
0.0280562
0.0276684
0.0272794
0.0268893
0.0264983
0.0261066
0.0257144
0.0253219
0.0249293
0.0245368
0.0241446
0.0237529
0.0233618
0.0229716
0.0225823
0.0221942
0.0218075
0.0214223
0.0210388
0.020657
0.0202773
0.0198996
0.0195243
0.0191513
0.0187809
0.0184132
0.0180482
0.0176862
0.0173271
0.0169713
0.0166187
0.0162694
0.0159236
0.0155813
0.0152427
0.0149078
0.0145767
0.0142494
0.0139262
0.0136069
0.0132917
0.0129806
0.0126737
0.0123711
0.0120727
0.0117786
0.0114889
0.0112036
0.0109228
0.0106463
0.0103743
0.0101068
0.00984383
0.00958533
0.00933133
0.00908185
0.00883689
0.00859643
0.00836047
0.008129
0.00790202
0.00767949
0.00746141
0.00724776
0.0070385
0.00683362
0.00663308
0.00643685
0.00624491
0.00605721
0.00587371
0.00569439
0.00551919
0.00534808
0.005181
0.00501793
0.00485879
0.00470356
0.00455217
0.00440458
0.00426074
0.00412058
0.00398407
0.00385114
0.00372173
0.00359579
0.00347327
0.0033541
0.00323823
0.0031256
0.00301616
0.00290983
0.00280657
0.00270631
0.00260899
0.00251456
0.00242296
0.00233412
0.00224799
0.00216451
0.00208363
0.00200527
0.00192939
0.00185593
0.00178483
0.00171604
0.00164949
0.00158514
0.00152293
0.0014628
0.0014047
0.00134858
0.00129439
0.00124207
0.00119157
0.00114285
0.00109585
0.00105053
0.00100684
0.000964728
0.000924153
0.000885068
0.000847429
0.000811193
0.000776317
0.000742759
0.000710478
0.000679434
0.000649588
0.000620901
0.000593337
0.000566857
0.000541428
0.000517012
0.000493578
0.00047109
0.000449517
0.000428828
0.00040899
0.000389976
0.000371754
0.000354298
0.000337578
0.000321569
0.000306245
0.00029158
0.000277549
0.000264129
0.000251296
0.000239028
0.000227304
0.000216102
0.000205402
0.000195185
0.00018543
0.000176119
0.000167236
0.000158761
0.00015068
0.000142975
0.00013563
0.000128632
0.000121965
0.000115615
0.000109569
0.000103814
9.83368e-05
9.31262e-05
8.81701e-05
8.34574e-05
7.89773e-05
7.47195e-05
7.06739e-05
6.68311e-05
6.31818e-05
5.97172e-05
5.64288e-05
5.33084e-05
5.03483e-05
4.7541e-05
4.48792e-05
4.23561e-05
3.99652e-05
3.76999e-05
3.55544e-05
3.35228e-05
3.15996e-05
2.97795e-05
2.80573e-05
2.64283e-05
2.48877e-05
2.34313e-05
2.20547e-05
2.07539e-05
1.95251e-05
1.83645e-05
1.72687e-05
1.62343e-05
1.52582e-05
1.43373e-05
0.0398175
0.0398077
0.0397883
0.0397592
0.0397204
0.0396719
0.0396138
0.0395462
0.039469
0.0393824
0.0392864
0.039181
0.0390664
0.0389426
0.0388097
0.0386679
0.0385171
0.0383576
0.0381894
0.0380126
0.0378275
0.037634
0.0374325
0.0372228
0.0370054
0.0367802
0.0365475
0.0363074
0.03606
0.0358056
0.0355443
0.0352763
0.0350018
0.0347209
0.0344339
0.0341409
0.0338422
0.0335379
0.0332281
0.0329133
0.0325934
0.0322688
0.0319396
0.031606
0.0312683
0.0309267
0.0305813
0.0302324
0.0298802
0.0295249
0.0291667
0.0288058
0.0284424
0.0280767
0.027709
0.0273394
0.0269682
0.0265955
0.0262215
0.0258465
0.0254707
0.0250942
0.0247172
0.0243399
0.0239626
0.0235853
0.0232083
0.0228318
0.0224559
0.0220807
0.0217066
0.0213336
0.0209618
0.0205916
0.0202229
0.019856
0.0194909
0.019128
0.0187672
0.0184087
0.0180526
0.0176991
0.0173483
0.0170003
0.0166552
0.0163132
0.0159742
0.0156385
0.0153061
0.0149771
0.0146516
0.0143297
0.0140114
0.0136969
0.0133861
0.0130792
0.0127762
0.0124772
0.0121822
0.0118913
0.0116045
0.0113219
0.0110434
0.0107692
0.0104992
0.0102335
0.00997203
0.0097149
0.0094621
0.00921362
0.00896947
0.00872967
0.0084942
0.00826307
0.00803626
0.00781377
0.00759559
0.00738169
0.00717207
0.0069667
0.00676556
0.00656862
0.00637586
0.00618724
0.00600274
0.00582232
0.00564594
0.00547357
0.00530516
0.00514069
0.00498009
0.00482334
0.00467037
0.00452116
0.00437564
0.00423378
0.00409551
0.00396079
0.00382957
0.00370179
0.0035774
0.00345635
0.00333858
0.00322404
0.00311266
0.0030044
0.00289919
0.00279699
0.00269773
0.00260136
0.00250782
0.00241705
0.002329
0.00224361
0.00216082
0.00208058
0.00200283
0.00192751
0.00185457
0.00178396
0.00171562
0.00164949
0.00158553
0.00152367
0.00146387
0.00140607
0.00135023
0.00129628
0.00124419
0.0011939
0.00114536
0.00109853
0.00105336
0.00100979
0.000967795
0.000927317
0.000888315
0.000850746
0.000814567
0.000779736
0.000746212
0.000713955
0.000682926
0.000653086
0.000624398
0.000596823
0.000570328
0.000544875
0.000520432
0.000496963
0.000474437
0.000452822
0.000432085
0.000412198
0.00039313
0.000374853
0.000357338
0.000340558
0.000324487
0.000309099
0.000294369
0.000280272
0.000266786
0.000253886
0.000241551
0.000229759
0.00021849
0.000207722
0.000197437
0.000187616
0.000178239
0.00016929
0.000160751
0.000152605
0.000144837
0.00013743
0.000130371
0.000123644
0.000117235
0.000111131
0.00010532
9.97879e-05
9.45235e-05
8.95149e-05
8.4751e-05
8.0221e-05
7.59146e-05
7.18219e-05
6.79333e-05
6.42394e-05
6.07317e-05
5.74014e-05
5.42405e-05
5.12412e-05
4.83959e-05
4.56974e-05
4.31389e-05
4.07136e-05
3.84154e-05
3.6238e-05
3.41757e-05
3.22229e-05
3.03742e-05
2.86246e-05
2.69693e-05
2.54034e-05
2.39226e-05
2.25227e-05
2.11994e-05
1.99491e-05
1.87679e-05
1.76524e-05
1.65991e-05
1.56048e-05
1.46665e-05
1.37813e-05
0.038264
0.0382547
0.038236
0.038208
0.0381707
0.0381242
0.0380684
0.0380034
0.0379292
0.037846
0.0377537
0.0376524
0.0375423
0.0374233
0.0372956
0.0371593
0.0370144
0.0368611
0.0366995
0.0365296
0.0363517
0.0361658
0.0359721
0.0357707
0.0355617
0.0353453
0.0351216
0.0348909
0.0346532
0.0344087
0.0341576
0.0339001
0.0336363
0.0333663
0.0330905
0.032809
0.0325219
0.0322294
0.0319318
0.0316292
0.0313218
0.0310099
0.0306935
0.030373
0.0300485
0.0297201
0.0293882
0.0290529
0.0287145
0.028373
0.0280288
0.0276819
0.0273327
0.0269813
0.026628
0.0262728
0.025916
0.0255579
0.0251985
0.0248382
0.024477
0.0241152
0.0237529
0.0233903
0.0230277
0.0226652
0.0223029
0.021941
0.0215798
0.0212193
0.0208597
0.0205013
0.0201441
0.0197882
0.0194339
0.0190813
0.0187305
0.0183817
0.018035
0.0176905
0.0173483
0.0170086
0.0166715
0.0163371
0.0160054
0.0156767
0.015351
0.0150284
0.0147089
0.0143928
0.01408
0.0137706
0.0134648
0.0131625
0.0128639
0.0125689
0.0122778
0.0119904
0.011707
0.0114274
0.0111518
0.0108802
0.0106126
0.010349
0.0100896
0.00983422
0.00958299
0.00933589
0.00909295
0.00885416
0.00861954
0.00838909
0.00816281
0.0079407
0.00772274
0.00750893
0.00729926
0.00709371
0.00689226
0.0066949
0.00650161
0.00631235
0.00612711
0.00594585
0.00576855
0.00559517
0.00542567
0.00526002
0.00509819
0.00494013
0.0047858
0.00463516
0.00448817
0.00434477
0.00420493
0.0040686
0.00393573
0.00380627
0.00368017
0.00355737
0.00343784
0.00332151
0.00320833
0.00309825
0.00299122
0.00288719
0.00278609
0.00268787
0.00259248
0.00249987
0.00240998
0.00232275
0.00223814
0.00215608
0.00207652
0.00199941
0.00192469
0.00185231
0.00178222
0.00171436
0.00164869
0.00158514
0.00152367
0.00146423
0.00140676
0.00135122
0.00129755
0.00124571
0.00119565
0.00114732
0.00110068
0.00105567
0.00101226
0.000970397
0.000930038
0.000891139
0.000853659
0.000817555
0.000782788
0.000749316
0.0007171
0.000686102
0.000656283
0.000627607
0.000600038
0.000573539
0.000548077
0.000523618
0.000500128
0.000477575
0.000455928
0.000435155
0.000415228
0.000396117
0.000377793
0.000360229
0.000343397
0.000327272
0.000311828
0.00029704
0.000282885
0.000269338
0.000256377
0.000243981
0.000232127
0.000220795
0.000209966
0.000199618
0.000189734
0.000180296
0.000171285
0.000162685
0.000154479
0.000146651
0.000139186
0.000132068
0.000125284
0.00011882
0.000112661
0.000106796
0.000101211
9.58948e-05
9.08358e-05
8.60226e-05
8.14445e-05
7.70913e-05
7.2953e-05
6.90199e-05
6.52829e-05
6.17332e-05
5.83623e-05
5.5162e-05
5.21244e-05
4.92421e-05
4.65078e-05
4.39146e-05
4.14559e-05
3.91252e-05
3.69166e-05
3.48242e-05
3.28424e-05
3.09657e-05
2.91892e-05
2.75079e-05
2.59171e-05
2.44123e-05
2.29893e-05
2.1644e-05
2.03724e-05
1.91708e-05
1.80357e-05
1.69637e-05
1.59515e-05
1.4996e-05
1.40943e-05
1.32436e-05
0.0367623
0.0367533
0.0367353
0.0367084
0.0366726
0.0366279
0.0365743
0.0365118
0.0364406
0.0363606
0.0362719
0.0361746
0.0360688
0.0359545
0.0358318
0.0357009
0.0355617
0.0354144
0.0352591
0.0350959
0.034925
0.0347464
0.0345602
0.0343667
0.0341659
0.033958
0.0337432
0.0335215
0.0332931
0.0330582
0.032817
0.0325696
0.0323161
0.0320568
0.0317918
0.0315213
0.0312455
0.0309645
0.0306785
0.0303878
0.0300925
0.0297928
0.0294889
0.0291809
0.0288691
0.0285537
0.0282348
0.0279127
0.0275875
0.0272594
0.0269287
0.0265955
0.02626
0.0259224
0.0255829
0.0252416
0.0248989
0.0245548
0.0242095
0.0238633
0.0235163
0.0231687
0.0228206
0.0224723
0.0221239
0.0217756
0.0214275
0.0210799
0.0207328
0.0203865
0.020041
0.0196966
0.0193534
0.0190116
0.0186712
0.0183324
0.0179954
0.0176603
0.0173271
0.0169962
0.0166674
0.0163411
0.0160172
0.0156959
0.0153773
0.0150614
0.0147485
0.0144385
0.0141316
0.0138279
0.0135274
0.0132302
0.0129363
0.0126459
0.012359
0.0120756
0.0117959
0.0115198
0.0112475
0.0109789
0.0107141
0.0104531
0.0101961
0.00994286
0.00969358
0.00944824
0.00920687
0.00896947
0.00873607
0.00850665
0.00828124
0.00805984
0.00784244
0.00762904
0.00741963
0.00721422
0.00701277
0.00681529
0.00662175
0.00643214
0.00624643
0.00606461
0.00588663
0.00571249
0.00554215
0.00537557
0.00521272
0.00505358
0.0048981
0.00474624
0.00459797
0.00445324
0.00431201
0.00417425
0.0040399
0.00390892
0.00378126
0.00365688
0.00353573
0.00341775
0.00330291
0.00319115
0.00308241
0.00297665
0.00287382
0.00277387
0.00267674
0.00258238
0.00249073
0.00240176
0.00231539
0.00223159
0.00215029
0.00207145
0.00199502
0.00192093
0.00184915
0.00177961
0.00171227
0.00164708
0.00158398
0.00152293
0.00146387
0.00140676
0.00135155
0.00129818
0.00124662
0.00119682
0.00114872
0.00110229
0.00105748
0.00101424
0.000972532
0.000932311
0.000893535
0.000856163
0.000820154
0.000785468
0.000752065
0.000719907
0.000688955
0.000659173
0.000630525
0.000602975
0.000576487
0.000551029
0.000526566
0.000503067
0.000480499
0.000458831
0.000438033
0.000418076
0.000398931
0.00038057
0.000362965
0.00034609
0.000329919
0.000314427
0.000299589
0.000285382
0.000271782
0.000258767
0.000246315
0.000234405
0.000223017
0.00021213
0.000201725
0.000191784
0.000182288
0.00017322
0.000164563
0.0001563
0.000148416
0.000140895
0.000133723
0.000126885
0.000120367
0.000114156
0.000108239
0.000102604
9.72387e-05
9.21312e-05
8.72706e-05
8.26463e-05
7.8248e-05
7.40656e-05
7.00897e-05
6.6311e-05
6.27207e-05
5.93103e-05
5.60717e-05
5.2997e-05
5.00786e-05
4.73094e-05
4.46824e-05
4.2191e-05
3.98288e-05
3.75897e-05
3.54677e-05
3.34574e-05
3.15534e-05
2.97504e-05
2.80436e-05
2.64283e-05
2.48999e-05
2.34542e-05
2.2087e-05
2.07945e-05
1.95728e-05
1.84184e-05
1.73278e-05
1.62979e-05
1.53254e-05
1.44074e-05
1.35411e-05
1.27238e-05
0.0353108
0.0353022
0.0352849
0.0352591
0.0352247
0.0351817
0.0351302
0.0350702
0.0350018
0.034925
0.0348398
0.0347464
0.0346447
0.0345349
0.0344171
0.0342913
0.0341576
0.0340161
0.033867
0.0337102
0.033546
0.0333745
0.0331957
0.0330098
0.032817
0.0326173
0.0324109
0.032198
0.0319786
0.031753
0.0315213
0.0312836
0.0310402
0.0307911
0.0305366
0.0302767
0.0300118
0.0297419
0.0294673
0.029188
0.0289044
0.0286165
0.0283246
0.0280288
0.0277293
0.0274263
0.02712
0.0268106
0.0264983
0.0261832
0.0258655
0.0255454
0.0252232
0.0248989
0.0245728
0.024245
0.0239158
0.0235853
0.0232537
0.0229211
0.0225878
0.0222539
0.0219196
0.021585
0.0212504
0.0209158
0.0205815
0.0202476
0.0199142
0.0195816
0.0192498
0.018919
0.0185893
0.0182609
0.017934
0.0176086
0.0172849
0.016963
0.016643
0.0163251
0.0160093
0.0156959
0.0153848
0.0150762
0.0147701
0.0144668
0.0141662
0.0138685
0.0135737
0.0132819
0.0129933
0.0127078
0.0124255
0.0121466
0.011871
0.0115989
0.0113302
0.011065
0.0108034
0.0105454
0.0102911
0.0100404
0.00979349
0.00955029
0.00931085
0.0090752
0.00884336
0.00861534
0.00839114
0.00817079
0.00795428
0.00774161
0.0075328
0.00732782
0.00712669
0.00692938
0.00673589
0.00654621
0.00636031
0.00617818
0.00599981
0.00582516
0.00565421
0.00548695
0.00532333
0.00516333
0.00500691
0.00485405
0.00470471
0.00455884
0.00441643
0.00427741
0.00414176
0.00400944
0.00388039
0.00375458
0.00363197
0.0035125
0.00339613
0.00328281
0.0031725
0.00306515
0.00296071
0.00285913
0.00276036
0.00266435
0.00257105
0.00248042
0.00239239
0.00230693
0.00222397
0.00214348
0.00206539
0.00198967
0.00191625
0.00184509
0.00177614
0.00170935
0.00164467
0.00158205
0.00152144
0.0014628
0.00140607
0.00135122
0.00129818
0.00124693
0.0011974
0.00114957
0.00110337
0.00105877
0.00101573
0.000974195
0.000934134
0.000895501
0.000858256
0.00082236
0.000787772
0.000754456
0.000722371
0.000691483
0.000661753
0.000633148
0.00060563
0.000579168
0.000553726
0.000529273
0.000505776
0.000483204
0.000461527
0.000440715
0.000420739
0.00040157
0.000383181
0.000365544
0.000348634
0.000332426
0.000316893
0.000302013
0.000287761
0.000274114
0.000261051
0.00024855
0.00023659
0.00022515
0.000214211
0.000203754
0.00019376
0.000184211
0.000175091
0.000166381
0.000158065
0.000150129
0.000142556
0.000135332
0.000128443
0.000121875
0.000115615
0.000109649
0.000103966
9.85532e-05
9.33994e-05
8.84936e-05
8.3825e-05
7.93833e-05
7.51586e-05
7.11413e-05
6.73224e-05
6.36929e-05
6.02443e-05
5.69686e-05
5.38578e-05
5.09045e-05
4.81014e-05
4.54415e-05
4.29183e-05
4.05252e-05
3.82562e-05
3.61055e-05
3.40674e-05
3.21364e-05
3.03075e-05
2.85758e-05
2.69364e-05
2.53848e-05
2.39168e-05
2.25282e-05
2.1215e-05
1.99735e-05
1.88e-05
1.76912e-05
1.66437e-05
1.56544e-05
1.47203e-05
1.38386e-05
1.30065e-05
1.22215e-05
0.0339083
0.0339001
0.0338835
0.0338587
0.0338257
0.0337844
0.0337349
0.0336773
0.0336116
0.0335379
0.0334561
0.0333663
0.0332687
0.0331633
0.0330502
0.0329293
0.032801
0.0326651
0.0325219
0.0323714
0.0322137
0.032049
0.0318773
0.0316988
0.0315136
0.0313218
0.0311236
0.0309192
0.0307085
0.0304919
0.0302694
0.0300411
0.0298073
0.0295682
0.0293237
0.0290742
0.0288198
0.0285607
0.0282969
0.0280288
0.0277564
0.0274799
0.0271996
0.0269155
0.026628
0.026337
0.0260429
0.0257458
0.0254458
0.0251432
0.0248382
0.0245308
0.0242214
0.02391
0.0235968
0.0232821
0.0229659
0.0226486
0.0223301
0.0220108
0.0216907
0.0213701
0.021049
0.0207278
0.0204064
0.0200851
0.0197641
0.0194434
0.0191233
0.0188038
0.0184852
0.0181676
0.017851
0.0175357
0.0172217
0.0169092
0.0165984
0.0162893
0.015982
0.0156767
0.0153735
0.0150725
0.0147737
0.0144774
0.0141835
0.0138922
0.0136036
0.0133177
0.0130346
0.0127544
0.0124772
0.0122031
0.011932
0.0116642
0.0113995
0.0111382
0.0108802
0.0106255
0.0103743
0.0101266
0.00988236
0.00964165
0.00940452
0.00917098
0.00894105
0.00871476
0.00849213
0.00827316
0.00805787
0.00784627
0.00763836
0.00743414
0.00723362
0.00703678
0.00684364
0.00665417
0.00646836
0.00628621
0.0061077
0.0059328
0.00576151
0.0055938
0.00542965
0.00526902
0.0051119
0.00495825
0.00480805
0.00466126
0.00451785
0.00437778
0.00424102
0.00410753
0.00397727
0.0038502
0.00372628
0.00360546
0.00348772
0.00337299
0.00326124
0.00315243
0.0030465
0.00294341
0.00284312
0.00274557
0.00265072
0.00255853
0.00246894
0.0023819
0.00229737
0.0022153
0.00213564
0.00205835
0.00198336
0.00191064
0.00184014
0.00177181
0.0017056
0.00164146
0.00157935
0.00151921
0.00146101
0.0014047
0.00135023
0.00129755
0.00124662
0.0011974
0.00114985
0.00110391
0.00105955
0.00101672
0.000975385
0.000935503
0.000897033
0.000859934
0.000824169
0.000789698
0.000756484
0.000724491
0.000693681
0.000664019
0.00063547
0.000608001
0.000581576
0.000556165
0.000531734
0.000508252
0.000485688
0.000464013
0.000443197
0.000423211
0.000404028
0.000385621
0.000367962
0.000351026
0.000334788
0.000319223
0.000304307
0.000290018
0.000276332
0.000263227
0.000250683
0.000238679
0.000227193
0.000216208
0.000205704
0.000195662
0.000186065
0.000176895
0.000168136
0.000159772
0.000151787
0.000144166
0.000136894
0.000129957
0.000123342
0.000117035
0.000111023
0.000105294
9.98367e-05
9.46389e-05
8.96899e-05
8.49789e-05
8.04957e-05
7.62304e-05
7.21735e-05
6.83158e-05
6.46485e-05
6.11632e-05
5.78516e-05
5.4706e-05
5.17188e-05
4.88827e-05
4.61909e-05
4.36367e-05
4.12137e-05
3.89157e-05
3.67368e-05
3.46715e-05
3.27143e-05
3.08601e-05
2.91038e-05
2.74408e-05
2.58665e-05
2.43766e-05
2.29669e-05
2.16334e-05
2.03724e-05
1.91802e-05
1.80533e-05
1.69885e-05
1.59827e-05
1.50327e-05
1.41357e-05
1.3289e-05
1.24899e-05
1.17361e-05
0.0325537
0.0325457
0.0325298
0.032506
0.0324743
0.0324347
0.0323872
0.0323319
0.0322688
0.032198
0.0321195
0.0320333
0.0319396
0.0318384
0.0317298
0.0316138
0.0314905
0.0313601
0.0312226
0.0310781
0.0309267
0.0307686
0.0306037
0.0304324
0.0302546
0.0300705
0.0298802
0.0296839
0.0294817
0.0292737
0.02906
0.0288409
0.0286165
0.0283869
0.0281522
0.0279127
0.0276684
0.0274196
0.0271664
0.026909
0.0266475
0.0263821
0.0261129
0.0258402
0.0255641
0.0252848
0.0250024
0.0247172
0.0244292
0.0241387
0.0238459
0.0235508
0.0232537
0.0229547
0.0226541
0.0223519
0.0220484
0.0217437
0.021438
0.0211314
0.0208241
0.0205163
0.0202081
0.0198996
0.0195911
0.0192827
0.0189745
0.0186666
0.0183593
0.0180526
0.0177467
0.0174417
0.0171378
0.0168351
0.0165337
0.0162337
0.0159353
0.0156385
0.0153435
0.0150504
0.0147593
0.0144703
0.0141835
0.013899
0.0136168
0.0133372
0.0130601
0.0127856
0.0125138
0.0122449
0.0119787
0.0117155
0.0114553
0.0111982
0.0109441
0.0106932
0.0104455
0.010201
0.00995986
0.00972202
0.00948754
0.00925646
0.00902879
0.00880458
0.00858384
0.00836659
0.00815285
0.00794263
0.00773595
0.0075328
0.00733319
0.00713713
0.00694462
0.00675565
0.00657022
0.00638832
0.00620994
0.00603507
0.00586368
0.00569578
0.00553133
0.00537032
0.00521272
0.00505852
0.00490767
0.00476016
0.00461596
0.00447504
0.00433735
0.00420288
0.00407158
0.00394343
0.00381837
0.00369637
0.0035774
0.00346142
0.00334838
0.00323823
0.00313095
0.00302648
0.00292479
0.00282582
0.00272953
0.00263588
0.00254482
0.00245631
0.0023703
0.00228674
0.00220559
0.0021268
0.00205032
0.00197611
0.00190412
0.00183431
0.00176663
0.00170102
0.00163746
0.00157588
0.00151625
0.00145852
0.00140264
0.00134858
0.00129628
0.00124571
0.00119682
0.00114957
0.00110391
0.0010598
0.00101722
0.0009761
0.000936417
0.000898128
0.000861195
0.000825578
0.000791242
0.000758148
0.000726262
0.000695546
0.000665967
0.00063749
0.000610082
0.00058371
0.000558342
0.000533945
0.00051049
0.000487946
0.000466284
0.000445475
0.00042549
0.000406303
0.000387887
0.000370214
0.000353261
0.000337002
0.000321412
0.000306469
0.00029215
0.000278431
0.000265292
0.000252711
0.000240668
0.000229143
0.000218117
0.00020757
0.000197485
0.000187845
0.000178631
0.000169828
0.000161419
0.000153389
0.000145723
0.000138407
0.000131425
0.000124765
0.000118414
0.000112359
0.000106587
0.000101088
9.5848e-05
9.08579e-05
8.61066e-05
8.15838e-05
7.72797e-05
7.31849e-05
6.929e-05
6.55865e-05
6.20657e-05
5.87196e-05
5.55403e-05
5.25204e-05
4.96525e-05
4.69298e-05
4.43455e-05
4.18934e-05
3.95671e-05
3.73609e-05
3.52691e-05
3.32863e-05
3.14073e-05
2.96272e-05
2.79411e-05
2.63445e-05
2.48331e-05
2.34027e-05
2.20493e-05
2.07691e-05
1.95585e-05
1.84139e-05
1.73321e-05
1.63098e-05
1.53441e-05
1.44321e-05
1.35709e-05
1.2758e-05
1.19909e-05
1.12672e-05
0.0312455
0.0312378
0.0312226
0.0311997
0.0311693
0.0311312
0.0310857
0.0310326
0.030972
0.0309041
0.0308287
0.030746
0.0306561
0.0305589
0.0304547
0.0303433
0.030225
0.0300999
0.0299679
0.0298292
0.0296839
0.0295321
0.0293739
0.0292094
0.0290388
0.0288621
0.0286794
0.028491
0.0282969
0.0280973
0.0278922
0.0276819
0.0274665
0.0272461
0.0270209
0.026791
0.0265565
0.0263177
0.0260747
0.0258276
0.0255766
0.0253219
0.0250636
0.0248018
0.0245368
0.0242687
0.0239977
0.0237239
0.0234475
0.0231687
0.0228876
0.0226044
0.0223192
0.0220323
0.0217437
0.0214537
0.0211624
0.0208699
0.0205765
0.0202822
0.0199873
0.0196918
0.019396
0.0191
0.0188038
0.0185078
0.018212
0.0179165
0.0176215
0.0173271
0.0170335
0.0167408
0.0164491
0.0161586
0.0158693
0.0155813
0.0152949
0.01501
0.0147269
0.0144456
0.0141662
0.0138888
0.0136135
0.0133404
0.0130696
0.0128012
0.0125352
0.0122718
0.012011
0.0117528
0.0114974
0.0112447
0.010995
0.0107482
0.0105043
0.0102635
0.0100257
0.0097911
0.00955962
0.00933133
0.00910628
0.00888448
0.00866596
0.00845076
0.00823889
0.00803038
0.00782522
0.00762345
0.00742507
0.00723009
0.0070385
0.00685032
0.00666555
0.00648417
0.00630619
0.0061316
0.00596039
0.00579254
0.00562805
0.00546689
0.00530905
0.00515451
0.00500325
0.00485524
0.00471045
0.00456887
0.00443047
0.0042952
0.00416305
0.00403399
0.00390796
0.00378496
0.00366492
0.00354783
0.00343364
0.00332232
0.00321382
0.0031081
0.00300513
0.00290486
0.00280725
0.00271226
0.00261984
0.00252996
0.00244256
0.0023576
0.00227505
0.00219485
0.00211696
0.00204133
0.00196793
0.0018967
0.00182761
0.0017606
0.00169563
0.00163267
0.00157165
0.00151255
0.00145532
0.00139991
0.00134628
0.00129439
0.00124419
0.00119565
0.00114872
0.00110337
0.00105955
0.00101722
0.000976338
0.000936874
0.000898786
0.000862036
0.000826587
0.000792402
0.000759445
0.000727682
0.000697076
0.000667595
0.000639205
0.000611872
0.000585566
0.000560253
0.000535904
0.000512488
0.000489976
0.000468338
0.000447546
0.000427573
0.000408392
0.000389976
0.000372299
0.000355337
0.000339065
0.000323459
0.000308496
0.000294154
0.000280409
0.000267242
0.000254631
0.000242556
0.000230997
0.000219935
0.000209351
0.000199229
0.000189549
0.000180296
0.000171453
0.000163003
0.000154932
0.000147225
0.000139867
0.000132845
0.000126144
0.000119752
0.000113656
0.000107844
0.000102304
9.70252e-05
9.19963e-05
8.72067e-05
8.26463e-05
7.83053e-05
7.41742e-05
7.02439e-05
6.65056e-05
6.29508e-05
5.95715e-05
5.63599e-05
5.33084e-05
5.04098e-05
4.76572e-05
4.50439e-05
4.25635e-05
4.02098e-05
3.79771e-05
3.58595e-05
3.38518e-05
3.19487e-05
3.01452e-05
2.84366e-05
2.68182e-05
2.52858e-05
2.38352e-05
2.24623e-05
2.11632e-05
1.99345e-05
1.87725e-05
1.76739e-05
1.66356e-05
1.56544e-05
1.47275e-05
1.38521e-05
1.30256e-05
1.22454e-05
1.15091e-05
1.08144e-05
0.0299825
0.0299752
0.0299606
0.0299386
0.0299094
0.0298729
0.0298292
0.0297782
0.0297201
0.0296549
0.0295826
0.0295033
0.029417
0.0293237
0.0292237
0.0291169
0.0290033
0.0288832
0.0287566
0.0286235
0.0284841
0.0283384
0.0281866
0.0280288
0.027865
0.0276955
0.0275202
0.0273394
0.0271532
0.0269616
0.0267648
0.026563
0.0263563
0.0261448
0.0259287
0.0257081
0.0254831
0.025254
0.0250208
0.0247837
0.0245428
0.0242984
0.0240505
0.0237993
0.023545
0.0232878
0.0230277
0.022765
0.0224998
0.0222322
0.0219625
0.0216907
0.0214171
0.0211417
0.0208648
0.0205865
0.020307
0.0200264
0.0197448
0.0194624
0.0191794
0.0188959
0.018612
0.0183279
0.0180438
0.0177597
0.0174758
0.0171923
0.0169092
0.0166268
0.016345
0.0160642
0.0157842
0.0155054
0.0152278
0.0149515
0.0146767
0.0144033
0.0141316
0.0138617
0.0135936
0.0133274
0.0130633
0.0128012
0.0125414
0.0122838
0.0120286
0.0117758
0.0115255
0.0112777
0.0110326
0.0107902
0.0105506
0.0103137
0.0100797
0.00984864
0.00962049
0.00939534
0.00917322
0.00895416
0.0087382
0.00852536
0.00831568
0.00810918
0.00790588
0.00770579
0.00750893
0.00731531
0.00712495
0.00693784
0.006754
0.00657343
0.00639612
0.00622208
0.0060513
0.00588376
0.00571947
0.00555841
0.00540056
0.00524592
0.00509446
0.00494616
0.00480101
0.00465899
0.00452006
0.0043842
0.00425139
0.00412159
0.00399478
0.00387093
0.00375
0.00363197
0.00351679
0.00340443
0.00329486
0.00318803
0.00308392
0.00298247
0.00288366
0.00278745
0.00269378
0.00260263
0.00251395
0.0024277
0.00234383
0.00226231
0.00218309
0.00210613
0.00203139
0.00195882
0.00188838
0.00182004
0.00175373
0.00168943
0.00162709
0.00156667
0.00150813
0.00145141
0.00139649
0.00134332
0.00129186
0.00124207
0.0011939
0.00114732
0.00110229
0.00105877
0.00101672
0.0009761
0.000936874
0.000899006
0.000862457
0.000827192
0.000793176
0.000760373
0.000728748
0.000698269
0.0006689
0.000640611
0.000613368
0.00058714
0.000561897
0.000537608
0.000514243
0.000491773
0.000470171
0.000449407
0.000429456
0.000410291
0.000391884
0.000374213
0.000357251
0.000340974
0.00032536
0.000310385
0.000296027
0.000282264
0.000269075
0.00025644
0.000244339
0.000232751
0.00022166
0.000211045
0.000200889
0.000191176
0.000181888
0.000173008
0.000164522
0.000156415
0.00014867
0.000141274
0.000134214
0.000127475
0.000121045
0.000114911
0.000109062
0.000103485
9.81689e-05
9.31035e-05
8.82778e-05
8.36818e-05
7.93058e-05
7.51402e-05
7.11761e-05
6.74046e-05
6.38174e-05
6.04063e-05
5.71637e-05
5.40818e-05
5.11537e-05
4.83722e-05
4.57309e-05
4.32232e-05
4.0843e-05
3.85845e-05
3.6442e-05
3.44101e-05
3.24835e-05
3.06573e-05
2.89267e-05
2.72872e-05
2.57342e-05
2.42638e-05
2.28718e-05
2.15543e-05
2.03078e-05
1.91287e-05
1.80137e-05
1.69595e-05
1.59632e-05
1.50216e-05
1.41322e-05
1.32922e-05
1.24991e-05
1.17504e-05
1.10439e-05
1.03773e-05
0.0287636
0.0287566
0.0287425
0.0287215
0.0286934
0.0286584
0.0286165
0.0285676
0.0285119
0.0284493
0.0283799
0.0283038
0.028221
0.0281316
0.0280356
0.0279331
0.0278242
0.027709
0.0275875
0.0274598
0.0273261
0.0271863
0.0270407
0.0268893
0.0267322
0.0265695
0.0264014
0.0262279
0.0260493
0.0258655
0.0256767
0.0254831
0.0252848
0.0250819
0.0248746
0.0246629
0.0244471
0.0242273
0.0240036
0.0237761
0.023545
0.0233105
0.0230727
0.0228318
0.0225878
0.022341
0.0220915
0.0218395
0.021585
0.0213284
0.0210696
0.0208089
0.0205464
0.0202822
0.0200166
0.0197496
0.0194814
0.0192122
0.0189421
0.0186712
0.0183997
0.0181277
0.0178554
0.0175828
0.0173102
0.0170377
0.0167654
0.0164934
0.0162218
0.0159508
0.0156805
0.0154111
0.0151426
0.0148751
0.0146087
0.0143437
0.01408
0.0138178
0.0135571
0.0132982
0.013041
0.0127856
0.0125322
0.0122808
0.0120315
0.0117844
0.0115395
0.011297
0.0110569
0.0108193
0.0105841
0.0103516
0.0101216
0.00989443
0.00966994
0.00944824
0.00922938
0.00901338
0.00880028
0.00859013
0.00838295
0.00817877
0.00797762
0.00777951
0.00758447
0.00739251
0.00720366
0.00701791
0.00683529
0.00665579
0.00647942
0.00630619
0.00613609
0.00596913
0.00580528
0.00564456
0.00548695
0.00533243
0.005181
0.00503265
0.00488735
0.00474508
0.00460583
0.00446958
0.0043363
0.00420596
0.00407855
0.00395403
0.00383238
0.00371356
0.00359755
0.00348431
0.00337381
0.00326602
0.0031609
0.00305842
0.00295854
0.00286122
0.00276643
0.00267412
0.00258427
0.00249682
0.00241174
0.002329
0.00224854
0.00217034
0.00209434
0.00202051
0.0019488
0.00187919
0.00181161
0.00174604
0.00168244
0.00162075
0.00156095
0.00150298
0.00144681
0.00139241
0.00133972
0.00128871
0.00123934
0.00119157
0.00114536
0.00110068
0.00105748
0.00101573
0.000975385
0.000936417
0.000898786
0.000862457
0.000827394
0.000793563
0.00076093
0.00072946
0.000699121
0.000669881
0.000641707
0.000614567
0.000588432
0.000563271
0.000539053
0.000515752
0.000493337
0.000471781
0.000451056
0.000431137
0.000411997
0.00039361
0.000375953
0.000358999
0.000342727
0.000327112
0.000312133
0.000297766
0.000283992
0.000270789
0.000258136
0.000246015
0.000234405
0.000223289
0.000212648
0.000202465
0.000192722
0.000183404
0.000174493
0.000165975
0.000157834
0.000150056
0.000142626
0.000135531
0.000128757
0.000122293
0.000116124
0.00011024
0.000104628
9.92776e-05
9.41779e-05
8.93184e-05
8.46889e-05
8.02798e-05
7.60816e-05
7.20854e-05
6.82824e-05
6.46643e-05
6.12229e-05
5.79506e-05
5.48397e-05
5.18832e-05
4.90741e-05
4.64057e-05
4.38717e-05
4.1466e-05
3.91826e-05
3.70159e-05
3.49605e-05
3.30112e-05
3.11629e-05
2.9411e-05
2.77507e-05
2.61778e-05
2.4688e-05
2.32773e-05
2.19419e-05
2.0678e-05
1.94822e-05
1.83511e-05
1.72814e-05
1.62701e-05
1.53142e-05
1.4411e-05
1.35577e-05
1.27518e-05
1.19909e-05
1.12727e-05
1.05949e-05
9.9554e-06
0.0275875
0.0275808
0.0275673
0.0275471
0.0275202
0.0274866
0.0274464
0.0273995
0.0273461
0.0272861
0.0272195
0.0271465
0.0270671
0.0269813
0.0268893
0.026791
0.0266865
0.026576
0.0264595
0.026337
0.0262087
0.0260747
0.025935
0.0257898
0.0256391
0.0254831
0.0253219
0.0251555
0.0249841
0.0248079
0.0246268
0.0244412
0.024251
0.0240564
0.0238575
0.0236545
0.0234475
0.0232367
0.0230221
0.0228039
0.0225823
0.0223574
0.0221293
0.0218982
0.0216642
0.0214275
0.0211882
0.0209465
0.0207025
0.0204563
0.0202081
0.019958
0.0197063
0.0194529
0.0191981
0.0189421
0.0186849
0.0184266
0.0181676
0.0179077
0.0176473
0.0173865
0.0171253
0.0168639
0.0166024
0.0163411
0.0160799
0.015819
0.0155585
0.0152986
0.0150394
0.0147809
0.0145234
0.0142668
0.0140114
0.0137572
0.0135043
0.0132528
0.0130028
0.0127544
0.0125077
0.0122628
0.0120198
0.0117786
0.0115395
0.0113025
0.0110677
0.0108351
0.0106048
0.0103769
0.0101513
0.0099283
0.00970779
0.00948986
0.00927455
0.00906192
0.008852
0.00864483
0.00844045
0.00823889
0.00804018
0.00784435
0.00765142
0.00746141
0.00727435
0.00709024
0.00690911
0.00673096
0.0065558
0.00638364
0.00621449
0.00604834
0.0058852
0.00572506
0.00556791
0.00541376
0.00526259
0.0051144
0.00496916
0.00482687
0.00468751
0.00455106
0.00441751
0.00428682
0.00415899
0.00403399
0.00391178
0.00379236
0.00367568
0.00356172
0.00345045
0.00334184
0.00323586
0.00313248
0.00303166
0.00293337
0.00283757
0.00274423
0.00265331
0.00256478
0.0024786
0.00239473
0.00231313
0.00223377
0.0021566
0.00208159
0.0020087
0.00193789
0.00186912
0.00180235
0.00173754
0.00167465
0.00161364
0.00155448
0.00149712
0.00144153
0.00138766
0.00133547
0.00128494
0.00123602
0.00118867
0.00114285
0.00109853
0.00105567
0.00101424
0.000974195
0.000935503
0.000898128
0.000862036
0.000827192
0.000793563
0.000761116
0.000729817
0.000699634
0.000670535
0.00064249
0.000615468
0.000589438
0.000564372
0.000540239
0.000517012
0.000494663
0.000473165
0.00045249
0.000432613
0.000413508
0.000395151
0.000377516
0.00036058
0.00034432
0.000328713
0.000313737
0.00029937
0.000285591
0.00027238
0.000259716
0.000247581
0.000235955
0.000224821
0.000214159
0.000203953
0.000194186
0.000184842
0.000175905
0.000167358
0.000159188
0.00015138
0.00014392
0.000136794
0.000129989
0.000123493
0.000117292
0.000111376
0.000105732
0.00010035
9.52183e-05
9.03271e-05
8.56663e-05
8.12261e-05
7.69973e-05
7.29708e-05
6.9138e-05
6.54905e-05
6.20203e-05
5.87196e-05
5.5581e-05
5.25974e-05
4.97617e-05
4.70675e-05
4.45082e-05
4.20779e-05
3.97705e-05
3.75805e-05
3.55024e-05
3.3531e-05
3.16614e-05
2.98887e-05
2.82084e-05
2.6616e-05
2.51074e-05
2.36786e-05
2.23256e-05
2.10447e-05
1.98325e-05
1.86856e-05
1.76007e-05
1.65748e-05
1.56048e-05
1.4688e-05
1.38217e-05
1.30033e-05
1.22304e-05
1.15006e-05
1.08118e-05
1.01617e-05
9.54834e-06
0.026453
0.0264466
0.0264336
0.0264143
0.0263885
0.0263563
0.0263177
0.0262728
0.0262215
0.026164
0.0261002
0.0260302
0.025954
0.0258718
0.0257835
0.0256893
0.0255891
0.0254831
0.0253714
0.025254
0.025131
0.0250024
0.0248685
0.0247293
0.0245848
0.0244352
0.0242806
0.024121
0.0239567
0.0237877
0.0236141
0.0234361
0.0232537
0.0230671
0.0228764
0.0226818
0.0224833
0.0222811
0.0220754
0.0218662
0.0216537
0.021438
0.0212193
0.0209977
0.0207733
0.0205464
0.0203169
0.0200851
0.0198511
0.0196151
0.0193771
0.0191373
0.0188959
0.018653
0.0184087
0.0181631
0.0179165
0.0176689
0.0174205
0.0171713
0.0169216
0.0166715
0.016421
0.0161704
0.0159197
0.0156691
0.0154186
0.0151685
0.0149187
0.0146695
0.0144209
0.0141731
0.0139262
0.0136802
0.0134352
0.0131915
0.0129489
0.0127078
0.0124681
0.0122299
0.0119934
0.0117585
0.0115255
0.0112943
0.011065
0.0108378
0.0106126
0.0103895
0.0101687
0.00995014
0.0097339
0.00952002
0.00930858
0.00909961
0.00889316
0.00868927
0.00848798
0.00828933
0.00809336
0.00790009
0.00770955
0.00752177
0.00733677
0.00715458
0.00697521
0.00679867
0.00662499
0.00645416
0.00628621
0.00612113
0.00595893
0.00579962
0.00564318
0.00548963
0.00533895
0.00519113
0.00504618
0.00490408
0.00476481
0.00462838
0.00449475
0.00436391
0.00423585
0.00411054
0.00398796
0.0038681
0.00375092
0.0036364
0.00352452
0.00341525
0.00330856
0.00320442
0.0031028
0.00300366
0.00290699
0.00281274
0.00272088
0.00263138
0.0025442
0.00245931
0.00237667
0.00229625
0.00221801
0.00214191
0.00206792
0.00199599
0.0019261
0.0018582
0.00179226
0.00172823
0.00166609
0.00160578
0.00154729
0.00149056
0.00143556
0.00138225
0.00133059
0.00128056
0.0012321
0.00118519
0.00113978
0.00109585
0.00105336
0.00101226
0.000972532
0.000934134
0.000897033
0.000861195
0.000826587
0.000793176
0.00076093
0.000729817
0.000699805
0.000670863
0.000642961
0.000616069
0.000590158
0.000565199
0.000541163
0.000518023
0.000495751
0.000474321
0.000453707
0.000433882
0.000414823
0.000396504
0.000378901
0.000361992
0.000345752
0.000330161
0.000315196
0.000300835
0.000287059
0.000273847
0.000261179
0.000249036
0.0002374
0.000226252
0.000215575
0.000205352
0.000195566
0.000186201
0.000177241
0.000168671
0.000160476
0.000152642
0.000145155
0.000138002
0.000131169
0.000124644
0.000118414
0.000112469
0.000106796
0.000101384
9.62232e-05
9.13027e-05
8.66126e-05
8.21434e-05
7.78859e-05
7.38309e-05
6.997e-05
6.62948e-05
6.27973e-05
5.94698e-05
5.63049e-05
5.32954e-05
5.04344e-05
4.77154e-05
4.51319e-05
4.26779e-05
4.03475e-05
3.8135e-05
3.60351e-05
3.40424e-05
3.21521e-05
3.03594e-05
2.86596e-05
2.70484e-05
2.55215e-05
2.4075e-05
2.27048e-05
2.14075e-05
2.01793e-05
1.9017e-05
1.79172e-05
1.68769e-05
1.58932e-05
1.49631e-05
1.4084e-05
1.32533e-05
1.24686e-05
1.17275e-05
1.10277e-05
1.03672e-05
9.7438e-06
9.15569e-06
0.025359
0.0253528
0.0253404
0.0253219
0.0252972
0.0252663
0.0252293
0.0251862
0.0251371
0.0250819
0.0250208
0.0249537
0.0248807
0.0248018
0.0247172
0.0246268
0.0245308
0.0244292
0.0243221
0.0242095
0.0240916
0.0239684
0.02384
0.0237065
0.023568
0.0234246
0.0232764
0.0231235
0.0229659
0.0228039
0.0226375
0.0224668
0.022292
0.0221131
0.0219303
0.0217437
0.0215535
0.0213596
0.0211624
0.0209618
0.0207581
0.0205514
0.0203417
0.0201293
0.0199142
0.0196966
0.0194767
0.0192545
0.0190301
0.0188038
0.0185757
0.0183458
0.0181144
0.0178815
0.0176473
0.017412
0.0171755
0.0169382
0.0167
0.0164612
0.0162218
0.015982
0.0157419
0.0155016
0.0152613
0.015021
0.0147809
0.0145411
0.0143017
0.0140628
0.0138245
0.013587
0.0133502
0.0131144
0.0128796
0.0126459
0.0124134
0.0121822
0.0119525
0.0117241
0.0114974
0.0112722
0.0110488
0.0108272
0.0106074
0.0103895
0.0101737
0.00995986
0.00974816
0.00953864
0.00933133
0.00912631
0.00892361
0.00872328
0.00852536
0.00832991
0.00813695
0.00794651
0.00775864
0.00757337
0.00739071
0.00721069
0.00703335
0.00685869
0.00668674
0.0065175
0.006351
0.00618724
0.00602623
0.00586798
0.00571249
0.00555976
0.0054098
0.00526259
0.00511814
0.00497644
0.00483749
0.00470126
0.00456776
0.00443696
0.00430886
0.00418343
0.00406066
0.00394054
0.00382303
0.00370812
0.00359579
0.00348601
0.00337876
0.00327401
0.00317173
0.00307189
0.00297447
0.00287944
0.00278677
0.00269641
0.00260835
0.00252256
0.00243898
0.0023576
0.00227838
0.00220129
0.00212628
0.00205333
0.00198239
0.00191344
0.00184644
0.00178135
0.00171813
0.00165676
0.00159718
0.00153937
0.0014833
0.00142891
0.00137619
0.00132508
0.00127556
0.0012276
0.00118114
0.00113617
0.00109265
0.00105053
0.00100979
0.000970397
0.000932311
0.000895501
0.000859934
0.000825578
0.000792402
0.000760373
0.00072946
0.000699634
0.000670863
0.000643118
0.00061637
0.000590591
0.000565751
0.000541824
0.000518782
0.000496599
0.000475249
0.000454705
0.000434943
0.000415939
0.000397667
0.000380106
0.000363231
0.000347021
0.000331453
0.000316507
0.00030216
0.000288394
0.000275187
0.000262521
0.000250377
0.000238737
0.000227582
0.000216895
0.00020666
0.00019686
0.000187478
0.0001785
0.000169911
0.000161695
0.000153839
0.000146329
0.000139152
0.000132294
0.000125744
0.000119489
0.000113517
0.000107817
0.000102379
9.71912e-05
9.22437e-05
8.75267e-05
8.30306e-05
7.87463e-05
7.46648e-05
7.07775e-05
6.70763e-05
6.35531e-05
6.02002e-05
5.70103e-05
5.39763e-05
5.10913e-05
4.83486e-05
4.5742e-05
4.32654e-05
4.09129e-05
3.86789e-05
3.65579e-05
3.45448e-05
3.26345e-05
3.08224e-05
2.91038e-05
2.74743e-05
2.59297e-05
2.4466e-05
2.30793e-05
2.17658e-05
2.05221e-05
1.93448e-05
1.82305e-05
1.71762e-05
1.6179e-05
1.52359e-05
1.43443e-05
1.35015e-05
1.27052e-05
1.19529e-05
1.12425e-05
1.05716e-05
9.93841e-06
9.34083e-06
8.77704e-06
0.0243043
0.0242984
0.0242865
0.0242687
0.024245
0.0242155
0.02418
0.0241387
0.0240916
0.0240387
0.0239801
0.0239158
0.0238459
0.0237703
0.0236892
0.0236026
0.0235106
0.0234132
0.0233105
0.0232027
0.0230896
0.0229716
0.0228485
0.0227206
0.0225878
0.0224504
0.0223083
0.0221618
0.0220108
0.0218555
0.021696
0.0215324
0.0213648
0.0211934
0.0210182
0.0208394
0.020657
0.0204713
0.0202822
0.02009
0.0198948
0.0196966
0.0194957
0.0192921
0.019086
0.0188774
0.0186666
0.0184537
0.0182387
0.0180218
0.0178031
0.0175828
0.017361
0.0171378
0.0169134
0.0166878
0.0164612
0.0162337
0.0160054
0.0157765
0.0155471
0.0153173
0.0150872
0.0148569
0.0146266
0.0143963
0.0141662
0.0139364
0.0137069
0.0134779
0.0132496
0.0130219
0.012795
0.0125689
0.0123439
0.0121199
0.0118971
0.0116756
0.0114553
0.0112365
0.0110192
0.0108034
0.0105893
0.0103769
0.0101662
0.00995743
0.00975054
0.00954562
0.00934273
0.00914192
0.00894323
0.00874674
0.00855247
0.00836047
0.00817079
0.00798346
0.00779852
0.00761601
0.00743596
0.00725838
0.00708332
0.0069108
0.00674083
0.00657343
0.00640863
0.00624643
0.00608686
0.00592991
0.0057756
0.00562393
0.0054749
0.00532853
0.0051848
0.00504372
0.00490528
0.00476947
0.00463629
0.00450573
0.00437778
0.00425242
0.00412965
0.00400944
0.00389178
0.00377665
0.00366403
0.0035539
0.00344624
0.00334103
0.00323823
0.00313784
0.00303981
0.00294413
0.00285076
0.00275968
0.00267086
0.00258427
0.00249987
0.00241764
0.00233754
0.00225955
0.00218362
0.00210973
0.00203785
0.00196793
0.00189995
0.00183386
0.00176965
0.00170726
0.00164668
0.00158785
0.00153075
0.00147535
0.0014216
0.00136948
0.00131895
0.00126997
0.00122251
0.00117654
0.00113202
0.00108892
0.0010472
0.00100684
0.000967795
0.000930038
0.000893535
0.000858256
0.000824169
0.000791242
0.000759445
0.000728748
0.000699121
0.000670535
0.000642961
0.00061637
0.000590735
0.000566028
0.000542221
0.000519289
0.000497206
0.000475945
0.000455483
0.000435793
0.000416853
0.000398639
0.000381128
0.000364297
0.000348124
0.000332588
0.000317668
0.000303343
0.000289593
0.000276399
0.000263742
0.000251603
0.000239964
0.000228808
0.000218117
0.000207874
0.000198065
0.000188672
0.000179681
0.000171076
0.000162844
0.00015497
0.000147441
0.000140243
0.000133365
0.000126792
0.000120514
0.000114519
0.000108796
0.000103333
9.8121e-05
9.31489e-05
8.84072e-05
8.38864e-05
7.95773e-05
7.54711e-05
7.15594e-05
6.78338e-05
6.42865e-05
6.09098e-05
5.76964e-05
5.46392e-05
5.17314e-05
4.89663e-05
4.63378e-05
4.38396e-05
4.1466e-05
3.92113e-05
3.70702e-05
3.50374e-05
3.3108e-05
3.12772e-05
2.95405e-05
2.78934e-05
2.63317e-05
2.48513e-05
2.34485e-05
2.21194e-05
2.08606e-05
1.96686e-05
1.85402e-05
1.74723e-05
1.64618e-05
1.55061e-05
1.46022e-05
1.37477e-05
1.294e-05
1.21768e-05
1.14558e-05
1.07749e-05
1.01319e-05
9.52506e-06
8.95233e-06
8.41199e-06
0.0232878
0.0232821
0.0232707
0.0232537
0.023231
0.0232027
0.0231687
0.0231291
0.023084
0.0230333
0.0229772
0.0229155
0.0228485
0.0227761
0.0226984
0.0226154
0.0225272
0.0224339
0.0223356
0.0222322
0.0221239
0.0220108
0.0218929
0.0217703
0.0216431
0.0215114
0.0213753
0.0212348
0.0210902
0.0209414
0.0207886
0.0206318
0.0204713
0.020307
0.0201391
0.0199678
0.0197931
0.0196151
0.0194339
0.0192498
0.0190627
0.0188728
0.0186803
0.0184852
0.0182877
0.0180879
0.0178859
0.0176818
0.0174758
0.017268
0.0170585
0.0168474
0.0166349
0.016421
0.016206
0.0159898
0.0157727
0.0155547
0.015336
0.0151167
0.0148969
0.0146767
0.0144562
0.0142355
0.0140148
0.0137942
0.0135737
0.0133535
0.0131336
0.0129142
0.0126954
0.0124772
0.0122598
0.0120433
0.0118276
0.011613
0.0113995
0.0111872
0.0109762
0.0107666
0.0105583
0.0103516
0.0101464
0.00994286
0.00974103
0.00954097
0.00934273
0.00914638
0.00895197
0.00875956
0.00856919
0.00838091
0.00819476
0.00801079
0.00782905
0.00764955
0.00747235
0.00729747
0.00712495
0.0069548
0.00678706
0.00662175
0.00645889
0.0062985
0.00614059
0.00598518
0.00583227
0.00568189
0.00553403
0.00538871
0.00524592
0.00510566
0.00496795
0.00483277
0.00470011
0.00456999
0.00444238
0.00431728
0.00419468
0.00407457
0.00395693
0.00384174
0.00372901
0.00361869
0.00351078
0.00340526
0.0033021
0.00320129
0.0031028
0.0030066
0.00291267
0.00282099
0.00273153
0.00264426
0.00255915
0.00247618
0.00239531
0.00231652
0.00223978
0.00216504
0.00209229
0.00202149
0.00195261
0.00188562
0.00182048
0.00175716
0.00169563
0.00163586
0.0015778
0.00152144
0.00146673
0.00141364
0.00136215
0.0013122
0.00126378
0.00121685
0.00117138
0.00112733
0.00108467
0.00104337
0.0010034
0.000964728
0.000927317
0.000891139
0.000856163
0.00082236
0.000789698
0.000758148
0.000727682
0.000698269
0.000669881
0.00064249
0.000616069
0.000590591
0.000566028
0.000542354
0.000519543
0.00049757
0.00047641
0.000456039
0.000436432
0.000417566
0.000399419
0.000381966
0.000365187
0.00034906
0.000333564
0.000318678
0.000304381
0.000290656
0.000277481
0.000264839
0.000252711
0.00024108
0.000229927
0.000219238
0.000208994
0.00019918
0.000189781
0.000180781
0.000172166
0.000163921
0.000156033
0.000148489
0.000141274
0.000134378
0.000127787
0.000121489
0.000115474
0.000109729
0.000104245
9.90114e-05
9.40171e-05
8.9253e-05
8.47096e-05
8.03778e-05
7.6249e-05
7.23146e-05
6.85664e-05
6.49967e-05
6.15977e-05
5.83623e-05
5.52833e-05
5.2354e-05
4.95677e-05
4.69183e-05
4.43997e-05
4.2006e-05
3.97317e-05
3.75713e-05
3.55197e-05
3.3572e-05
3.17233e-05
2.99691e-05
2.8305e-05
2.67267e-05
2.52303e-05
2.38119e-05
2.24677e-05
2.11943e-05
1.99881e-05
1.8846e-05
1.77648e-05
1.67415e-05
1.57733e-05
1.48575e-05
1.39915e-05
1.31727e-05
1.23988e-05
1.16675e-05
1.09767e-05
1.03242e-05
9.70818e-06
9.12668e-06
8.57791e-06
8.06016e-06
0.0223083
0.0223029
0.022292
0.0222757
0.0222539
0.0222268
0.0221942
0.0221563
0.0221131
0.0220646
0.0220108
0.0219517
0.0218875
0.0218182
0.0217437
0.0216642
0.0215798
0.0214904
0.0213962
0.0212971
0.0211934
0.021085
0.0209721
0.0208547
0.0207328
0.0206067
0.0204763
0.0203417
0.0202032
0.0200606
0.0199142
0.0197641
0.0196103
0.0194529
0.0192921
0.019128
0.0189606
0.0187901
0.0186166
0.0184401
0.0182609
0.0180791
0.0178946
0.0177078
0.0175186
0.0173271
0.0171336
0.0169382
0.0167408
0.0165418
0.0163411
0.0161388
0.0159353
0.0157304
0.0155244
0.0153173
0.0151093
0.0149005
0.014691
0.0144809
0.0142703
0.0140594
0.0138482
0.0136368
0.0134254
0.013214
0.0130028
0.0127918
0.0125812
0.0123711
0.0121614
0.0119525
0.0117442
0.0115367
0.0113302
0.0111246
0.0109201
0.0107167
0.0105146
0.0103137
0.0101142
0.00991619
0.00971965
0.00952467
0.00933133
0.00913968
0.00894979
0.0087617
0.00857546
0.00839114
0.00820878
0.00802842
0.0078501
0.00767387
0.00749977
0.00732782
0.00715808
0.00699055
0.00682528
0.00666229
0.00650161
0.00634325
0.00618724
0.00603359
0.00588232
0.00573345
0.00558698
0.00544292
0.00530128
0.00516207
0.00502528
0.00489093
0.004759
0.00462951
0.00450243
0.00437778
0.00425554
0.0041357
0.00401826
0.0039032
0.0037905
0.00368017
0.00357217
0.00346649
0.00336312
0.00326204
0.00316322
0.00306665
0.0029723
0.00288015
0.00279017
0.00270235
0.00261665
0.00253305
0.00245152
0.00237204
0.00229457
0.00221909
0.00214557
0.00207398
0.00200429
0.00193647
0.00187049
0.00180631
0.00174391
0.00168326
0.00162432
0.00156706
0.00151144
0.00145745
0.00140504
0.00135419
0.00130486
0.00125701
0.00121063
0.00116567
0.00112211
0.00107992
0.00103905
0.000999491
0.000961201
0.000924153
0.000888315
0.000853659
0.000820154
0.000787772
0.000756484
0.000726262
0.000697076
0.0006689
0.000641707
0.000615468
0.000590158
0.000565751
0.000542221
0.000519543
0.000497692
0.000476643
0.000456373
0.000436859
0.000418076
0.000400004
0.00038262
0.000365901
0.000349828
0.000334379
0.000319535
0.000305274
0.00029158
0.000278431
0.00026581
0.0002537
0.000242082
0.00023094
0.000220257
0.000210017
0.000200204
0.000190803
0.000181799
0.000173177
0.000164925
0.000157027
0.000149471
0.000142243
0.000135332
0.000128726
0.000122412
0.000116379
0.000110617
0.000105114
9.9861e-05
9.48471e-05
9.00629e-05
8.54991e-05
8.11468e-05
7.69973e-05
7.30421e-05
6.92731e-05
6.56826e-05
6.2263e-05
5.9007e-05
5.59077e-05
5.29582e-05
5.0152e-05
4.7483e-05
4.4945e-05
4.25323e-05
4.02393e-05
3.80606e-05
3.59911e-05
3.40258e-05
3.216e-05
3.0389e-05
2.87086e-05
2.71145e-05
2.56026e-05
2.41692e-05
2.28104e-05
2.15228e-05
2.03029e-05
1.91474e-05
1.80533e-05
1.70176e-05
1.60374e-05
1.51099e-05
1.42326e-05
1.3403e-05
1.26187e-05
1.18773e-05
1.11768e-05
1.0515e-05
9.89e-06
9.29987e-06
8.74282e-06
8.21713e-06
7.72116e-06
0.0213648
0.0213596
0.0213492
0.0213336
0.0213128
0.0212868
0.0212556
0.0212193
0.0211779
0.0211314
0.0210799
0.0210233
0.0209618
0.0208954
0.0208241
0.020748
0.0206671
0.0205815
0.0204913
0.0203964
0.0202971
0.0201933
0.0200851
0.0199727
0.019856
0.0197351
0.0196103
0.0194814
0.0193487
0.0192122
0.019072
0.0189282
0.0187809
0.0186302
0.0184762
0.018319
0.0181587
0.0179954
0.0178292
0.0176603
0.0174886
0.0173145
0.0171378
0.0169589
0.0167777
0.0165943
0.016409
0.0162218
0.0160328
0.0158422
0.0156499
0.0154563
0.0152613
0.0150651
0.0148678
0.0146695
0.0144703
0.0142703
0.0140697
0.0138685
0.0136668
0.0134648
0.0132625
0.0130601
0.0128576
0.0126552
0.0124529
0.0122508
0.0120491
0.0118479
0.0116471
0.011447
0.0112475
0.0110488
0.010851
0.0106541
0.0104583
0.0102635
0.0100699
0.00987753
0.00968648
0.00949681
0.00930858
0.00912185
0.00893669
0.00875314
0.00857128
0.00839114
0.00821279
0.00803626
0.00786161
0.00768887
0.0075181
0.00734932
0.00718258
0.00701791
0.00685534
0.0066949
0.00653662
0.00638053
0.00622664
0.00607498
0.00592557
0.00577842
0.00563355
0.00549097
0.00535069
0.00521272
0.00507707
0.00494375
0.00481275
0.00468408
0.00455773
0.00443371
0.00431201
0.00419263
0.00407556
0.00396079
0.00384832
0.00373812
0.00363019
0.00352452
0.00342109
0.00331989
0.00322089
0.00312408
0.00302944
0.00293695
0.00284659
0.00275834
0.00267217
0.00258806
0.00250598
0.00242592
0.00234784
0.00227172
0.00219753
0.00212524
0.00205483
0.00198627
0.00191953
0.00185457
0.00179138
0.00172992
0.00167016
0.00161207
0.00155562
0.00150078
0.00144752
0.00139581
0.00134562
0.00129692
0.00124967
0.00120385
0.00115943
0.00111637
0.00107466
0.00103424
0.000995109
0.00095722
0.00092055
0.000885068
0.000850746
0.000817555
0.000785468
0.000754456
0.000724491
0.000695546
0.000667595
0.000640611
0.000614567
0.000589438
0.000565199
0.000541824
0.000519289
0.00049757
0.000476643
0.000456485
0.000437072
0.000418383
0.000400395
0.000383087
0.000366438
0.000350426
0.000335033
0.000320237
0.000306021
0.000292364
0.000279248
0.000266655
0.000254569
0.00024297
0.000231844
0.000221173
0.000210942
0.000201135
0.000191737
0.000182733
0.00017411
0.000165853
0.00015795
0.000150386
0.000143149
0.000136228
0.000129609
0.000123282
0.000117235
0.000111457
0.000105939
0.000100669
9.56377e-05
9.08358e-05
8.62539e-05
8.18832e-05
7.77149e-05
7.37409e-05
6.99529e-05
6.63434e-05
6.29047e-05
5.96297e-05
5.65115e-05
5.35432e-05
5.07184e-05
4.8031e-05
4.54748e-05
4.30442e-05
4.07335e-05
3.85375e-05
3.64509e-05
3.44689e-05
3.25868e-05
3.07999e-05
2.91038e-05
2.74945e-05
2.59678e-05
2.45198e-05
2.3147e-05
2.18457e-05
2.06125e-05
1.94442e-05
1.83376e-05
1.72898e-05
1.62979e-05
1.53591e-05
1.44709e-05
1.36307e-05
1.28362e-05
1.2085e-05
1.1375e-05
1.07041e-05
1.00703e-05
9.47172e-06
8.90655e-06
8.37306e-06
7.86961e-06
7.39462e-06
0.0204563
0.0204513
0.0204413
0.0204263
0.0204064
0.0203815
0.0203517
0.0203169
0.0202773
0.0202328
0.0201834
0.0201293
0.0200704
0.0200068
0.0199386
0.0198657
0.0197882
0.0197063
0.0196199
0.0195291
0.0194339
0.0193345
0.019231
0.0191233
0.0190116
0.0188959
0.0187763
0.018653
0.0185259
0.0183952
0.0182609
0.0181233
0.0179822
0.0178379
0.0176905
0.01754
0.0173865
0.0172301
0.017071
0.0169092
0.0167449
0.0165781
0.016409
0.0162377
0.0160642
0.0158886
0.0157112
0.015532
0.015351
0.0151685
0.0149844
0.014799
0.0146123
0.0144245
0.0142355
0.0140457
0.0138549
0.0136635
0.0134714
0.0132787
0.0130856
0.0128922
0.0126985
0.0125047
0.0123108
0.012117
0.0119233
0.0117299
0.0115367
0.011344
0.0111518
0.0109602
0.0107692
0.0105789
0.0103895
0.010201
0.0100135
0.00982702
0.00964165
0.00945748
0.00927455
0.00909295
0.00891272
0.00873393
0.00855664
0.00838091
0.00820677
0.0080343
0.00786353
0.00769451
0.00752728
0.00736189
0.00719838
0.00703678
0.00687713
0.00671947
0.00656381
0.00641019
0.00625865
0.00610919
0.00596184
0.00581663
0.00567357
0.00553268
0.00539397
0.00525746
0.00512314
0.00499105
0.00486117
0.00473351
0.00460808
0.00448488
0.00436391
0.00424516
0.00412864
0.00401434
0.00390224
0.00379236
0.00368466
0.00357915
0.00347582
0.00337464
0.00327561
0.0031787
0.00308392
0.00299122
0.00290061
0.00281205
0.00272554
0.00264103
0.00255853
0.002478
0.00239941
0.00232275
0.00224799
0.00217511
0.00210407
0.00203486
0.00196745
0.0019018
0.0018379
0.00177571
0.0017152
0.00165635
0.00159913
0.00154351
0.00148946
0.00143696
0.00138596
0.00133645
0.0012884
0.00124176
0.00119653
0.00115266
0.00111012
0.0010689
0.00102896
0.000990262
0.00095279
0.000916513
0.000881402
0.000847429
0.000814567
0.000782788
0.000752065
0.000722371
0.000693681
0.000665967
0.000639205
0.000613368
0.000588432
0.000564372
0.000541163
0.000518782
0.000497206
0.00047641
0.000456373
0.000437072
0.000418485
0.000400591
0.000383368
0.000366796
0.000350854
0.000335524
0.000320785
0.000306619
0.000293007
0.00027993
0.000267373
0.000255316
0.000243743
0.000232638
0.000221985
0.000211767
0.000201971
0.000192581
0.000183583
0.000174962
0.000166706
0.0001588
0.000151233
0.00014399
0.000137062
0.000130434
0.000124097
0.000118039
0.000112249
0.000106718
0.000101434
9.63878e-05
9.15705e-05
8.69729e-05
8.25858e-05
7.8401e-05
7.441e-05
7.06049e-05
6.69781e-05
6.3522e-05
6.02296e-05
5.70939e-05
5.41082e-05
5.12662e-05
4.85616e-05
4.59884e-05
4.35409e-05
4.12137e-05
3.90013e-05
3.68986e-05
3.49008e-05
3.30031e-05
3.1201e-05
2.94901e-05
2.78661e-05
2.63252e-05
2.48634e-05
2.34771e-05
2.21627e-05
2.09167e-05
1.97359e-05
1.86173e-05
1.75578e-05
1.65545e-05
1.56048e-05
1.4706e-05
1.38555e-05
1.3051e-05
1.22903e-05
1.1571e-05
1.08912e-05
1.02489e-05
9.64204e-06
9.06893e-06
8.52779e-06
8.01699e-06
7.53494e-06
7.08015e-06
0.0195816
0.0195768
0.0195672
0.0195529
0.0195338
0.01951
0.0194814
0.0194482
0.0194102
0.0193676
0.0193204
0.0192686
0.0192122
0.0191513
0.019086
0.0190162
0.0189421
0.0188636
0.0187809
0.018694
0.0186029
0.0185078
0.0184087
0.0183056
0.0181986
0.0180879
0.0179734
0.0178554
0.0177337
0.0176086
0.0174801
0.0173483
0.0172133
0.0170752
0.016934
0.0167899
0.016643
0.0164934
0.0163411
0.0161862
0.0160289
0.0158693
0.0157074
0.0155433
0.0153773
0.0152092
0.0150394
0.0148678
0.0146946
0.0145198
0.0143437
0.0141662
0.0139875
0.0138077
0.0136268
0.0134451
0.0132625
0.0130792
0.0128953
0.0127109
0.0125261
0.0123409
0.0121555
0.01197
0.0117844
0.0115989
0.0114135
0.0112283
0.0110434
0.0108589
0.0106749
0.0104915
0.0103087
0.0101266
0.00994528
0.00976484
0.00958533
0.00940682
0.00922938
0.00905307
0.00887797
0.00870413
0.00853161
0.00836047
0.00819076
0.00802254
0.00785585
0.00769075
0.00752728
0.00736549
0.00720542
0.0070471
0.00689058
0.00673589
0.00658307
0.00643214
0.00628314
0.00613609
0.00599103
0.00584796
0.00570692
0.00556791
0.00543097
0.0052961
0.00516333
0.00503265
0.00490408
0.00477763
0.0046533
0.0045311
0.00441104
0.00429311
0.00417731
0.00406364
0.0039521
0.00384268
0.00373538
0.00363019
0.00352711
0.00342611
0.00332719
0.00323034
0.00313554
0.00304278
0.00295205
0.00286332
0.00277658
0.00269181
0.00260899
0.0025281
0.00244913
0.00237204
0.00229681
0.00222343
0.00215187
0.0020821
0.0020141
0.00194785
0.00188332
0.00182048
0.00175931
0.00169978
0.00164186
0.00158553
0.00153075
0.00147751
0.00142578
0.00137551
0.0013267
0.00127931
0.0012333
0.00118867
0.00114536
0.00110337
0.00106265
0.00102319
0.000984957
0.000947918
0.000912049
0.000877323
0.000843713
0.000811193
0.000779736
0.000749316
0.000719907
0.000691483
0.000664019
0.00063749
0.000611872
0.00058714
0.000563271
0.000540239
0.000518023
0.000496599
0.000475945
0.000456039
0.000436859
0.000418383
0.000400591
0.000383461
0.000366975
0.000351111
0.000335852
0.000321177
0.000307068
0.000293508
0.000280478
0.000267961
0.00025594
0.000244398
0.00023332
0.00022269
0.000212492
0.000202712
0.000193335
0.000184346
0.000175733
0.000167481
0.000159577
0.00015201
0.000144766
0.000137833
0.000131201
0.000124857
0.000118791
0.000112992
0.00010745
0.000102154
9.70963e-05
9.22662e-05
8.7655e-05
8.32539e-05
7.90545e-05
7.50485e-05
7.12282e-05
6.75859e-05
6.41141e-05
6.08058e-05
5.76542e-05
5.46526e-05
5.17946e-05
4.90741e-05
4.64851e-05
4.40219e-05
4.16791e-05
3.94514e-05
3.73336e-05
3.53208e-05
3.34085e-05
3.15919e-05
2.98668e-05
2.82291e-05
2.66746e-05
2.51996e-05
2.38003e-05
2.24732e-05
2.1215e-05
2.00223e-05
1.8892e-05
1.78212e-05
1.6807e-05
1.58467e-05
1.49375e-05
1.40771e-05
1.3263e-05
1.2493e-05
1.17647e-05
1.10763e-05
1.04255e-05
9.81064e-06
9.22975e-06
8.68114e-06
8.16314e-06
7.67418e-06
7.21275e-06
6.7774e-06
0.0187397
0.0187351
0.018726
0.0187123
0.018694
0.0186712
0.0186439
0.018612
0.0185757
0.0185349
0.0184897
0.0184401
0.0183862
0.0183279
0.0182654
0.0181986
0.0181277
0.0180526
0.0179734
0.0178903
0.0178031
0.0177121
0.0176172
0.0175186
0.0174162
0.0173102
0.0172007
0.0170877
0.0169713
0.0168515
0.0167286
0.0166024
0.0164732
0.0163411
0.016206
0.0160681
0.0159275
0.0157842
0.0156385
0.0154903
0.0153398
0.015187
0.015032
0.0148751
0.0147161
0.0145553
0.0143928
0.0142286
0.0140628
0.0138956
0.013727
0.0135571
0.0133861
0.013214
0.013041
0.012867
0.0126923
0.0125169
0.0123409
0.0121644
0.0119875
0.0118103
0.0116329
0.0114553
0.0112777
0.0111002
0.0109228
0.0107455
0.0105686
0.0103921
0.010216
0.0100404
0.00986548
0.00969121
0.0095177
0.00934501
0.00917322
0.00900238
0.00883257
0.00866385
0.00849628
0.00832991
0.00816481
0.00800102
0.00783861
0.00767762
0.0075181
0.0073601
0.00720366
0.00704882
0.00689563
0.00674412
0.00659433
0.00644629
0.00630004
0.0061556
0.00601301
0.00587228
0.00573345
0.00559653
0.00546155
0.00532853
0.00519747
0.00506841
0.00494134
0.00481628
0.00469323
0.00457222
0.00445324
0.0043363
0.00422139
0.00410853
0.00399771
0.00388893
0.00378218
0.00367747
0.00357479
0.00347412
0.00337546
0.00327881
0.00318414
0.00309145
0.00300073
0.00291196
0.00282513
0.00274021
0.0026572
0.00257608
0.00249682
0.00241941
0.00234383
0.00227005
0.00219806
0.00212784
0.00205935
0.00199258
0.00192751
0.00186411
0.00180235
0.00174221
0.00168367
0.0016267
0.00157127
0.00151736
0.00146494
0.00141399
0.00136448
0.00131637
0.00126966
0.0012243
0.00118028
0.00113756
0.00109612
0.00105593
0.00101697
0.000979203
0.00094261
0.000907163
0.000872837
0.000839604
0.000807439
0.000776317
0.000746212
0.0007171
0.000688955
0.000661753
0.00063547
0.000610082
0.000585566
0.000561897
0.000539053
0.000517012
0.000495751
0.000475249
0.000455483
0.000436432
0.000418076
0.000400395
0.000383368
0.000366975
0.000351197
0.000336016
0.000321412
0.000307368
0.000293866
0.000280889
0.000268419
0.00025644
0.000244936
0.000233891
0.000223289
0.000213116
0.000203357
0.000193997
0.000185023
0.000176421
0.000168177
0.00016028
0.000152717
0.000145474
0.000138542
0.000131907
0.00012556
0.000119489
0.000113684
0.000108134
0.00010283
9.77623e-05
9.29218e-05
8.82993e-05
8.38864e-05
7.96745e-05
7.56556e-05
7.18219e-05
6.81658e-05
6.46801e-05
6.13576e-05
5.81916e-05
5.51754e-05
5.23029e-05
4.95677e-05
4.69642e-05
4.44865e-05
4.21293e-05
3.98872e-05
3.77552e-05
3.57285e-05
3.38023e-05
3.19721e-05
3.02336e-05
2.85827e-05
2.70154e-05
2.55277e-05
2.41161e-05
2.2777e-05
2.1507e-05
2.03029e-05
1.91615e-05
1.80798e-05
1.7055e-05
1.60844e-05
1.51654e-05
1.42953e-05
1.34719e-05
1.26928e-05
1.19559e-05
1.12589e-05
1.06001e-05
9.9773e-06
9.38884e-06
8.83293e-06
8.3079e-06
7.81218e-06
7.34424e-06
6.90264e-06
6.48602e-06
0.0179296
0.0179252
0.0179165
0.0179034
0.0178859
0.0178641
0.0178379
0.0178075
0.0177727
0.0177337
0.0176905
0.017643
0.0175914
0.0175357
0.0174758
0.017412
0.0173441
0.0172722
0.0171965
0.0171169
0.0170335
0.0169464
0.0168557
0.0167613
0.0166634
0.016562
0.0164572
0.016349
0.0162377
0.0161231
0.0160054
0.0158848
0.0157611
0.0156347
0.0155054
0.0153735
0.015239
0.0151019
0.0149625
0.0148207
0.0146767
0.0145305
0.0143823
0.0142321
0.01408
0.0139262
0.0137706
0.0136135
0.0134549
0.0132949
0.0131336
0.0129711
0.0128075
0.0126428
0.0124772
0.0123108
0.0121436
0.0119758
0.0118074
0.0116386
0.0114693
0.0112998
0.01113
0.0109602
0.0107902
0.0106204
0.0104506
0.010281
0.0101118
0.00994286
0.00977438
0.00960641
0.00943902
0.00927229
0.00910628
0.00894105
0.00877668
0.00861323
0.00845076
0.00828933
0.008129
0.00796983
0.00781186
0.00765516
0.00749977
0.00734574
0.00719311
0.00704194
0.00689226
0.00674412
0.00659755
0.00645259
0.00630927
0.00616763
0.0060277
0.00588951
0.00575308
0.00561844
0.00548561
0.00535461
0.00522547
0.00509819
0.0049728
0.00484931
0.00472773
0.00460808
0.00449036
0.00437458
0.00426074
0.00414885
0.00403891
0.00393093
0.0038249
0.00372082
0.00361869
0.0035185
0.00342026
0.00332394
0.00322955
0.00313707
0.0030465
0.00295782
0.00287102
0.00278609
0.00270301
0.00262176
0.00254234
0.00246472
0.00238889
0.00231483
0.00224251
0.00217193
0.00210305
0.00203586
0.00197033
0.00190645
0.00184419
0.00178353
0.00172444
0.0016669
0.00161089
0.00155638
0.00150335
0.00145177
0.00140162
0.00135287
0.00130549
0.00125947
0.00121478
0.00117138
0.00112926
0.00108839
0.00104874
0.00101029
0.000973007
0.000936874
0.000901864
0.000867949
0.000835106
0.00080331
0.000772536
0.000742759
0.000713955
0.000686102
0.000659173
0.000633148
0.000608001
0.00058371
0.000560253
0.000537608
0.000515752
0.000494663
0.000474321
0.000454705
0.000435793
0.000417566
0.000400004
0.000383087
0.000366796
0.000351111
0.000336016
0.000321491
0.000307519
0.000294082
0.000281163
0.000268747
0.000256816
0.000245355
0.000234348
0.00022378
0.000213637
0.000203903
0.000194566
0.000185611
0.000177025
0.000168794
0.000160908
0.000153352
0.000146115
0.000139186
0.000132553
0.000126205
0.000120132
0.000114324
0.000108769
0.000103459
9.83849e-05
9.35363e-05
8.8905e-05
8.44824e-05
8.02602e-05
7.62304e-05
7.23852e-05
6.87173e-05
6.52192e-05
6.18841e-05
5.87053e-05
5.56761e-05
5.27904e-05
5.00419e-05
4.74251e-05
4.4934e-05
4.25635e-05
4.03081e-05
3.8163e-05
3.61231e-05
3.4184e-05
3.23411e-05
3.059e-05
2.89267e-05
2.73472e-05
2.58476e-05
2.44242e-05
2.30737e-05
2.17924e-05
2.05773e-05
1.94252e-05
1.83332e-05
1.72983e-05
1.63178e-05
1.53891e-05
1.45098e-05
1.36774e-05
1.28895e-05
1.21441e-05
1.1439e-05
1.07722e-05
1.01418e-05
9.54601e-06
8.98299e-06
8.4511e-06
7.94878e-06
7.47448e-06
7.02677e-06
6.60426e-06
6.20564e-06
0.0171504
0.0171462
0.0171378
0.0171253
0.0171086
0.0170877
0.0170627
0.0170335
0.0170003
0.016963
0.0169216
0.0168762
0.0168269
0.0167736
0.0167163
0.0166552
0.0165903
0.0165216
0.0164491
0.016373
0.0162932
0.0162099
0.0161231
0.0160328
0.0159391
0.0158422
0.0157419
0.0156385
0.015532
0.0154224
0.0153098
0.0151944
0.0150762
0.0149552
0.0148316
0.0147054
0.0145767
0.0144456
0.0143122
0.0141766
0.0140388
0.013899
0.0137572
0.0136135
0.0134681
0.0133209
0.0131721
0.0130219
0.0128702
0.0127171
0.0125628
0.0124074
0.0122508
0.0120933
0.011935
0.0117758
0.0116159
0.0114553
0.0112943
0.0111328
0.0109709
0.0108087
0.0106463
0.0104838
0.0103213
0.0101588
0.0099964
0.00983422
0.0096723
0.00951073
0.00934958
0.00918891
0.00902879
0.00886931
0.00871051
0.00855247
0.00839524
0.00823889
0.00808349
0.00792907
0.00777571
0.00762345
0.00747235
0.00732246
0.00717382
0.00702648
0.00688049
0.00673589
0.00659272
0.00645101
0.00631081
0.00617215
0.00603507
0.00589958
0.00576573
0.00563355
0.00550305
0.00537426
0.0052472
0.00512189
0.00499836
0.00487662
0.00475668
0.00463856
0.00452226
0.00440781
0.0042952
0.00418445
0.00407556
0.00396854
0.00386338
0.00376009
0.00365867
0.00355911
0.00346142
0.00336559
0.00327161
0.00317948
0.00308919
0.00300073
0.0029141
0.00282927
0.00274624
0.002665
0.00258553
0.00250782
0.00243185
0.0023576
0.00228507
0.00221422
0.00214505
0.00207753
0.00201165
0.00194738
0.0018847
0.00182359
0.00176404
0.00170601
0.00164949
0.00159446
0.00154088
0.00148874
0.00143801
0.00138867
0.0013407
0.00129407
0.00124876
0.00120473
0.00116198
0.00112047
0.00108018
0.00104108
0.00100316
0.000966378
0.000930719
0.000896157
0.000862668
0.000830227
0.000798812
0.000768397
0.00073896
0.000710478
0.000682926
0.000656283
0.000630525
0.00060563
0.000581576
0.000558342
0.000535904
0.000514243
0.000493337
0.000473165
0.000453707
0.000434943
0.000416853
0.000399419
0.00038262
0.000366438
0.000350854
0.000335852
0.000321412
0.000307519
0.000294154
0.000281301
0.000268944
0.000257067
0.000245655
0.000234691
0.000224163
0.000214055
0.000204352
0.000195042
0.00018611
0.000177544
0.000169331
0.000161459
0.000153914
0.000146687
0.000139765
0.000133137
0.000126792
0.00012072
0.000114911
0.000109355
0.000104042
9.8963e-05
9.4109e-05
8.94712e-05
8.50411e-05
8.08107e-05
7.6772e-05
7.29173e-05
6.92393e-05
6.57307e-05
6.23847e-05
5.91946e-05
5.61539e-05
5.32564e-05
5.0496e-05
4.78671e-05
4.53639e-05
4.29812e-05
4.07136e-05
3.85563e-05
3.65044e-05
3.45532e-05
3.26983e-05
3.09355e-05
2.92606e-05
2.76695e-05
2.61587e-05
2.47242e-05
2.33628e-05
2.20709e-05
2.08453e-05
1.9683e-05
1.8581e-05
1.75364e-05
1.65465e-05
1.56086e-05
1.47203e-05
1.38792e-05
1.30829e-05
1.23294e-05
1.16163e-05
1.09419e-05
1.03041e-05
9.70107e-06
9.13113e-06
8.59258e-06
8.08381e-06
7.60331e-06
7.14963e-06
6.72138e-06
6.31723e-06
5.93594e-06
0.016401
0.016397
0.016389
0.016377
0.016361
0.0163411
0.0163171
0.0162893
0.0162575
0.0162218
0.0161822
0.0161388
0.0160916
0.0160406
0.0159859
0.0159275
0.0158654
0.0157997
0.0157304
0.0156576
0.0155813
0.0155016
0.0154186
0.0153323
0.0152427
0.0151499
0.0150541
0.0149552
0.0148533
0.0147485
0.0146409
0.0145305
0.0144174
0.0143017
0.0141835
0.0140628
0.0139398
0.0138144
0.0136868
0.0135571
0.0134254
0.0132917
0.0131561
0.0130187
0.0128796
0.0127389
0.0125966
0.0124529
0.0123078
0.0121614
0.0120139
0.0118652
0.0117155
0.0115649
0.0114135
0.0112612
0.0111083
0.0109548
0.0108008
0.0106463
0.0104915
0.0103364
0.0101811
0.0100257
0.0098703
0.0097149
0.00955962
0.00940452
0.00924968
0.00909517
0.00894105
0.0087874
0.00863429
0.00848177
0.00832991
0.00817877
0.00802842
0.0078789
0.00773028
0.00758262
0.00743596
0.00729035
0.00714585
0.00700251
0.00686037
0.00671947
0.00657985
0.00644157
0.00630465
0.00616914
0.00603507
0.00590246
0.00577137
0.0056418
0.0055138
0.00538739
0.00526259
0.00513943
0.00501793
0.0048981
0.00477996
0.00466354
0.00454884
0.00443588
0.00432467
0.00421521
0.00410753
0.00400162
0.00389748
0.00379513
0.00369457
0.00359579
0.0034988
0.0034036
0.00331017
0.00321853
0.00312866
0.00304055
0.00295421
0.00286962
0.00278677
0.00270565
0.00262625
0.00254855
0.00247256
0.00239824
0.00232559
0.00225459
0.00218522
0.00211747
0.00205132
0.00198676
0.00192375
0.00186229
0.00180235
0.00174391
0.00168696
0.00163147
0.00157742
0.00152479
0.00147355
0.00142369
0.00137518
0.001328
0.00128212
0.00123753
0.00119419
0.00115209
0.00111121
0.00107151
0.00103298
0.000995595
0.000959326
0.000924153
0.000890052
0.000857
0.000824974
0.000793951
0.000763908
0.000734823
0.000706672
0.000679434
0.000653086
0.000627607
0.000602975
0.000579168
0.000556165
0.000533945
0.000512488
0.000491773
0.000471781
0.00045249
0.000433882
0.000415939
0.000398639
0.000381966
0.000365901
0.000350426
0.000335524
0.000321177
0.000307368
0.000294082
0.000281301
0.000269009
0.000257192
0.000245834
0.000234921
0.000224437
0.000214368
0.000204702
0.000195423
0.000186519
0.000177978
0.000169786
0.000161932
0.000154404
0.000147189
0.000140278
0.000133658
0.000127319
0.000121252
0.000115446
0.00010989
0.000104577
9.9496e-05
9.46389e-05
8.99969e-05
8.55618e-05
8.13253e-05
7.72797e-05
7.34175e-05
6.97313e-05
6.62139e-05
6.28587e-05
5.96589e-05
5.66081e-05
5.37003e-05
5.09294e-05
4.82896e-05
4.57756e-05
4.33818e-05
4.11031e-05
3.89347e-05
3.68716e-05
3.49093e-05
3.30434e-05
3.12696e-05
2.95838e-05
2.7982e-05
2.64605e-05
2.50157e-05
2.36439e-05
2.23419e-05
2.11065e-05
1.99345e-05
1.8823e-05
1.77691e-05
1.67701e-05
1.58235e-05
1.49266e-05
1.40771e-05
1.32728e-05
1.25113e-05
1.17906e-05
1.11088e-05
1.04638e-05
9.85384e-06
9.27719e-06
8.73215e-06
8.21713e-06
7.7306e-06
7.27109e-06
6.83723e-06
6.42769e-06
6.04121e-06
5.67657e-06
0.0156805
0.0156767
0.0156691
0.0156576
0.0156423
0.0156232
0.0156004
0.0155737
0.0155433
0.0155092
0.0154714
0.0154299
0.0153848
0.015336
0.0152837
0.0152278
0.0151685
0.0151056
0.0150394
0.0149698
0.0148969
0.0148207
0.0147413
0.0146588
0.0145731
0.0144844
0.0143928
0.0142982
0.0142008
0.0141006
0.0139977
0.0138922
0.0137841
0.0136735
0.0135604
0.0134451
0.0133274
0.0132076
0.0130856
0.0129616
0.0128356
0.0127078
0.0125782
0.0124468
0.0123138
0.0121793
0.0120433
0.0119059
0.0117671
0.0116272
0.0114861
0.011344
0.0112009
0.0110569
0.0109121
0.0107666
0.0106204
0.0104736
0.0103263
0.0101786
0.0100306
0.00988236
0.0097339
0.00958533
0.00943672
0.00928815
0.00913968
0.0089914
0.00884336
0.00869564
0.00854829
0.00840139
0.008255
0.00810918
0.00796399
0.0078195
0.00767574
0.0075328
0.00739071
0.00724953
0.00710931
0.0069701
0.00683195
0.0066949
0.006559
0.00642429
0.00629082
0.00615861
0.0060277
0.00589814
0.00576996
0.00564318
0.00551784
0.00539397
0.00527159
0.00515074
0.00503142
0.00491367
0.0047975
0.00468293
0.00456999
0.00445868
0.00434902
0.00424102
0.00413469
0.00403005
0.00392709
0.00382583
0.00372628
0.00362842
0.00353228
0.00343784
0.00334511
0.00325408
0.00316477
0.00307715
0.00299122
0.00290699
0.00282444
0.00274356
0.00266435
0.00258679
0.00251088
0.0024366
0.00236394
0.00229289
0.00222343
0.00215555
0.00208923
0.00202446
0.00196121
0.00189948
0.00183924
0.00178048
0.00172318
0.00166731
0.00161286
0.0015598
0.00150813
0.00145781
0.00140882
0.00136115
0.00131477
0.00126966
0.0012258
0.00118316
0.00114173
0.00110148
0.0010624
0.00102444
0.000987606
0.00095186
0.000917185
0.000883557
0.000850954
0.000819354
0.000788735
0.000759074
0.000730351
0.000702544
0.000675629
0.000649588
0.000624398
0.000600038
0.000576487
0.000553726
0.000531734
0.00051049
0.000489976
0.000470171
0.000451056
0.000432613
0.000414823
0.000397667
0.000381128
0.000365187
0.000349828
0.000335033
0.000320785
0.000307068
0.000293866
0.000281163
0.000268944
0.000257192
0.000245895
0.000235036
0.000224601
0.000214578
0.000204952
0.000195709
0.000186838
0.000178326
0.00017016
0.000162328
0.000154819
0.000147621
0.000140724
0.000134116
0.000127787
0.000121727
0.000115926
0.000110374
0.000105063
9.9983e-05
9.51254e-05
9.04816e-05
8.60436e-05
8.18032e-05
7.77529e-05
7.3885e-05
7.01924e-05
6.66681e-05
6.33053e-05
6.00974e-05
5.70382e-05
5.41215e-05
5.13413e-05
4.86922e-05
4.61684e-05
4.37647e-05
4.14761e-05
3.92976e-05
3.72244e-05
3.52519e-05
3.33758e-05
3.15919e-05
2.9896e-05
2.82842e-05
2.67528e-05
2.52982e-05
2.39168e-05
2.26053e-05
2.13605e-05
2.01793e-05
1.90588e-05
1.79961e-05
1.69885e-05
1.60335e-05
1.51284e-05
1.42709e-05
1.34587e-05
1.26897e-05
1.19617e-05
1.12727e-05
1.06208e-05
1.00041e-05
9.42099e-06
8.86966e-06
8.34857e-06
7.85617e-06
7.39101e-06
6.95169e-06
6.53689e-06
6.14534e-06
5.77583e-06
5.42721e-06
0.0149881
0.0149844
0.0149771
0.0149661
0.0149515
0.0149333
0.0149114
0.014886
0.0148569
0.0148243
0.0147882
0.0147485
0.0147054
0.0146588
0.0146087
0.0145553
0.0144986
0.0144385
0.0143752
0.0143087
0.014239
0.0141662
0.0140903
0.0140114
0.0139296
0.0138448
0.0137572
0.0136668
0.0135737
0.0134779
0.0133796
0.0132787
0.0131754
0.0130696
0.0129616
0.0128513
0.0127389
0.0126243
0.0125077
0.0123892
0.0122688
0.0121466
0.0120227
0.0118971
0.01177
0.0116414
0.0115114
0.0113801
0.0112475
0.0111137
0.0109789
0.0108431
0.0107063
0.0105686
0.0104302
0.0102911
0.0101513
0.0100111
0.0098703
0.00972914
0.00958767
0.00944594
0.00930403
0.00916203
0.00901998
0.00887797
0.00873607
0.00859433
0.00845283
0.00831163
0.00817079
0.00803038
0.00789045
0.00775107
0.00761229
0.00747418
0.00733677
0.00720014
0.00706433
0.00692938
0.00679535
0.00666229
0.00653024
0.00639925
0.00626935
0.00614059
0.00601301
0.00588663
0.00576151
0.00563767
0.00551515
0.00539397
0.00527417
0.00515577
0.00503879
0.00492327
0.00480923
0.00469667
0.00458564
0.00447613
0.00436817
0.00426178
0.00415696
0.00405373
0.0039521
0.00385208
0.00375367
0.00365688
0.00356172
0.00346819
0.00337629
0.00328602
0.00319738
0.00311038
0.00302501
0.00294126
0.00285913
0.00277861
0.00269971
0.0026224
0.00254669
0.00247256
0.0024
0.002329
0.00225955
0.00219163
0.00212524
0.00206036
0.00199697
0.00193505
0.0018746
0.0018156
0.00175802
0.00170185
0.00164708
0.00159368
0.00154163
0.00149092
0.00144153
0.00139343
0.00134661
0.00130104
0.00125671
0.00121359
0.00117167
0.00113091
0.00109131
0.00105284
0.00101548
0.000979203
0.000943992
0.000909825
0.000876681
0.000844538
0.000813375
0.00078317
0.000753903
0.000725553
0.000698098
0.000671518
0.000645793
0.000620901
0.000596823
0.000573539
0.000551029
0.000529273
0.000508252
0.000487946
0.000468338
0.000449407
0.000431137
0.000413508
0.000396504
0.000380106
0.000364297
0.00034906
0.000334379
0.000320237
0.000306619
0.000293508
0.000280889
0.000268747
0.000257067
0.000245834
0.000235036
0.000224656
0.000214683
0.000205102
0.000195901
0.000187067
0.000178587
0.000170451
0.000162645
0.000155159
0.000147982
0.000141102
0.000134509
0.000128193
0.000122143
0.000116351
0.000110806
0.0001055
0.000100423
9.55676e-05
9.09245e-05
8.64858e-05
8.22438e-05
7.81907e-05
7.43192e-05
7.06222e-05
6.70927e-05
6.3724e-05
6.05097e-05
5.74435e-05
5.45193e-05
5.17314e-05
4.90741e-05
4.65418e-05
4.41295e-05
4.1832e-05
3.96445e-05
3.75621e-05
3.55805e-05
3.36951e-05
3.19019e-05
3.01968e-05
2.85758e-05
2.70352e-05
2.55714e-05
2.4181e-05
2.28606e-05
2.1607e-05
2.04172e-05
1.92882e-05
1.82172e-05
1.72014e-05
1.62383e-05
1.53254e-05
1.44603e-05
1.36407e-05
1.28644e-05
1.21293e-05
1.14335e-05
1.07749e-05
1.01518e-05
9.56234e-06
9.00494e-06
8.47797e-06
7.97989e-06
7.50923e-06
7.06461e-06
6.64469e-06
6.24821e-06
5.87395e-06
5.52076e-06
5.18754e-06
0.0143227
0.0143192
0.0143122
0.0143017
0.0142878
0.0142703
0.0142494
0.0142251
0.0141974
0.0141662
0.0141316
0.0140937
0.0140525
0.014008
0.0139602
0.0139092
0.0138549
0.0137976
0.0137371
0.0136735
0.0136069
0.0135373
0.0134648
0.0133894
0.0133112
0.0132302
0.0131464
0.0130601
0.0129711
0.0128796
0.0127856
0.0126892
0.0125904
0.0124894
0.0123862
0.0122808
0.0121733
0.0120639
0.0119525
0.0118392
0.0117241
0.0116074
0.0114889
0.011369
0.0112475
0.0111246
0.0110004
0.0108749
0.0107482
0.0106204
0.0104915
0.0103617
0.010231
0.0100994
0.00996716
0.00983422
0.00970068
0.00956662
0.00943211
0.00929722
0.00916203
0.00902659
0.00889099
0.00875528
0.00861954
0.00848384
0.00834823
0.00821279
0.00807757
0.00794263
0.00780805
0.00767387
0.00754016
0.00740697
0.00727435
0.00714236
0.00701106
0.00688049
0.00675071
0.00662175
0.00649368
0.00636652
0.00624034
0.00611516
0.00599103
0.00586798
0.00574606
0.0056253
0.00550573
0.00538739
0.00527031
0.00515451
0.00504002
0.00492688
0.0048151
0.00470471
0.00459572
0.00448817
0.00438206
0.00427741
0.00417425
0.00407258
0.00397241
0.00387377
0.00377665
0.00368106
0.00358702
0.00349453
0.0034036
0.00331422
0.0032264
0.00314014
0.00305544
0.0029723
0.00289071
0.00281068
0.0027322
0.00265526
0.00257986
0.00250598
0.00243363
0.00236279
0.00229345
0.0022256
0.00215924
0.00209434
0.00203089
0.00196889
0.00190831
0.00184915
0.00179138
0.001735
0.00167997
0.0016263
0.00157396
0.00152293
0.00147319
0.00142473
0.00137753
0.00133157
0.00128682
0.00124328
0.00120092
0.00115971
0.00111965
0.00108071
0.00104286
0.0010061
0.000970397
0.000935731
0.000902084
0.000869434
0.000837761
0.000807045
0.000777265
0.000748402
0.000720434
0.000693342
0.000667106
0.000641707
0.000617123
0.000593337
0.000570328
0.000548077
0.000526566
0.000505776
0.000485688
0.000466284
0.000447546
0.000429456
0.000411997
0.000395151
0.000378901
0.000363231
0.000348124
0.000333564
0.000319535
0.000306021
0.000293007
0.000280478
0.000268419
0.000256816
0.000245655
0.000234921
0.000224601
0.000214683
0.000205152
0.000195996
0.000187204
0.000178762
0.000170659
0.000162884
0.000155425
0.000148271
0.000141412
0.000134838
0.000128538
0.000122502
0.000116721
0.000111186
0.000105887
0.000100816
9.59651e-05
9.1325e-05
8.6888e-05
8.26463e-05
7.85926e-05
7.47195e-05
7.10198e-05
6.74869e-05
6.41141e-05
6.0895e-05
5.78234e-05
5.48933e-05
5.2099e-05
4.94348e-05
4.68954e-05
4.44756e-05
4.21704e-05
3.99749e-05
3.78845e-05
3.58946e-05
3.40009e-05
3.21993e-05
3.04857e-05
2.88562e-05
2.73072e-05
2.5835e-05
2.44362e-05
2.31075e-05
2.18457e-05
2.06478e-05
1.95108e-05
1.84319e-05
1.74084e-05
1.64377e-05
1.55174e-05
1.4645e-05
1.38183e-05
1.30351e-05
1.22933e-05
1.15908e-05
1.09259e-05
1.02965e-05
9.70107e-06
9.13782e-06
8.60517e-06
8.10159e-06
7.62562e-06
7.17586e-06
6.75098e-06
6.34971e-06
5.97082e-06
5.61318e-06
5.27567e-06
4.95724e-06
0.0136835
0.0136802
0.0136735
0.0136635
0.0136501
0.0136335
0.0136135
0.0135903
0.0135638
0.013534
0.013501
0.0134648
0.0134254
0.0133828
0.0133372
0.0132884
0.0132366
0.0131818
0.013124
0.0130633
0.0129996
0.0129332
0.0128639
0.0127918
0.0127171
0.0126397
0.0125597
0.0124772
0.0123922
0.0123048
0.012215
0.0121229
0.0120286
0.011932
0.0118334
0.0117327
0.0116301
0.0115255
0.011419
0.0113108
0.0112009
0.0110894
0.0109762
0.0108616
0.0107455
0.0106281
0.0105094
0.0103895
0.0102685
0.0101464
0.0100233
0.00989926
0.00977438
0.00964872
0.00952235
0.00939534
0.00926776
0.00913968
0.00901118
0.00888231
0.00875314
0.00862375
0.0084942
0.00836455
0.00823487
0.00810522
0.00797567
0.00784627
0.00771708
0.00758817
0.00745959
0.0073314
0.00720366
0.00707641
0.00694971
0.00682362
0.00669817
0.00657343
0.00644944
0.00632624
0.00620388
0.0060824
0.00596184
0.00584225
0.00572366
0.00560611
0.00548963
0.00537426
0.00526002
0.00514696
0.00503511
0.00492448
0.0048151
0.004707
0.00460021
0.00449475
0.00439063
0.00428787
0.0041865
0.00408652
0.00398796
0.00389083
0.00379513
0.00370089
0.0036081
0.00351679
0.00342694
0.00333858
0.0032517
0.00316631
0.00308241
0.003
0.00291908
0.00283965
0.00276171
0.00268525
0.00261027
0.00253676
0.00246472
0.00239415
0.00232502
0.00225734
0.0021911
0.00212628
0.00206287
0.00200087
0.00194026
0.00188102
0.00182315
0.00176663
0.00171144
0.00165757
0.001605
0.00155372
0.00150371
0.00145496
0.00140745
0.00136115
0.00131605
0.00127214
0.0012294
0.00118779
0.00114732
0.00110796
0.00106968
0.00103248
0.000996324
0.000961201
0.00092709
0.000893972
0.000861826
0.000830633
0.000800373
0.000771028
0.000742578
0.000715002
0.000688283
0.0006624
0.000637335
0.000613069
0.000589582
0.000566857
0.000544875
0.000523618
0.000503067
0.000483204
0.000464013
0.000445475
0.000427573
0.000410291
0.00039361
0.000377516
0.000361992
0.000347021
0.000332588
0.000318678
0.000305274
0.000292364
0.00027993
0.000267961
0.00025644
0.000245355
0.000234691
0.000224437
0.000214578
0.000205102
0.000195996
0.000187249
0.000178849
0.000170784
0.000163043
0.000155615
0.000148489
0.000141654
0.000135101
0.00012882
0.000122801
0.000117035
0.000111512
0.000106224
0.000101162
9.63172e-05
9.16824e-05
8.72493e-05
8.30103e-05
7.8958e-05
7.50852e-05
7.13849e-05
6.78504e-05
6.44751e-05
6.12528e-05
5.81774e-05
5.52428e-05
5.24435e-05
4.97739e-05
4.72286e-05
4.48026e-05
4.24908e-05
4.02884e-05
3.81909e-05
3.61938e-05
3.42927e-05
3.24835e-05
3.07623e-05
2.91251e-05
2.75684e-05
2.60885e-05
2.4682e-05
2.33456e-05
2.20762e-05
2.08708e-05
1.97263e-05
1.86401e-05
1.76093e-05
1.66315e-05
1.57042e-05
1.48249e-05
1.39915e-05
1.32017e-05
1.24534e-05
1.17447e-05
1.10736e-05
1.04383e-05
9.83702e-06
9.26814e-06
8.73002e-06
8.22114e-06
7.74004e-06
7.28531e-06
6.85562e-06
6.4497e-06
6.06633e-06
5.70436e-06
5.36268e-06
5.04023e-06
4.73601e-06
0.0130696
0.0130664
0.0130601
0.0130505
0.0130378
0.0130219
0.0130028
0.0129806
0.0129553
0.0129268
0.0128953
0.0128607
0.0128231
0.0127825
0.0127389
0.0126923
0.0126428
0.0125904
0.0125352
0.0124772
0.0124165
0.012353
0.0122868
0.012218
0.0121466
0.0120727
0.0119963
0.0119175
0.0118363
0.0117528
0.011667
0.0115791
0.0114889
0.0113968
0.0113025
0.0112064
0.0111083
0.0110084
0.0109068
0.0108034
0.0106984
0.0105919
0.0104838
0.0103743
0.0102635
0.0101513
0.010038
0.00992346
0.00980784
0.00969121
0.00957363
0.00945517
0.00933589
0.00921587
0.00909517
0.00897385
0.008852
0.00872967
0.00860693
0.00848384
0.00836047
0.00823688
0.00811314
0.00798931
0.00786545
0.00774161
0.00761787
0.00749428
0.00737089
0.00724776
0.00712495
0.00700251
0.00688049
0.00675895
0.00663794
0.0065175
0.00639769
0.00627854
0.00616011
0.00604244
0.00592557
0.00580954
0.00569439
0.00558016
0.00546689
0.00535461
0.00524336
0.00513316
0.00502405
0.00491607
0.00480923
0.00470356
0.00459909
0.00449584
0.00439384
0.00429311
0.00419366
0.00409551
0.00399869
0.0039032
0.00380906
0.00371628
0.00362488
0.00353486
0.00344624
0.00335902
0.00327321
0.00318881
0.00310583
0.00302427
0.00294413
0.00286542
0.00278813
0.00271226
0.00263781
0.00256478
0.00249317
0.00242296
0.00235415
0.00228674
0.00222072
0.00215608
0.0020928
0.00203089
0.00197033
0.00191111
0.00185322
0.00179664
0.00174136
0.00168737
0.00163466
0.00158321
0.001533
0.00148402
0.00143626
0.00138969
0.00134431
0.00130009
0.00125701
0.00121507
0.00117424
0.00113451
0.00109585
0.00105825
0.0010217
0.00098616
0.000951628
0.000918081
0.0008855
0.000853867
0.000823163
0.00079337
0.000764468
0.000736439
0.000709265
0.000682926
0.000657406
0.000632684
0.000608743
0.000585566
0.000563133
0.000541428
0.000520432
0.000500128
0.000480499
0.000461527
0.000443197
0.00042549
0.000408392
0.000391884
0.000375953
0.00036058
0.000345752
0.000331453
0.000317668
0.000304381
0.00029158
0.000279248
0.000267373
0.00025594
0.000244936
0.000234348
0.000224163
0.000214368
0.000204952
0.000195901
0.000187204
0.000178849
0.000170826
0.000163123
0.000155729
0.000148634
0.000141827
0.000135299
0.000129041
0.000123041
0.000117292
0.000111784
0.000106509
0.000101458
9.66234e-05
9.19963e-05
8.75694e-05
8.33352e-05
7.92864e-05
7.54159e-05
7.17168e-05
6.81825e-05
6.48065e-05
6.15827e-05
5.8505e-05
5.55675e-05
5.27646e-05
5.00908e-05
4.7541e-05
4.51099e-05
4.27927e-05
4.05846e-05
3.84811e-05
3.64776e-05
3.45701e-05
3.27543e-05
3.10263e-05
2.93823e-05
2.78186e-05
2.63317e-05
2.49181e-05
2.35747e-05
2.22983e-05
2.10859e-05
1.99345e-05
1.88414e-05
1.78038e-05
1.68193e-05
1.58854e-05
1.49997e-05
1.41598e-05
1.33638e-05
1.26094e-05
1.18947e-05
1.12178e-05
1.05768e-05
9.97e-06
9.39572e-06
8.85236e-06
8.33838e-06
7.85233e-06
7.39281e-06
6.95848e-06
6.54807e-06
6.16036e-06
5.79419e-06
5.44846e-06
5.1221e-06
4.81412e-06
4.52355e-06
0.0124803
0.0124772
0.0124711
0.012462
0.0124498
0.0124347
0.0124165
0.0123953
0.0123711
0.0123439
0.0123138
0.0122808
0.0122449
0.0122061
0.0121644
0.0121199
0.0120727
0.0120227
0.01197
0.0119146
0.0118565
0.0117959
0.0117327
0.011667
0.0115989
0.0115283
0.0114553
0.0113801
0.0113025
0.0112228
0.0111409
0.0110569
0.0109709
0.0108828
0.0107929
0.010701
0.0106074
0.010512
0.0104149
0.0103162
0.010216
0.0101142
0.0100111
0.00990651
0.00980066
0.00969358
0.00958533
0.00947597
0.00936557
0.0092542
0.00914192
0.00902879
0.0089149
0.00880028
0.00868503
0.00856919
0.00845283
0.00833601
0.0082188
0.00810127
0.00798346
0.00786545
0.00774729
0.00762904
0.00751076
0.00739251
0.00727435
0.00715633
0.0070385
0.00692093
0.00680365
0.00668674
0.00657022
0.00645416
0.00633861
0.0062236
0.00610919
0.00599542
0.00588232
0.00576996
0.00565836
0.00554756
0.00543761
0.00532853
0.00522036
0.00511315
0.00500691
0.00490168
0.0047975
0.00469438
0.00459236
0.00449145
0.0043917
0.00429311
0.00419571
0.00409951
0.00400455
0.00391083
0.00381837
0.00372718
0.00363729
0.0035487
0.00346142
0.00337546
0.00329084
0.00320755
0.0031256
0.00304501
0.00296577
0.00288789
0.00281137
0.0027362
0.0026624
0.00258995
0.00251886
0.00244913
0.00238074
0.0023137
0.00224799
0.00218362
0.00212058
0.00205885
0.00199843
0.00193931
0.00188148
0.00182493
0.00176965
0.00171562
0.00166284
0.00161128
0.00156095
0.00151181
0.00146387
0.0014171
0.00137149
0.00132702
0.00128369
0.00124146
0.00120033
0.00116028
0.00112129
0.00108335
0.00104644
0.00101053
0.000975623
0.00094169
0.000908715
0.000876681
0.000845569
0.000815363
0.000786043
0.000757593
0.000729995
0.00070323
0.000677281
0.00065213
0.00062776
0.000604154
0.000581293
0.00055916
0.000537739
0.000517012
0.000496963
0.000477575
0.000458831
0.000440715
0.000423211
0.000406303
0.000389976
0.000374213
0.000358999
0.00034432
0.000330161
0.000316507
0.000303343
0.000290656
0.000278431
0.000266655
0.000255316
0.000244398
0.000233891
0.00022378
0.000214055
0.000204702
0.000195709
0.000187067
0.000178762
0.000170784
0.000163123
0.000155767
0.000148706
0.000141931
0.000135432
0.000129198
0.000123222
0.000117493
0.000112003
0.000106744
0.000101706
9.68832e-05
9.22662e-05
8.78478e-05
8.36206e-05
7.95773e-05
7.57111e-05
7.20151e-05
6.84828e-05
6.51079e-05
6.18841e-05
5.88057e-05
5.58667e-05
5.30617e-05
5.03852e-05
4.7832e-05
4.53972e-05
4.30757e-05
4.0863e-05
3.87545e-05
3.67458e-05
3.48327e-05
3.30112e-05
3.12772e-05
2.96272e-05
2.80573e-05
2.65641e-05
2.51442e-05
2.37945e-05
2.25117e-05
2.12928e-05
2.0135e-05
1.90356e-05
1.79917e-05
1.7001e-05
1.60609e-05
1.51691e-05
1.43233e-05
1.35213e-05
1.27612e-05
1.20408e-05
1.13583e-05
1.07119e-05
1.00998e-05
9.52041e-06
8.97203e-06
8.45317e-06
7.96237e-06
7.49824e-06
7.05944e-06
6.64469e-06
6.25279e-06
5.88256e-06
5.53291e-06
5.20276e-06
4.89112e-06
4.59703e-06
4.31956e-06
0.0119146
0.0119117
0.0119059
0.0118971
0.0118855
0.011871
0.0118536
0.0118334
0.0118103
0.0117844
0.0117557
0.0117241
0.0116898
0.0116528
0.011613
0.0115706
0.0115255
0.0114777
0.0114274
0.0113745
0.0113191
0.0112612
0.0112009
0.0111382
0.0110731
0.0110057
0.0109361
0.0108642
0.0107902
0.0107141
0.0106359
0.0105557
0.0104736
0.0103895
0.0103037
0.010216
0.0101266
0.0100355
0.00994286
0.00984864
0.00975293
0.00965579
0.00955728
0.00945748
0.00935643
0.0092542
0.00915085
0.00904645
0.00894105
0.00883473
0.00872754
0.00861954
0.00851081
0.00840139
0.00829136
0.00818077
0.00806968
0.00795816
0.00784627
0.00773406
0.00762159
0.00750893
0.00739612
0.00728323
0.00717032
0.00705743
0.00694462
0.00683195
0.00671947
0.00660722
0.00649526
0.00638364
0.00627241
0.00616161
0.0060513
0.0059415
0.00583227
0.00572366
0.00561569
0.00550842
0.00540188
0.0052961
0.00519113
0.005087
0.00498374
0.00488138
0.00477996
0.0046795
0.00458004
0.0044816
0.0043842
0.00428787
0.00419263
0.00409851
0.00400553
0.00391369
0.00382303
0.00373356
0.00364529
0.00355824
0.00347242
0.00338785
0.00330452
0.00322246
0.00314167
0.00306216
0.00298393
0.00290699
0.00283134
0.00275699
0.00268394
0.00261218
0.00254172
0.00247256
0.00240469
0.00233811
0.00227283
0.00220882
0.0021461
0.00208464
0.00202446
0.00196553
0.00190785
0.00185141
0.0017962
0.00174221
0.00168943
0.00163786
0.00158746
0.00153825
0.00149019
0.00144329
0.00139752
0.00135287
0.00130932
0.00126687
0.0012255
0.00118519
0.00114592
0.00110769
0.00107047
0.00103424
0.000999003
0.000964728
0.000931401
0.000899006
0.000867525
0.000836943
0.000807242
0.000778405
0.000750414
0.000723254
0.000696906
0.000671354
0.000646582
0.000622571
0.000599306
0.000576769
0.000554944
0.000533815
0.000513365
0.000493578
0.000474437
0.000455928
0.000438033
0.000420739
0.000404028
0.000387887
0.000372299
0.000357251
0.000342727
0.000328713
0.000315196
0.00030216
0.000289593
0.000277481
0.00026581
0.000254569
0.000243743
0.00023332
0.000223289
0.000213637
0.000204352
0.000195423
0.000186838
0.000178587
0.000170659
0.000163043
0.000155729
0.000148706
0.000141966
0.000135498
0.000129293
0.000123342
0.000117636
0.000112167
0.000106926
0.000101905
9.70963e-05
9.24917e-05
8.8084e-05
8.38659e-05
7.98303e-05
7.59703e-05
7.22793e-05
6.87508e-05
6.53786e-05
6.21567e-05
5.90791e-05
5.61402e-05
5.33344e-05
5.06566e-05
4.81014e-05
4.56639e-05
4.33394e-05
4.11232e-05
3.90108e-05
3.69978e-05
3.50802e-05
3.32538e-05
3.15149e-05
2.98595e-05
2.82842e-05
2.67855e-05
2.536e-05
2.40045e-05
2.27159e-05
2.14913e-05
2.03277e-05
1.92224e-05
1.81727e-05
1.71762e-05
1.62304e-05
1.53329e-05
1.44815e-05
1.3674e-05
1.29084e-05
1.21827e-05
1.1495e-05
1.08435e-05
1.02264e-05
9.64204e-06
9.08887e-06
8.56535e-06
8.07001e-06
7.60146e-06
7.15836e-06
6.73945e-06
6.34351e-06
5.96937e-06
5.61592e-06
5.28211e-06
4.96694e-06
4.66942e-06
4.38866e-06
4.12377e-06
0.0113717
0.011369
0.0113634
0.0113551
0.011344
0.0113302
0.0113136
0.0112943
0.0112722
0.0112475
0.0112201
0.01119
0.0111572
0.0111219
0.0110839
0.0110434
0.0110004
0.0109548
0.0109068
0.0108563
0.0108034
0.0107482
0.0106906
0.0106307
0.0105686
0.0105043
0.0104378
0.0103693
0.0102986
0.010226
0.0101513
0.0100748
0.0099964
0.00991619
0.00983422
0.00975054
0.00966522
0.00957831
0.00948986
0.00939993
0.00930858
0.00921587
0.00912185
0.00902659
0.00893014
0.00883257
0.00873393
0.00863429
0.00853369
0.00843221
0.00832991
0.00822683
0.00812305
0.00801862
0.0079136
0.00780805
0.00770203
0.00759559
0.00748879
0.00738169
0.00727435
0.00716682
0.00705915
0.00695141
0.00684364
0.00673589
0.00662822
0.00652068
0.00641332
0.00630619
0.00619934
0.0060928
0.00598664
0.00588089
0.0057756
0.0056708
0.00556655
0.00546289
0.00535984
0.00525746
0.00515577
0.00505481
0.00495462
0.00485524
0.00475668
0.00465899
0.00456218
0.0044663
0.00437137
0.00427741
0.00418445
0.00409251
0.00400162
0.00391178
0.00382303
0.00373538
0.00364885
0.00356346
0.00347921
0.00339613
0.00331422
0.00323349
0.00315397
0.00307564
0.00299854
0.00292265
0.00284798
0.00277455
0.00270235
0.00263138
0.00256165
0.00249317
0.00242592
0.00235991
0.00229513
0.00223159
0.00216928
0.00210819
0.00204832
0.00198967
0.00193222
0.00187598
0.00182093
0.00176706
0.00171436
0.00166284
0.00161246
0.00156323
0.00151514
0.00146816
0.0014223
0.00137753
0.00133384
0.00129123
0.00124967
0.00120915
0.00116967
0.00113119
0.00109371
0.00105722
0.0010217
0.000987124
0.000953488
0.000920774
0.000888966
0.000858047
0.000828001
0.000798812
0.000770464
0.00074294
0.000716225
0.000690302
0.000665155
0.000640767
0.000617123
0.000594206
0.000572001
0.000550491
0.000529661
0.000509494
0.000489976
0.00047109
0.000452822
0.000435155
0.000418076
0.00040157
0.000385621
0.000370214
0.000355337
0.000340974
0.000327112
0.000313737
0.000300835
0.000288394
0.000276399
0.000264839
0.0002537
0.00024297
0.000232638
0.00022269
0.000213116
0.000203903
0.000195042
0.000186519
0.000178326
0.000170451
0.000162884
0.000155615
0.000148634
0.000141931
0.000135498
0.000129324
0.000123402
0.000117723
0.000112277
0.000107057
0.000102055
9.72624e-05
9.26726e-05
8.82778e-05
8.40709e-05
8.00449e-05
7.61932e-05
7.2509e-05
6.89862e-05
6.56185e-05
6.24e-05
5.93248e-05
5.63874e-05
5.35824e-05
5.09045e-05
4.83486e-05
4.59099e-05
4.35835e-05
4.13649e-05
3.92496e-05
3.72334e-05
3.53122e-05
3.34819e-05
3.17388e-05
3.0079e-05
2.84991e-05
2.69956e-05
2.55652e-05
2.42046e-05
2.29109e-05
2.1681e-05
2.05121e-05
1.94015e-05
1.83466e-05
1.73448e-05
1.63937e-05
1.54909e-05
1.46343e-05
1.38217e-05
1.3051e-05
1.23203e-05
1.16277e-05
1.09713e-05
1.03495e-05
9.76047e-06
9.20275e-06
8.67478e-06
8.17511e-06
7.70234e-06
7.25513e-06
6.83223e-06
6.4324e-06
6.0545e-06
5.6974e-06
5.36006e-06
5.04146e-06
4.74064e-06
4.45668e-06
4.18871e-06
3.93589e-06
0.010851
0.0108483
0.0108431
0.0108351
0.0108245
0.0108113
0.0107955
0.0107771
0.010756
0.0107324
0.0107063
0.0106776
0.0106463
0.0106126
0.0105764
0.0105377
0.0104966
0.0104531
0.0104073
0.0103591
0.0103087
0.010256
0.010201
0.0101439
0.0100847
0.0100233
0.00995986
0.00989443
0.00982702
0.00975769
0.00968648
0.00961345
0.00953864
0.0094621
0.00938388
0.00930403
0.00922262
0.00913968
0.00905528
0.00896947
0.00888231
0.00879384
0.00870413
0.00861323
0.0085212
0.0084281
0.00833398
0.00823889
0.00814291
0.00804608
0.00794845
0.0078501
0.00775107
0.00765142
0.00755121
0.00745049
0.00734932
0.00724776
0.00714585
0.00704366
0.00694123
0.00683863
0.00673589
0.00663308
0.00653024
0.00642743
0.0063247
0.00622208
0.00611964
0.00601741
0.00591545
0.00581379
0.00571249
0.00561158
0.00551111
0.00541112
0.00531164
0.00521272
0.0051144
0.0050167
0.00491967
0.00482334
0.00472773
0.0046329
0.00453885
0.00444564
0.00435327
0.00426178
0.00417119
0.00408154
0.00399283
0.0039051
0.00381837
0.00373265
0.00364796
0.00356433
0.00348176
0.00340028
0.00331989
0.00324061
0.00316245
0.00308542
0.00300954
0.0029348
0.00286122
0.00278881
0.00271756
0.00264749
0.0025786
0.00251088
0.00244435
0.002379
0.00231483
0.00225184
0.00219003
0.0021294
0.00206994
0.00201165
0.00195452
0.00189855
0.00184374
0.00179007
0.00173754
0.00168614
0.00163586
0.00158669
0.00153862
0.00149165
0.00144576
0.00140093
0.00135717
0.00131445
0.00127276
0.0012321
0.00119244
0.00115378
0.0011161
0.00107939
0.00104363
0.00100881
0.000974909
0.00094192
0.000909825
0.000878609
0.000848257
0.000818754
0.000790084
0.000762231
0.000735182
0.000708918
0.000683427
0.000658691
0.000634695
0.000611424
0.000588863
0.000566996
0.000545807
0.000525282
0.000505406
0.000486163
0.000467538
0.000449517
0.000432085
0.000415228
0.000398931
0.000383181
0.000367962
0.000353261
0.000339065
0.00032536
0.000312133
0.00029937
0.000287059
0.000275187
0.000263742
0.000252711
0.000242082
0.000231844
0.000221985
0.000212492
0.000203357
0.000194566
0.00018611
0.000177978
0.00017016
0.000162645
0.000155425
0.000148489
0.000141827
0.000135432
0.000129293
0.000123402
0.000117751
0.000112332
0.000107135
0.000102154
9.73812e-05
9.28084e-05
8.84288e-05
8.42353e-05
8.0221e-05
7.63794e-05
7.2704e-05
6.91886e-05
6.58271e-05
6.26136e-05
5.95425e-05
5.66081e-05
5.38053e-05
5.11287e-05
4.85734e-05
4.61346e-05
4.38075e-05
4.15876e-05
3.94706e-05
3.74522e-05
3.55284e-05
3.36951e-05
3.19487e-05
3.02854e-05
2.87016e-05
2.71941e-05
2.57594e-05
2.43945e-05
2.30962e-05
2.18617e-05
2.06881e-05
1.95728e-05
1.85131e-05
1.75064e-05
1.65505e-05
1.56429e-05
1.47815e-05
1.39642e-05
1.31888e-05
1.24534e-05
1.17561e-05
1.10952e-05
1.04689e-05
9.87552e-06
9.3135e-06
8.78132e-06
8.27754e-06
7.80074e-06
7.34962e-06
6.9229e-06
6.51936e-06
6.13784e-06
5.77724e-06
5.4365e-06
5.1146e-06
4.81059e-06
4.52355e-06
4.2526e-06
3.9969e-06
3.75565e-06
0.0103516
0.010349
0.010344
0.0103364
0.0103263
0.0103137
0.0102986
0.010281
0.010261
0.0102385
0.0102135
0.0101861
0.0101563
0.0101241
0.0100896
0.0100527
0.0100135
0.00997203
0.0099283
0.00988236
0.00983422
0.00978393
0.00973152
0.00967703
0.00962049
0.00956195
0.00950145
0.00943902
0.00937472
0.00930858
0.00924065
0.00917098
0.00909961
0.00902659
0.00895197
0.0088758
0.00879814
0.00871902
0.0086385
0.00855664
0.00847349
0.00838909
0.00830351
0.0082168
0.008129
0.00804018
0.00795039
0.00785969
0.00776812
0.00767574
0.00758262
0.00748879
0.00739432
0.00729926
0.00720366
0.00710757
0.00701106
0.00691417
0.00681696
0.00671947
0.00662175
0.00652387
0.00642586
0.00632778
0.00622968
0.0061316
0.00603359
0.0059357
0.00583797
0.00574045
0.00564318
0.00554621
0.00544957
0.0053533
0.00525746
0.00516207
0.00506717
0.0049728
0.004879
0.0047858
0.00469323
0.00460134
0.00451013
0.00441966
0.00432995
0.00424102
0.0041529
0.00406562
0.00397921
0.00389368
0.00380906
0.00372537
0.00364262
0.00356085
0.00348006
0.00340028
0.00332151
0.00324377
0.00316708
0.00309145
0.00301689
0.00294341
0.00287102
0.00279972
0.00272953
0.00266045
0.00259248
0.00252564
0.00245991
0.00239531
0.00233184
0.0022695
0.00220828
0.00214819
0.00208923
0.00203139
0.00197467
0.00191906
0.00186456
0.00181117
0.00175888
0.00170768
0.00165757
0.00160853
0.00156056
0.00151366
0.00146781
0.00142299
0.00137921
0.00133645
0.0012947
0.00125395
0.00121418
0.00117539
0.00113756
0.00110068
0.00106473
0.00102971
0.000995595
0.000962375
0.000930038
0.000898567
0.000867949
0.00083817
0.000809215
0.00078107
0.000753719
0.000727149
0.000701344
0.00067629
0.000651971
0.000628374
0.000605483
0.000583283
0.00056176
0.000540899
0.000520686
0.000501106
0.000482144
0.000463786
0.000446019
0.000428828
0.000412198
0.000396117
0.00038057
0.000365544
0.000351026
0.000337002
0.000323459
0.000310385
0.000297766
0.000285591
0.000273847
0.000262521
0.000251603
0.00024108
0.00023094
0.000221173
0.000211767
0.000202712
0.000193997
0.000185611
0.000177544
0.000169786
0.000162328
0.000155159
0.000148271
0.000141654
0.000135299
0.000129198
0.000123342
0.000117723
0.000112332
0.000107161
0.000102204
9.74525e-05
9.28991e-05
8.85368e-05
8.43587e-05
8.03582e-05
7.65287e-05
7.2864e-05
6.93577e-05
6.60041e-05
6.27973e-05
5.97317e-05
5.68019e-05
5.40027e-05
5.13288e-05
4.87754e-05
4.63378e-05
4.40112e-05
4.17912e-05
3.96735e-05
3.76539e-05
3.57285e-05
3.38932e-05
3.21443e-05
3.04782e-05
2.88914e-05
2.73806e-05
2.59424e-05
2.45738e-05
2.32717e-05
2.20332e-05
2.08555e-05
1.97359e-05
1.86719e-05
1.7661e-05
1.67007e-05
1.57887e-05
1.4923e-05
1.41012e-05
1.33214e-05
1.25817e-05
1.18802e-05
1.1215e-05
1.05845e-05
9.98705e-06
9.42099e-06
8.88484e-06
8.37715e-06
7.89655e-06
7.4417e-06
7.01135e-06
6.60426e-06
6.21929e-06
5.85534e-06
5.51134e-06
5.18628e-06
4.8792e-06
4.58918e-06
4.31535e-06
4.05686e-06
3.81293e-06
3.58279e-06
0.00987271
0.0098703
0.00986548
0.00985826
0.00984864
0.00983662
0.00982222
0.00980545
0.00978632
0.00976484
0.00974103
0.0097149
0.00968648
0.00965579
0.00962284
0.00958767
0.00955029
0.00951073
0.00946903
0.00942521
0.0093793
0.00933133
0.00928135
0.00922938
0.00917546
0.00911962
0.00906192
0.00900238
0.00894105
0.00887797
0.00881319
0.00874674
0.00867867
0.00860903
0.00853786
0.00846522
0.00839114
0.00831568
0.00823889
0.00816082
0.00808151
0.00800102
0.0079194
0.0078367
0.00775296
0.00766825
0.00758262
0.00749611
0.00740877
0.00732067
0.00723185
0.00714236
0.00705226
0.0069616
0.00687042
0.00677878
0.00668674
0.00659433
0.00650161
0.00640863
0.00631544
0.00622208
0.00612861
0.00603507
0.0059415
0.00584796
0.00575448
0.00566112
0.00556791
0.0054749
0.00538213
0.00528964
0.00519747
0.00510566
0.00501425
0.00492327
0.00483277
0.00474276
0.0046533
0.00456441
0.00447613
0.00438848
0.0043015
0.00421521
0.00412965
0.00404483
0.00396079
0.00387755
0.00379513
0.00371356
0.00363285
0.00355303
0.00347412
0.00339613
0.00331908
0.00324298
0.00316786
0.00309372
0.00302058
0.00294845
0.00287733
0.00280725
0.00273821
0.00267021
0.00260327
0.00253738
0.00247256
0.0024088
0.00234612
0.00228451
0.00222397
0.00216451
0.00210613
0.00204882
0.00199258
0.00193742
0.00188332
0.00183028
0.00177831
0.00172739
0.00167751
0.00162868
0.00158089
0.00153412
0.00148837
0.00144364
0.00139991
0.00135717
0.00131541
0.00127463
0.00123481
0.00119594
0.00115802
0.00112102
0.00108494
0.00104976
0.00101548
0.000982076
0.000949539
0.000917857
0.000887015
0.000857
0.000827799
0.000799397
0.000771781
0.000744938
0.000718853
0.000693512
0.0006689
0.000645005
0.000621812
0.000599306
0.000577473
0.000556301
0.000535773
0.000515878
0.000496599
0.000477925
0.00045984
0.000442332
0.000425387
0.00040899
0.00039313
0.000377793
0.000362965
0.000348634
0.000334788
0.000321412
0.000308496
0.000296027
0.000283992
0.00027238
0.000261179
0.000250377
0.000239964
0.000229927
0.000220257
0.000210942
0.000201971
0.000193335
0.000185023
0.000177025
0.000169331
0.000161932
0.000154819
0.000147982
0.000141412
0.000135101
0.000129041
0.000123222
0.000117636
0.000112277
0.000107135
0.000102204
9.74763e-05
9.29445e-05
8.86017e-05
8.44412e-05
8.04564e-05
7.66409e-05
7.29886e-05
6.94933e-05
6.61493e-05
6.29508e-05
5.98924e-05
5.69686e-05
5.41743e-05
5.15046e-05
4.89544e-05
4.65191e-05
4.41942e-05
4.19753e-05
3.9858e-05
3.78383e-05
3.59121e-05
3.40757e-05
3.23253e-05
3.06573e-05
2.90683e-05
2.75549e-05
2.6114e-05
2.47423e-05
2.3437e-05
2.21951e-05
2.10139e-05
1.98907e-05
1.8823e-05
1.78082e-05
1.6844e-05
1.59281e-05
1.50584e-05
1.42326e-05
1.34489e-05
1.27052e-05
1.19997e-05
1.13306e-05
1.06962e-05
1.00949e-05
9.52506e-06
8.98518e-06
8.47383e-06
7.98963e-06
7.53126e-06
7.09746e-06
6.68701e-06
6.29875e-06
5.9316e-06
5.58448e-06
5.25639e-06
4.94636e-06
4.65349e-06
4.37689e-06
4.11572e-06
3.8692e-06
3.63655e-06
3.41706e-06
0.00941371
0.00941141
0.00940682
0.00939993
0.00939075
0.0093793
0.00936557
0.00934958
0.00933133
0.00931085
0.00928815
0.00926324
0.00923614
0.00920687
0.00917546
0.00914192
0.00910628
0.00906856
0.00902879
0.00898701
0.00894323
0.0088975
0.00884984
0.00880028
0.00874887
0.00869564
0.00864061
0.00858384
0.00852536
0.00846522
0.00840344
0.00834008
0.00827518
0.00820878
0.00814092
0.00807165
0.00800102
0.00792907
0.00785585
0.00778141
0.00770579
0.00762904
0.00755121
0.00747235
0.00739251
0.00731174
0.00723009
0.0071476
0.00706433
0.00698032
0.00689563
0.0068103
0.00672439
0.00663794
0.006551
0.00646363
0.00637586
0.00628774
0.00619934
0.00611068
0.00602182
0.0059328
0.00584368
0.00575448
0.00566527
0.00557608
0.00548695
0.00539792
0.00530905
0.00522036
0.00513191
0.00504372
0.00495583
0.00486829
0.00478113
0.00469438
0.00460808
0.00452226
0.00443696
0.0043522
0.00426803
0.00418445
0.00410151
0.00401924
0.00393765
0.00385678
0.00377665
0.00369728
0.00361869
0.00354091
0.00346396
0.00338785
0.0033126
0.00323823
0.00316477
0.00309221
0.00302058
0.00294989
0.00288015
0.00281137
0.00274356
0.00267674
0.0026109
0.00254607
0.00248223
0.00241941
0.0023576
0.00229681
0.00223704
0.0021783
0.00212058
0.00206388
0.00200821
0.00195357
0.00189995
0.00184734
0.00179576
0.00174519
0.00169563
0.00164708
0.00159952
0.00155296
0.00150739
0.0014628
0.00141918
0.00137652
0.00133482
0.00129407
0.00125426
0.00121537
0.0011774
0.00114034
0.00110418
0.0010689
0.0010345
0.00100096
0.000968267
0.000936417
0.000905393
0.000875184
0.000845776
0.000817156
0.000789313
0.000762231
0.0007359
0.000710304
0.000685432
0.000661269
0.000637802
0.000615017
0.000592902
0.000571443
0.000550626
0.000530437
0.000510864
0.000491893
0.000473511
0.000455705
0.000438461
0.000421767
0.00040561
0.000389976
0.000374853
0.000360229
0.00034609
0.000332426
0.000319223
0.000306469
0.000294154
0.000282264
0.000270789
0.000259716
0.000249036
0.000238737
0.000228808
0.000219238
0.000210017
0.000201135
0.000192581
0.000184346
0.000176421
0.000168794
0.000161459
0.000154404
0.000147621
0.000141102
0.000134838
0.00012882
0.000123041
0.000117493
0.000112167
0.000107057
0.000102154
9.74525e-05
9.29445e-05
8.86233e-05
8.44824e-05
8.05153e-05
7.67158e-05
7.30777e-05
6.95952e-05
6.62624e-05
6.30739e-05
6.00241e-05
5.71079e-05
5.432e-05
5.16557e-05
4.911e-05
4.66784e-05
4.43564e-05
4.21395e-05
4.00237e-05
3.80049e-05
3.60791e-05
3.42425e-05
3.24914e-05
3.08224e-05
2.9232e-05
2.77169e-05
2.62739e-05
2.48999e-05
2.3592e-05
2.23474e-05
2.11632e-05
2.0037e-05
1.8966e-05
1.79479e-05
1.69803e-05
1.60609e-05
1.51876e-05
1.43583e-05
1.35709e-05
1.28236e-05
1.21145e-05
1.14418e-05
1.08039e-05
1.0199e-05
9.62558e-06
9.08222e-06
8.56744e-06
8.07987e-06
7.61818e-06
7.18112e-06
6.76748e-06
6.37611e-06
6.00591e-06
5.65582e-06
5.32484e-06
5.01201e-06
4.7164e-06
4.43714e-06
4.1734e-06
3.92438e-06
3.68931e-06
3.46748e-06
3.25819e-06
0.00897385
0.00897166
0.00896728
0.00896072
0.00895197
0.00894105
0.00892796
0.00891272
0.00889533
0.0088758
0.00885416
0.00883042
0.00880458
0.00877668
0.00874674
0.00871476
0.00868079
0.00864483
0.00860693
0.00856709
0.00852536
0.00848177
0.00843633
0.00838909
0.00834008
0.00828933
0.00823688
0.00818277
0.00812702
0.00806968
0.00801079
0.00795039
0.00788852
0.00782522
0.00776054
0.00769451
0.00762718
0.00755859
0.00748879
0.00741782
0.00734574
0.00727257
0.00719838
0.00712321
0.0070471
0.0069701
0.00689226
0.00681363
0.00673425
0.00665417
0.00657343
0.00649209
0.00641019
0.00632778
0.00624491
0.00616161
0.00607795
0.00599395
0.00590967
0.00582516
0.00574045
0.0056556
0.00557063
0.00548561
0.00540056
0.00531554
0.00523057
0.00514571
0.00506099
0.00497644
0.00489212
0.00480805
0.00472427
0.00464082
0.00455773
0.00447504
0.00439277
0.00431096
0.00422965
0.00414885
0.0040686
0.00398894
0.00390987
0.00383144
0.00375367
0.00367657
0.00360019
0.00352452
0.00344961
0.00337546
0.0033021
0.00322955
0.00315782
0.00308693
0.00301689
0.00294773
0.00287944
0.00281205
0.00274557
0.00268001
0.00261537
0.00255167
0.00248891
0.0024271
0.00236625
0.00230637
0.00224744
0.00218949
0.00213252
0.00207652
0.00202149
0.00196745
0.00191438
0.00186229
0.00181117
0.00176103
0.00171185
0.00166365
0.0016164
0.00157012
0.00152479
0.0014804
0.00143696
0.00139445
0.00135287
0.0013122
0.00127245
0.0012336
0.00119565
0.00115858
0.00112239
0.00108706
0.00105258
0.00101896
0.00098616
0.000954187
0.000923025
0.000892663
0.000863089
0.000834291
0.000806257
0.000778975
0.000752432
0.000726616
0.000701515
0.000677116
0.000653405
0.000630371
0.000608001
0.000586281
0.000565199
0.000544742
0.000524898
0.000505653
0.000486994
0.00046891
0.000451387
0.000434412
0.000417974
0.00040206
0.000386658
0.000371754
0.000357338
0.000343397
0.000329919
0.000316893
0.000304307
0.00029215
0.000280409
0.000269075
0.000258136
0.000247581
0.0002374
0.000227582
0.000218117
0.000208994
0.000200204
0.000191737
0.000183583
0.000175733
0.000168177
0.000160908
0.000153914
0.000147189
0.000140724
0.000134509
0.000128538
0.000122801
0.000117292
0.000112003
0.000106926
0.000102055
9.73812e-05
9.28991e-05
8.86017e-05
8.44824e-05
8.0535e-05
7.67533e-05
7.31313e-05
6.96632e-05
6.63434e-05
6.31664e-05
6.01268e-05
5.72195e-05
5.44395e-05
5.17819e-05
4.92421e-05
4.68154e-05
4.44974e-05
4.22838e-05
4.01706e-05
3.81536e-05
3.62291e-05
3.43933e-05
3.26425e-05
3.09733e-05
2.93823e-05
2.78661e-05
2.64218e-05
2.50462e-05
2.37365e-05
2.24897e-05
2.13032e-05
2.01744e-05
1.91007e-05
1.80798e-05
1.71093e-05
1.61869e-05
1.53104e-05
1.4478e-05
1.36874e-05
1.29368e-05
1.22244e-05
1.15485e-05
1.09072e-05
1.0299e-05
9.72241e-06
9.17583e-06
8.65786e-06
8.16713e-06
7.70234e-06
7.26222e-06
6.84558e-06
6.45127e-06
6.07819e-06
5.72529e-06
5.39156e-06
5.07604e-06
4.77782e-06
4.49602e-06
4.22982e-06
3.9784e-06
3.74101e-06
3.51693e-06
3.30546e-06
3.10595e-06
0.00855247
0.00855038
0.0085462
0.00853995
0.00853161
0.0085212
0.00850873
0.0084942
0.00847763
0.00845902
0.00843839
0.00841576
0.00839114
0.00836455
0.00833601
0.00830554
0.00827316
0.00823889
0.00820277
0.00816481
0.00812504
0.00808349
0.00804018
0.00799516
0.00794845
0.00790009
0.0078501
0.00779852
0.0077454
0.00769075
0.00763463
0.00757706
0.0075181
0.00745777
0.00739612
0.00733319
0.00726902
0.00720366
0.00713713
0.0070695
0.0070008
0.00693107
0.00686037
0.00678872
0.00671619
0.0066428
0.00656862
0.00649368
0.00641802
0.0063417
0.00626476
0.00618724
0.00610919
0.00603065
0.00595166
0.00587228
0.00579254
0.00571249
0.00563217
0.00555163
0.0054709
0.00539002
0.00530905
0.00522802
0.00514696
0.00506593
0.00498496
0.00490408
0.00482334
0.00474276
0.0046624
0.00458228
0.00450243
0.0044229
0.00434371
0.0042649
0.0041865
0.00410853
0.00403103
0.00395403
0.00387755
0.00380163
0.00372628
0.00365153
0.0035774
0.00350393
0.00343113
0.00335902
0.00328762
0.00321696
0.00314704
0.0030779
0.00300954
0.00294197
0.00287523
0.00280931
0.00274423
0.00268001
0.00261665
0.00255416
0.00249256
0.00243185
0.00237204
0.00231313
0.00225514
0.00219806
0.00214191
0.00208668
0.00203238
0.00197901
0.00192657
0.00187506
0.00182449
0.00177484
0.00172612
0.00167833
0.00163147
0.00158553
0.0015405
0.00149639
0.00145319
0.00141089
0.00136948
0.00132897
0.00128934
0.00125059
0.0012127
0.00117568
0.00113951
0.00110418
0.00106968
0.00103601
0.00100316
0.000971108
0.000939853
0.000909381
0.000879682
0.000850746
0.000822561
0.000795115
0.000768397
0.000742396
0.0007171
0.000692496
0.000668574
0.00064532
0.000622723
0.000600771
0.000579451
0.000558751
0.000538659
0.000519163
0.00050025
0.000481908
0.000464126
0.000446891
0.000430191
0.000414014
0.000398347
0.000383181
0.000368501
0.000354298
0.000340558
0.000327272
0.000314427
0.000302013
0.000290018
0.000278431
0.000267242
0.00025644
0.000246015
0.000235955
0.000226252
0.000216895
0.000207874
0.00019918
0.000190803
0.000182733
0.000174962
0.000167481
0.00016028
0.000153352
0.000146687
0.000140278
0.000134116
0.000128193
0.000122502
0.000117035
0.000111784
0.000106744
0.000101905
9.72624e-05
9.28084e-05
8.85368e-05
8.44412e-05
8.05153e-05
7.67533e-05
7.31491e-05
6.96972e-05
6.6392e-05
6.32281e-05
6.02002e-05
5.73034e-05
5.45326e-05
5.18832e-05
4.93504e-05
4.69298e-05
4.4617e-05
4.24079e-05
4.02983e-05
3.82843e-05
3.63621e-05
3.45279e-05
3.27783e-05
3.11097e-05
2.95189e-05
2.80025e-05
2.65576e-05
2.51811e-05
2.38701e-05
2.26219e-05
2.14336e-05
2.03029e-05
1.92271e-05
1.82038e-05
1.72308e-05
1.63058e-05
1.54268e-05
1.45915e-05
1.37981e-05
1.30447e-05
1.23294e-05
1.16504e-05
1.10062e-05
1.0395e-05
9.81543e-06
9.26587e-06
8.74495e-06
8.25131e-06
7.78362e-06
7.34065e-06
6.92121e-06
6.52413e-06
6.14834e-06
5.79278e-06
5.45644e-06
5.13838e-06
4.83768e-06
4.55347e-06
4.2849e-06
4.03119e-06
3.79158e-06
3.56534e-06
3.35178e-06
3.15025e-06
2.96011e-06
0.00814887
0.00814689
0.00814291
0.00813695
0.008129
0.00811909
0.0081072
0.00809336
0.00807757
0.00805984
0.00804018
0.00801862
0.00799516
0.00796983
0.00794263
0.0079136
0.00788275
0.0078501
0.00781568
0.00777951
0.00774161
0.00770203
0.00766077
0.00761787
0.00757337
0.00752728
0.00747965
0.00743051
0.00737989
0.00732782
0.00727435
0.0072195
0.00716332
0.00710584
0.0070471
0.00698714
0.006926
0.00686372
0.00680033
0.00673589
0.00667043
0.00660399
0.00653662
0.00646836
0.00639925
0.00632933
0.00625865
0.00618724
0.00611516
0.00604244
0.00596913
0.00589526
0.00582089
0.00574606
0.0056708
0.00559517
0.00551919
0.00544292
0.00536639
0.00528964
0.00521272
0.00513567
0.00505852
0.00498131
0.00490408
0.00482687
0.00474972
0.00467266
0.00459572
0.00451895
0.00444238
0.00436604
0.00428996
0.00421418
0.00413873
0.00406364
0.00398894
0.00391465
0.00384081
0.00376744
0.00369457
0.00362223
0.00355043
0.00347921
0.00340859
0.00333858
0.00326921
0.00320051
0.00313248
0.00306515
0.00299854
0.00293265
0.00286752
0.00280314
0.00273955
0.00267674
0.00261473
0.00255354
0.00249317
0.00243363
0.00237493
0.00231709
0.0022601
0.00220398
0.00214872
0.00209434
0.00204083
0.00198821
0.00193647
0.00188562
0.00183565
0.00178658
0.00173839
0.00169108
0.00164467
0.00159913
0.00155448
0.00151071
0.00146781
0.00142578
0.00138461
0.00134431
0.00130486
0.00126625
0.0012285
0.00119157
0.00115547
0.0011202
0.00108573
0.00105207
0.0010192
0.000987124
0.000955819
0.000925281
0.000895501
0.000866467
0.00083817
0.000810599
0.000783744
0.000757593
0.000732137
0.000707363
0.00068326
0.000659817
0.000637024
0.000614867
0.000593337
0.00057242
0.000552106
0.000532383
0.000513239
0.000494663
0.000476643
0.000459167
0.000442224
0.000425802
0.00040989
0.000394476
0.000379549
0.000365098
0.000351111
0.000337578
0.000324487
0.000311828
0.000299589
0.000287761
0.000276332
0.000265292
0.000254631
0.000244339
0.000234405
0.000224821
0.000215575
0.00020666
0.000198065
0.000189781
0.000181799
0.00017411
0.000166706
0.000159577
0.000152717
0.000146115
0.000139765
0.000133658
0.000127787
0.000122143
0.000116721
0.000111512
0.000106509
0.000101706
9.70963e-05
9.26726e-05
8.84288e-05
8.43587e-05
8.04564e-05
7.67158e-05
7.31313e-05
6.96972e-05
6.64082e-05
6.3259e-05
6.02443e-05
5.73594e-05
5.45992e-05
5.19592e-05
4.94348e-05
4.70215e-05
4.47152e-05
4.25115e-05
4.04067e-05
3.83966e-05
3.64776e-05
3.46461e-05
3.28985e-05
3.12315e-05
2.96416e-05
2.81259e-05
2.66811e-05
2.53044e-05
2.39928e-05
2.27437e-05
2.15543e-05
2.04222e-05
1.93448e-05
1.83197e-05
1.73448e-05
1.64177e-05
1.55364e-05
1.46988e-05
1.39029e-05
1.3147e-05
1.24291e-05
1.17475e-05
1.11006e-05
1.04868e-05
9.90449e-06
9.35224e-06
8.82862e-06
8.33228e-06
7.86193e-06
7.41631e-06
6.99425e-06
6.59459e-06
6.21626e-06
5.8582e-06
5.51941e-06
5.19895e-06
4.8959e-06
4.60939e-06
4.33859e-06
4.0827e-06
3.84096e-06
3.61266e-06
3.39709e-06
3.19361e-06
3.00159e-06
2.82042e-06
0.00776243
0.00776054
0.00775675
0.00775107
0.0077435
0.00773406
0.00772274
0.00770955
0.00769451
0.00767762
0.0076589
0.00763836
0.00761601
0.00759188
0.00756597
0.00753832
0.00750893
0.00747783
0.00744504
0.00741058
0.00737449
0.00733677
0.00729747
0.00725661
0.00721422
0.00717032
0.00712495
0.00707814
0.00702992
0.00698032
0.00692938
0.00687713
0.00682362
0.00676886
0.00671291
0.00665579
0.00659755
0.00653822
0.00647784
0.00641646
0.0063541
0.00629082
0.00622664
0.00616161
0.00609578
0.00602918
0.00596184
0.00589382
0.00582516
0.00575589
0.00568605
0.00561569
0.00554485
0.00547357
0.00540188
0.00532983
0.00525746
0.0051848
0.0051119
0.00503879
0.00496552
0.00489212
0.00481863
0.00474508
0.00467151
0.00459797
0.00452447
0.00445107
0.00437778
0.00430465
0.00423171
0.00415899
0.00408652
0.00401434
0.00394246
0.00387093
0.00379977
0.00372901
0.00365867
0.00358878
0.00351936
0.00345045
0.00338206
0.00331422
0.00324694
0.00318026
0.00311418
0.00304873
0.00298393
0.00291979
0.00285634
0.00279358
0.00273153
0.00267021
0.00260963
0.0025498
0.00249073
0.00243244
0.00237493
0.00231822
0.00226231
0.00220721
0.00215292
0.00209946
0.00204682
0.00199502
0.00194405
0.00189392
0.00184464
0.0017962
0.0017486
0.00170185
0.00165595
0.00161089
0.00156667
0.0015233
0.00148076
0.00143906
0.0013982
0.00135816
0.00131895
0.00128056
0.00124298
0.00120621
0.00117024
0.00113506
0.00110068
0.00106707
0.00103424
0.00100218
0.000970871
0.000940312
0.000910492
0.000881402
0.000853034
0.000825377
0.000798422
0.000772158
0.000746577
0.000721666
0.000697417
0.000673817
0.000650858
0.000628527
0.000606814
0.000585709
0.000565199
0.000545275
0.000525924
0.000507136
0.0004889
0.000471205
0.000454039
0.000437392
0.000421253
0.00040561
0.000390452
0.000375769
0.00036155
0.000347784
0.000334461
0.000321569
0.000309099
0.00029704
0.000285382
0.000274114
0.000263227
0.000252711
0.000242556
0.000232751
0.000223289
0.000214159
0.000205352
0.00019686
0.000188672
0.000180781
0.000173177
0.000165853
0.0001588
0.00015201
0.000145474
0.000139186
0.000133137
0.000127319
0.000121727
0.000116351
0.000111186
0.000106224
0.000101458
9.68832e-05
9.24917e-05
8.82778e-05
8.42353e-05
8.03582e-05
7.66409e-05
7.30777e-05
6.96632e-05
6.6392e-05
6.3259e-05
6.0259e-05
5.73874e-05
5.46392e-05
5.201e-05
4.94952e-05
4.70905e-05
4.47917e-05
4.25947e-05
4.04955e-05
3.84905e-05
3.65757e-05
3.47478e-05
3.30031e-05
3.13384e-05
2.97504e-05
2.8236e-05
2.67921e-05
2.54158e-05
2.41044e-05
2.2855e-05
2.16651e-05
2.05322e-05
1.94537e-05
1.84274e-05
1.7451e-05
1.65222e-05
1.56391e-05
1.47996e-05
1.40017e-05
1.32436e-05
1.25235e-05
1.18397e-05
1.11904e-05
1.05742e-05
9.98949e-06
9.4348e-06
8.90873e-06
8.40994e-06
7.93714e-06
7.48909e-06
7.06461e-06
6.66256e-06
6.28186e-06
5.92147e-06
5.58039e-06
5.25767e-06
4.95241e-06
4.66373e-06
4.3908e-06
4.13284e-06
3.88909e-06
3.65881e-06
3.44134e-06
3.23599e-06
3.04216e-06
2.85924e-06
2.68667e-06
0.00739251
0.00739071
0.0073871
0.00738169
0.00737449
0.00736549
0.00735471
0.00734215
0.00732782
0.00731174
0.00729391
0.00727435
0.00725307
0.00723009
0.00720542
0.00717908
0.00715109
0.00712147
0.00709024
0.00705743
0.00702305
0.00698714
0.00694971
0.0069108
0.00687042
0.00682862
0.00678541
0.00674083
0.0066949
0.00664767
0.00659916
0.0065494
0.00649844
0.00644629
0.006393
0.00633861
0.00628314
0.00622664
0.00616914
0.00611068
0.0060513
0.00599103
0.00592991
0.00586798
0.00580528
0.00574185
0.00567773
0.00561295
0.00554756
0.00548159
0.00541508
0.00534808
0.00528061
0.00521272
0.00514445
0.00507584
0.00500691
0.00493772
0.00486829
0.00479867
0.00472889
0.00465899
0.00458899
0.00451895
0.00444889
0.00437885
0.00430886
0.00423895
0.00416916
0.00409951
0.00403005
0.00396079
0.00389178
0.00382303
0.00375458
0.00368646
0.00361869
0.0035513
0.00348431
0.00341775
0.00335165
0.00328602
0.00322089
0.00315628
0.00309221
0.0030287
0.00296577
0.00290344
0.00284173
0.00278065
0.00272022
0.00266045
0.00260136
0.00254296
0.00248527
0.00242829
0.00237204
0.00231652
0.00226176
0.00220774
0.0021545
0.00210202
0.00205032
0.00199941
0.00194928
0.00189995
0.00185141
0.00180367
0.00175673
0.0017106
0.00166527
0.00162075
0.00157703
0.00153412
0.00149201
0.00145071
0.0014102
0.00137049
0.00133157
0.00129344
0.00125609
0.00121953
0.00118374
0.00114872
0.00111447
0.00108097
0.00104823
0.00101622
0.000984957
0.00095442
0.000924604
0.000895501
0.000867102
0.000839399
0.000812382
0.000786043
0.000760373
0.000735361
0.000710998
0.000687275
0.000664181
0.000641707
0.000619841
0.000598575
0.000577897
0.000557797
0.000538264
0.000519289
0.000500861
0.000482969
0.000465602
0.00044875
0.000432402
0.000416548
0.000401178
0.00038628
0.000371845
0.000357862
0.00034432
0.000331211
0.000318522
0.000306245
0.000294369
0.000282885
0.000271782
0.000261051
0.000250683
0.000240668
0.000230997
0.00022166
0.000212648
0.000203953
0.000195566
0.000187478
0.000179681
0.000172166
0.000164925
0.00015795
0.000151233
0.000144766
0.000138542
0.000132553
0.000126792
0.000121252
0.000115926
0.000110806
0.000105887
0.000101162
9.66234e-05
9.22662e-05
8.8084e-05
8.40709e-05
8.0221e-05
7.65287e-05
7.29886e-05
6.95952e-05
6.63434e-05
6.32281e-05
6.02443e-05
5.73874e-05
5.46526e-05
5.20354e-05
4.95314e-05
4.71365e-05
4.48464e-05
4.26571e-05
4.05648e-05
3.85657e-05
3.66562e-05
3.48327e-05
3.30919e-05
3.14303e-05
2.9845e-05
2.83326e-05
2.68904e-05
2.55153e-05
2.42046e-05
2.29557e-05
2.17658e-05
2.06327e-05
1.95537e-05
1.85266e-05
1.75492e-05
1.66193e-05
1.57349e-05
1.48938e-05
1.40943e-05
1.33345e-05
1.26125e-05
1.19267e-05
1.12754e-05
1.06571e-05
1.00703e-05
9.51344e-06
8.98518e-06
8.48418e-06
8.00916e-06
7.55889e-06
7.1322e-06
6.72795e-06
6.34506e-06
5.9825e-06
5.63928e-06
5.31445e-06
5.00711e-06
4.7164e-06
4.44148e-06
4.18156e-06
3.93589e-06
3.70375e-06
3.48445e-06
3.27734e-06
3.08178e-06
2.89719e-06
2.72299e-06
2.55863e-06
0.0070385
0.00703678
0.00703335
0.0070282
0.00702134
0.00701277
0.00700251
0.00699055
0.00697691
0.0069616
0.00694462
0.006926
0.00690574
0.00688385
0.00686037
0.00683529
0.00680864
0.00678044
0.00675071
0.00671947
0.00668674
0.00665254
0.00661691
0.00657985
0.00654141
0.00650161
0.00646047
0.00641802
0.0063743
0.00632933
0.00628314
0.00623577
0.00618724
0.00613759
0.00608686
0.00603507
0.00598226
0.00592846
0.00587371
0.00581805
0.00576151
0.00570413
0.00564594
0.00558698
0.00552728
0.00546689
0.00540584
0.00534416
0.0052819
0.00521909
0.00515577
0.00509197
0.00502774
0.0049631
0.0048981
0.00483277
0.00476714
0.00470126
0.00463516
0.00456887
0.00450243
0.00443588
0.00436924
0.00430255
0.00423585
0.00416916
0.00410252
0.00403596
0.00396951
0.0039032
0.00383706
0.00377112
0.00370541
0.00363996
0.00357479
0.00350992
0.0034454
0.00338124
0.00331746
0.00325408
0.00319115
0.00312866
0.00306665
0.00300513
0.00294413
0.00288366
0.00282375
0.0027644
0.00270565
0.00264749
0.00258995
0.00253305
0.00247679
0.00242118
0.00236625
0.002312
0.00225845
0.00220559
0.00215345
0.00210202
0.00205132
0.00200136
0.00195214
0.00190366
0.00185593
0.00180896
0.00176275
0.0017173
0.00167261
0.00162868
0.00158553
0.00154314
0.00150151
0.00146066
0.00142056
0.00138123
0.00134267
0.00130486
0.0012678
0.0012315
0.00119594
0.00116113
0.00112706
0.00109371
0.0010611
0.00102921
0.000998028
0.000967558
0.00093779
0.000908715
0.000880327
0.000852617
0.000825578
0.000799202
0.000773479
0.000748402
0.00072396
0.000700146
0.00067695
0.000654363
0.000632375
0.000610977
0.000590158
0.00056991
0.000550222
0.000531085
0.000512488
0.000494422
0.000476876
0.00045984
0.000443305
0.00042726
0.000411695
0.000396601
0.000381966
0.000367782
0.000354038
0.000340725
0.000327832
0.00031535
0.000303269
0.00029158
0.000280272
0.000269338
0.000258767
0.00024855
0.000238679
0.000229143
0.000219935
0.000211045
0.000202465
0.000194186
0.000186201
0.0001785
0.000171076
0.000163921
0.000157027
0.000150386
0.00014399
0.000137833
0.000131907
0.000126205
0.00012072
0.000115446
0.000110374
0.0001055
0.000100816
9.63172e-05
9.19963e-05
8.78478e-05
8.38659e-05
8.00449e-05
7.63794e-05
7.2864e-05
6.94933e-05
6.62624e-05
6.31664e-05
6.02002e-05
5.73594e-05
5.46392e-05
5.20354e-05
4.95435e-05
4.71595e-05
4.48792e-05
4.26988e-05
4.06143e-05
3.86222e-05
3.67189e-05
3.49008e-05
3.31647e-05
3.15072e-05
2.99252e-05
2.84158e-05
2.69758e-05
2.56026e-05
2.42934e-05
2.30455e-05
2.18564e-05
2.07235e-05
1.96446e-05
1.86173e-05
1.76394e-05
1.67088e-05
1.58235e-05
1.49814e-05
1.41806e-05
1.34194e-05
1.26959e-05
1.20085e-05
1.13556e-05
1.07355e-05
1.01468e-05
9.58805e-06
9.05786e-06
8.5549e-06
8.07789e-06
7.62562e-06
7.19692e-06
6.79065e-06
6.40576e-06
6.04121e-06
5.69601e-06
5.36923e-06
5.05996e-06
4.76733e-06
4.49054e-06
4.22878e-06
3.98131e-06
3.74741e-06
3.52639e-06
3.31759e-06
3.12039e-06
2.9342e-06
2.75845e-06
2.59259e-06
2.43611e-06
0.00669981
0.00669817
0.0066949
0.00669
0.00668347
0.00667532
0.00666555
0.00665417
0.00664118
0.00662661
0.00661045
0.00659272
0.00657343
0.0065526
0.00653024
0.00650637
0.00648101
0.00645416
0.00642586
0.00639612
0.00636497
0.00633242
0.0062985
0.00626323
0.00622664
0.00618875
0.00614959
0.00610919
0.00606757
0.00602476
0.0059808
0.0059357
0.00588951
0.00584225
0.00579396
0.00574466
0.00569439
0.00564318
0.00559107
0.00553809
0.00548427
0.00542965
0.00537426
0.00531813
0.00526131
0.00520382
0.00514571
0.005087
0.00502774
0.00496795
0.00490767
0.00484694
0.0047858
0.00472427
0.0046624
0.00460021
0.00453775
0.00447504
0.00441212
0.00434902
0.00428578
0.00422242
0.00415899
0.00409551
0.00403202
0.00396854
0.0039051
0.00384174
0.00377849
0.00371537
0.00365242
0.00358965
0.00352711
0.0034648
0.00340277
0.00334103
0.00327961
0.00321853
0.00315782
0.0030975
0.00303759
0.00297811
0.00291908
0.00286052
0.00280246
0.0027449
0.00268787
0.00263138
0.00257545
0.00252009
0.00246532
0.00241116
0.0023576
0.00230468
0.00225239
0.00220075
0.00214977
0.00209946
0.00204982
0.00200087
0.00195261
0.00190505
0.0018582
0.00181206
0.00176663
0.00172191
0.00167792
0.00163466
0.00159212
0.00155031
0.00150923
0.00146888
0.00142926
0.00139037
0.00135221
0.00131477
0.00127806
0.00124207
0.00120679
0.00117224
0.00113839
0.00110526
0.00107282
0.00104108
0.00101004
0.000979681
0.000950003
0.000920999
0.000892663
0.000864988
0.000837965
0.000811589
0.000785852
0.000760744
0.000736259
0.000712388
0.000689123
0.000666455
0.000644375
0.000622875
0.000601945
0.000581576
0.00056176
0.000542486
0.000523746
0.000505529
0.000487827
0.00047063
0.000453929
0.000437713
0.000421973
0.0004067
0.000391884
0.000377516
0.000363586
0.000350084
0.000337002
0.000324329
0.000312056
0.000300175
0.000288675
0.000277549
0.000266786
0.000256377
0.000246315
0.00023659
0.000227193
0.000218117
0.000209351
0.000200889
0.000192722
0.000184842
0.000177241
0.000169911
0.000162844
0.000156033
0.000149471
0.000143149
0.000137062
0.000131201
0.00012556
0.000120132
0.000114911
0.00010989
0.000105063
0.000100423
9.59651e-05
9.16824e-05
8.75694e-05
8.36206e-05
7.98303e-05
7.61932e-05
7.2704e-05
6.93577e-05
6.61493e-05
6.30739e-05
6.01268e-05
5.73034e-05
5.45992e-05
5.201e-05
4.95314e-05
4.71595e-05
4.48902e-05
4.27196e-05
4.06441e-05
3.866e-05
3.67637e-05
3.4952e-05
3.32214e-05
3.15688e-05
2.9991e-05
2.84852e-05
2.70484e-05
2.56778e-05
2.43706e-05
2.31244e-05
2.19366e-05
2.08046e-05
1.97263e-05
1.86993e-05
1.77214e-05
1.67906e-05
1.59048e-05
1.5062e-05
1.42605e-05
1.34982e-05
1.27736e-05
1.2085e-05
1.14307e-05
1.08091e-05
1.02189e-05
9.65854e-06
9.12668e-06
8.622e-06
8.14324e-06
7.68918e-06
7.25868e-06
6.8506e-06
6.46389e-06
6.09751e-06
5.7505e-06
5.42192e-06
5.11086e-06
4.81647e-06
4.53793e-06
4.27445e-06
4.02529e-06
3.78973e-06
3.56708e-06
3.3567e-06
3.15795e-06
2.97024e-06
2.79301e-06
2.62571e-06
2.46783e-06
2.31888e-06
0.00637586
0.0063743
0.00637119
0.00636652
0.00636031
0.00635255
0.00634325
0.00633242
0.00632006
0.00630619
0.00629082
0.00627394
0.00625559
0.00623577
0.00621449
0.00619177
0.00616763
0.00614209
0.00611516
0.00608686
0.00605721
0.00602623
0.00599395
0.00596039
0.00592557
0.00588951
0.00585224
0.00581379
0.00577419
0.00573345
0.00569161
0.0056487
0.00560474
0.00555976
0.0055138
0.00546689
0.00541905
0.00537032
0.00532073
0.00527031
0.00521909
0.00516711
0.0051144
0.00506099
0.00500691
0.0049522
0.0048969
0.00484103
0.00478463
0.00472773
0.00467037
0.00461258
0.00455439
0.00449584
0.00443696
0.00437778
0.00431834
0.00425866
0.00419878
0.00413873
0.00407855
0.00401826
0.00395789
0.00389748
0.00383706
0.00377665
0.00371628
0.00365599
0.00359579
0.00353573
0.00347582
0.00341608
0.00335656
0.00329727
0.00323823
0.00317948
0.00312103
0.00306291
0.00300513
0.00294773
0.00289071
0.00283411
0.00277794
0.00272221
0.00266695
0.00261218
0.0025579
0.00250415
0.00245092
0.00239824
0.00234612
0.00229457
0.00224361
0.00219324
0.00214348
0.00209434
0.00204582
0.00199794
0.00195071
0.00190412
0.0018582
0.00181294
0.00176835
0.00172444
0.0016812
0.00163866
0.00159679
0.00155562
0.00151514
0.00147535
0.00143626
0.00139786
0.00136015
0.00132314
0.00128682
0.0012512
0.00121626
0.00118201
0.00114844
0.00111556
0.00108335
0.00105181
0.00102095
0.000990745
0.000961201
0.000932311
0.000904068
0.000876467
0.000849501
0.000823163
0.000797448
0.000772347
0.000747854
0.00072396
0.000700659
0.000677943
0.000655803
0.00063423
0.000613218
0.000592758
0.00057284
0.000553456
0.000534597
0.000516256
0.000498421
0.000481086
0.00046424
0.000447874
0.00043198
0.000416548
0.00040157
0.000387035
0.000372936
0.000359262
0.000346006
0.000333157
0.000320707
0.000308647
0.000296968
0.000285661
0.000274717
0.000264129
0.000253886
0.000243981
0.000234405
0.00022515
0.000216208
0.00020757
0.000199229
0.000191176
0.000183404
0.000175905
0.000168671
0.000161695
0.00015497
0.000148489
0.000142243
0.000136228
0.000130434
0.000124857
0.000119489
0.000114324
0.000109355
0.000104577
9.9983e-05
9.55676e-05
9.1325e-05
8.72493e-05
8.33352e-05
7.95773e-05
7.59703e-05
7.2509e-05
6.91886e-05
6.60041e-05
6.29508e-05
6.00241e-05
5.72195e-05
5.45326e-05
5.19592e-05
4.94952e-05
4.71365e-05
4.48792e-05
4.27196e-05
4.0654e-05
3.86789e-05
3.67907e-05
3.49861e-05
3.3262e-05
3.1615e-05
3.00423e-05
2.85409e-05
2.71079e-05
2.57405e-05
2.44362e-05
2.31923e-05
2.20063e-05
2.08759e-05
1.97987e-05
1.87725e-05
1.77952e-05
1.68646e-05
1.59788e-05
1.51358e-05
1.43338e-05
1.35709e-05
1.28456e-05
1.2156e-05
1.15006e-05
1.0878e-05
1.02865e-05
9.72479e-06
9.19152e-06
8.68538e-06
8.2051e-06
7.74949e-06
7.31739e-06
6.9077e-06
6.51936e-06
6.15134e-06
5.80268e-06
5.47245e-06
5.15975e-06
4.86374e-06
4.58358e-06
4.31851e-06
4.06777e-06
3.83066e-06
3.60649e-06
3.39461e-06
3.19439e-06
3.00525e-06
2.82662e-06
2.65796e-06
2.49875e-06
2.34851e-06
2.20676e-06
0.00606609
0.00606461
0.00606165
0.00605721
0.0060513
0.00604391
0.00603507
0.00602476
0.00601301
0.00599981
0.00598518
0.00596913
0.00595166
0.0059328
0.00591256
0.00589095
0.00586798
0.00584368
0.00581805
0.00579113
0.00576292
0.00573345
0.00570274
0.0056708
0.00563767
0.00560337
0.00556791
0.00553133
0.00549365
0.00545489
0.00541508
0.00537426
0.00533243
0.00528964
0.00524592
0.00520128
0.00515577
0.0051094
0.00506222
0.00501425
0.00496552
0.00491607
0.00486592
0.0048151
0.00476365
0.0047116
0.00465899
0.00460583
0.00455217
0.00449804
0.00444347
0.00438848
0.00433312
0.00427741
0.00422139
0.00416509
0.00410853
0.00405175
0.00399478
0.00393765
0.00388039
0.00382303
0.0037656
0.00370812
0.00365064
0.00359316
0.00353573
0.00347836
0.00342109
0.00336394
0.00330694
0.00325011
0.00319348
0.00313707
0.00308091
0.00302501
0.0029694
0.0029141
0.00285913
0.00280451
0.00275027
0.00269641
0.00264297
0.00258995
0.00253738
0.00248527
0.00243363
0.00238248
0.00233184
0.00228172
0.00223213
0.00218309
0.0021346
0.00208668
0.00203934
0.00199258
0.00194643
0.00190087
0.00185593
0.00181161
0.00176792
0.00172486
0.00168244
0.00164066
0.00159952
0.00155904
0.00151921
0.00148004
0.00144153
0.00140367
0.00136648
0.00132994
0.00129407
0.00125886
0.0012243
0.00119041
0.00115717
0.00112458
0.00109265
0.00106136
0.00103072
0.00100071
0.000971345
0.00094261
0.000914502
0.000887015
0.000860144
0.000833884
0.000808228
0.00078317
0.000758704
0.000734823
0.000711519
0.000688787
0.000666618
0.000645005
0.00062394
0.000603417
0.000583425
0.000563959
0.000545008
0.000526566
0.000508624
0.000491173
0.000474206
0.000457712
0.000441685
0.000426114
0.000410992
0.00039631
0.00038206
0.000368231
0.000354817
0.000341808
0.000329195
0.000316971
0.000305125
0.000293651
0.00028254
0.000271782
0.00026137
0.000251296
0.000241551
0.000232127
0.000223017
0.000214211
0.000205704
0.000197485
0.000189549
0.000181888
0.000174493
0.000167358
0.000160476
0.000153839
0.000147441
0.000141274
0.000135332
0.000129609
0.000124097
0.000118791
0.000113684
0.000108769
0.000104042
9.9496e-05
9.51254e-05
9.09245e-05
8.6888e-05
8.30103e-05
7.92864e-05
7.57111e-05
7.22793e-05
6.89862e-05
6.58271e-05
6.27973e-05
5.98924e-05
5.71079e-05
5.44395e-05
5.18832e-05
4.94348e-05
4.70905e-05
4.48464e-05
4.26988e-05
4.06441e-05
3.86789e-05
3.67997e-05
3.50032e-05
3.32863e-05
3.16459e-05
3.0079e-05
2.85827e-05
2.71542e-05
2.57909e-05
2.44899e-05
2.3249e-05
2.20655e-05
2.09371e-05
1.98616e-05
1.88368e-05
1.78604e-05
1.69306e-05
1.60452e-05
1.52024e-05
1.44004e-05
1.36374e-05
1.29116e-05
1.22215e-05
1.15654e-05
1.09419e-05
1.03495e-05
9.78671e-06
9.25231e-06
8.74495e-06
8.2634e-06
7.80646e-06
7.37298e-06
6.96188e-06
6.57209e-06
6.20262e-06
5.85248e-06
5.52076e-06
5.20657e-06
4.90907e-06
4.62743e-06
4.36089e-06
4.1087e-06
3.87014e-06
3.64455e-06
3.43127e-06
3.22968e-06
3.03919e-06
2.85924e-06
2.68929e-06
2.52882e-06
2.37735e-06
2.2344e-06
2.09954e-06
0.00576996
0.00576855
0.00576573
0.00576151
0.00575589
0.00574887
0.00574045
0.00573065
0.00571947
0.00570692
0.005693
0.00567773
0.00566112
0.00564318
0.00562393
0.00560337
0.00558152
0.00555841
0.00553403
0.00550842
0.00548159
0.00545356
0.00542435
0.00539397
0.00536246
0.00532983
0.0052961
0.00526131
0.00522547
0.0051886
0.00515074
0.0051119
0.00507212
0.00503142
0.00498983
0.00494737
0.00490408
0.00485998
0.0048151
0.00476947
0.00472312
0.00467608
0.00462838
0.00458004
0.0045311
0.0044816
0.00443155
0.00438099
0.00432995
0.00427846
0.00422655
0.00417425
0.00412159
0.0040686
0.00401532
0.00396176
0.00390796
0.00385396
0.00379977
0.00374543
0.00369096
0.0036364
0.00358177
0.00352711
0.00347242
0.00341775
0.00336312
0.00330856
0.00325408
0.00319973
0.00314551
0.00309145
0.00303759
0.00298393
0.0029305
0.00287733
0.00282444
0.00277184
0.00271955
0.0026676
0.00261601
0.00256478
0.00251395
0.00246352
0.00241351
0.00236394
0.00231483
0.00226618
0.00221801
0.00217034
0.00212317
0.00207652
0.0020304
0.00198482
0.00193978
0.00189531
0.00185141
0.00180808
0.00176533
0.00172318
0.00168162
0.00164066
0.00160031
0.00156056
0.00152144
0.00148293
0.00144505
0.00140779
0.00137115
0.00133515
0.00129977
0.00126502
0.0012309
0.0011974
0.00116454
0.0011323
0.00110068
0.00106968
0.00103931
0.00100955
0.000980399
0.00095186
0.000923927
0.000896595
0.000869858
0.000843713
0.000818154
0.000793176
0.000768773
0.000744938
0.000721666
0.000698951
0.000676785
0.000655162
0.000634076
0.000613518
0.000593482
0.00057396
0.000554944
0.000536428
0.000518403
0.000500861
0.000483795
0.000467196
0.000451056
0.000435368
0.000420123
0.000405313
0.000390929
0.000376964
0.000363409
0.000350255
0.000337496
0.000325122
0.000313125
0.000301497
0.00029023
0.000279316
0.000268747
0.000258514
0.000248611
0.000239028
0.000229759
0.000220795
0.00021213
0.000203754
0.000195662
0.000187845
0.000180296
0.000173008
0.000165975
0.000159188
0.000152642
0.000146329
0.000140243
0.000134378
0.000128726
0.000123282
0.000118039
0.000112992
0.000108134
0.000103459
9.8963e-05
9.46389e-05
9.04816e-05
8.64858e-05
8.26463e-05
7.8958e-05
7.54159e-05
7.20151e-05
6.87508e-05
6.56185e-05
6.26136e-05
5.97317e-05
5.69686e-05
5.432e-05
5.17819e-05
4.93504e-05
4.70215e-05
4.47917e-05
4.26571e-05
4.06143e-05
3.866e-05
3.67907e-05
3.50032e-05
3.32945e-05
3.16614e-05
3.01011e-05
2.86107e-05
2.71874e-05
2.58287e-05
2.45318e-05
2.32944e-05
2.2114e-05
2.09883e-05
1.9915e-05
1.8892e-05
1.79172e-05
1.69885e-05
1.61041e-05
1.52619e-05
1.44603e-05
1.36974e-05
1.29716e-05
1.22813e-05
1.16248e-05
1.10008e-05
1.04077e-05
9.84423e-06
9.30896e-06
8.80064e-06
8.31805e-06
7.86001e-06
7.42537e-06
7.01306e-06
6.62202e-06
6.25126e-06
5.89982e-06
5.56678e-06
5.25126e-06
4.95241e-06
4.66942e-06
4.40154e-06
4.148e-06
3.90812e-06
3.68121e-06
3.46663e-06
3.26376e-06
3.07202e-06
2.89083e-06
2.71966e-06
2.55801e-06
2.40537e-06
2.2613e-06
2.12533e-06
1.99705e-06
0.00548695
0.00548561
0.00548293
0.00547892
0.00547357
0.00546689
0.00545889
0.00544957
0.00543893
0.005427
0.00541376
0.00539924
0.00538345
0.00536639
0.00534808
0.00532853
0.00530775
0.00528577
0.00526259
0.00523824
0.00521272
0.00518607
0.00515829
0.0051294
0.00509944
0.00506841
0.00503633
0.00500325
0.00496916
0.0049341
0.0048981
0.00486117
0.00482334
0.00478463
0.00474508
0.00470471
0.00466354
0.0046216
0.00457892
0.00453553
0.00449145
0.00444672
0.00440136
0.00435539
0.00430886
0.00426178
0.00421418
0.0041661
0.00411757
0.0040686
0.00401924
0.00396951
0.00391943
0.00386904
0.00381837
0.00376744
0.00371628
0.00366492
0.00361339
0.00356172
0.00350992
0.00345804
0.00340609
0.0033541
0.0033021
0.00325011
0.00319816
0.00314628
0.00309447
0.00304278
0.00299122
0.00293982
0.0028886
0.00283757
0.00278677
0.0027362
0.0026859
0.00263588
0.00258616
0.00253676
0.00248769
0.00243898
0.00239064
0.00234269
0.00229513
0.00224799
0.00220129
0.00215502
0.00210922
0.00206388
0.00201903
0.00197467
0.00193081
0.00188746
0.00184464
0.00180235
0.0017606
0.00171939
0.00167874
0.00163866
0.00159913
0.00156018
0.00152181
0.00148402
0.00144681
0.0014102
0.00137417
0.00133874
0.0013039
0.00126966
0.00123602
0.00120297
0.00117052
0.00113867
0.00110742
0.00107676
0.00104669
0.00101722
0.000988329
0.000960029
0.000932311
0.000905172
0.000878609
0.000852617
0.000827192
0.00080233
0.000778025
0.000754271
0.000731065
0.000708399
0.000686269
0.000664668
0.000643589
0.000623027
0.000602975
0.000583425
0.000564372
0.000545807
0.000527725
0.000510116
0.000492975
0.000476294
0.000460065
0.00044428
0.000428932
0.000414014
0.000399516
0.000385432
0.000371754
0.000358474
0.000345584
0.000333076
0.000320942
0.000309175
0.000297766
0.000286709
0.000275995
0.000265616
0.000255565
0.000245834
0.000236417
0.000227304
0.00021849
0.000209966
0.000201725
0.00019376
0.000186065
0.000178631
0.000171453
0.000164522
0.000157834
0.00015138
0.000145155
0.000139152
0.000133365
0.000127787
0.000122412
0.000117235
0.000112249
0.00010745
0.00010283
9.83849e-05
9.4109e-05
8.99969e-05
8.60436e-05
8.22438e-05
7.85926e-05
7.50852e-05
7.17168e-05
6.84828e-05
6.53786e-05
6.24e-05
5.95425e-05
5.68019e-05
5.41743e-05
5.16557e-05
4.92421e-05
4.69298e-05
4.47152e-05
4.25947e-05
4.05648e-05
3.86222e-05
3.67637e-05
3.49861e-05
3.32863e-05
3.16614e-05
3.01084e-05
2.86246e-05
2.72073e-05
2.58539e-05
2.45618e-05
2.33286e-05
2.21518e-05
2.10293e-05
1.99588e-05
1.89382e-05
1.79654e-05
1.70384e-05
1.61553e-05
1.53142e-05
1.45133e-05
1.3751e-05
1.30256e-05
1.23354e-05
1.16789e-05
1.10547e-05
1.04612e-05
9.89724e-06
9.36137e-06
8.85236e-06
8.36898e-06
7.91006e-06
7.47448e-06
7.06116e-06
6.66907e-06
6.29722e-06
5.94464e-06
5.61044e-06
5.29373e-06
4.99369e-06
4.70949e-06
4.44039e-06
4.18564e-06
3.94455e-06
3.71643e-06
3.50065e-06
3.2966e-06
3.10368e-06
2.92134e-06
2.74904e-06
2.58627e-06
2.43254e-06
2.28739e-06
2.15038e-06
2.02108e-06
1.89909e-06
0.00521654
0.00521527
0.00521272
0.00520891
0.00520382
0.00519747
0.00518987
0.005181
0.0051709
0.00515955
0.00514696
0.00513316
0.00511814
0.00510193
0.00508452
0.00506593
0.00504618
0.00502528
0.00500325
0.00498009
0.00495583
0.00493049
0.00490408
0.00487662
0.00484813
0.00481863
0.00478814
0.00475668
0.00472427
0.00469094
0.00465671
0.0046216
0.00458564
0.00454884
0.00451124
0.00447285
0.00443371
0.00439384
0.00435327
0.00431201
0.00427011
0.00422758
0.00418445
0.00414075
0.00409651
0.00405175
0.0040065
0.00396079
0.00391465
0.0038681
0.00382117
0.00377388
0.00372628
0.00367837
0.00363019
0.00358177
0.00353314
0.00348431
0.00343532
0.00338619
0.00333695
0.00328762
0.00323823
0.00318881
0.00313937
0.00308994
0.00304055
0.00299122
0.00294197
0.00289283
0.00284381
0.00279494
0.00274624
0.00269773
0.00264943
0.00260136
0.00255354
0.00250598
0.00245871
0.00241174
0.0023651
0.00231879
0.00227283
0.00222723
0.00218202
0.00213721
0.0020928
0.00204882
0.00200527
0.00196217
0.00191953
0.00187735
0.00183565
0.00179445
0.00175373
0.00171353
0.00167383
0.00163466
0.00159601
0.0015579
0.00152033
0.0014833
0.00144681
0.00141089
0.00137551
0.0013407
0.00130645
0.00127276
0.00123964
0.00120709
0.0011751
0.00114369
0.00111284
0.00108256
0.00105284
0.00102369
0.000995109
0.000967086
0.000939623
0.000912717
0.000886365
0.000860564
0.00083531
0.000810599
0.000786427
0.00076279
0.000739682
0.0007171
0.000695037
0.000673489
0.000652449
0.000631912
0.000611872
0.000592324
0.000573259
0.000554673
0.000536559
0.000518909
0.000501718
0.000484977
0.000468681
0.000452822
0.000437392
0.000422385
0.000407794
0.00039361
0.000379827
0.000366438
0.000353434
0.000340808
0.000328553
0.000316661
0.000305125
0.000293938
0.000283092
0.000272579
0.000262393
0.000252526
0.00024297
0.000233719
0.000224766
0.000216102
0.000207722
0.000199618
0.000191784
0.000184211
0.000176895
0.000169828
0.000163003
0.000156415
0.000150056
0.00014392
0.000138002
0.000132294
0.000126792
0.000121489
0.000116379
0.000111457
0.000106718
0.000102154
9.77623e-05
9.35363e-05
8.94712e-05
8.55618e-05
8.18032e-05
7.81907e-05
7.47195e-05
7.13849e-05
6.81825e-05
6.51079e-05
6.21567e-05
5.93248e-05
5.66081e-05
5.40027e-05
5.15046e-05
4.911e-05
4.68154e-05
4.4617e-05
4.25115e-05
4.04955e-05
3.85657e-05
3.67189e-05
3.4952e-05
3.3262e-05
3.16459e-05
3.01011e-05
2.86246e-05
2.7214e-05
2.58665e-05
2.45798e-05
2.33513e-05
2.21789e-05
2.10602e-05
1.9993e-05
1.89752e-05
1.80049e-05
1.708e-05
1.61987e-05
1.53591e-05
1.45595e-05
1.37981e-05
1.30734e-05
1.23837e-05
1.17275e-05
1.11033e-05
1.05099e-05
9.94569e-06
9.40949e-06
8.90003e-06
8.4161e-06
7.95654e-06
7.52024e-06
7.10613e-06
6.71318e-06
6.34041e-06
5.98688e-06
5.65168e-06
5.33395e-06
5.03285e-06
4.74759e-06
4.4774e-06
4.22156e-06
3.97937e-06
3.75016e-06
3.53328e-06
3.32814e-06
3.13414e-06
2.95073e-06
2.77737e-06
2.61356e-06
2.45881e-06
2.31266e-06
2.17467e-06
2.04441e-06
1.92148e-06
1.8055e-06
0.00495825
0.00495704
0.00495462
0.004951
0.00494616
0.00494013
0.0049329
0.00492448
0.00491487
0.00490408
0.00489212
0.004879
0.00486473
0.00484931
0.00483277
0.0048151
0.00479633
0.00477646
0.00475552
0.00473351
0.00471045
0.00468636
0.00466126
0.00463516
0.00460808
0.00458004
0.00455106
0.00452116
0.00449036
0.00445868
0.00442614
0.00439277
0.00435858
0.00432361
0.00428787
0.00425139
0.00421418
0.00417629
0.00413772
0.00409851
0.00405868
0.00401826
0.00397727
0.00393573
0.00389368
0.00385114
0.00380813
0.00376468
0.00372082
0.00367657
0.00363197
0.00358702
0.00354177
0.00349624
0.00345045
0.00340443
0.0033582
0.00331179
0.00326523
0.00321853
0.00317173
0.00312484
0.0030779
0.00303092
0.00298393
0.00293695
0.00289001
0.00284312
0.00279631
0.0027496
0.00270301
0.00265656
0.00261027
0.00256416
0.00251825
0.00247256
0.0024271
0.0023819
0.00233697
0.00229233
0.00224799
0.00220398
0.00216029
0.00211696
0.00207398
0.00203139
0.00198918
0.00194738
0.00190598
0.00186502
0.00182449
0.0017844
0.00174477
0.0017056
0.0016669
0.00162868
0.00159096
0.00155372
0.00151699
0.00148076
0.00144505
0.00140985
0.00137518
0.00134103
0.00130741
0.00127432
0.00124176
0.00120974
0.00117826
0.00114732
0.00111692
0.00108706
0.00105774
0.00102896
0.00100071
0.000973007
0.000945837
0.000919202
0.000893099
0.000867525
0.000842478
0.000817955
0.000793951
0.000770464
0.000747489
0.000725022
0.000703058
0.000681594
0.000660623
0.000640142
0.000620144
0.000600624
0.000581576
0.000562996
0.000544875
0.000527209
0.000509992
0.000493216
0.000476876
0.000460964
0.000445475
0.000430401
0.000415735
0.000401472
0.000387603
0.000374121
0.000361021
0.000348294
0.000335934
0.000323933
0.000312285
0.000300982
0.000290018
0.000279384
0.000269075
0.000259083
0.000249401
0.000240023
0.00023094
0.000222147
0.000213637
0.000205402
0.000197437
0.000189734
0.000182288
0.000175091
0.000168136
0.000161419
0.000154932
0.00014867
0.000142626
0.000136794
0.000131169
0.000125744
0.000120514
0.000115474
0.000110617
0.000105939
0.000101434
9.70963e-05
9.29218e-05
8.8905e-05
8.50411e-05
8.13253e-05
7.77529e-05
7.43192e-05
7.10198e-05
6.78504e-05
6.48065e-05
6.18841e-05
5.90791e-05
5.63874e-05
5.38053e-05
5.13288e-05
4.89544e-05
4.66784e-05
4.44974e-05
4.24079e-05
4.04067e-05
3.84905e-05
3.66562e-05
3.49008e-05
3.32214e-05
3.1615e-05
3.0079e-05
2.86107e-05
2.72073e-05
2.58665e-05
2.45858e-05
2.33628e-05
2.21951e-05
2.10807e-05
2.00174e-05
1.90031e-05
1.80357e-05
1.71134e-05
1.62343e-05
1.53967e-05
1.45986e-05
1.38386e-05
1.31149e-05
1.24261e-05
1.17705e-05
1.11468e-05
1.05536e-05
9.98949e-06
9.45324e-06
8.9436e-06
8.45936e-06
7.99939e-06
7.56259e-06
7.14789e-06
6.75428e-06
6.38079e-06
6.02648e-06
5.69045e-06
5.37185e-06
5.06985e-06
4.78366e-06
4.51252e-06
4.25571e-06
4.01254e-06
3.78234e-06
3.56447e-06
3.35834e-06
3.16335e-06
2.97896e-06
2.80462e-06
2.63985e-06
2.48415e-06
2.33707e-06
2.19815e-06
2.06699e-06
1.94318e-06
1.82634e-06
1.71611e-06
0.0047116
0.00471045
0.00470815
0.00470471
0.00470011
0.00469438
0.00468751
0.0046795
0.00467037
0.00466012
0.00464876
0.00463629
0.00462273
0.00460808
0.00459236
0.00457557
0.00455773
0.00453885
0.00451895
0.00449804
0.00447613
0.00445324
0.00442938
0.00440458
0.00437885
0.0043522
0.00432467
0.00429625
0.00426698
0.00423688
0.00420596
0.00417425
0.00414176
0.00410853
0.00407457
0.0040399
0.00400455
0.00396854
0.00393189
0.00389463
0.00385678
0.00381837
0.00377942
0.00373995
0.00369999
0.00365956
0.00361869
0.0035774
0.00353573
0.00349368
0.00345129
0.00340859
0.00336559
0.00332232
0.00327881
0.00323507
0.00319115
0.00314704
0.0031028
0.00305842
0.00301395
0.0029694
0.00292479
0.00288015
0.00283549
0.00279085
0.00274624
0.00270169
0.0026572
0.00261282
0.00256854
0.0025244
0.00248042
0.0024366
0.00239298
0.00234956
0.00230637
0.00226341
0.00222072
0.0021783
0.00213617
0.00209434
0.00205283
0.00201165
0.00197081
0.00193034
0.00189023
0.0018505
0.00181117
0.00177224
0.00173373
0.00169563
0.00165797
0.00162075
0.00158398
0.00154766
0.00151181
0.00147643
0.00144153
0.0014071
0.00137316
0.00133972
0.00130677
0.00127432
0.00124237
0.00121093
0.00117999
0.00114957
0.00111965
0.00109025
0.00106136
0.00103298
0.00100512
0.000977769
0.000950931
0.000924604
0.000898786
0.000873476
0.000848671
0.00082437
0.000800569
0.000777265
0.000754456
0.000732137
0.000710304
0.000688955
0.000668084
0.000647688
0.00062776
0.000608298
0.000589295
0.000570746
0.000552646
0.000534989
0.00051777
0.000500983
0.000484622
0.000468681
0.000453153
0.000438033
0.000423315
0.00040899
0.000395055
0.0003815
0.000368321
0.000355511
0.000343062
0.000330968
0.000319223
0.000307819
0.00029675
0.00028601
0.000275591
0.000265486
0.00025569
0.000246195
0.000236995
0.000228082
0.000219452
0.000211096
0.000203009
0.000195185
0.000187616
0.000180296
0.00017322
0.000166381
0.000159772
0.000153389
0.000147225
0.000141274
0.000135531
0.000129989
0.000124644
0.000119489
0.000114519
0.000109729
0.000105114
0.000100669
9.63878e-05
9.22662e-05
8.82993e-05
8.44824e-05
8.08107e-05
7.72797e-05
7.3885e-05
7.06222e-05
6.74869e-05
6.44751e-05
6.15827e-05
5.88057e-05
5.61402e-05
5.35824e-05
5.11287e-05
4.87754e-05
4.65191e-05
4.43564e-05
4.22838e-05
4.02983e-05
3.83966e-05
3.65757e-05
3.48327e-05
3.31647e-05
3.15688e-05
3.00423e-05
2.85827e-05
2.71874e-05
2.58539e-05
2.45798e-05
2.33628e-05
2.22006e-05
2.1091e-05
2.00321e-05
1.90216e-05
1.80577e-05
1.71385e-05
1.62621e-05
1.54268e-05
1.46307e-05
1.38724e-05
1.31502e-05
1.24625e-05
1.18079e-05
1.1185e-05
1.05923e-05
1.00286e-05
9.49256e-06
8.98299e-06
8.49869e-06
8.03855e-06
7.60146e-06
7.18638e-06
6.79231e-06
6.41828e-06
6.06337e-06
5.72669e-06
5.40738e-06
5.10462e-06
4.81765e-06
4.54569e-06
4.28804e-06
4.04401e-06
3.81293e-06
3.59418e-06
3.38716e-06
3.19127e-06
3.00599e-06
2.83077e-06
2.66511e-06
2.50853e-06
2.36058e-06
2.22081e-06
2.0888e-06
1.96417e-06
1.84652e-06
1.73549e-06
1.63074e-06
0.00447613
0.00447504
0.00447285
0.00446958
0.00446521
0.00445977
0.00445324
0.00444564
0.00443696
0.00442722
0.00441643
0.00440458
0.0043917
0.00437778
0.00436284
0.0043469
0.00432995
0.00431201
0.00429311
0.00427324
0.00425242
0.00423068
0.00420802
0.00418445
0.00416001
0.00413469
0.00410853
0.00408154
0.00405373
0.00402513
0.00399576
0.00396563
0.00393477
0.0039032
0.00387093
0.003838
0.00380441
0.0037702
0.00373538
0.00369999
0.00366403
0.00362754
0.00359053
0.00355303
0.00351507
0.00347666
0.00343784
0.00339862
0.00335902
0.00331908
0.00327881
0.00323823
0.00319738
0.00315628
0.00311494
0.00307339
0.00303166
0.00298976
0.00294773
0.00290557
0.00286332
0.00282099
0.00277861
0.0027362
0.00269378
0.00265137
0.00260899
0.00256666
0.0025244
0.00248223
0.00244017
0.00239824
0.00235645
0.00231483
0.00227338
0.00223213
0.0021911
0.00215029
0.00210973
0.00206943
0.00202941
0.00198967
0.00195023
0.00191111
0.00187232
0.00183386
0.00179576
0.00175802
0.00172065
0.00168367
0.00164708
0.00161089
0.00157511
0.00153975
0.00150482
0.00147032
0.00143626
0.00140264
0.00136948
0.00133678
0.00130454
0.00127276
0.00124146
0.00121063
0.00118028
0.00115041
0.00112102
0.00109211
0.00106369
0.00103576
0.00100831
0.000981357
0.000954886
0.000928903
0.000903406
0.000878395
0.000853867
0.000829822
0.000806257
0.00078317
0.000760559
0.000738419
0.00071675
0.000695546
0.000674805
0.000654523
0.000634695
0.000615318
0.000596387
0.000577897
0.000559843
0.000542221
0.000525026
0.000508252
0.000491893
0.000475945
0.000460402
0.000445257
0.000430506
0.000416142
0.000402158
0.00038855
0.000375311
0.000362434
0.000349913
0.000337743
0.000325916
0.000314427
0.000303269
0.000292435
0.000281919
0.000271716
0.000261817
0.000252218
0.000242911
0.000233891
0.00022515
0.000216684
0.000208484
0.000200546
0.000192864
0.00018543
0.000178239
0.000171285
0.000164563
0.000158065
0.000151787
0.000145723
0.000139867
0.000134214
0.000128757
0.000123493
0.000118414
0.000113517
0.000108796
0.000104245
9.9861e-05
9.56377e-05
9.15705e-05
8.7655e-05
8.38864e-05
8.02602e-05
7.6772e-05
7.34175e-05
7.01924e-05
6.70927e-05
6.41141e-05
6.12528e-05
5.8505e-05
5.58667e-05
5.33344e-05
5.09045e-05
4.85734e-05
4.63378e-05
4.41942e-05
4.21395e-05
4.01706e-05
3.82843e-05
3.64776e-05
3.47478e-05
3.30919e-05
3.15072e-05
2.9991e-05
2.85409e-05
2.71542e-05
2.58287e-05
2.45618e-05
2.33513e-05
2.21951e-05
2.1091e-05
2.0037e-05
1.90309e-05
1.8071e-05
1.71553e-05
1.6282e-05
1.54494e-05
1.46558e-05
1.38995e-05
1.31791e-05
1.2493e-05
1.18397e-05
1.12178e-05
1.0626e-05
1.00629e-05
9.52738e-06
9.01814e-06
8.53404e-06
8.07395e-06
7.6368e-06
7.22156e-06
6.82722e-06
6.45285e-06
6.09751e-06
5.76034e-06
5.44048e-06
5.13713e-06
4.84951e-06
4.57687e-06
4.31851e-06
4.07374e-06
3.8419e-06
3.62237e-06
3.41456e-06
3.21787e-06
3.03178e-06
2.85575e-06
2.68929e-06
2.53191e-06
2.38316e-06
2.2426e-06
2.10982e-06
1.98441e-06
1.866e-06
1.75423e-06
1.64875e-06
1.54924e-06
0.00425139
0.00425035
0.00424827
0.00424516
0.00424102
0.00423585
0.00422965
0.00422242
0.00421418
0.00420493
0.00419468
0.00418343
0.00417119
0.00415798
0.00414379
0.00412864
0.00411254
0.00409551
0.00407755
0.00405868
0.00403891
0.00401826
0.00399673
0.00397435
0.00395113
0.00392709
0.00390224
0.00387661
0.0038502
0.00382303
0.00379513
0.00376652
0.00373721
0.00370722
0.00367657
0.00364529
0.00361339
0.0035809
0.00354783
0.00351421
0.00348006
0.0034454
0.00341025
0.00337464
0.00333858
0.0033021
0.00326523
0.00322797
0.00319037
0.00315243
0.00311418
0.00307564
0.00303685
0.0029978
0.00295854
0.00291908
0.00287944
0.00283965
0.00279972
0.00275968
0.00271955
0.00267935
0.0026391
0.00259882
0.00255853
0.00251825
0.002478
0.00243779
0.00239765
0.0023576
0.00231765
0.00227783
0.00223814
0.0021986
0.00215924
0.00212006
0.00208109
0.00204233
0.0020038
0.00196553
0.00192751
0.00188977
0.00185231
0.00181515
0.00177831
0.00174179
0.0017056
0.00166975
0.00163426
0.00159913
0.00156438
0.00153001
0.00149602
0.00146244
0.00142926
0.00139649
0.00136414
0.00133222
0.00130072
0.00126966
0.00123904
0.00120886
0.00117913
0.00114985
0.00112102
0.00109265
0.00106473
0.00103728
0.00101029
0.000983755
0.000957688
0.000932083
0.000906942
0.000882263
0.000858047
0.000834291
0.000810995
0.000788157
0.000765775
0.000743848
0.000722371
0.000701344
0.000680762
0.000660623
0.000640924
0.00062166
0.000602828
0.000584423
0.000566442
0.000548881
0.000531734
0.000514997
0.000498665
0.000482733
0.000467196
0.000452048
0.000437285
0.000422901
0.000408891
0.000395247
0.000381966
0.000369041
0.000356467
0.000344236
0.000332345
0.000320785
0.000309552
0.00029864
0.000288042
0.000277752
0.000267764
0.000258073
0.000248672
0.000239554
0.000230715
0.000222147
0.000213846
0.000205804
0.000198016
0.000190477
0.00018318
0.000176119
0.00016929
0.000162685
0.0001563
0.000150129
0.000144166
0.000138407
0.000132845
0.000127475
0.000122293
0.000117292
0.000112469
0.000107817
0.000103333
9.90114e-05
9.48471e-05
9.08358e-05
8.69729e-05
8.32539e-05
7.96745e-05
7.62304e-05
7.29173e-05
6.97313e-05
6.66681e-05
6.3724e-05
6.0895e-05
5.81774e-05
5.55675e-05
5.30617e-05
5.06566e-05
4.83486e-05
4.61346e-05
4.40112e-05
4.19753e-05
4.00237e-05
3.81536e-05
3.63621e-05
3.46461e-05
3.30031e-05
3.14303e-05
2.99252e-05
2.84852e-05
2.71079e-05
2.57909e-05
2.45318e-05
2.33286e-05
2.21789e-05
2.10807e-05
2.00321e-05
1.90309e-05
1.80754e-05
1.71636e-05
1.62939e-05
1.54645e-05
1.46737e-05
1.39199e-05
1.32017e-05
1.25174e-05
1.18657e-05
1.12452e-05
1.06545e-05
1.00924e-05
9.55767e-06
9.04902e-06
8.56535e-06
8.10555e-06
7.66856e-06
7.25336e-06
6.85897e-06
6.48443e-06
6.12886e-06
5.79136e-06
5.47112e-06
5.16732e-06
4.8792e-06
4.60602e-06
4.34707e-06
4.10168e-06
3.8692e-06
3.649e-06
3.4405e-06
3.24311e-06
3.05631e-06
2.87956e-06
2.71237e-06
2.55426e-06
2.40479e-06
2.2635e-06
2.13e-06
2.00389e-06
1.88478e-06
1.77231e-06
1.66615e-06
1.56597e-06
1.47145e-06
0.00403694
0.00403596
0.00403399
0.00403103
0.0040271
0.00402218
0.0040163
0.00400944
0.00400162
0.00399283
0.0039831
0.00397241
0.00396079
0.00394824
0.00393477
0.00392039
0.0039051
0.00388893
0.00387188
0.00385396
0.00383519
0.00381557
0.00379513
0.00377388
0.00375183
0.00372901
0.00370541
0.00368106
0.00365599
0.00363019
0.0036037
0.00357653
0.0035487
0.00352022
0.00349112
0.00346142
0.00343113
0.00340028
0.00336888
0.00333695
0.00330452
0.00327161
0.00323823
0.00320442
0.00317018
0.00313554
0.00310052
0.00306515
0.00302944
0.00299342
0.0029571
0.00292051
0.00288366
0.00284659
0.00280931
0.00277184
0.0027342
0.00269641
0.0026585
0.00262048
0.00258238
0.0025442
0.00250598
0.00246773
0.00242947
0.00239122
0.002353
0.00231483
0.00227671
0.00223868
0.00220075
0.00216293
0.00212524
0.0020877
0.00205032
0.00201312
0.00197611
0.00193931
0.00190273
0.00186638
0.00183028
0.00179445
0.00175888
0.0017236
0.00168861
0.00165393
0.00161956
0.00158553
0.00155183
0.00151847
0.00148547
0.00145283
0.00142056
0.00138867
0.00135717
0.00132605
0.00129533
0.00126502
0.00123511
0.00120562
0.00117654
0.00114788
0.00111965
0.00109185
0.00106447
0.00103753
0.00101103
0.000984957
0.000959326
0.000934134
0.000909381
0.000885068
0.000861195
0.000837761
0.000814766
0.000792208
0.000770088
0.000748402
0.000727149
0.000706327
0.000685934
0.000665967
0.000646424
0.000627301
0.000608595
0.000590302
0.00057242
0.000554944
0.00053787
0.000521195
0.000504912
0.00048902
0.000473511
0.000458383
0.00044363
0.000429247
0.000415228
0.00040157
0.000388266
0.000375311
0.000362699
0.000350426
0.000338486
0.000326873
0.000315581
0.000304604
0.000293938
0.000283576
0.000273513
0.000263742
0.000254258
0.000245055
0.000236128
0.000227471
0.000219077
0.000210942
0.000203059
0.000195423
0.000188028
0.000180869
0.00017394
0.000167236
0.000160751
0.000154479
0.000148416
0.000142556
0.000136894
0.000131425
0.000126144
0.000121045
0.000116124
0.000111376
0.000106796
0.000102379
9.8121e-05
9.40171e-05
9.00629e-05
8.62539e-05
8.25858e-05
7.90545e-05
7.56556e-05
7.23852e-05
6.92393e-05
6.62139e-05
6.33053e-05
6.05097e-05
5.78234e-05
5.52428e-05
5.27646e-05
5.03852e-05
4.81014e-05
4.59099e-05
4.38075e-05
4.17912e-05
3.9858e-05
3.80049e-05
3.62291e-05
3.45279e-05
3.28985e-05
3.13384e-05
2.9845e-05
2.84158e-05
2.70484e-05
2.57405e-05
2.44899e-05
2.32944e-05
2.21518e-05
2.10602e-05
2.00174e-05
1.90216e-05
1.8071e-05
1.71636e-05
1.62979e-05
1.5472e-05
1.46844e-05
1.39335e-05
1.32178e-05
1.25357e-05
1.1886e-05
1.12672e-05
1.0678e-05
1.01171e-05
9.58337e-06
9.07557e-06
8.59258e-06
8.1333e-06
7.6967e-06
7.28175e-06
6.88749e-06
6.51299e-06
6.15735e-06
5.81971e-06
5.49924e-06
5.19515e-06
4.90667e-06
4.63309e-06
4.37368e-06
4.1278e-06
3.89479e-06
3.67403e-06
3.46494e-06
3.26695e-06
3.07953e-06
2.90214e-06
2.73431e-06
2.57555e-06
2.42542e-06
2.28349e-06
2.14933e-06
2.02256e-06
1.90281e-06
1.78971e-06
1.68292e-06
1.58211e-06
1.48698e-06
1.39723e-06
0.00383238
0.00383144
0.00382957
0.00382677
0.00382303
0.00381837
0.00381278
0.00380627
0.00379884
0.0037905
0.00378126
0.00377112
0.00376009
0.00374817
0.00373538
0.00372173
0.00370722
0.00369186
0.00367568
0.00365867
0.00364084
0.00362223
0.00360282
0.00358265
0.00356172
0.00354005
0.00351765
0.00349453
0.00347073
0.00344624
0.00342109
0.0033953
0.00336888
0.00334184
0.00331422
0.00328602
0.00325726
0.00322797
0.00319816
0.00316786
0.00313707
0.00310583
0.00307414
0.00304204
0.00300954
0.00297665
0.00294341
0.00290983
0.00287593
0.00284173
0.00280725
0.00277251
0.00273754
0.00270235
0.00266695
0.00263138
0.00259565
0.00255978
0.00252379
0.00248769
0.00245152
0.00241528
0.002379
0.00234269
0.00230637
0.00227005
0.00223377
0.00219753
0.00216135
0.00212524
0.00208923
0.00205333
0.00201755
0.00198191
0.00194643
0.00191111
0.00187598
0.00184104
0.00180631
0.00177181
0.00173754
0.00170352
0.00166975
0.00163626
0.00160304
0.00157012
0.0015375
0.00150518
0.00147319
0.00144153
0.0014102
0.00137921
0.00134858
0.0013183
0.0012884
0.00125886
0.0012297
0.00120092
0.00117252
0.00114452
0.00111692
0.00108972
0.00106291
0.00103652
0.00101053
0.000984957
0.000959794
0.000935046
0.000910714
0.000886798
0.0008633
0.000840219
0.000817555
0.000795309
0.000773479
0.000752065
0.000731065
0.000710478
0.000690302
0.000670535
0.000651176
0.000632221
0.000613668
0.000595514
0.000577755
0.00056039
0.000543414
0.000526823
0.000510615
0.000494784
0.000479327
0.00046424
0.000449517
0.000435155
0.00042115
0.000407495
0.000394187
0.000381221
0.000368591
0.000356293
0.00034432
0.000332669
0.000321334
0.000310309
0.000299589
0.000289169
0.000279043
0.000269207
0.000259653
0.000250377
0.000241374
0.000232638
0.000224163
0.000215944
0.000207976
0.000200253
0.000192769
0.00018552
0.0001785
0.000171704
0.000165126
0.000158761
0.000152605
0.000146651
0.000140895
0.000135332
0.000129957
0.000124765
0.000119752
0.000114911
0.00011024
0.000105732
0.000101384
9.71912e-05
9.31489e-05
8.9253e-05
8.54991e-05
8.18832e-05
7.8401e-05
7.50485e-05
7.18219e-05
6.87173e-05
6.57307e-05
6.28587e-05
6.00974e-05
5.74435e-05
5.48933e-05
5.24435e-05
5.00908e-05
4.7832e-05
4.56639e-05
4.35835e-05
4.15876e-05
3.96735e-05
3.78383e-05
3.60791e-05
3.43933e-05
3.27783e-05
3.12315e-05
2.97504e-05
2.83326e-05
2.69758e-05
2.56778e-05
2.44362e-05
2.3249e-05
2.2114e-05
2.10293e-05
1.9993e-05
1.90031e-05
1.80577e-05
1.71553e-05
1.62939e-05
1.5472e-05
1.4688e-05
1.39403e-05
1.32275e-05
1.2548e-05
1.19005e-05
1.12837e-05
1.06962e-05
1.01369e-05
9.60445e-06
9.09775e-06
8.61568e-06
8.15717e-06
7.72116e-06
7.30668e-06
6.91276e-06
6.53848e-06
6.18296e-06
5.84534e-06
5.52481e-06
5.22058e-06
4.93189e-06
4.65804e-06
4.39831e-06
4.15206e-06
3.91863e-06
3.69743e-06
3.48786e-06
3.28936e-06
3.10141e-06
2.92348e-06
2.75508e-06
2.59575e-06
2.44504e-06
2.30252e-06
2.16778e-06
2.04042e-06
1.92007e-06
1.80639e-06
1.69902e-06
1.59764e-06
1.50194e-06
1.41163e-06
1.32643e-06
0.00363729
0.0036364
0.00363463
0.00363197
0.00362842
0.003624
0.00361869
0.00361251
0.00360546
0.00359755
0.00358878
0.00357915
0.00356868
0.00355737
0.00354523
0.00353228
0.0035185
0.00350393
0.00348857
0.00347242
0.00345551
0.00343784
0.00341942
0.00340028
0.00338041
0.00335984
0.00333858
0.00331665
0.00329405
0.00327081
0.00324694
0.00322246
0.00319738
0.00317173
0.00314551
0.00311874
0.00309145
0.00306365
0.00303536
0.0030066
0.00297738
0.00294773
0.00291765
0.00288719
0.00285634
0.00282513
0.00279358
0.00276171
0.00272953
0.00269707
0.00266435
0.00263138
0.00259819
0.00256478
0.00253119
0.00249743
0.00246352
0.00242947
0.00239531
0.00236106
0.00232673
0.00229233
0.00225789
0.00222343
0.00218896
0.0021545
0.00212006
0.00208566
0.00205132
0.00201706
0.00198288
0.0019488
0.00191485
0.00188102
0.00184734
0.00181383
0.00178048
0.00174732
0.00171436
0.00168162
0.00164909
0.0016168
0.00158475
0.00155296
0.00152144
0.00149019
0.00145923
0.00142856
0.0013982
0.00136815
0.00133841
0.001309
0.00127993
0.0012512
0.00122281
0.00119478
0.0011671
0.00113978
0.00111284
0.00108626
0.00106006
0.00103424
0.00100881
0.000983755
0.000959092
0.000934818
0.000910936
0.000887448
0.000864354
0.000841656
0.000819354
0.000797448
0.000775938
0.000754824
0.000734105
0.000713781
0.00069385
0.000674311
0.000655162
0.000636402
0.000618028
0.000600038
0.000582429
0.000565199
0.000548345
0.000531864
0.000515752
0.000500006
0.000484622
0.000469597
0.000454927
0.000440608
0.000426635
0.000413004
0.000399711
0.000386752
0.000374121
0.000361815
0.000349828
0.000338156
0.000326793
0.000315735
0.000304976
0.000294513
0.000284339
0.000274449
0.000264839
0.000255503
0.000246435
0.000237632
0.000229087
0.000220795
0.000212752
0.000204952
0.000197389
0.000190059
0.000182956
0.000176076
0.000169414
0.000162963
0.00015672
0.00015068
0.000144837
0.000139186
0.000133723
0.000128443
0.000123342
0.000118414
0.000113656
0.000109062
0.000104628
0.00010035
9.62232e-05
9.22437e-05
8.84072e-05
8.47096e-05
8.11468e-05
7.77149e-05
7.441e-05
7.12282e-05
6.81658e-05
6.52192e-05
6.23847e-05
5.96589e-05
5.70382e-05
5.45193e-05
5.2099e-05
4.97739e-05
4.7541e-05
4.53972e-05
4.33394e-05
4.13649e-05
3.94706e-05
3.76539e-05
3.59121e-05
3.42425e-05
3.26425e-05
3.11097e-05
2.96416e-05
2.8236e-05
2.68904e-05
2.56026e-05
2.43706e-05
2.31923e-05
2.20655e-05
2.09883e-05
1.99588e-05
1.89752e-05
1.80357e-05
1.71385e-05
1.6282e-05
1.54645e-05
1.46844e-05
1.39403e-05
1.32307e-05
1.25541e-05
1.19092e-05
1.12947e-05
1.07093e-05
1.01518e-05
9.62088e-06
9.11554e-06
8.63464e-06
8.17711e-06
7.74193e-06
7.32812e-06
6.93474e-06
6.56087e-06
6.20564e-06
5.86822e-06
5.54778e-06
5.24357e-06
4.95482e-06
4.68084e-06
4.42092e-06
4.17442e-06
3.9407e-06
3.71915e-06
3.50921e-06
3.31031e-06
3.12192e-06
2.94353e-06
2.77466e-06
2.61484e-06
2.46362e-06
2.32058e-06
2.18531e-06
2.05743e-06
1.93655e-06
1.82233e-06
1.71443e-06
1.61253e-06
1.51631e-06
1.42548e-06
1.33977e-06
1.25891e-06
0.00345129
0.00345045
0.00344877
0.00344624
0.00344288
0.00343868
0.00343364
0.00342778
0.00342109
0.00341358
0.00340526
0.00339613
0.00338619
0.00337546
0.00336394
0.00335165
0.00333858
0.00332475
0.00331017
0.00329486
0.00327881
0.00326204
0.00324457
0.0032264
0.00320755
0.00318803
0.00316786
0.00314704
0.0031256
0.00310355
0.00308091
0.00305768
0.00303388
0.00300954
0.00298466
0.00295926
0.00293337
0.00290699
0.00288015
0.00285285
0.00282513
0.00279699
0.00276846
0.00273955
0.00271027
0.00268066
0.00265072
0.00262048
0.00258995
0.00255915
0.0025281
0.00249682
0.00246532
0.00243363
0.00240176
0.00236972
0.00233754
0.00230524
0.00227283
0.00224032
0.00220774
0.00217511
0.00214243
0.00210973
0.00207702
0.00204432
0.00201165
0.00197901
0.00194643
0.00191391
0.00188148
0.00184915
0.00181693
0.00178483
0.00175288
0.00172107
0.00168943
0.00165797
0.0016267
0.00159562
0.00156476
0.00153412
0.00150371
0.00147355
0.00144364
0.00141399
0.00138461
0.00135551
0.0013267
0.00129818
0.00126997
0.00124207
0.00121448
0.00118722
0.00116028
0.00113368
0.00110742
0.0010815
0.00105593
0.00103072
0.00100586
0.000981357
0.00095722
0.00093345
0.000910047
0.000887015
0.000864354
0.000842067
0.000820154
0.000798617
0.000777455
0.000756669
0.000736259
0.000716225
0.000696566
0.000677281
0.000658369
0.000639829
0.00062166
0.000603859
0.000586424
0.000569354
0.000552646
0.000536297
0.000520305
0.000504666
0.000489378
0.000474437
0.00045984
0.000445584
0.000431664
0.000418076
0.000404818
0.000391884
0.000379271
0.000366975
0.00035499
0.000343313
0.000331939
0.000320864
0.000310082
0.000299589
0.000289381
0.000279453
0.000269799
0.000260415
0.000251296
0.000242437
0.000233834
0.00022548
0.000217372
0.000209505
0.000201873
0.000194471
0.000187295
0.00018034
0.000173601
0.000167073
0.000160751
0.00015463
0.000148706
0.000142975
0.00013743
0.000132068
0.000126885
0.000121875
0.000117035
0.000112359
0.000107844
0.000103485
9.92776e-05
9.52183e-05
9.13027e-05
8.75267e-05
8.38864e-05
8.03778e-05
7.69973e-05
7.37409e-05
7.06049e-05
6.75859e-05
6.46801e-05
6.18841e-05
5.91946e-05
5.66081e-05
5.41215e-05
5.17314e-05
4.94348e-05
4.72286e-05
4.51099e-05
4.30757e-05
4.11232e-05
3.92496e-05
3.74522e-05
3.57285e-05
3.40757e-05
3.24914e-05
3.09733e-05
2.95189e-05
2.81259e-05
2.67921e-05
2.55153e-05
2.42934e-05
2.31244e-05
2.20063e-05
2.09371e-05
1.9915e-05
1.89382e-05
1.80049e-05
1.71134e-05
1.62621e-05
1.54494e-05
1.46737e-05
1.39335e-05
1.32275e-05
1.25541e-05
1.19122e-05
1.13002e-05
1.07172e-05
1.01617e-05
9.63263e-06
9.1289e-06
8.64941e-06
8.19309e-06
7.75896e-06
7.34603e-06
6.95339e-06
6.58012e-06
6.22537e-06
5.88831e-06
5.56814e-06
5.26409e-06
4.97543e-06
4.70145e-06
4.44148e-06
4.19485e-06
3.96095e-06
3.73918e-06
3.52897e-06
3.32976e-06
3.14103e-06
2.96227e-06
2.79301e-06
2.63277e-06
2.48112e-06
2.33764e-06
2.20191e-06
2.07356e-06
1.95222e-06
1.83752e-06
1.72915e-06
1.62676e-06
1.53007e-06
1.43877e-06
1.35259e-06
1.27126e-06
1.19453e-06
0.00327401
0.00327321
0.00327161
0.00326921
0.00326602
0.00326204
0.00325726
0.0032517
0.00324536
0.00323823
0.00323034
0.00322167
0.00321225
0.00320207
0.00319115
0.00317948
0.00316708
0.00315397
0.00314014
0.0031256
0.00311038
0.00309447
0.0030779
0.00306066
0.00304278
0.00302427
0.00300513
0.00298539
0.00296505
0.00294413
0.00292265
0.00290061
0.00287804
0.00285494
0.00283134
0.00280725
0.00278269
0.00275766
0.0027322
0.00270631
0.00268001
0.00265331
0.00262625
0.00259882
0.00257105
0.00254296
0.00251456
0.00248587
0.00245691
0.0024277
0.00239824
0.00236856
0.00233868
0.00230862
0.00227838
0.00224799
0.00221747
0.00218682
0.00215608
0.00212524
0.00209434
0.00206338
0.00203238
0.00200136
0.00197033
0.00193931
0.00190831
0.00187735
0.00184644
0.0018156
0.00178483
0.00175416
0.0017236
0.00169315
0.00166284
0.00163267
0.00160265
0.0015728
0.00154314
0.00151366
0.00148438
0.00145532
0.00142647
0.00139786
0.00136948
0.00134136
0.00131349
0.00128588
0.00125855
0.0012315
0.00120473
0.00117826
0.00115209
0.00112623
0.00110068
0.00107544
0.00105053
0.00102595
0.00100169
0.000977769
0.000954187
0.000930946
0.00090805
0.0008855
0.0008633
0.000841451
0.000819954
0.000798812
0.000778025
0.000757593
0.000737519
0.000717801
0.000698439
0.000679434
0.000660785
0.00064249
0.00062455
0.000606963
0.000589726
0.00057284
0.000556301
0.000540107
0.000524257
0.000508748
0.000493578
0.000478742
0.00046424
0.000450066
0.000436219
0.000422695
0.00040949
0.000396601
0.000384023
0.000371754
0.000359789
0.000348124
0.000336755
0.000325678
0.000314888
0.000304381
0.000294154
0.0002842
0.000274516
0.000265098
0.00025594
0.000247038
0.000238387
0.000229984
0.000221822
0.000213898
0.000206206
0.000198743
0.000191503
0.000184481
0.000177674
0.000171076
0.000164683
0.00015849
0.000152493
0.000146687
0.000141068
0.00013563
0.000130371
0.000125284
0.000120367
0.000115615
0.000111023
0.000106587
0.000102304
9.81689e-05
9.41779e-05
9.03271e-05
8.66126e-05
8.30306e-05
7.95773e-05
7.6249e-05
7.30421e-05
6.99529e-05
6.69781e-05
6.41141e-05
6.13576e-05
5.87053e-05
5.61539e-05
5.37003e-05
5.13413e-05
4.90741e-05
4.68954e-05
4.48026e-05
4.27927e-05
4.0863e-05
3.90108e-05
3.72334e-05
3.55284e-05
3.38932e-05
3.23253e-05
3.08224e-05
2.93823e-05
2.80025e-05
2.66811e-05
2.54158e-05
2.42046e-05
2.30455e-05
2.19366e-05
2.08759e-05
1.98616e-05
1.8892e-05
1.79654e-05
1.708e-05
1.62343e-05
1.54268e-05
1.46558e-05
1.39199e-05
1.32178e-05
1.2548e-05
1.19092e-05
1.13002e-05
1.07198e-05
1.01666e-05
9.63969e-06
9.13782e-06
8.65997e-06
8.2051e-06
7.77223e-06
7.36039e-06
6.96868e-06
6.5962e-06
6.24211e-06
5.90559e-06
5.58584e-06
5.28211e-06
4.99369e-06
4.71985e-06
4.45995e-06
4.21333e-06
3.97937e-06
3.75749e-06
3.54711e-06
3.34769e-06
3.15872e-06
2.97968e-06
2.81011e-06
2.64954e-06
2.49753e-06
2.35367e-06
2.21756e-06
2.0888e-06
1.96705e-06
1.85193e-06
1.74313e-06
1.64032e-06
1.5432e-06
1.45147e-06
1.36486e-06
1.28311e-06
1.20596e-06
1.13317e-06
0.00310507
0.00310431
0.0031028
0.00310052
0.0030975
0.00309372
0.00308919
0.00308392
0.0030779
0.00307114
0.00306365
0.00305544
0.0030465
0.00303685
0.00302648
0.00301542
0.00300366
0.00299122
0.00297811
0.00296432
0.00294989
0.0029348
0.00291908
0.00290273
0.00288578
0.00286822
0.00285007
0.00283134
0.00281205
0.00279221
0.00277184
0.00275094
0.00272953
0.00270763
0.00268525
0.0026624
0.0026391
0.00261537
0.00259122
0.00256666
0.00254172
0.0025164
0.00249073
0.00246472
0.00243839
0.00241174
0.00238481
0.0023576
0.00233014
0.00230243
0.00227449
0.00224635
0.00221801
0.00218949
0.00216082
0.002132
0.00210305
0.00207398
0.00204482
0.00201558
0.00198627
0.00195691
0.00192751
0.00189809
0.00186866
0.00183924
0.00180984
0.00178048
0.00175117
0.00172191
0.00169274
0.00166365
0.00163466
0.00160578
0.00157703
0.00154842
0.00151995
0.00149165
0.00146351
0.00143556
0.00140779
0.00138022
0.00135287
0.00132573
0.00129882
0.00127214
0.00124571
0.00121953
0.00119361
0.00116795
0.00114257
0.00111747
0.00109265
0.00106812
0.00104388
0.00101995
0.000996324
0.000973007
0.000950003
0.000927317
0.000904951
0.00088291
0.000861195
0.000839809
0.000818754
0.000798032
0.000777645
0.000757593
0.000737879
0.000718502
0.000699463
0.000680762
0.0006624
0.000644375
0.000626688
0.000609338
0.000592324
0.000575644
0.000559297
0.000543281
0.000527596
0.000512238
0.000497206
0.000482497
0.000468109
0.000454039
0.000440285
0.000426843
0.00041371
0.000400884
0.00038836
0.000376136
0.000364208
0.000352572
0.000341224
0.000330161
0.000319379
0.000308873
0.00029864
0.000288675
0.000278975
0.000269535
0.000260351
0.000251419
0.000242733
0.000234291
0.000226087
0.000218117
0.000210376
0.000202861
0.000195566
0.000188488
0.000181621
0.000174962
0.000168506
0.000162249
0.000156186
0.000150312
0.000144625
0.000139118
0.000133788
0.000128632
0.000123644
0.00011882
0.000114156
0.000109649
0.000105294
0.000101088
9.70252e-05
9.31035e-05
8.93184e-05
8.56663e-05
8.21434e-05
7.87463e-05
7.54711e-05
7.23146e-05
6.92731e-05
6.63434e-05
6.3522e-05
6.08058e-05
5.81916e-05
5.56761e-05
5.32564e-05
5.09294e-05
4.86922e-05
4.65418e-05
4.44756e-05
4.24908e-05
4.05846e-05
3.87545e-05
3.69978e-05
3.53122e-05
3.36951e-05
3.21443e-05
3.06573e-05
2.9232e-05
2.78661e-05
2.65576e-05
2.53044e-05
2.41044e-05
2.29557e-05
2.18564e-05
2.08046e-05
1.97987e-05
1.88368e-05
1.79172e-05
1.70384e-05
1.61987e-05
1.53967e-05
1.46307e-05
1.38995e-05
1.32017e-05
1.25357e-05
1.19005e-05
1.12947e-05
1.07172e-05
1.01666e-05
9.64204e-06
9.14229e-06
8.66631e-06
8.21312e-06
7.78172e-06
7.37118e-06
6.9806e-06
6.6091e-06
6.25584e-06
5.92002e-06
5.60086e-06
5.29761e-06
5.00956e-06
4.73601e-06
4.47631e-06
4.22982e-06
3.99592e-06
3.77404e-06
3.5636e-06
3.36408e-06
3.17495e-06
2.99573e-06
2.82593e-06
2.66511e-06
2.51282e-06
2.36866e-06
2.23222e-06
2.10313e-06
1.98102e-06
1.86555e-06
1.75638e-06
1.65319e-06
1.55568e-06
1.46357e-06
1.37658e-06
1.29444e-06
1.2169e-06
1.14373e-06
1.0747e-06
0.00294413
0.00294341
0.00294197
0.00293982
0.00293695
0.00293337
0.00292907
0.00292407
0.00291837
0.00291196
0.00290486
0.00289707
0.0028886
0.00287944
0.00286962
0.00285913
0.00284798
0.00283619
0.00282375
0.00281068
0.00279699
0.00278269
0.00276778
0.00275228
0.0027362
0.00271955
0.00270235
0.00268459
0.0026663
0.00264749
0.00262817
0.00260835
0.00258806
0.00256729
0.00254607
0.0025244
0.00250231
0.00247981
0.00245691
0.00243363
0.00240998
0.00238598
0.00236164
0.00233697
0.002312
0.00228674
0.0022612
0.00223541
0.00220936
0.00218309
0.0021566
0.00212992
0.00210305
0.00207601
0.00204882
0.00202149
0.00199404
0.00196649
0.00193884
0.00191111
0.00188332
0.00185548
0.00182761
0.00179971
0.00177181
0.00174391
0.00171604
0.0016882
0.0016604
0.00163267
0.001605
0.00157742
0.00154993
0.00152255
0.00149529
0.00146816
0.00144117
0.00141433
0.00138766
0.00136115
0.00133482
0.00130868
0.00128275
0.00125701
0.0012315
0.00120621
0.00118114
0.00115632
0.00113174
0.00110742
0.00108335
0.00105955
0.00103601
0.00101276
0.000989778
0.000967086
0.000944683
0.000922575
0.000900763
0.000879253
0.000858047
0.000837148
0.000816558
0.00079628
0.000776317
0.000756669
0.000737339
0.000718326
0.000699634
0.000681261
0.000663209
0.000645478
0.000628067
0.000610977
0.000594206
0.000577755
0.000561623
0.000545807
0.000530308
0.000515122
0.00050025
0.000485688
0.000471435
0.000457489
0.000443847
0.000430506
0.000417465
0.000404719
0.000392267
0.000380106
0.000368231
0.000356641
0.000345331
0.000334298
0.000323538
0.000313048
0.000302825
0.000292864
0.000283161
0.000273713
0.000264516
0.000255565
0.000246857
0.000238387
0.000230152
0.000222147
0.000214368
0.000206811
0.000199472
0.000192346
0.00018543
0.000178718
0.000172208
0.000165894
0.000159772
0.000153839
0.00014809
0.000142521
0.000137128
0.000131907
0.000126854
0.000121965
0.000117235
0.000112661
0.000108239
0.000103966
9.98367e-05
9.5848e-05
9.19963e-05
8.82778e-05
8.46889e-05
8.12261e-05
7.78859e-05
7.46648e-05
7.15594e-05
6.85664e-05
6.56826e-05
6.29047e-05
6.02296e-05
5.76542e-05
5.51754e-05
5.27904e-05
5.0496e-05
4.82896e-05
4.61684e-05
4.41295e-05
4.21704e-05
4.02884e-05
3.84811e-05
3.67458e-05
3.50802e-05
3.34819e-05
3.19487e-05
3.04782e-05
2.90683e-05
2.77169e-05
2.64218e-05
2.51811e-05
2.39928e-05
2.2855e-05
2.17658e-05
2.07235e-05
1.97263e-05
1.87725e-05
1.78604e-05
1.69885e-05
1.61553e-05
1.53591e-05
1.45986e-05
1.38724e-05
1.31791e-05
1.25174e-05
1.1886e-05
1.12837e-05
1.07093e-05
1.01617e-05
9.63969e-06
9.14229e-06
8.66843e-06
8.21713e-06
7.78742e-06
7.37839e-06
6.98913e-06
6.61879e-06
6.26654e-06
5.9316e-06
5.61318e-06
5.31056e-06
5.02303e-06
4.74991e-06
4.49054e-06
4.2443e-06
4.01058e-06
3.78881e-06
3.57842e-06
3.3789e-06
3.18972e-06
3.01039e-06
2.84046e-06
2.67946e-06
2.52697e-06
2.38258e-06
2.24589e-06
2.11653e-06
1.99413e-06
1.87834e-06
1.76885e-06
1.66534e-06
1.5675e-06
1.47505e-06
1.38771e-06
1.30523e-06
1.22735e-06
1.15383e-06
1.08445e-06
1.019e-06
0.00279085
0.00279017
0.00278881
0.00278677
0.00278405
0.00278065
0.00277658
0.00277184
0.00276643
0.00276036
0.00275363
0.00274624
0.00273821
0.00272953
0.00272022
0.00271027
0.00269971
0.00268853
0.00267674
0.00266435
0.00265137
0.00263781
0.00262368
0.00260899
0.00259375
0.00257797
0.00256165
0.00254482
0.00252749
0.00250966
0.00249134
0.00247256
0.00245332
0.00243363
0.00241351
0.00239298
0.00237204
0.00235071
0.002329
0.00230693
0.00228451
0.00226176
0.00223868
0.0022153
0.00219163
0.00216769
0.00214348
0.00211902
0.00209434
0.00206943
0.00204432
0.00201903
0.00199356
0.00196793
0.00194215
0.00191625
0.00189023
0.00186411
0.0018379
0.00181161
0.00178527
0.00175888
0.00173246
0.00170601
0.00167956
0.00165312
0.0016267
0.00160031
0.00157396
0.00154766
0.00152144
0.00149529
0.00146924
0.00144329
0.00141745
0.00139173
0.00136614
0.0013407
0.00131541
0.00129028
0.00126533
0.00124055
0.00121596
0.00119157
0.00116738
0.00114341
0.00111965
0.00109612
0.00107282
0.00104976
0.00102695
0.00100438
0.000982076
0.000960029
0.000938248
0.000916737
0.000895501
0.000874543
0.000853867
0.000833477
0.000813375
0.000793563
0.000774046
0.000754824
0.0007359
0.000717275
0.000698951
0.000680929
0.000663209
0.000645793
0.000628681
0.000611872
0.000595368
0.000579168
0.000563271
0.000547676
0.000532383
0.000517391
0.000502698
0.000488304
0.000474206
0.000460402
0.000446891
0.000433671
0.000420739
0.000408093
0.00039573
0.000383649
0.000371845
0.000360316
0.00034906
0.000338073
0.000327352
0.000316893
0.000306694
0.00029675
0.000287059
0.000277616
0.000268419
0.000259463
0.000250744
0.00024226
0.000234005
0.000225976
0.00021817
0.000210582
0.000203208
0.000196044
0.000189087
0.000182332
0.000175776
0.000169414
0.000163242
0.000157257
0.000151454
0.00014583
0.00014038
0.000135101
0.000129989
0.00012504
0.00012025
0.000115615
0.000111131
0.000106796
0.000102604
9.85532e-05
9.46389e-05
9.08579e-05
8.72067e-05
8.36818e-05
8.02798e-05
7.69973e-05
7.38309e-05
7.07775e-05
6.78338e-05
6.49967e-05
6.2263e-05
5.96297e-05
5.70939e-05
5.46526e-05
5.23029e-05
5.00419e-05
4.78671e-05
4.57756e-05
4.37647e-05
4.1832e-05
3.99749e-05
3.81909e-05
3.64776e-05
3.48327e-05
3.32538e-05
3.17388e-05
3.02854e-05
2.88914e-05
2.75549e-05
2.62739e-05
2.50462e-05
2.38701e-05
2.27437e-05
2.16651e-05
2.06327e-05
1.96446e-05
1.86993e-05
1.77952e-05
1.69306e-05
1.61041e-05
1.53142e-05
1.45595e-05
1.38386e-05
1.31502e-05
1.2493e-05
1.18657e-05
1.12672e-05
1.06962e-05
1.01518e-05
9.63263e-06
9.13782e-06
8.66631e-06
8.21713e-06
7.78933e-06
7.38199e-06
6.99425e-06
6.62526e-06
6.2742e-06
5.94029e-06
5.62278e-06
5.32094e-06
5.03408e-06
4.76152e-06
4.50262e-06
4.25675e-06
4.02333e-06
3.80178e-06
3.59155e-06
3.39212e-06
3.20298e-06
3.02365e-06
2.85366e-06
2.69258e-06
2.53996e-06
2.39541e-06
2.25854e-06
2.12896e-06
2.00633e-06
1.89031e-06
1.78055e-06
1.67676e-06
1.57864e-06
1.48589e-06
1.39825e-06
1.31546e-06
1.23727e-06
1.16345e-06
1.09376e-06
1.02799e-06
9.65945e-07
0.00264491
0.00264426
0.00264297
0.00264103
0.00263846
0.00263524
0.00263138
0.00262689
0.00262176
0.00261601
0.00260963
0.00260263
0.00259502
0.00258679
0.00257797
0.00256854
0.00255853
0.00254793
0.00253676
0.00252502
0.00251272
0.00249987
0.00248648
0.00247256
0.00245811
0.00244315
0.0024277
0.00241174
0.00239531
0.00237842
0.00236106
0.00234326
0.00232502
0.00230637
0.0022873
0.00226784
0.00224799
0.00222778
0.00220721
0.00218629
0.00216504
0.00214348
0.00212161
0.00209946
0.00207702
0.00205433
0.00203139
0.00200821
0.00198482
0.00196121
0.00193742
0.00191344
0.00188931
0.00186502
0.00184059
0.00181604
0.00179138
0.00176663
0.00174179
0.00171688
0.00169191
0.0016669
0.00164186
0.0016168
0.00159173
0.00156667
0.00154163
0.00151662
0.00149165
0.00146673
0.00144188
0.0014171
0.00139241
0.00136781
0.00134332
0.00131895
0.0012947
0.00127059
0.00124662
0.00122281
0.00119916
0.00117568
0.00115238
0.00112926
0.00110634
0.00108361
0.0010611
0.0010388
0.00101672
0.000994866
0.000973244
0.00095186
0.000930719
0.000909825
0.000889183
0.000868797
0.000848671
0.00082881
0.000809215
0.000789891
0.00077084
0.000752065
0.000733568
0.000715351
0.000697417
0.000679766
0.0006624
0.00064532
0.000628527
0.000612022
0.000595804
0.000579875
0.000564234
0.000548881
0.000533815
0.000519036
0.000504543
0.000490335
0.00047641
0.000462768
0.000449407
0.000436326
0.000423521
0.000410992
0.000398737
0.000386752
0.000375036
0.000363586
0.0003524
0.000341474
0.000330806
0.000320394
0.000310233
0.000300322
0.000290656
0.000281232
0.000272048
0.000263099
0.000254382
0.000245895
0.000237632
0.000229591
0.000221768
0.000214159
0.000206761
0.000199569
0.000192581
0.000185792
0.000179199
0.000172797
0.000166584
0.000160554
0.000154706
0.000149033
0.000143534
0.000138204
0.000133039
0.000128036
0.000123192
0.000118501
0.000113961
0.000109569
0.00010532
0.000101211
9.72387e-05
9.33994e-05
8.96899e-05
8.61066e-05
8.26463e-05
7.93058e-05
7.60816e-05
7.29708e-05
6.997e-05
6.70763e-05
6.42865e-05
6.15977e-05
5.9007e-05
5.65115e-05
5.41082e-05
5.17946e-05
4.95677e-05
4.74251e-05
4.53639e-05
4.33818e-05
4.14761e-05
3.96445e-05
3.78845e-05
3.61938e-05
3.45701e-05
3.30112e-05
3.15149e-05
3.0079e-05
2.87016e-05
2.73806e-05
2.6114e-05
2.48999e-05
2.37365e-05
2.26219e-05
2.15543e-05
2.05322e-05
1.95537e-05
1.86173e-05
1.77214e-05
1.68646e-05
1.60452e-05
1.52619e-05
1.45133e-05
1.37981e-05
1.31149e-05
1.24625e-05
1.18397e-05
1.12452e-05
1.0678e-05
1.01369e-05
9.62088e-06
9.1289e-06
8.65997e-06
8.21312e-06
7.78742e-06
7.38199e-06
6.99596e-06
6.62849e-06
6.27879e-06
5.94609e-06
5.62965e-06
5.32874e-06
5.04269e-06
4.77083e-06
4.51252e-06
4.26716e-06
4.03415e-06
3.81293e-06
3.60297e-06
3.40373e-06
3.21473e-06
3.03549e-06
2.86553e-06
2.70443e-06
2.55177e-06
2.40714e-06
2.27015e-06
2.14043e-06
2.01763e-06
1.90141e-06
1.79145e-06
1.68744e-06
1.58908e-06
1.49609e-06
1.40819e-06
1.32513e-06
1.24667e-06
1.17257e-06
1.10261e-06
1.03656e-06
9.74235e-07
9.15432e-07
0.00250598
0.00250537
0.00250415
0.00250231
0.00249987
0.00249682
0.00249317
0.00248891
0.00248405
0.0024786
0.00247256
0.00246593
0.00245871
0.00245092
0.00244256
0.00243363
0.00242414
0.0024141
0.00240352
0.00239239
0.00238074
0.00236856
0.00235588
0.00234269
0.002329
0.00231483
0.00230018
0.00228507
0.0022695
0.00225349
0.00223704
0.00222018
0.0022029
0.00218522
0.00216716
0.00214872
0.00212992
0.00211076
0.00209127
0.00207145
0.00205132
0.00203089
0.00201017
0.00198918
0.00196793
0.00194643
0.00192469
0.00190273
0.00188056
0.0018582
0.00183565
0.00181294
0.00179007
0.00176706
0.00174391
0.00172065
0.00169729
0.00167383
0.0016503
0.0016267
0.00160304
0.00157935
0.00155562
0.00153188
0.00150813
0.00148438
0.00146066
0.00143696
0.0014133
0.00138969
0.00136614
0.00134267
0.00131927
0.00129597
0.00127276
0.00124967
0.0012267
0.00120385
0.00118114
0.00115858
0.00113617
0.00111392
0.00109185
0.00106994
0.00104823
0.0010267
0.00100536
0.000984236
0.000963316
0.00094261
0.000922124
0.000901864
0.000881833
0.000862036
0.000842478
0.000823163
0.000804095
0.000785276
0.000766711
0.000748402
0.000730351
0.000712562
0.000695037
0.000677777
0.000660785
0.000644061
0.000627607
0.000611424
0.000595514
0.000579875
0.00056451
0.000549417
0.000534597
0.000520051
0.000505776
0.000491773
0.000478042
0.00046458
0.000451387
0.000438461
0.000425802
0.000413408
0.000401276
0.000389405
0.000377793
0.000366438
0.000355337
0.000344489
0.00033389
0.000323538
0.000313431
0.000303565
0.000293938
0.000284547
0.000275389
0.00026646
0.000257758
0.000249279
0.000241021
0.000232979
0.00022515
0.000217532
0.000210119
0.00020291
0.000195901
0.000189087
0.000182466
0.000176033
0.000169786
0.000163721
0.000157834
0.000152121
0.00014658
0.000141205
0.000135995
0.000130945
0.000126051
0.000121311
0.000116721
0.000112277
0.000107976
0.000103814
9.97879e-05
9.58948e-05
9.21312e-05
8.84936e-05
8.49789e-05
8.15838e-05
7.83053e-05
7.51402e-05
7.20854e-05
6.9138e-05
6.62948e-05
6.35531e-05
6.09098e-05
5.83623e-05
5.59077e-05
5.35432e-05
5.12662e-05
4.90741e-05
4.69642e-05
4.4934e-05
4.29812e-05
4.11031e-05
3.92976e-05
3.75621e-05
3.58946e-05
3.42927e-05
3.27543e-05
3.12772e-05
2.98595e-05
2.84991e-05
2.71941e-05
2.59424e-05
2.47423e-05
2.3592e-05
2.24897e-05
2.14336e-05
2.04222e-05
1.94537e-05
1.85266e-05
1.76394e-05
1.67906e-05
1.59788e-05
1.52024e-05
1.44603e-05
1.3751e-05
1.30734e-05
1.24261e-05
1.18079e-05
1.12178e-05
1.06545e-05
1.01171e-05
9.60445e-06
9.11554e-06
8.64941e-06
8.2051e-06
7.78172e-06
7.37839e-06
6.99425e-06
6.62849e-06
6.28033e-06
5.949e-06
5.63377e-06
5.33395e-06
5.04885e-06
4.77782e-06
4.52024e-06
4.2755e-06
4.04302e-06
3.82225e-06
3.61266e-06
3.41372e-06
3.22495e-06
3.04588e-06
2.87605e-06
2.71502e-06
2.56238e-06
2.41774e-06
2.2807e-06
2.15091e-06
2.028e-06
1.91165e-06
1.80154e-06
1.69736e-06
1.59881e-06
1.50561e-06
1.4175e-06
1.33422e-06
1.25553e-06
1.18119e-06
1.11098e-06
1.04469e-06
9.82115e-07
9.23063e-07
8.67349e-07
0.00237377
0.0023732
0.00237204
0.0023703
0.00236799
0.0023651
0.00236164
0.0023576
0.002353
0.00234784
0.00234211
0.00233583
0.002329
0.00232162
0.0023137
0.00230524
0.00229625
0.00228674
0.00227671
0.00226618
0.00225514
0.00224361
0.00223159
0.00221909
0.00220613
0.0021927
0.00217883
0.00216451
0.00214977
0.0021346
0.00211902
0.00210305
0.00208668
0.00206994
0.00205283
0.00203536
0.00201755
0.00199941
0.00198094
0.00196217
0.0019431
0.00192375
0.00190412
0.00188424
0.00186411
0.00184374
0.00182315
0.00180235
0.00178135
0.00176017
0.00173881
0.0017173
0.00169563
0.00167383
0.00165191
0.00162988
0.00160775
0.00158553
0.00156323
0.00154088
0.00151847
0.00149602
0.00147355
0.00145106
0.00142856
0.00140607
0.0013836
0.00136115
0.00133874
0.00131637
0.00129407
0.00127183
0.00124967
0.0012276
0.00120562
0.00118374
0.00116198
0.00114034
0.00111883
0.00109746
0.00107623
0.00105516
0.00103424
0.0010135
0.000992924
0.000972532
0.000952325
0.000932311
0.000912494
0.000892881
0.000873476
0.000854284
0.00083531
0.000816558
0.000798032
0.000779736
0.000761673
0.000743848
0.000726262
0.000708918
0.00069182
0.00067497
0.000658369
0.00064202
0.000625924
0.000610082
0.000594497
0.000579168
0.000564096
0.000549283
0.000534728
0.000520432
0.000506394
0.000492614
0.000479093
0.000465829
0.000452822
0.00044007
0.000427573
0.00041533
0.000403338
0.000391598
0.000380106
0.000368861
0.000357862
0.000347106
0.000336591
0.000326314
0.000316275
0.000306469
0.000296895
0.00028755
0.000278431
0.000269535
0.00026086
0.000252403
0.00024416
0.000236128
0.000228305
0.000220688
0.000213272
0.000206055
0.000199034
0.000192205
0.000185566
0.000179111
0.00017284
0.000166747
0.000160829
0.000155084
0.000149507
0.000144096
0.000138847
0.000133756
0.00012882
0.000124037
0.000119401
0.000114911
0.000110563
0.000106353
0.000102279
9.83368e-05
9.45235e-05
9.08358e-05
8.72706e-05
8.3825e-05
8.04957e-05
7.72797e-05
7.41742e-05
7.11761e-05
6.82824e-05
6.54905e-05
6.27973e-05
6.02002e-05
5.76964e-05
5.52833e-05
5.29582e-05
5.07184e-05
4.85616e-05
4.64851e-05
4.44865e-05
4.25635e-05
4.07136e-05
3.89347e-05
3.72244e-05
3.55805e-05
3.40009e-05
3.24835e-05
3.10263e-05
2.96272e-05
2.82842e-05
2.69956e-05
2.57594e-05
2.45738e-05
2.3437e-05
2.23474e-05
2.13032e-05
2.03029e-05
1.93448e-05
1.84274e-05
1.75492e-05
1.67088e-05
1.59048e-05
1.51358e-05
1.44004e-05
1.36974e-05
1.30256e-05
1.23837e-05
1.17705e-05
1.1185e-05
1.0626e-05
1.00924e-05
9.58337e-06
9.09775e-06
8.63464e-06
8.19309e-06
7.77223e-06
7.37118e-06
6.98913e-06
6.62526e-06
6.27879e-06
5.949e-06
5.63515e-06
5.33656e-06
5.05255e-06
4.78249e-06
4.52576e-06
4.28177e-06
4.04994e-06
3.82973e-06
3.6206e-06
3.42207e-06
3.23363e-06
3.05482e-06
2.88519e-06
2.72432e-06
2.57178e-06
2.4272e-06
2.29019e-06
2.16038e-06
2.03743e-06
1.92101e-06
1.8108e-06
1.7065e-06
1.60781e-06
1.51446e-06
1.42618e-06
1.34272e-06
1.26383e-06
1.18929e-06
1.11888e-06
1.05237e-06
9.89576e-07
9.30302e-07
8.74365e-07
8.2159e-07
0.00224799
0.00224744
0.00224635
0.0022447
0.00224251
0.00223978
0.0022365
0.00223268
0.00222832
0.00222343
0.00221801
0.00221206
0.00220559
0.0021986
0.0021911
0.00218309
0.00217458
0.00216557
0.00215608
0.0021461
0.00213564
0.00212472
0.00211334
0.00210151
0.00208923
0.00207652
0.00206338
0.00204982
0.00203586
0.00202149
0.00200674
0.00199161
0.00197611
0.00196026
0.00194405
0.00192751
0.00191064
0.00189346
0.00187598
0.0018582
0.00184014
0.00182181
0.00180323
0.0017844
0.00176533
0.00174604
0.00172654
0.00170685
0.00168696
0.0016669
0.00164668
0.0016263
0.00160578
0.00158514
0.00156438
0.00154351
0.00152255
0.00150151
0.0014804
0.00145923
0.00143801
0.00141675
0.00139547
0.00137417
0.00135287
0.00133157
0.00131028
0.00128902
0.0012678
0.00124662
0.0012255
0.00120444
0.00118345
0.00116255
0.00114173
0.00112102
0.00110041
0.00107992
0.00105955
0.00103931
0.0010192
0.000999247
0.000979442
0.000959794
0.000940312
0.000920999
0.000901864
0.00088291
0.000864143
0.000845569
0.000827192
0.000809018
0.000791049
0.00077329
0.000755746
0.000738419
0.000721314
0.000704433
0.000687779
0.000671354
0.000655162
0.000639205
0.000623484
0.000608001
0.000592758
0.000577755
0.000562996
0.000548479
0.000534206
0.000520178
0.000506394
0.000492855
0.000479561
0.000466512
0.000453707
0.000441146
0.000428828
0.000416752
0.000404917
0.000393322
0.000381966
0.000370848
0.000359965
0.000349316
0.000338899
0.000328713
0.000318755
0.000309024
0.000299516
0.00029023
0.000281163
0.000272313
0.000263678
0.000255253
0.000247038
0.000239028
0.000231222
0.000223616
0.000216208
0.000208994
0.000201971
0.000195137
0.000188488
0.000182021
0.000175733
0.000169621
0.000163681
0.000157911
0.000152307
0.000146866
0.000141585
0.000136461
0.000131489
0.000126668
0.000121994
0.000117464
0.000113075
0.000108822
0.000104705
0.000100718
9.68596e-05
9.31262e-05
8.95149e-05
8.60226e-05
8.26463e-05
7.93833e-05
7.62304e-05
7.31849e-05
7.02439e-05
6.74046e-05
6.46643e-05
6.20203e-05
5.94698e-05
5.70103e-05
5.46392e-05
5.2354e-05
5.0152e-05
4.8031e-05
4.59884e-05
4.40219e-05
4.21293e-05
4.03081e-05
3.85563e-05
3.68716e-05
3.52519e-05
3.36951e-05
3.21993e-05
3.07623e-05
2.93823e-05
2.80573e-05
2.67855e-05
2.55652e-05
2.43945e-05
2.32717e-05
2.21951e-05
2.11632e-05
2.01744e-05
1.92271e-05
1.83197e-05
1.7451e-05
1.66193e-05
1.58235e-05
1.5062e-05
1.43338e-05
1.36374e-05
1.29716e-05
1.23354e-05
1.17275e-05
1.11468e-05
1.05923e-05
1.00629e-05
9.55767e-06
9.07557e-06
8.61568e-06
8.17711e-06
7.75896e-06
7.36039e-06
6.9806e-06
6.61879e-06
6.2742e-06
5.94609e-06
5.63377e-06
5.33656e-06
5.05378e-06
4.78483e-06
4.52908e-06
4.28595e-06
4.05488e-06
3.83534e-06
3.6268e-06
3.42876e-06
3.24074e-06
3.06228e-06
2.89295e-06
2.73231e-06
2.57996e-06
2.43551e-06
2.29859e-06
2.16883e-06
2.0459e-06
1.92947e-06
1.81922e-06
1.71485e-06
1.61607e-06
1.52262e-06
1.43421e-06
1.35061e-06
1.27157e-06
1.19687e-06
1.12628e-06
1.05959e-06
9.96608e-07
9.37141e-07
8.81007e-07
8.28034e-07
7.78056e-07
0.00212836
0.00212784
0.0021268
0.00212524
0.00212317
0.00212058
0.00211747
0.00211386
0.00210973
0.0021051
0.00209997
0.00209434
0.00208821
0.00208159
0.00207449
0.00206691
0.00205885
0.00205032
0.00204133
0.00203188
0.00202199
0.00201165
0.00200087
0.00198967
0.00197804
0.00196601
0.00195357
0.00194073
0.00192751
0.00191391
0.00189995
0.00188562
0.00187095
0.00185593
0.00184059
0.00182493
0.00180896
0.00179269
0.00177614
0.00175931
0.00174221
0.00172486
0.00170726
0.00168943
0.00167138
0.00165312
0.00163466
0.00161601
0.00159718
0.00157819
0.00155904
0.00153975
0.00152033
0.00150078
0.00148112
0.00146137
0.00144153
0.0014216
0.00140162
0.00138157
0.00136148
0.00134136
0.0013212
0.00130104
0.00128087
0.0012607
0.00124055
0.00122042
0.00120033
0.00118028
0.00116028
0.00114034
0.00112047
0.00110068
0.00108097
0.00106136
0.00104185
0.00102244
0.00100316
0.000983996
0.000964963
0.000946068
0.000927317
0.000908715
0.000890269
0.000871985
0.000853867
0.000835922
0.000818154
0.000800569
0.00078317
0.000765962
0.00074895
0.000732137
0.000715526
0.000699121
0.000682926
0.000666944
0.000651176
0.000635626
0.000620295
0.000605187
0.000590302
0.000575644
0.000561212
0.000547008
0.000533034
0.000519289
0.000505776
0.000492494
0.000479444
0.000466626
0.000454039
0.000441685
0.000429561
0.000417668
0.000406006
0.000394573
0.000383368
0.00037239
0.000361638
0.000351111
0.000340808
0.000330726
0.000320864
0.000311219
0.000301792
0.000292578
0.000283576
0.000274784
0.0002662
0.000257821
0.000249645
0.000241669
0.000233891
0.000226308
0.000218917
0.000211716
0.000204702
0.000197871
0.000191223
0.000184752
0.000178457
0.000172334
0.000166381
0.000160594
0.00015497
0.000149507
0.000144201
0.00013905
0.00013405
0.000129198
0.000124492
0.000119927
0.000115502
0.000111213
0.000107057
0.000103031
9.91323e-05
9.53579e-05
9.17048e-05
8.81701e-05
8.4751e-05
8.14445e-05
7.8248e-05
7.51586e-05
7.21735e-05
6.929e-05
6.65056e-05
6.38174e-05
6.12229e-05
5.87196e-05
5.63049e-05
5.39763e-05
5.17314e-05
4.95677e-05
4.7483e-05
4.54748e-05
4.35409e-05
4.16791e-05
3.98872e-05
3.8163e-05
3.65044e-05
3.49093e-05
3.33758e-05
3.19019e-05
3.04857e-05
2.91251e-05
2.78186e-05
2.65641e-05
2.536e-05
2.42046e-05
2.30962e-05
2.20332e-05
2.10139e-05
2.0037e-05
1.91007e-05
1.82038e-05
1.73448e-05
1.65222e-05
1.57349e-05
1.49814e-05
1.42605e-05
1.35709e-05
1.29116e-05
1.22813e-05
1.16789e-05
1.11033e-05
1.05536e-05
1.00286e-05
9.52738e-06
9.04902e-06
8.59258e-06
8.15717e-06
7.74193e-06
7.34603e-06
6.96868e-06
6.6091e-06
6.26654e-06
5.94029e-06
5.62965e-06
5.33395e-06
5.05255e-06
4.78483e-06
4.53018e-06
4.28804e-06
4.05786e-06
3.83909e-06
3.63123e-06
3.43378e-06
3.24628e-06
3.06827e-06
2.89931e-06
2.73899e-06
2.5869e-06
2.44266e-06
2.3059e-06
2.17626e-06
2.05341e-06
1.93702e-06
1.82679e-06
1.7224e-06
1.62359e-06
1.53007e-06
1.44158e-06
1.35788e-06
1.27873e-06
1.2039e-06
1.13317e-06
1.06634e-06
1.0032e-06
9.43569e-07
8.87267e-07
8.34121e-07
7.83967e-07
7.36649e-07
0.0020146
0.0020141
0.00201312
0.00201165
0.00200968
0.00200723
0.00200429
0.00200087
0.00199697
0.00199258
0.00198773
0.00198239
0.0019766
0.00197033
0.00196361
0.00195643
0.0019488
0.00194073
0.00193222
0.00192328
0.00191391
0.00190412
0.00189392
0.00188332
0.00187232
0.00186092
0.00184915
0.001837
0.00182449
0.00181161
0.00179839
0.00178483
0.00177094
0.00175673
0.00174221
0.00172739
0.00171227
0.00169687
0.0016812
0.00166527
0.00164909
0.00163267
0.00161601
0.00159913
0.00158205
0.00156476
0.00154729
0.00152963
0.00151181
0.00149383
0.00147571
0.00145745
0.00143906
0.00142056
0.00140196
0.00138326
0.00136448
0.00134562
0.0013267
0.00130773
0.00128871
0.00126966
0.00125059
0.0012315
0.00121241
0.00119332
0.00117424
0.00115519
0.00113617
0.00111719
0.00109826
0.00107939
0.00106058
0.00104185
0.00102319
0.00100463
0.00098616
0.000967795
0.000949539
0.000931401
0.000913386
0.000895501
0.000877752
0.000860144
0.000842684
0.000825377
0.000808228
0.000791242
0.000774424
0.000757778
0.00074131
0.000725022
0.000708918
0.000693004
0.000677281
0.000661753
0.000646424
0.000631295
0.00061637
0.000601651
0.00058714
0.00057284
0.000558751
0.000544875
0.000531215
0.00051777
0.000504543
0.000491533
0.000478742
0.00046617
0.000453818
0.000441685
0.000429771
0.000418076
0.000406601
0.000395344
0.000384305
0.000373483
0.000362877
0.000352486
0.000342309
0.000332345
0.000322592
0.000313048
0.000303713
0.000294585
0.000285661
0.00027694
0.000268419
0.000260097
0.000251972
0.000244041
0.000236301
0.000228752
0.000221389
0.000214211
0.000207216
0.000200399
0.00019376
0.000187295
0.000181002
0.000174877
0.000168918
0.000163123
0.000157487
0.00015201
0.000146687
0.000141516
0.000136494
0.000131618
0.000126885
0.000122293
0.000117838
0.000113517
0.000109328
0.000105268
0.000101335
9.75239e-05
9.38337e-05
9.0261e-05
8.68031e-05
8.34574e-05
8.0221e-05
7.70913e-05
7.40656e-05
7.11413e-05
6.83158e-05
6.55865e-05
6.29508e-05
6.04063e-05
5.79506e-05
5.5581e-05
5.32954e-05
5.10913e-05
4.89663e-05
4.69183e-05
4.4945e-05
4.30442e-05
4.12137e-05
3.94514e-05
3.77552e-05
3.61231e-05
3.45532e-05
3.30434e-05
3.15919e-05
3.01968e-05
2.88562e-05
2.75684e-05
2.63317e-05
2.51442e-05
2.40045e-05
2.29109e-05
2.18617e-05
2.08555e-05
1.98907e-05
1.8966e-05
1.80798e-05
1.72308e-05
1.64177e-05
1.56391e-05
1.48938e-05
1.41806e-05
1.34982e-05
1.28456e-05
1.22215e-05
1.16248e-05
1.10547e-05
1.05099e-05
9.98949e-06
9.49256e-06
9.01814e-06
8.56535e-06
8.1333e-06
7.72116e-06
7.32812e-06
6.95339e-06
6.5962e-06
6.25584e-06
5.9316e-06
5.62278e-06
5.32874e-06
5.04885e-06
4.78249e-06
4.52908e-06
4.28804e-06
4.05885e-06
3.84096e-06
3.63389e-06
3.43714e-06
3.25025e-06
3.07277e-06
2.90427e-06
2.74434e-06
2.59259e-06
2.44863e-06
2.3121e-06
2.18264e-06
2.05994e-06
1.94366e-06
1.83349e-06
1.72915e-06
1.63034e-06
1.53681e-06
1.44829e-06
1.36453e-06
1.28531e-06
1.21038e-06
1.13955e-06
1.0726e-06
1.00934e-06
9.49578e-07
8.93135e-07
8.39843e-07
7.89537e-07
7.42064e-07
6.97275e-07
0.00190645
0.00190598
0.00190505
0.00190366
0.0019018
0.00189948
0.0018967
0.00189346
0.00188977
0.00188562
0.00188102
0.00187598
0.00187049
0.00186456
0.0018582
0.00185141
0.00184419
0.00183655
0.0018285
0.00182004
0.00181117
0.00180191
0.00179226
0.00178222
0.00177181
0.00176103
0.00174988
0.00173839
0.00172654
0.00171436
0.00170185
0.00168902
0.00167588
0.00166243
0.00164869
0.00163466
0.00162036
0.00160578
0.00159096
0.00157588
0.00156056
0.00154502
0.00152926
0.00151329
0.00149712
0.00148076
0.00146423
0.00144752
0.00143066
0.00141364
0.00139649
0.00137921
0.00136181
0.00134431
0.0013267
0.001309
0.00129123
0.00127338
0.00125548
0.00123753
0.00121953
0.0012015
0.00118345
0.00116539
0.00114732
0.00112926
0.00111121
0.00109318
0.00107518
0.00105722
0.00103931
0.00102145
0.00100365
0.000985919
0.000968267
0.000950699
0.000933222
0.000915842
0.000898567
0.000881402
0.000864354
0.000847429
0.000830633
0.000813971
0.000797448
0.00078107
0.000764841
0.000748767
0.000732852
0.0007171
0.000701515
0.000686102
0.000670863
0.000655803
0.000640924
0.00062623
0.000611723
0.000597407
0.000583283
0.000569354
0.000555622
0.000542089
0.000528756
0.000515626
0.000502698
0.000489976
0.000477458
0.000465147
0.000453043
0.000441146
0.000429456
0.000417974
0.0004067
0.000395634
0.000384774
0.000374121
0.000363675
0.000353434
0.000343397
0.000333564
0.000323933
0.000314504
0.000305274
0.000296244
0.00028741
0.000278771
0.000270326
0.000262073
0.00025401
0.000246135
0.000238446
0.00023094
0.000223616
0.000216472
0.000209505
0.000202712
0.000196092
0.000189642
0.000183359
0.000177241
0.000171285
0.000165489
0.00015985
0.000154366
0.000149033
0.00014385
0.000138813
0.000133919
0.000129167
0.000124552
0.000120074
0.000115728
0.000111512
0.000107423
0.000103459
9.96175e-05
9.58948e-05
9.22887e-05
8.87966e-05
8.54157e-05
8.21434e-05
7.89773e-05
7.59146e-05
7.2953e-05
7.00897e-05
6.73224e-05
6.46485e-05
6.20657e-05
5.95715e-05
5.71637e-05
5.48397e-05
5.25974e-05
5.04344e-05
4.83486e-05
4.63378e-05
4.43997e-05
4.25323e-05
4.07335e-05
3.90013e-05
3.73336e-05
3.57285e-05
3.4184e-05
3.26983e-05
3.12696e-05
2.9896e-05
2.85758e-05
2.73072e-05
2.60885e-05
2.49181e-05
2.37945e-05
2.27159e-05
2.1681e-05
2.06881e-05
1.97359e-05
1.8823e-05
1.79479e-05
1.71093e-05
1.63058e-05
1.55364e-05
1.47996e-05
1.40943e-05
1.34194e-05
1.27736e-05
1.2156e-05
1.15654e-05
1.10008e-05
1.04612e-05
9.94569e-06
9.45324e-06
8.98299e-06
8.53404e-06
8.10555e-06
7.6967e-06
7.30668e-06
6.93474e-06
6.58012e-06
6.24211e-06
5.92002e-06
5.61318e-06
5.32094e-06
5.04269e-06
4.77782e-06
4.52576e-06
4.28595e-06
4.05786e-06
3.84096e-06
3.63477e-06
3.43882e-06
3.25263e-06
3.07577e-06
2.90782e-06
2.74836e-06
2.59702e-06
2.45341e-06
2.31718e-06
2.18798e-06
2.06548e-06
1.94936e-06
1.83932e-06
1.73507e-06
1.63632e-06
1.54282e-06
1.45431e-06
1.37054e-06
1.29128e-06
1.21631e-06
1.14541e-06
1.07838e-06
1.01502e-06
9.55158e-07
8.98603e-07
8.45191e-07
7.94759e-07
7.47154e-07
7.02229e-07
6.59844e-07
0.00180367
0.00180323
0.00180235
0.00180103
0.00179927
0.00179708
0.00179445
0.00179138
0.00178789
0.00178396
0.00177961
0.00177484
0.00176965
0.00176404
0.00175802
0.00175159
0.00174477
0.00173754
0.00172992
0.00172191
0.00171353
0.00170476
0.00169563
0.00168614
0.00167629
0.00166609
0.00165554
0.00164467
0.00163346
0.00162194
0.0016101
0.00159796
0.00158553
0.0015728
0.0015598
0.00154653
0.001533
0.00151921
0.00150518
0.00149092
0.00147643
0.00146173
0.00144681
0.00143171
0.00141641
0.00140093
0.00138529
0.00136948
0.00135353
0.00133743
0.0013212
0.00130486
0.0012884
0.00127183
0.00125517
0.00123843
0.00122162
0.00120473
0.00118779
0.00117081
0.00115378
0.00113673
0.00111965
0.00110256
0.00108547
0.00106838
0.0010513
0.00103424
0.00101722
0.00100022
0.000983275
0.000966378
0.000949539
0.000932766
0.000916066
0.000899445
0.00088291
0.000866467
0.000850123
0.000833884
0.000817755
0.000801742
0.000785852
0.000770088
0.000754456
0.00073896
0.000723607
0.000708399
0.000693342
0.000678439
0.000663695
0.000649112
0.000634695
0.000620447
0.00060637
0.000592468
0.000578744
0.000565199
0.000551837
0.000538659
0.000525667
0.000512864
0.00050025
0.000487827
0.000475597
0.00046356
0.000451717
0.00044007
0.000428618
0.000417363
0.000406303
0.00039544
0.000384774
0.000374304
0.00036403
0.000353952
0.000344068
0.000334379
0.000324884
0.000315581
0.000306469
0.000297548
0.000288816
0.000280272
0.000271915
0.000263742
0.000255752
0.000247944
0.000240316
0.000232865
0.00022559
0.00021849
0.000211561
0.000204802
0.00019821
0.000191784
0.00018552
0.000179418
0.000173474
0.000167685
0.000162051
0.000156567
0.000151233
0.000146044
0.000140999
0.000136095
0.000131329
0.000126699
0.000122203
0.000117838
0.0001136
0.000109489
0.0001055
0.000101632
9.78817e-05
9.42469e-05
9.07249e-05
8.73133e-05
8.40093e-05
8.08107e-05
7.77149e-05
7.47195e-05
7.18219e-05
6.90199e-05
6.6311e-05
6.36929e-05
6.11632e-05
5.87196e-05
5.63599e-05
5.40818e-05
5.18832e-05
4.97617e-05
4.77154e-05
4.5742e-05
4.38396e-05
4.2006e-05
4.02393e-05
3.85375e-05
3.68986e-05
3.53208e-05
3.38023e-05
3.23411e-05
3.09355e-05
2.95838e-05
2.82842e-05
2.70352e-05
2.5835e-05
2.4682e-05
2.35747e-05
2.25117e-05
2.14913e-05
2.05121e-05
1.95728e-05
1.86719e-05
1.78082e-05
1.69803e-05
1.61869e-05
1.54268e-05
1.46988e-05
1.40017e-05
1.33345e-05
1.26959e-05
1.2085e-05
1.15006e-05
1.09419e-05
1.04077e-05
9.89724e-06
9.40949e-06
8.9436e-06
8.49869e-06
8.07395e-06
7.66856e-06
7.28175e-06
6.91276e-06
6.56087e-06
6.22537e-06
5.90559e-06
5.60086e-06
5.31056e-06
5.03408e-06
4.77083e-06
4.52024e-06
4.28177e-06
4.05488e-06
3.83909e-06
3.63389e-06
3.43882e-06
3.25342e-06
3.07727e-06
2.90995e-06
2.75105e-06
2.60019e-06
2.45701e-06
2.32115e-06
2.19226e-06
2.07002e-06
1.95412e-06
1.84426e-06
1.74016e-06
1.64152e-06
1.5481e-06
1.45965e-06
1.3759e-06
1.29665e-06
1.22167e-06
1.15073e-06
1.08366e-06
1.02024e-06
9.60302e-07
9.03663e-07
8.50157e-07
7.99625e-07
7.51912e-07
7.06873e-07
6.6437e-07
6.2427e-07
0.00170601
0.0017056
0.00170476
0.00170352
0.00170185
0.00169978
0.00169729
0.00169439
0.00169108
0.00168737
0.00168326
0.00167874
0.00167383
0.00166853
0.00166284
0.00165676
0.0016503
0.00164346
0.00163626
0.00162868
0.00162075
0.00161246
0.00160383
0.00159484
0.00158553
0.00157588
0.00156591
0.00155562
0.00154502
0.00153412
0.00152293
0.00151144
0.00149968
0.00148765
0.00147535
0.0014628
0.00145
0.00143696
0.00142369
0.0014102
0.00139649
0.00138258
0.00136848
0.00135419
0.00133972
0.00132508
0.00131028
0.00129533
0.00128024
0.00126502
0.00124967
0.00123421
0.00121864
0.00120297
0.00118722
0.00117138
0.00115547
0.00113951
0.00112348
0.00110742
0.00109131
0.00107518
0.00105903
0.00104286
0.0010267
0.00101053
0.00099438
0.000978247
0.00096214
0.000946068
0.000930038
0.000914055
0.000898128
0.000882263
0.000866467
0.000850746
0.000835106
0.000819554
0.000804095
0.000788735
0.000773479
0.000758334
0.000743303
0.000728393
0.000713607
0.000698951
0.000684429
0.000670044
0.000655803
0.000641707
0.00062776
0.000613967
0.000600331
0.000586854
0.000573539
0.00056039
0.000547409
0.000534597
0.000521959
0.000509494
0.000497206
0.000485096
0.000473165
0.000461415
0.000449847
0.000438461
0.00042726
0.000416243
0.000405412
0.000394765
0.000384305
0.00037403
0.000363941
0.000354038
0.00034432
0.000334788
0.000325439
0.000316275
0.000307293
0.000298494
0.000289876
0.000281438
0.000273179
0.000265098
0.000257192
0.000249462
0.000241905
0.00023452
0.000227304
0.000220257
0.000213376
0.00020666
0.000200106
0.000193713
0.000187478
0.0001814
0.000175476
0.000169704
0.000164081
0.000158606
0.000153277
0.00014809
0.000143044
0.000138137
0.000133365
0.000128726
0.000124218
0.000119839
0.000115587
0.000111457
0.00010745
0.000103561
9.97879e-05
9.61293e-05
9.25821e-05
8.91441e-05
8.58128e-05
8.25858e-05
7.94608e-05
7.64354e-05
7.35072e-05
7.06739e-05
6.79333e-05
6.52829e-05
6.27207e-05
6.02443e-05
5.78516e-05
5.55403e-05
5.33084e-05
5.11537e-05
4.90741e-05
4.70675e-05
4.51319e-05
4.32654e-05
4.1466e-05
3.97317e-05
3.80606e-05
3.64509e-05
3.49008e-05
3.34085e-05
3.19721e-05
3.059e-05
2.92606e-05
2.7982e-05
2.67528e-05
2.55714e-05
2.44362e-05
2.33456e-05
2.22983e-05
2.12928e-05
2.03277e-05
1.94015e-05
1.85131e-05
1.7661e-05
1.6844e-05
1.60609e-05
1.53104e-05
1.45915e-05
1.39029e-05
1.32436e-05
1.26125e-05
1.20085e-05
1.14307e-05
1.0878e-05
1.03495e-05
9.84423e-06
9.36137e-06
8.90003e-06
8.45936e-06
8.03855e-06
7.6368e-06
7.25336e-06
6.88749e-06
6.53848e-06
6.20564e-06
5.88831e-06
5.58584e-06
5.29761e-06
5.02303e-06
4.76152e-06
4.51252e-06
4.2755e-06
4.04994e-06
3.83534e-06
3.63123e-06
3.43714e-06
3.25263e-06
3.07727e-06
2.91066e-06
2.75239e-06
2.6021e-06
2.45941e-06
2.32398e-06
2.19547e-06
2.07356e-06
1.95794e-06
1.84832e-06
1.74441e-06
1.64594e-06
1.55265e-06
1.46429e-06
1.38062e-06
1.30141e-06
1.22645e-06
1.15552e-06
1.08843e-06
1.02499e-06
9.65002e-07
9.08308e-07
8.54736e-07
8.04127e-07
7.5633e-07
7.11201e-07
6.68601e-07
6.28399e-07
5.9047e-07
0.00161325
0.00161286
0.00161207
0.00161089
0.00160932
0.00160735
0.001605
0.00160226
0.00159913
0.00159562
0.00159173
0.00158746
0.00158282
0.0015778
0.00157242
0.00156667
0.00156056
0.0015541
0.00154729
0.00154013
0.00153262
0.00152479
0.00151662
0.00150813
0.00149932
0.00149019
0.00148076
0.00147103
0.00146101
0.00145071
0.00144012
0.00142926
0.00141814
0.00140676
0.00139513
0.00138326
0.00137115
0.00135882
0.00134628
0.00133352
0.00132056
0.00130741
0.00129407
0.00128056
0.00126687
0.00125303
0.00123904
0.0012249
0.00121063
0.00119623
0.00118172
0.0011671
0.00115238
0.00113756
0.00112266
0.00110769
0.00109265
0.00107755
0.0010624
0.0010472
0.00103197
0.00101672
0.00100145
0.00098616
0.000970871
0.000955586
0.000940312
0.000925056
0.000909825
0.000894627
0.000879468
0.000864354
0.000849293
0.000834291
0.000819354
0.000804487
0.000789698
0.000774991
0.000760373
0.000745848
0.000731422
0.0007171
0.000702887
0.000688787
0.000674805
0.000660946
0.000647213
0.000633611
0.000620144
0.000606814
0.000593626
0.000580583
0.000567688
0.000554944
0.000542354
0.000529919
0.000517644
0.000505529
0.000493578
0.000481791
0.000470171
0.000458719
0.000447437
0.000436326
0.000425387
0.00041462
0.000404028
0.00039361
0.000383368
0.0003733
0.000363409
0.000353693
0.000344152
0.000334788
0.000325598
0.000316584
0.000307744
0.000299078
0.000290585
0.000282264
0.000274114
0.000266135
0.000258325
0.000250683
0.000243208
0.000235898
0.000228752
0.000221768
0.000214945
0.000208281
0.000201774
0.000195423
0.000189226
0.00018318
0.000177284
0.000171536
0.000165934
0.000160476
0.000155159
0.000149982
0.000144943
0.000140038
0.000135266
0.000130625
0.000126113
0.000121727
0.000117464
0.000113323
0.000109302
0.000105397
0.000101607
9.79296e-05
9.4362e-05
9.09023e-05
8.75481e-05
8.4297e-05
8.11468e-05
7.80953e-05
7.51402e-05
7.22793e-05
6.95103e-05
6.68311e-05
6.42394e-05
6.17332e-05
5.93103e-05
5.69686e-05
5.4706e-05
5.25204e-05
5.04098e-05
4.83722e-05
4.64057e-05
4.45082e-05
4.26779e-05
4.09129e-05
3.92113e-05
3.75713e-05
3.59911e-05
3.44689e-05
3.30031e-05
3.15919e-05
3.02336e-05
2.89267e-05
2.76695e-05
2.64605e-05
2.52982e-05
2.4181e-05
2.31075e-05
2.20762e-05
2.10859e-05
2.0135e-05
1.92224e-05
1.83466e-05
1.75064e-05
1.67007e-05
1.59281e-05
1.51876e-05
1.4478e-05
1.37981e-05
1.3147e-05
1.25235e-05
1.19267e-05
1.13556e-05
1.08091e-05
1.02865e-05
9.78671e-06
9.30896e-06
8.85236e-06
8.4161e-06
7.99939e-06
7.60146e-06
7.22156e-06
6.85897e-06
6.51299e-06
6.18296e-06
5.86822e-06
5.56814e-06
5.28211e-06
5.00956e-06
4.74991e-06
4.50262e-06
4.26716e-06
4.04302e-06
3.82973e-06
3.6268e-06
3.43378e-06
3.25025e-06
3.07577e-06
2.90995e-06
2.75239e-06
2.60273e-06
2.46061e-06
2.32568e-06
2.19762e-06
2.07609e-06
1.96081e-06
1.85148e-06
1.74782e-06
1.64956e-06
1.55644e-06
1.46822e-06
1.38467e-06
1.30555e-06
1.23065e-06
1.15976e-06
1.09269e-06
1.02925e-06
9.69252e-07
9.12531e-07
8.5892e-07
8.08261e-07
7.60404e-07
7.15206e-07
6.7253e-07
6.32246e-07
5.94231e-07
5.58364e-07
0.00152516
0.00152479
0.00152404
0.00152293
0.00152144
0.00151958
0.00151736
0.00151477
0.00151181
0.00150849
0.00150482
0.00150078
0.00149639
0.00149165
0.00148656
0.00148112
0.00147535
0.00146924
0.0014628
0.00145603
0.00144894
0.00144153
0.0014338
0.00142578
0.00141745
0.00140882
0.00139991
0.00139071
0.00138123
0.00137149
0.00136148
0.00135122
0.0013407
0.00132994
0.00131895
0.00130773
0.00129628
0.00128463
0.00127276
0.0012607
0.00124845
0.00123602
0.00122341
0.00121063
0.0011977
0.00118461
0.00117138
0.00115802
0.00114452
0.00113091
0.00111719
0.00110337
0.00108945
0.00107544
0.00106136
0.0010472
0.00103298
0.00101871
0.00100438
0.00099002
0.000975623
0.000961201
0.000946761
0.000932311
0.000917857
0.000903406
0.000888966
0.000874543
0.000860144
0.000845776
0.000831444
0.000817156
0.000802918
0.000788735
0.000774613
0.000760559
0.000746577
0.000732673
0.000718853
0.000705121
0.000691483
0.000677943
0.000664506
0.000651176
0.000637958
0.000624855
0.000611872
0.000599013
0.000586281
0.000573679
0.000561212
0.000548881
0.00053669
0.000524641
0.000512738
0.000500983
0.000489378
0.000477925
0.000466626
0.000455483
0.000444497
0.000433671
0.000423005
0.0004125
0.000402158
0.00039198
0.000381966
0.000372117
0.000362434
0.000352916
0.000343565
0.000334379
0.00032536
0.000316507
0.000307819
0.000299297
0.00029094
0.000282747
0.000274717
0.000266851
0.000259146
0.000251603
0.000244219
0.000236995
0.000229927
0.000223017
0.000216261
0.000209658
0.000203208
0.000196908
0.000190756
0.000184752
0.000178893
0.000173177
0.000167604
0.00016217
0.000156874
0.000151713
0.000146687
0.000141793
0.000137028
0.000132391
0.00012788
0.000123493
0.000119227
0.00011508
0.00011105
0.000107135
0.000103333
9.96419e-05
9.60589e-05
9.25821e-05
8.92094e-05
8.59386e-05
8.27675e-05
7.96939e-05
7.67158e-05
7.38309e-05
7.10372e-05
6.83325e-05
6.57147e-05
6.31818e-05
6.07317e-05
5.83623e-05
5.60717e-05
5.38578e-05
5.17188e-05
4.96525e-05
4.76572e-05
4.57309e-05
4.38717e-05
4.20779e-05
4.03475e-05
3.86789e-05
3.70702e-05
3.55197e-05
3.40258e-05
3.25868e-05
3.1201e-05
2.98668e-05
2.85827e-05
2.73472e-05
2.61587e-05
2.50157e-05
2.39168e-05
2.28606e-05
2.18457e-05
2.08708e-05
1.99345e-05
1.90356e-05
1.81727e-05
1.73448e-05
1.65505e-05
1.57887e-05
1.50584e-05
1.43583e-05
1.36874e-05
1.30447e-05
1.24291e-05
1.18397e-05
1.12754e-05
1.07355e-05
1.02189e-05
9.72479e-06
9.25231e-06
8.80064e-06
8.36898e-06
7.95654e-06
7.56259e-06
7.18638e-06
6.82722e-06
6.48443e-06
6.15735e-06
5.84534e-06
5.54778e-06
5.26409e-06
4.99369e-06
4.73601e-06
4.49054e-06
4.25675e-06
4.03415e-06
3.82225e-06
3.6206e-06
3.42876e-06
3.24628e-06
3.07277e-06
2.90782e-06
2.75105e-06
2.6021e-06
2.46061e-06
2.32625e-06
2.19869e-06
2.07762e-06
1.96273e-06
1.85374e-06
1.75038e-06
1.65238e-06
1.55949e-06
1.47145e-06
1.38805e-06
1.30906e-06
1.23426e-06
1.16345e-06
1.09643e-06
1.03302e-06
9.73046e-07
9.16327e-07
8.62703e-07
8.12019e-07
7.64126e-07
7.18882e-07
6.76152e-07
6.35806e-07
5.97723e-07
5.61783e-07
5.27875e-07
0.00144153
0.00144117
0.00144047
0.00143942
0.00143801
0.00143626
0.00143415
0.00143171
0.00142891
0.00142578
0.0014223
0.00141848
0.00141433
0.00140985
0.00140504
0.00139991
0.00139445
0.00138867
0.00138258
0.00137619
0.00136948
0.00136248
0.00135518
0.00134759
0.00133972
0.00133157
0.00132314
0.00131445
0.00130549
0.00129628
0.00128682
0.00127712
0.00126718
0.00125701
0.00124662
0.00123602
0.0012252
0.00121418
0.00120297
0.00119157
0.00117999
0.00116824
0.00115632
0.00114424
0.00113202
0.00111965
0.00110715
0.00109452
0.00108176
0.0010689
0.00105593
0.00104286
0.00102971
0.00101647
0.00100316
0.000989778
0.000976338
0.000962845
0.000949307
0.000935731
0.000922124
0.000908493
0.000894845
0.000881187
0.000867525
0.000853867
0.000840219
0.000826587
0.000812977
0.000799397
0.000785852
0.000772347
0.000758889
0.000745484
0.000732137
0.000718853
0.000705638
0.000692496
0.000679434
0.000666455
0.000653565
0.000640767
0.000628067
0.000615468
0.000602975
0.000590591
0.00057832
0.000566166
0.000554132
0.000542221
0.000530437
0.000518782
0.00050726
0.000495872
0.000484622
0.000473511
0.000462543
0.000451717
0.000441038
0.000430506
0.000420123
0.00040989
0.000399809
0.00038988
0.000380106
0.000370486
0.000361021
0.000351712
0.00034256
0.000333564
0.000324725
0.000316043
0.000307519
0.000299151
0.00029094
0.000282885
0.000274986
0.000267242
0.000259653
0.000252218
0.000244936
0.000237806
0.000230827
0.000223999
0.000217319
0.000210787
0.000204402
0.000198161
0.000192065
0.00018611
0.000180296
0.000174621
0.000169083
0.000163681
0.000158413
0.000153277
0.000148271
0.000143394
0.000138643
0.000134017
0.000129514
0.000125132
0.000120868
0.000116721
0.000112689
0.000108769
0.000104961
0.00010126
9.76669e-05
9.41779e-05
9.07914e-05
8.75053e-05
8.43176e-05
8.12261e-05
7.82289e-05
7.53239e-05
7.2509e-05
6.97824e-05
6.71418e-05
6.45854e-05
6.21112e-05
5.97172e-05
5.74014e-05
5.5162e-05
5.2997e-05
5.09045e-05
4.88827e-05
4.69298e-05
4.50439e-05
4.32232e-05
4.1466e-05
3.97705e-05
3.8135e-05
3.65579e-05
3.50374e-05
3.3572e-05
3.216e-05
3.07999e-05
2.94901e-05
2.82291e-05
2.70154e-05
2.58476e-05
2.47242e-05
2.36439e-05
2.26053e-05
2.1607e-05
2.06478e-05
1.97263e-05
1.88414e-05
1.79917e-05
1.71762e-05
1.63937e-05
1.56429e-05
1.4923e-05
1.42326e-05
1.35709e-05
1.29368e-05
1.23294e-05
1.17475e-05
1.11904e-05
1.06571e-05
1.01468e-05
9.65854e-06
9.19152e-06
8.74495e-06
8.31805e-06
7.91006e-06
7.52024e-06
7.14789e-06
6.79231e-06
6.45285e-06
6.12886e-06
5.81971e-06
5.52481e-06
5.24357e-06
4.97543e-06
4.71985e-06
4.47631e-06
4.2443e-06
4.02333e-06
3.81293e-06
3.61266e-06
3.42207e-06
3.24074e-06
3.06827e-06
2.90427e-06
2.74836e-06
2.60019e-06
2.45941e-06
2.32568e-06
2.19869e-06
2.07812e-06
1.96369e-06
1.8551e-06
1.75209e-06
1.6544e-06
1.56177e-06
1.47397e-06
1.39076e-06
1.31194e-06
1.23727e-06
1.16658e-06
1.09965e-06
1.03631e-06
9.76378e-07
9.19688e-07
8.66079e-07
8.15396e-07
7.67491e-07
7.22224e-07
6.79461e-07
6.39075e-07
6.00942e-07
5.64946e-07
5.30977e-07
4.98928e-07
0.00136215
0.00136181
0.00136115
0.00136015
0.00135882
0.00135717
0.00135518
0.00135287
0.00135023
0.00134726
0.00134398
0.00134037
0.00133645
0.00133222
0.00132767
0.00132282
0.00131766
0.0013122
0.00130645
0.0013004
0.00129407
0.00128745
0.00128056
0.00127338
0.00126595
0.00125824
0.00125028
0.00124207
0.0012336
0.0012249
0.00121596
0.00120679
0.0011974
0.00118779
0.00117798
0.00116795
0.00115773
0.00114732
0.00113673
0.00112596
0.00111501
0.00110391
0.00109265
0.00108124
0.00106968
0.001058
0.00104618
0.00103424
0.00102219
0.00101004
0.000997785
0.000985438
0.000973007
0.000960498
0.000947918
0.000935275
0.000922575
0.000909825
0.000897033
0.000884204
0.000871346
0.000858466
0.000845569
0.000832663
0.000819754
0.000806848
0.000793951
0.00078107
0.00076821
0.000755377
0.000742578
0.000729817
0.0007171
0.000704433
0.00069182
0.000679268
0.000666781
0.000654363
0.00064202
0.000629756
0.000617575
0.000605483
0.000593482
0.000581576
0.000569771
0.000558069
0.000546474
0.000534989
0.000523618
0.000512363
0.000501228
0.000490215
0.000479327
0.000468567
0.000457936
0.000447437
0.000437072
0.000426843
0.000416752
0.0004068
0.000396988
0.000387319
0.000377793
0.000368411
0.000359175
0.000350084
0.000341141
0.000332345
0.000323696
0.000315196
0.000306844
0.00029864
0.000290585
0.000282678
0.000274919
0.000267307
0.000259843
0.000252526
0.000245355
0.000238329
0.000231448
0.000224711
0.000218117
0.000211664
0.000205352
0.00019918
0.000193146
0.000187249
0.000181488
0.000175862
0.000170368
0.000165005
0.000159772
0.000154668
0.00014969
0.000144837
0.000140106
0.000135498
0.000131009
0.000126637
0.000122382
0.000118241
0.000114212
0.000110293
0.000106483
0.00010278
9.91807e-05
9.56844e-05
9.22887e-05
8.89919e-05
8.57919e-05
8.26867e-05
7.96745e-05
7.67533e-05
7.39211e-05
7.11761e-05
6.85162e-05
6.59397e-05
6.34446e-05
6.10289e-05
5.86909e-05
5.64288e-05
5.42405e-05
5.21244e-05
5.00786e-05
4.81014e-05
4.61909e-05
4.43455e-05
4.25635e-05
4.0843e-05
3.91826e-05
3.75805e-05
3.60351e-05
3.45448e-05
3.3108e-05
3.17233e-05
3.0389e-05
2.91038e-05
2.78661e-05
2.66746e-05
2.55277e-05
2.44242e-05
2.33628e-05
2.23419e-05
2.13605e-05
2.04172e-05
1.95108e-05
1.86401e-05
1.78038e-05
1.7001e-05
1.62304e-05
1.54909e-05
1.47815e-05
1.41012e-05
1.34489e-05
1.28236e-05
1.22244e-05
1.16504e-05
1.11006e-05
1.05742e-05
1.00703e-05
9.58805e-06
9.12668e-06
8.68538e-06
8.2634e-06
7.86001e-06
7.47448e-06
7.10613e-06
6.75428e-06
6.41828e-06
6.09751e-06
5.79136e-06
5.49924e-06
5.22058e-06
4.95482e-06
4.70145e-06
4.45995e-06
4.22982e-06
4.01058e-06
3.80178e-06
3.60297e-06
3.41372e-06
3.23363e-06
3.06228e-06
2.89931e-06
2.74434e-06
2.59702e-06
2.45701e-06
2.32398e-06
2.19762e-06
2.07762e-06
1.96369e-06
1.85556e-06
1.75295e-06
1.65561e-06
1.5633e-06
1.47577e-06
1.3928e-06
1.31418e-06
1.23969e-06
1.16914e-06
1.10234e-06
1.03909e-06
9.79242e-07
9.22612e-07
8.69044e-07
8.18387e-07
7.70495e-07
7.25228e-07
6.82454e-07
6.42046e-07
6.03883e-07
5.6785e-07
5.33836e-07
5.01738e-07
4.71454e-07
0.00128682
0.00128651
0.00128588
0.00128494
0.00128369
0.00128212
0.00128024
0.00127806
0.00127556
0.00127276
0.00126966
0.00126625
0.00126255
0.00125855
0.00125426
0.00124967
0.0012448
0.00123964
0.00123421
0.0012285
0.00122251
0.00121626
0.00120974
0.00120297
0.00119594
0.00118867
0.00118114
0.00117338
0.00116539
0.00115717
0.00114872
0.00114006
0.00113119
0.00112211
0.00111284
0.00110337
0.00109371
0.00108388
0.00107387
0.00106369
0.00105336
0.00104286
0.00103223
0.00102145
0.00101053
0.000999491
0.000988329
0.000977053
0.00096567
0.000954187
0.00094261
0.000930946
0.000919202
0.000907385
0.000895501
0.000883557
0.000871559
0.000859514
0.000847429
0.00083531
0.000823163
0.000810995
0.000798812
0.000786619
0.000774424
0.000762231
0.000750048
0.000737879
0.00072573
0.000713607
0.000701515
0.00068946
0.000677446
0.00066548
0.000653565
0.000641707
0.00062991
0.000618179
0.000606518
0.000594932
0.000583425
0.000572001
0.000560664
0.000549417
0.000538264
0.000527209
0.000516256
0.000505406
0.000494663
0.000484031
0.000473511
0.000463108
0.000452822
0.000442656
0.000432613
0.000422695
0.000412903
0.00040324
0.000393707
0.000384305
0.000375036
0.000365901
0.000356902
0.000348039
0.000339313
0.000330726
0.000322277
0.000313967
0.000305797
0.000297766
0.000289876
0.000282126
0.000274516
0.000267046
0.000259716
0.000252526
0.000245475
0.000238562
0.000231787
0.00022515
0.00021865
0.000212285
0.000206055
0.00019996
0.000193997
0.000188166
0.000182466
0.000176895
0.000171453
0.000166137
0.000160947
0.000155881
0.000150937
0.000146115
0.000141412
0.000136827
0.000132359
0.000128005
0.000123764
0.000119635
0.000115615
0.000111703
0.000107896
0.000104195
0.000100595
9.70963e-05
9.36963e-05
9.03933e-05
8.71854e-05
8.40709e-05
8.10478e-05
7.81144e-05
7.52687e-05
7.2509e-05
6.98335e-05
6.72402e-05
6.47275e-05
6.22934e-05
5.99363e-05
5.76542e-05
5.54455e-05
5.33084e-05
5.12412e-05
4.92421e-05
4.73094e-05
4.54415e-05
4.36367e-05
4.18934e-05
4.02098e-05
3.85845e-05
3.70159e-05
3.55024e-05
3.40424e-05
3.26345e-05
3.12772e-05
2.99691e-05
2.87086e-05
2.74945e-05
2.63252e-05
2.51996e-05
2.41161e-05
2.30737e-05
2.20709e-05
2.11065e-05
2.01793e-05
1.92882e-05
1.84319e-05
1.76093e-05
1.68193e-05
1.60609e-05
1.53329e-05
1.46343e-05
1.39642e-05
1.33214e-05
1.27052e-05
1.21145e-05
1.15485e-05
1.10062e-05
1.04868e-05
9.98949e-06
9.51344e-06
9.05786e-06
8.622e-06
8.2051e-06
7.80646e-06
7.42537e-06
7.06116e-06
6.71318e-06
6.38079e-06
6.06337e-06
5.76034e-06
5.47112e-06
5.19515e-06
4.93189e-06
4.68084e-06
4.44148e-06
4.21333e-06
3.99592e-06
3.78881e-06
3.59155e-06
3.40373e-06
3.22495e-06
3.05482e-06
2.89295e-06
2.73899e-06
2.59259e-06
2.45341e-06
2.32115e-06
2.19547e-06
2.07609e-06
1.96273e-06
1.8551e-06
1.75295e-06
1.65602e-06
1.56406e-06
1.47685e-06
1.39416e-06
1.31579e-06
1.24151e-06
1.17114e-06
1.10449e-06
1.04138e-06
9.81636e-07
9.25093e-07
8.71594e-07
8.20989e-07
7.73133e-07
7.27889e-07
6.85125e-07
6.44716e-07
6.06543e-07
5.7049e-07
5.36449e-07
5.04317e-07
4.73993e-07
4.45384e-07
0.00121537
0.00121507
0.00121448
0.00121359
0.00121241
0.00121093
0.00120915
0.00120709
0.00120473
0.00120209
0.00119916
0.00119594
0.00119244
0.00118867
0.00118461
0.00118028
0.00117568
0.00117081
0.00116567
0.00116028
0.00115463
0.00114872
0.00114257
0.00113617
0.00112953
0.00112266
0.00111556
0.00110823
0.00110068
0.00109291
0.00108494
0.00107676
0.00106838
0.0010598
0.00105104
0.0010421
0.00103298
0.00102369
0.00101424
0.00100463
0.000994866
0.000984957
0.000974909
0.000964728
0.00095442
0.000943992
0.00093345
0.0009228
0.000912049
0.000901203
0.000890269
0.000879253
0.000868161
0.000857
0.000845776
0.000834495
0.000823163
0.000811787
0.000800373
0.000788927
0.000777455
0.000765962
0.000754456
0.00074294
0.000731422
0.000719907
0.000708399
0.000696906
0.000685432
0.000673982
0.000662562
0.000651176
0.000639829
0.000628527
0.000617274
0.000606074
0.000594932
0.000583853
0.00057284
0.000561897
0.000551029
0.000540239
0.000529531
0.000518909
0.000508376
0.000497935
0.000487589
0.000477342
0.000467196
0.000457154
0.000447218
0.000437392
0.000427678
0.000418076
0.000408591
0.000399224
0.000389976
0.000380849
0.000371845
0.000362965
0.000354211
0.000345584
0.000337084
0.000328713
0.000320472
0.000312361
0.000304381
0.000296533
0.000288816
0.000281232
0.00027378
0.00026646
0.000259273
0.000252218
0.000245295
0.000238504
0.000231844
0.000225315
0.000218917
0.000212648
0.000206509
0.000200497
0.000194614
0.000188856
0.000183225
0.000177718
0.000172334
0.000167073
0.000161932
0.000156912
0.00015201
0.000147225
0.000142556
0.000138002
0.00013356
0.00012923
0.000125009
0.000120897
0.000116892
0.000112992
0.000109195
0.0001055
0.000101905
9.84089e-05
9.50093e-05
9.17048e-05
8.84936e-05
8.5374e-05
8.23442e-05
7.94026e-05
7.65474e-05
7.37769e-05
7.10892e-05
6.84828e-05
6.59558e-05
6.35065e-05
6.11333e-05
5.88344e-05
5.66081e-05
5.44528e-05
5.23667e-05
5.03483e-05
4.83959e-05
4.65078e-05
4.46824e-05
4.29183e-05
4.12137e-05
3.95671e-05
3.79771e-05
3.6442e-05
3.49605e-05
3.3531e-05
3.21521e-05
3.08224e-05
2.95405e-05
2.8305e-05
2.71145e-05
2.59678e-05
2.48634e-05
2.38003e-05
2.2777e-05
2.17924e-05
2.08453e-05
1.99345e-05
1.90588e-05
1.82172e-05
1.74084e-05
1.66315e-05
1.58854e-05
1.51691e-05
1.44815e-05
1.38217e-05
1.31888e-05
1.25817e-05
1.19997e-05
1.14418e-05
1.09072e-05
1.0395e-05
9.90449e-06
9.4348e-06
8.98518e-06
8.5549e-06
8.14324e-06
7.74949e-06
7.37298e-06
7.01306e-06
6.66907e-06
6.34041e-06
6.02648e-06
5.72669e-06
5.44048e-06
5.16732e-06
4.90667e-06
4.65804e-06
4.42092e-06
4.19485e-06
3.97937e-06
3.77404e-06
3.57842e-06
3.39212e-06
3.21473e-06
3.04588e-06
2.88519e-06
2.73231e-06
2.5869e-06
2.44863e-06
2.31718e-06
2.19226e-06
2.07356e-06
1.96081e-06
1.85374e-06
1.75209e-06
1.65561e-06
1.56406e-06
1.47721e-06
1.39485e-06
1.31675e-06
1.24272e-06
1.17257e-06
1.10611e-06
1.04316e-06
9.83555e-07
9.27128e-07
8.73725e-07
8.23197e-07
7.75401e-07
7.30203e-07
6.87471e-07
6.47082e-07
6.08917e-07
5.72863e-07
5.38812e-07
5.06662e-07
4.76313e-07
4.47674e-07
4.20653e-07
0.0011476
0.00114732
0.00114676
0.00114592
0.0011448
0.00114341
0.00114173
0.00113978
0.00113756
0.00113506
0.0011323
0.00112926
0.00112596
0.00112239
0.00111856
0.00111447
0.00111012
0.00110553
0.00110068
0.00109558
0.00109025
0.00108467
0.00107886
0.00107282
0.00106655
0.00106006
0.00105336
0.00104644
0.00103931
0.00103197
0.00102444
0.00101672
0.00100881
0.00100071
0.00099244
0.000983996
0.000975385
0.000966614
0.000957688
0.000948612
0.000939394
0.000930038
0.00092055
0.000910936
0.000901203
0.000891356
0.000881402
0.000871346
0.000861195
0.000850954
0.000840629
0.000830227
0.000819754
0.000809215
0.000798617
0.000787965
0.000777265
0.000766524
0.000755746
0.000744938
0.000734105
0.000723254
0.000712388
0.000701515
0.000690639
0.000679766
0.0006689
0.000658048
0.000647213
0.000636402
0.000625618
0.000614867
0.000604154
0.000593482
0.000582856
0.00057228
0.00056176
0.000551298
0.000540899
0.000530567
0.000520305
0.000510116
0.000500006
0.000489976
0.00048003
0.000470171
0.000460402
0.000450726
0.000441146
0.000431664
0.000422282
0.000413004
0.000403831
0.000394765
0.000385809
0.000376964
0.000368231
0.000359613
0.000351111
0.000342727
0.000334461
0.000326314
0.000318289
0.000310385
0.000302603
0.000294945
0.00028741
0.000279999
0.000272713
0.000265551
0.000258514
0.000251603
0.000244816
0.000238155
0.000231618
0.000225205
0.000218917
0.000212752
0.00020671
0.000200791
0.000194994
0.000189318
0.000183762
0.000178326
0.000173008
0.000167808
0.000162725
0.000157757
0.000152903
0.000148163
0.000143534
0.000139016
0.000134608
0.000130307
0.000126113
0.000122024
0.000118039
0.000114156
0.000110374
0.000106692
0.000103106
9.96175e-05
9.62232e-05
9.29218e-05
8.97118e-05
8.65915e-05
8.35593e-05
8.06137e-05
7.77529e-05
7.49753e-05
7.22793e-05
6.96632e-05
6.71254e-05
6.46643e-05
6.22782e-05
5.99655e-05
5.77246e-05
5.55539e-05
5.34518e-05
5.14166e-05
4.94469e-05
4.7541e-05
4.56974e-05
4.39146e-05
4.2191e-05
4.05252e-05
3.89157e-05
3.73609e-05
3.58595e-05
3.44101e-05
3.30112e-05
3.16614e-05
3.03594e-05
2.91038e-05
2.78934e-05
2.67267e-05
2.56026e-05
2.45198e-05
2.34771e-05
2.24732e-05
2.1507e-05
2.05773e-05
1.9683e-05
1.8823e-05
1.79961e-05
1.72014e-05
1.64377e-05
1.57042e-05
1.49997e-05
1.43233e-05
1.3674e-05
1.3051e-05
1.24534e-05
1.18802e-05
1.13306e-05
1.08039e-05
1.0299e-05
9.81543e-06
9.35224e-06
8.90873e-06
8.48418e-06
8.07789e-06
7.68918e-06
7.31739e-06
6.96188e-06
6.62202e-06
6.29722e-06
5.98688e-06
5.69045e-06
5.40738e-06
5.13713e-06
4.8792e-06
4.63309e-06
4.39831e-06
4.17442e-06
3.96095e-06
3.75749e-06
3.5636e-06
3.3789e-06
3.20298e-06
3.03549e-06
2.87605e-06
2.72432e-06
2.57996e-06
2.44266e-06
2.3121e-06
2.18798e-06
2.07002e-06
1.95794e-06
1.85148e-06
1.75038e-06
1.6544e-06
1.5633e-06
1.47685e-06
1.39485e-06
1.31707e-06
1.24333e-06
1.17343e-06
1.10719e-06
1.04444e-06
9.84997e-07
9.28714e-07
8.75433e-07
8.25007e-07
7.77297e-07
7.32166e-07
6.89488e-07
6.49139e-07
6.11001e-07
5.74965e-07
5.40921e-07
5.08769e-07
4.78411e-07
4.49755e-07
4.22712e-07
3.97198e-07
0.00108335
0.00108308
0.00108256
0.00108176
0.00108071
0.00107939
0.00107781
0.00107597
0.00107387
0.00107151
0.0010689
0.00106603
0.00106291
0.00105955
0.00105593
0.00105207
0.00104797
0.00104363
0.00103905
0.00103424
0.00102921
0.00102394
0.00101846
0.00101276
0.00100684
0.00100071
0.00099438
0.000987847
0.000981117
0.000974195
0.000967086
0.000959794
0.000952325
0.000944683
0.000936874
0.000928903
0.000920774
0.000912494
0.000904068
0.000895501
0.000886798
0.000877966
0.000869009
0.000859934
0.000850746
0.000841451
0.000832054
0.000822561
0.000812977
0.00080331
0.000793563
0.000783744
0.000773857
0.000763908
0.000753903
0.000743848
0.000733747
0.000723607
0.000713433
0.00070323
0.000693004
0.00068276
0.000672503
0.000662238
0.000651971
0.000641707
0.000631449
0.000621205
0.000610977
0.000600771
0.000590591
0.000580442
0.000570328
0.000560253
0.000550222
0.000540239
0.000530308
0.000520432
0.000510615
0.000500861
0.000491173
0.000481556
0.000472011
0.000462543
0.000453153
0.000443847
0.000434625
0.00042549
0.000416447
0.000407495
0.000398639
0.00038988
0.000381221
0.000372663
0.000364208
0.000355858
0.000347614
0.000339479
0.000331453
0.000323538
0.000315735
0.000308045
0.000300468
0.000293007
0.000285661
0.000278431
0.000271318
0.000264322
0.000257444
0.000250683
0.000244041
0.000237516
0.000231109
0.000224821
0.00021865
0.000212596
0.00020666
0.00020084
0.000195137
0.000189549
0.000184077
0.000178718
0.000173474
0.000168342
0.000163322
0.000158413
0.000153614
0.000148924
0.000144342
0.000139867
0.000135498
0.000131233
0.000127071
0.000123011
0.000119052
0.000115192
0.00011143
0.000107765
0.000104195
0.000100718
9.73337e-05
9.40401e-05
9.08358e-05
8.77192e-05
8.46889e-05
8.17433e-05
7.8881e-05
7.61002e-05
7.33996e-05
7.07775e-05
6.82324e-05
6.57628e-05
6.33672e-05
6.10438e-05
5.87913e-05
5.66081e-05
5.44927e-05
5.24435e-05
5.04591e-05
4.85379e-05
4.66784e-05
4.48792e-05
4.31389e-05
4.14559e-05
3.98288e-05
3.82562e-05
3.67368e-05
3.52691e-05
3.38518e-05
3.24835e-05
3.11629e-05
2.98887e-05
2.86596e-05
2.74743e-05
2.63317e-05
2.52303e-05
2.41692e-05
2.3147e-05
2.21627e-05
2.1215e-05
2.03029e-05
1.94252e-05
1.8581e-05
1.77691e-05
1.69885e-05
1.62383e-05
1.55174e-05
1.48249e-05
1.41598e-05
1.35213e-05
1.29084e-05
1.23203e-05
1.17561e-05
1.1215e-05
1.06962e-05
1.0199e-05
9.72241e-06
9.26587e-06
8.82862e-06
8.40994e-06
8.00916e-06
7.62562e-06
7.25868e-06
6.9077e-06
6.57209e-06
6.25126e-06
5.94464e-06
5.65168e-06
5.37185e-06
5.10462e-06
4.84951e-06
4.60602e-06
4.37368e-06
4.15206e-06
3.9407e-06
3.73918e-06
3.54711e-06
3.36408e-06
3.18972e-06
3.02365e-06
2.86553e-06
2.71502e-06
2.57178e-06
2.43551e-06
2.3059e-06
2.18264e-06
2.06548e-06
1.95412e-06
1.84832e-06
1.74782e-06
1.65238e-06
1.56177e-06
1.47577e-06
1.39416e-06
1.31675e-06
1.24333e-06
1.17372e-06
1.10773e-06
1.0452e-06
9.85959e-07
9.29848e-07
8.76716e-07
8.26418e-07
7.78816e-07
7.33777e-07
6.91173e-07
6.50884e-07
6.12794e-07
5.76792e-07
5.42773e-07
5.10635e-07
4.80284e-07
4.51625e-07
4.24574e-07
3.99045e-07
3.7496e-07
0.00102244
0.00102219
0.0010217
0.00102095
0.00101995
0.00101871
0.00101722
0.00101548
0.0010135
0.00101127
0.00100881
0.0010061
0.00100316
0.000999979
0.000996567
0.000992924
0.000989053
0.000984957
0.000980638
0.0009761
0.000971345
0.000966378
0.000961201
0.000955819
0.000950235
0.000944453
0.000938477
0.000932311
0.000925959
0.000919427
0.000912717
0.000905836
0.000898786
0.000891574
0.000884204
0.000876681
0.000869009
0.000861195
0.000853242
0.000845156
0.000836943
0.000828607
0.000820154
0.000811589
0.000802918
0.000794145
0.000785276
0.000776317
0.000767273
0.000758148
0.00074895
0.000739682
0.000730351
0.000720962
0.000711519
0.000702029
0.000692496
0.000682926
0.000673324
0.000663695
0.000654044
0.000644375
0.000634695
0.000625008
0.000615318
0.00060563
0.00059595
0.000586281
0.000576628
0.000566996
0.000557388
0.00054781
0.000538264
0.000528756
0.000519289
0.000509867
0.000500494
0.000491173
0.000481908
0.000472703
0.00046356
0.000454483
0.000445475
0.000436539
0.000427678
0.000418894
0.00041019
0.00040157
0.000393034
0.000384586
0.000376228
0.000367962
0.000359789
0.000351712
0.000343732
0.000335852
0.000328072
0.000320394
0.000312819
0.000305349
0.000297984
0.000290727
0.000283576
0.000276534
0.000269601
0.000262778
0.000256065
0.000249462
0.00024297
0.00023659
0.000230321
0.000224163
0.000218117
0.000212181
0.000206357
0.000200644
0.000195042
0.000189549
0.000184166
0.000178893
0.000173728
0.000168671
0.000163721
0.000158878
0.00015414
0.000149507
0.000144978
0.000140552
0.000136228
0.000132004
0.00012788
0.000123855
0.000119927
0.000116096
0.000112359
0.000108716
0.000105166
0.000101706
9.83368e-05
9.50557e-05
9.18616e-05
8.87532e-05
8.5729e-05
8.27877e-05
7.99278e-05
7.71478e-05
7.44463e-05
7.18219e-05
6.92731e-05
6.67985e-05
6.43965e-05
6.20657e-05
5.98047e-05
5.7612e-05
5.54861e-05
5.34257e-05
5.14292e-05
4.94952e-05
4.76223e-05
4.58091e-05
4.40542e-05
4.23561e-05
4.07136e-05
3.91252e-05
3.75897e-05
3.61055e-05
3.46715e-05
3.32863e-05
3.19487e-05
3.06573e-05
2.9411e-05
2.82084e-05
2.70484e-05
2.59297e-05
2.48513e-05
2.38119e-05
2.28104e-05
2.18457e-05
2.09167e-05
2.00223e-05
1.91615e-05
1.83332e-05
1.75364e-05
1.67701e-05
1.60335e-05
1.53254e-05
1.4645e-05
1.39915e-05
1.33638e-05
1.27612e-05
1.21827e-05
1.16277e-05
1.10952e-05
1.05845e-05
1.00949e-05
9.62558e-06
9.17583e-06
8.74495e-06
8.33228e-06
7.93714e-06
7.55889e-06
7.19692e-06
6.8506e-06
6.51936e-06
6.20262e-06
5.89982e-06
5.61044e-06
5.33395e-06
5.06985e-06
4.81765e-06
4.57687e-06
4.34707e-06
4.1278e-06
3.91863e-06
3.71915e-06
3.52897e-06
3.34769e-06
3.17495e-06
3.01039e-06
2.85366e-06
2.70443e-06
2.56238e-06
2.4272e-06
2.29859e-06
2.17626e-06
2.05994e-06
1.94936e-06
1.84426e-06
1.74441e-06
1.64956e-06
1.55949e-06
1.47397e-06
1.3928e-06
1.31579e-06
1.24272e-06
1.17343e-06
1.10773e-06
1.04546e-06
9.86441e-07
9.30529e-07
8.77573e-07
8.27428e-07
7.79958e-07
7.35032e-07
6.92524e-07
6.52316e-07
6.14292e-07
5.78343e-07
5.44365e-07
5.12259e-07
4.81928e-07
4.53282e-07
4.26235e-07
4.00705e-07
3.76611e-07
3.5388e-07
0.000964728
0.000964492
0.000964021
0.000963316
0.000962375
0.000961201
0.000959794
0.000958155
0.000956286
0.000954187
0.00095186
0.000949307
0.00094653
0.000943531
0.000940312
0.000936874
0.000933222
0.000929357
0.000925281
0.000920999
0.000916513
0.000911826
0.000906942
0.000901864
0.000896595
0.000891139
0.0008855
0.000879682
0.000873689
0.000867525
0.000861195
0.000854701
0.00084805
0.000841245
0.000834291
0.000827192
0.000819954
0.000812581
0.000805077
0.000797448
0.000789698
0.000781833
0.000773857
0.000765775
0.000757593
0.000749316
0.000740948
0.000732494
0.00072396
0.000715351
0.000706672
0.000697928
0.000689123
0.000680264
0.000671354
0.0006624
0.000653405
0.000644375
0.000635315
0.00062623
0.000617123
0.000608001
0.000598867
0.000589726
0.000580583
0.000571443
0.000562309
0.000553186
0.000544078
0.000534989
0.000525924
0.000516886
0.00050788
0.000498908
0.000489976
0.000481086
0.000472242
0.000463447
0.000454705
0.000446019
0.000437392
0.000428828
0.000420328
0.000411896
0.000403535
0.000395247
0.000387035
0.000378901
0.000370848
0.000362877
0.00035499
0.00034719
0.000339479
0.000331858
0.000324329
0.000316893
0.000309552
0.000302308
0.000295161
0.000288112
0.000281163
0.000274315
0.000267568
0.000260924
0.000254382
0.000247944
0.00024161
0.00023538
0.000229255
0.000223235
0.000217319
0.000211509
0.000205804
0.000200204
0.000194709
0.000189318
0.000184032
0.000178849
0.00017377
0.000168794
0.000163921
0.00015915
0.000154479
0.000149909
0.000145439
0.000141068
0.000136794
0.000132618
0.000128538
0.000124552
0.000120661
0.000116863
0.000113157
0.000109542
0.000106016
0.000102579
9.92292e-05
9.59651e-05
9.27858e-05
8.96899e-05
8.66761e-05
8.37431e-05
8.08897e-05
7.81144e-05
7.54159e-05
7.27928e-05
7.02439e-05
6.77676e-05
6.53627e-05
6.30277e-05
6.07613e-05
5.85621e-05
5.64288e-05
5.43598e-05
5.2354e-05
5.04098e-05
4.8526e-05
4.67012e-05
4.4934e-05
4.32232e-05
4.15673e-05
3.99652e-05
3.84154e-05
3.69166e-05
3.54677e-05
3.40674e-05
3.27143e-05
3.14073e-05
3.01452e-05
2.89267e-05
2.77507e-05
2.6616e-05
2.55215e-05
2.4466e-05
2.34485e-05
2.24677e-05
2.15228e-05
2.06125e-05
1.97359e-05
1.8892e-05
1.80798e-05
1.72983e-05
1.65465e-05
1.58235e-05
1.51284e-05
1.44603e-05
1.38183e-05
1.32017e-05
1.26094e-05
1.20408e-05
1.1495e-05
1.09713e-05
1.04689e-05
9.98705e-06
9.52506e-06
9.08222e-06
8.65786e-06
8.25131e-06
7.86193e-06
7.48909e-06
7.1322e-06
6.79065e-06
6.46389e-06
6.15134e-06
5.85248e-06
5.56678e-06
5.29373e-06
5.03285e-06
4.78366e-06
4.54569e-06
4.31851e-06
4.10168e-06
3.89479e-06
3.69743e-06
3.50921e-06
3.32976e-06
3.15872e-06
2.99573e-06
2.84046e-06
2.69258e-06
2.55177e-06
2.41774e-06
2.29019e-06
2.16883e-06
2.05341e-06
1.94366e-06
1.83932e-06
1.74016e-06
1.64594e-06
1.55644e-06
1.47145e-06
1.39076e-06
1.31418e-06
1.24151e-06
1.17257e-06
1.10719e-06
1.0452e-06
9.86441e-07
9.30757e-07
8.78001e-07
8.28034e-07
7.8072e-07
7.3593e-07
6.9354e-07
6.53432e-07
6.15493e-07
5.79616e-07
5.45696e-07
5.13636e-07
4.83342e-07
4.54723e-07
4.27695e-07
4.02175e-07
3.78085e-07
3.55351e-07
3.33903e-07
0.000910047
0.000909825
0.000909381
0.000908715
0.000907828
0.000906721
0.000905393
0.000903847
0.000902084
0.000900104
0.000897909
0.000895501
0.000892881
0.000890052
0.000887015
0.000883772
0.000880327
0.000876681
0.000872837
0.000868797
0.000864565
0.000860144
0.000855537
0.000850746
0.000845776
0.000840629
0.00083531
0.000829822
0.000824169
0.000818354
0.000812382
0.000806257
0.000799983
0.000793563
0.000787004
0.000780307
0.000773479
0.000766524
0.000759445
0.000752248
0.000744938
0.000737519
0.000729995
0.000722371
0.000714653
0.000706845
0.000698951
0.000690976
0.000682926
0.000674805
0.000666618
0.000658369
0.000650064
0.000641707
0.000633302
0.000624855
0.00061637
0.000607852
0.000599306
0.000590735
0.000582145
0.000573539
0.000564923
0.000556301
0.000547676
0.000539053
0.000530437
0.000521831
0.000513239
0.000504666
0.000496115
0.000487589
0.000479093
0.00047063
0.000462204
0.000453818
0.000445475
0.000437179
0.000428932
0.000420739
0.000412601
0.000404522
0.000396504
0.00038855
0.000380663
0.000372845
0.000365098
0.000357425
0.000349828
0.000342309
0.000334869
0.000327512
0.000320237
0.000313048
0.000305946
0.000298932
0.000292007
0.000285173
0.000278431
0.000271782
0.000265227
0.000258767
0.000252403
0.000246135
0.000239964
0.000233891
0.000227915
0.000222039
0.000216261
0.000210582
0.000205002
0.000199521
0.000194139
0.000188856
0.000183673
0.000178587
0.000173601
0.000168712
0.000163921
0.000159227
0.00015463
0.000150129
0.000145723
0.000141412
0.000137195
0.000133072
0.000129041
0.000125101
0.000121252
0.000117493
0.000113822
0.00011024
0.000106744
0.000103333
0.000100007
9.6765e-05
9.36049e-05
9.05258e-05
8.75267e-05
8.46062e-05
8.17633e-05
7.89966e-05
7.63049e-05
7.36869e-05
7.11413e-05
6.86669e-05
6.62624e-05
6.39265e-05
6.16579e-05
5.94553e-05
5.73174e-05
5.52428e-05
5.32304e-05
5.12787e-05
4.93865e-05
4.75526e-05
4.57756e-05
4.40542e-05
4.23872e-05
4.07733e-05
3.92113e-05
3.76999e-05
3.6238e-05
3.48242e-05
3.34574e-05
3.21364e-05
3.08601e-05
2.96272e-05
2.84366e-05
2.72872e-05
2.61778e-05
2.51074e-05
2.4075e-05
2.30793e-05
2.21194e-05
2.11943e-05
2.03029e-05
1.94442e-05
1.86173e-05
1.78212e-05
1.7055e-05
1.63178e-05
1.56086e-05
1.49266e-05
1.42709e-05
1.36407e-05
1.30351e-05
1.24534e-05
1.18947e-05
1.13583e-05
1.08435e-05
1.03495e-05
9.87552e-06
9.42099e-06
8.98518e-06
8.56744e-06
8.16713e-06
7.78362e-06
7.41631e-06
7.06461e-06
6.72795e-06
6.40576e-06
6.09751e-06
5.80268e-06
5.52076e-06
5.25126e-06
4.99369e-06
4.74759e-06
4.51252e-06
4.28804e-06
4.07374e-06
3.8692e-06
3.67403e-06
3.48786e-06
3.31031e-06
3.14103e-06
2.97968e-06
2.82593e-06
2.67946e-06
2.53996e-06
2.40714e-06
2.2807e-06
2.16038e-06
2.0459e-06
1.93702e-06
1.83349e-06
1.73507e-06
1.64152e-06
1.55265e-06
1.46822e-06
1.38805e-06
1.31194e-06
1.23969e-06
1.17114e-06
1.10611e-06
1.04444e-06
9.85959e-07
9.30529e-07
8.78001e-07
8.28236e-07
7.81101e-07
7.36469e-07
6.94217e-07
6.5423e-07
6.16395e-07
5.80607e-07
5.46763e-07
5.14766e-07
4.84523e-07
4.55946e-07
4.2895e-07
4.03453e-07
3.79379e-07
3.56655e-07
3.3521e-07
3.14978e-07
0.000858256
0.000858047
0.000857628
0.000857
0.000856163
0.000855119
0.000853867
0.000852409
0.000850746
0.000848879
0.000846809
0.000844538
0.000842067
0.000839399
0.000836535
0.000833477
0.000830227
0.000826789
0.000823163
0.000819354
0.000815363
0.000811193
0.000806848
0.00080233
0.000797642
0.000792789
0.000787772
0.000782597
0.000777265
0.000771781
0.000766149
0.000760373
0.000754456
0.000748402
0.000742215
0.0007359
0.00072946
0.000722901
0.000716225
0.000709438
0.000702544
0.000695546
0.000688451
0.000681261
0.000673982
0.000666618
0.000659173
0.000651653
0.000644061
0.000636402
0.000628681
0.000620901
0.000613069
0.000605187
0.000597261
0.000589295
0.000581293
0.000573259
0.000565199
0.000557116
0.000549015
0.000540899
0.000532773
0.000524641
0.000516508
0.000508376
0.00050025
0.000492134
0.000484031
0.000475945
0.000467881
0.00045984
0.000451828
0.000443847
0.0004359
0.000427991
0.000420123
0.000412299
0.000404522
0.000396794
0.00038912
0.0003815
0.000373939
0.000366438
0.000358999
0.000351626
0.00034432
0.000337084
0.000329919
0.000322828
0.000315812
0.000308873
0.000302013
0.000295233
0.000288535
0.000281919
0.000275389
0.000268944
0.000262585
0.000256315
0.000250133
0.000244041
0.000238038
0.000232127
0.000226308
0.00022058
0.000214945
0.000209402
0.000203953
0.000198597
0.000193335
0.000188166
0.000183091
0.000178108
0.00017322
0.000168424
0.000163721
0.000159111
0.000154592
0.000150166
0.00014583
0.000141585
0.00013743
0.000133365
0.000129388
0.000125499
0.000121697
0.000117981
0.000114352
0.000110806
0.000107345
0.000103966
0.000100669
9.74525e-05
9.4316e-05
9.12581e-05
8.82778e-05
8.5374e-05
8.25455e-05
7.97913e-05
7.71101e-05
7.45009e-05
7.19623e-05
6.94933e-05
6.70927e-05
6.47591e-05
6.24914e-05
6.02885e-05
5.8149e-05
5.60717e-05
5.40554e-05
5.2099e-05
5.0201e-05
4.83604e-05
4.65759e-05
4.48464e-05
4.31705e-05
4.1547e-05
3.99749e-05
3.84529e-05
3.69798e-05
3.55544e-05
3.41757e-05
3.28424e-05
3.15534e-05
3.03075e-05
2.91038e-05
2.79411e-05
2.68182e-05
2.57342e-05
2.4688e-05
2.36786e-05
2.27048e-05
2.17658e-05
2.08606e-05
1.99881e-05
1.91474e-05
1.83376e-05
1.75578e-05
1.6807e-05
1.60844e-05
1.53891e-05
1.47203e-05
1.40771e-05
1.34587e-05
1.28644e-05
1.22933e-05
1.17447e-05
1.12178e-05
1.07119e-05
1.02264e-05
9.76047e-06
9.3135e-06
8.88484e-06
8.47383e-06
8.07987e-06
7.70234e-06
7.34065e-06
6.99425e-06
6.66256e-06
6.34506e-06
6.04121e-06
5.7505e-06
5.47245e-06
5.20657e-06
4.95241e-06
4.70949e-06
4.4774e-06
4.25571e-06
4.04401e-06
3.8419e-06
3.649e-06
3.46494e-06
3.28936e-06
3.12192e-06
2.96227e-06
2.81011e-06
2.66511e-06
2.52697e-06
2.39541e-06
2.27015e-06
2.15091e-06
2.03743e-06
1.92947e-06
1.82679e-06
1.72915e-06
1.63632e-06
1.5481e-06
1.46429e-06
1.38467e-06
1.30906e-06
1.23727e-06
1.16914e-06
1.10449e-06
1.04316e-06
9.84997e-07
9.29848e-07
8.77573e-07
8.28034e-07
7.81101e-07
7.36649e-07
6.94556e-07
6.54709e-07
6.16997e-07
5.81316e-07
5.47564e-07
5.15647e-07
4.85471e-07
4.56949e-07
4.29998e-07
4.04538e-07
3.80493e-07
3.57789e-07
3.36358e-07
3.16133e-07
2.97052e-07
0.000809215
0.000809018
0.000808623
0.000808031
0.000807242
0.000806257
0.000805077
0.000803702
0.000802134
0.000800373
0.000798422
0.00079628
0.000793951
0.000791435
0.000788735
0.000785852
0.000782788
0.000779546
0.000776127
0.000772536
0.000768773
0.000764841
0.000760744
0.000756484
0.000752065
0.000747489
0.000742759
0.000737879
0.000732852
0.000727682
0.000722371
0.000716925
0.000711346
0.000705638
0.000699805
0.00069385
0.000687779
0.000681594
0.0006753
0.0006689
0.0006624
0.000655803
0.000649112
0.000642334
0.00063547
0.000628527
0.000621508
0.000614417
0.000607259
0.000600038
0.000592758
0.000585423
0.000578038
0.000570606
0.000563133
0.000555622
0.000548077
0.000540503
0.000532903
0.000525282
0.000517644
0.000509992
0.00050233
0.000494663
0.000486994
0.000479327
0.000471665
0.000464013
0.000456373
0.00044875
0.000441146
0.000433565
0.00042601
0.000418485
0.000410992
0.000403535
0.000396117
0.00038874
0.000381407
0.000374121
0.000366885
0.000359701
0.000352572
0.000345499
0.000338486
0.000331534
0.000324646
0.000317823
0.000311068
0.000304381
0.000297766
0.000291224
0.000284756
0.000278363
0.000272048
0.00026581
0.000259653
0.000253576
0.000247581
0.000241669
0.00023584
0.000230096
0.000224437
0.000218863
0.000213376
0.000207976
0.000202663
0.000197437
0.000192299
0.000187249
0.000182288
0.000177414
0.000172629
0.000167931
0.000163322
0.0001588
0.000154366
0.000150019
0.000145759
0.000141585
0.000137497
0.000133495
0.000129577
0.000125744
0.000121994
0.000118328
0.000114743
0.00011124
0.000107817
0.000104475
0.000101211
9.80252e-05
9.49166e-05
9.18841e-05
8.89267e-05
8.60436e-05
8.32336e-05
8.04957e-05
7.78288e-05
7.5232e-05
7.2704e-05
7.02439e-05
6.78504e-05
6.55225e-05
6.3259e-05
6.10587e-05
5.89207e-05
5.68436e-05
5.48263e-05
5.28677e-05
5.09667e-05
4.9122e-05
4.73325e-05
4.55971e-05
4.39146e-05
4.22838e-05
4.07037e-05
3.9173e-05
3.76907e-05
3.62557e-05
3.48667e-05
3.35228e-05
3.22229e-05
3.09657e-05
2.97504e-05
2.85758e-05
2.74408e-05
2.63445e-05
2.52858e-05
2.42638e-05
2.32773e-05
2.23256e-05
2.14075e-05
2.05221e-05
1.96686e-05
1.8846e-05
1.80533e-05
1.72898e-05
1.65545e-05
1.58467e-05
1.51654e-05
1.45098e-05
1.38792e-05
1.32728e-05
1.26897e-05
1.21293e-05
1.15908e-05
1.10736e-05
1.05768e-05
1.00998e-05
9.64204e-06
9.20275e-06
8.78132e-06
8.37715e-06
7.98963e-06
7.61818e-06
7.26222e-06
6.92121e-06
6.59459e-06
6.28186e-06
5.9825e-06
5.69601e-06
5.42192e-06
5.15975e-06
4.90907e-06
4.66942e-06
4.44039e-06
4.22156e-06
4.01254e-06
3.81293e-06
3.62237e-06
3.4405e-06
3.26695e-06
3.10141e-06
2.94353e-06
2.79301e-06
2.64954e-06
2.51282e-06
2.38258e-06
2.25854e-06
2.14043e-06
2.028e-06
1.92101e-06
1.81922e-06
1.7224e-06
1.63034e-06
1.54282e-06
1.45965e-06
1.38062e-06
1.30555e-06
1.23426e-06
1.16658e-06
1.10234e-06
1.04138e-06
9.83555e-07
9.28714e-07
8.76716e-07
8.27428e-07
7.8072e-07
7.36469e-07
6.94556e-07
6.54869e-07
6.17299e-07
5.81742e-07
5.48099e-07
5.16276e-07
4.86182e-07
4.57731e-07
4.30839e-07
4.05428e-07
3.81423e-07
3.58751e-07
3.37345e-07
3.17138e-07
2.98069e-07
2.80079e-07
0.00076279
0.000762604
0.000762231
0.000761673
0.00076093
0.000760002
0.000758889
0.000757593
0.000756115
0.000754456
0.000752616
0.000750597
0.000748402
0.00074603
0.000743485
0.000740767
0.000737879
0.000734823
0.000731601
0.000728215
0.000724668
0.000720962
0.0007171
0.000713084
0.000708918
0.000704605
0.000700146
0.000695546
0.000690808
0.000685934
0.000680929
0.000675794
0.000670535
0.000665155
0.000659656
0.000654044
0.00064832
0.00064249
0.000636557
0.000630525
0.000624398
0.000618179
0.000611872
0.000605483
0.000599013
0.000592468
0.000585852
0.000579168
0.00057242
0.000565613
0.000558751
0.000551837
0.000544875
0.00053787
0.000530826
0.000523746
0.000516634
0.000509494
0.00050233
0.000495147
0.000487946
0.000480733
0.000473511
0.000466284
0.000459055
0.000451828
0.000444606
0.000437392
0.000430191
0.000423005
0.000415837
0.000408691
0.00040157
0.000394476
0.000387413
0.000380384
0.000373391
0.000366438
0.000359526
0.000352658
0.000345837
0.000339065
0.000332345
0.000325678
0.000319067
0.000312514
0.000306021
0.000299589
0.000293221
0.000286919
0.000280683
0.000274516
0.000268419
0.000262393
0.00025644
0.000250561
0.000244757
0.000239028
0.000233377
0.000227804
0.00022231
0.000216895
0.000211561
0.000206307
0.000201135
0.000196044
0.000191036
0.00018611
0.000181267
0.000176507
0.00017183
0.000167236
0.000162725
0.000158297
0.000153952
0.00014969
0.00014551
0.000141412
0.000137397
0.000133462
0.000129609
0.000125836
0.000122143
0.00011853
0.000114995
0.000111539
0.00010816
0.000104858
0.000101632
9.8481e-05
9.54045e-05
9.24015e-05
8.94712e-05
8.66126e-05
8.3825e-05
8.11072e-05
7.84584e-05
7.58776e-05
7.33638e-05
7.09159e-05
6.8533e-05
6.62139e-05
6.39578e-05
6.17634e-05
5.96297e-05
5.75558e-05
5.55403e-05
5.35824e-05
5.16809e-05
4.98347e-05
4.80427e-05
4.63038e-05
4.4617e-05
4.29812e-05
4.13952e-05
3.9858e-05
3.83685e-05
3.69257e-05
3.55284e-05
3.41757e-05
3.28664e-05
3.15996e-05
3.03742e-05
2.91892e-05
2.80436e-05
2.69364e-05
2.58665e-05
2.48331e-05
2.38352e-05
2.28718e-05
2.19419e-05
2.10447e-05
2.01793e-05
1.93448e-05
1.85402e-05
1.77648e-05
1.70176e-05
1.62979e-05
1.56048e-05
1.49375e-05
1.42953e-05
1.36774e-05
1.30829e-05
1.25113e-05
1.19617e-05
1.14335e-05
1.09259e-05
1.04383e-05
9.97e-06
9.52041e-06
9.08887e-06
8.67478e-06
8.27754e-06
7.89655e-06
7.53126e-06
7.18112e-06
6.84558e-06
6.52413e-06
6.21626e-06
5.92147e-06
5.63928e-06
5.36923e-06
5.11086e-06
4.86374e-06
4.62743e-06
4.40154e-06
4.18564e-06
3.97937e-06
3.78234e-06
3.59418e-06
3.41456e-06
3.24311e-06
3.07953e-06
2.92348e-06
2.77466e-06
2.63277e-06
2.49753e-06
2.36866e-06
2.24589e-06
2.12896e-06
2.01763e-06
1.91165e-06
1.8108e-06
1.71485e-06
1.62359e-06
1.53681e-06
1.45431e-06
1.3759e-06
1.30141e-06
1.23065e-06
1.16345e-06
1.09965e-06
1.03909e-06
9.81636e-07
9.27128e-07
8.75433e-07
8.26418e-07
7.79958e-07
7.3593e-07
6.94217e-07
6.54709e-07
6.17299e-07
5.81884e-07
5.48367e-07
5.16655e-07
4.86657e-07
4.5829e-07
4.3147e-07
4.06121e-07
3.82168e-07
3.5954e-07
3.38169e-07
3.17991e-07
2.98944e-07
2.80969e-07
2.6401e-07
0.000718853
0.000718677
0.000718326
0.000717801
0.0007171
0.000716225
0.000715177
0.000713955
0.000712562
0.000710998
0.000709265
0.000707363
0.000705293
0.000703058
0.000700659
0.000698098
0.000695377
0.000692496
0.00068946
0.000686269
0.000682926
0.000679434
0.000675794
0.00067201
0.000668084
0.000664019
0.000659817
0.000655482
0.000651017
0.000646424
0.000641707
0.000636868
0.000631912
0.000626841
0.00062166
0.00061637
0.000610977
0.000605483
0.000599891
0.000594206
0.000588432
0.000582571
0.000576628
0.000570606
0.00056451
0.000558342
0.000552106
0.000545807
0.000539448
0.000533034
0.000526566
0.000520051
0.00051349
0.000506889
0.00050025
0.000493578
0.000486875
0.000480147
0.000473396
0.000466626
0.00045984
0.000453043
0.000446237
0.000439426
0.000432613
0.000425802
0.000418996
0.000412198
0.000405412
0.000398639
0.000391884
0.00038515
0.000378439
0.000371754
0.000365098
0.000358474
0.000351884
0.000345331
0.000338817
0.000332345
0.000325916
0.000319535
0.000313201
0.000306919
0.000300688
0.000294513
0.000288394
0.000282333
0.000276332
0.000270392
0.000264516
0.000258704
0.000252958
0.000247279
0.000241669
0.000236128
0.000230658
0.00022526
0.000219935
0.000214683
0.000209505
0.000204402
0.000199375
0.000194424
0.000189549
0.000184752
0.000180032
0.00017539
0.000170826
0.00016634
0.000161932
0.000157603
0.000153352
0.000149179
0.000145084
0.000141068
0.000137128
0.000133267
0.000129482
0.000125775
0.000122143
0.000118588
0.000115108
0.000111703
0.000108372
0.000105114
0.00010193
9.88182e-05
9.57779e-05
9.28084e-05
8.99091e-05
8.70791e-05
8.43176e-05
8.16237e-05
7.89966e-05
7.64354e-05
7.39392e-05
7.1507e-05
6.9138e-05
6.68311e-05
6.45854e-05
6.24e-05
6.02738e-05
5.82058e-05
5.6195e-05
5.42405e-05
5.23412e-05
5.0496e-05
4.8704e-05
4.69642e-05
4.52754e-05
4.36367e-05
4.20471e-05
4.05054e-05
3.90108e-05
3.75621e-05
3.61584e-05
3.47987e-05
3.34819e-05
3.22071e-05
3.09733e-05
2.97795e-05
2.86246e-05
2.75079e-05
2.64283e-05
2.53848e-05
2.43766e-05
2.34027e-05
2.24623e-05
2.15543e-05
2.0678e-05
1.98325e-05
1.9017e-05
1.82305e-05
1.74723e-05
1.67415e-05
1.60374e-05
1.53591e-05
1.4706e-05
1.40771e-05
1.34719e-05
1.28895e-05
1.23294e-05
1.17906e-05
1.12727e-05
1.07749e-05
1.02965e-05
9.83702e-06
9.39572e-06
8.97203e-06
8.56535e-06
8.17511e-06
7.80074e-06
7.4417e-06
7.09746e-06
6.76748e-06
6.45127e-06
6.14834e-06
5.8582e-06
5.58039e-06
5.31445e-06
5.05996e-06
4.81647e-06
4.58358e-06
4.36089e-06
4.148e-06
3.94455e-06
3.75016e-06
3.56447e-06
3.38716e-06
3.21787e-06
3.05631e-06
2.90214e-06
2.75508e-06
2.61484e-06
2.48112e-06
2.35367e-06
2.23222e-06
2.11653e-06
2.00633e-06
1.90141e-06
1.80154e-06
1.7065e-06
1.61607e-06
1.53007e-06
1.44829e-06
1.37054e-06
1.29665e-06
1.22645e-06
1.15976e-06
1.09643e-06
1.03631e-06
9.79242e-07
9.25093e-07
8.73725e-07
8.25007e-07
7.78816e-07
7.35032e-07
6.9354e-07
6.5423e-07
6.16997e-07
5.81742e-07
5.48367e-07
5.16781e-07
4.86895e-07
4.58626e-07
4.31892e-07
4.06617e-07
3.82729e-07
3.60155e-07
3.3883e-07
3.18691e-07
2.99675e-07
2.81724e-07
2.64785e-07
2.48803e-07
0.000677281
0.000677116
0.000676785
0.00067629
0.000675629
0.000674805
0.000673817
0.000672667
0.000671354
0.000669881
0.000668247
0.000666455
0.000664506
0.0006624
0.00066014
0.000657727
0.000655162
0.000652449
0.000649588
0.000646582
0.000643432
0.000640142
0.000636713
0.000633148
0.000629449
0.000625618
0.00062166
0.000617575
0.000613368
0.000609041
0.000604596
0.000600038
0.000595368
0.000590591
0.000585709
0.000580725
0.000575644
0.000570467
0.000565199
0.000559843
0.000554402
0.000548881
0.000543281
0.000537608
0.000531864
0.000526052
0.000520178
0.000514243
0.000508252
0.000502208
0.000496115
0.000489976
0.000483795
0.000477575
0.00047132
0.000465034
0.000458719
0.00045238
0.000446019
0.00043964
0.000433247
0.000426843
0.000420431
0.000414014
0.000407595
0.000401178
0.000394765
0.00038836
0.000381966
0.000375586
0.000369222
0.000362877
0.000356554
0.000350255
0.000343984
0.000337743
0.000331534
0.00032536
0.000319223
0.000313125
0.000307068
0.000301056
0.000295089
0.000289169
0.000283299
0.000277481
0.000271716
0.000266005
0.000260351
0.000254755
0.000249219
0.000243743
0.000238329
0.000232979
0.000227693
0.000222473
0.000217319
0.000212233
0.000207216
0.000202267
0.000197389
0.000192581
0.000187845
0.00018318
0.000178587
0.000174068
0.000169621
0.000165247
0.000160947
0.00015672
0.000152568
0.000148489
0.000144483
0.000140552
0.000136694
0.000132909
0.000129198
0.00012556
0.000121994
0.000118501
0.00011508
0.00011173
0.000108451
0.000105243
0.000102104
9.90355e-05
9.60354e-05
9.31035e-05
9.0239e-05
8.74412e-05
8.47096e-05
8.20432e-05
7.94414e-05
7.69033e-05
7.44282e-05
7.20151e-05
6.96632e-05
6.73717e-05
6.51397e-05
6.29662e-05
6.08504e-05
5.87913e-05
5.67881e-05
5.48397e-05
5.29452e-05
5.11037e-05
4.93143e-05
4.75758e-05
4.58875e-05
4.42482e-05
4.26571e-05
4.11132e-05
3.96154e-05
3.8163e-05
3.67548e-05
3.53899e-05
3.40674e-05
3.27863e-05
3.15457e-05
3.03446e-05
2.91821e-05
2.80573e-05
2.69693e-05
2.59171e-05
2.48999e-05
2.39168e-05
2.29669e-05
2.20493e-05
2.11632e-05
2.03078e-05
1.94822e-05
1.86856e-05
1.79172e-05
1.71762e-05
1.64618e-05
1.57733e-05
1.51099e-05
1.44709e-05
1.38555e-05
1.3263e-05
1.26928e-05
1.21441e-05
1.16163e-05
1.11088e-05
1.06208e-05
1.01518e-05
9.70107e-06
9.26814e-06
8.85236e-06
8.45317e-06
8.07001e-06
7.70234e-06
7.34962e-06
7.01135e-06
6.68701e-06
6.37611e-06
6.07819e-06
5.79278e-06
5.51941e-06
5.25767e-06
5.00711e-06
4.76733e-06
4.53793e-06
4.31851e-06
4.1087e-06
3.90812e-06
3.71643e-06
3.53328e-06
3.35834e-06
3.19127e-06
3.03178e-06
2.87956e-06
2.73431e-06
2.59575e-06
2.46362e-06
2.33764e-06
2.21756e-06
2.10313e-06
1.99413e-06
1.89031e-06
1.79145e-06
1.69736e-06
1.60781e-06
1.52262e-06
1.44158e-06
1.36453e-06
1.29128e-06
1.22167e-06
1.15552e-06
1.09269e-06
1.03302e-06
9.76378e-07
9.22612e-07
8.71594e-07
8.23197e-07
7.77297e-07
7.33777e-07
6.92524e-07
6.53432e-07
6.16395e-07
5.81316e-07
5.48099e-07
5.16655e-07
4.86895e-07
4.58738e-07
4.32103e-07
4.06915e-07
3.83102e-07
3.60595e-07
3.39327e-07
3.19236e-07
3.0026e-07
2.82344e-07
2.65432e-07
2.49472e-07
2.34415e-07
0.000637958
0.000637802
0.00063749
0.000637024
0.000636402
0.000635626
0.000634695
0.000633611
0.000632375
0.000630987
0.000629449
0.00062776
0.000625924
0.00062394
0.000621812
0.000619539
0.000617123
0.000614567
0.000611872
0.000609041
0.000606074
0.000602975
0.000599745
0.000596387
0.000592902
0.000589295
0.000585566
0.000581718
0.000577755
0.000573679
0.000569493
0.000565199
0.000560801
0.000556301
0.000551702
0.000547008
0.000542221
0.000537345
0.000532383
0.000527338
0.000522213
0.000517012
0.000511738
0.000506394
0.000500983
0.000495509
0.000489976
0.000484386
0.000478742
0.000473049
0.00046731
0.000461527
0.000455705
0.000449847
0.000443955
0.000438033
0.000432085
0.000426114
0.000420123
0.000414115
0.000408093
0.00040206
0.00039602
0.000389976
0.00038393
0.000377885
0.000371845
0.000365812
0.000359789
0.000353779
0.000347784
0.000341808
0.000335852
0.000329919
0.000324012
0.000318133
0.000312285
0.000306469
0.000300688
0.000294945
0.00028924
0.000283576
0.000277956
0.00027238
0.000266851
0.00026137
0.00025594
0.000250561
0.000245235
0.000239964
0.000234749
0.000229591
0.000224492
0.000219452
0.000214473
0.000209556
0.000204702
0.000199911
0.000195185
0.000190524
0.000185928
0.0001814
0.000176938
0.000172544
0.000168219
0.000163961
0.000159772
0.000155653
0.000151602
0.000147621
0.000143709
0.000139867
0.000136095
0.000132391
0.000128757
0.000125193
0.000121697
0.00011827
0.000114911
0.000111621
0.000108398
0.000105243
0.000102154
9.91323e-05
9.61762e-05
9.32855e-05
9.04595e-05
8.76978e-05
8.49996e-05
8.23643e-05
7.97913e-05
7.72797e-05
7.4829e-05
7.24383e-05
7.01068e-05
6.78338e-05
6.56185e-05
6.346e-05
6.13576e-05
5.93103e-05
5.73174e-05
5.53779e-05
5.34909e-05
5.16557e-05
4.98712e-05
4.81366e-05
4.6451e-05
4.48135e-05
4.32232e-05
4.16791e-05
4.01804e-05
3.87261e-05
3.73153e-05
3.59472e-05
3.46208e-05
3.33351e-05
3.20894e-05
3.08827e-05
2.97141e-05
2.85827e-05
2.74878e-05
2.64283e-05
2.54034e-05
2.44123e-05
2.34542e-05
2.25282e-05
2.16334e-05
2.07691e-05
1.99345e-05
1.91287e-05
1.83511e-05
1.76007e-05
1.68769e-05
1.6179e-05
1.55061e-05
1.48575e-05
1.42326e-05
1.36307e-05
1.3051e-05
1.2493e-05
1.19559e-05
1.1439e-05
1.09419e-05
1.04638e-05
1.00041e-05
9.56234e-06
9.13782e-06
8.73002e-06
8.33838e-06
7.96237e-06
7.60146e-06
7.25513e-06
6.9229e-06
6.60426e-06
6.29875e-06
6.00591e-06
5.72529e-06
5.45644e-06
5.19895e-06
4.95241e-06
4.7164e-06
4.49054e-06
4.27445e-06
4.06777e-06
3.87014e-06
3.68121e-06
3.50065e-06
3.32814e-06
3.16335e-06
3.00599e-06
2.85575e-06
2.71237e-06
2.57555e-06
2.44504e-06
2.32058e-06
2.20191e-06
2.0888e-06
1.98102e-06
1.87834e-06
1.78055e-06
1.68744e-06
1.59881e-06
1.51446e-06
1.43421e-06
1.35788e-06
1.28531e-06
1.21631e-06
1.15073e-06
1.08843e-06
1.02925e-06
9.73046e-07
9.19688e-07
8.69044e-07
8.20989e-07
7.75401e-07
7.32166e-07
6.91173e-07
6.52316e-07
6.15493e-07
5.80607e-07
5.47564e-07
5.16276e-07
4.86657e-07
4.58626e-07
4.32103e-07
4.07015e-07
3.8329e-07
3.60859e-07
3.39659e-07
3.19626e-07
3.00701e-07
2.82827e-07
2.65951e-07
2.50021e-07
2.34988e-07
2.20804e-07
0.000600771
0.000600624
0.000600331
0.000599891
0.000599306
0.000598575
0.000597698
0.000596678
0.000595514
0.000594206
0.000592758
0.000591168
0.000589438
0.000587571
0.000585566
0.000583425
0.000581151
0.000578744
0.000576206
0.000573539
0.000570746
0.000567827
0.000564785
0.000561623
0.000558342
0.000554944
0.000551433
0.00054781
0.000544078
0.000540239
0.000536297
0.000532253
0.000528111
0.000523874
0.000519543
0.000515122
0.000510615
0.000506023
0.00050135
0.000496599
0.000491773
0.000486875
0.000481908
0.000476876
0.000471781
0.000466626
0.000461415
0.00045615
0.000450836
0.000445475
0.00044007
0.000434625
0.000429142
0.000423625
0.000418076
0.0004125
0.000406899
0.000401276
0.000395634
0.000389976
0.000384305
0.000378624
0.000372936
0.000367244
0.00036155
0.000355858
0.00035017
0.000344489
0.000338817
0.000333157
0.000327512
0.000321884
0.000316275
0.000310688
0.000305125
0.000299589
0.000294082
0.000288605
0.000283161
0.000277752
0.00027238
0.000267046
0.000261753
0.000256503
0.000251296
0.000246135
0.000241021
0.000235955
0.00023094
0.000225976
0.000221065
0.000216208
0.000211406
0.00020666
0.000201971
0.000197341
0.000192769
0.000188258
0.000183807
0.000179418
0.000175091
0.000170826
0.000166624
0.000162487
0.000158413
0.000154404
0.000150459
0.00014658
0.000142765
0.000139016
0.000135332
0.000131714
0.000128162
0.000124674
0.000121252
0.000117895
0.000114603
0.000111376
0.000108213
0.000105114
0.00010208
9.91081e-05
9.61997e-05
9.33538e-05
9.057e-05
8.78478e-05
8.51866e-05
8.25858e-05
8.00449e-05
7.75633e-05
7.51402e-05
7.27751e-05
7.04672e-05
6.82158e-05
6.60202e-05
6.38797e-05
6.17936e-05
5.97609e-05
5.7781e-05
5.58531e-05
5.39763e-05
5.21499e-05
5.03729e-05
4.86446e-05
4.69642e-05
4.53307e-05
4.37434e-05
4.22013e-05
4.07037e-05
3.92496e-05
3.78383e-05
3.64687e-05
3.51402e-05
3.38518e-05
3.26027e-05
3.1392e-05
3.02189e-05
2.90825e-05
2.7982e-05
2.69166e-05
2.58855e-05
2.48877e-05
2.39226e-05
2.29893e-05
2.2087e-05
2.1215e-05
2.03724e-05
1.95585e-05
1.87725e-05
1.80137e-05
1.72814e-05
1.65748e-05
1.58932e-05
1.52359e-05
1.46022e-05
1.39915e-05
1.3403e-05
1.28362e-05
1.22903e-05
1.17647e-05
1.12589e-05
1.07722e-05
1.03041e-05
9.85384e-06
9.42099e-06
9.00494e-06
8.60517e-06
8.22114e-06
7.85233e-06
7.49824e-06
7.15836e-06
6.83223e-06
6.51936e-06
6.21929e-06
5.9316e-06
5.65582e-06
5.39156e-06
5.13838e-06
4.8959e-06
4.66373e-06
4.44148e-06
4.22878e-06
4.02529e-06
3.83066e-06
3.64455e-06
3.46663e-06
3.2966e-06
3.13414e-06
2.97896e-06
2.83077e-06
2.68929e-06
2.55426e-06
2.42542e-06
2.30252e-06
2.18531e-06
2.07356e-06
1.96705e-06
1.86555e-06
1.76885e-06
1.67676e-06
1.58908e-06
1.50561e-06
1.42618e-06
1.35061e-06
1.27873e-06
1.21038e-06
1.14541e-06
1.08366e-06
1.02499e-06
9.69252e-07
9.16327e-07
8.66079e-07
8.18387e-07
7.73133e-07
7.30203e-07
6.89488e-07
6.50884e-07
6.14292e-07
5.79616e-07
5.46763e-07
5.15647e-07
4.86182e-07
4.5829e-07
4.31892e-07
4.06915e-07
3.8329e-07
3.60947e-07
3.39825e-07
3.1986e-07
3.00994e-07
2.83173e-07
2.66341e-07
2.50449e-07
2.35447e-07
2.2129e-07
2.07934e-07
0.000565613
0.000565475
0.000565199
0.000564785
0.000564234
0.000563546
0.000562721
0.00056176
0.000560664
0.000559433
0.000558069
0.000556572
0.000554944
0.000553186
0.000551298
0.000549283
0.000547141
0.000544875
0.000542486
0.000539975
0.000537345
0.000534597
0.000531734
0.000528756
0.000525667
0.000522469
0.000519163
0.000515752
0.000512238
0.000508624
0.000504912
0.000501106
0.000497206
0.000493216
0.000489139
0.000484977
0.000480733
0.00047641
0.000472011
0.000467538
0.000462994
0.000458383
0.000453707
0.000448969
0.000444172
0.000439319
0.000434412
0.000429456
0.000424453
0.000419405
0.000414317
0.00040919
0.000404028
0.000398834
0.00039361
0.00038836
0.000383087
0.000377793
0.000372481
0.000367154
0.000361815
0.000356467
0.000351111
0.000345752
0.000340392
0.000335033
0.000329678
0.000324329
0.000318989
0.00031366
0.000308346
0.000303047
0.000297766
0.000292506
0.000287269
0.000282057
0.000276872
0.000271716
0.00026659
0.000261498
0.00025644
0.000251419
0.000246435
0.000241492
0.00023659
0.000231731
0.000226916
0.000222147
0.000217425
0.000212752
0.000208128
0.000203555
0.000199034
0.000194566
0.000190152
0.000185792
0.000181488
0.000177241
0.000173051
0.000168918
0.000164844
0.000160829
0.000156874
0.000152978
0.000149143
0.000145368
0.000141654
0.000138002
0.000134411
0.000130881
0.000127413
0.000124006
0.000120661
0.000117378
0.000114156
0.000110996
0.000107896
0.000104858
0.00010188
9.8963e-05
9.61058e-05
9.33082e-05
9.057e-05
8.78907e-05
8.52698e-05
8.27069e-05
8.02014e-05
7.77529e-05
7.53607e-05
7.30242e-05
7.0743e-05
6.85162e-05
6.63434e-05
6.42238e-05
6.21567e-05
6.01415e-05
5.81774e-05
5.62637e-05
5.43997e-05
5.25845e-05
5.08176e-05
4.9098e-05
4.74251e-05
4.57979e-05
4.42158e-05
4.26779e-05
4.11835e-05
3.97317e-05
3.83217e-05
3.69527e-05
3.56239e-05
3.43346e-05
3.30838e-05
3.18708e-05
3.06948e-05
2.95549e-05
2.84505e-05
2.73806e-05
2.63445e-05
2.53415e-05
2.43706e-05
2.34313e-05
2.25227e-05
2.1644e-05
2.07945e-05
1.99735e-05
1.91802e-05
1.84139e-05
1.76739e-05
1.69595e-05
1.62701e-05
1.56048e-05
1.49631e-05
1.43443e-05
1.37477e-05
1.31727e-05
1.26187e-05
1.2085e-05
1.1571e-05
1.10763e-05
1.06001e-05
1.01418e-05
9.70107e-06
9.27719e-06
8.86966e-06
8.47797e-06
8.10159e-06
7.74004e-06
7.39281e-06
7.05944e-06
6.73945e-06
6.4324e-06
6.13784e-06
5.85534e-06
5.58448e-06
5.32484e-06
5.07604e-06
4.83768e-06
4.60939e-06
4.3908e-06
4.18156e-06
3.98131e-06
3.78973e-06
3.60649e-06
3.43127e-06
3.26376e-06
3.10368e-06
2.95073e-06
2.80462e-06
2.66511e-06
2.53191e-06
2.40479e-06
2.28349e-06
2.16778e-06
2.05743e-06
1.95222e-06
1.85193e-06
1.75638e-06
1.66534e-06
1.57864e-06
1.49609e-06
1.4175e-06
1.34272e-06
1.27157e-06
1.2039e-06
1.13955e-06
1.07838e-06
1.02024e-06
9.65002e-07
9.12531e-07
8.62703e-07
8.15396e-07
7.70495e-07
7.27889e-07
6.87471e-07
6.49139e-07
6.12794e-07
5.78343e-07
5.45696e-07
5.14766e-07
4.85471e-07
4.57731e-07
4.3147e-07
4.06617e-07
3.83102e-07
3.60859e-07
3.39825e-07
3.19938e-07
3.01141e-07
2.8338e-07
2.66601e-07
2.50754e-07
2.35792e-07
2.21669e-07
2.0834e-07
1.95765e-07
0.000532383
0.000532253
0.000531993
0.000531604
0.000531085
0.000530437
0.000529661
0.000528756
0.000527725
0.000526566
0.000525282
0.000523874
0.000522341
0.000520686
0.000518909
0.000517012
0.000514997
0.000512864
0.000510615
0.000508252
0.000505776
0.00050319
0.000500494
0.000497692
0.000494784
0.000491773
0.000488662
0.000485451
0.000482144
0.000478742
0.000475249
0.000471665
0.000467995
0.00046424
0.000460402
0.000456485
0.00045249
0.000448421
0.00044428
0.00044007
0.000435793
0.000431453
0.000427051
0.000422592
0.000418076
0.000413508
0.000408891
0.000404226
0.000399516
0.000394765
0.000389976
0.00038515
0.000380291
0.000375402
0.000370486
0.000365544
0.00036058
0.000355597
0.000350598
0.000345584
0.000340558
0.000335524
0.000330484
0.000325439
0.000320394
0.00031535
0.000310309
0.000305274
0.000300248
0.000295233
0.00029023
0.000285243
0.000280272
0.000275322
0.000270392
0.000265486
0.000260606
0.000255752
0.000250928
0.000246135
0.000241374
0.000236648
0.000231957
0.000227304
0.00022269
0.000218117
0.000213585
0.000209096
0.000204652
0.000200253
0.000195901
0.000191596
0.000187341
0.000183135
0.00017898
0.000174877
0.000170826
0.000166828
0.000162884
0.000158994
0.000155159
0.00015138
0.000147657
0.00014399
0.00014038
0.000136827
0.000133332
0.000129894
0.000126514
0.000123192
0.000119927
0.000116721
0.000113573
0.000110482
0.00010745
0.000104475
0.000101558
9.86976e-05
9.58948e-05
9.31489e-05
9.04595e-05
8.78264e-05
8.5249e-05
8.27271e-05
8.02602e-05
7.78478e-05
7.54896e-05
7.31849e-05
7.09332e-05
6.8734e-05
6.65868e-05
6.44909e-05
6.24457e-05
6.04506e-05
5.8505e-05
5.66081e-05
5.47594e-05
5.29582e-05
5.12037e-05
4.94952e-05
4.7832e-05
4.62135e-05
4.46388e-05
4.31073e-05
4.16181e-05
4.01706e-05
3.87639e-05
3.73974e-05
3.60703e-05
3.47817e-05
3.3531e-05
3.23174e-05
3.11401e-05
2.99984e-05
2.88914e-05
2.78186e-05
2.6779e-05
2.5772e-05
2.47968e-05
2.38526e-05
2.29389e-05
2.20547e-05
2.11994e-05
2.03724e-05
1.95728e-05
1.88e-05
1.80533e-05
1.73321e-05
1.66356e-05
1.59632e-05
1.53142e-05
1.4688e-05
1.4084e-05
1.35015e-05
1.294e-05
1.23988e-05
1.18773e-05
1.1375e-05
1.08912e-05
1.04255e-05
9.9773e-06
9.54601e-06
9.13113e-06
8.73215e-06
8.34857e-06
7.97989e-06
7.62562e-06
7.28531e-06
6.95848e-06
6.64469e-06
6.34351e-06
6.0545e-06
5.77724e-06
5.51134e-06
5.25639e-06
5.01201e-06
4.77782e-06
4.55347e-06
4.33859e-06
4.13284e-06
3.93589e-06
3.74741e-06
3.56708e-06
3.39461e-06
3.22968e-06
3.07202e-06
2.92134e-06
2.77737e-06
2.63985e-06
2.50853e-06
2.38316e-06
2.2635e-06
2.14933e-06
2.04042e-06
1.93655e-06
1.83752e-06
1.74313e-06
1.65319e-06
1.5675e-06
1.48589e-06
1.40819e-06
1.33422e-06
1.26383e-06
1.19687e-06
1.13317e-06
1.0726e-06
1.01502e-06
9.60302e-07
9.08308e-07
8.5892e-07
8.12019e-07
7.67491e-07
7.25228e-07
6.85125e-07
6.47082e-07
6.11001e-07
5.76792e-07
5.44365e-07
5.13636e-07
4.84523e-07
4.56949e-07
4.30839e-07
4.06121e-07
3.82729e-07
3.60595e-07
3.39659e-07
3.1986e-07
3.01141e-07
2.83449e-07
2.66731e-07
2.50938e-07
2.36023e-07
2.21939e-07
2.08645e-07
1.961e-07
1.84264e-07
0.000500983
0.000500861
0.000500616
0.00050025
0.000499762
0.000499152
0.000498421
0.00049757
0.000496599
0.000495509
0.000494301
0.000492975
0.000491533
0.000489976
0.000488304
0.000486519
0.000484622
0.000482615
0.000480499
0.000478275
0.000475945
0.000473511
0.000470975
0.000468338
0.000465602
0.000462768
0.00045984
0.000456819
0.000453707
0.000450506
0.000447218
0.000443847
0.000440392
0.000436859
0.000433247
0.000429561
0.000425802
0.000421973
0.000418076
0.000414115
0.00041009
0.000406006
0.000401864
0.000397667
0.000393418
0.00038912
0.000384774
0.000380384
0.000375953
0.000371482
0.000366975
0.000362434
0.000357862
0.000353261
0.000348634
0.000343984
0.000339313
0.000334624
0.000329919
0.000325201
0.000320472
0.000315735
0.000310992
0.000306245
0.000301497
0.00029675
0.000292007
0.000287269
0.00028254
0.00027782
0.000273112
0.000268419
0.000263742
0.000259083
0.000254444
0.000249828
0.000245235
0.000240668
0.000236128
0.000231618
0.000227138
0.00022269
0.000218276
0.000213898
0.000209556
0.000205252
0.000200987
0.000196763
0.000192581
0.000188442
0.000184346
0.000180296
0.000176292
0.000172334
0.000168424
0.000164563
0.000160751
0.000156988
0.000153277
0.000149617
0.000146008
0.000142452
0.000138948
0.000135498
0.000132101
0.000128757
0.000125468
0.000122233
0.000119052
0.000115926
0.000112854
0.000109837
0.000106874
0.000103966
0.000101112
9.83128e-05
9.55676e-05
9.28764e-05
9.0239e-05
8.7655e-05
8.51242e-05
8.26463e-05
8.0221e-05
7.78478e-05
7.55264e-05
7.32564e-05
7.10372e-05
6.88684e-05
6.67496e-05
6.46801e-05
6.26595e-05
6.06872e-05
5.87626e-05
5.68852e-05
5.50543e-05
5.32694e-05
5.15297e-05
4.98347e-05
4.81837e-05
4.65759e-05
4.50109e-05
4.34878e-05
4.2006e-05
4.05648e-05
3.91635e-05
3.78013e-05
3.64776e-05
3.51917e-05
3.39428e-05
3.27303e-05
3.15534e-05
3.04113e-05
2.93035e-05
2.82291e-05
2.71874e-05
2.61778e-05
2.51996e-05
2.42519e-05
2.33342e-05
2.24458e-05
2.15859e-05
2.07539e-05
1.99491e-05
1.91708e-05
1.84184e-05
1.76912e-05
1.69885e-05
1.63098e-05
1.56544e-05
1.50216e-05
1.4411e-05
1.38217e-05
1.32533e-05
1.27052e-05
1.21768e-05
1.16675e-05
1.11768e-05
1.07041e-05
1.02489e-05
9.81064e-06
9.38884e-06
8.98299e-06
8.59258e-06
8.21713e-06
7.85617e-06
7.50923e-06
7.17586e-06
6.85562e-06
6.54807e-06
6.25279e-06
5.96937e-06
5.6974e-06
5.4365e-06
5.18628e-06
4.94636e-06
4.7164e-06
4.49602e-06
4.2849e-06
4.0827e-06
3.88909e-06
3.70375e-06
3.52639e-06
3.3567e-06
3.19439e-06
3.03919e-06
2.89083e-06
2.74904e-06
2.61356e-06
2.48415e-06
2.36058e-06
2.2426e-06
2.13e-06
2.02256e-06
1.92007e-06
1.82233e-06
1.72915e-06
1.64032e-06
1.55568e-06
1.47505e-06
1.39825e-06
1.32513e-06
1.25553e-06
1.18929e-06
1.12628e-06
1.06634e-06
1.00934e-06
9.55158e-07
9.03663e-07
8.54736e-07
8.08261e-07
7.64126e-07
7.22224e-07
6.82454e-07
6.44716e-07
6.08917e-07
5.74965e-07
5.42773e-07
5.12259e-07
4.83342e-07
4.55946e-07
4.29998e-07
4.05428e-07
3.82168e-07
3.60155e-07
3.39327e-07
3.19626e-07
3.00994e-07
2.8338e-07
2.66731e-07
2.50999e-07
2.36138e-07
2.22102e-07
2.08849e-07
1.9634e-07
1.84534e-07
1.73396e-07
0.00047132
0.000471205
0.000470975
0.00047063
0.000470171
0.000469597
0.00046891
0.000468109
0.000467196
0.00046617
0.000465034
0.000463786
0.00046243
0.000460964
0.000459391
0.000457712
0.000455928
0.000454039
0.000452048
0.000449956
0.000447765
0.000445475
0.000443089
0.000440608
0.000438033
0.000435368
0.000432613
0.000429771
0.000426843
0.000423832
0.000420739
0.000417566
0.000414317
0.000410992
0.000407595
0.000404127
0.000400591
0.000396988
0.000393322
0.000389595
0.000385809
0.000381966
0.00037807
0.000374121
0.000370124
0.00036608
0.000361992
0.000357862
0.000353693
0.000349487
0.000345246
0.000340974
0.000336673
0.000332345
0.000327992
0.000323617
0.000319223
0.000314811
0.000310385
0.000305946
0.000301497
0.00029704
0.000292578
0.000288112
0.000283645
0.00027918
0.000274717
0.00027026
0.00026581
0.00026137
0.000256941
0.000252526
0.000248126
0.000243743
0.000239379
0.000235036
0.000230715
0.000226418
0.000222147
0.000217904
0.000213689
0.000209505
0.000205352
0.000201233
0.000197148
0.000193099
0.000189087
0.000185113
0.000181178
0.000177284
0.000173431
0.000169621
0.000165853
0.00016213
0.000158452
0.000154819
0.000151233
0.000147693
0.000144201
0.000140758
0.000137363
0.000134017
0.000130721
0.000127475
0.000124279
0.000121134
0.000118039
0.000114995
0.000112003
0.000109062
0.000106172
0.000103333
0.000100546
9.78101e-05
9.51254e-05
9.24917e-05
8.99091e-05
8.73772e-05
8.48959e-05
8.24649e-05
8.0084e-05
7.77529e-05
7.54711e-05
7.32385e-05
7.10545e-05
6.89189e-05
6.68311e-05
6.47907e-05
6.27973e-05
6.08504e-05
5.89494e-05
5.70939e-05
5.52833e-05
5.35171e-05
5.17946e-05
5.01153e-05
4.84786e-05
4.6884e-05
4.53307e-05
4.38182e-05
4.23458e-05
4.09129e-05
3.95188e-05
3.8163e-05
3.68446e-05
3.55631e-05
3.43178e-05
3.3108e-05
3.19331e-05
3.07923e-05
2.96851e-05
2.86107e-05
2.75684e-05
2.65576e-05
2.55777e-05
2.46278e-05
2.37075e-05
2.2816e-05
2.19526e-05
2.11168e-05
2.03078e-05
1.95251e-05
1.87679e-05
1.80357e-05
1.73278e-05
1.66437e-05
1.59827e-05
1.53441e-05
1.47275e-05
1.41322e-05
1.35577e-05
1.30033e-05
1.24686e-05
1.19529e-05
1.14558e-05
1.09767e-05
1.0515e-05
1.00703e-05
9.64204e-06
9.22975e-06
8.83293e-06
8.4511e-06
8.08381e-06
7.7306e-06
7.39101e-06
7.06461e-06
6.75098e-06
6.4497e-06
6.16036e-06
5.88256e-06
5.61592e-06
5.36006e-06
5.1146e-06
4.8792e-06
4.65349e-06
4.43714e-06
4.22982e-06
4.03119e-06
3.84096e-06
3.65881e-06
3.48445e-06
3.31759e-06
3.15795e-06
3.00525e-06
2.85924e-06
2.71966e-06
2.58627e-06
2.45881e-06
2.33707e-06
2.22081e-06
2.10982e-06
2.00389e-06
1.90281e-06
1.80639e-06
1.71443e-06
1.62676e-06
1.5432e-06
1.46357e-06
1.38771e-06
1.31546e-06
1.24667e-06
1.18119e-06
1.11888e-06
1.05959e-06
1.0032e-06
9.49578e-07
8.98603e-07
8.50157e-07
8.04127e-07
7.60404e-07
7.18882e-07
6.79461e-07
6.42046e-07
6.06543e-07
5.72863e-07
5.40921e-07
5.10635e-07
4.81928e-07
4.54723e-07
4.2895e-07
4.04538e-07
3.81423e-07
3.5954e-07
3.3883e-07
3.19236e-07
3.00701e-07
2.83173e-07
2.66601e-07
2.50938e-07
2.36138e-07
2.22156e-07
2.08951e-07
1.96483e-07
1.84714e-07
1.73608e-07
1.63129e-07
0.000443305
0.000443197
0.00044298
0.000442656
0.000442224
0.000441685
0.000441038
0.000440285
0.000439426
0.000438461
0.000437392
0.000436219
0.000434943
0.000433565
0.000432085
0.000430506
0.000428828
0.000427051
0.000425179
0.000423211
0.00042115
0.000418996
0.000416752
0.000414418
0.000411997
0.00040949
0.000406899
0.000404226
0.000401472
0.000398639
0.00039573
0.000392747
0.00038969
0.000386563
0.000383368
0.000380106
0.00037678
0.000373391
0.000369943
0.000366438
0.000362877
0.000359262
0.000355597
0.000351884
0.000348124
0.00034432
0.000340475
0.000336591
0.000332669
0.000328713
0.000324725
0.000320707
0.000316661
0.00031259
0.000308496
0.000304381
0.000300248
0.000296099
0.000291936
0.000287761
0.000283576
0.000279384
0.000275187
0.000270987
0.000266786
0.000262585
0.000258388
0.000254196
0.000250011
0.000245834
0.000241669
0.000237516
0.000233377
0.000229255
0.00022515
0.000221065
0.000217001
0.00021296
0.000208943
0.000204952
0.000200987
0.000197052
0.000193146
0.000189272
0.00018543
0.000181621
0.000177848
0.00017411
0.000170409
0.000166747
0.000163123
0.000159539
0.000155995
0.000152493
0.000149033
0.000145617
0.000142243
0.000138914
0.00013563
0.000132391
0.000129198
0.000126051
0.000122951
0.000119898
0.000116892
0.000113934
0.000111023
0.00010816
0.000105346
0.000102579
9.9861e-05
9.71912e-05
9.45696e-05
9.19963e-05
8.94712e-05
8.69941e-05
8.45649e-05
8.21836e-05
7.98498e-05
7.75633e-05
7.53239e-05
7.31313e-05
7.09852e-05
6.88852e-05
6.68311e-05
6.48224e-05
6.28587e-05
6.09396e-05
5.90647e-05
5.72335e-05
5.54455e-05
5.37003e-05
5.19973e-05
5.0336e-05
4.87159e-05
4.71365e-05
4.55971e-05
4.40972e-05
4.26363e-05
4.12137e-05
3.98288e-05
3.84811e-05
3.71699e-05
3.58946e-05
3.46546e-05
3.34493e-05
3.2278e-05
3.11401e-05
3.0035e-05
2.89621e-05
2.79206e-05
2.69101e-05
2.59297e-05
2.4979e-05
2.40573e-05
2.3164e-05
2.22983e-05
2.14598e-05
2.06478e-05
1.98616e-05
1.91007e-05
1.83645e-05
1.76524e-05
1.69637e-05
1.62979e-05
1.56544e-05
1.50327e-05
1.44321e-05
1.38521e-05
1.32922e-05
1.27518e-05
1.22304e-05
1.17275e-05
1.12425e-05
1.07749e-05
1.03242e-05
9.89e-06
9.47172e-06
9.06893e-06
8.68114e-06
8.3079e-06
7.94878e-06
7.60331e-06
7.27109e-06
6.95169e-06
6.64469e-06
6.34971e-06
6.06633e-06
5.79419e-06
5.53291e-06
5.28211e-06
5.04146e-06
4.81059e-06
4.58918e-06
4.37689e-06
4.1734e-06
3.9784e-06
3.79158e-06
3.61266e-06
3.44134e-06
3.27734e-06
3.12039e-06
2.97024e-06
2.82662e-06
2.68929e-06
2.55801e-06
2.43254e-06
2.31266e-06
2.19815e-06
2.0888e-06
1.98441e-06
1.88478e-06
1.78971e-06
1.69902e-06
1.61253e-06
1.53007e-06
1.45147e-06
1.37658e-06
1.30523e-06
1.23727e-06
1.17257e-06
1.11098e-06
1.05237e-06
9.96608e-07
9.43569e-07
8.93135e-07
8.45191e-07
7.99625e-07
7.5633e-07
7.15206e-07
6.76152e-07
6.39075e-07
6.03883e-07
5.7049e-07
5.38812e-07
5.08769e-07
4.80284e-07
4.53282e-07
4.27695e-07
4.03453e-07
3.80493e-07
3.58751e-07
3.38169e-07
3.18691e-07
3.0026e-07
2.82827e-07
2.66341e-07
2.50754e-07
2.36023e-07
2.22102e-07
2.08951e-07
1.96531e-07
1.84805e-07
1.73735e-07
1.63289e-07
1.53433e-07
0.000416853
0.000416752
0.000416548
0.000416243
0.000415837
0.00041533
0.000414722
0.000414014
0.000413206
0.000412299
0.000411293
0.00041019
0.00040899
0.000407694
0.000406303
0.000404818
0.00040324
0.00040157
0.000399809
0.000397959
0.00039602
0.000393995
0.000391884
0.00038969
0.000387413
0.000385056
0.00038262
0.000380106
0.000377516
0.000374853
0.000372117
0.000369312
0.000366438
0.000363497
0.000360492
0.000357425
0.000354298
0.000351111
0.000347869
0.000344573
0.000341224
0.000337826
0.000334379
0.000330887
0.000327352
0.000323775
0.000320159
0.000316507
0.000312819
0.000309099
0.000305349
0.000301571
0.000297766
0.000293938
0.000290088
0.000286219
0.000282333
0.000278431
0.000274516
0.00027059
0.000266655
0.000262714
0.000258767
0.000254817
0.000250867
0.000246917
0.00024297
0.000239028
0.000235093
0.000231166
0.000227249
0.000223344
0.000219452
0.000215575
0.000211716
0.000207874
0.000204053
0.000200253
0.000196475
0.000192722
0.000188995
0.000185294
0.000181621
0.000177978
0.000174365
0.000170784
0.000167236
0.000163721
0.000160241
0.000156797
0.000153389
0.000150019
0.000146687
0.000143394
0.000140141
0.000136928
0.000133756
0.000130625
0.000127537
0.000124492
0.000121489
0.00011853
0.000115615
0.000112744
0.000109917
0.000107135
0.000104398
0.000101706
9.90597e-05
9.64584e-05
9.39024e-05
9.13919e-05
8.89267e-05
8.6507e-05
8.41325e-05
8.18032e-05
7.9519e-05
7.72797e-05
7.50852e-05
7.29351e-05
7.08294e-05
6.87676e-05
6.67496e-05
6.47749e-05
6.28433e-05
6.09545e-05
5.9108e-05
5.73034e-05
5.55403e-05
5.38184e-05
5.21371e-05
5.0496e-05
4.88947e-05
4.73325e-05
4.58091e-05
4.43239e-05
4.28764e-05
4.1466e-05
4.00922e-05
3.87545e-05
3.74522e-05
3.61849e-05
3.4952e-05
3.37528e-05
3.25868e-05
3.14534e-05
3.0352e-05
2.9282e-05
2.82428e-05
2.72339e-05
2.62546e-05
2.53044e-05
2.43825e-05
2.34886e-05
2.26219e-05
2.17818e-05
2.09678e-05
2.01793e-05
1.94157e-05
1.86765e-05
1.7961e-05
1.72687e-05
1.65991e-05
1.59515e-05
1.53254e-05
1.47203e-05
1.41357e-05
1.35709e-05
1.30256e-05
1.24991e-05
1.19909e-05
1.15006e-05
1.10277e-05
1.05716e-05
1.01319e-05
9.70818e-06
9.29987e-06
8.90655e-06
8.52779e-06
8.16314e-06
7.81218e-06
7.47448e-06
7.14963e-06
6.83723e-06
6.53689e-06
6.24821e-06
5.97082e-06
5.70436e-06
5.44846e-06
5.20276e-06
4.96694e-06
4.74064e-06
4.52355e-06
4.31535e-06
4.11572e-06
3.92438e-06
3.74101e-06
3.56534e-06
3.39709e-06
3.23599e-06
3.08178e-06
2.9342e-06
2.79301e-06
2.65796e-06
2.52882e-06
2.40537e-06
2.28739e-06
2.17467e-06
2.06699e-06
1.96417e-06
1.866e-06
1.77231e-06
1.68292e-06
1.59764e-06
1.51631e-06
1.43877e-06
1.36486e-06
1.29444e-06
1.22735e-06
1.16345e-06
1.10261e-06
1.04469e-06
9.89576e-07
9.37141e-07
8.87267e-07
8.39843e-07
7.94759e-07
7.51912e-07
7.11201e-07
6.7253e-07
6.35806e-07
6.00942e-07
5.6785e-07
5.36449e-07
5.06662e-07
4.78411e-07
4.51625e-07
4.26235e-07
4.02175e-07
3.79379e-07
3.57789e-07
3.37345e-07
3.17991e-07
2.99675e-07
2.82344e-07
2.65951e-07
2.50449e-07
2.35792e-07
2.21939e-07
2.08849e-07
1.96483e-07
1.84805e-07
1.73777e-07
1.63368e-07
1.53545e-07
1.44278e-07
0.000391884
0.000391789
0.000391598
0.000391311
0.000390929
0.000390452
0.00038988
0.000389215
0.000388455
0.000387603
0.000386658
0.000385621
0.000384492
0.000383274
0.000381966
0.00038057
0.000379086
0.000377516
0.000375861
0.000374121
0.000372299
0.000370395
0.000368411
0.000366348
0.000364208
0.000361992
0.000359701
0.000357338
0.000354904
0.0003524
0.000349828
0.00034719
0.000344489
0.000341724
0.000338899
0.000336016
0.000333076
0.00033008
0.000327032
0.000323933
0.000320785
0.00031759
0.00031435
0.000311068
0.000307744
0.000304381
0.000300982
0.000297548
0.000294082
0.000290585
0.000287059
0.000283507
0.00027993
0.000276332
0.000272713
0.000269075
0.000265421
0.000261753
0.000258073
0.000254382
0.000250683
0.000246977
0.000243267
0.000239554
0.00023584
0.000232127
0.000228417
0.000224711
0.000221011
0.000217319
0.000213637
0.000209966
0.000206307
0.000202663
0.000199034
0.000195423
0.00019183
0.000188258
0.000184707
0.000181178
0.000177674
0.000174195
0.000170742
0.000167317
0.000163921
0.000160554
0.000157219
0.000153914
0.000150643
0.000147405
0.000144201
0.000141033
0.000137901
0.000134805
0.000131746
0.000128726
0.000125744
0.000122801
0.000119898
0.000117035
0.000114212
0.00011143
0.00010869
0.000105991
0.000103333
0.000100718
9.8145e-05
9.56143e-05
9.31262e-05
9.06807e-05
8.82778e-05
8.59176e-05
8.36001e-05
8.13253e-05
7.90931e-05
7.69033e-05
7.4756e-05
7.26508e-05
7.05877e-05
6.85664e-05
6.65868e-05
6.46485e-05
6.27513e-05
6.0895e-05
5.90791e-05
5.73034e-05
5.55675e-05
5.3871e-05
5.22136e-05
5.05948e-05
4.90142e-05
4.74714e-05
4.59659e-05
4.44974e-05
4.30652e-05
4.16689e-05
4.03081e-05
3.89822e-05
3.76907e-05
3.64331e-05
3.52089e-05
3.40175e-05
3.28584e-05
3.1731e-05
3.06349e-05
2.95694e-05
2.85339e-05
2.7528e-05
2.65511e-05
2.56026e-05
2.4682e-05
2.37887e-05
2.29221e-05
2.20816e-05
2.12668e-05
2.04771e-05
1.97119e-05
1.89706e-05
1.82528e-05
1.75578e-05
1.68852e-05
1.62343e-05
1.56048e-05
1.4996e-05
1.44074e-05
1.38386e-05
1.3289e-05
1.2758e-05
1.22454e-05
1.17504e-05
1.12727e-05
1.08118e-05
1.03672e-05
9.93841e-06
9.52506e-06
9.12668e-06
8.74282e-06
8.37306e-06
8.01699e-06
7.67418e-06
7.34424e-06
7.02677e-06
6.72138e-06
6.42769e-06
6.14534e-06
5.87395e-06
5.61318e-06
5.36268e-06
5.1221e-06
4.89112e-06
4.66942e-06
4.45668e-06
4.2526e-06
4.05686e-06
3.8692e-06
3.68931e-06
3.51693e-06
3.35178e-06
3.19361e-06
3.04216e-06
2.89719e-06
2.75845e-06
2.62571e-06
2.49875e-06
2.37735e-06
2.2613e-06
2.15038e-06
2.04441e-06
1.94318e-06
1.84652e-06
1.75423e-06
1.66615e-06
1.58211e-06
1.50194e-06
1.42548e-06
1.35259e-06
1.28311e-06
1.2169e-06
1.15383e-06
1.09376e-06
1.03656e-06
9.82115e-07
9.30302e-07
8.81007e-07
8.34121e-07
7.89537e-07
7.47154e-07
7.06873e-07
6.68601e-07
6.32246e-07
5.97723e-07
5.64946e-07
5.33836e-07
5.04317e-07
4.76313e-07
4.49755e-07
4.24574e-07
4.00705e-07
3.78085e-07
3.56655e-07
3.36358e-07
3.17138e-07
2.98944e-07
2.81724e-07
2.65432e-07
2.50021e-07
2.35447e-07
2.21669e-07
2.08645e-07
1.9634e-07
1.84714e-07
1.73735e-07
1.63368e-07
1.53583e-07
1.44348e-07
1.35636e-07
0.000368321
0.000368231
0.000368052
0.000367782
0.000367423
0.000366975
0.000366438
0.000365812
0.000365098
0.000364297
0.000363409
0.000362434
0.000361374
0.000360229
0.000358999
0.000357687
0.000356293
0.000354817
0.000353261
0.000351626
0.000349913
0.000348124
0.000346259
0.00034432
0.000342309
0.000340226
0.000338073
0.000335852
0.000333564
0.000331211
0.000328794
0.000326314
0.000323775
0.000321177
0.000318522
0.000315812
0.000313048
0.000310233
0.000307368
0.000304456
0.000301497
0.000298494
0.000295449
0.000292364
0.00028924
0.00028608
0.000282885
0.000279657
0.000276399
0.000273112
0.000269799
0.00026646
0.000263099
0.000259716
0.000256315
0.000252896
0.000249462
0.000246015
0.000242556
0.000239087
0.00023561
0.000232127
0.00022864
0.00022515
0.00022166
0.00021817
0.000214683
0.000211199
0.000207722
0.000204252
0.000200791
0.000197341
0.000193902
0.000190477
0.000187067
0.000183673
0.000180296
0.000176938
0.000173601
0.000170285
0.000166991
0.000163721
0.000160476
0.000157257
0.000154065
0.000150901
0.000147765
0.00014466
0.000141585
0.000138542
0.000135531
0.000132553
0.000129609
0.000126699
0.000123825
0.000120986
0.000118183
0.000115417
0.000112689
0.000109998
0.000107345
0.00010473
0.000102154
9.96175e-05
9.712e-05
9.4662e-05
9.22437e-05
8.98652e-05
8.75267e-05
8.52282e-05
8.29698e-05
8.07516e-05
7.85734e-05
7.64354e-05
7.43374e-05
7.22793e-05
7.0261e-05
6.82824e-05
6.63434e-05
6.44437e-05
6.2583e-05
6.07613e-05
5.89782e-05
5.72335e-05
5.55268e-05
5.38578e-05
5.22263e-05
5.06318e-05
4.90741e-05
4.75526e-05
4.60671e-05
4.4617e-05
4.32021e-05
4.18218e-05
4.04758e-05
3.91635e-05
3.78845e-05
3.66383e-05
3.54245e-05
3.42425e-05
3.30919e-05
3.19721e-05
3.08827e-05
2.98231e-05
2.87929e-05
2.77914e-05
2.68182e-05
2.58728e-05
2.49547e-05
2.40632e-05
2.31979e-05
2.23583e-05
2.15438e-05
2.07539e-05
1.99881e-05
1.92458e-05
1.85266e-05
1.78299e-05
1.71553e-05
1.65021e-05
1.58699e-05
1.52582e-05
1.46665e-05
1.40943e-05
1.35411e-05
1.30065e-05
1.24899e-05
1.19909e-05
1.15091e-05
1.10439e-05
1.05949e-05
1.01617e-05
9.7438e-06
9.34083e-06
8.95233e-06
8.57791e-06
8.21713e-06
7.86961e-06
7.53494e-06
7.21275e-06
6.90264e-06
6.60426e-06
6.31723e-06
6.04121e-06
5.77583e-06
5.52076e-06
5.27567e-06
5.04023e-06
4.81412e-06
4.59703e-06
4.38866e-06
4.18871e-06
3.9969e-06
3.81293e-06
3.63655e-06
3.46748e-06
3.30546e-06
3.15025e-06
3.00159e-06
2.85924e-06
2.72299e-06
2.59259e-06
2.46783e-06
2.34851e-06
2.2344e-06
2.12533e-06
2.02108e-06
1.92148e-06
1.82634e-06
1.73549e-06
1.64875e-06
1.56597e-06
1.48698e-06
1.41163e-06
1.33977e-06
1.27126e-06
1.20596e-06
1.14373e-06
1.08445e-06
1.02799e-06
9.74235e-07
9.23063e-07
8.74365e-07
8.28034e-07
7.83967e-07
7.42064e-07
7.02229e-07
6.6437e-07
6.28399e-07
5.94231e-07
5.61783e-07
5.30977e-07
5.01738e-07
4.73993e-07
4.47674e-07
4.22712e-07
3.99045e-07
3.76611e-07
3.55351e-07
3.3521e-07
3.16133e-07
2.98069e-07
2.80969e-07
2.64785e-07
2.49472e-07
2.34988e-07
2.2129e-07
2.0834e-07
1.961e-07
1.84534e-07
1.73608e-07
1.63289e-07
1.53545e-07
1.44348e-07
1.35669e-07
1.2748e-07
0.00034609
0.000346006
0.000345837
0.000345584
0.000345246
0.000344825
0.00034432
0.000343732
0.000343062
0.000342309
0.000341474
0.000340558
0.000339562
0.000338486
0.000337331
0.000336098
0.000334788
0.000333401
0.000331939
0.000330403
0.000328794
0.000327112
0.00032536
0.000323538
0.000321648
0.000319691
0.000317668
0.000315581
0.000313431
0.000311219
0.000308948
0.000306619
0.000304233
0.000301792
0.000299297
0.00029675
0.000294154
0.000291508
0.000288816
0.00028608
0.000283299
0.000280478
0.000277616
0.000274717
0.000271782
0.000268812
0.00026581
0.000262778
0.000259716
0.000256628
0.000253514
0.000250377
0.000247219
0.000244041
0.000240844
0.000237632
0.000234405
0.000231166
0.000227915
0.000224656
0.000221389
0.000218117
0.00021484
0.000211561
0.000208281
0.000205002
0.000201725
0.000198452
0.000195185
0.000191924
0.000188672
0.00018543
0.000182199
0.00017898
0.000175776
0.000172587
0.000169414
0.000166259
0.000163123
0.000160007
0.000156912
0.000153839
0.00015079
0.000147765
0.000144766
0.000141793
0.000138847
0.000135929
0.000133039
0.00013018
0.000127351
0.000124552
0.000121786
0.000119052
0.000116351
0.000113684
0.00011105
0.000108451
0.000105887
0.000103358
0.000100866
9.84089e-05
9.59885e-05
9.36049e-05
9.12581e-05
8.89484e-05
8.66761e-05
8.44412e-05
8.22438e-05
8.0084e-05
7.7962e-05
7.58776e-05
7.38309e-05
7.18219e-05
6.98505e-05
6.79167e-05
6.60202e-05
6.41611e-05
6.23391e-05
6.0554e-05
5.88057e-05
5.70939e-05
5.54184e-05
5.3779e-05
5.21753e-05
5.06071e-05
4.90741e-05
4.75758e-05
4.61121e-05
4.46824e-05
4.32866e-05
4.19241e-05
4.05945e-05
3.92976e-05
3.80327e-05
3.67997e-05
3.55979e-05
3.44269e-05
3.32863e-05
3.21757e-05
3.10945e-05
3.00423e-05
2.90187e-05
2.80231e-05
2.7055e-05
2.6114e-05
2.51996e-05
2.43112e-05
2.34485e-05
2.26108e-05
2.17978e-05
2.10088e-05
2.02435e-05
1.95013e-05
1.87817e-05
1.80842e-05
1.74084e-05
1.67538e-05
1.61198e-05
1.55061e-05
1.4912e-05
1.43373e-05
1.37813e-05
1.32436e-05
1.27238e-05
1.22215e-05
1.17361e-05
1.12672e-05
1.08144e-05
1.03773e-05
9.9554e-06
9.54834e-06
9.15569e-06
8.77704e-06
8.41199e-06
8.06016e-06
7.72116e-06
7.39462e-06
7.08015e-06
6.7774e-06
6.48602e-06
6.20564e-06
5.93594e-06
5.67657e-06
5.42721e-06
5.18754e-06
4.95724e-06
4.73601e-06
4.52355e-06
4.31956e-06
4.12377e-06
3.93589e-06
3.75565e-06
3.58279e-06
3.41706e-06
3.25819e-06
3.10595e-06
2.96011e-06
2.82042e-06
2.68667e-06
2.55863e-06
2.43611e-06
2.31888e-06
2.20676e-06
2.09954e-06
1.99705e-06
1.89909e-06
1.8055e-06
1.71611e-06
1.63074e-06
1.54924e-06
1.47145e-06
1.39723e-06
1.32643e-06
1.25891e-06
1.19453e-06
1.13317e-06
1.0747e-06
1.019e-06
9.65945e-07
9.15432e-07
8.67349e-07
8.2159e-07
7.78056e-07
7.36649e-07
6.97275e-07
6.59844e-07
6.2427e-07
5.9047e-07
5.58364e-07
5.27875e-07
4.98928e-07
4.71454e-07
4.45384e-07
4.20653e-07
3.97198e-07
3.7496e-07
3.5388e-07
3.33903e-07
3.14978e-07
2.97052e-07
2.80079e-07
2.6401e-07
2.48803e-07
2.34415e-07
2.20804e-07
2.07934e-07
1.95765e-07
1.84264e-07
1.73396e-07
1.63129e-07
1.53433e-07
1.44278e-07
1.35636e-07
1.2748e-07
1.19786e-07
)
;

boundaryField
{
    boundaries
    {
        type            calculated;
        value           uniform 0;
    }
}


// ************************************************************************* //
