/*--------------------------------*- C++ -*----------------------------------*\
| =========                 |                                                 |
| \\      /  F ield         | OpenFOAM: The Open Source CFD Toolbox           |
|  \\    /   O peration     | Version:  2412                                  |
|   \\  /    A nd           | Website:  www.openfoam.com                      |
|    \\/     M anipulation  |                                                 |
\*---------------------------------------------------------------------------*/
FoamFile
{
    version     2.0;
    format      ascii;
    arch        "LSB;label=32;scalar=64";
    class       volScalarField;
    location    "0";
    object      spatialMode3;
}
// * * * * * * * * * * * * * * * * * * * * * * * * * * * * * * * * * * * * * //

dimensions      [0 0 0 0 0 0 0];

internalField   nonuniform List<scalar> 
65536
(
1.27488e-07
1.44322e-07
1.63219e-07
1.8441e-07
2.08149e-07
2.34715e-07
2.64413e-07
2.97578e-07
3.34576e-07
3.75807e-07
4.21707e-07
4.72751e-07
5.29456e-07
5.92384e-07
6.62144e-07
7.39396e-07
8.24856e-07
9.19296e-07
1.02355e-06
1.13851e-06
1.26515e-06
1.4045e-06
1.55768e-06
1.72588e-06
1.91037e-06
2.11252e-06
2.33379e-06
2.57571e-06
2.83994e-06
3.12821e-06
3.44239e-06
3.78442e-06
4.15637e-06
4.56042e-06
4.99887e-06
5.47412e-06
5.98871e-06
6.54527e-06
7.14658e-06
7.79551e-06
8.49506e-06
9.24836e-06
1.00586e-05
1.09292e-05
1.18635e-05
1.28652e-05
1.39378e-05
1.5085e-05
1.63108e-05
1.7619e-05
1.90135e-05
2.04984e-05
2.20776e-05
2.37553e-05
2.55355e-05
2.74224e-05
2.94199e-05
3.15322e-05
3.37631e-05
3.61165e-05
3.85963e-05
4.12061e-05
4.39494e-05
4.68296e-05
4.98499e-05
5.30131e-05
5.63221e-05
5.97792e-05
6.33865e-05
6.71459e-05
7.10589e-05
7.51264e-05
7.93493e-05
8.37278e-05
8.82616e-05
9.29501e-05
9.77922e-05
0.000102786
0.000107929
0.00011322
0.000118653
0.000124226
0.000129934
0.000135771
0.000141732
0.00014781
0.000153999
0.00016029
0.000166675
0.000173146
0.000179692
0.000186303
0.000192969
0.000199679
0.00020642
0.000213181
0.000219948
0.000226708
0.000233449
0.000240154
0.000246812
0.000253406
0.000259923
0.000266346
0.000272663
0.000278856
0.000284912
0.000290815
0.000296551
0.000302105
0.000307462
0.000312609
0.000317532
0.000322218
0.000326653
0.000330827
0.000334726
0.000338341
0.000341662
0.000344678
0.000347381
0.000349764
0.000351819
0.000353541
0.000354925
0.000355967
0.000356662
0.000357011
0.000357011
0.000356662
0.000355967
0.000354925
0.000353541
0.000351819
0.000349764
0.000347381
0.000344678
0.000341662
0.000338341
0.000334726
0.000330827
0.000326653
0.000322218
0.000317532
0.000312609
0.000307462
0.000302105
0.000296551
0.000290815
0.000284912
0.000278856
0.000272663
0.000266346
0.000259923
0.000253406
0.000246812
0.000240154
0.000233449
0.000226708
0.000219948
0.000213181
0.00020642
0.000199679
0.000192969
0.000186303
0.000179692
0.000173146
0.000166675
0.00016029
0.000153999
0.00014781
0.000141732
0.000135771
0.000129934
0.000124226
0.000118653
0.00011322
0.000107929
0.000102786
9.77922e-05
9.29501e-05
8.82616e-05
8.37278e-05
7.93493e-05
7.51264e-05
7.10589e-05
6.71459e-05
6.33865e-05
5.97792e-05
5.63221e-05
5.30131e-05
4.98499e-05
4.68296e-05
4.39494e-05
4.12061e-05
3.85963e-05
3.61165e-05
3.37631e-05
3.15322e-05
2.94199e-05
2.74224e-05
2.55355e-05
2.37553e-05
2.20776e-05
2.04984e-05
1.90135e-05
1.7619e-05
1.63108e-05
1.5085e-05
1.39378e-05
1.28652e-05
1.18635e-05
1.09292e-05
1.00586e-05
9.24836e-06
8.49506e-06
7.79551e-06
7.14658e-06
6.54527e-06
5.98871e-06
5.47412e-06
4.99887e-06
4.56042e-06
4.15637e-06
3.78442e-06
3.44239e-06
3.12821e-06
2.83994e-06
2.57571e-06
2.33379e-06
2.11252e-06
1.91037e-06
1.72588e-06
1.55768e-06
1.4045e-06
1.26515e-06
1.13851e-06
1.02355e-06
9.19296e-07
8.24856e-07
7.39396e-07
6.62144e-07
5.92384e-07
5.29456e-07
4.72751e-07
4.21707e-07
3.75807e-07
3.34576e-07
2.97578e-07
2.64413e-07
2.34715e-07
2.08149e-07
1.8441e-07
1.63219e-07
1.44322e-07
1.27488e-07
1.44322e-07
1.63378e-07
1.84771e-07
2.0876e-07
2.35634e-07
2.65708e-07
2.99327e-07
3.36871e-07
3.78755e-07
4.2543e-07
4.7739e-07
5.35174e-07
5.99366e-07
6.70603e-07
7.49575e-07
8.37028e-07
9.33772e-07
1.04068e-06
1.1587e-06
1.28884e-06
1.4322e-06
1.58995e-06
1.76336e-06
1.95377e-06
2.16262e-06
2.39147e-06
2.64195e-06
2.91581e-06
3.21493e-06
3.54127e-06
3.89693e-06
4.28412e-06
4.70518e-06
5.16259e-06
5.65893e-06
6.19694e-06
6.77947e-06
7.40953e-06
8.09023e-06
8.82485e-06
9.61677e-06
1.04695e-05
1.13868e-05
1.23723e-05
1.343e-05
1.45639e-05
1.57781e-05
1.70769e-05
1.84645e-05
1.99454e-05
2.15241e-05
2.3205e-05
2.49928e-05
2.6892e-05
2.89073e-05
3.10433e-05
3.33046e-05
3.56958e-05
3.82212e-05
4.08854e-05
4.36927e-05
4.66471e-05
4.97526e-05
5.30131e-05
5.64322e-05
6.00131e-05
6.3759e-05
6.76725e-05
7.17562e-05
7.6012e-05
8.04416e-05
8.50463e-05
8.98268e-05
9.47834e-05
9.99159e-05
0.000105224
0.000110705
0.000116358
0.000122181
0.000128169
0.00013432
0.000140629
0.00014709
0.000153699
0.000160447
0.000167328
0.000174333
0.000181455
0.000188684
0.000196008
0.000203419
0.000210903
0.00021845
0.000226045
0.000233677
0.00024133
0.000248991
0.000256644
0.000264274
0.000271865
0.000279401
0.000286866
0.000294243
0.000301515
0.000308666
0.000315677
0.000322533
0.000329215
0.000335708
0.000341996
0.00034806
0.000353887
0.00035946
0.000364764
0.000369785
0.00037451
0.000378924
0.000383017
0.000386776
0.00039019
0.00039325
0.000395948
0.000398274
0.000400224
0.00040179
0.000402969
0.000403757
0.000404152
0.000404152
0.000403757
0.000402969
0.00040179
0.000400224
0.000398274
0.000395948
0.00039325
0.00039019
0.000386776
0.000383017
0.000378924
0.00037451
0.000369785
0.000364764
0.00035946
0.000353887
0.00034806
0.000341996
0.000335708
0.000329215
0.000322533
0.000315677
0.000308666
0.000301515
0.000294243
0.000286866
0.000279401
0.000271865
0.000264274
0.000256644
0.000248991
0.00024133
0.000233677
0.000226045
0.00021845
0.000210903
0.000203419
0.000196008
0.000188684
0.000181455
0.000174333
0.000167328
0.000160447
0.000153699
0.00014709
0.000140629
0.00013432
0.000128169
0.000122181
0.000116358
0.000110705
0.000105224
9.99159e-05
9.47834e-05
8.98268e-05
8.50463e-05
8.04416e-05
7.6012e-05
7.17562e-05
6.76725e-05
6.3759e-05
6.00131e-05
5.64322e-05
5.30131e-05
4.97526e-05
4.66471e-05
4.36927e-05
4.08854e-05
3.82212e-05
3.56958e-05
3.33046e-05
3.10433e-05
2.89073e-05
2.6892e-05
2.49928e-05
2.3205e-05
2.15241e-05
1.99454e-05
1.84645e-05
1.70769e-05
1.57781e-05
1.45639e-05
1.343e-05
1.23723e-05
1.13868e-05
1.04695e-05
9.61677e-06
8.82485e-06
8.09023e-06
7.40953e-06
6.77947e-06
6.19694e-06
5.65893e-06
5.16259e-06
4.70518e-06
4.28412e-06
3.89693e-06
3.54127e-06
3.21493e-06
2.91581e-06
2.64195e-06
2.39147e-06
2.16262e-06
1.95377e-06
1.76336e-06
1.58995e-06
1.4322e-06
1.28884e-06
1.1587e-06
1.04068e-06
9.33772e-07
8.37028e-07
7.49575e-07
6.70603e-07
5.99366e-07
5.35174e-07
4.7739e-07
4.2543e-07
3.78755e-07
3.36871e-07
2.99327e-07
2.65708e-07
2.35634e-07
2.0876e-07
1.84771e-07
1.63378e-07
1.44322e-07
1.63219e-07
1.84771e-07
2.08964e-07
2.36095e-07
2.66487e-07
3.00499e-07
3.3852e-07
3.80981e-07
4.28348e-07
4.81134e-07
5.39898e-07
6.05248e-07
6.77846e-07
7.58411e-07
8.47722e-07
9.46626e-07
1.05604e-06
1.17695e-06
1.31042e-06
1.4576e-06
1.61973e-06
1.79814e-06
1.99425e-06
2.20959e-06
2.44579e-06
2.7046e-06
2.98788e-06
3.2976e-06
3.63588e-06
4.00495e-06
4.40718e-06
4.84507e-06
5.32127e-06
5.83857e-06
6.3999e-06
7.00835e-06
7.66716e-06
8.37971e-06
9.14954e-06
9.98035e-06
1.0876e-05
1.18404e-05
1.28777e-05
1.39923e-05
1.51885e-05
1.64709e-05
1.78441e-05
1.93129e-05
2.08822e-05
2.25571e-05
2.43424e-05
2.62434e-05
2.82653e-05
3.04132e-05
3.26924e-05
3.51081e-05
3.76654e-05
4.03697e-05
4.32258e-05
4.62389e-05
4.94137e-05
5.27549e-05
5.62671e-05
5.99545e-05
6.38213e-05
6.78711e-05
7.21074e-05
7.65334e-05
8.11518e-05
8.59648e-05
9.09745e-05
9.61821e-05
0.000101589
0.000107194
0.000112999
0.000119001
0.0001252
0.000131594
0.000138179
0.000144952
0.000151908
0.000159043
0.00016635
0.000173823
0.000181455
0.000189237
0.00019716
0.000205214
0.000213389
0.000221673
0.000230054
0.000238518
0.000247053
0.000255643
0.000264274
0.000272929
0.000281593
0.000290248
0.000298877
0.000307462
0.000315985
0.000324428
0.000332771
0.000340995
0.000349082
0.000357011
0.000364764
0.000372322
0.000379665
0.000386776
0.000393634
0.000400224
0.000406527
0.000412525
0.000418204
0.000423547
0.00042854
0.000433168
0.000437419
0.00044128
0.000444741
0.000447792
0.000450424
0.000452628
0.0004544
0.000455733
0.000456624
0.00045707
0.00045707
0.000456624
0.000455733
0.0004544
0.000452628
0.000450424
0.000447792
0.000444741
0.00044128
0.000437419
0.000433168
0.00042854
0.000423547
0.000418204
0.000412525
0.000406527
0.000400224
0.000393634
0.000386776
0.000379665
0.000372322
0.000364764
0.000357011
0.000349082
0.000340995
0.000332771
0.000324428
0.000315985
0.000307462
0.000298877
0.000290248
0.000281593
0.000272929
0.000264274
0.000255643
0.000247053
0.000238518
0.000230054
0.000221673
0.000213389
0.000205214
0.00019716
0.000189237
0.000181455
0.000173823
0.00016635
0.000159043
0.000151908
0.000144952
0.000138179
0.000131594
0.0001252
0.000119001
0.000112999
0.000107194
0.000101589
9.61821e-05
9.09745e-05
8.59648e-05
8.11518e-05
7.65334e-05
7.21074e-05
6.78711e-05
6.38213e-05
5.99545e-05
5.62671e-05
5.27549e-05
4.94137e-05
4.62389e-05
4.32258e-05
4.03697e-05
3.76654e-05
3.51081e-05
3.26924e-05
3.04132e-05
2.82653e-05
2.62434e-05
2.43424e-05
2.25571e-05
2.08822e-05
1.93129e-05
1.78441e-05
1.64709e-05
1.51885e-05
1.39923e-05
1.28777e-05
1.18404e-05
1.0876e-05
9.98035e-06
9.14954e-06
8.37971e-06
7.66716e-06
7.00835e-06
6.3999e-06
5.83857e-06
5.32127e-06
4.84507e-06
4.40718e-06
4.00495e-06
3.63588e-06
3.2976e-06
2.98788e-06
2.7046e-06
2.44579e-06
2.20959e-06
1.99425e-06
1.79814e-06
1.61973e-06
1.4576e-06
1.31042e-06
1.17695e-06
1.05604e-06
9.46626e-07
8.47722e-07
7.58411e-07
6.77846e-07
6.05248e-07
5.39898e-07
4.81134e-07
4.28348e-07
3.80981e-07
3.3852e-07
3.00499e-07
2.66487e-07
2.36095e-07
2.08964e-07
1.84771e-07
1.63219e-07
1.8441e-07
2.0876e-07
2.36095e-07
2.66748e-07
3.01086e-07
3.39514e-07
3.82472e-07
4.30445e-07
4.83962e-07
5.43602e-07
6.09995e-07
6.8383e-07
7.65853e-07
8.56878e-07
9.57785e-07
1.06953e-06
1.19315e-06
1.32975e-06
1.48055e-06
1.64684e-06
1.83002e-06
2.03159e-06
2.25317e-06
2.49647e-06
2.76334e-06
3.05575e-06
3.3758e-06
3.72574e-06
4.10794e-06
4.52493e-06
4.97938e-06
5.47412e-06
6.01215e-06
6.59661e-06
7.23082e-06
7.91827e-06
8.66261e-06
9.46768e-06
1.03375e-05
1.12761e-05
1.2288e-05
1.33777e-05
1.45497e-05
1.5809e-05
1.71605e-05
1.86094e-05
2.01609e-05
2.18204e-05
2.35935e-05
2.54857e-05
2.75029e-05
2.96507e-05
3.1935e-05
3.43618e-05
3.69369e-05
3.96663e-05
4.25557e-05
4.5611e-05
4.8838e-05
5.22422e-05
5.58292e-05
5.96043e-05
6.35725e-05
6.77387e-05
7.21074e-05
7.6683e-05
8.14694e-05
8.647e-05
9.1688e-05
9.7126e-05
0.000102786
0.00010867
0.000114778
0.000121112
0.00012767
0.000134452
0.000141455
0.000148679
0.000156119
0.000163771
0.000171631
0.000179692
0.000187948
0.000196392
0.000205014
0.000213806
0.000222758
0.000231858
0.000241094
0.000250454
0.000259923
0.000269486
0.000279129
0.000288834
0.000298585
0.000308364
0.000318153
0.000327932
0.000337681
0.000347381
0.000357011
0.00036655
0.000375976
0.000385268
0.000394404
0.000403363
0.000412123
0.000420662
0.000428958
0.000436992
0.000444741
0.000452186
0.000459307
0.000466085
0.000472501
0.000478538
0.000484179
0.000489408
0.000494211
0.000498573
0.000502484
0.00050593
0.000508904
0.000511395
0.000513396
0.000514902
0.000515909
0.000516413
0.000516413
0.000515909
0.000514902
0.000513396
0.000511395
0.000508904
0.00050593
0.000502484
0.000498573
0.000494211
0.000489408
0.000484179
0.000478538
0.000472501
0.000466085
0.000459307
0.000452186
0.000444741
0.000436992
0.000428958
0.000420662
0.000412123
0.000403363
0.000394404
0.000385268
0.000375976
0.00036655
0.000357011
0.000347381
0.000337681
0.000327932
0.000318153
0.000308364
0.000298585
0.000288834
0.000279129
0.000269486
0.000259923
0.000250454
0.000241094
0.000231858
0.000222758
0.000213806
0.000205014
0.000196392
0.000187948
0.000179692
0.000171631
0.000163771
0.000156119
0.000148679
0.000141455
0.000134452
0.00012767
0.000121112
0.000114778
0.00010867
0.000102786
9.7126e-05
9.1688e-05
8.647e-05
8.14694e-05
7.6683e-05
7.21074e-05
6.77387e-05
6.35725e-05
5.96043e-05
5.58292e-05
5.22422e-05
4.8838e-05
4.5611e-05
4.25557e-05
3.96663e-05
3.69369e-05
3.43618e-05
3.1935e-05
2.96507e-05
2.75029e-05
2.54857e-05
2.35935e-05
2.18204e-05
2.01609e-05
1.86094e-05
1.71605e-05
1.5809e-05
1.45497e-05
1.33777e-05
1.2288e-05
1.12761e-05
1.03375e-05
9.46768e-06
8.66261e-06
7.91827e-06
7.23082e-06
6.59661e-06
6.01215e-06
5.47412e-06
4.97938e-06
4.52493e-06
4.10794e-06
3.72574e-06
3.3758e-06
3.05575e-06
2.76334e-06
2.49647e-06
2.25317e-06
2.03159e-06
1.83002e-06
1.64684e-06
1.48055e-06
1.32975e-06
1.19315e-06
1.06953e-06
9.57785e-07
8.56878e-07
7.65853e-07
6.8383e-07
6.09995e-07
5.43602e-07
4.83962e-07
4.30445e-07
3.82472e-07
3.39514e-07
3.01086e-07
2.66748e-07
2.36095e-07
2.0876e-07
1.8441e-07
2.08149e-07
2.35634e-07
2.66487e-07
3.01086e-07
3.39845e-07
3.83219e-07
4.31707e-07
4.85856e-07
5.46263e-07
6.1358e-07
6.88521e-07
7.7186e-07
8.64442e-07
9.67184e-07
1.08108e-06
1.20721e-06
1.34674e-06
1.50093e-06
1.67114e-06
1.85884e-06
2.0656e-06
2.29312e-06
2.54322e-06
2.81784e-06
3.11906e-06
3.44912e-06
3.81037e-06
4.20536e-06
4.63676e-06
5.10743e-06
5.62038e-06
6.17881e-06
6.7861e-06
7.44579e-06
8.16165e-06
8.93759e-06
9.77776e-06
1.06865e-05
1.16682e-05
1.27277e-05
1.38699e-05
1.50998e-05
1.64227e-05
1.78441e-05
1.93696e-05
2.1005e-05
2.27562e-05
2.46293e-05
2.66307e-05
2.87665e-05
3.10433e-05
3.34676e-05
3.60461e-05
3.87852e-05
4.16918e-05
4.47725e-05
4.80339e-05
5.14826e-05
5.51249e-05
5.89674e-05
6.30162e-05
6.72772e-05
7.17562e-05
7.64587e-05
8.13899e-05
8.65545e-05
9.1957e-05
9.76014e-05
0.000103491
0.000109629
0.000116018
0.000122659
0.000129554
0.000136702
0.000144105
0.00015176
0.000159665
0.000167819
0.000176216
0.000184853
0.000193725
0.000202824
0.000212143
0.000221673
0.000231406
0.00024133
0.000251434
0.000261705
0.000272131
0.000282695
0.000293383
0.000304177
0.000315061
0.000326016
0.000337022
0.00034806
0.000359109
0.000370147
0.000381151
0.0003921
0.000402969
0.000413736
0.000424375
0.000434863
0.000445176
0.000455288
0.000465176
0.000474814
0.000484179
0.000493246
0.000501993
0.000510397
0.000518434
0.000526084
0.000533326
0.00054014
0.000546507
0.00055241
0.000557831
0.000562755
0.000567169
0.000571059
0.000574415
0.000577227
0.000579486
0.000581186
0.000582322
0.000582891
0.000582891
0.000582322
0.000581186
0.000579486
0.000577227
0.000574415
0.000571059
0.000567169
0.000562755
0.000557831
0.00055241
0.000546507
0.00054014
0.000533326
0.000526084
0.000518434
0.000510397
0.000501993
0.000493246
0.000484179
0.000474814
0.000465176
0.000455288
0.000445176
0.000434863
0.000424375
0.000413736
0.000402969
0.0003921
0.000381151
0.000370147
0.000359109
0.00034806
0.000337022
0.000326016
0.000315061
0.000304177
0.000293383
0.000282695
0.000272131
0.000261705
0.000251434
0.00024133
0.000231406
0.000221673
0.000212143
0.000202824
0.000193725
0.000184853
0.000176216
0.000167819
0.000159665
0.00015176
0.000144105
0.000136702
0.000129554
0.000122659
0.000116018
0.000109629
0.000103491
9.76014e-05
9.1957e-05
8.65545e-05
8.13899e-05
7.64587e-05
7.17562e-05
6.72772e-05
6.30162e-05
5.89674e-05
5.51249e-05
5.14826e-05
4.80339e-05
4.47725e-05
4.16918e-05
3.87852e-05
3.60461e-05
3.34676e-05
3.10433e-05
2.87665e-05
2.66307e-05
2.46293e-05
2.27562e-05
2.1005e-05
1.93696e-05
1.78441e-05
1.64227e-05
1.50998e-05
1.38699e-05
1.27277e-05
1.16682e-05
1.06865e-05
9.77776e-06
8.93759e-06
8.16165e-06
7.44579e-06
6.7861e-06
6.17881e-06
5.62038e-06
5.10743e-06
4.63676e-06
4.20536e-06
3.81037e-06
3.44912e-06
3.11906e-06
2.81784e-06
2.54322e-06
2.29312e-06
2.0656e-06
1.85884e-06
1.67114e-06
1.50093e-06
1.34674e-06
1.20721e-06
1.08108e-06
9.67184e-07
8.64442e-07
7.7186e-07
6.88521e-07
6.1358e-07
5.46263e-07
4.85856e-07
4.31707e-07
3.83219e-07
3.39845e-07
3.01086e-07
2.66487e-07
2.35634e-07
2.08149e-07
2.34715e-07
2.65708e-07
3.00499e-07
3.39514e-07
3.83219e-07
4.32129e-07
4.86806e-07
5.47865e-07
6.15982e-07
6.91891e-07
7.76396e-07
8.70372e-07
9.7477e-07
1.09062e-06
1.21906e-06
1.36129e-06
1.51863e-06
1.6925e-06
1.88443e-06
2.09608e-06
2.32923e-06
2.58579e-06
2.86781e-06
3.17747e-06
3.51714e-06
3.88932e-06
4.29669e-06
4.74209e-06
5.22855e-06
5.75928e-06
6.3377e-06
6.96741e-06
7.6522e-06
8.39609e-06
9.20331e-06
1.00783e-05
1.10257e-05
1.20504e-05
1.31574e-05
1.43521e-05
1.56401e-05
1.7027e-05
1.85187e-05
2.01215e-05
2.18417e-05
2.36858e-05
2.56605e-05
2.77728e-05
3.00295e-05
3.24379e-05
3.50053e-05
3.77391e-05
4.06466e-05
4.37354e-05
4.70129e-05
5.04868e-05
5.41644e-05
5.80532e-05
6.21605e-05
6.64934e-05
7.10589e-05
7.58637e-05
8.09144e-05
8.62171e-05
9.17776e-05
9.76014e-05
0.000103693
0.000110058
0.0001167
0.000123621
0.000130825
0.000138314
0.000146088
0.000154149
0.000162497
0.000171129
0.000180043
0.000189237
0.000198707
0.000208446
0.00021845
0.00022871
0.000239218
0.000249965
0.00026094
0.000272131
0.000283524
0.000295107
0.000306862
0.000318775
0.000330827
0.000342999
0.000355272
0.000367625
0.000380036
0.000392483
0.000404942
0.000417388
0.000429797
0.000442143
0.0004544
0.00046654
0.000478538
0.000490365
0.000501993
0.000513396
0.000524545
0.000535414
0.000545974
0.000556199
0.000566062
0.000575538
0.000584602
0.000593228
0.000601394
0.000609078
0.000616257
0.000622913
0.000629026
0.000634579
0.000639556
0.000643943
0.000647727
0.000650898
0.000653445
0.000655362
0.000656644
0.000657285
0.000657285
0.000656644
0.000655362
0.000653445
0.000650898
0.000647727
0.000643943
0.000639556
0.000634579
0.000629026
0.000622913
0.000616257
0.000609078
0.000601394
0.000593228
0.000584602
0.000575538
0.000566062
0.000556199
0.000545974
0.000535414
0.000524545
0.000513396
0.000501993
0.000490365
0.000478538
0.00046654
0.0004544
0.000442143
0.000429797
0.000417388
0.000404942
0.000392483
0.000380036
0.000367625
0.000355272
0.000342999
0.000330827
0.000318775
0.000306862
0.000295107
0.000283524
0.000272131
0.00026094
0.000249965
0.000239218
0.00022871
0.00021845
0.000208446
0.000198707
0.000189237
0.000180043
0.000171129
0.000162497
0.000154149
0.000146088
0.000138314
0.000130825
0.000123621
0.0001167
0.000110058
0.000103693
9.76014e-05
9.17776e-05
8.62171e-05
8.09144e-05
7.58637e-05
7.10589e-05
6.64934e-05
6.21605e-05
5.80532e-05
5.41644e-05
5.04868e-05
4.70129e-05
4.37354e-05
4.06466e-05
3.77391e-05
3.50053e-05
3.24379e-05
3.00295e-05
2.77728e-05
2.56605e-05
2.36858e-05
2.18417e-05
2.01215e-05
1.85187e-05
1.7027e-05
1.56401e-05
1.43521e-05
1.31574e-05
1.20504e-05
1.10257e-05
1.00783e-05
9.20331e-06
8.39609e-06
7.6522e-06
6.96741e-06
6.3377e-06
5.75928e-06
5.22855e-06
4.74209e-06
4.29669e-06
3.88932e-06
3.51714e-06
3.17747e-06
2.86781e-06
2.58579e-06
2.32923e-06
2.09608e-06
1.88443e-06
1.6925e-06
1.51863e-06
1.36129e-06
1.21906e-06
1.09062e-06
9.7477e-07
8.70372e-07
7.76396e-07
6.91891e-07
6.15982e-07
5.47865e-07
4.86806e-07
4.32129e-07
3.83219e-07
3.39514e-07
3.00499e-07
2.65708e-07
2.34715e-07
2.64413e-07
2.99327e-07
3.3852e-07
3.82472e-07
4.31707e-07
4.86806e-07
5.48401e-07
6.17186e-07
6.93921e-07
7.79434e-07
8.74632e-07
9.80498e-07
1.09811e-06
1.22862e-06
1.3733e-06
1.53353e-06
1.71077e-06
1.90664e-06
2.12286e-06
2.3613e-06
2.62395e-06
2.91297e-06
3.23067e-06
3.57952e-06
3.96216e-06
4.38143e-06
4.84034e-06
5.3421e-06
5.89011e-06
6.488e-06
7.1396e-06
7.84898e-06
8.62042e-06
9.45844e-06
1.03678e-05
1.13535e-05
1.24207e-05
1.35751e-05
1.48222e-05
1.61681e-05
1.7619e-05
1.91813e-05
2.08619e-05
2.26675e-05
2.46053e-05
2.66827e-05
2.89073e-05
3.12868e-05
3.38291e-05
3.65423e-05
3.94345e-05
4.25141e-05
4.57895e-05
4.92691e-05
5.29614e-05
5.68748e-05
6.10178e-05
6.53986e-05
7.00255e-05
7.49067e-05
8.00498e-05
8.54626e-05
9.11523e-05
9.7126e-05
0.00010339
0.000109951
0.000116814
0.000123984
0.000131465
0.000139262
0.000147378
0.000155814
0.000164573
0.000173654
0.000183057
0.000192781
0.000202824
0.000213181
0.000223849
0.00023482
0.00024609
0.000257648
0.000269486
0.000281593
0.000293956
0.000306563
0.000319398
0.000332446
0.000345689
0.000359109
0.000372686
0.000386398
0.000400224
0.00041414
0.000428122
0.000442143
0.000456178
0.000470199
0.000484179
0.000498087
0.000511894
0.000525571
0.000539086
0.00055241
0.00056551
0.000578355
0.000590915
0.000603159
0.000615055
0.000626574
0.000637685
0.00064836
0.00065857
0.000668288
0.000677488
0.000686143
0.000694232
0.000701729
0.000708616
0.000714871
0.000720478
0.00072542
0.000729683
0.000733255
0.000736124
0.000738284
0.000739728
0.00074045
0.00074045
0.000739728
0.000738284
0.000736124
0.000733255
0.000729683
0.00072542
0.000720478
0.000714871
0.000708616
0.000701729
0.000694232
0.000686143
0.000677488
0.000668288
0.00065857
0.00064836
0.000637685
0.000626574
0.000615055
0.000603159
0.000590915
0.000578355
0.00056551
0.00055241
0.000539086
0.000525571
0.000511894
0.000498087
0.000484179
0.000470199
0.000456178
0.000442143
0.000428122
0.00041414
0.000400224
0.000386398
0.000372686
0.000359109
0.000345689
0.000332446
0.000319398
0.000306563
0.000293956
0.000281593
0.000269486
0.000257648
0.00024609
0.00023482
0.000223849
0.000213181
0.000202824
0.000192781
0.000183057
0.000173654
0.000164573
0.000155814
0.000147378
0.000139262
0.000131465
0.000123984
0.000116814
0.000109951
0.00010339
9.7126e-05
9.11523e-05
8.54626e-05
8.00498e-05
7.49067e-05
7.00255e-05
6.53986e-05
6.10178e-05
5.68748e-05
5.29614e-05
4.92691e-05
4.57895e-05
4.25141e-05
3.94345e-05
3.65423e-05
3.38291e-05
3.12868e-05
2.89073e-05
2.66827e-05
2.46053e-05
2.26675e-05
2.08619e-05
1.91813e-05
1.7619e-05
1.61681e-05
1.48222e-05
1.35751e-05
1.24207e-05
1.13535e-05
1.03678e-05
9.45844e-06
8.62042e-06
7.84898e-06
7.1396e-06
6.488e-06
5.89011e-06
5.3421e-06
4.84034e-06
4.38143e-06
3.96216e-06
3.57952e-06
3.23067e-06
2.91297e-06
2.62395e-06
2.3613e-06
2.12286e-06
1.90664e-06
1.71077e-06
1.53353e-06
1.3733e-06
1.22862e-06
1.09811e-06
9.80498e-07
8.74632e-07
7.79434e-07
6.93921e-07
6.17186e-07
5.48401e-07
4.86806e-07
4.31707e-07
3.82472e-07
3.3852e-07
2.99327e-07
2.64413e-07
2.97578e-07
3.36871e-07
3.80981e-07
4.30445e-07
4.85856e-07
5.47865e-07
6.17186e-07
6.94599e-07
7.80958e-07
8.77198e-07
9.84336e-07
1.10348e-06
1.23584e-06
1.38272e-06
1.54556e-06
1.72588e-06
1.92535e-06
2.14579e-06
2.38913e-06
2.65747e-06
2.95307e-06
3.27834e-06
3.63588e-06
4.02849e-06
4.45913e-06
4.93099e-06
5.44746e-06
6.01215e-06
6.6289e-06
7.30178e-06
8.03511e-06
8.83347e-06
9.70167e-06
1.06448e-05
1.16682e-05
1.27775e-05
1.39787e-05
1.52778e-05
1.66813e-05
1.8196e-05
1.98289e-05
2.15872e-05
2.34785e-05
2.55106e-05
2.76915e-05
3.00295e-05
3.25331e-05
3.52111e-05
3.80722e-05
4.11257e-05
4.43807e-05
4.78466e-05
5.15329e-05
5.54489e-05
5.96043e-05
6.40085e-05
6.86711e-05
7.36015e-05
7.88088e-05
8.43021e-05
9.00904e-05
9.61821e-05
0.000102585
0.000109308
0.000116358
0.000123742
0.000131465
0.000139535
0.000147955
0.00015673
0.000165863
0.000175358
0.000185215
0.000195435
0.000206018
0.000216961
0.000228264
0.00023992
0.000251926
0.000264274
0.000276956
0.000289965
0.000303287
0.000316913
0.000330827
0.000345015
0.00035946
0.000374144
0.000389048
0.000404152
0.000419431
0.000434863
0.000450424
0.000466085
0.00048182
0.000497601
0.000513396
0.000529176
0.000544909
0.000560561
0.0005761
0.000591493
0.000606703
0.000621698
0.000636441
0.000650898
0.000665033
0.000678812
0.000692201
0.000705164
0.000717669
0.000729683
0.000741174
0.000752111
0.000762464
0.000772206
0.000781308
0.000789746
0.000797496
0.000804537
0.000810847
0.000816409
0.000821206
0.000825226
0.000828456
0.000830886
0.000832511
0.000833324
0.000833324
0.000832511
0.000830886
0.000828456
0.000825226
0.000821206
0.000816409
0.000810847
0.000804537
0.000797496
0.000789746
0.000781308
0.000772206
0.000762464
0.000752111
0.000741174
0.000729683
0.000717669
0.000705164
0.000692201
0.000678812
0.000665033
0.000650898
0.000636441
0.000621698
0.000606703
0.000591493
0.0005761
0.000560561
0.000544909
0.000529176
0.000513396
0.000497601
0.00048182
0.000466085
0.000450424
0.000434863
0.000419431
0.000404152
0.000389048
0.000374144
0.00035946
0.000345015
0.000330827
0.000316913
0.000303287
0.000289965
0.000276956
0.000264274
0.000251926
0.00023992
0.000228264
0.000216961
0.000206018
0.000195435
0.000185215
0.000175358
0.000165863
0.00015673
0.000147955
0.000139535
0.000131465
0.000123742
0.000116358
0.000109308
0.000102585
9.61821e-05
9.00904e-05
8.43021e-05
7.88088e-05
7.36015e-05
6.86711e-05
6.40085e-05
5.96043e-05
5.54489e-05
5.15329e-05
4.78466e-05
4.43807e-05
4.11257e-05
3.80722e-05
3.52111e-05
3.25331e-05
3.00295e-05
2.76915e-05
2.55106e-05
2.34785e-05
2.15872e-05
1.98289e-05
1.8196e-05
1.66813e-05
1.52778e-05
1.39787e-05
1.27775e-05
1.16682e-05
1.06448e-05
9.70167e-06
8.83347e-06
8.03511e-06
7.30178e-06
6.6289e-06
6.01215e-06
5.44746e-06
4.93099e-06
4.45913e-06
4.02849e-06
3.63588e-06
3.27834e-06
2.95307e-06
2.65747e-06
2.38913e-06
2.14579e-06
1.92535e-06
1.72588e-06
1.54556e-06
1.38272e-06
1.23584e-06
1.10348e-06
9.84336e-07
8.77198e-07
7.80958e-07
6.94599e-07
6.17186e-07
5.47865e-07
4.85856e-07
4.30445e-07
3.80981e-07
3.36871e-07
2.97578e-07
3.34576e-07
3.78755e-07
4.28348e-07
4.83962e-07
5.46263e-07
6.15982e-07
6.93921e-07
7.80958e-07
8.78055e-07
9.8626e-07
1.10672e-06
1.24068e-06
1.38949e-06
1.55464e-06
1.73772e-06
1.94046e-06
2.16473e-06
2.41258e-06
2.68617e-06
2.98788e-06
3.32022e-06
3.68594e-06
4.08793e-06
4.52935e-06
5.01354e-06
5.54406e-06
6.12474e-06
6.75964e-06
7.45307e-06
8.20961e-06
9.03412e-06
9.93173e-06
1.09079e-05
1.19683e-05
1.31189e-05
1.43662e-05
1.57166e-05
1.71773e-05
1.87553e-05
2.04584e-05
2.22943e-05
2.42712e-05
2.63976e-05
2.86824e-05
3.11344e-05
3.37631e-05
3.6578e-05
3.95889e-05
4.28058e-05
4.62389e-05
4.98986e-05
5.37954e-05
5.79399e-05
6.23429e-05
6.70149e-05
7.19667e-05
7.7209e-05
8.27523e-05
8.86071e-05
9.47834e-05
0.000101291
0.00010814
0.00011534
0.000122899
0.000130825
0.000139127
0.00014781
0.000156883
0.00016635
0.000176216
0.000186485
0.00019716
0.000208243
0.000219733
0.000231632
0.000243936
0.000256644
0.000269749
0.000283248
0.000297131
0.00031139
0.000326016
0.000340995
0.000356314
0.000371958
0.00038791
0.000404152
0.000420662
0.000437419
0.0004544
0.000471579
0.00048893
0.000506425
0.000524033
0.000541725
0.000559467
0.000577227
0.000594969
0.000612657
0.000630256
0.000647727
0.000665033
0.000682135
0.000698993
0.00071557
0.000731824
0.000747717
0.000763209
0.000778262
0.000792837
0.000806897
0.000820405
0.000833324
0.000845621
0.000857261
0.000868214
0.000878448
0.000887936
0.000896649
0.000904565
0.000911659
0.000917913
0.000923307
0.000927826
0.000931458
0.000934191
0.000936017
0.000936931
0.000936931
0.000936017
0.000934191
0.000931458
0.000927826
0.000923307
0.000917913
0.000911659
0.000904565
0.000896649
0.000887936
0.000878448
0.000868214
0.000857261
0.000845621
0.000833324
0.000820405
0.000806897
0.000792837
0.000778262
0.000763209
0.000747717
0.000731824
0.00071557
0.000698993
0.000682135
0.000665033
0.000647727
0.000630256
0.000612657
0.000594969
0.000577227
0.000559467
0.000541725
0.000524033
0.000506425
0.00048893
0.000471579
0.0004544
0.000437419
0.000420662
0.000404152
0.00038791
0.000371958
0.000356314
0.000340995
0.000326016
0.00031139
0.000297131
0.000283248
0.000269749
0.000256644
0.000243936
0.000231632
0.000219733
0.000208243
0.00019716
0.000186485
0.000176216
0.00016635
0.000156883
0.00014781
0.000139127
0.000130825
0.000122899
0.00011534
0.00010814
0.000101291
9.47834e-05
8.86071e-05
8.27523e-05
7.7209e-05
7.19667e-05
6.70149e-05
6.23429e-05
5.79399e-05
5.37954e-05
4.98986e-05
4.62389e-05
4.28058e-05
3.95889e-05
3.6578e-05
3.37631e-05
3.11344e-05
2.86824e-05
2.63976e-05
2.42712e-05
2.22943e-05
2.04584e-05
1.87553e-05
1.71773e-05
1.57166e-05
1.43662e-05
1.31189e-05
1.19683e-05
1.09079e-05
9.93173e-06
9.03412e-06
8.20961e-06
7.45307e-06
6.75964e-06
6.12474e-06
5.54406e-06
5.01354e-06
4.52935e-06
4.08793e-06
3.68594e-06
3.32022e-06
2.98788e-06
2.68617e-06
2.41258e-06
2.16473e-06
1.94046e-06
1.73772e-06
1.55464e-06
1.38949e-06
1.24068e-06
1.10672e-06
9.8626e-07
8.78055e-07
7.80958e-07
6.93921e-07
6.15982e-07
5.46263e-07
4.83962e-07
4.28348e-07
3.78755e-07
3.34576e-07
3.75807e-07
4.2543e-07
4.81134e-07
5.43602e-07
6.1358e-07
6.91891e-07
7.79434e-07
8.77198e-07
9.8626e-07
1.1078e-06
1.2431e-06
1.39357e-06
1.56072e-06
1.74622e-06
1.95186e-06
2.17958e-06
2.4315e-06
2.70989e-06
3.0172e-06
3.35608e-06
3.72938e-06
4.14016e-06
4.5917e-06
5.08752e-06
5.63137e-06
6.22727e-06
6.87951e-06
7.59265e-06
8.37153e-06
9.2213e-06
1.01474e-05
1.11557e-05
1.22521e-05
1.34431e-05
1.47356e-05
1.61365e-05
1.76534e-05
1.92941e-05
2.10666e-05
2.29795e-05
2.50416e-05
2.72622e-05
2.96507e-05
3.2217e-05
3.49712e-05
3.79238e-05
4.10856e-05
4.44675e-05
4.80808e-05
5.1937e-05
5.60477e-05
6.04248e-05
6.508e-05
7.00255e-05
7.52733e-05
8.08354e-05
8.67237e-05
9.29501e-05
9.95264e-05
0.000106464
0.000113774
0.000121467
0.000129554
0.000138044
0.000146947
0.000156271
0.000166026
0.000176216
0.00018685
0.000197932
0.000209466
0.000221457
0.000233905
0.000246812
0.000260176
0.000273997
0.00028827
0.000302991
0.000318153
0.000333747
0.000349764
0.000366192
0.000383017
0.000400224
0.000417796
0.000435714
0.000453956
0.000472501
0.000491323
0.000510397
0.000529693
0.000549182
0.000568833
0.000588612
0.000608483
0.000628412
0.00064836
0.000668288
0.000688157
0.000707924
0.000727548
0.000746987
0.000766196
0.000785132
0.000803751
0.000822009
0.00083986
0.000857261
0.000874169
0.000890541
0.000906333
0.000921505
0.000936017
0.000949829
0.000962904
0.000975206
0.000986702
0.000997358
0.00100715
0.00101604
0.00102401
0.00103103
0.00103709
0.00104216
0.00104624
0.00104931
0.00105136
0.00105239
0.00105239
0.00105136
0.00104931
0.00104624
0.00104216
0.00103709
0.00103103
0.00102401
0.00101604
0.00100715
0.000997358
0.000986702
0.000975206
0.000962904
0.000949829
0.000936017
0.000921505
0.000906333
0.000890541
0.000874169
0.000857261
0.00083986
0.000822009
0.000803751
0.000785132
0.000766196
0.000746987
0.000727548
0.000707924
0.000688157
0.000668288
0.00064836
0.000628412
0.000608483
0.000588612
0.000568833
0.000549182
0.000529693
0.000510397
0.000491323
0.000472501
0.000453956
0.000435714
0.000417796
0.000400224
0.000383017
0.000366192
0.000349764
0.000333747
0.000318153
0.000302991
0.00028827
0.000273997
0.000260176
0.000246812
0.000233905
0.000221457
0.000209466
0.000197932
0.00018685
0.000176216
0.000166026
0.000156271
0.000146947
0.000138044
0.000129554
0.000121467
0.000113774
0.000106464
9.95264e-05
9.29501e-05
8.67237e-05
8.08354e-05
7.52733e-05
7.00255e-05
6.508e-05
6.04248e-05
5.60477e-05
5.1937e-05
4.80808e-05
4.44675e-05
4.10856e-05
3.79238e-05
3.49712e-05
3.2217e-05
2.96507e-05
2.72622e-05
2.50416e-05
2.29795e-05
2.10666e-05
1.92941e-05
1.76534e-05
1.61365e-05
1.47356e-05
1.34431e-05
1.22521e-05
1.11557e-05
1.01474e-05
9.2213e-06
8.37153e-06
7.59265e-06
6.87951e-06
6.22727e-06
5.63137e-06
5.08752e-06
4.5917e-06
4.14016e-06
3.72938e-06
3.35608e-06
3.0172e-06
2.70989e-06
2.4315e-06
2.17958e-06
1.95186e-06
1.74622e-06
1.56072e-06
1.39357e-06
1.2431e-06
1.1078e-06
9.8626e-07
8.77198e-07
7.79434e-07
6.91891e-07
6.1358e-07
5.43602e-07
4.81134e-07
4.2543e-07
3.75807e-07
4.21707e-07
4.7739e-07
5.39898e-07
6.09995e-07
6.88521e-07
7.76396e-07
8.74632e-07
9.84336e-07
1.10672e-06
1.2431e-06
1.39493e-06
1.56377e-06
1.75134e-06
1.9595e-06
2.19025e-06
2.44579e-06
2.72848e-06
3.04086e-06
3.38571e-06
3.76598e-06
4.18488e-06
4.64583e-06
5.15252e-06
5.70889e-06
6.31916e-06
6.98785e-06
7.71975e-06
8.51999e-06
9.394e-06
1.03476e-05
1.13868e-05
1.25182e-05
1.37485e-05
1.5085e-05
1.65354e-05
1.81074e-05
1.98096e-05
2.16506e-05
2.36396e-05
2.57861e-05
2.81001e-05
3.05919e-05
3.32721e-05
3.61518e-05
3.92424e-05
4.25557e-05
4.61036e-05
4.98986e-05
5.39533e-05
5.82804e-05
6.28932e-05
6.78048e-05
7.30287e-05
7.85782e-05
8.44669e-05
9.07083e-05
9.73158e-05
0.000104303
0.000111682
0.000119467
0.00012767
0.000136302
0.000145377
0.000154904
0.000164894
0.000175358
0.000186303
0.000197739
0.000209671
0.000222107
0.00023505
0.000248505
0.000262473
0.000276956
0.000291953
0.000307462
0.000323479
0.000339998
0.000357011
0.00037451
0.000392483
0.000410917
0.000429797
0.000449106
0.000468824
0.00048893
0.000509401
0.000530211
0.000551332
0.000572735
0.000594388
0.000616257
0.000638308
0.000660502
0.000682801
0.000705164
0.000727548
0.000749911
0.000772206
0.000794387
0.000816409
0.000838221
0.000859777
0.000881026
0.000901919
0.000922406
0.000942437
0.000961964
0.000980937
0.000999308
0.00101703
0.00103405
0.00105034
0.00106584
0.00108051
0.00109431
0.00110721
0.00111917
0.00113016
0.00114013
0.00114907
0.00115696
0.00116375
0.00116945
0.00117403
0.00117747
0.00117977
0.00118093
0.00118093
0.00117977
0.00117747
0.00117403
0.00116945
0.00116375
0.00115696
0.00114907
0.00114013
0.00113016
0.00111917
0.00110721
0.00109431
0.00108051
0.00106584
0.00105034
0.00103405
0.00101703
0.000999308
0.000980937
0.000961964
0.000942437
0.000922406
0.000901919
0.000881026
0.000859777
0.000838221
0.000816409
0.000794387
0.000772206
0.000749911
0.000727548
0.000705164
0.000682801
0.000660502
0.000638308
0.000616257
0.000594388
0.000572735
0.000551332
0.000530211
0.000509401
0.00048893
0.000468824
0.000449106
0.000429797
0.000410917
0.000392483
0.00037451
0.000357011
0.000339998
0.000323479
0.000307462
0.000291953
0.000276956
0.000262473
0.000248505
0.00023505
0.000222107
0.000209671
0.000197739
0.000186303
0.000175358
0.000164894
0.000154904
0.000145377
0.000136302
0.00012767
0.000119467
0.000111682
0.000104303
9.73158e-05
9.07083e-05
8.44669e-05
7.85782e-05
7.30287e-05
6.78048e-05
6.28932e-05
5.82804e-05
5.39533e-05
4.98986e-05
4.61036e-05
4.25557e-05
3.92424e-05
3.61518e-05
3.32721e-05
3.05919e-05
2.81001e-05
2.57861e-05
2.36396e-05
2.16506e-05
1.98096e-05
1.81074e-05
1.65354e-05
1.5085e-05
1.37485e-05
1.25182e-05
1.13868e-05
1.03476e-05
9.394e-06
8.51999e-06
7.71975e-06
6.98785e-06
6.31916e-06
5.70889e-06
5.15252e-06
4.64583e-06
4.18488e-06
3.76598e-06
3.38571e-06
3.04086e-06
2.72848e-06
2.44579e-06
2.19025e-06
1.9595e-06
1.75134e-06
1.56377e-06
1.39493e-06
1.2431e-06
1.10672e-06
9.84336e-07
8.74632e-07
7.76396e-07
6.88521e-07
6.09995e-07
5.39898e-07
4.7739e-07
4.21707e-07
4.72751e-07
5.35174e-07
6.05248e-07
6.8383e-07
7.7186e-07
8.70372e-07
9.80498e-07
1.10348e-06
1.24068e-06
1.39357e-06
1.56377e-06
1.75306e-06
1.96333e-06
2.19668e-06
2.45536e-06
2.74183e-06
3.05873e-06
3.40893e-06
3.79552e-06
4.22182e-06
4.69142e-06
5.20816e-06
5.77618e-06
6.3999e-06
7.08404e-06
7.83367e-06
8.65416e-06
9.55126e-06
1.05311e-05
1.16e-05
1.27651e-05
1.40334e-05
1.54126e-05
1.6911e-05
1.85368e-05
2.02991e-05
2.22073e-05
2.42712e-05
2.65009e-05
2.89073e-05
3.15014e-05
3.42948e-05
3.72994e-05
4.05277e-05
4.39924e-05
4.77067e-05
5.16841e-05
5.59384e-05
6.04838e-05
6.53348e-05
7.05059e-05
7.6012e-05
8.18682e-05
8.80894e-05
9.46909e-05
0.000101688
0.000109095
0.000116928
0.0001252
0.000133927
0.000143123
0.000152801
0.000162973
0.000173654
0.000184853
0.000196583
0.000208854
0.000221673
0.00023505
0.000248991
0.000263501
0.000278584
0.000294243
0.00031048
0.000327292
0.000344678
0.000362633
0.000381151
0.000400224
0.000419841
0.000439989
0.000460655
0.00048182
0.000503466
0.000525571
0.000548111
0.000571059
0.000594388
0.000618066
0.000642059
0.000666333
0.00069085
0.00071557
0.00074045
0.000765448
0.000790518
0.000815612
0.000840681
0.000865674
0.000890541
0.000915227
0.00093968
0.000963845
0.000987666
0.00101109
0.00103405
0.00105651
0.0010784
0.00109967
0.00112027
0.00114013
0.00115922
0.00117747
0.00119485
0.0012113
0.00122677
0.00124123
0.00125464
0.00126695
0.00127813
0.00128816
0.001297
0.00130462
0.001311
0.00131613
0.00132
0.00132258
0.00132387
0.00132387
0.00132258
0.00132
0.00131613
0.001311
0.00130462
0.001297
0.00128816
0.00127813
0.00126695
0.00125464
0.00124123
0.00122677
0.0012113
0.00119485
0.00117747
0.00115922
0.00114013
0.00112027
0.00109967
0.0010784
0.00105651
0.00103405
0.00101109
0.000987666
0.000963845
0.00093968
0.000915227
0.000890541
0.000865674
0.000840681
0.000815612
0.000790518
0.000765448
0.00074045
0.00071557
0.00069085
0.000666333
0.000642059
0.000618066
0.000594388
0.000571059
0.000548111
0.000525571
0.000503466
0.00048182
0.000460655
0.000439989
0.000419841
0.000400224
0.000381151
0.000362633
0.000344678
0.000327292
0.00031048
0.000294243
0.000278584
0.000263501
0.000248991
0.00023505
0.000221673
0.000208854
0.000196583
0.000184853
0.000173654
0.000162973
0.000152801
0.000143123
0.000133927
0.0001252
0.000116928
0.000109095
0.000101688
9.46909e-05
8.80894e-05
8.18682e-05
7.6012e-05
7.05059e-05
6.53348e-05
6.04838e-05
5.59384e-05
5.16841e-05
4.77067e-05
4.39924e-05
4.05277e-05
3.72994e-05
3.42948e-05
3.15014e-05
2.89073e-05
2.65009e-05
2.42712e-05
2.22073e-05
2.02991e-05
1.85368e-05
1.6911e-05
1.54126e-05
1.40334e-05
1.27651e-05
1.16e-05
1.05311e-05
9.55126e-06
8.65416e-06
7.83367e-06
7.08404e-06
6.3999e-06
5.77618e-06
5.20816e-06
4.69142e-06
4.22182e-06
3.79552e-06
3.40893e-06
3.05873e-06
2.74183e-06
2.45536e-06
2.19668e-06
1.96333e-06
1.75306e-06
1.56377e-06
1.39357e-06
1.24068e-06
1.10348e-06
9.80498e-07
8.70372e-07
7.7186e-07
6.8383e-07
6.05248e-07
5.35174e-07
4.72751e-07
5.29456e-07
5.99366e-07
6.77846e-07
7.65853e-07
8.64442e-07
9.7477e-07
1.09811e-06
1.23584e-06
1.38949e-06
1.56072e-06
1.75134e-06
1.96333e-06
2.19882e-06
2.46016e-06
2.74988e-06
3.0707e-06
3.42562e-06
3.81782e-06
4.25078e-06
4.72821e-06
5.25414e-06
5.83287e-06
6.46902e-06
7.16755e-06
7.93375e-06
8.77329e-06
9.6922e-06
1.06969e-05
1.17942e-05
1.29914e-05
1.42962e-05
1.57166e-05
1.72613e-05
1.89394e-05
2.07602e-05
2.2734e-05
2.4871e-05
2.71824e-05
2.96797e-05
3.23747e-05
3.52799e-05
3.84083e-05
4.17734e-05
4.53888e-05
4.92691e-05
5.34289e-05
5.78834e-05
6.2648e-05
6.77387e-05
7.31715e-05
7.89628e-05
8.51294e-05
9.1688e-05
9.86555e-05
0.000106049
0.000113885
0.000122181
0.000130953
0.000140218
0.000149992
0.00016029
0.000171129
0.000182522
0.000194483
0.000207026
0.000220163
0.000233905
0.000248262
0.000263243
0.000278856
0.000295107
0.000311999
0.000329537
0.000347721
0.00036655
0.000386021
0.00040613
0.000426869
0.00044823
0.000470199
0.000492765
0.000515909
0.000539613
0.000563855
0.000588612
0.000613855
0.000639556
0.000665683
0.000692201
0.000719072
0.000746258
0.000773715
0.0008014
0.000829265
0.000857261
0.000885338
0.000913442
0.000941518
0.000969509
0.000997358
0.00102501
0.00105239
0.00107946
0.00110613
0.00113236
0.00115809
0.00118324
0.00120775
0.00123157
0.00125464
0.00127689
0.00129826
0.00131871
0.00133817
0.00135659
0.00137392
0.00139011
0.00140513
0.00141892
0.00143144
0.00144267
0.00145257
0.0014611
0.00146825
0.001474
0.00147832
0.00148122
0.00148266
0.00148266
0.00148122
0.00147832
0.001474
0.00146825
0.0014611
0.00145257
0.00144267
0.00143144
0.00141892
0.00140513
0.00139011
0.00137392
0.00135659
0.00133817
0.00131871
0.00129826
0.00127689
0.00125464
0.00123157
0.00120775
0.00118324
0.00115809
0.00113236
0.00110613
0.00107946
0.00105239
0.00102501
0.000997358
0.000969509
0.000941518
0.000913442
0.000885338
0.000857261
0.000829265
0.0008014
0.000773715
0.000746258
0.000719072
0.000692201
0.000665683
0.000639556
0.000613855
0.000588612
0.000563855
0.000539613
0.000515909
0.000492765
0.000470199
0.00044823
0.000426869
0.00040613
0.000386021
0.00036655
0.000347721
0.000329537
0.000311999
0.000295107
0.000278856
0.000263243
0.000248262
0.000233905
0.000220163
0.000207026
0.000194483
0.000182522
0.000171129
0.00016029
0.000149992
0.000140218
0.000130953
0.000122181
0.000113885
0.000106049
9.86555e-05
9.1688e-05
8.51294e-05
7.89628e-05
7.31715e-05
6.77387e-05
6.2648e-05
5.78834e-05
5.34289e-05
4.92691e-05
4.53888e-05
4.17734e-05
3.84083e-05
3.52799e-05
3.23747e-05
2.96797e-05
2.71824e-05
2.4871e-05
2.2734e-05
2.07602e-05
1.89394e-05
1.72613e-05
1.57166e-05
1.42962e-05
1.29914e-05
1.17942e-05
1.06969e-05
9.6922e-06
8.77329e-06
7.93375e-06
7.16755e-06
6.46902e-06
5.83287e-06
5.25414e-06
4.72821e-06
4.25078e-06
3.81782e-06
3.42562e-06
3.0707e-06
2.74988e-06
2.46016e-06
2.19882e-06
1.96333e-06
1.75134e-06
1.56072e-06
1.38949e-06
1.23584e-06
1.09811e-06
9.7477e-07
8.64442e-07
7.65853e-07
6.77846e-07
5.99366e-07
5.29456e-07
5.92384e-07
6.70603e-07
7.58411e-07
8.56878e-07
9.67184e-07
1.09062e-06
1.22862e-06
1.38272e-06
1.55464e-06
1.74622e-06
1.9595e-06
2.19668e-06
2.46016e-06
2.75256e-06
3.07671e-06
3.43567e-06
3.83277e-06
4.27159e-06
4.756e-06
5.29018e-06
5.87861e-06
6.52612e-06
7.23788e-06
8.01944e-06
8.87671e-06
9.81603e-06
1.08442e-05
1.19683e-05
1.3196e-05
1.45355e-05
1.59953e-05
1.75846e-05
1.93129e-05
2.11904e-05
2.32277e-05
2.5436e-05
2.78271e-05
3.04132e-05
3.32072e-05
3.62225e-05
3.9473e-05
4.29733e-05
4.67383e-05
5.07835e-05
5.51249e-05
5.97792e-05
6.4763e-05
7.0094e-05
7.57896e-05
8.18682e-05
8.83479e-05
9.52474e-05
0.000102585
0.000110381
0.000118653
0.000127421
0.000136702
0.000146517
0.000156883
0.000167819
0.000179341
0.000191468
0.000204215
0.000217598
0.000231632
0.00024633
0.000261705
0.000277769
0.000294531
0.000311999
0.000330181
0.000349082
0.000368704
0.000389048
0.000410115
0.000431901
0.0004544
0.000477604
0.000501503
0.000526084
0.000551332
0.000577227
0.000603748
0.000630872
0.00065857
0.000686814
0.00071557
0.000744802
0.000774471
0.000804537
0.000834953
0.000865674
0.000896649
0.000927826
0.00095915
0.000990564
0.00102201
0.00105342
0.00108474
0.0011159
0.00114683
0.00117747
0.00120775
0.0012376
0.00126695
0.00129573
0.00132387
0.0013513
0.00137795
0.00140376
0.00142865
0.00145257
0.00147544
0.00149721
0.00151782
0.00153721
0.00155533
0.00157213
0.00158756
0.00160158
0.00161414
0.00162521
0.00163476
0.00164276
0.00164919
0.00165403
0.00165726
0.00165888
0.00165888
0.00165726
0.00165403
0.00164919
0.00164276
0.00163476
0.00162521
0.00161414
0.00160158
0.00158756
0.00157213
0.00155533
0.00153721
0.00151782
0.00149721
0.00147544
0.00145257
0.00142865
0.00140376
0.00137795
0.0013513
0.00132387
0.00129573
0.00126695
0.0012376
0.00120775
0.00117747
0.00114683
0.0011159
0.00108474
0.00105342
0.00102201
0.000990564
0.00095915
0.000927826
0.000896649
0.000865674
0.000834953
0.000804537
0.000774471
0.000744802
0.00071557
0.000686814
0.00065857
0.000630872
0.000603748
0.000577227
0.000551332
0.000526084
0.000501503
0.000477604
0.0004544
0.000431901
0.000410115
0.000389048
0.000368704
0.000349082
0.000330181
0.000311999
0.000294531
0.000277769
0.000261705
0.00024633
0.000231632
0.000217598
0.000204215
0.000191468
0.000179341
0.000167819
0.000156883
0.000146517
0.000136702
0.000127421
0.000118653
0.000110381
0.000102585
9.52474e-05
8.83479e-05
8.18682e-05
7.57896e-05
7.0094e-05
6.4763e-05
5.97792e-05
5.51249e-05
5.07835e-05
4.67383e-05
4.29733e-05
3.9473e-05
3.62225e-05
3.32072e-05
3.04132e-05
2.78271e-05
2.5436e-05
2.32277e-05
2.11904e-05
1.93129e-05
1.75846e-05
1.59953e-05
1.45355e-05
1.3196e-05
1.19683e-05
1.08442e-05
9.81603e-06
8.87671e-06
8.01944e-06
7.23788e-06
6.52612e-06
5.87861e-06
5.29018e-06
4.756e-06
4.27159e-06
3.83277e-06
3.43567e-06
3.07671e-06
2.75256e-06
2.46016e-06
2.19668e-06
1.9595e-06
1.74622e-06
1.55464e-06
1.38272e-06
1.22862e-06
1.09062e-06
9.67184e-07
8.56878e-07
7.58411e-07
6.70603e-07
5.92384e-07
6.62144e-07
7.49575e-07
8.47722e-07
9.57785e-07
1.08108e-06
1.21906e-06
1.3733e-06
1.54556e-06
1.73772e-06
1.95186e-06
2.19025e-06
2.45536e-06
2.74988e-06
3.07671e-06
3.43903e-06
3.84026e-06
4.28412e-06
4.77461e-06
5.31607e-06
5.91316e-06
6.57089e-06
7.29465e-06
8.09023e-06
8.96382e-06
9.92204e-06
1.0972e-05
1.21212e-05
1.33777e-05
1.475e-05
1.62472e-05
1.7879e-05
1.96554e-05
2.15872e-05
2.36858e-05
2.5963e-05
2.84314e-05
3.1104e-05
3.39947e-05
3.71177e-05
4.04881e-05
4.41215e-05
4.80339e-05
5.22422e-05
5.67638e-05
6.16165e-05
6.68188e-05
7.23896e-05
7.83483e-05
8.47148e-05
9.15091e-05
9.87519e-05
0.000106464
0.000114666
0.00012338
0.000132626
0.000142426
0.000152801
0.000163771
0.000175358
0.000187581
0.000200461
0.000214015
0.000228264
0.000243223
0.000258909
0.000275338
0.000292524
0.00031048
0.000329215
0.000348741
0.000369064
0.00039019
0.000412123
0.000434863
0.000458411
0.000482762
0.000507911
0.000533847
0.000560561
0.000588037
0.000616257
0.000645202
0.000674846
0.000705164
0.000736124
0.000767694
0.000799836
0.000832511
0.000865674
0.00089928
0.000933279
0.000967617
0.00100224
0.00103709
0.0010721
0.00110721
0.00114236
0.00117747
0.00121248
0.00124731
0.00128188
0.00131613
0.00134998
0.00138334
0.00141615
0.00144832
0.00147977
0.00151043
0.00154022
0.00156906
0.00159689
0.00162362
0.00164919
0.00167353
0.00169656
0.00171824
0.00173849
0.00175727
0.00177451
0.00179018
0.00180422
0.0018166
0.00182727
0.00183622
0.0018434
0.00184881
0.00185242
0.00185423
0.00185423
0.00185242
0.00184881
0.0018434
0.00183622
0.00182727
0.0018166
0.00180422
0.00179018
0.00177451
0.00175727
0.00173849
0.00171824
0.00169656
0.00167353
0.00164919
0.00162362
0.00159689
0.00156906
0.00154022
0.00151043
0.00147977
0.00144832
0.00141615
0.00138334
0.00134998
0.00131613
0.00128188
0.00124731
0.00121248
0.00117747
0.00114236
0.00110721
0.0010721
0.00103709
0.00100224
0.000967617
0.000933279
0.00089928
0.000865674
0.000832511
0.000799836
0.000767694
0.000736124
0.000705164
0.000674846
0.000645202
0.000616257
0.000588037
0.000560561
0.000533847
0.000507911
0.000482762
0.000458411
0.000434863
0.000412123
0.00039019
0.000369064
0.000348741
0.000329215
0.00031048
0.000292524
0.000275338
0.000258909
0.000243223
0.000228264
0.000214015
0.000200461
0.000187581
0.000175358
0.000163771
0.000152801
0.000142426
0.000132626
0.00012338
0.000114666
0.000106464
9.87519e-05
9.15091e-05
8.47148e-05
7.83483e-05
7.23896e-05
6.68188e-05
6.16165e-05
5.67638e-05
5.22422e-05
4.80339e-05
4.41215e-05
4.04881e-05
3.71177e-05
3.39947e-05
3.1104e-05
2.84314e-05
2.5963e-05
2.36858e-05
2.15872e-05
1.96554e-05
1.7879e-05
1.62472e-05
1.475e-05
1.33777e-05
1.21212e-05
1.0972e-05
9.92204e-06
8.96382e-06
8.09023e-06
7.29465e-06
6.57089e-06
5.91316e-06
5.31607e-06
4.77461e-06
4.28412e-06
3.84026e-06
3.43903e-06
3.07671e-06
2.74988e-06
2.45536e-06
2.19025e-06
1.95186e-06
1.73772e-06
1.54556e-06
1.3733e-06
1.21906e-06
1.08108e-06
9.57785e-07
8.47722e-07
7.49575e-07
6.62144e-07
7.39396e-07
8.37028e-07
9.46626e-07
1.06953e-06
1.20721e-06
1.36129e-06
1.53353e-06
1.72588e-06
1.94046e-06
2.17958e-06
2.44579e-06
2.74183e-06
3.0707e-06
3.43567e-06
3.84026e-06
4.2883e-06
4.78395e-06
5.33167e-06
5.9363e-06
6.60305e-06
7.33752e-06
8.14572e-06
9.03412e-06
1.00096e-05
1.10797e-05
1.22521e-05
1.35354e-05
1.49384e-05
1.64709e-05
1.81428e-05
1.99649e-05
2.19486e-05
2.41058e-05
2.64492e-05
2.89921e-05
3.17485e-05
3.47329e-05
3.79609e-05
4.14483e-05
4.52119e-05
4.92691e-05
5.3638e-05
5.83374e-05
6.33865e-05
6.88054e-05
7.46146e-05
8.08354e-05
8.74893e-05
9.45985e-05
0.000102186
0.000110273
0.000118885
0.000128044
0.000137774
0.000148099
0.000159043
0.000170628
0.000182878
0.000195817
0.000209466
0.000223849
0.000238985
0.000254895
0.0002716
0.000289116
0.000307462
0.000326653
0.000346703
0.000367625
0.000389429
0.000412123
0.000435714
0.000460205
0.000485599
0.000511894
0.000539086
0.000567169
0.000596132
0.000625962
0.000656644
0.000688157
0.000720478
0.000753581
0.000787436
0.000822009
0.000857261
0.000893154
0.00092964
0.000966673
0.0010042
0.00104216
0.00108051
0.00111917
0.00115809
0.00119718
0.00123639
0.00127564
0.00131485
0.00135394
0.00139283
0.00143144
0.00146969
0.00150748
0.00154474
0.00158137
0.00161729
0.00165241
0.00168665
0.00171992
0.00175213
0.0017832
0.00181305
0.0018416
0.00186878
0.0018945
0.00191871
0.00194132
0.00196229
0.00198155
0.00199904
0.00201472
0.00202854
0.00204046
0.00205045
0.00205847
0.00206451
0.00206855
0.00207057
0.00207057
0.00206855
0.00206451
0.00205847
0.00205045
0.00204046
0.00202854
0.00201472
0.00199904
0.00198155
0.00196229
0.00194132
0.00191871
0.0018945
0.00186878
0.0018416
0.00181305
0.0017832
0.00175213
0.00171992
0.00168665
0.00165241
0.00161729
0.00158137
0.00154474
0.00150748
0.00146969
0.00143144
0.00139283
0.00135394
0.00131485
0.00127564
0.00123639
0.00119718
0.00115809
0.00111917
0.00108051
0.00104216
0.0010042
0.000966673
0.00092964
0.000893154
0.000857261
0.000822009
0.000787436
0.000753581
0.000720478
0.000688157
0.000656644
0.000625962
0.000596132
0.000567169
0.000539086
0.000511894
0.000485599
0.000460205
0.000435714
0.000412123
0.000389429
0.000367625
0.000346703
0.000326653
0.000307462
0.000289116
0.0002716
0.000254895
0.000238985
0.000223849
0.000209466
0.000195817
0.000182878
0.000170628
0.000159043
0.000148099
0.000137774
0.000128044
0.000118885
0.000110273
0.000102186
9.45985e-05
8.74893e-05
8.08354e-05
7.46146e-05
6.88054e-05
6.33865e-05
5.83374e-05
5.3638e-05
4.92691e-05
4.52119e-05
4.14483e-05
3.79609e-05
3.47329e-05
3.17485e-05
2.89921e-05
2.64492e-05
2.41058e-05
2.19486e-05
1.99649e-05
1.81428e-05
1.64709e-05
1.49384e-05
1.35354e-05
1.22521e-05
1.10797e-05
1.00096e-05
9.03412e-06
8.14572e-06
7.33752e-06
6.60305e-06
5.9363e-06
5.33167e-06
4.78395e-06
4.2883e-06
3.84026e-06
3.43567e-06
3.0707e-06
2.74183e-06
2.44579e-06
2.17958e-06
1.94046e-06
1.72588e-06
1.53353e-06
1.36129e-06
1.20721e-06
1.06953e-06
9.46626e-07
8.37028e-07
7.39396e-07
8.24856e-07
9.33772e-07
1.05604e-06
1.19315e-06
1.34674e-06
1.51863e-06
1.71077e-06
1.92535e-06
2.16473e-06
2.4315e-06
2.72848e-06
3.05873e-06
3.42562e-06
3.83277e-06
4.28412e-06
4.78395e-06
5.33688e-06
5.94791e-06
6.62243e-06
7.36624e-06
8.18559e-06
9.08721e-06
1.00783e-05
1.11665e-05
1.23602e-05
1.36682e-05
1.50998e-05
1.6665e-05
1.83746e-05
2.02398e-05
2.22725e-05
2.44854e-05
2.6892e-05
2.95063e-05
3.23431e-05
3.5418e-05
3.87474e-05
4.23484e-05
4.62389e-05
5.04375e-05
5.49637e-05
5.98376e-05
6.508e-05
7.07127e-05
7.6758e-05
8.32386e-05
9.01784e-05
9.76014e-05
0.000105532
0.000113996
0.000123019
0.000132626
0.000142844
0.000153699
0.000165217
0.000177425
0.000190349
0.000204016
0.00021845
0.000233677
0.000249721
0.000266607
0.000284356
0.000302991
0.000322533
0.000342999
0.000364408
0.000386776
0.000410115
0.000434439
0.000459756
0.000486074
0.000513396
0.000541725
0.000571059
0.000601394
0.000632723
0.000665033
0.000698311
0.000732539
0.000767694
0.000803751
0.000840681
0.000878448
0.000917017
0.000956344
0.000996385
0.00103709
0.0010784
0.00112027
0.00116262
0.0012054
0.00124853
0.00129194
0.00133556
0.0013793
0.00142308
0.00146682
0.00151043
0.00155382
0.00159689
0.00163956
0.00168172
0.00172328
0.00176415
0.00180422
0.0018434
0.0018816
0.00191871
0.00195464
0.0019893
0.0020226
0.00205446
0.00208477
0.00211347
0.00214047
0.0021657
0.00218909
0.00221058
0.00223009
0.00224758
0.002263
0.0022763
0.00228744
0.00229639
0.00230313
0.00230763
0.00230989
0.00230989
0.00230763
0.00230313
0.00229639
0.00228744
0.0022763
0.002263
0.00224758
0.00223009
0.00221058
0.00218909
0.0021657
0.00214047
0.00211347
0.00208477
0.00205446
0.0020226
0.0019893
0.00195464
0.00191871
0.0018816
0.0018434
0.00180422
0.00176415
0.00172328
0.00168172
0.00163956
0.00159689
0.00155382
0.00151043
0.00146682
0.00142308
0.0013793
0.00133556
0.00129194
0.00124853
0.0012054
0.00116262
0.00112027
0.0010784
0.00103709
0.000996385
0.000956344
0.000917017
0.000878448
0.000840681
0.000803751
0.000767694
0.000732539
0.000698311
0.000665033
0.000632723
0.000601394
0.000571059
0.000541725
0.000513396
0.000486074
0.000459756
0.000434439
0.000410115
0.000386776
0.000364408
0.000342999
0.000322533
0.000302991
0.000284356
0.000266607
0.000249721
0.000233677
0.00021845
0.000204016
0.000190349
0.000177425
0.000165217
0.000153699
0.000142844
0.000132626
0.000123019
0.000113996
0.000105532
9.76014e-05
9.01784e-05
8.32386e-05
7.6758e-05
7.07127e-05
6.508e-05
5.98376e-05
5.49637e-05
5.04375e-05
4.62389e-05
4.23484e-05
3.87474e-05
3.5418e-05
3.23431e-05
2.95063e-05
2.6892e-05
2.44854e-05
2.22725e-05
2.02398e-05
1.83746e-05
1.6665e-05
1.50998e-05
1.36682e-05
1.23602e-05
1.11665e-05
1.00783e-05
9.08721e-06
8.18559e-06
7.36624e-06
6.62243e-06
5.94791e-06
5.33688e-06
4.78395e-06
4.28412e-06
3.83277e-06
3.42562e-06
3.05873e-06
2.72848e-06
2.4315e-06
2.16473e-06
1.92535e-06
1.71077e-06
1.51863e-06
1.34674e-06
1.19315e-06
1.05604e-06
9.33772e-07
8.24856e-07
9.19296e-07
1.04068e-06
1.17695e-06
1.32975e-06
1.50093e-06
1.6925e-06
1.90664e-06
2.14579e-06
2.41258e-06
2.70989e-06
3.04086e-06
3.40893e-06
3.81782e-06
4.27159e-06
4.77461e-06
5.33167e-06
5.94791e-06
6.6289e-06
7.38064e-06
8.20961e-06
9.12278e-06
1.01276e-05
1.12322e-05
1.2445e-05
1.37754e-05
1.52331e-05
1.68286e-05
1.85731e-05
2.04783e-05
2.25571e-05
2.48225e-05
2.72888e-05
2.99709e-05
3.28845e-05
3.60461e-05
3.9473e-05
4.31836e-05
4.71969e-05
5.15329e-05
5.62122e-05
6.12566e-05
6.66885e-05
7.25312e-05
7.88088e-05
8.55461e-05
9.27688e-05
0.000100503
0.000108776
0.000117615
0.000127048
0.000137103
0.00014781
0.000159198
0.000171296
0.000184133
0.000197739
0.000212143
0.000227374
0.00024346
0.000260431
0.000278312
0.000297131
0.000316913
0.000337681
0.00035946
0.000382269
0.00040613
0.000431058
0.00045707
0.000484179
0.000512394
0.000541725
0.000572176
0.000603748
0.000636441
0.000670249
0.000705164
0.000741174
0.000778262
0.000816409
0.000855589
0.000895774
0.000936931
0.000979023
0.00102201
0.00106584
0.00111046
0.00115583
0.00120187
0.00124853
0.00129573
0.0013434
0.00139147
0.00143985
0.00148847
0.00153721
0.00158601
0.00163476
0.00168336
0.00173172
0.00177972
0.00182727
0.00187426
0.00192058
0.00196613
0.00201079
0.00205446
0.00209702
0.00213838
0.00217843
0.00221706
0.00225418
0.00228967
0.00232346
0.00235545
0.00238554
0.00241366
0.00243973
0.00246367
0.00248542
0.00250491
0.00252209
0.00253691
0.00254933
0.00255931
0.00256682
0.00257184
0.00257435
0.00257435
0.00257184
0.00256682
0.00255931
0.00254933
0.00253691
0.00252209
0.00250491
0.00248542
0.00246367
0.00243973
0.00241366
0.00238554
0.00235545
0.00232346
0.00228967
0.00225418
0.00221706
0.00217843
0.00213838
0.00209702
0.00205446
0.00201079
0.00196613
0.00192058
0.00187426
0.00182727
0.00177972
0.00173172
0.00168336
0.00163476
0.00158601
0.00153721
0.00148847
0.00143985
0.00139147
0.0013434
0.00129573
0.00124853
0.00120187
0.00115583
0.00111046
0.00106584
0.00102201
0.000979023
0.000936931
0.000895774
0.000855589
0.000816409
0.000778262
0.000741174
0.000705164
0.000670249
0.000636441
0.000603748
0.000572176
0.000541725
0.000512394
0.000484179
0.00045707
0.000431058
0.00040613
0.000382269
0.00035946
0.000337681
0.000316913
0.000297131
0.000278312
0.000260431
0.00024346
0.000227374
0.000212143
0.000197739
0.000184133
0.000171296
0.000159198
0.00014781
0.000137103
0.000127048
0.000117615
0.000108776
0.000100503
9.27688e-05
8.55461e-05
7.88088e-05
7.25312e-05
6.66885e-05
6.12566e-05
5.62122e-05
5.15329e-05
4.71969e-05
4.31836e-05
3.9473e-05
3.60461e-05
3.28845e-05
2.99709e-05
2.72888e-05
2.48225e-05
2.25571e-05
2.04783e-05
1.85731e-05
1.68286e-05
1.52331e-05
1.37754e-05
1.2445e-05
1.12322e-05
1.01276e-05
9.12278e-06
8.20961e-06
7.38064e-06
6.6289e-06
5.94791e-06
5.33167e-06
4.77461e-06
4.27159e-06
3.81782e-06
3.40893e-06
3.04086e-06
2.70989e-06
2.41258e-06
2.14579e-06
1.90664e-06
1.6925e-06
1.50093e-06
1.32975e-06
1.17695e-06
1.04068e-06
9.19296e-07
1.02355e-06
1.1587e-06
1.31042e-06
1.48055e-06
1.67114e-06
1.88443e-06
2.12286e-06
2.38913e-06
2.68617e-06
3.0172e-06
3.38571e-06
3.79552e-06
4.25078e-06
4.756e-06
5.31607e-06
5.9363e-06
6.62243e-06
7.38064e-06
8.21763e-06
9.14061e-06
1.01573e-05
1.12761e-05
1.25059e-05
1.38563e-05
1.53376e-05
1.69606e-05
1.8737e-05
2.06793e-05
2.28007e-05
2.51151e-05
2.76375e-05
3.03835e-05
3.33697e-05
3.66137e-05
4.01338e-05
4.39494e-05
4.80808e-05
5.25492e-05
5.73769e-05
6.25869e-05
6.82033e-05
7.42512e-05
8.07565e-05
8.7746e-05
9.52474e-05
0.000103289
0.000111901
0.000121112
0.000130953
0.000141455
0.000152651
0.000164573
0.000177252
0.000190721
0.000205014
0.000220163
0.0002362
0.000253159
0.00027107
0.000289965
0.000309874
0.000330827
0.000352852
0.000375976
0.000400224
0.00042562
0.000452186
0.000479942
0.000508904
0.000539086
0.000570502
0.000603159
0.000637063
0.000672215
0.000708616
0.000746258
0.000785132
0.000825226
0.00086652
0.000908992
0.000952616
0.000997358
0.00104318
0.00109005
0.00113791
0.00118671
0.00123639
0.0012869
0.00133817
0.00139011
0.00144267
0.00149575
0.00154927
0.00160314
0.00165726
0.00171154
0.00176587
0.00182015
0.00187426
0.0019281
0.00198155
0.00203449
0.00208681
0.00213838
0.00218909
0.00223882
0.00228744
0.00233483
0.00238088
0.00242547
0.00246849
0.00250981
0.00254933
0.00258695
0.00262256
0.00265607
0.00268738
0.0027164
0.00274306
0.00276727
0.00278898
0.00280811
0.00282461
0.00283844
0.00284955
0.00285791
0.00286349
0.00286629
0.00286629
0.00286349
0.00285791
0.00284955
0.00283844
0.00282461
0.00280811
0.00278898
0.00276727
0.00274306
0.0027164
0.00268738
0.00265607
0.00262256
0.00258695
0.00254933
0.00250981
0.00246849
0.00242547
0.00238088
0.00233483
0.00228744
0.00223882
0.00218909
0.00213838
0.00208681
0.00203449
0.00198155
0.0019281
0.00187426
0.00182015
0.00176587
0.00171154
0.00165726
0.00160314
0.00154927
0.00149575
0.00144267
0.00139011
0.00133817
0.0012869
0.00123639
0.00118671
0.00113791
0.00109005
0.00104318
0.000997358
0.000952616
0.000908992
0.00086652
0.000825226
0.000785132
0.000746258
0.000708616
0.000672215
0.000637063
0.000603159
0.000570502
0.000539086
0.000508904
0.000479942
0.000452186
0.00042562
0.000400224
0.000375976
0.000352852
0.000330827
0.000309874
0.000289965
0.00027107
0.000253159
0.0002362
0.000220163
0.000205014
0.000190721
0.000177252
0.000164573
0.000152651
0.000141455
0.000130953
0.000121112
0.000111901
0.000103289
9.52474e-05
8.7746e-05
8.07565e-05
7.42512e-05
6.82033e-05
6.25869e-05
5.73769e-05
5.25492e-05
4.80808e-05
4.39494e-05
4.01338e-05
3.66137e-05
3.33697e-05
3.03835e-05
2.76375e-05
2.51151e-05
2.28007e-05
2.06793e-05
1.8737e-05
1.69606e-05
1.53376e-05
1.38563e-05
1.25059e-05
1.12761e-05
1.01573e-05
9.14061e-06
8.21763e-06
7.38064e-06
6.62243e-06
5.9363e-06
5.31607e-06
4.756e-06
4.25078e-06
3.79552e-06
3.38571e-06
3.0172e-06
2.68617e-06
2.38913e-06
2.12286e-06
1.88443e-06
1.67114e-06
1.48055e-06
1.31042e-06
1.1587e-06
1.02355e-06
1.13851e-06
1.28884e-06
1.4576e-06
1.64684e-06
1.85884e-06
2.09608e-06
2.3613e-06
2.65747e-06
2.98788e-06
3.35608e-06
3.76598e-06
4.22182e-06
4.72821e-06
5.29018e-06
5.91316e-06
6.60305e-06
7.36624e-06
8.20961e-06
9.14061e-06
1.01673e-05
1.12982e-05
1.25426e-05
1.39106e-05
1.54126e-05
1.70602e-05
1.88655e-05
2.08415e-05
2.30019e-05
2.53616e-05
2.7936e-05
3.07416e-05
3.37961e-05
3.71177e-05
4.07261e-05
4.46415e-05
4.88857e-05
5.34811e-05
5.84514e-05
6.38213e-05
6.96164e-05
7.58637e-05
8.25909e-05
8.98268e-05
9.76014e-05
0.000105945
0.00011489
0.000124469
0.000134714
0.000145661
0.000157343
0.000169797
0.000183057
0.00019716
0.000212143
0.000228041
0.000244891
0.00026273
0.000281593
0.000301515
0.000322533
0.000344678
0.000367984
0.000392483
0.000418204
0.000445176
0.000473425
0.000502975
0.000533847
0.000566062
0.000599635
0.000634579
0.000670904
0.000708616
0.000747717
0.000788205
0.000830075
0.000873316
0.000917913
0.000963845
0.00101109
0.00105961
0.00110938
0.00116035
0.00121248
0.00126571
0.00132
0.00137526
0.00143144
0.00148847
0.00154625
0.00160471
0.00166375
0.00172328
0.0017832
0.0018434
0.00190378
0.00196421
0.00202458
0.00208477
0.00214466
0.00220411
0.002263
0.00232119
0.00237856
0.00243497
0.00249028
0.00254436
0.00259708
0.0026483
0.0026979
0.00274574
0.0027917
0.00283567
0.00287751
0.00291712
0.00295439
0.00298922
0.0030215
0.00305115
0.00307809
0.00310223
0.00312351
0.00314186
0.00315724
0.0031696
0.0031789
0.00318511
0.00318822
0.00318822
0.00318511
0.0031789
0.0031696
0.00315724
0.00314186
0.00312351
0.00310223
0.00307809
0.00305115
0.0030215
0.00298922
0.00295439
0.00291712
0.00287751
0.00283567
0.0027917
0.00274574
0.0026979
0.0026483
0.00259708
0.00254436
0.00249028
0.00243497
0.00237856
0.00232119
0.002263
0.00220411
0.00214466
0.00208477
0.00202458
0.00196421
0.00190378
0.0018434
0.0017832
0.00172328
0.00166375
0.00160471
0.00154625
0.00148847
0.00143144
0.00137526
0.00132
0.00126571
0.00121248
0.00116035
0.00110938
0.00105961
0.00101109
0.000963845
0.000917913
0.000873316
0.000830075
0.000788205
0.000747717
0.000708616
0.000670904
0.000634579
0.000599635
0.000566062
0.000533847
0.000502975
0.000473425
0.000445176
0.000418204
0.000392483
0.000367984
0.000344678
0.000322533
0.000301515
0.000281593
0.00026273
0.000244891
0.000228041
0.000212143
0.00019716
0.000183057
0.000169797
0.000157343
0.000145661
0.000134714
0.000124469
0.00011489
0.000105945
9.76014e-05
8.98268e-05
8.25909e-05
7.58637e-05
6.96164e-05
6.38213e-05
5.84514e-05
5.34811e-05
4.88857e-05
4.46415e-05
4.07261e-05
3.71177e-05
3.37961e-05
3.07416e-05
2.7936e-05
2.53616e-05
2.30019e-05
2.08415e-05
1.88655e-05
1.70602e-05
1.54126e-05
1.39106e-05
1.25426e-05
1.12982e-05
1.01673e-05
9.14061e-06
8.20961e-06
7.36624e-06
6.60305e-06
5.91316e-06
5.29018e-06
4.72821e-06
4.22182e-06
3.76598e-06
3.35608e-06
2.98788e-06
2.65747e-06
2.3613e-06
2.09608e-06
1.85884e-06
1.64684e-06
1.4576e-06
1.28884e-06
1.13851e-06
1.26515e-06
1.4322e-06
1.61973e-06
1.83002e-06
2.0656e-06
2.32923e-06
2.62395e-06
2.95307e-06
3.32022e-06
3.72938e-06
4.18488e-06
4.69142e-06
5.25414e-06
5.87861e-06
6.57089e-06
7.33752e-06
8.18559e-06
9.12278e-06
1.01573e-05
1.12982e-05
1.25549e-05
1.39378e-05
1.54579e-05
1.7127e-05
1.89579e-05
2.0964e-05
2.31597e-05
2.55605e-05
2.81826e-05
3.10433e-05
3.41611e-05
3.75553e-05
4.12464e-05
4.52561e-05
4.96071e-05
5.43233e-05
5.94299e-05
6.49531e-05
7.09202e-05
7.736e-05
8.43021e-05
9.17776e-05
9.98184e-05
0.000108458
0.00011773
0.00012767
0.000138314
0.000149699
0.000161863
0.000174845
0.000188684
0.000203419
0.000219091
0.000235739
0.000253406
0.000272131
0.000291953
0.000312915
0.000335053
0.000358408
0.000383017
0.000408916
0.000436139
0.000464721
0.000494693
0.000526084
0.000558921
0.000593228
0.000629026
0.000666333
0.000705164
0.000745529
0.000787436
0.000830886
0.000875878
0.000922406
0.000970456
0.00102001
0.00107105
0.00112355
0.00117747
0.00123278
0.00128942
0.00134735
0.0014065
0.00146682
0.00152823
0.00159066
0.00165403
0.00171824
0.0017832
0.00184881
0.00191496
0.00198155
0.00204845
0.00211554
0.00218269
0.00224978
0.00231666
0.00238321
0.00244928
0.00251472
0.00257938
0.00264313
0.00270581
0.00276727
0.00282737
0.00288595
0.00294287
0.00299799
0.00305115
0.00310223
0.00315108
0.00319758
0.0032416
0.00328301
0.00332171
0.00335759
0.00339053
0.00342047
0.00344729
0.00347094
0.00349134
0.00350843
0.00352216
0.00353249
0.0035394
0.00354286
0.00354286
0.0035394
0.00353249
0.00352216
0.00350843
0.00349134
0.00347094
0.00344729
0.00342047
0.00339053
0.00335759
0.00332171
0.00328301
0.0032416
0.00319758
0.00315108
0.00310223
0.00305115
0.00299799
0.00294287
0.00288595
0.00282737
0.00276727
0.00270581
0.00264313
0.00257938
0.00251472
0.00244928
0.00238321
0.00231666
0.00224978
0.00218269
0.00211554
0.00204845
0.00198155
0.00191496
0.00184881
0.0017832
0.00171824
0.00165403
0.00159066
0.00152823
0.00146682
0.0014065
0.00134735
0.00128942
0.00123278
0.00117747
0.00112355
0.00107105
0.00102001
0.000970456
0.000922406
0.000875878
0.000830886
0.000787436
0.000745529
0.000705164
0.000666333
0.000629026
0.000593228
0.000558921
0.000526084
0.000494693
0.000464721
0.000436139
0.000408916
0.000383017
0.000358408
0.000335053
0.000312915
0.000291953
0.000272131
0.000253406
0.000235739
0.000219091
0.000203419
0.000188684
0.000174845
0.000161863
0.000149699
0.000138314
0.00012767
0.00011773
0.000108458
9.98184e-05
9.17776e-05
8.43021e-05
7.736e-05
7.09202e-05
6.49531e-05
5.94299e-05
5.43233e-05
4.96071e-05
4.52561e-05
4.12464e-05
3.75553e-05
3.41611e-05
3.10433e-05
2.81826e-05
2.55605e-05
2.31597e-05
2.0964e-05
1.89579e-05
1.7127e-05
1.54579e-05
1.39378e-05
1.25549e-05
1.12982e-05
1.01573e-05
9.12278e-06
8.18559e-06
7.33752e-06
6.57089e-06
5.87861e-06
5.25414e-06
4.69142e-06
4.18488e-06
3.72938e-06
3.32022e-06
2.95307e-06
2.62395e-06
2.32923e-06
2.0656e-06
1.83002e-06
1.61973e-06
1.4322e-06
1.26515e-06
1.4045e-06
1.58995e-06
1.79814e-06
2.03159e-06
2.29312e-06
2.58579e-06
2.91297e-06
3.27834e-06
3.68594e-06
4.14016e-06
4.64583e-06
5.20816e-06
5.83287e-06
6.52612e-06
7.29465e-06
8.14572e-06
9.08721e-06
1.01276e-05
1.12761e-05
1.25426e-05
1.39378e-05
1.5473e-05
1.71605e-05
1.90135e-05
2.1046e-05
2.32731e-05
2.57107e-05
2.83759e-05
3.12868e-05
3.44626e-05
3.79238e-05
4.16918e-05
4.57895e-05
5.02409e-05
5.50711e-05
6.03069e-05
6.59759e-05
7.21074e-05
7.87318e-05
8.58809e-05
9.35877e-05
0.000101887
0.000110813
0.000120404
0.000130697
0.000141732
0.000153548
0.000166188
0.000179692
0.000194103
0.000209466
0.000225825
0.000243223
0.000261705
0.000281318
0.000302105
0.000324111
0.000347381
0.000371958
0.000397886
0.000425205
0.000453956
0.000484179
0.000515909
0.000549182
0.000584031
0.000620485
0.00065857
0.000698311
0.000739728
0.000782836
0.000827647
0.000874169
0.000922406
0.000972354
0.00102401
0.00107735
0.00113236
0.00118903
0.00124731
0.00130717
0.00136856
0.00143144
0.00149575
0.00156142
0.00162839
0.00169656
0.00176587
0.00183622
0.0019075
0.00197961
0.00205245
0.00212589
0.00219981
0.00227408
0.00234855
0.00242311
0.00249758
0.00257184
0.00264571
0.00271906
0.0027917
0.00286349
0.00293426
0.00300385
0.00307208
0.0031388
0.00320383
0.00326702
0.0033282
0.00338723
0.00344393
0.00349816
0.00354978
0.00359865
0.00364462
0.00368759
0.00372741
0.00376399
0.00379722
0.003827
0.00385325
0.0038759
0.00389487
0.00391011
0.00392158
0.00392925
0.00393309
0.00393309
0.00392925
0.00392158
0.00391011
0.00389487
0.0038759
0.00385325
0.003827
0.00379722
0.00376399
0.00372741
0.00368759
0.00364462
0.00359865
0.00354978
0.00349816
0.00344393
0.00338723
0.0033282
0.00326702
0.00320383
0.0031388
0.00307208
0.00300385
0.00293426
0.00286349
0.0027917
0.00271906
0.00264571
0.00257184
0.00249758
0.00242311
0.00234855
0.00227408
0.00219981
0.00212589
0.00205245
0.00197961
0.0019075
0.00183622
0.00176587
0.00169656
0.00162839
0.00156142
0.00149575
0.00143144
0.00136856
0.00130717
0.00124731
0.00118903
0.00113236
0.00107735
0.00102401
0.000972354
0.000922406
0.000874169
0.000827647
0.000782836
0.000739728
0.000698311
0.00065857
0.000620485
0.000584031
0.000549182
0.000515909
0.000484179
0.000453956
0.000425205
0.000397886
0.000371958
0.000347381
0.000324111
0.000302105
0.000281318
0.000261705
0.000243223
0.000225825
0.000209466
0.000194103
0.000179692
0.000166188
0.000153548
0.000141732
0.000130697
0.000120404
0.000110813
0.000101887
9.35877e-05
8.58809e-05
7.87318e-05
7.21074e-05
6.59759e-05
6.03069e-05
5.50711e-05
5.02409e-05
4.57895e-05
4.16918e-05
3.79238e-05
3.44626e-05
3.12868e-05
2.83759e-05
2.57107e-05
2.32731e-05
2.1046e-05
1.90135e-05
1.71605e-05
1.5473e-05
1.39378e-05
1.25426e-05
1.12761e-05
1.01276e-05
9.08721e-06
8.14572e-06
7.29465e-06
6.52612e-06
5.83287e-06
5.20816e-06
4.64583e-06
4.14016e-06
3.68594e-06
3.27834e-06
2.91297e-06
2.58579e-06
2.29312e-06
2.03159e-06
1.79814e-06
1.58995e-06
1.4045e-06
1.55768e-06
1.76336e-06
1.99425e-06
2.25317e-06
2.54322e-06
2.86781e-06
3.23067e-06
3.63588e-06
4.08793e-06
4.5917e-06
5.15252e-06
5.77618e-06
6.46902e-06
7.23788e-06
8.09023e-06
9.03412e-06
1.00783e-05
1.12322e-05
1.25059e-05
1.39106e-05
1.54579e-05
1.71605e-05
1.90321e-05
2.10872e-05
2.33414e-05
2.58113e-05
2.85148e-05
3.14707e-05
3.4699e-05
3.82212e-05
4.20599e-05
4.62389e-05
5.07835e-05
5.57203e-05
6.10774e-05
6.68841e-05
7.31715e-05
7.99717e-05
8.73186e-05
9.52474e-05
0.000103795
0.000112999
0.000122899
0.000133536
0.000144952
0.00015719
0.000170295
0.000184313
0.00019929
0.000215273
0.000232311
0.000250454
0.000269749
0.000290248
0.000311999
0.000335053
0.00035946
0.000385268
0.000412525
0.00044128
0.000471579
0.000503466
0.000536985
0.000572176
0.000609078
0.000647727
0.000688157
0.000730396
0.000774471
0.000820405
0.000868214
0.000917913
0.000969509
0.00102301
0.0010784
0.00113569
0.00119485
0.00125586
0.00131871
0.00138334
0.00144973
0.00151782
0.00158756
0.00165888
0.00173172
0.00180598
0.0018816
0.00195846
0.00203648
0.00211554
0.00219552
0.0022763
0.00235775
0.00243973
0.00252209
0.0026047
0.00268738
0.00276998
0.00285233
0.00293426
0.0030156
0.00309617
0.0031758
0.00325428
0.00333146
0.00340713
0.00348112
0.00355325
0.00362333
0.00369119
0.00375665
0.00381953
0.00387968
0.00393693
0.00399113
0.00404212
0.00408977
0.00413394
0.0041745
0.00421136
0.00424439
0.0042735
0.00429861
0.00431965
0.00433656
0.00434928
0.00435779
0.00436204
0.00436204
0.00435779
0.00434928
0.00433656
0.00431965
0.00429861
0.0042735
0.00424439
0.00421136
0.0041745
0.00413394
0.00408977
0.00404212
0.00399113
0.00393693
0.00387968
0.00381953
0.00375665
0.00369119
0.00362333
0.00355325
0.00348112
0.00340713
0.00333146
0.00325428
0.0031758
0.00309617
0.0030156
0.00293426
0.00285233
0.00276998
0.00268738
0.0026047
0.00252209
0.00243973
0.00235775
0.0022763
0.00219552
0.00211554
0.00203648
0.00195846
0.0018816
0.00180598
0.00173172
0.00165888
0.00158756
0.00151782
0.00144973
0.00138334
0.00131871
0.00125586
0.00119485
0.00113569
0.0010784
0.00102301
0.000969509
0.000917913
0.000868214
0.000820405
0.000774471
0.000730396
0.000688157
0.000647727
0.000609078
0.000572176
0.000536985
0.000503466
0.000471579
0.00044128
0.000412525
0.000385268
0.00035946
0.000335053
0.000311999
0.000290248
0.000269749
0.000250454
0.000232311
0.000215273
0.00019929
0.000184313
0.000170295
0.00015719
0.000144952
0.000133536
0.000122899
0.000112999
0.000103795
9.52474e-05
8.73186e-05
7.99717e-05
7.31715e-05
6.68841e-05
6.10774e-05
5.57203e-05
5.07835e-05
4.62389e-05
4.20599e-05
3.82212e-05
3.4699e-05
3.14707e-05
2.85148e-05
2.58113e-05
2.33414e-05
2.10872e-05
1.90321e-05
1.71605e-05
1.54579e-05
1.39106e-05
1.25059e-05
1.12322e-05
1.00783e-05
9.03412e-06
8.09023e-06
7.23788e-06
6.46902e-06
5.77618e-06
5.15252e-06
4.5917e-06
4.08793e-06
3.63588e-06
3.23067e-06
2.86781e-06
2.54322e-06
2.25317e-06
1.99425e-06
1.76336e-06
1.55768e-06
1.72588e-06
1.95377e-06
2.20959e-06
2.49647e-06
2.81784e-06
3.17747e-06
3.57952e-06
4.02849e-06
4.52935e-06
5.08752e-06
5.70889e-06
6.3999e-06
7.16755e-06
8.01944e-06
8.96382e-06
1.00096e-05
1.11665e-05
1.2445e-05
1.38563e-05
1.54126e-05
1.7127e-05
1.90135e-05
2.10872e-05
2.33642e-05
2.58618e-05
2.85984e-05
3.15938e-05
3.48689e-05
3.84459e-05
4.23484e-05
4.66015e-05
5.12318e-05
5.62671e-05
6.1737e-05
6.76725e-05
7.41063e-05
8.10726e-05
8.86071e-05
9.67473e-05
0.000105532
0.000115003
0.0001252
0.000136169
0.000147955
0.000160603
0.000174163
0.000188684
0.000204215
0.000220809
0.000238518
0.000257397
0.000277498
0.000298877
0.000321589
0.000345689
0.000371233
0.000398274
0.000426869
0.00045707
0.00048893
0.0005225
0.000557831
0.000594969
0.00063396
0.000674846
0.000717669
0.000762464
0.000809264
0.000858099
0.000908992
0.000961964
0.00101703
0.0010742
0.00113347
0.00119485
0.00125832
0.00132387
0.00139147
0.0014611
0.00153272
0.00160627
0.00168172
0.00175899
0.00183801
0.00191871
0.00200099
0.00208477
0.00216994
0.00225638
0.00234397
0.00243259
0.00252209
0.00261234
0.00270317
0.00279443
0.00288595
0.00297756
0.00306908
0.00316033
0.00325111
0.00334123
0.0034305
0.00351872
0.00360568
0.00369119
0.00377503
0.00385702
0.00393693
0.00401458
0.00408977
0.00416229
0.00423197
0.00429861
0.00436204
0.00442209
0.00447859
0.00453138
0.00458032
0.00462527
0.0046661
0.0047027
0.00473495
0.00476278
0.00478609
0.00480482
0.00481892
0.00482834
0.00483306
0.00483306
0.00482834
0.00481892
0.00480482
0.00478609
0.00476278
0.00473495
0.0047027
0.0046661
0.00462527
0.00458032
0.00453138
0.00447859
0.00442209
0.00436204
0.00429861
0.00423197
0.00416229
0.00408977
0.00401458
0.00393693
0.00385702
0.00377503
0.00369119
0.00360568
0.00351872
0.0034305
0.00334123
0.00325111
0.00316033
0.00306908
0.00297756
0.00288595
0.00279443
0.00270317
0.00261234
0.00252209
0.00243259
0.00234397
0.00225638
0.00216994
0.00208477
0.00200099
0.00191871
0.00183801
0.00175899
0.00168172
0.00160627
0.00153272
0.0014611
0.00139147
0.00132387
0.00125832
0.00119485
0.00113347
0.0010742
0.00101703
0.000961964
0.000908992
0.000858099
0.000809264
0.000762464
0.000717669
0.000674846
0.00063396
0.000594969
0.000557831
0.0005225
0.00048893
0.00045707
0.000426869
0.000398274
0.000371233
0.000345689
0.000321589
0.000298877
0.000277498
0.000257397
0.000238518
0.000220809
0.000204215
0.000188684
0.000174163
0.000160603
0.000147955
0.000136169
0.0001252
0.000115003
0.000105532
9.67473e-05
8.86071e-05
8.10726e-05
7.41063e-05
6.76725e-05
6.1737e-05
5.62671e-05
5.12318e-05
4.66015e-05
4.23484e-05
3.84459e-05
3.48689e-05
3.15938e-05
2.85984e-05
2.58618e-05
2.33642e-05
2.10872e-05
1.90135e-05
1.7127e-05
1.54126e-05
1.38563e-05
1.2445e-05
1.11665e-05
1.00096e-05
8.96382e-06
8.01944e-06
7.16755e-06
6.3999e-06
5.70889e-06
5.08752e-06
4.52935e-06
4.02849e-06
3.57952e-06
3.17747e-06
2.81784e-06
2.49647e-06
2.20959e-06
1.95377e-06
1.72588e-06
1.91037e-06
2.16262e-06
2.44579e-06
2.76334e-06
3.11906e-06
3.51714e-06
3.96216e-06
4.45913e-06
5.01354e-06
5.63137e-06
6.31916e-06
7.08404e-06
7.93375e-06
8.87671e-06
9.92204e-06
1.10797e-05
1.23602e-05
1.37754e-05
1.53376e-05
1.70602e-05
1.89579e-05
2.1046e-05
2.33414e-05
2.58618e-05
2.86264e-05
3.16556e-05
3.49712e-05
3.85963e-05
4.25557e-05
4.68754e-05
5.15832e-05
5.67084e-05
6.2282e-05
6.83366e-05
7.49067e-05
8.20282e-05
8.97391e-05
9.80791e-05
0.000107089
0.000116814
0.000127296
0.000138584
0.000150726
0.000163771
0.000177772
0.000192781
0.000208854
0.000226045
0.000244413
0.000264016
0.000284912
0.000307162
0.000330827
0.000355967
0.000382643
0.000410917
0.00044085
0.000472501
0.00050593
0.000541196
0.000578355
0.000617462
0.00065857
0.000701729
0.000746987
0.000794387
0.000843971
0.000895774
0.000949829
0.00100616
0.0010648
0.00112575
0.00118903
0.00125464
0.00132258
0.00139283
0.00146539
0.00154022
0.00161729
0.00169656
0.00177798
0.00186149
0.00194702
0.00203449
0.00212382
0.0022149
0.00230763
0.0024019
0.00249758
0.00259454
0.00269263
0.0027917
0.00289159
0.00299214
0.00309315
0.00319446
0.00329586
0.00339716
0.00349816
0.00359865
0.00369841
0.00379722
0.00389487
0.00399113
0.00408577
0.00417858
0.00426933
0.00435779
0.00444374
0.00452696
0.00460724
0.00468436
0.00475813
0.00482834
0.00489481
0.00495735
0.00501578
0.00506995
0.00511971
0.0051649
0.00520541
0.00524112
0.00527192
0.00529772
0.00531846
0.00533406
0.00534449
0.00534971
0.00534971
0.00534449
0.00533406
0.00531846
0.00529772
0.00527192
0.00524112
0.00520541
0.0051649
0.00511971
0.00506995
0.00501578
0.00495735
0.00489481
0.00482834
0.00475813
0.00468436
0.00460724
0.00452696
0.00444374
0.00435779
0.00426933
0.00417858
0.00408577
0.00399113
0.00389487
0.00379722
0.00369841
0.00359865
0.00349816
0.00339716
0.00329586
0.00319446
0.00309315
0.00299214
0.00289159
0.0027917
0.00269263
0.00259454
0.00249758
0.0024019
0.00230763
0.0022149
0.00212382
0.00203449
0.00194702
0.00186149
0.00177798
0.00169656
0.00161729
0.00154022
0.00146539
0.00139283
0.00132258
0.00125464
0.00118903
0.00112575
0.0010648
0.00100616
0.000949829
0.000895774
0.000843971
0.000794387
0.000746987
0.000701729
0.00065857
0.000617462
0.000578355
0.000541196
0.00050593
0.000472501
0.00044085
0.000410917
0.000382643
0.000355967
0.000330827
0.000307162
0.000284912
0.000264016
0.000244413
0.000226045
0.000208854
0.000192781
0.000177772
0.000163771
0.000150726
0.000138584
0.000127296
0.000116814
0.000107089
9.80791e-05
8.97391e-05
8.20282e-05
7.49067e-05
6.83366e-05
6.2282e-05
5.67084e-05
5.15832e-05
4.68754e-05
4.25557e-05
3.85963e-05
3.49712e-05
3.16556e-05
2.86264e-05
2.58618e-05
2.33414e-05
2.1046e-05
1.89579e-05
1.70602e-05
1.53376e-05
1.37754e-05
1.23602e-05
1.10797e-05
9.92204e-06
8.87671e-06
7.93375e-06
7.08404e-06
6.31916e-06
5.63137e-06
5.01354e-06
4.45913e-06
3.96216e-06
3.51714e-06
3.11906e-06
2.76334e-06
2.44579e-06
2.16262e-06
1.91037e-06
2.11252e-06
2.39147e-06
2.7046e-06
3.05575e-06
3.44912e-06
3.88932e-06
4.38143e-06
4.93099e-06
5.54406e-06
6.22727e-06
6.98785e-06
7.83367e-06
8.77329e-06
9.81603e-06
1.0972e-05
1.22521e-05
1.36682e-05
1.52331e-05
1.69606e-05
1.88655e-05
2.0964e-05
2.32731e-05
2.58113e-05
2.85984e-05
3.16556e-05
3.50053e-05
3.86718e-05
4.26805e-05
4.70589e-05
5.18357e-05
5.70417e-05
6.27092e-05
6.88726e-05
7.55679e-05
8.28332e-05
9.07083e-05
9.92352e-05
0.000108458
0.000118422
0.000129175
0.000140766
0.000153249
0.000166675
0.000181101
0.000196583
0.000213181
0.000230954
0.000249965
0.000270277
0.000291953
0.000315061
0.000339666
0.000365834
0.000393634
0.000423134
0.0004544
0.0004875
0.0005225
0.000559467
0.000598465
0.000639556
0.000682801
0.000728259
0.000775985
0.000826032
0.000878448
0.000933279
0.000990564
0.00105034
0.00111263
0.00117747
0.00124487
0.00131485
0.0013874
0.00146253
0.00154022
0.00162045
0.0017032
0.00178843
0.00187609
0.00196613
0.00205847
0.00215305
0.00224978
0.00234855
0.00244928
0.00255182
0.00265607
0.00276187
0.00286909
0.00297756
0.00308712
0.00319758
0.00330876
0.00342047
0.00353249
0.00364462
0.00375665
0.00386833
0.00397945
0.00408977
0.00419904
0.00430702
0.00441346
0.00451812
0.00462075
0.0047211
0.00481892
0.00491397
0.00500599
0.00509477
0.00518006
0.00526163
0.00533927
0.00541277
0.00548193
0.00554654
0.00560645
0.00566147
0.00571145
0.00575624
0.00579572
0.00582978
0.00585832
0.00588125
0.0058985
0.00591004
0.00591581
0.00591581
0.00591004
0.0058985
0.00588125
0.00585832
0.00582978
0.00579572
0.00575624
0.00571145
0.00566147
0.00560645
0.00554654
0.00548193
0.00541277
0.00533927
0.00526163
0.00518006
0.00509477
0.00500599
0.00491397
0.00481892
0.0047211
0.00462075
0.00451812
0.00441346
0.00430702
0.00419904
0.00408977
0.00397945
0.00386833
0.00375665
0.00364462
0.00353249
0.00342047
0.00330876
0.00319758
0.00308712
0.00297756
0.00286909
0.00276187
0.00265607
0.00255182
0.00244928
0.00234855
0.00224978
0.00215305
0.00205847
0.00196613
0.00187609
0.00178843
0.0017032
0.00162045
0.00154022
0.00146253
0.0013874
0.00131485
0.00124487
0.00117747
0.00111263
0.00105034
0.000990564
0.000933279
0.000878448
0.000826032
0.000775985
0.000728259
0.000682801
0.000639556
0.000598465
0.000559467
0.0005225
0.0004875
0.0004544
0.000423134
0.000393634
0.000365834
0.000339666
0.000315061
0.000291953
0.000270277
0.000249965
0.000230954
0.000213181
0.000196583
0.000181101
0.000166675
0.000153249
0.000140766
0.000129175
0.000118422
0.000108458
9.92352e-05
9.07083e-05
8.28332e-05
7.55679e-05
6.88726e-05
6.27092e-05
5.70417e-05
5.18357e-05
4.70589e-05
4.26805e-05
3.86718e-05
3.50053e-05
3.16556e-05
2.85984e-05
2.58113e-05
2.32731e-05
2.0964e-05
1.88655e-05
1.69606e-05
1.52331e-05
1.36682e-05
1.22521e-05
1.0972e-05
9.81603e-06
8.77329e-06
7.83367e-06
6.98785e-06
6.22727e-06
5.54406e-06
4.93099e-06
4.38143e-06
3.88932e-06
3.44912e-06
3.05575e-06
2.7046e-06
2.39147e-06
2.11252e-06
2.33379e-06
2.64195e-06
2.98788e-06
3.3758e-06
3.81037e-06
4.29669e-06
4.84034e-06
5.44746e-06
6.12474e-06
6.87951e-06
7.71975e-06
8.65416e-06
9.6922e-06
1.08442e-05
1.21212e-05
1.35354e-05
1.50998e-05
1.68286e-05
1.8737e-05
2.08415e-05
2.31597e-05
2.57107e-05
2.85148e-05
3.15938e-05
3.49712e-05
3.86718e-05
4.27222e-05
4.71509e-05
5.19878e-05
5.72649e-05
6.30162e-05
6.92773e-05
7.60863e-05
8.34829e-05
9.15091e-05
0.000100209
0.000109629
0.000119817
0.000130825
0.000142704
0.00015551
0.0001693
0.000184133
0.00020007
0.000217173
0.000235509
0.000255144
0.000276146
0.000298585
0.000322533
0.00034806
0.000375242
0.000404152
0.000434863
0.000467452
0.000501993
0.00053856
0.000577227
0.000618066
0.000661148
0.000706543
0.000754317
0.000804537
0.000857261
0.00091255
0.000970456
0.00103103
0.00109431
0.00116035
0.00122917
0.0013008
0.00137526
0.00145257
0.00153272
0.00161571
0.00170154
0.00179018
0.0018816
0.00197575
0.00207259
0.00217206
0.00227408
0.00237856
0.00248542
0.00259454
0.00270581
0.0028191
0.00293426
0.00305115
0.0031696
0.00328943
0.00341046
0.00353249
0.00365532
0.00377872
0.00390248
0.00402636
0.00415012
0.0042735
0.00439626
0.00451812
0.00463884
0.00475813
0.00487573
0.00499135
0.00510473
0.00521559
0.00532365
0.00542865
0.00553032
0.00562839
0.00572261
0.00581273
0.0058985
0.0059797
0.0060561
0.00612749
0.00619366
0.00625444
0.00630966
0.00635915
0.00640276
0.00644039
0.00647192
0.00649725
0.00651631
0.00652905
0.00653543
0.00653543
0.00652905
0.00651631
0.00649725
0.00647192
0.00644039
0.00640276
0.00635915
0.00630966
0.00625444
0.00619366
0.00612749
0.0060561
0.0059797
0.0058985
0.00581273
0.00572261
0.00562839
0.00553032
0.00542865
0.00532365
0.00521559
0.00510473
0.00499135
0.00487573
0.00475813
0.00463884
0.00451812
0.00439626
0.0042735
0.00415012
0.00402636
0.00390248
0.00377872
0.00365532
0.00353249
0.00341046
0.00328943
0.0031696
0.00305115
0.00293426
0.0028191
0.00270581
0.00259454
0.00248542
0.00237856
0.00227408
0.00217206
0.00207259
0.00197575
0.0018816
0.00179018
0.00170154
0.00161571
0.00153272
0.00145257
0.00137526
0.0013008
0.00122917
0.00116035
0.00109431
0.00103103
0.000970456
0.00091255
0.000857261
0.000804537
0.000754317
0.000706543
0.000661148
0.000618066
0.000577227
0.00053856
0.000501993
0.000467452
0.000434863
0.000404152
0.000375242
0.00034806
0.000322533
0.000298585
0.000276146
0.000255144
0.000235509
0.000217173
0.00020007
0.000184133
0.0001693
0.00015551
0.000142704
0.000130825
0.000119817
0.000109629
0.000100209
9.15091e-05
8.34829e-05
7.60863e-05
6.92773e-05
6.30162e-05
5.72649e-05
5.19878e-05
4.71509e-05
4.27222e-05
3.86718e-05
3.49712e-05
3.15938e-05
2.85148e-05
2.57107e-05
2.31597e-05
2.08415e-05
1.8737e-05
1.68286e-05
1.50998e-05
1.35354e-05
1.21212e-05
1.08442e-05
9.6922e-06
8.65416e-06
7.71975e-06
6.87951e-06
6.12474e-06
5.44746e-06
4.84034e-06
4.29669e-06
3.81037e-06
3.3758e-06
2.98788e-06
2.64195e-06
2.33379e-06
2.57571e-06
2.91581e-06
3.2976e-06
3.72574e-06
4.20536e-06
4.74209e-06
5.3421e-06
6.01215e-06
6.75964e-06
7.59265e-06
8.51999e-06
9.55126e-06
1.06969e-05
1.19683e-05
1.33777e-05
1.49384e-05
1.6665e-05
1.85731e-05
2.06793e-05
2.30019e-05
2.55605e-05
2.83759e-05
3.14707e-05
3.48689e-05
3.85963e-05
4.26805e-05
4.71509e-05
5.20386e-05
5.73769e-05
6.32011e-05
6.95485e-05
7.64587e-05
8.39735e-05
9.21368e-05
0.000100995
0.000110597
0.000120993
0.000132238
0.000144386
0.000157497
0.000171631
0.00018685
0.00020322
0.000220809
0.000239686
0.000259923
0.000281593
0.000304772
0.000329537
0.000355967
0.000384141
0.00041414
0.000446046
0.000479942
0.000515909
0.00055403
0.000594388
0.000637063
0.000682135
0.000729683
0.000779784
0.000832511
0.000887936
0.000946126
0.00100715
0.00107105
0.00113791
0.00120775
0.00128063
0.00135659
0.00143564
0.00151782
0.00160314
0.0016916
0.0017832
0.00187792
0.00197575
0.00207664
0.00218056
0.00228744
0.00239722
0.00250981
0.00262512
0.00274306
0.00286349
0.0029863
0.00311133
0.00323843
0.00336744
0.00349816
0.00363042
0.00376399
0.00389867
0.00403423
0.00417043
0.00430702
0.00444374
0.00458032
0.00471649
0.00485198
0.00498648
0.00511971
0.00525136
0.00538115
0.00550876
0.00563389
0.00575624
0.00587551
0.00599139
0.0061036
0.00621184
0.00631582
0.00641528
0.00650995
0.00659956
0.00668388
0.00676267
0.0068357
0.00690279
0.00696372
0.00701834
0.00706648
0.00710801
0.0071428
0.00717076
0.0071918
0.00720586
0.0072129
0.0072129
0.00720586
0.0071918
0.00717076
0.0071428
0.00710801
0.00706648
0.00701834
0.00696372
0.00690279
0.0068357
0.00676267
0.00668388
0.00659956
0.00650995
0.00641528
0.00631582
0.00621184
0.0061036
0.00599139
0.00587551
0.00575624
0.00563389
0.00550876
0.00538115
0.00525136
0.00511971
0.00498648
0.00485198
0.00471649
0.00458032
0.00444374
0.00430702
0.00417043
0.00403423
0.00389867
0.00376399
0.00363042
0.00349816
0.00336744
0.00323843
0.00311133
0.0029863
0.00286349
0.00274306
0.00262512
0.00250981
0.00239722
0.00228744
0.00218056
0.00207664
0.00197575
0.00187792
0.0017832
0.0016916
0.00160314
0.00151782
0.00143564
0.00135659
0.00128063
0.00120775
0.00113791
0.00107105
0.00100715
0.000946126
0.000887936
0.000832511
0.000779784
0.000729683
0.000682135
0.000637063
0.000594388
0.00055403
0.000515909
0.000479942
0.000446046
0.00041414
0.000384141
0.000355967
0.000329537
0.000304772
0.000281593
0.000259923
0.000239686
0.000220809
0.00020322
0.00018685
0.000171631
0.000157497
0.000144386
0.000132238
0.000120993
0.000110597
0.000100995
9.21368e-05
8.39735e-05
7.64587e-05
6.95485e-05
6.32011e-05
5.73769e-05
5.20386e-05
4.71509e-05
4.26805e-05
3.85963e-05
3.48689e-05
3.14707e-05
2.83759e-05
2.55605e-05
2.30019e-05
2.06793e-05
1.85731e-05
1.6665e-05
1.49384e-05
1.33777e-05
1.19683e-05
1.06969e-05
9.55126e-06
8.51999e-06
7.59265e-06
6.75964e-06
6.01215e-06
5.3421e-06
4.74209e-06
4.20536e-06
3.72574e-06
3.2976e-06
2.91581e-06
2.57571e-06
2.83994e-06
3.21493e-06
3.63588e-06
4.10794e-06
4.63676e-06
5.22855e-06
5.89011e-06
6.6289e-06
7.45307e-06
8.37153e-06
9.394e-06
1.05311e-05
1.17942e-05
1.3196e-05
1.475e-05
1.64709e-05
1.83746e-05
2.04783e-05
2.28007e-05
2.53616e-05
2.81826e-05
3.12868e-05
3.4699e-05
3.84459e-05
4.25557e-05
4.70589e-05
5.19878e-05
5.73769e-05
6.32628e-05
6.96845e-05
7.6683e-05
8.43021e-05
9.25878e-05
0.000101589
0.000111355
0.000121942
0.000133405
0.000145803
0.000159198
0.000173654
0.000189237
0.000206018
0.000224067
0.00024346
0.000264274
0.000286586
0.00031048
0.000336036
0.000363342
0.000392483
0.000423547
0.000456624
0.000491803
0.000529176
0.000568833
0.000610865
0.000655362
0.000702415
0.000752111
0.000804537
0.000859777
0.000917913
0.000979023
0.00104318
0.00111046
0.00118093
0.00125464
0.00133165
0.00141201
0.00149575
0.00158292
0.00167353
0.0017676
0.00186513
0.00196613
0.00207057
0.00217843
0.00228967
0.00240425
0.00252209
0.00264313
0.00276727
0.00289442
0.00302445
0.00315724
0.00329264
0.0034305
0.00357064
0.00371288
0.00385702
0.00400284
0.00415012
0.00429861
0.00444808
0.00459825
0.00474885
0.00489959
0.00505019
0.00520033
0.00534971
0.00549801
0.0056449
0.00579007
0.00593317
0.00607387
0.00621184
0.00634674
0.00647824
0.00660601
0.00672973
0.00684907
0.00696372
0.00707339
0.00717776
0.00727657
0.00736954
0.00745641
0.00753694
0.0076109
0.00767809
0.00773831
0.00779139
0.00783717
0.00787554
0.00790636
0.00792956
0.00794506
0.00795282
0.00795282
0.00794506
0.00792956
0.00790636
0.00787554
0.00783717
0.00779139
0.00773831
0.00767809
0.0076109
0.00753694
0.00745641
0.00736954
0.00727657
0.00717776
0.00707339
0.00696372
0.00684907
0.00672973
0.00660601
0.00647824
0.00634674
0.00621184
0.00607387
0.00593317
0.00579007
0.0056449
0.00549801
0.00534971
0.00520033
0.00505019
0.00489959
0.00474885
0.00459825
0.00444808
0.00429861
0.00415012
0.00400284
0.00385702
0.00371288
0.00357064
0.0034305
0.00329264
0.00315724
0.00302445
0.00289442
0.00276727
0.00264313
0.00252209
0.00240425
0.00228967
0.00217843
0.00207057
0.00196613
0.00186513
0.0017676
0.00167353
0.00158292
0.00149575
0.00141201
0.00133165
0.00125464
0.00118093
0.00111046
0.00104318
0.000979023
0.000917913
0.000859777
0.000804537
0.000752111
0.000702415
0.000655362
0.000610865
0.000568833
0.000529176
0.000491803
0.000456624
0.000423547
0.000392483
0.000363342
0.000336036
0.00031048
0.000286586
0.000264274
0.00024346
0.000224067
0.000206018
0.000189237
0.000173654
0.000159198
0.000145803
0.000133405
0.000121942
0.000111355
0.000101589
9.25878e-05
8.43021e-05
7.6683e-05
6.96845e-05
6.32628e-05
5.73769e-05
5.19878e-05
4.70589e-05
4.25557e-05
3.84459e-05
3.4699e-05
3.12868e-05
2.81826e-05
2.53616e-05
2.28007e-05
2.04783e-05
1.83746e-05
1.64709e-05
1.475e-05
1.3196e-05
1.17942e-05
1.05311e-05
9.394e-06
8.37153e-06
7.45307e-06
6.6289e-06
5.89011e-06
5.22855e-06
4.63676e-06
4.10794e-06
3.63588e-06
3.21493e-06
2.83994e-06
3.12821e-06
3.54127e-06
4.00495e-06
4.52493e-06
5.10743e-06
5.75928e-06
6.488e-06
7.30178e-06
8.20961e-06
9.2213e-06
1.03476e-05
1.16e-05
1.29914e-05
1.45355e-05
1.62472e-05
1.81428e-05
2.02398e-05
2.25571e-05
2.51151e-05
2.7936e-05
3.10433e-05
3.44626e-05
3.82212e-05
4.23484e-05
4.68754e-05
5.18357e-05
5.72649e-05
6.32011e-05
6.96845e-05
7.6758e-05
8.44669e-05
9.28594e-05
0.000101986
0.000111901
0.000122659
0.00013432
0.000146947
0.000160603
0.000175358
0.000191281
0.000208446
0.00022693
0.000246812
0.000268173
0.000291099
0.000315677
0.000341996
0.000370147
0.000400224
0.000432323
0.00046654
0.000502975
0.000541725
0.000582891
0.000626574
0.000672872
0.000721887
0.000773715
0.000828456
0.000886203
0.00094705
0.00101109
0.0010784
0.00114907
0.00122318
0.0013008
0.00138199
0.00146682
0.00155533
0.00164758
0.00174359
0.0018434
0.00194702
0.00205446
0.0021657
0.00228075
0.00239956
0.00252209
0.0026483
0.0027781
0.00291143
0.00304817
0.00318822
0.00333146
0.00347772
0.00362687
0.00377872
0.00393309
0.00408977
0.00424853
0.00440915
0.00457138
0.00473495
0.00489959
0.005065
0.00523089
0.00539694
0.00556282
0.0057282
0.00589275
0.0060561
0.0062179
0.0063778
0.00653543
0.00669041
0.00684238
0.00699098
0.00713583
0.00727657
0.00741284
0.0075443
0.00767059
0.00779139
0.00790636
0.0080152
0.0081176
0.00821329
0.00830199
0.00838346
0.00845747
0.0085238
0.00858227
0.00863271
0.00867496
0.00870891
0.00873447
0.00875154
0.00876009
0.00876009
0.00875154
0.00873447
0.00870891
0.00867496
0.00863271
0.00858227
0.0085238
0.00845747
0.00838346
0.00830199
0.00821329
0.0081176
0.0080152
0.00790636
0.00779139
0.00767059
0.0075443
0.00741284
0.00727657
0.00713583
0.00699098
0.00684238
0.00669041
0.00653543
0.0063778
0.0062179
0.0060561
0.00589275
0.0057282
0.00556282
0.00539694
0.00523089
0.005065
0.00489959
0.00473495
0.00457138
0.00440915
0.00424853
0.00408977
0.00393309
0.00377872
0.00362687
0.00347772
0.00333146
0.00318822
0.00304817
0.00291143
0.0027781
0.0026483
0.00252209
0.00239956
0.00228075
0.0021657
0.00205446
0.00194702
0.0018434
0.00174359
0.00164758
0.00155533
0.00146682
0.00138199
0.0013008
0.00122318
0.00114907
0.0010784
0.00101109
0.00094705
0.000886203
0.000828456
0.000773715
0.000721887
0.000672872
0.000626574
0.000582891
0.000541725
0.000502975
0.00046654
0.000432323
0.000400224
0.000370147
0.000341996
0.000315677
0.000291099
0.000268173
0.000246812
0.00022693
0.000208446
0.000191281
0.000175358
0.000160603
0.000146947
0.00013432
0.000122659
0.000111901
0.000101986
9.28594e-05
8.44669e-05
7.6758e-05
6.96845e-05
6.32011e-05
5.72649e-05
5.18357e-05
4.68754e-05
4.23484e-05
3.82212e-05
3.44626e-05
3.10433e-05
2.7936e-05
2.51151e-05
2.25571e-05
2.02398e-05
1.81428e-05
1.62472e-05
1.45355e-05
1.29914e-05
1.16e-05
1.03476e-05
9.2213e-06
8.20961e-06
7.30178e-06
6.488e-06
5.75928e-06
5.10743e-06
4.52493e-06
4.00495e-06
3.54127e-06
3.12821e-06
3.44239e-06
3.89693e-06
4.40718e-06
4.97938e-06
5.62038e-06
6.3377e-06
7.1396e-06
8.03511e-06
9.03412e-06
1.01474e-05
1.13868e-05
1.27651e-05
1.42962e-05
1.59953e-05
1.7879e-05
1.99649e-05
2.22725e-05
2.48225e-05
2.76375e-05
3.07416e-05
3.41611e-05
3.79238e-05
4.20599e-05
4.66015e-05
5.15832e-05
5.70417e-05
6.30162e-05
6.95485e-05
7.6683e-05
8.44669e-05
9.29501e-05
0.000102186
0.000112229
0.000123139
0.000134978
0.00014781
0.000161705
0.000176733
0.000192969
0.000210492
0.000229381
0.000249721
0.0002716
0.000295107
0.000320335
0.000347381
0.000376343
0.000407321
0.000440419
0.000475742
0.000513396
0.00055349
0.000596132
0.000641432
0.000689502
0.00074045
0.000794387
0.000851421
0.000911659
0.000975206
0.00104216
0.00111263
0.00118671
0.00126448
0.00134603
0.00143144
0.00152079
0.00161414
0.00171154
0.00181305
0.00191871
0.00202854
0.00214256
0.00226079
0.00238321
0.00250981
0.00264055
0.00277539
0.00291427
0.00305712
0.00320383
0.00335431
0.00350843
0.00366604
0.003827
0.00399113
0.00415823
0.0043281
0.00450051
0.00467522
0.00485198
0.0050305
0.0052105
0.00539167
0.00557369
0.00575624
0.00593896
0.00612151
0.0063035
0.00648457
0.00666433
0.00684238
0.00701834
0.0071918
0.00736234
0.00752958
0.0076931
0.0078525
0.00800737
0.00815733
0.00830199
0.00844097
0.00857389
0.00870041
0.00882018
0.00893287
0.00903817
0.00913578
0.00922543
0.00930687
0.00937987
0.00944421
0.00949971
0.00954621
0.00958357
0.00961169
0.00963048
0.00963989
0.00963989
0.00963048
0.00961169
0.00958357
0.00954621
0.00949971
0.00944421
0.00937987
0.00930687
0.00922543
0.00913578
0.00903817
0.00893287
0.00882018
0.00870041
0.00857389
0.00844097
0.00830199
0.00815733
0.00800737
0.0078525
0.0076931
0.00752958
0.00736234
0.0071918
0.00701834
0.00684238
0.00666433
0.00648457
0.0063035
0.00612151
0.00593896
0.00575624
0.00557369
0.00539167
0.0052105
0.0050305
0.00485198
0.00467522
0.00450051
0.0043281
0.00415823
0.00399113
0.003827
0.00366604
0.00350843
0.00335431
0.00320383
0.00305712
0.00291427
0.00277539
0.00264055
0.00250981
0.00238321
0.00226079
0.00214256
0.00202854
0.00191871
0.00181305
0.00171154
0.00161414
0.00152079
0.00143144
0.00134603
0.00126448
0.00118671
0.00111263
0.00104216
0.000975206
0.000911659
0.000851421
0.000794387
0.00074045
0.000689502
0.000641432
0.000596132
0.00055349
0.000513396
0.000475742
0.000440419
0.000407321
0.000376343
0.000347381
0.000320335
0.000295107
0.0002716
0.000249721
0.000229381
0.000210492
0.000192969
0.000176733
0.000161705
0.00014781
0.000134978
0.000123139
0.000112229
0.000102186
9.29501e-05
8.44669e-05
7.6683e-05
6.95485e-05
6.30162e-05
5.70417e-05
5.15832e-05
4.66015e-05
4.20599e-05
3.79238e-05
3.41611e-05
3.07416e-05
2.76375e-05
2.48225e-05
2.22725e-05
1.99649e-05
1.7879e-05
1.59953e-05
1.42962e-05
1.27651e-05
1.13868e-05
1.01474e-05
9.03412e-06
8.03511e-06
7.1396e-06
6.3377e-06
5.62038e-06
4.97938e-06
4.40718e-06
3.89693e-06
3.44239e-06
3.78442e-06
4.28412e-06
4.84507e-06
5.47412e-06
6.17881e-06
6.96741e-06
7.84898e-06
8.83347e-06
9.93173e-06
1.11557e-05
1.25182e-05
1.40334e-05
1.57166e-05
1.75846e-05
1.96554e-05
2.19486e-05
2.44854e-05
2.72888e-05
3.03835e-05
3.37961e-05
3.75553e-05
4.16918e-05
4.62389e-05
5.12318e-05
5.67084e-05
6.27092e-05
6.92773e-05
7.64587e-05
8.43021e-05
9.28594e-05
0.000102186
0.000112338
0.00012338
0.000135374
0.000148389
0.000162497
0.000177772
0.000194293
0.000212143
0.000231406
0.000252172
0.000274533
0.000298585
0.000324428
0.000352163
0.000381896
0.000413736
0.000447792
0.000484179
0.000523011
0.000564406
0.000608483
0.000655362
0.000705164
0.00075801
0.00081402
0.000873316
0.000936017
0.00100224
0.0010721
0.00114571
0.00122318
0.00130462
0.00139011
0.00147977
0.00157367
0.00167189
0.00177451
0.0018816
0.00199319
0.00210935
0.00223009
0.00235545
0.00248542
0.00262
0.00275918
0.00290291
0.00305115
0.00320383
0.00336087
0.00352216
0.00368759
0.00385702
0.00403029
0.00420724
0.00438768
0.00457138
0.00475813
0.00494767
0.00513974
0.00533406
0.00553032
0.0057282
0.00592738
0.00612749
0.00632817
0.00652905
0.00672973
0.0069298
0.00712886
0.00732648
0.00752223
0.00771567
0.00790636
0.00809385
0.00827771
0.00845747
0.00863271
0.00880297
0.00896783
0.00912686
0.00927965
0.00942578
0.00956487
0.00969654
0.00982042
0.00993618
0.0100435
0.0101421
0.0102316
0.0103118
0.0103826
0.0104436
0.0104947
0.0105358
0.0105667
0.0105873
0.0105977
0.0105977
0.0105873
0.0105667
0.0105358
0.0104947
0.0104436
0.0103826
0.0103118
0.0102316
0.0101421
0.0100435
0.00993618
0.00982042
0.00969654
0.00956487
0.00942578
0.00927965
0.00912686
0.00896783
0.00880297
0.00863271
0.00845747
0.00827771
0.00809385
0.00790636
0.00771567
0.00752223
0.00732648
0.00712886
0.0069298
0.00672973
0.00652905
0.00632817
0.00612749
0.00592738
0.0057282
0.00553032
0.00533406
0.00513974
0.00494767
0.00475813
0.00457138
0.00438768
0.00420724
0.00403029
0.00385702
0.00368759
0.00352216
0.00336087
0.00320383
0.00305115
0.00290291
0.00275918
0.00262
0.00248542
0.00235545
0.00223009
0.00210935
0.00199319
0.0018816
0.00177451
0.00167189
0.00157367
0.00147977
0.00139011
0.00130462
0.00122318
0.00114571
0.0010721
0.00100224
0.000936017
0.000873316
0.00081402
0.00075801
0.000705164
0.000655362
0.000608483
0.000564406
0.000523011
0.000484179
0.000447792
0.000413736
0.000381896
0.000352163
0.000324428
0.000298585
0.000274533
0.000252172
0.000231406
0.000212143
0.000194293
0.000177772
0.000162497
0.000148389
0.000135374
0.00012338
0.000112338
0.000102186
9.28594e-05
8.43021e-05
7.64587e-05
6.92773e-05
6.27092e-05
5.67084e-05
5.12318e-05
4.62389e-05
4.16918e-05
3.75553e-05
3.37961e-05
3.03835e-05
2.72888e-05
2.44854e-05
2.19486e-05
1.96554e-05
1.75846e-05
1.57166e-05
1.40334e-05
1.25182e-05
1.11557e-05
9.93173e-06
8.83347e-06
7.84898e-06
6.96741e-06
6.17881e-06
5.47412e-06
4.84507e-06
4.28412e-06
3.78442e-06
4.15637e-06
4.70518e-06
5.32127e-06
6.01215e-06
6.7861e-06
7.6522e-06
8.62042e-06
9.70167e-06
1.09079e-05
1.22521e-05
1.37485e-05
1.54126e-05
1.72613e-05
1.93129e-05
2.15872e-05
2.41058e-05
2.6892e-05
2.99709e-05
3.33697e-05
3.71177e-05
4.12464e-05
4.57895e-05
5.07835e-05
5.62671e-05
6.2282e-05
6.88726e-05
7.60863e-05
8.39735e-05
9.25878e-05
0.000101986
0.000112229
0.00012338
0.000135506
0.000148679
0.000162973
0.000178468
0.000195244
0.000213389
0.000232993
0.000254149
0.000276956
0.000301515
0.000327932
0.000356314
0.000386776
0.000419431
0.0004544
0.000491803
0.000531766
0.000574415
0.000619879
0.000668288
0.000719775
0.000774471
0.000832511
0.000894026
0.00095915
0.00102801
0.00110075
0.00117747
0.00125832
0.0013434
0.00143284
0.00152674
0.00162521
0.00172834
0.00183622
0.00194892
0.00206653
0.00218909
0.00231666
0.00244928
0.00258695
0.0027297
0.00287751
0.00303036
0.00318822
0.00335103
0.00351872
0.00369119
0.00386833
0.00405002
0.0042361
0.00442641
0.00462075
0.00481892
0.00502068
0.00522578
0.00543396
0.0056449
0.00585832
0.00607387
0.0062912
0.00650995
0.00672973
0.00695014
0.00717076
0.00739116
0.0076109
0.00782952
0.00804657
0.00826155
0.00847401
0.00868344
0.00888936
0.00909128
0.00928871
0.00948117
0.00966817
0.00984924
0.0100239
0.0101917
0.0103522
0.010505
0.0106496
0.0107856
0.0109128
0.0110306
0.0111389
0.0112372
0.0113253
0.011403
0.01147
0.0115262
0.0115713
0.0116052
0.0116279
0.0116393
0.0116393
0.0116279
0.0116052
0.0115713
0.0115262
0.01147
0.011403
0.0113253
0.0112372
0.0111389
0.0110306
0.0109128
0.0107856
0.0106496
0.010505
0.0103522
0.0101917
0.0100239
0.00984924
0.00966817
0.00948117
0.00928871
0.00909128
0.00888936
0.00868344
0.00847401
0.00826155
0.00804657
0.00782952
0.0076109
0.00739116
0.00717076
0.00695014
0.00672973
0.00650995
0.0062912
0.00607387
0.00585832
0.0056449
0.00543396
0.00522578
0.00502068
0.00481892
0.00462075
0.00442641
0.0042361
0.00405002
0.00386833
0.00369119
0.00351872
0.00335103
0.00318822
0.00303036
0.00287751
0.0027297
0.00258695
0.00244928
0.00231666
0.00218909
0.00206653
0.00194892
0.00183622
0.00172834
0.00162521
0.00152674
0.00143284
0.0013434
0.00125832
0.00117747
0.00110075
0.00102801
0.00095915
0.000894026
0.000832511
0.000774471
0.000719775
0.000668288
0.000619879
0.000574415
0.000531766
0.000491803
0.0004544
0.000419431
0.000386776
0.000356314
0.000327932
0.000301515
0.000276956
0.000254149
0.000232993
0.000213389
0.000195244
0.000178468
0.000162973
0.000148679
0.000135506
0.00012338
0.000112229
0.000101986
9.25878e-05
8.39735e-05
7.60863e-05
6.88726e-05
6.2282e-05
5.62671e-05
5.07835e-05
4.57895e-05
4.12464e-05
3.71177e-05
3.33697e-05
2.99709e-05
2.6892e-05
2.41058e-05
2.15872e-05
1.93129e-05
1.72613e-05
1.54126e-05
1.37485e-05
1.22521e-05
1.09079e-05
9.70167e-06
8.62042e-06
7.6522e-06
6.7861e-06
6.01215e-06
5.32127e-06
4.70518e-06
4.15637e-06
4.56042e-06
5.16259e-06
5.83857e-06
6.59661e-06
7.44579e-06
8.39609e-06
9.45844e-06
1.06448e-05
1.19683e-05
1.34431e-05
1.5085e-05
1.6911e-05
1.89394e-05
2.11904e-05
2.36858e-05
2.64492e-05
2.95063e-05
3.28845e-05
3.66137e-05
4.07261e-05
4.52561e-05
5.02409e-05
5.57203e-05
6.1737e-05
6.83366e-05
7.55679e-05
8.34829e-05
9.21368e-05
0.000101589
0.000111901
0.000123139
0.000135374
0.000148679
0.000163133
0.000178817
0.000195817
0.000214224
0.000234133
0.000255643
0.000278856
0.00030388
0.000330827
0.000359811
0.000390953
0.000424375
0.000460205
0.000498573
0.000539613
0.000583461
0.000630256
0.000680139
0.000733255
0.000789746
0.00084976
0.000913442
0.000980937
0.00105239
0.00112795
0.00120775
0.00129194
0.00138064
0.001474
0.00157213
0.00167516
0.0017832
0.00189635
0.00201472
0.00213838
0.00226742
0.0024019
0.00254187
0.00268738
0.00283844
0.00299506
0.00315724
0.00332496
0.00349816
0.0036768
0.00386078
0.00405002
0.00424439
0.00444374
0.00464791
0.00485672
0.00506995
0.00528738
0.00550876
0.0057338
0.00596221
0.00619366
0.00642782
0.00666433
0.00690279
0.0071428
0.00738394
0.00762578
0.00786785
0.00810968
0.00835078
0.00859066
0.0088288
0.00906469
0.00929779
0.00952758
0.00975352
0.00997507
0.0101917
0.0104029
0.010608
0.0108067
0.0109984
0.0111825
0.0113586
0.0115262
0.0116848
0.0118341
0.0119736
0.0121029
0.0122217
0.0123296
0.0124263
0.0125115
0.0125851
0.0126467
0.0126962
0.0127334
0.0127583
0.0127708
0.0127708
0.0127583
0.0127334
0.0126962
0.0126467
0.0125851
0.0125115
0.0124263
0.0123296
0.0122217
0.0121029
0.0119736
0.0118341
0.0116848
0.0115262
0.0113586
0.0111825
0.0109984
0.0108067
0.010608
0.0104029
0.0101917
0.00997507
0.00975352
0.00952758
0.00929779
0.00906469
0.0088288
0.00859066
0.00835078
0.00810968
0.00786785
0.00762578
0.00738394
0.0071428
0.00690279
0.00666433
0.00642782
0.00619366
0.00596221
0.0057338
0.00550876
0.00528738
0.00506995
0.00485672
0.00464791
0.00444374
0.00424439
0.00405002
0.00386078
0.0036768
0.00349816
0.00332496
0.00315724
0.00299506
0.00283844
0.00268738
0.00254187
0.0024019
0.00226742
0.00213838
0.00201472
0.00189635
0.0017832
0.00167516
0.00157213
0.001474
0.00138064
0.00129194
0.00120775
0.00112795
0.00105239
0.000980937
0.000913442
0.00084976
0.000789746
0.000733255
0.000680139
0.000630256
0.000583461
0.000539613
0.000498573
0.000460205
0.000424375
0.000390953
0.000359811
0.000330827
0.00030388
0.000278856
0.000255643
0.000234133
0.000214224
0.000195817
0.000178817
0.000163133
0.000148679
0.000135374
0.000123139
0.000111901
0.000101589
9.21368e-05
8.34829e-05
7.55679e-05
6.83366e-05
6.1737e-05
5.57203e-05
5.02409e-05
4.52561e-05
4.07261e-05
3.66137e-05
3.28845e-05
2.95063e-05
2.64492e-05
2.36858e-05
2.11904e-05
1.89394e-05
1.6911e-05
1.5085e-05
1.34431e-05
1.19683e-05
1.06448e-05
9.45844e-06
8.39609e-06
7.44579e-06
6.59661e-06
5.83857e-06
5.16259e-06
4.56042e-06
4.99887e-06
5.65893e-06
6.3999e-06
7.23082e-06
8.16165e-06
9.20331e-06
1.03678e-05
1.16682e-05
1.31189e-05
1.47356e-05
1.65354e-05
1.85368e-05
2.07602e-05
2.32277e-05
2.5963e-05
2.89921e-05
3.23431e-05
3.60461e-05
4.01338e-05
4.46415e-05
4.96071e-05
5.50711e-05
6.10774e-05
6.76725e-05
7.49067e-05
8.28332e-05
9.15091e-05
0.000100995
0.000111355
0.000122659
0.000134978
0.000148389
0.000162973
0.000178817
0.000196008
0.000214643
0.00023482
0.000256644
0.000280221
0.000305666
0.000333096
0.000362633
0.000394404
0.00042854
0.000465176
0.00050445
0.000546507
0.000591493
0.000639556
0.00069085
0.000745529
0.000803751
0.000865674
0.000931458
0.00100126
0.00107525
0.00115357
0.00123639
0.00132387
0.00141615
0.00151338
0.00161571
0.00172328
0.00183622
0.00195464
0.00207867
0.00220842
0.00234397
0.00248542
0.00263283
0.00278626
0.00294575
0.00311133
0.00328301
0.00346079
0.00364462
0.00383448
0.00403029
0.00423197
0.0044394
0.00465245
0.00487097
0.00509477
0.00532365
0.00555739
0.00579572
0.00603838
0.00628506
0.00653543
0.00678914
0.00704581
0.00730505
0.00756644
0.00782952
0.00809385
0.00835894
0.00862428
0.00888936
0.00915364
0.00941658
0.00967762
0.00993618
0.0101917
0.0104436
0.0106912
0.0109341
0.0111716
0.011403
0.0116279
0.0118457
0.0120558
0.0122576
0.0124506
0.0126343
0.0128082
0.0129719
0.0131248
0.0132665
0.0133967
0.013515
0.013621
0.0137144
0.013795
0.0138625
0.0139168
0.0139576
0.0139849
0.0139986
0.0139986
0.0139849
0.0139576
0.0139168
0.0138625
0.013795
0.0137144
0.013621
0.013515
0.0133967
0.0132665
0.0131248
0.0129719
0.0128082
0.0126343
0.0124506
0.0122576
0.0120558
0.0118457
0.0116279
0.011403
0.0111716
0.0109341
0.0106912
0.0104436
0.0101917
0.00993618
0.00967762
0.00941658
0.00915364
0.00888936
0.00862428
0.00835894
0.00809385
0.00782952
0.00756644
0.00730505
0.00704581
0.00678914
0.00653543
0.00628506
0.00603838
0.00579572
0.00555739
0.00532365
0.00509477
0.00487097
0.00465245
0.0044394
0.00423197
0.00403029
0.00383448
0.00364462
0.00346079
0.00328301
0.00311133
0.00294575
0.00278626
0.00263283
0.00248542
0.00234397
0.00220842
0.00207867
0.00195464
0.00183622
0.00172328
0.00161571
0.00151338
0.00141615
0.00132387
0.00123639
0.00115357
0.00107525
0.00100126
0.000931458
0.000865674
0.000803751
0.000745529
0.00069085
0.000639556
0.000591493
0.000546507
0.00050445
0.000465176
0.00042854
0.000394404
0.000362633
0.000333096
0.000305666
0.000280221
0.000256644
0.00023482
0.000214643
0.000196008
0.000178817
0.000162973
0.000148389
0.000134978
0.000122659
0.000111355
0.000100995
9.15091e-05
8.28332e-05
7.49067e-05
6.76725e-05
6.10774e-05
5.50711e-05
4.96071e-05
4.46415e-05
4.01338e-05
3.60461e-05
3.23431e-05
2.89921e-05
2.5963e-05
2.32277e-05
2.07602e-05
1.85368e-05
1.65354e-05
1.47356e-05
1.31189e-05
1.16682e-05
1.03678e-05
9.20331e-06
8.16165e-06
7.23082e-06
6.3999e-06
5.65893e-06
4.99887e-06
5.47412e-06
6.19694e-06
7.00835e-06
7.91827e-06
8.93759e-06
1.00783e-05
1.13535e-05
1.27775e-05
1.43662e-05
1.61365e-05
1.81074e-05
2.02991e-05
2.2734e-05
2.5436e-05
2.84314e-05
3.17485e-05
3.5418e-05
3.9473e-05
4.39494e-05
4.88857e-05
5.43233e-05
6.03069e-05
6.68841e-05
7.41063e-05
8.20282e-05
9.07083e-05
0.000100209
0.000110597
0.000121942
0.00013432
0.00014781
0.000162497
0.000178468
0.000195817
0.000214643
0.00023505
0.000257145
0.000281043
0.000306862
0.000334726
0.000364764
0.000397109
0.000431901
0.000469282
0.000509401
0.00055241
0.000598465
0.000647727
0.00070036
0.000756531
0.000816409
0.000880166
0.000947976
0.00102001
0.00109645
0.00117747
0.00126324
0.00135394
0.00144973
0.00155078
0.00165726
0.00176932
0.00188712
0.00201079
0.00214047
0.0022763
0.00241838
0.00256682
0.00272171
0.00288314
0.00305115
0.00322581
0.00340713
0.00359513
0.00378981
0.00399113
0.00419904
0.00441346
0.00463431
0.00486146
0.00509477
0.00533406
0.00557914
0.00582978
0.00608574
0.00634674
0.00661246
0.00688259
0.00715676
0.00743459
0.00771567
0.00799956
0.00828579
0.00857389
0.00886335
0.00915364
0.00944421
0.00973449
0.0100239
0.0103118
0.0105977
0.0108808
0.0111606
0.0114365
0.0117077
0.0119736
0.0122337
0.0124871
0.0127334
0.0129719
0.0132019
0.0134229
0.0136343
0.0138355
0.014026
0.0142052
0.0143726
0.0145278
0.0146704
0.0147999
0.014916
0.0150183
0.0151065
0.0151805
0.0152399
0.0152846
0.0153145
0.0153295
0.0153295
0.0153145
0.0152846
0.0152399
0.0151805
0.0151065
0.0150183
0.014916
0.0147999
0.0146704
0.0145278
0.0143726
0.0142052
0.014026
0.0138355
0.0136343
0.0134229
0.0132019
0.0129719
0.0127334
0.0124871
0.0122337
0.0119736
0.0117077
0.0114365
0.0111606
0.0108808
0.0105977
0.0103118
0.0100239
0.00973449
0.00944421
0.00915364
0.00886335
0.00857389
0.00828579
0.00799956
0.00771567
0.00743459
0.00715676
0.00688259
0.00661246
0.00634674
0.00608574
0.00582978
0.00557914
0.00533406
0.00509477
0.00486146
0.00463431
0.00441346
0.00419904
0.00399113
0.00378981
0.00359513
0.00340713
0.00322581
0.00305115
0.00288314
0.00272171
0.00256682
0.00241838
0.0022763
0.00214047
0.00201079
0.00188712
0.00176932
0.00165726
0.00155078
0.00144973
0.00135394
0.00126324
0.00117747
0.00109645
0.00102001
0.000947976
0.000880166
0.000816409
0.000756531
0.00070036
0.000647727
0.000598465
0.00055241
0.000509401
0.000469282
0.000431901
0.000397109
0.000364764
0.000334726
0.000306862
0.000281043
0.000257145
0.00023505
0.000214643
0.000195817
0.000178468
0.000162497
0.00014781
0.00013432
0.000121942
0.000110597
0.000100209
9.07083e-05
8.20282e-05
7.41063e-05
6.68841e-05
6.03069e-05
5.43233e-05
4.88857e-05
4.39494e-05
3.9473e-05
3.5418e-05
3.17485e-05
2.84314e-05
2.5436e-05
2.2734e-05
2.02991e-05
1.81074e-05
1.61365e-05
1.43662e-05
1.27775e-05
1.13535e-05
1.00783e-05
8.93759e-06
7.91827e-06
7.00835e-06
6.19694e-06
5.47412e-06
5.98871e-06
6.77947e-06
7.66716e-06
8.66261e-06
9.77776e-06
1.10257e-05
1.24207e-05
1.39787e-05
1.57166e-05
1.76534e-05
1.98096e-05
2.22073e-05
2.4871e-05
2.78271e-05
3.1104e-05
3.47329e-05
3.87474e-05
4.31836e-05
4.80808e-05
5.34811e-05
5.94299e-05
6.59759e-05
7.31715e-05
8.10726e-05
8.97391e-05
9.92352e-05
0.000109629
0.000120993
0.000133405
0.000146947
0.000161705
0.000177772
0.000195244
0.000214224
0.00023482
0.000257145
0.000281318
0.000307462
0.000335708
0.000366192
0.000399053
0.000434439
0.000472501
0.000513396
0.000557286
0.000604338
0.000654723
0.000708616
0.000766196
0.000827647
0.000893154
0.000962904
0.00103709
0.0011159
0.00119952
0.00128816
0.00138199
0.00148122
0.00158601
0.00169656
0.00181305
0.00193565
0.00206451
0.00219981
0.00234168
0.00249028
0.00264571
0.00280811
0.00297756
0.00315416
0.00333797
0.00352904
0.00372741
0.00393309
0.00414606
0.00436631
0.00459376
0.00482834
0.00506995
0.00531846
0.00557369
0.00583548
0.0061036
0.0063778
0.00665782
0.00694335
0.00723406
0.00752958
0.00782952
0.00813347
0.00844097
0.00875154
0.00906469
0.00937987
0.00969654
0.0100141
0.010332
0.0106496
0.0109662
0.0112812
0.0115939
0.0119037
0.0122098
0.0125115
0.0128082
0.0130992
0.0133837
0.013661
0.0139304
0.0141913
0.014443
0.0146847
0.014916
0.0151361
0.0153444
0.0155405
0.0157237
0.0158935
0.0160495
0.0161911
0.0163181
0.0164301
0.0165266
0.0166075
0.0166725
0.0167214
0.0167541
0.0167705
0.0167705
0.0167541
0.0167214
0.0166725
0.0166075
0.0165266
0.0164301
0.0163181
0.0161911
0.0160495
0.0158935
0.0157237
0.0155405
0.0153444
0.0151361
0.014916
0.0146847
0.014443
0.0141913
0.0139304
0.013661
0.0133837
0.0130992
0.0128082
0.0125115
0.0122098
0.0119037
0.0115939
0.0112812
0.0109662
0.0106496
0.010332
0.0100141
0.00969654
0.00937987
0.00906469
0.00875154
0.00844097
0.00813347
0.00782952
0.00752958
0.00723406
0.00694335
0.00665782
0.0063778
0.0061036
0.00583548
0.00557369
0.00531846
0.00506995
0.00482834
0.00459376
0.00436631
0.00414606
0.00393309
0.00372741
0.00352904
0.00333797
0.00315416
0.00297756
0.00280811
0.00264571
0.00249028
0.00234168
0.00219981
0.00206451
0.00193565
0.00181305
0.00169656
0.00158601
0.00148122
0.00138199
0.00128816
0.00119952
0.0011159
0.00103709
0.000962904
0.000893154
0.000827647
0.000766196
0.000708616
0.000654723
0.000604338
0.000557286
0.000513396
0.000472501
0.000434439
0.000399053
0.000366192
0.000335708
0.000307462
0.000281318
0.000257145
0.00023482
0.000214224
0.000195244
0.000177772
0.000161705
0.000146947
0.000133405
0.000120993
0.000109629
9.92352e-05
8.97391e-05
8.10726e-05
7.31715e-05
6.59759e-05
5.94299e-05
5.34811e-05
4.80808e-05
4.31836e-05
3.87474e-05
3.47329e-05
3.1104e-05
2.78271e-05
2.4871e-05
2.22073e-05
1.98096e-05
1.76534e-05
1.57166e-05
1.39787e-05
1.24207e-05
1.10257e-05
9.77776e-06
8.66261e-06
7.66716e-06
6.77947e-06
5.98871e-06
6.54527e-06
7.40953e-06
8.37971e-06
9.46768e-06
1.06865e-05
1.20504e-05
1.35751e-05
1.52778e-05
1.71773e-05
1.92941e-05
2.16506e-05
2.42712e-05
2.71824e-05
3.04132e-05
3.39947e-05
3.79609e-05
4.23484e-05
4.71969e-05
5.25492e-05
5.84514e-05
6.49531e-05
7.21074e-05
7.99717e-05
8.86071e-05
9.80791e-05
0.000108458
0.000119817
0.000132238
0.000145803
0.000160603
0.000176733
0.000194293
0.000213389
0.000234133
0.000256644
0.000281043
0.000307462
0.000336036
0.000366908
0.000400224
0.000436139
0.000474814
0.000516413
0.000561109
0.000609078
0.000660502
0.00071557
0.000774471
0.000837403
0.000904565
0.000976159
0.00105239
0.00113347
0.0012196
0.001311
0.00140787
0.00151043
0.00161887
0.00173341
0.00185423
0.00198155
0.00211554
0.00225638
0.00240425
0.00255931
0.00272171
0.00289159
0.00306908
0.00325428
0.00344729
0.00364819
0.00385702
0.00407382
0.00429861
0.00453138
0.00477209
0.00502068
0.00527707
0.00554113
0.00581273
0.00609169
0.0063778
0.00667084
0.00697053
0.00727657
0.00758864
0.00790636
0.00822935
0.00855717
0.00888936
0.00922543
0.00956487
0.00990712
0.0102516
0.0105977
0.0109448
0.0112922
0.0116393
0.0119853
0.0123296
0.0126714
0.0130099
0.0133445
0.0136743
0.0139986
0.0143166
0.0146275
0.0149306
0.015225
0.0155102
0.0157852
0.0160495
0.0163022
0.0165428
0.0167705
0.0169847
0.017185
0.0173706
0.017541
0.0176959
0.0178347
0.017957
0.0180625
0.0181509
0.018222
0.0182754
0.0183112
0.0183291
0.0183291
0.0183112
0.0182754
0.018222
0.0181509
0.0180625
0.017957
0.0178347
0.0176959
0.017541
0.0173706
0.017185
0.0169847
0.0167705
0.0165428
0.0163022
0.0160495
0.0157852
0.0155102
0.015225
0.0149306
0.0146275
0.0143166
0.0139986
0.0136743
0.0133445
0.0130099
0.0126714
0.0123296
0.0119853
0.0116393
0.0112922
0.0109448
0.0105977
0.0102516
0.00990712
0.00956487
0.00922543
0.00888936
0.00855717
0.00822935
0.00790636
0.00758864
0.00727657
0.00697053
0.00667084
0.0063778
0.00609169
0.00581273
0.00554113
0.00527707
0.00502068
0.00477209
0.00453138
0.00429861
0.00407382
0.00385702
0.00364819
0.00344729
0.00325428
0.00306908
0.00289159
0.00272171
0.00255931
0.00240425
0.00225638
0.00211554
0.00198155
0.00185423
0.00173341
0.00161887
0.00151043
0.00140787
0.001311
0.0012196
0.00113347
0.00105239
0.000976159
0.000904565
0.000837403
0.000774471
0.00071557
0.000660502
0.000609078
0.000561109
0.000516413
0.000474814
0.000436139
0.000400224
0.000366908
0.000336036
0.000307462
0.000281043
0.000256644
0.000234133
0.000213389
0.000194293
0.000176733
0.000160603
0.000145803
0.000132238
0.000119817
0.000108458
9.80791e-05
8.86071e-05
7.99717e-05
7.21074e-05
6.49531e-05
5.84514e-05
5.25492e-05
4.71969e-05
4.23484e-05
3.79609e-05
3.39947e-05
3.04132e-05
2.71824e-05
2.42712e-05
2.16506e-05
1.92941e-05
1.71773e-05
1.52778e-05
1.35751e-05
1.20504e-05
1.06865e-05
9.46768e-06
8.37971e-06
7.40953e-06
6.54527e-06
7.14658e-06
8.09023e-06
9.14954e-06
1.03375e-05
1.16682e-05
1.31574e-05
1.48222e-05
1.66813e-05
1.87553e-05
2.10666e-05
2.36396e-05
2.65009e-05
2.96797e-05
3.32072e-05
3.71177e-05
4.14483e-05
4.62389e-05
5.15329e-05
5.73769e-05
6.38213e-05
7.09202e-05
7.87318e-05
8.73186e-05
9.67473e-05
0.000107089
0.000118422
0.000130825
0.000144386
0.000159198
0.000175358
0.000192969
0.000212143
0.000232993
0.000255643
0.000280221
0.000306862
0.000335708
0.000366908
0.000400615
0.000436992
0.000476207
0.000518434
0.000563855
0.000612657
0.000665033
0.000721182
0.000781308
0.000845621
0.000914334
0.000987666
0.00106584
0.00114907
0.0012376
0.00133165
0.00143144
0.00153721
0.00164919
0.0017676
0.00189265
0.00202458
0.00216359
0.00230989
0.00246367
0.00262512
0.00279443
0.00297175
0.00315724
0.00335103
0.00355325
0.00376399
0.00398334
0.00421136
0.00444808
0.00469352
0.00494767
0.0052105
0.00548193
0.00576186
0.00605019
0.00634674
0.00665132
0.00696372
0.00728368
0.0076109
0.00794506
0.00828579
0.00863271
0.00898536
0.0093433
0.00970601
0.010073
0.0104436
0.0108173
0.0111934
0.0115713
0.0119503
0.0123296
0.0127086
0.0130864
0.0134623
0.0138355
0.0142052
0.0145705
0.0149306
0.0152846
0.0156318
0.0159713
0.0163022
0.0166237
0.0169351
0.0172354
0.0175239
0.0177999
0.0180625
0.0183112
0.0185451
0.0187637
0.0189664
0.0191525
0.0193216
0.0194731
0.0196067
0.0197219
0.0198184
0.019896
0.0199544
0.0199934
0.0200129
0.0200129
0.0199934
0.0199544
0.019896
0.0198184
0.0197219
0.0196067
0.0194731
0.0193216
0.0191525
0.0189664
0.0187637
0.0185451
0.0183112
0.0180625
0.0177999
0.0175239
0.0172354
0.0169351
0.0166237
0.0163022
0.0159713
0.0156318
0.0152846
0.0149306
0.0145705
0.0142052
0.0138355
0.0134623
0.0130864
0.0127086
0.0123296
0.0119503
0.0115713
0.0111934
0.0108173
0.0104436
0.010073
0.00970601
0.0093433
0.00898536
0.00863271
0.00828579
0.00794506
0.0076109
0.00728368
0.00696372
0.00665132
0.00634674
0.00605019
0.00576186
0.00548193
0.0052105
0.00494767
0.00469352
0.00444808
0.00421136
0.00398334
0.00376399
0.00355325
0.00335103
0.00315724
0.00297175
0.00279443
0.00262512
0.00246367
0.00230989
0.00216359
0.00202458
0.00189265
0.0017676
0.00164919
0.00153721
0.00143144
0.00133165
0.0012376
0.00114907
0.00106584
0.000987666
0.000914334
0.000845621
0.000781308
0.000721182
0.000665033
0.000612657
0.000563855
0.000518434
0.000476207
0.000436992
0.000400615
0.000366908
0.000335708
0.000306862
0.000280221
0.000255643
0.000232993
0.000212143
0.000192969
0.000175358
0.000159198
0.000144386
0.000130825
0.000118422
0.000107089
9.67473e-05
8.73186e-05
7.87318e-05
7.09202e-05
6.38213e-05
5.73769e-05
5.15329e-05
4.62389e-05
4.14483e-05
3.71177e-05
3.32072e-05
2.96797e-05
2.65009e-05
2.36396e-05
2.10666e-05
1.87553e-05
1.66813e-05
1.48222e-05
1.31574e-05
1.16682e-05
1.03375e-05
9.14954e-06
8.09023e-06
7.14658e-06
7.79551e-06
8.82485e-06
9.98035e-06
1.12761e-05
1.27277e-05
1.43521e-05
1.61681e-05
1.8196e-05
2.04584e-05
2.29795e-05
2.57861e-05
2.89073e-05
3.23747e-05
3.62225e-05
4.04881e-05
4.52119e-05
5.04375e-05
5.62122e-05
6.25869e-05
6.96164e-05
7.736e-05
8.58809e-05
9.52474e-05
0.000105532
0.000116814
0.000129175
0.000142704
0.000157497
0.000173654
0.000191281
0.000210492
0.000231406
0.000254149
0.000278856
0.000305666
0.000334726
0.000366192
0.000400224
0.000436992
0.000476672
0.000519448
0.00056551
0.000615055
0.000668288
0.00072542
0.000786667
0.000852253
0.000922406
0.000997358
0.00107735
0.00116262
0.00125341
0.00134998
0.00145257
0.00156142
0.0016768
0.00179894
0.0019281
0.00206451
0.00220842
0.00236005
0.00251963
0.00268738
0.00286349
0.00304817
0.0032416
0.00344393
0.00365532
0.0038759
0.00410577
0.00434504
0.00459376
0.00485198
0.00511971
0.00539694
0.00568363
0.0059797
0.00628506
0.00659956
0.00692304
0.00725528
0.00759605
0.00794506
0.00830199
0.00866649
0.00903817
0.00941658
0.00980126
0.0101917
0.0105873
0.0109876
0.0113919
0.0117995
0.0122098
0.012622
0.0130354
0.0134492
0.0138625
0.0142747
0.0146847
0.0150918
0.015495
0.0158935
0.0162863
0.0166725
0.0170512
0.0174215
0.0177825
0.0181332
0.0184728
0.0188004
0.0191151
0.0194161
0.0197027
0.0199739
0.0202291
0.0204675
0.0206886
0.0208916
0.021076
0.0212413
0.021387
0.0215127
0.021618
0.0217026
0.0217663
0.0218088
0.0218302
0.0218302
0.0218088
0.0217663
0.0217026
0.021618
0.0215127
0.021387
0.0212413
0.021076
0.0208916
0.0206886
0.0204675
0.0202291
0.0199739
0.0197027
0.0194161
0.0191151
0.0188004
0.0184728
0.0181332
0.0177825
0.0174215
0.0170512
0.0166725
0.0162863
0.0158935
0.015495
0.0150918
0.0146847
0.0142747
0.0138625
0.0134492
0.0130354
0.012622
0.0122098
0.0117995
0.0113919
0.0109876
0.0105873
0.0101917
0.00980126
0.00941658
0.00903817
0.00866649
0.00830199
0.00794506
0.00759605
0.00725528
0.00692304
0.00659956
0.00628506
0.0059797
0.00568363
0.00539694
0.00511971
0.00485198
0.00459376
0.00434504
0.00410577
0.0038759
0.00365532
0.00344393
0.0032416
0.00304817
0.00286349
0.00268738
0.00251963
0.00236005
0.00220842
0.00206451
0.0019281
0.00179894
0.0016768
0.00156142
0.00145257
0.00134998
0.00125341
0.00116262
0.00107735
0.000997358
0.000922406
0.000852253
0.000786667
0.00072542
0.000668288
0.000615055
0.00056551
0.000519448
0.000476672
0.000436992
0.000400224
0.000366192
0.000334726
0.000305666
0.000278856
0.000254149
0.000231406
0.000210492
0.000191281
0.000173654
0.000157497
0.000142704
0.000129175
0.000116814
0.000105532
9.52474e-05
8.58809e-05
7.736e-05
6.96164e-05
6.25869e-05
5.62122e-05
5.04375e-05
4.52119e-05
4.04881e-05
3.62225e-05
3.23747e-05
2.89073e-05
2.57861e-05
2.29795e-05
2.04584e-05
1.8196e-05
1.61681e-05
1.43521e-05
1.27277e-05
1.12761e-05
9.98035e-06
8.82485e-06
7.79551e-06
8.49506e-06
9.61677e-06
1.0876e-05
1.2288e-05
1.38699e-05
1.56401e-05
1.7619e-05
1.98289e-05
2.22943e-05
2.50416e-05
2.81001e-05
3.15014e-05
3.52799e-05
3.9473e-05
4.41215e-05
4.92691e-05
5.49637e-05
6.12566e-05
6.82033e-05
7.58637e-05
8.43021e-05
9.35877e-05
0.000103795
0.000115003
0.000127296
0.000140766
0.00015551
0.000171631
0.000189237
0.000208446
0.000229381
0.000252172
0.000276956
0.00030388
0.000333096
0.000364764
0.000399053
0.000436139
0.000476207
0.000519448
0.000566062
0.000616257
0.000670249
0.000728259
0.000790518
0.000857261
0.000928733
0.00100518
0.00108686
0.00117403
0.00126695
0.00136589
0.00147112
0.00158292
0.00170154
0.00182727
0.00196038
0.00210112
0.00224978
0.0024066
0.00257184
0.00274574
0.00292854
0.00312046
0.00332171
0.00353249
0.00375298
0.00398334
0.00422371
0.00447422
0.00473495
0.00500599
0.00528738
0.00557914
0.00588125
0.00619366
0.00651631
0.00684907
0.0071918
0.0075443
0.00790636
0.00827771
0.00865803
0.009047
0.00944421
0.00984924
0.0102616
0.0106808
0.0111063
0.0115374
0.0119736
0.0124142
0.0128584
0.0133055
0.0137547
0.0142052
0.0146561
0.0151065
0.0155557
0.0160025
0.0164461
0.0168855
0.0173197
0.0177478
0.0181687
0.0185814
0.0189849
0.0193783
0.0197605
0.0201305
0.0204875
0.0208305
0.0211585
0.0214707
0.0217663
0.0220444
0.0223042
0.0225451
0.0227664
0.0229673
0.0231475
0.0233063
0.0234432
0.023558
0.0236502
0.0237196
0.0237659
0.0237892
0.0237892
0.0237659
0.0237196
0.0236502
0.023558
0.0234432
0.0233063
0.0231475
0.0229673
0.0227664
0.0225451
0.0223042
0.0220444
0.0217663
0.0214707
0.0211585
0.0208305
0.0204875
0.0201305
0.0197605
0.0193783
0.0189849
0.0185814
0.0181687
0.0177478
0.0173197
0.0168855
0.0164461
0.0160025
0.0155557
0.0151065
0.0146561
0.0142052
0.0137547
0.0133055
0.0128584
0.0124142
0.0119736
0.0115374
0.0111063
0.0106808
0.0102616
0.00984924
0.00944421
0.009047
0.00865803
0.00827771
0.00790636
0.0075443
0.0071918
0.00684907
0.00651631
0.00619366
0.00588125
0.00557914
0.00528738
0.00500599
0.00473495
0.00447422
0.00422371
0.00398334
0.00375298
0.00353249
0.00332171
0.00312046
0.00292854
0.00274574
0.00257184
0.0024066
0.00224978
0.00210112
0.00196038
0.00182727
0.00170154
0.00158292
0.00147112
0.00136589
0.00126695
0.00117403
0.00108686
0.00100518
0.000928733
0.000857261
0.000790518
0.000728259
0.000670249
0.000616257
0.000566062
0.000519448
0.000476207
0.000436139
0.000399053
0.000364764
0.000333096
0.00030388
0.000276956
0.000252172
0.000229381
0.000208446
0.000189237
0.000171631
0.00015551
0.000140766
0.000127296
0.000115003
0.000103795
9.35877e-05
8.43021e-05
7.58637e-05
6.82033e-05
6.12566e-05
5.49637e-05
4.92691e-05
4.41215e-05
3.9473e-05
3.52799e-05
3.15014e-05
2.81001e-05
2.50416e-05
2.22943e-05
1.98289e-05
1.7619e-05
1.56401e-05
1.38699e-05
1.2288e-05
1.0876e-05
9.61677e-06
8.49506e-06
9.24836e-06
1.04695e-05
1.18404e-05
1.33777e-05
1.50998e-05
1.7027e-05
1.91813e-05
2.15872e-05
2.42712e-05
2.72622e-05
3.05919e-05
3.42948e-05
3.84083e-05
4.29733e-05
4.80339e-05
5.3638e-05
5.98376e-05
6.66885e-05
7.42512e-05
8.25909e-05
9.17776e-05
0.000101887
0.000112999
0.0001252
0.000138584
0.000153249
0.0001693
0.00018685
0.000206018
0.00022693
0.000249721
0.000274533
0.000301515
0.000330827
0.000362633
0.000397109
0.000434439
0.000474814
0.000518434
0.00056551
0.000616257
0.000670904
0.000729683
0.000792837
0.000860617
0.000933279
0.00101109
0.00109431
0.00118324
0.00127813
0.0013793
0.00148701
0.00160158
0.00172328
0.00185242
0.0019893
0.00213421
0.00228744
0.00244928
0.00262
0.00279989
0.00298922
0.00318822
0.00339716
0.00361626
0.00384573
0.00408577
0.00433656
0.00459825
0.00487097
0.00515482
0.0054499
0.00575624
0.00607387
0.00640276
0.00674288
0.00709414
0.00745641
0.00782952
0.00821329
0.00860745
0.00901173
0.00942578
0.00984924
0.0102817
0.0107226
0.0111716
0.0116279
0.0120911
0.0125605
0.0130354
0.013515
0.0139986
0.0144853
0.0149744
0.0154648
0.0159557
0.0164461
0.0169351
0.0174215
0.0179045
0.0183828
0.0188556
0.0193216
0.0197798
0.0202291
0.0206684
0.0210966
0.0215127
0.0219156
0.0223042
0.0226776
0.0230347
0.0233746
0.0236964
0.0239992
0.0242821
0.0245443
0.0247852
0.025004
0.0252001
0.0253729
0.025522
0.025647
0.0257473
0.0258229
0.0258734
0.0258986
0.0258986
0.0258734
0.0258229
0.0257473
0.025647
0.025522
0.0253729
0.0252001
0.025004
0.0247852
0.0245443
0.0242821
0.0239992
0.0236964
0.0233746
0.0230347
0.0226776
0.0223042
0.0219156
0.0215127
0.0210966
0.0206684
0.0202291
0.0197798
0.0193216
0.0188556
0.0183828
0.0179045
0.0174215
0.0169351
0.0164461
0.0159557
0.0154648
0.0149744
0.0144853
0.0139986
0.013515
0.0130354
0.0125605
0.0120911
0.0116279
0.0111716
0.0107226
0.0102817
0.00984924
0.00942578
0.00901173
0.00860745
0.00821329
0.00782952
0.00745641
0.00709414
0.00674288
0.00640276
0.00607387
0.00575624
0.0054499
0.00515482
0.00487097
0.00459825
0.00433656
0.00408577
0.00384573
0.00361626
0.00339716
0.00318822
0.00298922
0.00279989
0.00262
0.00244928
0.00228744
0.00213421
0.0019893
0.00185242
0.00172328
0.00160158
0.00148701
0.0013793
0.00127813
0.00118324
0.00109431
0.00101109
0.000933279
0.000860617
0.000792837
0.000729683
0.000670904
0.000616257
0.00056551
0.000518434
0.000474814
0.000434439
0.000397109
0.000362633
0.000330827
0.000301515
0.000274533
0.000249721
0.00022693
0.000206018
0.00018685
0.0001693
0.000153249
0.000138584
0.0001252
0.000112999
0.000101887
9.17776e-05
8.25909e-05
7.42512e-05
6.66885e-05
5.98376e-05
5.3638e-05
4.80339e-05
4.29733e-05
3.84083e-05
3.42948e-05
3.05919e-05
2.72622e-05
2.42712e-05
2.15872e-05
1.91813e-05
1.7027e-05
1.50998e-05
1.33777e-05
1.18404e-05
1.04695e-05
9.24836e-06
1.00586e-05
1.13868e-05
1.28777e-05
1.45497e-05
1.64227e-05
1.85187e-05
2.08619e-05
2.34785e-05
2.63976e-05
2.96507e-05
3.32721e-05
3.72994e-05
4.17734e-05
4.67383e-05
5.22422e-05
5.83374e-05
6.508e-05
7.25312e-05
8.07565e-05
8.98268e-05
9.98184e-05
0.000110813
0.000122899
0.000136169
0.000150726
0.000166675
0.000184133
0.00020322
0.000224067
0.000246812
0.0002716
0.000298585
0.000327932
0.000359811
0.000394404
0.000431901
0.000472501
0.000516413
0.000563855
0.000615055
0.000670249
0.000729683
0.000793612
0.000862299
0.000936017
0.00101505
0.00109967
0.00119019
0.0012869
0.00139011
0.00150014
0.00161729
0.00174189
0.00187426
0.00201472
0.00216359
0.00232119
0.00248785
0.00266386
0.00284955
0.0030452
0.00325111
0.00346755
0.0036948
0.00393309
0.00418267
0.00444374
0.00471649
0.00500111
0.00529772
0.00560645
0.00592738
0.00626056
0.00660601
0.00696372
0.00733364
0.00771567
0.00810968
0.00851548
0.00893287
0.00936157
0.00980126
0.0102516
0.0107121
0.0111825
0.011662
0.0121503
0.0126467
0.0131505
0.013661
0.0141774
0.0146991
0.015225
0.0157544
0.0162863
0.0168197
0.0173536
0.017887
0.0184188
0.0189479
0.0194731
0.0199934
0.0205075
0.0210144
0.0215127
0.0220014
0.0224792
0.0229449
0.0233975
0.0238357
0.0242584
0.0246644
0.0250529
0.0254225
0.0257725
0.0261018
0.0264095
0.0266947
0.0269566
0.0271946
0.0274079
0.0275959
0.0277581
0.0278939
0.0280031
0.0280853
0.0281402
0.0281677
0.0281677
0.0281402
0.0280853
0.0280031
0.0278939
0.0277581
0.0275959
0.0274079
0.0271946
0.0269566
0.0266947
0.0264095
0.0261018
0.0257725
0.0254225
0.0250529
0.0246644
0.0242584
0.0238357
0.0233975
0.0229449
0.0224792
0.0220014
0.0215127
0.0210144
0.0205075
0.0199934
0.0194731
0.0189479
0.0184188
0.017887
0.0173536
0.0168197
0.0162863
0.0157544
0.015225
0.0146991
0.0141774
0.013661
0.0131505
0.0126467
0.0121503
0.011662
0.0111825
0.0107121
0.0102516
0.00980126
0.00936157
0.00893287
0.00851548
0.00810968
0.00771567
0.00733364
0.00696372
0.00660601
0.00626056
0.00592738
0.00560645
0.00529772
0.00500111
0.00471649
0.00444374
0.00418267
0.00393309
0.0036948
0.00346755
0.00325111
0.0030452
0.00284955
0.00266386
0.00248785
0.00232119
0.00216359
0.00201472
0.00187426
0.00174189
0.00161729
0.00150014
0.00139011
0.0012869
0.00119019
0.00109967
0.00101505
0.000936017
0.000862299
0.000793612
0.000729683
0.000670249
0.000615055
0.000563855
0.000516413
0.000472501
0.000431901
0.000394404
0.000359811
0.000327932
0.000298585
0.0002716
0.000246812
0.000224067
0.00020322
0.000184133
0.000166675
0.000150726
0.000136169
0.000122899
0.000110813
9.98184e-05
8.98268e-05
8.07565e-05
7.25312e-05
6.508e-05
5.83374e-05
5.22422e-05
4.67383e-05
4.17734e-05
3.72994e-05
3.32721e-05
2.96507e-05
2.63976e-05
2.34785e-05
2.08619e-05
1.85187e-05
1.64227e-05
1.45497e-05
1.28777e-05
1.13868e-05
1.00586e-05
1.09292e-05
1.23723e-05
1.39923e-05
1.5809e-05
1.78441e-05
2.01215e-05
2.26675e-05
2.55106e-05
2.86824e-05
3.2217e-05
3.61518e-05
4.05277e-05
4.53888e-05
5.07835e-05
5.67638e-05
6.33865e-05
7.07127e-05
7.88088e-05
8.7746e-05
9.76014e-05
0.000108458
0.000120404
0.000133536
0.000147955
0.000163771
0.000181101
0.00020007
0.000220809
0.00024346
0.000268173
0.000295107
0.000324428
0.000356314
0.000390953
0.00042854
0.000469282
0.000513396
0.000561109
0.000612657
0.000668288
0.000728259
0.000792837
0.000862299
0.000936931
0.00101703
0.0011029
0.00119485
0.0012932
0.00139828
0.00151043
0.00162998
0.00175727
0.00189265
0.00203648
0.00218909
0.00235085
0.00252209
0.00270317
0.00289442
0.00309617
0.00330876
0.00353249
0.00376767
0.00401458
0.0042735
0.00454468
0.00482834
0.00512471
0.00543396
0.00575624
0.00609169
0.00644039
0.00680241
0.00717776
0.00756644
0.00796837
0.00838346
0.00881157
0.0092525
0.00970601
0.0101718
0.0106496
0.0111389
0.0116393
0.0121503
0.0126714
0.0132019
0.0137412
0.0142886
0.0148433
0.0154045
0.0159713
0.0165428
0.017118
0.0176959
0.0182754
0.0188556
0.0194351
0.0200129
0.0205878
0.0211585
0.0217238
0.0222825
0.0228332
0.0233746
0.0239056
0.0244248
0.0249308
0.0254225
0.0258986
0.0263579
0.0267992
0.0272212
0.0276229
0.0280031
0.0283609
0.0286952
0.0290051
0.0292898
0.0295483
0.0297801
0.0299843
0.0301605
0.0303082
0.0304268
0.0305161
0.0305757
0.0306056
0.0306056
0.0305757
0.0305161
0.0304268
0.0303082
0.0301605
0.0299843
0.0297801
0.0295483
0.0292898
0.0290051
0.0286952
0.0283609
0.0280031
0.0276229
0.0272212
0.0267992
0.0263579
0.0258986
0.0254225
0.0249308
0.0244248
0.0239056
0.0233746
0.0228332
0.0222825
0.0217238
0.0211585
0.0205878
0.0200129
0.0194351
0.0188556
0.0182754
0.0176959
0.017118
0.0165428
0.0159713
0.0154045
0.0148433
0.0142886
0.0137412
0.0132019
0.0126714
0.0121503
0.0116393
0.0111389
0.0106496
0.0101718
0.00970601
0.0092525
0.00881157
0.00838346
0.00796837
0.00756644
0.00717776
0.00680241
0.00644039
0.00609169
0.00575624
0.00543396
0.00512471
0.00482834
0.00454468
0.0042735
0.00401458
0.00376767
0.00353249
0.00330876
0.00309617
0.00289442
0.00270317
0.00252209
0.00235085
0.00218909
0.00203648
0.00189265
0.00175727
0.00162998
0.00151043
0.00139828
0.0012932
0.00119485
0.0011029
0.00101703
0.000936931
0.000862299
0.000792837
0.000728259
0.000668288
0.000612657
0.000561109
0.000513396
0.000469282
0.00042854
0.000390953
0.000356314
0.000324428
0.000295107
0.000268173
0.00024346
0.000220809
0.00020007
0.000181101
0.000163771
0.000147955
0.000133536
0.000120404
0.000108458
9.76014e-05
8.7746e-05
7.88088e-05
7.07127e-05
6.33865e-05
5.67638e-05
5.07835e-05
4.53888e-05
4.05277e-05
3.61518e-05
3.2217e-05
2.86824e-05
2.55106e-05
2.26675e-05
2.01215e-05
1.78441e-05
1.5809e-05
1.39923e-05
1.23723e-05
1.09292e-05
1.18635e-05
1.343e-05
1.51885e-05
1.71605e-05
1.93696e-05
2.18417e-05
2.46053e-05
2.76915e-05
3.11344e-05
3.49712e-05
3.92424e-05
4.39924e-05
4.92691e-05
5.51249e-05
6.16165e-05
6.88054e-05
7.6758e-05
8.55461e-05
9.52474e-05
0.000105945
0.00011773
0.000130697
0.000144952
0.000160603
0.000177772
0.000196583
0.000217173
0.000239686
0.000264274
0.000291099
0.000320335
0.000352163
0.000386776
0.000424375
0.000465176
0.000509401
0.000557286
0.000609078
0.000665033
0.00072542
0.000790518
0.000860617
0.000936017
0.00101703
0.00110398
0.00119718
0.001297
0.00140376
0.00151782
0.00163956
0.00176932
0.0019075
0.00205446
0.00221058
0.00237624
0.00255182
0.00273771
0.00293426
0.00314186
0.00336087
0.00359163
0.00383448
0.00408977
0.00435779
0.00463884
0.0049332
0.00524112
0.00556282
0.0058985
0.00624834
0.00661246
0.00699098
0.00738394
0.00779139
0.00821329
0.00864958
0.00910016
0.00956487
0.0100435
0.0105358
0.0110414
0.01156
0.0120911
0.0126343
0.013189
0.0137547
0.0143306
0.014916
0.0155102
0.0161123
0.0167214
0.0173367
0.017957
0.0185814
0.0192087
0.0198378
0.0204675
0.0210966
0.0217238
0.0223478
0.0229673
0.023581
0.0241874
0.0247852
0.0253729
0.0259493
0.0265128
0.0270622
0.0275959
0.0281127
0.0286113
0.0290902
0.0295483
0.0299843
0.0303971
0.0307855
0.0311483
0.0314848
0.0317937
0.0320744
0.032326
0.0325477
0.032739
0.0328992
0.033028
0.0331249
0.0331896
0.0332221
0.0332221
0.0331896
0.0331249
0.033028
0.0328992
0.032739
0.0325477
0.032326
0.0320744
0.0317937
0.0314848
0.0311483
0.0307855
0.0303971
0.0299843
0.0295483
0.0290902
0.0286113
0.0281127
0.0275959
0.0270622
0.0265128
0.0259493
0.0253729
0.0247852
0.0241874
0.023581
0.0229673
0.0223478
0.0217238
0.0210966
0.0204675
0.0198378
0.0192087
0.0185814
0.017957
0.0173367
0.0167214
0.0161123
0.0155102
0.014916
0.0143306
0.0137547
0.013189
0.0126343
0.0120911
0.01156
0.0110414
0.0105358
0.0100435
0.00956487
0.00910016
0.00864958
0.00821329
0.00779139
0.00738394
0.00699098
0.00661246
0.00624834
0.0058985
0.00556282
0.00524112
0.0049332
0.00463884
0.00435779
0.00408977
0.00383448
0.00359163
0.00336087
0.00314186
0.00293426
0.00273771
0.00255182
0.00237624
0.00221058
0.00205446
0.0019075
0.00176932
0.00163956
0.00151782
0.00140376
0.001297
0.00119718
0.00110398
0.00101703
0.000936017
0.000860617
0.000790518
0.00072542
0.000665033
0.000609078
0.000557286
0.000509401
0.000465176
0.000424375
0.000386776
0.000352163
0.000320335
0.000291099
0.000264274
0.000239686
0.000217173
0.000196583
0.000177772
0.000160603
0.000144952
0.000130697
0.00011773
0.000105945
9.52474e-05
8.55461e-05
7.6758e-05
6.88054e-05
6.16165e-05
5.51249e-05
4.92691e-05
4.39924e-05
3.92424e-05
3.49712e-05
3.11344e-05
2.76915e-05
2.46053e-05
2.18417e-05
1.93696e-05
1.71605e-05
1.51885e-05
1.343e-05
1.18635e-05
1.28652e-05
1.45639e-05
1.64709e-05
1.86094e-05
2.1005e-05
2.36858e-05
2.66827e-05
3.00295e-05
3.37631e-05
3.79238e-05
4.25557e-05
4.77067e-05
5.34289e-05
5.97792e-05
6.68188e-05
7.46146e-05
8.32386e-05
9.27688e-05
0.000103289
0.00011489
0.00012767
0.000141732
0.00015719
0.000174163
0.000192781
0.000213181
0.000235509
0.000259923
0.000286586
0.000315677
0.000347381
0.000381896
0.000419431
0.000460205
0.00050445
0.00055241
0.000604338
0.000660502
0.000721182
0.000786667
0.000857261
0.000933279
0.00101505
0.0011029
0.00119718
0.00129826
0.0014065
0.00152228
0.00164597
0.00177798
0.00191871
0.00206855
0.00222791
0.00239722
0.00257687
0.00276727
0.00296885
0.003182
0.00340713
0.00364462
0.00389487
0.00415823
0.00443507
0.00472572
0.0050305
0.00534971
0.00568363
0.00603249
0.00639652
0.00677589
0.00717076
0.00758123
0.00800737
0.00844922
0.00890674
0.00937987
0.00986849
0.0103724
0.0108915
0.0114253
0.0119736
0.012536
0.013112
0.013701
0.0143026
0.014916
0.0155405
0.0161753
0.0168197
0.0174726
0.0181332
0.0188004
0.0194731
0.0201502
0.0208305
0.0215127
0.0221956
0.0228778
0.023558
0.0242347
0.0249065
0.0255719
0.0262295
0.0268778
0.0275152
0.0281402
0.0287513
0.029347
0.0299258
0.0304863
0.0310269
0.0315463
0.0320431
0.0325159
0.0329635
0.0333847
0.0337782
0.034143
0.0344781
0.0347824
0.0350552
0.0352957
0.0355031
0.0356769
0.0358165
0.0359216
0.0359918
0.036027
0.036027
0.0359918
0.0359216
0.0358165
0.0356769
0.0355031
0.0352957
0.0350552
0.0347824
0.0344781
0.034143
0.0337782
0.0333847
0.0329635
0.0325159
0.0320431
0.0315463
0.0310269
0.0304863
0.0299258
0.029347
0.0287513
0.0281402
0.0275152
0.0268778
0.0262295
0.0255719
0.0249065
0.0242347
0.023558
0.0228778
0.0221956
0.0215127
0.0208305
0.0201502
0.0194731
0.0188004
0.0181332
0.0174726
0.0168197
0.0161753
0.0155405
0.014916
0.0143026
0.013701
0.013112
0.012536
0.0119736
0.0114253
0.0108915
0.0103724
0.00986849
0.00937987
0.00890674
0.00844922
0.00800737
0.00758123
0.00717076
0.00677589
0.00639652
0.00603249
0.00568363
0.00534971
0.0050305
0.00472572
0.00443507
0.00415823
0.00389487
0.00364462
0.00340713
0.003182
0.00296885
0.00276727
0.00257687
0.00239722
0.00222791
0.00206855
0.00191871
0.00177798
0.00164597
0.00152228
0.0014065
0.00129826
0.00119718
0.0011029
0.00101505
0.000933279
0.000857261
0.000786667
0.000721182
0.000660502
0.000604338
0.00055241
0.00050445
0.000460205
0.000419431
0.000381896
0.000347381
0.000315677
0.000286586
0.000259923
0.000235509
0.000213181
0.000192781
0.000174163
0.00015719
0.000141732
0.00012767
0.00011489
0.000103289
9.27688e-05
8.32386e-05
7.46146e-05
6.68188e-05
5.97792e-05
5.34289e-05
4.77067e-05
4.25557e-05
3.79238e-05
3.37631e-05
3.00295e-05
2.66827e-05
2.36858e-05
2.1005e-05
1.86094e-05
1.64709e-05
1.45639e-05
1.28652e-05
1.39378e-05
1.57781e-05
1.78441e-05
2.01609e-05
2.27562e-05
2.56605e-05
2.89073e-05
3.25331e-05
3.6578e-05
4.10856e-05
4.61036e-05
5.16841e-05
5.78834e-05
6.4763e-05
7.23896e-05
8.08354e-05
9.01784e-05
0.000100503
0.000111901
0.000124469
0.000138314
0.000153548
0.000170295
0.000188684
0.000208854
0.000230954
0.000255144
0.000281593
0.00031048
0.000341996
0.000376343
0.000413736
0.0004544
0.000498573
0.000546507
0.000598465
0.000654723
0.00071557
0.000781308
0.000852253
0.000928733
0.00101109
0.00109967
0.00119485
0.001297
0.0014065
0.00152376
0.00164919
0.0017832
0.00192622
0.00207867
0.00224101
0.00241366
0.00259708
0.0027917
0.00299799
0.00321637
0.00344729
0.00369119
0.00394848
0.00421959
0.00450491
0.00480482
0.00511971
0.0054499
0.00579572
0.00615748
0.00653543
0.0069298
0.00734081
0.00776859
0.00821329
0.00867496
0.00915364
0.00964931
0.0101619
0.0106912
0.0112372
0.0117995
0.0123779
0.0129719
0.0135812
0.0142052
0.0148433
0.015495
0.0161595
0.0168361
0.0175239
0.018222
0.0189294
0.019645
0.0203678
0.0210966
0.0218302
0.0225672
0.0233063
0.0240461
0.0247852
0.025522
0.0262552
0.026983
0.0277039
0.0284163
0.0291186
0.0298092
0.0304863
0.0311483
0.0317937
0.0324208
0.033028
0.0336137
0.0341764
0.0347146
0.0352268
0.0357118
0.036168
0.0365944
0.0369896
0.0373526
0.0376823
0.0379779
0.0382384
0.0384631
0.0386513
0.0388026
0.0389165
0.0389925
0.0390306
0.0390306
0.0389925
0.0389165
0.0388026
0.0386513
0.0384631
0.0382384
0.0379779
0.0376823
0.0373526
0.0369896
0.0365944
0.036168
0.0357118
0.0352268
0.0347146
0.0341764
0.0336137
0.033028
0.0324208
0.0317937
0.0311483
0.0304863
0.0298092
0.0291186
0.0284163
0.0277039
0.026983
0.0262552
0.025522
0.0247852
0.0240461
0.0233063
0.0225672
0.0218302
0.0210966
0.0203678
0.019645
0.0189294
0.018222
0.0175239
0.0168361
0.0161595
0.015495
0.0148433
0.0142052
0.0135812
0.0129719
0.0123779
0.0117995
0.0112372
0.0106912
0.0101619
0.00964931
0.00915364
0.00867496
0.00821329
0.00776859
0.00734081
0.0069298
0.00653543
0.00615748
0.00579572
0.0054499
0.00511971
0.00480482
0.00450491
0.00421959
0.00394848
0.00369119
0.00344729
0.00321637
0.00299799
0.0027917
0.00259708
0.00241366
0.00224101
0.00207867
0.00192622
0.0017832
0.00164919
0.00152376
0.0014065
0.001297
0.00119485
0.00109967
0.00101109
0.000928733
0.000852253
0.000781308
0.00071557
0.000654723
0.000598465
0.000546507
0.000498573
0.0004544
0.000413736
0.000376343
0.000341996
0.00031048
0.000281593
0.000255144
0.000230954
0.000208854
0.000188684
0.000170295
0.000153548
0.000138314
0.000124469
0.000111901
0.000100503
9.01784e-05
8.08354e-05
7.23896e-05
6.4763e-05
5.78834e-05
5.16841e-05
4.61036e-05
4.10856e-05
3.6578e-05
3.25331e-05
2.89073e-05
2.56605e-05
2.27562e-05
2.01609e-05
1.78441e-05
1.57781e-05
1.39378e-05
1.5085e-05
1.70769e-05
1.93129e-05
2.18204e-05
2.46293e-05
2.77728e-05
3.12868e-05
3.52111e-05
3.95889e-05
4.44675e-05
4.98986e-05
5.59384e-05
6.2648e-05
7.0094e-05
7.83483e-05
8.74893e-05
9.76014e-05
0.000108776
0.000121112
0.000134714
0.000149699
0.000166188
0.000184313
0.000204215
0.000226045
0.000249965
0.000276146
0.000304772
0.000336036
0.000370147
0.000407321
0.000447792
0.000491803
0.000539613
0.000591493
0.000647727
0.000708616
0.000774471
0.000845621
0.000922406
0.00100518
0.00109431
0.00119019
0.0012932
0.00140376
0.00152228
0.00164919
0.00178494
0.00192998
0.00208477
0.00224978
0.00242547
0.00261234
0.00281085
0.0030215
0.00324476
0.00348112
0.00373105
0.00399503
0.0042735
0.00456692
0.00487573
0.00520033
0.00554113
0.0058985
0.0062728
0.00666433
0.00707339
0.00750022
0.00794506
0.00840806
0.00888936
0.00938903
0.00990712
0.0104436
0.0109984
0.0115713
0.0121622
0.0127708
0.0133967
0.0140397
0.0146991
0.0153744
0.0160651
0.0167705
0.0174897
0.018222
0.0189664
0.0197219
0.0204875
0.0212621
0.0220444
0.0228332
0.0236271
0.0244248
0.0252247
0.0260254
0.0268253
0.0276229
0.0284163
0.0292041
0.0299843
0.0307554
0.0315155
0.0322629
0.0329957
0.0337123
0.0344108
0.0350895
0.0357466
0.0363806
0.0369896
0.0375721
0.0381265
0.0386513
0.0391452
0.0396066
0.0400343
0.0404272
0.0407841
0.041104
0.0413859
0.0416291
0.0418329
0.0419966
0.0421198
0.0422022
0.0422434
0.0422434
0.0422022
0.0421198
0.0419966
0.0418329
0.0416291
0.0413859
0.041104
0.0407841
0.0404272
0.0400343
0.0396066
0.0391452
0.0386513
0.0381265
0.0375721
0.0369896
0.0363806
0.0357466
0.0350895
0.0344108
0.0337123
0.0329957
0.0322629
0.0315155
0.0307554
0.0299843
0.0292041
0.0284163
0.0276229
0.0268253
0.0260254
0.0252247
0.0244248
0.0236271
0.0228332
0.0220444
0.0212621
0.0204875
0.0197219
0.0189664
0.018222
0.0174897
0.0167705
0.0160651
0.0153744
0.0146991
0.0140397
0.0133967
0.0127708
0.0121622
0.0115713
0.0109984
0.0104436
0.00990712
0.00938903
0.00888936
0.00840806
0.00794506
0.00750022
0.00707339
0.00666433
0.0062728
0.0058985
0.00554113
0.00520033
0.00487573
0.00456692
0.0042735
0.00399503
0.00373105
0.00348112
0.00324476
0.0030215
0.00281085
0.00261234
0.00242547
0.00224978
0.00208477
0.00192998
0.00178494
0.00164919
0.00152228
0.00140376
0.0012932
0.00119019
0.00109431
0.00100518
0.000922406
0.000845621
0.000774471
0.000708616
0.000647727
0.000591493
0.000539613
0.000491803
0.000447792
0.000407321
0.000370147
0.000336036
0.000304772
0.000276146
0.000249965
0.000226045
0.000204215
0.000184313
0.000166188
0.000149699
0.000134714
0.000121112
0.000108776
9.76014e-05
8.74893e-05
7.83483e-05
7.0094e-05
6.2648e-05
5.59384e-05
4.98986e-05
4.44675e-05
3.95889e-05
3.52111e-05
3.12868e-05
2.77728e-05
2.46293e-05
2.18204e-05
1.93129e-05
1.70769e-05
1.5085e-05
1.63108e-05
1.84645e-05
2.08822e-05
2.35935e-05
2.66307e-05
3.00295e-05
3.38291e-05
3.80722e-05
4.28058e-05
4.80808e-05
5.39533e-05
6.04838e-05
6.77387e-05
7.57896e-05
8.47148e-05
9.45985e-05
0.000105532
0.000117615
0.000130953
0.000145661
0.000161863
0.000179692
0.00019929
0.000220809
0.000244413
0.000270277
0.000298585
0.000329537
0.000363342
0.000400224
0.000440419
0.000484179
0.000531766
0.000583461
0.000639556
0.00070036
0.000766196
0.000837403
0.000914334
0.000997358
0.00108686
0.00118324
0.0012869
0.00139828
0.00151782
0.00164597
0.0017832
0.00192998
0.00208681
0.00225418
0.00243259
0.00262256
0.00282461
0.00303926
0.00326702
0.00350843
0.00376399
0.00403423
0.00431965
0.00462075
0.00493802
0.00527192
0.0056229
0.00599139
0.0063778
0.00678251
0.00720586
0.00764815
0.00810968
0.00859066
0.00909128
0.00961169
0.010152
0.0107121
0.0112922
0.0118921
0.0125115
0.0131505
0.0138085
0.0144853
0.0151805
0.0158935
0.0166237
0.0173706
0.0181332
0.0189109
0.0197027
0.0205075
0.0213245
0.0221523
0.0229898
0.0238357
0.0246885
0.025547
0.0264095
0.0272744
0.0281402
0.0290051
0.0298674
0.0307254
0.0315771
0.0324208
0.0332545
0.0340764
0.0348845
0.0356769
0.0364517
0.0372069
0.0379408
0.0386513
0.0393368
0.0399953
0.0406251
0.0412246
0.0417921
0.042326
0.0428249
0.0432874
0.0437122
0.0440981
0.044444
0.0447489
0.0450118
0.0452321
0.0454092
0.0455424
0.0456314
0.045676
0.045676
0.0456314
0.0455424
0.0454092
0.0452321
0.0450118
0.0447489
0.044444
0.0440981
0.0437122
0.0432874
0.0428249
0.042326
0.0417921
0.0412246
0.0406251
0.0399953
0.0393368
0.0386513
0.0379408
0.0372069
0.0364517
0.0356769
0.0348845
0.0340764
0.0332545
0.0324208
0.0315771
0.0307254
0.0298674
0.0290051
0.0281402
0.0272744
0.0264095
0.025547
0.0246885
0.0238357
0.0229898
0.0221523
0.0213245
0.0205075
0.0197027
0.0189109
0.0181332
0.0173706
0.0166237
0.0158935
0.0151805
0.0144853
0.0138085
0.0131505
0.0125115
0.0118921
0.0112922
0.0107121
0.010152
0.00961169
0.00909128
0.00859066
0.00810968
0.00764815
0.00720586
0.00678251
0.0063778
0.00599139
0.0056229
0.00527192
0.00493802
0.00462075
0.00431965
0.00403423
0.00376399
0.00350843
0.00326702
0.00303926
0.00282461
0.00262256
0.00243259
0.00225418
0.00208681
0.00192998
0.0017832
0.00164597
0.00151782
0.00139828
0.0012869
0.00118324
0.00108686
0.000997358
0.000914334
0.000837403
0.000766196
0.00070036
0.000639556
0.000583461
0.000531766
0.000484179
0.000440419
0.000400224
0.000363342
0.000329537
0.000298585
0.000270277
0.000244413
0.000220809
0.00019929
0.000179692
0.000161863
0.000145661
0.000130953
0.000117615
0.000105532
9.45985e-05
8.47148e-05
7.57896e-05
6.77387e-05
6.04838e-05
5.39533e-05
4.80808e-05
4.28058e-05
3.80722e-05
3.38291e-05
3.00295e-05
2.66307e-05
2.35935e-05
2.08822e-05
1.84645e-05
1.63108e-05
1.7619e-05
1.99454e-05
2.25571e-05
2.54857e-05
2.87665e-05
3.24379e-05
3.65423e-05
4.11257e-05
4.62389e-05
5.1937e-05
5.82804e-05
6.53348e-05
7.31715e-05
8.18682e-05
9.15091e-05
0.000102186
0.000113996
0.000127048
0.000141455
0.000157343
0.000174845
0.000194103
0.000215273
0.000238518
0.000264016
0.000291953
0.000322533
0.000355967
0.000392483
0.000432323
0.000475742
0.000523011
0.000574415
0.000630256
0.00069085
0.000756531
0.000827647
0.000904565
0.000987666
0.00107735
0.00117403
0.00127813
0.00139011
0.00151043
0.00163956
0.00177798
0.00192622
0.00208477
0.00225418
0.00243497
0.00262769
0.0028329
0.00305115
0.00328301
0.00352904
0.00378981
0.00406587
0.00435779
0.0046661
0.00499135
0.00533406
0.00569474
0.00607387
0.00647192
0.00688932
0.00732648
0.00778378
0.00826155
0.00876009
0.00927965
0.00982042
0.0103826
0.0109662
0.0115713
0.0121979
0.0128458
0.013515
0.0142052
0.014916
0.0156471
0.016398
0.0171682
0.017957
0.0187637
0.0195875
0.0204276
0.0212829
0.0221523
0.0230347
0.023929
0.0248336
0.0257473
0.0266686
0.0275959
0.0285276
0.0294619
0.0303971
0.0313314
0.0322629
0.0331896
0.0341097
0.035021
0.0359216
0.0368094
0.0376823
0.0385383
0.0393752
0.040191
0.0409837
0.0417513
0.0424917
0.043203
0.0438833
0.0445309
0.0451439
0.0457207
0.0462596
0.0467592
0.0472181
0.0476349
0.0480085
0.0483378
0.0486219
0.0488599
0.0490511
0.049195
0.0492912
0.0493394
0.0493394
0.0492912
0.049195
0.0490511
0.0488599
0.0486219
0.0483378
0.0480085
0.0476349
0.0472181
0.0467592
0.0462596
0.0457207
0.0451439
0.0445309
0.0438833
0.043203
0.0424917
0.0417513
0.0409837
0.040191
0.0393752
0.0385383
0.0376823
0.0368094
0.0359216
0.035021
0.0341097
0.0331896
0.0322629
0.0313314
0.0303971
0.0294619
0.0285276
0.0275959
0.0266686
0.0257473
0.0248336
0.023929
0.0230347
0.0221523
0.0212829
0.0204276
0.0195875
0.0187637
0.017957
0.0171682
0.016398
0.0156471
0.014916
0.0142052
0.013515
0.0128458
0.0121979
0.0115713
0.0109662
0.0103826
0.00982042
0.00927965
0.00876009
0.00826155
0.00778378
0.00732648
0.00688932
0.00647192
0.00607387
0.00569474
0.00533406
0.00499135
0.0046661
0.00435779
0.00406587
0.00378981
0.00352904
0.00328301
0.00305115
0.0028329
0.00262769
0.00243497
0.00225418
0.00208477
0.00192622
0.00177798
0.00163956
0.00151043
0.00139011
0.00127813
0.00117403
0.00107735
0.000987666
0.000904565
0.000827647
0.000756531
0.00069085
0.000630256
0.000574415
0.000523011
0.000475742
0.000432323
0.000392483
0.000355967
0.000322533
0.000291953
0.000264016
0.000238518
0.000215273
0.000194103
0.000174845
0.000157343
0.000141455
0.000127048
0.000113996
0.000102186
9.15091e-05
8.18682e-05
7.31715e-05
6.53348e-05
5.82804e-05
5.1937e-05
4.62389e-05
4.11257e-05
3.65423e-05
3.24379e-05
2.87665e-05
2.54857e-05
2.25571e-05
1.99454e-05
1.7619e-05
1.90135e-05
2.15241e-05
2.43424e-05
2.75029e-05
3.10433e-05
3.50053e-05
3.94345e-05
4.43807e-05
4.98986e-05
5.60477e-05
6.28932e-05
7.05059e-05
7.89628e-05
8.83479e-05
9.87519e-05
0.000110273
0.000123019
0.000137103
0.000152651
0.000169797
0.000188684
0.000209466
0.000232311
0.000257397
0.000284912
0.000315061
0.00034806
0.000384141
0.000423547
0.00046654
0.000513396
0.000564406
0.000619879
0.000680139
0.000745529
0.000816409
0.000893154
0.000976159
0.00106584
0.00116262
0.00126695
0.0013793
0.00150014
0.00162998
0.00176932
0.00191871
0.00207867
0.00224978
0.00243259
0.00262769
0.00283567
0.00305712
0.00329264
0.00354286
0.00380836
0.00408977
0.00438768
0.0047027
0.00503541
0.00538641
0.00575624
0.00614546
0.0065546
0.00698415
0.00743459
0.00790636
0.00839985
0.00891544
0.00945344
0.0100141
0.0105977
0.0112043
0.0118341
0.0124871
0.0131633
0.0138625
0.0145847
0.0153295
0.0160965
0.0168855
0.0176959
0.018527
0.0193783
0.0202488
0.0211379
0.0220444
0.0229673
0.0239056
0.0248579
0.0258229
0.0267992
0.0277852
0.0287794
0.0297801
0.0307855
0.0317937
0.032803
0.0338112
0.0348164
0.0358165
0.0368094
0.0377929
0.0387647
0.0397228
0.0406648
0.0415885
0.0424917
0.0433721
0.0442275
0.0450558
0.0458548
0.0466224
0.0473566
0.0480554
0.0487169
0.0493394
0.049921
0.0504601
0.0509553
0.0514051
0.0518083
0.0521637
0.0524702
0.052727
0.0529334
0.0530887
0.0531925
0.0532445
0.0532445
0.0531925
0.0530887
0.0529334
0.052727
0.0524702
0.0521637
0.0518083
0.0514051
0.0509553
0.0504601
0.049921
0.0493394
0.0487169
0.0480554
0.0473566
0.0466224
0.0458548
0.0450558
0.0442275
0.0433721
0.0424917
0.0415885
0.0406648
0.0397228
0.0387647
0.0377929
0.0368094
0.0358165
0.0348164
0.0338112
0.032803
0.0317937
0.0307855
0.0297801
0.0287794
0.0277852
0.0267992
0.0258229
0.0248579
0.0239056
0.0229673
0.0220444
0.0211379
0.0202488
0.0193783
0.018527
0.0176959
0.0168855
0.0160965
0.0153295
0.0145847
0.0138625
0.0131633
0.0124871
0.0118341
0.0112043
0.0105977
0.0100141
0.00945344
0.00891544
0.00839985
0.00790636
0.00743459
0.00698415
0.0065546
0.00614546
0.00575624
0.00538641
0.00503541
0.0047027
0.00438768
0.00408977
0.00380836
0.00354286
0.00329264
0.00305712
0.00283567
0.00262769
0.00243259
0.00224978
0.00207867
0.00191871
0.00176932
0.00162998
0.00150014
0.0013793
0.00126695
0.00116262
0.00106584
0.000976159
0.000893154
0.000816409
0.000745529
0.000680139
0.000619879
0.000564406
0.000513396
0.00046654
0.000423547
0.000384141
0.00034806
0.000315061
0.000284912
0.000257397
0.000232311
0.000209466
0.000188684
0.000169797
0.000152651
0.000137103
0.000123019
0.000110273
9.87519e-05
8.83479e-05
7.89628e-05
7.05059e-05
6.28932e-05
5.60477e-05
4.98986e-05
4.43807e-05
3.94345e-05
3.50053e-05
3.10433e-05
2.75029e-05
2.43424e-05
2.15241e-05
1.90135e-05
2.04984e-05
2.3205e-05
2.62434e-05
2.96507e-05
3.34676e-05
3.77391e-05
4.25141e-05
4.78466e-05
5.37954e-05
6.04248e-05
6.78048e-05
7.6012e-05
8.51294e-05
9.52474e-05
0.000106464
0.000118885
0.000132626
0.00014781
0.000164573
0.000183057
0.000203419
0.000225825
0.000250454
0.000277498
0.000307162
0.000339666
0.000375242
0.00041414
0.000456624
0.000502975
0.00055349
0.000608483
0.000668288
0.000733255
0.000803751
0.000880166
0.000962904
0.00105239
0.00114907
0.00125341
0.00136589
0.00148701
0.00161729
0.00175727
0.0019075
0.00206855
0.00224101
0.00242547
0.00262256
0.0028329
0.00305712
0.00329586
0.00354978
0.00381953
0.00410577
0.00440915
0.00473033
0.00506995
0.00542865
0.00580706
0.00620577
0.00662539
0.00706648
0.00752958
0.0080152
0.0085238
0.00905584
0.00961169
0.0101917
0.0107962
0.0114253
0.0120793
0.0127583
0.0134623
0.0141913
0.0149451
0.0157237
0.0165266
0.0173536
0.0182042
0.0190778
0.0199739
0.0208916
0.0218302
0.0227886
0.0237659
0.024761
0.0257725
0.0267992
0.0278395
0.028892
0.0299551
0.0310269
0.0321057
0.0331896
0.0342766
0.0353647
0.0364517
0.0375354
0.0386136
0.039684
0.0407443
0.0417921
0.0428249
0.0438405
0.0448363
0.04581
0.0467592
0.0476814
0.0485744
0.0494358
0.0502634
0.0510549
0.0518083
0.0525215
0.0531925
0.0538195
0.0544008
0.0549346
0.0554196
0.0558542
0.0562374
0.0565679
0.0568447
0.0570672
0.0572347
0.0573466
0.0574026
0.0574026
0.0573466
0.0572347
0.0570672
0.0568447
0.0565679
0.0562374
0.0558542
0.0554196
0.0549346
0.0544008
0.0538195
0.0531925
0.0525215
0.0518083
0.0510549
0.0502634
0.0494358
0.0485744
0.0476814
0.0467592
0.04581
0.0448363
0.0438405
0.0428249
0.0417921
0.0407443
0.039684
0.0386136
0.0375354
0.0364517
0.0353647
0.0342766
0.0331896
0.0321057
0.0310269
0.0299551
0.028892
0.0278395
0.0267992
0.0257725
0.024761
0.0237659
0.0227886
0.0218302
0.0208916
0.0199739
0.0190778
0.0182042
0.0173536
0.0165266
0.0157237
0.0149451
0.0141913
0.0134623
0.0127583
0.0120793
0.0114253
0.0107962
0.0101917
0.00961169
0.00905584
0.0085238
0.0080152
0.00752958
0.00706648
0.00662539
0.00620577
0.00580706
0.00542865
0.00506995
0.00473033
0.00440915
0.00410577
0.00381953
0.00354978
0.00329586
0.00305712
0.0028329
0.00262256
0.00242547
0.00224101
0.00206855
0.0019075
0.00175727
0.00161729
0.00148701
0.00136589
0.00125341
0.00114907
0.00105239
0.000962904
0.000880166
0.000803751
0.000733255
0.000668288
0.000608483
0.00055349
0.000502975
0.000456624
0.00041414
0.000375242
0.000339666
0.000307162
0.000277498
0.000250454
0.000225825
0.000203419
0.000183057
0.000164573
0.00014781
0.000132626
0.000118885
0.000106464
9.52474e-05
8.51294e-05
7.6012e-05
6.78048e-05
6.04248e-05
5.37954e-05
4.78466e-05
4.25141e-05
3.77391e-05
3.34676e-05
2.96507e-05
2.62434e-05
2.3205e-05
2.04984e-05
2.20776e-05
2.49928e-05
2.82653e-05
3.1935e-05
3.60461e-05
4.06466e-05
4.57895e-05
5.15329e-05
5.79399e-05
6.508e-05
7.30287e-05
8.18682e-05
9.1688e-05
0.000102585
0.000114666
0.000128044
0.000142844
0.000159198
0.000177252
0.00019716
0.000219091
0.000243223
0.000269749
0.000298877
0.000330827
0.000365834
0.000404152
0.000446046
0.000491803
0.000541725
0.000596132
0.000655362
0.000719775
0.000789746
0.000865674
0.000947976
0.00103709
0.00113347
0.0012376
0.00134998
0.00147112
0.00160158
0.00174189
0.00189265
0.00205446
0.00222791
0.00241366
0.00261234
0.00282461
0.00305115
0.00329264
0.00354978
0.00382327
0.0041138
0.00442209
0.00474885
0.00509477
0.00546055
0.00584689
0.00625444
0.00668388
0.00713583
0.0076109
0.00810968
0.00863271
0.0091805
0.00975352
0.0103522
0.0109769
0.0116279
0.0123055
0.0130099
0.0137412
0.0144995
0.0152846
0.0160965
0.0169351
0.0177999
0.0186906
0.0196067
0.0205476
0.0215127
0.0225011
0.023512
0.0245443
0.0255969
0.0266686
0.0277581
0.0288638
0.0299843
0.0311179
0.0322629
0.0334173
0.0345792
0.0357466
0.0369174
0.0380893
0.03926
0.0404272
0.0415885
0.0427414
0.0438833
0.0450118
0.0461243
0.0472181
0.0482906
0.0493394
0.0503616
0.0513549
0.0523167
0.0532445
0.0541358
0.0549883
0.0557997
0.0565679
0.0572906
0.0579659
0.0585919
0.0591669
0.0596892
0.0601574
0.06057
0.060926
0.0612242
0.0614638
0.0616441
0.0617647
0.061825
0.061825
0.0617647
0.0616441
0.0614638
0.0612242
0.060926
0.06057
0.0601574
0.0596892
0.0591669
0.0585919
0.0579659
0.0572906
0.0565679
0.0557997
0.0549883
0.0541358
0.0532445
0.0523167
0.0513549
0.0503616
0.0493394
0.0482906
0.0472181
0.0461243
0.0450118
0.0438833
0.0427414
0.0415885
0.0404272
0.03926
0.0380893
0.0369174
0.0357466
0.0345792
0.0334173
0.0322629
0.0311179
0.0299843
0.0288638
0.0277581
0.0266686
0.0255969
0.0245443
0.023512
0.0225011
0.0215127
0.0205476
0.0196067
0.0186906
0.0177999
0.0169351
0.0160965
0.0152846
0.0144995
0.0137412
0.0130099
0.0123055
0.0116279
0.0109769
0.0103522
0.00975352
0.0091805
0.00863271
0.00810968
0.0076109
0.00713583
0.00668388
0.00625444
0.00584689
0.00546055
0.00509477
0.00474885
0.00442209
0.0041138
0.00382327
0.00354978
0.00329264
0.00305115
0.00282461
0.00261234
0.00241366
0.00222791
0.00205446
0.00189265
0.00174189
0.00160158
0.00147112
0.00134998
0.0012376
0.00113347
0.00103709
0.000947976
0.000865674
0.000789746
0.000719775
0.000655362
0.000596132
0.000541725
0.000491803
0.000446046
0.000404152
0.000365834
0.000330827
0.000298877
0.000269749
0.000243223
0.000219091
0.00019716
0.000177252
0.000159198
0.000142844
0.000128044
0.000114666
0.000102585
9.1688e-05
8.18682e-05
7.30287e-05
6.508e-05
5.79399e-05
5.15329e-05
4.57895e-05
4.06466e-05
3.60461e-05
3.1935e-05
2.82653e-05
2.49928e-05
2.20776e-05
2.37553e-05
2.6892e-05
3.04132e-05
3.43618e-05
3.87852e-05
4.37354e-05
4.92691e-05
5.54489e-05
6.23429e-05
7.00255e-05
7.85782e-05
8.80894e-05
9.86555e-05
0.000110381
0.00012338
0.000137774
0.000153699
0.000171296
0.000190721
0.000212143
0.000235739
0.000261705
0.000290248
0.000321589
0.000355967
0.000393634
0.000434863
0.000479942
0.000529176
0.000582891
0.000641432
0.000705164
0.000774471
0.00084976
0.000931458
0.00102001
0.0011159
0.0012196
0.00133165
0.00145257
0.00158292
0.00172328
0.00187426
0.00203648
0.00221058
0.00239722
0.00259708
0.00281085
0.00303926
0.00328301
0.00354286
0.00381953
0.0041138
0.00442641
0.00475813
0.00510972
0.00548193
0.00587551
0.0062912
0.00672973
0.0071918
0.00767809
0.00818926
0.00872594
0.00928871
0.00987813
0.0104947
0.0111389
0.011811
0.0125115
0.0132407
0.0139986
0.0147855
0.0156013
0.0164461
0.0173197
0.018222
0.0191525
0.0201109
0.0210966
0.0221091
0.0231475
0.024211
0.0252987
0.0264095
0.0275421
0.0286952
0.0298674
0.0310572
0.0322629
0.0334826
0.0347146
0.0359567
0.0372069
0.0384631
0.0397228
0.0409837
0.0422434
0.0434993
0.0447489
0.0459893
0.0472181
0.0484323
0.0496293
0.0508062
0.0519603
0.0530887
0.0541887
0.0552575
0.0562923
0.0572906
0.0582496
0.0591669
0.06004
0.0608665
0.0616441
0.0623708
0.0630444
0.0636631
0.0642251
0.0647288
0.0651728
0.0655558
0.0658767
0.0661345
0.0663286
0.0664582
0.0665232
0.0665232
0.0664582
0.0663286
0.0661345
0.0658767
0.0655558
0.0651728
0.0647288
0.0642251
0.0636631
0.0630444
0.0623708
0.0616441
0.0608665
0.06004
0.0591669
0.0582496
0.0572906
0.0562923
0.0552575
0.0541887
0.0530887
0.0519603
0.0508062
0.0496293
0.0484323
0.0472181
0.0459893
0.0447489
0.0434993
0.0422434
0.0409837
0.0397228
0.0384631
0.0372069
0.0359567
0.0347146
0.0334826
0.0322629
0.0310572
0.0298674
0.0286952
0.0275421
0.0264095
0.0252987
0.024211
0.0231475
0.0221091
0.0210966
0.0201109
0.0191525
0.018222
0.0173197
0.0164461
0.0156013
0.0147855
0.0139986
0.0132407
0.0125115
0.011811
0.0111389
0.0104947
0.00987813
0.00928871
0.00872594
0.00818926
0.00767809
0.0071918
0.00672973
0.0062912
0.00587551
0.00548193
0.00510972
0.00475813
0.00442641
0.0041138
0.00381953
0.00354286
0.00328301
0.00303926
0.00281085
0.00259708
0.00239722
0.00221058
0.00203648
0.00187426
0.00172328
0.00158292
0.00145257
0.00133165
0.0012196
0.0011159
0.00102001
0.000931458
0.00084976
0.000774471
0.000705164
0.000641432
0.000582891
0.000529176
0.000479942
0.000434863
0.000393634
0.000355967
0.000321589
0.000290248
0.000261705
0.000235739
0.000212143
0.000190721
0.000171296
0.000153699
0.000137774
0.00012338
0.000110381
9.86555e-05
8.80894e-05
7.85782e-05
7.00255e-05
6.23429e-05
5.54489e-05
4.92691e-05
4.37354e-05
3.87852e-05
3.43618e-05
3.04132e-05
2.6892e-05
2.37553e-05
2.55355e-05
2.89073e-05
3.26924e-05
3.69369e-05
4.16918e-05
4.70129e-05
5.29614e-05
5.96043e-05
6.70149e-05
7.52733e-05
8.44669e-05
9.46909e-05
0.000106049
0.000118653
0.000132626
0.000148099
0.000165217
0.000184133
0.000205014
0.000228041
0.000253406
0.000281318
0.000311999
0.000345689
0.000382643
0.000423134
0.000467452
0.000515909
0.000568833
0.000626574
0.000689502
0.00075801
0.000832511
0.000913442
0.00100126
0.00109645
0.00119952
0.001311
0.00143144
0.00156142
0.00170154
0.00185242
0.00201472
0.00218909
0.00237624
0.00257687
0.0027917
0.0030215
0.00326702
0.00352904
0.00380836
0.00410577
0.00442209
0.00475813
0.00511471
0.00549264
0.00589275
0.00631582
0.00676267
0.00723406
0.00773075
0.00825349
0.00880297
0.00937987
0.00998482
0.0106184
0.0112812
0.0119736
0.0126962
0.0134492
0.0142329
0.0150477
0.0158935
0.0167705
0.0176786
0.0186177
0.0195875
0.0205878
0.021618
0.0226776
0.0237659
0.0248822
0.0260254
0.0271946
0.0283886
0.0296061
0.0308456
0.0321057
0.0333847
0.0346807
0.0359918
0.0373161
0.0386513
0.0399953
0.0413455
0.0426997
0.0440551
0.0454092
0.0467592
0.0481024
0.0494358
0.0507566
0.0520619
0.0533486
0.0546137
0.0558542
0.0570672
0.0582496
0.0593985
0.0605109
0.061584
0.0626149
0.0636009
0.0645395
0.0654279
0.0662638
0.0670449
0.067769
0.0684341
0.0690382
0.0695796
0.0700569
0.0704686
0.0708135
0.0710907
0.0712993
0.0714387
0.0715085
0.0715085
0.0714387
0.0712993
0.0710907
0.0708135
0.0704686
0.0700569
0.0695796
0.0690382
0.0684341
0.067769
0.0670449
0.0662638
0.0654279
0.0645395
0.0636009
0.0626149
0.061584
0.0605109
0.0593985
0.0582496
0.0570672
0.0558542
0.0546137
0.0533486
0.0520619
0.0507566
0.0494358
0.0481024
0.0467592
0.0454092
0.0440551
0.0426997
0.0413455
0.0399953
0.0386513
0.0373161
0.0359918
0.0346807
0.0333847
0.0321057
0.0308456
0.0296061
0.0283886
0.0271946
0.0260254
0.0248822
0.0237659
0.0226776
0.021618
0.0205878
0.0195875
0.0186177
0.0176786
0.0167705
0.0158935
0.0150477
0.0142329
0.0134492
0.0126962
0.0119736
0.0112812
0.0106184
0.00998482
0.00937987
0.00880297
0.00825349
0.00773075
0.00723406
0.00676267
0.00631582
0.00589275
0.00549264
0.00511471
0.00475813
0.00442209
0.00410577
0.00380836
0.00352904
0.00326702
0.0030215
0.0027917
0.00257687
0.00237624
0.00218909
0.00201472
0.00185242
0.00170154
0.00156142
0.00143144
0.001311
0.00119952
0.00109645
0.00100126
0.000913442
0.000832511
0.00075801
0.000689502
0.000626574
0.000568833
0.000515909
0.000467452
0.000423134
0.000382643
0.000345689
0.000311999
0.000281318
0.000253406
0.000228041
0.000205014
0.000184133
0.000165217
0.000148099
0.000132626
0.000118653
0.000106049
9.46909e-05
8.44669e-05
7.52733e-05
6.70149e-05
5.96043e-05
5.29614e-05
4.70129e-05
4.16918e-05
3.69369e-05
3.26924e-05
2.89073e-05
2.55355e-05
2.74224e-05
3.10433e-05
3.51081e-05
3.96663e-05
4.47725e-05
5.04868e-05
5.68748e-05
6.40085e-05
7.19667e-05
8.08354e-05
9.07083e-05
0.000101688
0.000113885
0.000127421
0.000142426
0.000159043
0.000177425
0.000197739
0.000220163
0.000244891
0.000272131
0.000302105
0.000335053
0.000371233
0.000410917
0.0004544
0.000501993
0.00055403
0.000610865
0.000672872
0.00074045
0.00081402
0.000894026
0.000980937
0.00107525
0.00117747
0.00128816
0.00140787
0.00153721
0.0016768
0.00182727
0.0019893
0.00216359
0.00235085
0.00255182
0.00276727
0.00299799
0.00324476
0.00350843
0.00378981
0.00408977
0.00440915
0.00474885
0.00510972
0.00549264
0.0058985
0.00632817
0.00678251
0.00726237
0.00776859
0.00830199
0.00886335
0.00945344
0.010073
0.0107226
0.011403
0.0121148
0.0128584
0.0136343
0.014443
0.0152846
0.0161595
0.0170679
0.0180097
0.0189849
0.0199934
0.0210349
0.0221091
0.0232154
0.0243533
0.025522
0.0267208
0.0279485
0.0292041
0.0304863
0.0317937
0.0331249
0.0344781
0.0358515
0.0372433
0.0386513
0.0400735
0.0415073
0.0429506
0.0444006
0.0458548
0.0473104
0.0487645
0.0502143
0.0516567
0.0530887
0.0545071
0.0559088
0.0572906
0.0586492
0.0599814
0.061284
0.0625538
0.0637875
0.0649822
0.0661345
0.0672416
0.0683005
0.0693084
0.0702625
0.0711602
0.071999
0.0727766
0.0734908
0.0741395
0.074721
0.0752335
0.0756757
0.0760461
0.0763437
0.0765677
0.0767174
0.0767923
0.0767923
0.0767174
0.0765677
0.0763437
0.0760461
0.0756757
0.0752335
0.074721
0.0741395
0.0734908
0.0727766
0.071999
0.0711602
0.0702625
0.0693084
0.0683005
0.0672416
0.0661345
0.0649822
0.0637875
0.0625538
0.061284
0.0599814
0.0586492
0.0572906
0.0559088
0.0545071
0.0530887
0.0516567
0.0502143
0.0487645
0.0473104
0.0458548
0.0444006
0.0429506
0.0415073
0.0400735
0.0386513
0.0372433
0.0358515
0.0344781
0.0331249
0.0317937
0.0304863
0.0292041
0.0279485
0.0267208
0.025522
0.0243533
0.0232154
0.0221091
0.0210349
0.0199934
0.0189849
0.0180097
0.0170679
0.0161595
0.0152846
0.014443
0.0136343
0.0128584
0.0121148
0.011403
0.0107226
0.010073
0.00945344
0.00886335
0.00830199
0.00776859
0.00726237
0.00678251
0.00632817
0.0058985
0.00549264
0.00510972
0.00474885
0.00440915
0.00408977
0.00378981
0.00350843
0.00324476
0.00299799
0.00276727
0.00255182
0.00235085
0.00216359
0.0019893
0.00182727
0.0016768
0.00153721
0.00140787
0.00128816
0.00117747
0.00107525
0.000980937
0.000894026
0.00081402
0.00074045
0.000672872
0.000610865
0.00055403
0.000501993
0.0004544
0.000410917
0.000371233
0.000335053
0.000302105
0.000272131
0.000244891
0.000220163
0.000197739
0.000177425
0.000159043
0.000142426
0.000127421
0.000113885
0.000101688
9.07083e-05
8.08354e-05
7.19667e-05
6.40085e-05
5.68748e-05
5.04868e-05
4.47725e-05
3.96663e-05
3.51081e-05
3.10433e-05
2.74224e-05
2.94199e-05
3.33046e-05
3.76654e-05
4.25557e-05
4.80339e-05
5.41644e-05
6.10178e-05
6.86711e-05
7.7209e-05
8.67237e-05
9.73158e-05
0.000109095
0.000122181
0.000136702
0.000152801
0.000170628
0.000190349
0.000212143
0.0002362
0.00026273
0.000291953
0.000324111
0.00035946
0.000398274
0.00044085
0.0004875
0.00053856
0.000594388
0.000655362
0.000721887
0.000794387
0.000873316
0.00095915
0.00105239
0.00115357
0.00126324
0.00138199
0.00151043
0.00164919
0.00179894
0.00196038
0.00213421
0.00232119
0.00252209
0.00273771
0.00296885
0.00321637
0.00348112
0.00376399
0.00406587
0.00438768
0.00473033
0.00509477
0.00548193
0.00589275
0.00632817
0.00678914
0.00727657
0.00779139
0.00833449
0.00890674
0.00950899
0.0101421
0.0108067
0.0115037
0.0122337
0.0129972
0.013795
0.0146275
0.015495
0.016398
0.0173367
0.0183112
0.0193216
0.0203678
0.0214498
0.0225672
0.0237196
0.0249065
0.0261273
0.0273812
0.0286672
0.0299843
0.0313314
0.032707
0.0341097
0.0355378
0.0369896
0.0384631
0.0399562
0.0414668
0.0429925
0.0445309
0.0460792
0.0476349
0.049195
0.0507566
0.0523167
0.0538721
0.0554196
0.0569559
0.0584776
0.0599814
0.0614638
0.0629214
0.0643507
0.0657481
0.0671104
0.0684341
0.0697157
0.070952
0.0721397
0.0732758
0.074357
0.0753806
0.0763437
0.0772436
0.0780779
0.0788441
0.0795401
0.0801639
0.0807138
0.0811881
0.0815855
0.0819048
0.0821451
0.0823057
0.0823862
0.0823862
0.0823057
0.0821451
0.0819048
0.0815855
0.0811881
0.0807138
0.0801639
0.0795401
0.0788441
0.0780779
0.0772436
0.0763437
0.0753806
0.074357
0.0732758
0.0721397
0.070952
0.0697157
0.0684341
0.0671104
0.0657481
0.0643507
0.0629214
0.0614638
0.0599814
0.0584776
0.0569559
0.0554196
0.0538721
0.0523167
0.0507566
0.049195
0.0476349
0.0460792
0.0445309
0.0429925
0.0414668
0.0399562
0.0384631
0.0369896
0.0355378
0.0341097
0.032707
0.0313314
0.0299843
0.0286672
0.0273812
0.0261273
0.0249065
0.0237196
0.0225672
0.0214498
0.0203678
0.0193216
0.0183112
0.0173367
0.016398
0.015495
0.0146275
0.013795
0.0129972
0.0122337
0.0115037
0.0108067
0.0101421
0.00950899
0.00890674
0.00833449
0.00779139
0.00727657
0.00678914
0.00632817
0.00589275
0.00548193
0.00509477
0.00473033
0.00438768
0.00406587
0.00376399
0.00348112
0.00321637
0.00296885
0.00273771
0.00252209
0.00232119
0.00213421
0.00196038
0.00179894
0.00164919
0.00151043
0.00138199
0.00126324
0.00115357
0.00105239
0.00095915
0.000873316
0.000794387
0.000721887
0.000655362
0.000594388
0.00053856
0.0004875
0.00044085
0.000398274
0.00035946
0.000324111
0.000291953
0.00026273
0.0002362
0.000212143
0.000190349
0.000170628
0.000152801
0.000136702
0.000122181
0.000109095
9.73158e-05
8.67237e-05
7.7209e-05
6.86711e-05
6.10178e-05
5.41644e-05
4.80339e-05
4.25557e-05
3.76654e-05
3.33046e-05
2.94199e-05
3.15322e-05
3.56958e-05
4.03697e-05
4.5611e-05
5.14826e-05
5.80532e-05
6.53986e-05
7.36015e-05
8.27523e-05
9.29501e-05
0.000104303
0.000116928
0.000130953
0.000146517
0.000163771
0.000182878
0.000204016
0.000227374
0.000253159
0.000281593
0.000312915
0.000347381
0.000385268
0.000426869
0.000472501
0.0005225
0.000577227
0.000637063
0.000702415
0.000773715
0.000851421
0.000936017
0.00102801
0.00112795
0.00123639
0.00135394
0.00148122
0.00161887
0.0017676
0.0019281
0.00210112
0.00228744
0.00248785
0.00270317
0.00293426
0.003182
0.00344729
0.00373105
0.00403423
0.00435779
0.0047027
0.00506995
0.00546055
0.00587551
0.00631582
0.00678251
0.00727657
0.007799
0.00835078
0.00893287
0.00954621
0.0101917
0.0108702
0.0115826
0.0123296
0.013112
0.0139304
0.0147855
0.0156777
0.0166075
0.0175753
0.0185814
0.0196258
0.0207088
0.0218302
0.0229898
0.0241874
0.0254225
0.0266947
0.0280031
0.029347
0.0307254
0.0321371
0.0335809
0.0350552
0.0365586
0.0380893
0.0396453
0.0412246
0.0428249
0.044444
0.0460792
0.047728
0.0493876
0.0510549
0.052727
0.0544008
0.0560729
0.0577399
0.0593985
0.0610451
0.0626761
0.0642878
0.0658767
0.0674389
0.0689708
0.0704686
0.0719287
0.0733474
0.074721
0.0760461
0.0773191
0.0785367
0.0796956
0.0807927
0.0818249
0.0827894
0.0836835
0.0845048
0.0852508
0.0859194
0.0865087
0.0870171
0.087443
0.0877853
0.0880429
0.088215
0.0883012
0.0883012
0.088215
0.0880429
0.0877853
0.087443
0.0870171
0.0865087
0.0859194
0.0852508
0.0845048
0.0836835
0.0827894
0.0818249
0.0807927
0.0796956
0.0785367
0.0773191
0.0760461
0.074721
0.0733474
0.0719287
0.0704686
0.0689708
0.0674389
0.0658767
0.0642878
0.0626761
0.0610451
0.0593985
0.0577399
0.0560729
0.0544008
0.052727
0.0510549
0.0493876
0.047728
0.0460792
0.044444
0.0428249
0.0412246
0.0396453
0.0380893
0.0365586
0.0350552
0.0335809
0.0321371
0.0307254
0.029347
0.0280031
0.0266947
0.0254225
0.0241874
0.0229898
0.0218302
0.0207088
0.0196258
0.0185814
0.0175753
0.0166075
0.0156777
0.0147855
0.0139304
0.013112
0.0123296
0.0115826
0.0108702
0.0101917
0.00954621
0.00893287
0.00835078
0.007799
0.00727657
0.00678251
0.00631582
0.00587551
0.00546055
0.00506995
0.0047027
0.00435779
0.00403423
0.00373105
0.00344729
0.003182
0.00293426
0.00270317
0.00248785
0.00228744
0.00210112
0.0019281
0.0017676
0.00161887
0.00148122
0.00135394
0.00123639
0.00112795
0.00102801
0.000936017
0.000851421
0.000773715
0.000702415
0.000637063
0.000577227
0.0005225
0.000472501
0.000426869
0.000385268
0.000347381
0.000312915
0.000281593
0.000253159
0.000227374
0.000204016
0.000182878
0.000163771
0.000146517
0.000130953
0.000116928
0.000104303
9.29501e-05
8.27523e-05
7.36015e-05
6.53986e-05
5.80532e-05
5.14826e-05
4.5611e-05
4.03697e-05
3.56958e-05
3.15322e-05
3.37631e-05
3.82212e-05
4.32258e-05
4.8838e-05
5.51249e-05
6.21605e-05
7.00255e-05
7.88088e-05
8.86071e-05
9.95264e-05
0.000111682
0.0001252
0.000140218
0.000156883
0.000175358
0.000195817
0.00021845
0.00024346
0.00027107
0.000301515
0.000335053
0.000371958
0.000412525
0.00045707
0.00050593
0.000559467
0.000618066
0.000682135
0.000752111
0.000828456
0.000911659
0.00100224
0.00110075
0.00120775
0.00132387
0.00144973
0.00158601
0.00173341
0.00189265
0.00206451
0.00224978
0.00244928
0.00266386
0.00289442
0.00314186
0.00340713
0.00369119
0.00399503
0.00431965
0.0046661
0.00503541
0.00542865
0.00584689
0.0062912
0.00676267
0.00726237
0.00779139
0.00835078
0.0089416
0.00956487
0.0102216
0.0109128
0.0116393
0.0124021
0.0132019
0.0140397
0.014916
0.0158315
0.0167869
0.0177825
0.0188188
0.019896
0.0210144
0.0221739
0.0233746
0.0246163
0.0258986
0.0272212
0.0285833
0.0299843
0.0314233
0.0328992
0.0344108
0.0359567
0.0375354
0.0391452
0.0407841
0.0424502
0.0441412
0.0458548
0.0475884
0.0493394
0.0511048
0.0528817
0.054667
0.0564575
0.0582496
0.06004
0.061825
0.0636009
0.065364
0.0671104
0.0688362
0.0705375
0.0722102
0.0738505
0.0754543
0.0770176
0.0785367
0.0800075
0.0814263
0.0827894
0.0840932
0.0853341
0.0865087
0.087614
0.0886468
0.0896042
0.0904835
0.0912823
0.0919982
0.0926292
0.0931736
0.0936296
0.0939961
0.0942719
0.0944562
0.0945485
0.0945485
0.0944562
0.0942719
0.0939961
0.0936296
0.0931736
0.0926292
0.0919982
0.0912823
0.0904835
0.0896042
0.0886468
0.087614
0.0865087
0.0853341
0.0840932
0.0827894
0.0814263
0.0800075
0.0785367
0.0770176
0.0754543
0.0738505
0.0722102
0.0705375
0.0688362
0.0671104
0.065364
0.0636009
0.061825
0.06004
0.0582496
0.0564575
0.054667
0.0528817
0.0511048
0.0493394
0.0475884
0.0458548
0.0441412
0.0424502
0.0407841
0.0391452
0.0375354
0.0359567
0.0344108
0.0328992
0.0314233
0.0299843
0.0285833
0.0272212
0.0258986
0.0246163
0.0233746
0.0221739
0.0210144
0.019896
0.0188188
0.0177825
0.0167869
0.0158315
0.014916
0.0140397
0.0132019
0.0124021
0.0116393
0.0109128
0.0102216
0.00956487
0.0089416
0.00835078
0.00779139
0.00726237
0.00676267
0.0062912
0.00584689
0.00542865
0.00503541
0.0046661
0.00431965
0.00399503
0.00369119
0.00340713
0.00314186
0.00289442
0.00266386
0.00244928
0.00224978
0.00206451
0.00189265
0.00173341
0.00158601
0.00144973
0.00132387
0.00120775
0.00110075
0.00100224
0.000911659
0.000828456
0.000752111
0.000682135
0.000618066
0.000559467
0.00050593
0.00045707
0.000412525
0.000371958
0.000335053
0.000301515
0.00027107
0.00024346
0.00021845
0.000195817
0.000175358
0.000156883
0.000140218
0.0001252
0.000111682
9.95264e-05
8.86071e-05
7.88088e-05
7.00255e-05
6.21605e-05
5.51249e-05
4.8838e-05
4.32258e-05
3.82212e-05
3.37631e-05
3.61165e-05
4.08854e-05
4.62389e-05
5.22422e-05
5.89674e-05
6.64934e-05
7.49067e-05
8.43021e-05
9.47834e-05
0.000106464
0.000119467
0.000133927
0.000149992
0.000167819
0.000187581
0.000209466
0.000233677
0.000260431
0.000289965
0.000322533
0.000358408
0.000397886
0.00044128
0.00048893
0.000541196
0.000598465
0.000661148
0.000729683
0.000804537
0.000886203
0.000975206
0.0010721
0.00117747
0.00129194
0.00141615
0.00155078
0.00169656
0.00185423
0.00202458
0.00220842
0.0024066
0.00262
0.00284955
0.00309617
0.00336087
0.00364462
0.00394848
0.0042735
0.00462075
0.00499135
0.00538641
0.00580706
0.00625444
0.00672973
0.00723406
0.00776859
0.00833449
0.00893287
0.00956487
0.0102316
0.0109341
0.0116734
0.0124506
0.0132665
0.0141222
0.0150183
0.0159557
0.0169351
0.017957
0.019022
0.0201305
0.0212829
0.0224792
0.0237196
0.025004
0.0263322
0.0277039
0.0291186
0.0305757
0.0320744
0.0336137
0.0351924
0.0368094
0.0384631
0.0401518
0.0418738
0.043627
0.0454092
0.0472181
0.0490511
0.0509056
0.0527786
0.054667
0.0565679
0.0584776
0.0603928
0.0623099
0.0642251
0.0661345
0.0680342
0.0699202
0.0717883
0.0736344
0.0754543
0.0772436
0.0789982
0.0807138
0.0823862
0.0840111
0.0855844
0.0871021
0.0885602
0.0899549
0.0912823
0.0925388
0.0937211
0.0948259
0.09585
0.0967906
0.0976451
0.0984109
0.099086
0.0996682
0.100156
0.100548
0.100843
0.10104
0.101139
0.101139
0.10104
0.100843
0.100548
0.100156
0.0996682
0.099086
0.0984109
0.0976451
0.0967906
0.09585
0.0948259
0.0937211
0.0925388
0.0912823
0.0899549
0.0885602
0.0871021
0.0855844
0.0840111
0.0823862
0.0807138
0.0789982
0.0772436
0.0754543
0.0736344
0.0717883
0.0699202
0.0680342
0.0661345
0.0642251
0.0623099
0.0603928
0.0584776
0.0565679
0.054667
0.0527786
0.0509056
0.0490511
0.0472181
0.0454092
0.043627
0.0418738
0.0401518
0.0384631
0.0368094
0.0351924
0.0336137
0.0320744
0.0305757
0.0291186
0.0277039
0.0263322
0.025004
0.0237196
0.0224792
0.0212829
0.0201305
0.019022
0.017957
0.0169351
0.0159557
0.0150183
0.0141222
0.0132665
0.0124506
0.0116734
0.0109341
0.0102316
0.00956487
0.00893287
0.00833449
0.00776859
0.00723406
0.00672973
0.00625444
0.00580706
0.00538641
0.00499135
0.00462075
0.0042735
0.00394848
0.00364462
0.00336087
0.00309617
0.00284955
0.00262
0.0024066
0.00220842
0.00202458
0.00185423
0.00169656
0.00155078
0.00141615
0.00129194
0.00117747
0.0010721
0.000975206
0.000886203
0.000804537
0.000729683
0.000661148
0.000598465
0.000541196
0.00048893
0.00044128
0.000397886
0.000358408
0.000322533
0.000289965
0.000260431
0.000233677
0.000209466
0.000187581
0.000167819
0.000149992
0.000133927
0.000119467
0.000106464
9.47834e-05
8.43021e-05
7.49067e-05
6.64934e-05
5.89674e-05
5.22422e-05
4.62389e-05
4.08854e-05
3.61165e-05
3.85963e-05
4.36927e-05
4.94137e-05
5.58292e-05
6.30162e-05
7.10589e-05
8.00498e-05
9.00904e-05
0.000101291
0.000113774
0.00012767
0.000143123
0.00016029
0.000179341
0.000200461
0.000223849
0.000249721
0.000278312
0.000309874
0.000344678
0.000383017
0.000425205
0.000471579
0.0005225
0.000578355
0.000639556
0.000706543
0.000779784
0.000859777
0.00094705
0.00104216
0.00114571
0.00125832
0.00138064
0.00151338
0.00165726
0.00181305
0.00198155
0.00216359
0.00236005
0.00257184
0.00279989
0.0030452
0.00330876
0.00359163
0.00389487
0.00421959
0.00456692
0.00493802
0.00533406
0.00575624
0.00620577
0.00668388
0.0071918
0.00773075
0.00830199
0.00890674
0.00954621
0.0102216
0.0109341
0.0116848
0.0124749
0.0133055
0.0141774
0.0150918
0.0160495
0.0170512
0.0180978
0.0191899
0.0203281
0.0215127
0.0227442
0.0240226
0.0253482
0.0267208
0.0281402
0.0296061
0.0311179
0.0326751
0.0342766
0.0359216
0.0376088
0.0393368
0.041104
0.0429087
0.0447489
0.0466224
0.048527
0.0504601
0.052419
0.0544008
0.0564024
0.0584205
0.0604518
0.0624927
0.0645395
0.0665882
0.0686348
0.0706754
0.0727055
0.074721
0.0767174
0.0786902
0.080635
0.0825472
0.0844223
0.0862557
0.0880429
0.0897793
0.0914607
0.0930826
0.0946409
0.0961312
0.0975498
0.0988926
0.100156
0.101337
0.102431
0.103436
0.104349
0.105168
0.105889
0.106512
0.107033
0.107452
0.107767
0.107978
0.108083
0.108083
0.107978
0.107767
0.107452
0.107033
0.106512
0.105889
0.105168
0.104349
0.103436
0.102431
0.101337
0.100156
0.0988926
0.0975498
0.0961312
0.0946409
0.0930826
0.0914607
0.0897793
0.0880429
0.0862557
0.0844223
0.0825472
0.080635
0.0786902
0.0767174
0.074721
0.0727055
0.0706754
0.0686348
0.0665882
0.0645395
0.0624927
0.0604518
0.0584205
0.0564024
0.0544008
0.052419
0.0504601
0.048527
0.0466224
0.0447489
0.0429087
0.041104
0.0393368
0.0376088
0.0359216
0.0342766
0.0326751
0.0311179
0.0296061
0.0281402
0.0267208
0.0253482
0.0240226
0.0227442
0.0215127
0.0203281
0.0191899
0.0180978
0.0170512
0.0160495
0.0150918
0.0141774
0.0133055
0.0124749
0.0116848
0.0109341
0.0102216
0.00954621
0.00890674
0.00830199
0.00773075
0.0071918
0.00668388
0.00620577
0.00575624
0.00533406
0.00493802
0.00456692
0.00421959
0.00389487
0.00359163
0.00330876
0.0030452
0.00279989
0.00257184
0.00236005
0.00216359
0.00198155
0.00181305
0.00165726
0.00151338
0.00138064
0.00125832
0.00114571
0.00104216
0.00094705
0.000859777
0.000779784
0.000706543
0.000639556
0.000578355
0.0005225
0.000471579
0.000425205
0.000383017
0.000344678
0.000309874
0.000278312
0.000249721
0.000223849
0.000200461
0.000179341
0.00016029
0.000143123
0.00012767
0.000113774
0.000101291
9.00904e-05
8.00498e-05
7.10589e-05
6.30162e-05
5.58292e-05
4.94137e-05
4.36927e-05
3.85963e-05
4.12061e-05
4.66471e-05
5.27549e-05
5.96043e-05
6.72772e-05
7.58637e-05
8.54626e-05
9.61821e-05
0.00010814
0.000121467
0.000136302
0.000152801
0.000171129
0.000191468
0.000214015
0.000238985
0.000266607
0.000297131
0.000330827
0.000367984
0.000408916
0.000453956
0.000503466
0.000557831
0.000617462
0.000682801
0.000754317
0.000832511
0.000917913
0.00101109
0.00111263
0.00122318
0.0013434
0.001474
0.00161571
0.00176932
0.00193565
0.00211554
0.00230989
0.00251963
0.00274574
0.00298922
0.00325111
0.00353249
0.00383448
0.00415823
0.00450491
0.00487573
0.00527192
0.00569474
0.00614546
0.00662539
0.00713583
0.00767809
0.00825349
0.00886335
0.00950899
0.0101917
0.0109128
0.0116734
0.0124749
0.0133185
0.0142052
0.0151361
0.0161123
0.0171347
0.0182042
0.0193216
0.0204875
0.0217026
0.0229673
0.0242821
0.025647
0.0270622
0.0285276
0.030043
0.031608
0.0332221
0.0348845
0.0365944
0.0383506
0.0401518
0.0419966
0.0438833
0.04581
0.0477747
0.0497749
0.0518083
0.0538721
0.0559634
0.0580792
0.0602162
0.0623708
0.0645395
0.0667183
0.0689035
0.0710907
0.0732758
0.0754543
0.0776217
0.0797735
0.0819048
0.0840111
0.0860874
0.0881289
0.0901307
0.0920881
0.0939961
0.09585
0.0976451
0.0993767
0.10104
0.102631
0.104146
0.10558
0.106928
0.108189
0.109357
0.11043
0.111405
0.112279
0.113049
0.113714
0.11427
0.114717
0.115054
0.115279
0.115392
0.115392
0.115279
0.115054
0.114717
0.11427
0.113714
0.113049
0.112279
0.111405
0.11043
0.109357
0.108189
0.106928
0.10558
0.104146
0.102631
0.10104
0.0993767
0.0976451
0.09585
0.0939961
0.0920881
0.0901307
0.0881289
0.0860874
0.0840111
0.0819048
0.0797735
0.0776217
0.0754543
0.0732758
0.0710907
0.0689035
0.0667183
0.0645395
0.0623708
0.0602162
0.0580792
0.0559634
0.0538721
0.0518083
0.0497749
0.0477747
0.04581
0.0438833
0.0419966
0.0401518
0.0383506
0.0365944
0.0348845
0.0332221
0.031608
0.030043
0.0285276
0.0270622
0.025647
0.0242821
0.0229673
0.0217026
0.0204875
0.0193216
0.0182042
0.0171347
0.0161123
0.0151361
0.0142052
0.0133185
0.0124749
0.0116734
0.0109128
0.0101917
0.00950899
0.00886335
0.00825349
0.00767809
0.00713583
0.00662539
0.00614546
0.00569474
0.00527192
0.00487573
0.00450491
0.00415823
0.00383448
0.00353249
0.00325111
0.00298922
0.00274574
0.00251963
0.00230989
0.00211554
0.00193565
0.00176932
0.00161571
0.001474
0.0013434
0.00122318
0.00111263
0.00101109
0.000917913
0.000832511
0.000754317
0.000682801
0.000617462
0.000557831
0.000503466
0.000453956
0.000408916
0.000367984
0.000330827
0.000297131
0.000266607
0.000238985
0.000214015
0.000191468
0.000171129
0.000152801
0.000136302
0.000121467
0.00010814
9.61821e-05
8.54626e-05
7.58637e-05
6.72772e-05
5.96043e-05
5.27549e-05
4.66471e-05
4.12061e-05
4.39494e-05
4.97526e-05
5.62671e-05
6.35725e-05
7.17562e-05
8.09144e-05
9.11523e-05
0.000102585
0.00011534
0.000129554
0.000145377
0.000162973
0.000182522
0.000204215
0.000228264
0.000254895
0.000284356
0.000316913
0.000352852
0.000392483
0.000436139
0.000484179
0.000536985
0.000594969
0.00065857
0.000728259
0.000804537
0.000887936
0.000979023
0.0010784
0.00118671
0.00130462
0.00143284
0.00157213
0.00172328
0.00188712
0.00206451
0.00225638
0.00246367
0.00268738
0.00292854
0.00318822
0.00346755
0.00376767
0.00408977
0.00443507
0.00480482
0.00520033
0.0056229
0.00607387
0.0065546
0.00706648
0.0076109
0.00818926
0.00880297
0.00945344
0.0101421
0.0108702
0.0116393
0.0124506
0.0133055
0.0142052
0.0151509
0.0161438
0.017185
0.0182754
0.0194161
0.0206079
0.0218515
0.0231475
0.0244964
0.0258986
0.0273544
0.0288638
0.0304268
0.0320431
0.0337123
0.0354338
0.0372069
0.0390306
0.0409038
0.0428249
0.0447926
0.0468049
0.0488599
0.0509553
0.0530887
0.0552575
0.0574587
0.0596892
0.0619459
0.0642251
0.0665232
0.0688362
0.0711602
0.0734908
0.0758236
0.0781541
0.0804777
0.0827894
0.0850844
0.0873577
0.0896042
0.0918187
0.0939961
0.0961312
0.0982189
0.100254
0.102231
0.104146
0.105993
0.107767
0.109464
0.111079
0.112609
0.114047
0.115392
0.116638
0.117782
0.118822
0.119754
0.120576
0.121284
0.121878
0.122355
0.122714
0.122954
0.123074
0.123074
0.122954
0.122714
0.122355
0.121878
0.121284
0.120576
0.119754
0.118822
0.117782
0.116638
0.115392
0.114047
0.112609
0.111079
0.109464
0.107767
0.105993
0.104146
0.102231
0.100254
0.0982189
0.0961312
0.0939961
0.0918187
0.0896042
0.0873577
0.0850844
0.0827894
0.0804777
0.0781541
0.0758236
0.0734908
0.0711602
0.0688362
0.0665232
0.0642251
0.0619459
0.0596892
0.0574587
0.0552575
0.0530887
0.0509553
0.0488599
0.0468049
0.0447926
0.0428249
0.0409038
0.0390306
0.0372069
0.0354338
0.0337123
0.0320431
0.0304268
0.0288638
0.0273544
0.0258986
0.0244964
0.0231475
0.0218515
0.0206079
0.0194161
0.0182754
0.017185
0.0161438
0.0151509
0.0142052
0.0133055
0.0124506
0.0116393
0.0108702
0.0101421
0.00945344
0.00880297
0.00818926
0.0076109
0.00706648
0.0065546
0.00607387
0.0056229
0.00520033
0.00480482
0.00443507
0.00408977
0.00376767
0.00346755
0.00318822
0.00292854
0.00268738
0.00246367
0.00225638
0.00206451
0.00188712
0.00172328
0.00157213
0.00143284
0.00130462
0.00118671
0.0010784
0.000979023
0.000887936
0.000804537
0.000728259
0.00065857
0.000594969
0.000536985
0.000484179
0.000436139
0.000392483
0.000352852
0.000316913
0.000284356
0.000254895
0.000228264
0.000204215
0.000182522
0.000162973
0.000145377
0.000129554
0.00011534
0.000102585
9.11523e-05
8.09144e-05
7.17562e-05
6.35725e-05
5.62671e-05
4.97526e-05
4.39494e-05
4.68296e-05
5.30131e-05
5.99545e-05
6.77387e-05
7.64587e-05
8.62171e-05
9.7126e-05
0.000109308
0.000122899
0.000138044
0.000154904
0.000173654
0.000194483
0.000217598
0.000243223
0.0002716
0.000302991
0.000337681
0.000375976
0.000418204
0.000464721
0.000515909
0.000572176
0.00063396
0.000701729
0.000775985
0.000857261
0.000946126
0.00104318
0.00114907
0.00126448
0.00139011
0.00152674
0.00167516
0.00183622
0.00201079
0.00219981
0.00240425
0.00262512
0.00286349
0.00312046
0.00339716
0.0036948
0.00401458
0.00435779
0.00472572
0.00511971
0.00554113
0.00599139
0.00647192
0.00698415
0.00752958
0.00810968
0.00872594
0.00937987
0.010073
0.0108067
0.0115826
0.0124021
0.0132665
0.0141774
0.0151361
0.0161438
0.0172018
0.0183112
0.0194731
0.0206886
0.0219584
0.0232835
0.0246644
0.0261018
0.0275959
0.0291471
0.0307554
0.0324208
0.034143
0.0359216
0.037756
0.0396453
0.0415885
0.0435844
0.0456314
0.047728
0.0498722
0.0520619
0.0542946
0.0565679
0.0588787
0.0612242
0.0636009
0.0660055
0.0684341
0.0708827
0.0733474
0.0758236
0.0783069
0.0807927
0.0832759
0.0857517
0.088215
0.0906604
0.0930826
0.0954763
0.097836
0.100156
0.102431
0.104656
0.106824
0.108931
0.110971
0.112939
0.11483
0.116638
0.118359
0.119988
0.121521
0.122954
0.124282
0.125501
0.126609
0.127602
0.128477
0.129232
0.129865
0.130373
0.130756
0.131011
0.131139
0.131139
0.131011
0.130756
0.130373
0.129865
0.129232
0.128477
0.127602
0.126609
0.125501
0.124282
0.122954
0.121521
0.119988
0.118359
0.116638
0.11483
0.112939
0.110971
0.108931
0.106824
0.104656
0.102431
0.100156
0.097836
0.0954763
0.0930826
0.0906604
0.088215
0.0857517
0.0832759
0.0807927
0.0783069
0.0758236
0.0733474
0.0708827
0.0684341
0.0660055
0.0636009
0.0612242
0.0588787
0.0565679
0.0542946
0.0520619
0.0498722
0.047728
0.0456314
0.0435844
0.0415885
0.0396453
0.037756
0.0359216
0.034143
0.0324208
0.0307554
0.0291471
0.0275959
0.0261018
0.0246644
0.0232835
0.0219584
0.0206886
0.0194731
0.0183112
0.0172018
0.0161438
0.0151361
0.0141774
0.0132665
0.0124021
0.0115826
0.0108067
0.010073
0.00937987
0.00872594
0.00810968
0.00752958
0.00698415
0.00647192
0.00599139
0.00554113
0.00511971
0.00472572
0.00435779
0.00401458
0.0036948
0.00339716
0.00312046
0.00286349
0.00262512
0.00240425
0.00219981
0.00201079
0.00183622
0.00167516
0.00152674
0.00139011
0.00126448
0.00114907
0.00104318
0.000946126
0.000857261
0.000775985
0.000701729
0.00063396
0.000572176
0.000515909
0.000464721
0.000418204
0.000375976
0.000337681
0.000302991
0.0002716
0.000243223
0.000217598
0.000194483
0.000173654
0.000154904
0.000138044
0.000122899
0.000109308
9.7126e-05
8.62171e-05
7.64587e-05
6.77387e-05
5.99545e-05
5.30131e-05
4.68296e-05
4.98499e-05
5.64322e-05
6.38213e-05
7.21074e-05
8.13899e-05
9.17776e-05
0.00010339
0.000116358
0.000130825
0.000146947
0.000164894
0.000184853
0.000207026
0.000231632
0.000258909
0.000289116
0.000322533
0.00035946
0.000400224
0.000445176
0.000494693
0.000549182
0.000609078
0.000674846
0.000746987
0.000826032
0.00091255
0.00100715
0.00111046
0.00122318
0.00134603
0.00147977
0.00162521
0.0017832
0.00195464
0.00214047
0.00234168
0.00255931
0.00279443
0.00304817
0.00332171
0.00361626
0.00393309
0.0042735
0.00463884
0.0050305
0.0054499
0.0058985
0.0063778
0.00688932
0.00743459
0.0080152
0.00863271
0.00928871
0.00998482
0.0107226
0.0115037
0.0123296
0.0132019
0.0141222
0.0150918
0.0161123
0.017185
0.0183112
0.0194921
0.020729
0.0220229
0.0233746
0.0247852
0.0262552
0.0277852
0.0293757
0.0310269
0.032739
0.0345118
0.036345
0.0382384
0.040191
0.0422022
0.0442707
0.0463953
0.0485744
0.0508062
0.0530887
0.0554196
0.0577963
0.0602162
0.0626761
0.0651728
0.0677029
0.0702625
0.0728477
0.0754543
0.0780779
0.0807138
0.0833573
0.0860033
0.0886468
0.0912823
0.0939044
0.0965075
0.099086
0.101634
0.104146
0.106616
0.109037
0.111405
0.113714
0.115956
0.118128
0.120223
0.122235
0.12416
0.125992
0.127727
0.129359
0.130884
0.132297
0.133595
0.134775
0.135832
0.136764
0.137567
0.138241
0.138782
0.139189
0.139461
0.139597
0.139597
0.139461
0.139189
0.138782
0.138241
0.137567
0.136764
0.135832
0.134775
0.133595
0.132297
0.130884
0.129359
0.127727
0.125992
0.12416
0.122235
0.120223
0.118128
0.115956
0.113714
0.111405
0.109037
0.106616
0.104146
0.101634
0.099086
0.0965075
0.0939044
0.0912823
0.0886468
0.0860033
0.0833573
0.0807138
0.0780779
0.0754543
0.0728477
0.0702625
0.0677029
0.0651728
0.0626761
0.0602162
0.0577963
0.0554196
0.0530887
0.0508062
0.0485744
0.0463953
0.0442707
0.0422022
0.040191
0.0382384
0.036345
0.0345118
0.032739
0.0310269
0.0293757
0.0277852
0.0262552
0.0247852
0.0233746
0.0220229
0.020729
0.0194921
0.0183112
0.017185
0.0161123
0.0150918
0.0141222
0.0132019
0.0123296
0.0115037
0.0107226
0.00998482
0.00928871
0.00863271
0.0080152
0.00743459
0.00688932
0.0063778
0.0058985
0.0054499
0.0050305
0.00463884
0.0042735
0.00393309
0.00361626
0.00332171
0.00304817
0.00279443
0.00255931
0.00234168
0.00214047
0.00195464
0.0017832
0.00162521
0.00147977
0.00134603
0.00122318
0.00111046
0.00100715
0.00091255
0.000826032
0.000746987
0.000674846
0.000609078
0.000549182
0.000494693
0.000445176
0.000400224
0.00035946
0.000322533
0.000289116
0.000258909
0.000231632
0.000207026
0.000184853
0.000164894
0.000146947
0.000130825
0.000116358
0.00010339
9.17776e-05
8.13899e-05
7.21074e-05
6.38213e-05
5.64322e-05
4.98499e-05
5.30131e-05
6.00131e-05
6.78711e-05
7.6683e-05
8.65545e-05
9.76014e-05
0.000109951
0.000123742
0.000139127
0.000156271
0.000175358
0.000196583
0.000220163
0.00024633
0.000275338
0.000307462
0.000342999
0.000382269
0.00042562
0.000473425
0.000526084
0.000584031
0.000647727
0.000717669
0.000794387
0.000878448
0.000970456
0.00107105
0.00118093
0.0013008
0.00143144
0.00157367
0.00172834
0.00189635
0.00207867
0.0022763
0.00249028
0.00272171
0.00297175
0.0032416
0.00353249
0.00384573
0.00418267
0.00454468
0.0049332
0.00534971
0.00579572
0.0062728
0.00678251
0.00732648
0.00790636
0.0085238
0.0091805
0.00987813
0.0106184
0.011403
0.0122337
0.013112
0.0140397
0.0150183
0.0160495
0.0171347
0.0182754
0.0194731
0.020729
0.0220444
0.0234203
0.0248579
0.0263579
0.0279212
0.0295483
0.0312397
0.0329957
0.0348164
0.0367017
0.0386513
0.0406648
0.0427414
0.0448801
0.0470799
0.0493394
0.0516567
0.0540302
0.0564575
0.0589363
0.0614638
0.0640372
0.0666532
0.0693084
0.071999
0.074721
0.0774702
0.0802423
0.0830323
0.0858355
0.0886468
0.0914607
0.0942719
0.0970746
0.0998631
0.102631
0.105373
0.108083
0.110754
0.113381
0.115956
0.118475
0.120929
0.123314
0.125624
0.127852
0.129992
0.132039
0.133987
0.135832
0.137567
0.139189
0.140692
0.142073
0.143327
0.144451
0.145442
0.146297
0.147013
0.147588
0.148021
0.14831
0.148455
0.148455
0.14831
0.148021
0.147588
0.147013
0.146297
0.145442
0.144451
0.143327
0.142073
0.140692
0.139189
0.137567
0.135832
0.133987
0.132039
0.129992
0.127852
0.125624
0.123314
0.120929
0.118475
0.115956
0.113381
0.110754
0.108083
0.105373
0.102631
0.0998631
0.0970746
0.0942719
0.0914607
0.0886468
0.0858355
0.0830323
0.0802423
0.0774702
0.074721
0.071999
0.0693084
0.0666532
0.0640372
0.0614638
0.0589363
0.0564575
0.0540302
0.0516567
0.0493394
0.0470799
0.0448801
0.0427414
0.0406648
0.0386513
0.0367017
0.0348164
0.0329957
0.0312397
0.0295483
0.0279212
0.0263579
0.0248579
0.0234203
0.0220444
0.020729
0.0194731
0.0182754
0.0171347
0.0160495
0.0150183
0.0140397
0.013112
0.0122337
0.011403
0.0106184
0.00987813
0.0091805
0.0085238
0.00790636
0.00732648
0.00678251
0.0062728
0.00579572
0.00534971
0.0049332
0.00454468
0.00418267
0.00384573
0.00353249
0.0032416
0.00297175
0.00272171
0.00249028
0.0022763
0.00207867
0.00189635
0.00172834
0.00157367
0.00143144
0.0013008
0.00118093
0.00107105
0.000970456
0.000878448
0.000794387
0.000717669
0.000647727
0.000584031
0.000526084
0.000473425
0.00042562
0.000382269
0.000342999
0.000307462
0.000275338
0.00024633
0.000220163
0.000196583
0.000175358
0.000156271
0.000139127
0.000123742
0.000109951
9.76014e-05
8.65545e-05
7.6683e-05
6.78711e-05
6.00131e-05
5.30131e-05
5.63221e-05
6.3759e-05
7.21074e-05
8.14694e-05
9.1957e-05
0.000103693
0.000116814
0.000131465
0.00014781
0.000166026
0.000186303
0.000208854
0.000233905
0.000261705
0.000292524
0.000326653
0.000364408
0.00040613
0.000452186
0.000502975
0.000558921
0.000620485
0.000688157
0.000762464
0.000843971
0.000933279
0.00103103
0.00113791
0.00125464
0.00138199
0.00152079
0.00167189
0.00183622
0.00201472
0.00220842
0.00241838
0.00264571
0.00289159
0.00315724
0.00344393
0.00375298
0.00408577
0.00444374
0.00482834
0.00524112
0.00568363
0.00615748
0.00666433
0.00720586
0.00778378
0.00839985
0.00905584
0.00975352
0.0104947
0.0112812
0.0121148
0.0129972
0.0139304
0.014916
0.0159557
0.0170512
0.0182042
0.0194161
0.0206886
0.0220229
0.0234203
0.0248822
0.0264095
0.0280031
0.029664
0.0313926
0.0331896
0.0350552
0.0369896
0.0389925
0.0410639
0.043203
0.0454092
0.0476814
0.0500186
0.052419
0.054881
0.0574026
0.0599814
0.0626149
0.0653002
0.0680342
0.0708135
0.0736344
0.076493
0.0793849
0.0823057
0.0852508
0.088215
0.0911932
0.0941799
0.0971695
0.100156
0.103134
0.106096
0.109037
0.111951
0.11483
0.117667
0.120458
0.123194
0.125869
0.128477
0.131011
0.133465
0.135832
0.138106
0.14028
0.142351
0.14431
0.146154
0.147877
0.149474
0.150941
0.152273
0.153467
0.15452
0.155428
0.156189
0.1568
0.15726
0.157568
0.157722
0.157722
0.157568
0.15726
0.1568
0.156189
0.155428
0.15452
0.153467
0.152273
0.150941
0.149474
0.147877
0.146154
0.14431
0.142351
0.14028
0.138106
0.135832
0.133465
0.131011
0.128477
0.125869
0.123194
0.120458
0.117667
0.11483
0.111951
0.109037
0.106096
0.103134
0.100156
0.0971695
0.0941799
0.0911932
0.088215
0.0852508
0.0823057
0.0793849
0.076493
0.0736344
0.0708135
0.0680342
0.0653002
0.0626149
0.0599814
0.0574026
0.054881
0.052419
0.0500186
0.0476814
0.0454092
0.043203
0.0410639
0.0389925
0.0369896
0.0350552
0.0331896
0.0313926
0.029664
0.0280031
0.0264095
0.0248822
0.0234203
0.0220229
0.0206886
0.0194161
0.0182042
0.0170512
0.0159557
0.014916
0.0139304
0.0129972
0.0121148
0.0112812
0.0104947
0.00975352
0.00905584
0.00839985
0.00778378
0.00720586
0.00666433
0.00615748
0.00568363
0.00524112
0.00482834
0.00444374
0.00408577
0.00375298
0.00344393
0.00315724
0.00289159
0.00264571
0.00241838
0.00220842
0.00201472
0.00183622
0.00167189
0.00152079
0.00138199
0.00125464
0.00113791
0.00103103
0.000933279
0.000843971
0.000762464
0.000688157
0.000620485
0.000558921
0.000502975
0.000452186
0.00040613
0.000364408
0.000326653
0.000292524
0.000261705
0.000233905
0.000208854
0.000186303
0.000166026
0.00014781
0.000131465
0.000116814
0.000103693
9.1957e-05
8.14694e-05
7.21074e-05
6.3759e-05
5.63221e-05
5.97792e-05
6.76725e-05
7.65334e-05
8.647e-05
9.76014e-05
0.000110058
0.000123984
0.000139535
0.000156883
0.000176216
0.000197739
0.000221673
0.000248262
0.000277769
0.00031048
0.000346703
0.000386776
0.000431058
0.000479942
0.000533847
0.000593228
0.00065857
0.000730396
0.000809264
0.000895774
0.000990564
0.00109431
0.00120775
0.00133165
0.00146682
0.00161414
0.00177451
0.00194892
0.00213838
0.00234397
0.00256682
0.00280811
0.00306908
0.00335103
0.00365532
0.00398334
0.00433656
0.00471649
0.00512471
0.00556282
0.00603249
0.00653543
0.00707339
0.00764815
0.00826155
0.00891544
0.00961169
0.0103522
0.0111389
0.0119736
0.0128584
0.013795
0.0147855
0.0158315
0.0169351
0.0180978
0.0193216
0.0206079
0.0219584
0.0233746
0.0248579
0.0264095
0.0280305
0.029722
0.0314848
0.0333195
0.0352268
0.0372069
0.03926
0.0413859
0.0435844
0.0458548
0.0481964
0.0506082
0.0530887
0.0556365
0.0582496
0.060926
0.0636631
0.0664582
0.0693084
0.0722102
0.0751601
0.0781541
0.0811881
0.0842576
0.0873577
0.0904835
0.0936296
0.0967906
0.0999607
0.103134
0.106304
0.109464
0.112609
0.11573
0.118822
0.121878
0.12489
0.127852
0.130756
0.133595
0.136363
0.139053
0.141657
0.144169
0.146583
0.148891
0.151088
0.153168
0.155125
0.156953
0.158648
0.160205
0.16162
0.162887
0.164005
0.164968
0.165776
0.166425
0.166913
0.167239
0.167403
0.167403
0.167239
0.166913
0.166425
0.165776
0.164968
0.164005
0.162887
0.16162
0.160205
0.158648
0.156953
0.155125
0.153168
0.151088
0.148891
0.146583
0.144169
0.141657
0.139053
0.136363
0.133595
0.130756
0.127852
0.12489
0.121878
0.118822
0.11573
0.112609
0.109464
0.106304
0.103134
0.0999607
0.0967906
0.0936296
0.0904835
0.0873577
0.0842576
0.0811881
0.0781541
0.0751601
0.0722102
0.0693084
0.0664582
0.0636631
0.060926
0.0582496
0.0556365
0.0530887
0.0506082
0.0481964
0.0458548
0.0435844
0.0413859
0.03926
0.0372069
0.0352268
0.0333195
0.0314848
0.029722
0.0280305
0.0264095
0.0248579
0.0233746
0.0219584
0.0206079
0.0193216
0.0180978
0.0169351
0.0158315
0.0147855
0.013795
0.0128584
0.0119736
0.0111389
0.0103522
0.00961169
0.00891544
0.00826155
0.00764815
0.00707339
0.00653543
0.00603249
0.00556282
0.00512471
0.00471649
0.00433656
0.00398334
0.00365532
0.00335103
0.00306908
0.00280811
0.00256682
0.00234397
0.00213838
0.00194892
0.00177451
0.00161414
0.00146682
0.00133165
0.00120775
0.00109431
0.000990564
0.000895774
0.000809264
0.000730396
0.00065857
0.000593228
0.000533847
0.000479942
0.000431058
0.000386776
0.000346703
0.00031048
0.000277769
0.000248262
0.000221673
0.000197739
0.000176216
0.000156883
0.000139535
0.000123984
0.000110058
9.76014e-05
8.647e-05
7.65334e-05
6.76725e-05
5.97792e-05
6.33865e-05
7.17562e-05
8.11518e-05
9.1688e-05
0.000103491
0.0001167
0.000131465
0.000147955
0.00016635
0.00018685
0.000209671
0.00023505
0.000263243
0.000294531
0.000329215
0.000367625
0.000410115
0.00045707
0.000508904
0.000566062
0.000629026
0.000698311
0.000774471
0.000858099
0.000949829
0.00105034
0.00116035
0.00128063
0.00141201
0.00155533
0.00171154
0.0018816
0.00206653
0.00226742
0.00248542
0.00272171
0.00297756
0.00325428
0.00355325
0.0038759
0.00422371
0.00459825
0.00500111
0.00543396
0.0058985
0.00639652
0.0069298
0.00750022
0.00810968
0.00876009
0.00945344
0.0101917
0.0109769
0.011811
0.0126962
0.0136343
0.0146275
0.0156777
0.0167869
0.017957
0.0191899
0.0204875
0.0218515
0.0232835
0.0247852
0.0263579
0.0280031
0.029722
0.0315155
0.0333847
0.0353302
0.0373526
0.0394522
0.0416291
0.0438833
0.0462144
0.0486219
0.0511048
0.0536621
0.0562923
0.0589938
0.0617647
0.0646025
0.0675048
0.0704686
0.0734908
0.0765677
0.0796956
0.0828703
0.0860874
0.089342
0.0926292
0.0959437
0.0992797
0.102631
0.105993
0.109357
0.112719
0.11607
0.119404
0.122714
0.125992
0.129232
0.132426
0.135567
0.138646
0.141657
0.144592
0.147444
0.150205
0.152869
0.155428
0.157876
0.160205
0.162411
0.164486
0.166425
0.168222
0.169873
0.171372
0.172717
0.173901
0.174923
0.175779
0.176467
0.176985
0.177331
0.177504
0.177504
0.177331
0.176985
0.176467
0.175779
0.174923
0.173901
0.172717
0.171372
0.169873
0.168222
0.166425
0.164486
0.162411
0.160205
0.157876
0.155428
0.152869
0.150205
0.147444
0.144592
0.141657
0.138646
0.135567
0.132426
0.129232
0.125992
0.122714
0.119404
0.11607
0.112719
0.109357
0.105993
0.102631
0.0992797
0.0959437
0.0926292
0.089342
0.0860874
0.0828703
0.0796956
0.0765677
0.0734908
0.0704686
0.0675048
0.0646025
0.0617647
0.0589938
0.0562923
0.0536621
0.0511048
0.0486219
0.0462144
0.0438833
0.0416291
0.0394522
0.0373526
0.0353302
0.0333847
0.0315155
0.029722
0.0280031
0.0263579
0.0247852
0.0232835
0.0218515
0.0204875
0.0191899
0.017957
0.0167869
0.0156777
0.0146275
0.0136343
0.0126962
0.011811
0.0109769
0.0101917
0.00945344
0.00876009
0.00810968
0.00750022
0.0069298
0.00639652
0.0058985
0.00543396
0.00500111
0.00459825
0.00422371
0.0038759
0.00355325
0.00325428
0.00297756
0.00272171
0.00248542
0.00226742
0.00206653
0.0018816
0.00171154
0.00155533
0.00141201
0.00128063
0.00116035
0.00105034
0.000949829
0.000858099
0.000774471
0.000698311
0.000629026
0.000566062
0.000508904
0.00045707
0.000410115
0.000367625
0.000329215
0.000294531
0.000263243
0.00023505
0.000209671
0.00018685
0.00016635
0.000147955
0.000131465
0.0001167
0.000103491
9.1688e-05
8.11518e-05
7.17562e-05
6.33865e-05
6.71459e-05
7.6012e-05
8.59648e-05
9.7126e-05
0.000109629
0.000123621
0.000139262
0.00015673
0.000176216
0.000197932
0.000222107
0.000248991
0.000278856
0.000311999
0.000348741
0.000389429
0.000434439
0.000484179
0.000539086
0.000599635
0.000666333
0.000739728
0.000820405
0.000908992
0.00100616
0.00111263
0.00122917
0.00135659
0.00149575
0.00164758
0.00181305
0.00199319
0.00218909
0.0024019
0.00263283
0.00288314
0.00315416
0.00344729
0.00376399
0.00410577
0.00447422
0.00487097
0.00529772
0.00575624
0.00624834
0.00677589
0.00734081
0.00794506
0.00859066
0.00927965
0.0100141
0.0107962
0.0116279
0.0125115
0.0134492
0.014443
0.015495
0.0166075
0.0177825
0.019022
0.0203281
0.0217026
0.0231475
0.0246644
0.0262552
0.0279212
0.029664
0.0314848
0.0333847
0.0353647
0.0374256
0.0395679
0.0417921
0.0440981
0.046486
0.0489554
0.0515056
0.0541358
0.0568447
0.059631
0.0624927
0.0654279
0.0684341
0.0715085
0.0746481
0.0778494
0.0811089
0.0844223
0.0877853
0.0911932
0.0946409
0.098123
0.101634
0.105168
0.108718
0.112279
0.115843
0.119404
0.122954
0.126486
0.129992
0.133465
0.136897
0.14028
0.143607
0.146869
0.150059
0.153168
0.156189
0.159114
0.161936
0.164646
0.167239
0.169707
0.172043
0.174241
0.176295
0.178199
0.179948
0.181536
0.18296
0.184215
0.185298
0.186205
0.186934
0.187482
0.187849
0.188032
0.188032
0.187849
0.187482
0.186934
0.186205
0.185298
0.184215
0.18296
0.181536
0.179948
0.178199
0.176295
0.174241
0.172043
0.169707
0.167239
0.164646
0.161936
0.159114
0.156189
0.153168
0.150059
0.146869
0.143607
0.14028
0.136897
0.133465
0.129992
0.126486
0.122954
0.119404
0.115843
0.112279
0.108718
0.105168
0.101634
0.098123
0.0946409
0.0911932
0.0877853
0.0844223
0.0811089
0.0778494
0.0746481
0.0715085
0.0684341
0.0654279
0.0624927
0.059631
0.0568447
0.0541358
0.0515056
0.0489554
0.046486
0.0440981
0.0417921
0.0395679
0.0374256
0.0353647
0.0333847
0.0314848
0.029664
0.0279212
0.0262552
0.0246644
0.0231475
0.0217026
0.0203281
0.019022
0.0177825
0.0166075
0.015495
0.014443
0.0134492
0.0125115
0.0116279
0.0107962
0.0100141
0.00927965
0.00859066
0.00794506
0.00734081
0.00677589
0.00624834
0.00575624
0.00529772
0.00487097
0.00447422
0.00410577
0.00376399
0.00344729
0.00315416
0.00288314
0.00263283
0.0024019
0.00218909
0.00199319
0.00181305
0.00164758
0.00149575
0.00135659
0.00122917
0.00111263
0.00100616
0.000908992
0.000820405
0.000739728
0.000666333
0.000599635
0.000539086
0.000484179
0.000434439
0.000389429
0.000348741
0.000311999
0.000278856
0.000248991
0.000222107
0.000197932
0.000176216
0.00015673
0.000139262
0.000123621
0.000109629
9.7126e-05
8.59648e-05
7.6012e-05
6.71459e-05
7.10589e-05
8.04416e-05
9.09745e-05
0.000102786
0.000116018
0.000130825
0.000147378
0.000165863
0.000186485
0.000209466
0.00023505
0.000263501
0.000295107
0.000330181
0.000369064
0.000412123
0.000459756
0.000512394
0.000570502
0.000634579
0.000705164
0.000782836
0.000868214
0.000961964
0.0010648
0.00117747
0.0013008
0.00143564
0.00158292
0.00174359
0.00191871
0.00210935
0.00231666
0.00254187
0.00278626
0.00305115
0.00333797
0.00364819
0.00398334
0.00434504
0.00473495
0.00515482
0.00560645
0.00609169
0.00661246
0.00717076
0.00776859
0.00840806
0.00909128
0.00982042
0.0105977
0.0114253
0.0123055
0.0132407
0.0142329
0.0152846
0.016398
0.0175753
0.0188188
0.0201305
0.0215127
0.0229673
0.0244964
0.0261018
0.0277852
0.0295483
0.0313926
0.0333195
0.0353302
0.0374256
0.0396066
0.0418738
0.0442275
0.046668
0.049195
0.0518083
0.0545071
0.0572906
0.0601574
0.063106
0.0661345
0.0692407
0.0724221
0.0756757
0.0789982
0.0823862
0.0858355
0.089342
0.092901
0.0965075
0.100156
0.103841
0.107557
0.111297
0.115054
0.118822
0.122594
0.126362
0.130119
0.133857
0.137567
0.141243
0.144875
0.148455
0.151976
0.155428
0.158803
0.162094
0.165291
0.168386
0.171372
0.174241
0.176985
0.179597
0.182069
0.184395
0.186569
0.188584
0.190434
0.192116
0.193622
0.19495
0.196096
0.197056
0.197827
0.198408
0.198796
0.19899
0.19899
0.198796
0.198408
0.197827
0.197056
0.196096
0.19495
0.193622
0.192116
0.190434
0.188584
0.186569
0.184395
0.182069
0.179597
0.176985
0.174241
0.171372
0.168386
0.165291
0.162094
0.158803
0.155428
0.151976
0.148455
0.144875
0.141243
0.137567
0.133857
0.130119
0.126362
0.122594
0.118822
0.115054
0.111297
0.107557
0.103841
0.100156
0.0965075
0.092901
0.089342
0.0858355
0.0823862
0.0789982
0.0756757
0.0724221
0.0692407
0.0661345
0.063106
0.0601574
0.0572906
0.0545071
0.0518083
0.049195
0.046668
0.0442275
0.0418738
0.0396066
0.0374256
0.0353302
0.0333195
0.0313926
0.0295483
0.0277852
0.0261018
0.0244964
0.0229673
0.0215127
0.0201305
0.0188188
0.0175753
0.016398
0.0152846
0.0142329
0.0132407
0.0123055
0.0114253
0.0105977
0.00982042
0.00909128
0.00840806
0.00776859
0.00717076
0.00661246
0.00609169
0.00560645
0.00515482
0.00473495
0.00434504
0.00398334
0.00364819
0.00333797
0.00305115
0.00278626
0.00254187
0.00231666
0.00210935
0.00191871
0.00174359
0.00158292
0.00143564
0.0013008
0.00117747
0.0010648
0.000961964
0.000868214
0.000782836
0.000705164
0.000634579
0.000570502
0.000512394
0.000459756
0.000412123
0.000369064
0.000330181
0.000295107
0.000263501
0.00023505
0.000209466
0.000186485
0.000165863
0.000147378
0.000130825
0.000116018
0.000102786
9.09745e-05
8.04416e-05
7.10589e-05
7.51264e-05
8.50463e-05
9.61821e-05
0.00010867
0.000122659
0.000138314
0.000155814
0.000175358
0.00019716
0.000221457
0.000248505
0.000278584
0.000311999
0.000349082
0.00039019
0.000435714
0.000486074
0.000541725
0.000603159
0.000670904
0.000745529
0.000827647
0.000917913
0.00101703
0.00112575
0.00124487
0.00137526
0.00151782
0.00167353
0.0018434
0.00202854
0.00223009
0.00244928
0.00268738
0.00294575
0.00322581
0.00352904
0.00385702
0.00421136
0.00459376
0.00500599
0.0054499
0.00592738
0.00644039
0.00699098
0.00758123
0.00821329
0.00888936
0.00961169
0.0103826
0.0112043
0.0120793
0.0130099
0.0139986
0.0150477
0.0161595
0.0173367
0.0185814
0.019896
0.0212829
0.0227442
0.0242821
0.0258986
0.0275959
0.0293757
0.0312397
0.0331896
0.0352268
0.0373526
0.0395679
0.0418738
0.0442707
0.0467592
0.0493394
0.0520111
0.0547739
0.0576272
0.06057
0.0636009
0.0667183
0.0699202
0.0732042
0.0765677
0.0800075
0.0835203
0.0871021
0.090749
0.0944562
0.0982189
0.102032
0.105889
0.109785
0.113714
0.117667
0.12164
0.125624
0.129612
0.133595
0.137567
0.141519
0.145442
0.149328
0.153168
0.156953
0.160675
0.164325
0.167894
0.171372
0.174752
0.178025
0.181182
0.184215
0.187116
0.189877
0.192491
0.19495
0.197248
0.199379
0.201335
0.203113
0.204706
0.20611
0.207321
0.208336
0.209151
0.209765
0.210175
0.21038
0.21038
0.210175
0.209765
0.209151
0.208336
0.207321
0.20611
0.204706
0.203113
0.201335
0.199379
0.197248
0.19495
0.192491
0.189877
0.187116
0.184215
0.181182
0.178025
0.174752
0.171372
0.167894
0.164325
0.160675
0.156953
0.153168
0.149328
0.145442
0.141519
0.137567
0.133595
0.129612
0.125624
0.12164
0.117667
0.113714
0.109785
0.105889
0.102032
0.0982189
0.0944562
0.090749
0.0871021
0.0835203
0.0800075
0.0765677
0.0732042
0.0699202
0.0667183
0.0636009
0.06057
0.0576272
0.0547739
0.0520111
0.0493394
0.0467592
0.0442707
0.0418738
0.0395679
0.0373526
0.0352268
0.0331896
0.0312397
0.0293757
0.0275959
0.0258986
0.0242821
0.0227442
0.0212829
0.019896
0.0185814
0.0173367
0.0161595
0.0150477
0.0139986
0.0130099
0.0120793
0.0112043
0.0103826
0.00961169
0.00888936
0.00821329
0.00758123
0.00699098
0.00644039
0.00592738
0.0054499
0.00500599
0.00459376
0.00421136
0.00385702
0.00352904
0.00322581
0.00294575
0.00268738
0.00244928
0.00223009
0.00202854
0.0018434
0.00167353
0.00151782
0.00137526
0.00124487
0.00112575
0.00101703
0.000917913
0.000827647
0.000745529
0.000670904
0.000603159
0.000541725
0.000486074
0.000435714
0.00039019
0.000349082
0.000311999
0.000278584
0.000248505
0.000221457
0.00019716
0.000175358
0.000155814
0.000138314
0.000122659
0.00010867
9.61821e-05
8.50463e-05
7.51264e-05
7.93493e-05
8.98268e-05
0.000101589
0.000114778
0.000129554
0.000146088
0.000164573
0.000185215
0.000208243
0.000233905
0.000262473
0.000294243
0.000329537
0.000368704
0.000412123
0.000460205
0.000513396
0.000572176
0.000637063
0.000708616
0.000787436
0.000874169
0.000969509
0.0010742
0.00118903
0.00131485
0.00145257
0.00160314
0.0017676
0.00194702
0.00214256
0.00235545
0.00258695
0.00283844
0.00311133
0.00340713
0.00372741
0.00407382
0.00444808
0.00485198
0.00528738
0.00575624
0.00626056
0.00680241
0.00738394
0.00800737
0.00867496
0.00938903
0.010152
0.0109662
0.0118341
0.0127583
0.0137412
0.0147855
0.0158935
0.0170679
0.0183112
0.0196258
0.0210144
0.0224792
0.0240226
0.025647
0.0273544
0.0291471
0.0310269
0.0329957
0.0350552
0.0372069
0.0394522
0.0417921
0.0442275
0.0467592
0.0493876
0.0521127
0.0549346
0.0578528
0.0608665
0.0639747
0.067176
0.0704686
0.0738505
0.0773191
0.0808716
0.0845048
0.088215
0.0919982
0.09585
0.0997656
0.10374
0.107767
0.111841
0.115956
0.120105
0.124282
0.128477
0.132685
0.136897
0.141105
0.1453
0.149474
0.153617
0.157722
0.161778
0.165776
0.169707
0.173562
0.177331
0.181005
0.184575
0.188032
0.191367
0.19457
0.197634
0.20055
0.203311
0.205909
0.208336
0.210586
0.212653
0.21453
0.216212
0.217695
0.218975
0.220047
0.220908
0.221556
0.221989
0.222206
0.222206
0.221989
0.221556
0.220908
0.220047
0.218975
0.217695
0.216212
0.21453
0.212653
0.210586
0.208336
0.205909
0.203311
0.20055
0.197634
0.19457
0.191367
0.188032
0.184575
0.181005
0.177331
0.173562
0.169707
0.165776
0.161778
0.157722
0.153617
0.149474
0.1453
0.141105
0.136897
0.132685
0.128477
0.124282
0.120105
0.115956
0.111841
0.107767
0.10374
0.0997656
0.09585
0.0919982
0.088215
0.0845048
0.0808716
0.0773191
0.0738505
0.0704686
0.067176
0.0639747
0.0608665
0.0578528
0.0549346
0.0521127
0.0493876
0.0467592
0.0442275
0.0417921
0.0394522
0.0372069
0.0350552
0.0329957
0.0310269
0.0291471
0.0273544
0.025647
0.0240226
0.0224792
0.0210144
0.0196258
0.0183112
0.0170679
0.0158935
0.0147855
0.0137412
0.0127583
0.0118341
0.0109662
0.010152
0.00938903
0.00867496
0.00800737
0.00738394
0.00680241
0.00626056
0.00575624
0.00528738
0.00485198
0.00444808
0.00407382
0.00372741
0.00340713
0.00311133
0.00283844
0.00258695
0.00235545
0.00214256
0.00194702
0.0017676
0.00160314
0.00145257
0.00131485
0.00118903
0.0010742
0.000969509
0.000874169
0.000787436
0.000708616
0.000637063
0.000572176
0.000513396
0.000460205
0.000412123
0.000368704
0.000329537
0.000294243
0.000262473
0.000233905
0.000208243
0.000185215
0.000164573
0.000146088
0.000129554
0.000114778
0.000101589
8.98268e-05
7.93493e-05
8.37278e-05
9.47834e-05
0.000107194
0.000121112
0.000136702
0.000154149
0.000173654
0.000195435
0.000219733
0.000246812
0.000276956
0.00031048
0.000347721
0.000389048
0.000434863
0.000485599
0.000541725
0.000603748
0.000672215
0.000747717
0.000830886
0.000922406
0.00102301
0.00113347
0.00125464
0.0013874
0.00153272
0.0016916
0.00186513
0.00205446
0.00226079
0.00248542
0.0027297
0.00299506
0.00328301
0.00359513
0.00393309
0.00429861
0.00469352
0.00511971
0.00557914
0.00607387
0.00660601
0.00717776
0.00779139
0.00844922
0.00915364
0.00990712
0.0107121
0.0115713
0.0124871
0.0134623
0.0144995
0.0156013
0.0167705
0.0180097
0.0193216
0.0207088
0.0221739
0.0237196
0.0253482
0.0270622
0.0288638
0.0307554
0.032739
0.0348164
0.0369896
0.03926
0.0416291
0.0440981
0.046668
0.0493394
0.0521127
0.0549883
0.0579659
0.0610451
0.0642251
0.0675048
0.0708827
0.074357
0.0779255
0.0815855
0.0853341
0.0891677
0.0930826
0.0970746
0.101139
0.105271
0.109464
0.113714
0.118013
0.122355
0.126733
0.131139
0.135567
0.140007
0.144451
0.148891
0.153318
0.157722
0.162094
0.166425
0.170704
0.174923
0.179071
0.183139
0.187116
0.190993
0.19476
0.198408
0.201926
0.205306
0.208539
0.211617
0.21453
0.217271
0.219832
0.222206
0.224387
0.226367
0.228143
0.229708
0.231058
0.232189
0.233097
0.233781
0.234238
0.234467
0.234467
0.234238
0.233781
0.233097
0.232189
0.231058
0.229708
0.228143
0.226367
0.224387
0.222206
0.219832
0.217271
0.21453
0.211617
0.208539
0.205306
0.201926
0.198408
0.19476
0.190993
0.187116
0.183139
0.179071
0.174923
0.170704
0.166425
0.162094
0.157722
0.153318
0.148891
0.144451
0.140007
0.135567
0.131139
0.126733
0.122355
0.118013
0.113714
0.109464
0.105271
0.101139
0.0970746
0.0930826
0.0891677
0.0853341
0.0815855
0.0779255
0.074357
0.0708827
0.0675048
0.0642251
0.0610451
0.0579659
0.0549883
0.0521127
0.0493394
0.046668
0.0440981
0.0416291
0.03926
0.0369896
0.0348164
0.032739
0.0307554
0.0288638
0.0270622
0.0253482
0.0237196
0.0221739
0.0207088
0.0193216
0.0180097
0.0167705
0.0156013
0.0144995
0.0134623
0.0124871
0.0115713
0.0107121
0.00990712
0.00915364
0.00844922
0.00779139
0.00717776
0.00660601
0.00607387
0.00557914
0.00511971
0.00469352
0.00429861
0.00393309
0.00359513
0.00328301
0.00299506
0.0027297
0.00248542
0.00226079
0.00205446
0.00186513
0.0016916
0.00153272
0.0013874
0.00125464
0.00113347
0.00102301
0.000922406
0.000830886
0.000747717
0.000672215
0.000603748
0.000541725
0.000485599
0.000434863
0.000389048
0.000347721
0.00031048
0.000276956
0.000246812
0.000219733
0.000195435
0.000173654
0.000154149
0.000136702
0.000121112
0.000107194
9.47834e-05
8.37278e-05
8.82616e-05
9.99159e-05
0.000112999
0.00012767
0.000144105
0.000162497
0.000183057
0.000206018
0.000231632
0.000260176
0.000291953
0.000327292
0.00036655
0.000410115
0.000458411
0.000511894
0.000571059
0.000636441
0.000708616
0.000788205
0.000875878
0.000972354
0.0010784
0.00119485
0.00132258
0.00146253
0.00161571
0.0017832
0.00196613
0.0021657
0.00238321
0.00262
0.00287751
0.00315724
0.00346079
0.00378981
0.00414606
0.00453138
0.00494767
0.00539694
0.00588125
0.00640276
0.00696372
0.00756644
0.00821329
0.00890674
0.00964931
0.0104436
0.0112922
0.0121979
0.0131633
0.0141913
0.0152846
0.0164461
0.0176786
0.0189849
0.0203678
0.0218302
0.0233746
0.025004
0.0267208
0.0285276
0.0304268
0.0324208
0.0345118
0.0367017
0.0389925
0.0413859
0.0438833
0.046486
0.049195
0.0520111
0.0549346
0.0579659
0.0611047
0.0643507
0.0677029
0.0711602
0.074721
0.0783834
0.0821451
0.0860033
0.0899549
0.0939961
0.098123
0.102331
0.106616
0.110971
0.115392
0.119871
0.124403
0.12898
0.133595
0.138241
0.142908
0.147588
0.152273
0.156953
0.16162
0.166262
0.170871
0.175436
0.179948
0.184395
0.188768
0.193056
0.197248
0.201335
0.205306
0.209151
0.21286
0.216424
0.219832
0.223076
0.226146
0.229036
0.231736
0.234238
0.236537
0.238625
0.240497
0.242146
0.243569
0.244762
0.24572
0.24644
0.246922
0.247164
0.247164
0.246922
0.24644
0.24572
0.244762
0.243569
0.242146
0.240497
0.238625
0.236537
0.234238
0.231736
0.229036
0.226146
0.223076
0.219832
0.216424
0.21286
0.209151
0.205306
0.201335
0.197248
0.193056
0.188768
0.184395
0.179948
0.175436
0.170871
0.166262
0.16162
0.156953
0.152273
0.147588
0.142908
0.138241
0.133595
0.12898
0.124403
0.119871
0.115392
0.110971
0.106616
0.102331
0.098123
0.0939961
0.0899549
0.0860033
0.0821451
0.0783834
0.074721
0.0711602
0.0677029
0.0643507
0.0611047
0.0579659
0.0549346
0.0520111
0.049195
0.046486
0.0438833
0.0413859
0.0389925
0.0367017
0.0345118
0.0324208
0.0304268
0.0285276
0.0267208
0.025004
0.0233746
0.0218302
0.0203678
0.0189849
0.0176786
0.0164461
0.0152846
0.0141913
0.0131633
0.0121979
0.0112922
0.0104436
0.00964931
0.00890674
0.00821329
0.00756644
0.00696372
0.00640276
0.00588125
0.00539694
0.00494767
0.00453138
0.00414606
0.00378981
0.00346079
0.00315724
0.00287751
0.00262
0.00238321
0.0021657
0.00196613
0.0017832
0.00161571
0.00146253
0.00132258
0.00119485
0.0010784
0.000972354
0.000875878
0.000788205
0.000708616
0.000636441
0.000571059
0.000511894
0.000458411
0.000410115
0.00036655
0.000327292
0.000291953
0.000260176
0.000231632
0.000206018
0.000183057
0.000162497
0.000144105
0.00012767
0.000112999
9.99159e-05
8.82616e-05
9.29501e-05
0.000105224
0.000119001
0.000134452
0.00015176
0.000171129
0.000192781
0.000216961
0.000243936
0.000273997
0.000307462
0.000344678
0.000386021
0.000431901
0.000482762
0.000539086
0.000601394
0.000670249
0.000746258
0.000830075
0.000922406
0.00102401
0.00113569
0.00125832
0.00139283
0.00154022
0.00170154
0.00187792
0.00207057
0.00228075
0.00250981
0.00275918
0.00303036
0.00332496
0.00364462
0.00399113
0.00436631
0.00477209
0.0052105
0.00568363
0.00619366
0.00674288
0.00733364
0.00796837
0.00864958
0.00937987
0.0101619
0.0109984
0.0118921
0.0128458
0.0138625
0.0149451
0.0160965
0.0173197
0.0186177
0.0199934
0.0214498
0.0229898
0.0246163
0.0263322
0.0281402
0.030043
0.0320431
0.034143
0.036345
0.0386513
0.0410639
0.0435844
0.0462144
0.0489554
0.0518083
0.0547739
0.0578528
0.0610451
0.0643507
0.067769
0.0712993
0.0749402
0.0786902
0.0825472
0.0865087
0.0905719
0.0947333
0.0989892
0.103335
0.107767
0.112279
0.116866
0.121521
0.126239
0.131011
0.135832
0.140692
0.145584
0.150499
0.155428
0.160362
0.165291
0.170205
0.175094
0.179948
0.184756
0.189507
0.19419
0.198796
0.203311
0.207726
0.21203
0.216212
0.220262
0.224168
0.22792
0.231509
0.234926
0.23816
0.241202
0.244046
0.246681
0.249102
0.251301
0.253272
0.255009
0.256508
0.257763
0.258772
0.259532
0.260039
0.260293
0.260293
0.260039
0.259532
0.258772
0.257763
0.256508
0.255009
0.253272
0.251301
0.249102
0.246681
0.244046
0.241202
0.23816
0.234926
0.231509
0.22792
0.224168
0.220262
0.216212
0.21203
0.207726
0.203311
0.198796
0.19419
0.189507
0.184756
0.179948
0.175094
0.170205
0.165291
0.160362
0.155428
0.150499
0.145584
0.140692
0.135832
0.131011
0.126239
0.121521
0.116866
0.112279
0.107767
0.103335
0.0989892
0.0947333
0.0905719
0.0865087
0.0825472
0.0786902
0.0749402
0.0712993
0.067769
0.0643507
0.0610451
0.0578528
0.0547739
0.0518083
0.0489554
0.0462144
0.0435844
0.0410639
0.0386513
0.036345
0.034143
0.0320431
0.030043
0.0281402
0.0263322
0.0246163
0.0229898
0.0214498
0.0199934
0.0186177
0.0173197
0.0160965
0.0149451
0.0138625
0.0128458
0.0118921
0.0109984
0.0101619
0.00937987
0.00864958
0.00796837
0.00733364
0.00674288
0.00619366
0.00568363
0.0052105
0.00477209
0.00436631
0.00399113
0.00364462
0.00332496
0.00303036
0.00275918
0.00250981
0.00228075
0.00207057
0.00187792
0.00170154
0.00154022
0.00139283
0.00125832
0.00113569
0.00102401
0.000922406
0.000830075
0.000746258
0.000670249
0.000601394
0.000539086
0.000482762
0.000431901
0.000386021
0.000344678
0.000307462
0.000273997
0.000243936
0.000216961
0.000192781
0.000171129
0.00015176
0.000134452
0.000119001
0.000105224
9.29501e-05
9.77922e-05
0.000110705
0.0001252
0.000141455
0.000159665
0.000180043
0.000202824
0.000228264
0.000256644
0.00028827
0.000323479
0.000362633
0.00040613
0.0004544
0.000507911
0.000567169
0.000632723
0.000705164
0.000785132
0.000873316
0.000970456
0.00107735
0.00119485
0.00132387
0.00146539
0.00162045
0.00179018
0.00197575
0.00217843
0.00239956
0.00264055
0.00290291
0.00318822
0.00349816
0.00383448
0.00419904
0.00459376
0.00502068
0.00548193
0.0059797
0.00651631
0.00709414
0.00771567
0.00838346
0.00910016
0.00986849
0.0106912
0.0115713
0.0125115
0.013515
0.0145847
0.0157237
0.0169351
0.018222
0.0195875
0.0210349
0.0225672
0.0241874
0.0258986
0.0277039
0.0296061
0.031608
0.0337123
0.0359216
0.0382384
0.0406648
0.043203
0.0458548
0.0486219
0.0515056
0.0545071
0.0576272
0.0608665
0.0642251
0.0677029
0.0712993
0.0750134
0.0788441
0.0827894
0.0868473
0.0910152
0.09529
0.0996682
0.104146
0.108718
0.113381
0.118128
0.122954
0.127852
0.132815
0.137836
0.142908
0.148021
0.153168
0.158339
0.163525
0.168716
0.173901
0.179071
0.184215
0.189322
0.19438
0.199379
0.204306
0.209151
0.213902
0.218547
0.223076
0.227475
0.231736
0.235845
0.239793
0.243569
0.247164
0.250566
0.253767
0.256759
0.259532
0.262078
0.264392
0.266466
0.268293
0.26987
0.271191
0.272252
0.273051
0.273585
0.273852
0.273852
0.273585
0.273051
0.272252
0.271191
0.26987
0.268293
0.266466
0.264392
0.262078
0.259532
0.256759
0.253767
0.250566
0.247164
0.243569
0.239793
0.235845
0.231736
0.227475
0.223076
0.218547
0.213902
0.209151
0.204306
0.199379
0.19438
0.189322
0.184215
0.179071
0.173901
0.168716
0.163525
0.158339
0.153168
0.148021
0.142908
0.137836
0.132815
0.127852
0.122954
0.118128
0.113381
0.108718
0.104146
0.0996682
0.09529
0.0910152
0.0868473
0.0827894
0.0788441
0.0750134
0.0712993
0.0677029
0.0642251
0.0608665
0.0576272
0.0545071
0.0515056
0.0486219
0.0458548
0.043203
0.0406648
0.0382384
0.0359216
0.0337123
0.031608
0.0296061
0.0277039
0.0258986
0.0241874
0.0225672
0.0210349
0.0195875
0.018222
0.0169351
0.0157237
0.0145847
0.013515
0.0125115
0.0115713
0.0106912
0.00986849
0.00910016
0.00838346
0.00771567
0.00709414
0.00651631
0.0059797
0.00548193
0.00502068
0.00459376
0.00419904
0.00383448
0.00349816
0.00318822
0.00290291
0.00264055
0.00239956
0.00217843
0.00197575
0.00179018
0.00162045
0.00146539
0.00132387
0.00119485
0.00107735
0.000970456
0.000873316
0.000785132
0.000705164
0.000632723
0.000567169
0.000507911
0.0004544
0.00040613
0.000362633
0.000323479
0.00028827
0.000256644
0.000228264
0.000202824
0.000180043
0.000159665
0.000141455
0.0001252
0.000110705
9.77922e-05
0.000102786
0.000116358
0.000131594
0.000148679
0.000167819
0.000189237
0.000213181
0.00023992
0.000269749
0.000302991
0.000339998
0.000381151
0.000426869
0.000477604
0.000533847
0.000596132
0.000665033
0.000741174
0.000825226
0.000917913
0.00102001
0.00113236
0.00125586
0.00139147
0.00154022
0.0017032
0.0018816
0.00207664
0.00228967
0.00252209
0.00277539
0.00305115
0.00335103
0.0036768
0.00403029
0.00441346
0.00482834
0.00527707
0.00576186
0.00628506
0.00684907
0.00745641
0.00810968
0.00881157
0.00956487
0.0103724
0.0112372
0.0121622
0.0131505
0.0142052
0.0153295
0.0165266
0.0177999
0.0191525
0.0205878
0.0221091
0.0237196
0.0254225
0.0272212
0.0291186
0.0311179
0.0332221
0.0354338
0.037756
0.040191
0.0427414
0.0454092
0.0481964
0.0511048
0.0541358
0.0572906
0.06057
0.0639747
0.0675048
0.0711602
0.0749402
0.0788441
0.0828703
0.0870171
0.0912823
0.095663
0.100156
0.104758
0.109464
0.11427
0.119171
0.12416
0.129232
0.13438
0.139597
0.144875
0.150205
0.15558
0.16099
0.166425
0.171875
0.177331
0.182782
0.188216
0.193622
0.19899
0.204306
0.20956
0.214739
0.219832
0.224825
0.229708
0.234467
0.239092
0.243569
0.247889
0.252038
0.256007
0.259785
0.263361
0.266726
0.26987
0.272785
0.275462
0.277893
0.280073
0.281994
0.283651
0.28504
0.286155
0.286995
0.287556
0.287837
0.287837
0.287556
0.286995
0.286155
0.28504
0.283651
0.281994
0.280073
0.277893
0.275462
0.272785
0.26987
0.266726
0.263361
0.259785
0.256007
0.252038
0.247889
0.243569
0.239092
0.234467
0.229708
0.224825
0.219832
0.214739
0.20956
0.204306
0.19899
0.193622
0.188216
0.182782
0.177331
0.171875
0.166425
0.16099
0.15558
0.150205
0.144875
0.139597
0.13438
0.129232
0.12416
0.119171
0.11427
0.109464
0.104758
0.100156
0.095663
0.0912823
0.0870171
0.0828703
0.0788441
0.0749402
0.0711602
0.0675048
0.0639747
0.06057
0.0572906
0.0541358
0.0511048
0.0481964
0.0454092
0.0427414
0.040191
0.037756
0.0354338
0.0332221
0.0311179
0.0291186
0.0272212
0.0254225
0.0237196
0.0221091
0.0205878
0.0191525
0.0177999
0.0165266
0.0153295
0.0142052
0.0131505
0.0121622
0.0112372
0.0103724
0.00956487
0.00881157
0.00810968
0.00745641
0.00684907
0.00628506
0.00576186
0.00527707
0.00482834
0.00441346
0.00403029
0.0036768
0.00335103
0.00305115
0.00277539
0.00252209
0.00228967
0.00207664
0.0018816
0.0017032
0.00154022
0.00139147
0.00125586
0.00113236
0.00102001
0.000917913
0.000825226
0.000741174
0.000665033
0.000596132
0.000533847
0.000477604
0.000426869
0.000381151
0.000339998
0.000302991
0.000269749
0.00023992
0.000213181
0.000189237
0.000167819
0.000148679
0.000131594
0.000116358
0.000102786
0.000107929
0.000122181
0.000138179
0.000156119
0.000176216
0.000198707
0.000223849
0.000251926
0.000283248
0.000318153
0.000357011
0.000400224
0.00044823
0.000501503
0.000560561
0.000625962
0.000698311
0.000778262
0.00086652
0.000963845
0.00107105
0.00118903
0.00131871
0.0014611
0.00161729
0.00178843
0.00197575
0.00218056
0.00240425
0.0026483
0.00291427
0.00320383
0.00351872
0.00386078
0.00423197
0.00463431
0.00506995
0.00554113
0.00605019
0.00659956
0.0071918
0.00782952
0.00851548
0.0092525
0.0100435
0.0108915
0.0117995
0.0127708
0.0138085
0.014916
0.0160965
0.0173536
0.0186906
0.0201109
0.021618
0.0232154
0.0249065
0.0266947
0.0285833
0.0305757
0.0326751
0.0348845
0.0372069
0.0396453
0.0422022
0.0448801
0.0476814
0.0506082
0.0536621
0.0568447
0.0601574
0.0636009
0.067176
0.0708827
0.074721
0.0786902
0.0827894
0.0870171
0.0913714
0.09585
0.10045
0.105168
0.11
0.114942
0.119988
0.125134
0.130373
0.135699
0.141105
0.146583
0.152124
0.157722
0.163365
0.169045
0.174752
0.180476
0.186205
0.191928
0.197634
0.203311
0.208947
0.21453
0.220047
0.225485
0.230832
0.236076
0.241202
0.2462
0.251056
0.255758
0.260293
0.26465
0.268818
0.272785
0.27654
0.280073
0.283374
0.286435
0.289246
0.291799
0.294088
0.296105
0.297845
0.299303
0.300474
0.301356
0.301945
0.30224
0.30224
0.301945
0.301356
0.300474
0.299303
0.297845
0.296105
0.294088
0.291799
0.289246
0.286435
0.283374
0.280073
0.27654
0.272785
0.268818
0.26465
0.260293
0.255758
0.251056
0.2462
0.241202
0.236076
0.230832
0.225485
0.220047
0.21453
0.208947
0.203311
0.197634
0.191928
0.186205
0.180476
0.174752
0.169045
0.163365
0.157722
0.152124
0.146583
0.141105
0.135699
0.130373
0.125134
0.119988
0.114942
0.11
0.105168
0.10045
0.09585
0.0913714
0.0870171
0.0827894
0.0786902
0.074721
0.0708827
0.067176
0.0636009
0.0601574
0.0568447
0.0536621
0.0506082
0.0476814
0.0448801
0.0422022
0.0396453
0.0372069
0.0348845
0.0326751
0.0305757
0.0285833
0.0266947
0.0249065
0.0232154
0.021618
0.0201109
0.0186906
0.0173536
0.0160965
0.014916
0.0138085
0.0127708
0.0117995
0.0108915
0.0100435
0.0092525
0.00851548
0.00782952
0.0071918
0.00659956
0.00605019
0.00554113
0.00506995
0.00463431
0.00423197
0.00386078
0.00351872
0.00320383
0.00291427
0.0026483
0.00240425
0.00218056
0.00197575
0.00178843
0.00161729
0.0014611
0.00131871
0.00118903
0.00107105
0.000963845
0.00086652
0.000778262
0.000698311
0.000625962
0.000560561
0.000501503
0.00044823
0.000400224
0.000357011
0.000318153
0.000283248
0.000251926
0.000223849
0.000198707
0.000176216
0.000156119
0.000138179
0.000122181
0.000107929
0.00011322
0.000128169
0.000144952
0.000163771
0.000184853
0.000208446
0.00023482
0.000264274
0.000297131
0.000333747
0.00037451
0.000419841
0.000470199
0.000526084
0.000588037
0.000656644
0.000732539
0.000816409
0.000908992
0.00101109
0.00112355
0.00124731
0.00138334
0.00153272
0.00169656
0.00187609
0.00207259
0.00228744
0.00252209
0.0027781
0.00305712
0.00336087
0.00369119
0.00405002
0.0044394
0.00486146
0.00531846
0.00581273
0.00634674
0.00692304
0.0075443
0.00821329
0.00893287
0.00970601
0.0105358
0.0114253
0.0123779
0.0133967
0.0144853
0.0156471
0.0168855
0.0182042
0.0196067
0.0210966
0.0226776
0.0243533
0.0261273
0.0280031
0.0299843
0.0320744
0.0342766
0.0365944
0.0390306
0.0415885
0.0442707
0.0470799
0.0500186
0.0530887
0.0562923
0.059631
0.063106
0.0667183
0.0704686
0.074357
0.0783834
0.0825472
0.0868473
0.0912823
0.09585
0.100548
0.105373
0.110323
0.115392
0.120576
0.125869
0.131268
0.136764
0.142351
0.148021
0.153767
0.159581
0.165452
0.171372
0.177331
0.183318
0.189322
0.195332
0.201335
0.207321
0.213276
0.219189
0.225045
0.230832
0.236537
0.242146
0.247647
0.253025
0.258267
0.263361
0.268293
0.273051
0.277622
0.281994
0.286155
0.290094
0.293801
0.297264
0.300474
0.303423
0.306102
0.308502
0.310619
0.312444
0.313973
0.315202
0.316127
0.316745
0.317054
0.317054
0.316745
0.316127
0.315202
0.313973
0.312444
0.310619
0.308502
0.306102
0.303423
0.300474
0.297264
0.293801
0.290094
0.286155
0.281994
0.277622
0.273051
0.268293
0.263361
0.258267
0.253025
0.247647
0.242146
0.236537
0.230832
0.225045
0.219189
0.213276
0.207321
0.201335
0.195332
0.189322
0.183318
0.177331
0.171372
0.165452
0.159581
0.153767
0.148021
0.142351
0.136764
0.131268
0.125869
0.120576
0.115392
0.110323
0.105373
0.100548
0.09585
0.0912823
0.0868473
0.0825472
0.0783834
0.074357
0.0704686
0.0667183
0.063106
0.059631
0.0562923
0.0530887
0.0500186
0.0470799
0.0442707
0.0415885
0.0390306
0.0365944
0.0342766
0.0320744
0.0299843
0.0280031
0.0261273
0.0243533
0.0226776
0.0210966
0.0196067
0.0182042
0.0168855
0.0156471
0.0144853
0.0133967
0.0123779
0.0114253
0.0105358
0.00970601
0.00893287
0.00821329
0.0075443
0.00692304
0.00634674
0.00581273
0.00531846
0.00486146
0.0044394
0.00405002
0.00369119
0.00336087
0.00305712
0.0027781
0.00252209
0.00228744
0.00207259
0.00187609
0.00169656
0.00153272
0.00138334
0.00124731
0.00112355
0.00101109
0.000908992
0.000816409
0.000732539
0.000656644
0.000588037
0.000526084
0.000470199
0.000419841
0.00037451
0.000333747
0.000297131
0.000264274
0.00023482
0.000208446
0.000184853
0.000163771
0.000144952
0.000128169
0.00011322
0.000118653
0.00013432
0.000151908
0.000171631
0.000193725
0.00021845
0.00024609
0.000276956
0.00031139
0.000349764
0.000392483
0.000439989
0.000492765
0.000551332
0.000616257
0.000688157
0.000767694
0.000855589
0.000952616
0.00105961
0.00117747
0.00130717
0.00144973
0.00160627
0.00177798
0.00196613
0.00217206
0.00239722
0.00264313
0.00291143
0.00320383
0.00352216
0.00386833
0.00424439
0.00465245
0.00509477
0.00557369
0.00609169
0.00665132
0.00725528
0.00790636
0.00860745
0.00936157
0.0101718
0.0110414
0.0119736
0.0129719
0.0140397
0.0151805
0.016398
0.0176959
0.0190778
0.0205476
0.0221091
0.0237659
0.025522
0.0273812
0.029347
0.0314233
0.0336137
0.0359216
0.0383506
0.0409038
0.0435844
0.0463953
0.0493394
0.052419
0.0556365
0.0589938
0.0624927
0.0661345
0.0699202
0.0738505
0.0779255
0.0821451
0.0865087
0.0910152
0.095663
0.10045
0.105373
0.11043
0.115617
0.120929
0.126362
0.13191
0.137567
0.143327
0.149182
0.155125
0.161147
0.167239
0.173393
0.179597
0.185841
0.192116
0.198408
0.204706
0.210998
0.217271
0.223512
0.229708
0.235845
0.24191
0.247889
0.253767
0.259532
0.265168
0.270662
0.276
0.281169
0.286155
0.290946
0.295527
0.299888
0.304016
0.307901
0.31153
0.314895
0.317985
0.320792
0.323308
0.325526
0.327438
0.329041
0.330329
0.331298
0.331946
0.33227
0.33227
0.331946
0.331298
0.330329
0.329041
0.327438
0.325526
0.323308
0.320792
0.317985
0.314895
0.31153
0.307901
0.304016
0.299888
0.295527
0.290946
0.286155
0.281169
0.276
0.270662
0.265168
0.259532
0.253767
0.247889
0.24191
0.235845
0.229708
0.223512
0.217271
0.210998
0.204706
0.198408
0.192116
0.185841
0.179597
0.173393
0.167239
0.161147
0.155125
0.149182
0.143327
0.137567
0.13191
0.126362
0.120929
0.115617
0.11043
0.105373
0.10045
0.095663
0.0910152
0.0865087
0.0821451
0.0779255
0.0738505
0.0699202
0.0661345
0.0624927
0.0589938
0.0556365
0.052419
0.0493394
0.0463953
0.0435844
0.0409038
0.0383506
0.0359216
0.0336137
0.0314233
0.029347
0.0273812
0.025522
0.0237659
0.0221091
0.0205476
0.0190778
0.0176959
0.016398
0.0151805
0.0140397
0.0129719
0.0119736
0.0110414
0.0101718
0.00936157
0.00860745
0.00790636
0.00725528
0.00665132
0.00609169
0.00557369
0.00509477
0.00465245
0.00424439
0.00386833
0.00352216
0.00320383
0.00291143
0.00264313
0.00239722
0.00217206
0.00196613
0.00177798
0.00160627
0.00144973
0.00130717
0.00117747
0.00105961
0.000952616
0.000855589
0.000767694
0.000688157
0.000616257
0.000551332
0.000492765
0.000439989
0.000392483
0.000349764
0.00031139
0.000276956
0.00024609
0.00021845
0.000193725
0.000171631
0.000151908
0.00013432
0.000118653
0.000124226
0.000140629
0.000159043
0.000179692
0.000202824
0.00022871
0.000257648
0.000289965
0.000326016
0.000366192
0.000410917
0.000460655
0.000515909
0.000577227
0.000645202
0.000720478
0.000803751
0.000895774
0.000997358
0.00110938
0.00123278
0.00136856
0.00151782
0.00168172
0.00186149
0.00205847
0.00227408
0.00250981
0.00276727
0.00304817
0.00335431
0.00368759
0.00405002
0.00444374
0.00487097
0.00533406
0.00583548
0.0063778
0.00696372
0.00759605
0.00827771
0.00901173
0.00980126
0.0106496
0.01156
0.012536
0.0135812
0.0146991
0.0158935
0.0171682
0.018527
0.0199739
0.0215127
0.0231475
0.0248822
0.0267208
0.0286672
0.0307254
0.0328992
0.0351924
0.0376088
0.0401518
0.0428249
0.0456314
0.0485744
0.0516567
0.054881
0.0582496
0.0617647
0.0654279
0.0692407
0.0732042
0.0773191
0.0815855
0.0860033
0.0905719
0.09529
0.100156
0.105168
0.110323
0.115617
0.121047
0.126609
0.132297
0.138106
0.144028
0.150059
0.156189
0.162411
0.168716
0.175094
0.181536
0.188032
0.19457
0.201139
0.207726
0.21432
0.220908
0.227475
0.23401
0.240497
0.246922
0.253272
0.259532
0.265686
0.271721
0.277622
0.283374
0.288963
0.294375
0.299595
0.304611
0.309408
0.313973
0.318295
0.322362
0.326162
0.329685
0.33292
0.335859
0.338493
0.340815
0.342818
0.344496
0.345844
0.346859
0.347537
0.347876
0.347876
0.347537
0.346859
0.345844
0.344496
0.342818
0.340815
0.338493
0.335859
0.33292
0.329685
0.326162
0.322362
0.318295
0.313973
0.309408
0.304611
0.299595
0.294375
0.288963
0.283374
0.277622
0.271721
0.265686
0.259532
0.253272
0.246922
0.240497
0.23401
0.227475
0.220908
0.21432
0.207726
0.201139
0.19457
0.188032
0.181536
0.175094
0.168716
0.162411
0.156189
0.150059
0.144028
0.138106
0.132297
0.126609
0.121047
0.115617
0.110323
0.105168
0.100156
0.09529
0.0905719
0.0860033
0.0815855
0.0773191
0.0732042
0.0692407
0.0654279
0.0617647
0.0582496
0.054881
0.0516567
0.0485744
0.0456314
0.0428249
0.0401518
0.0376088
0.0351924
0.0328992
0.0307254
0.0286672
0.0267208
0.0248822
0.0231475
0.0215127
0.0199739
0.018527
0.0171682
0.0158935
0.0146991
0.0135812
0.012536
0.01156
0.0106496
0.00980126
0.00901173
0.00827771
0.00759605
0.00696372
0.0063778
0.00583548
0.00533406
0.00487097
0.00444374
0.00405002
0.00368759
0.00335431
0.00304817
0.00276727
0.00250981
0.00227408
0.00205847
0.00186149
0.00168172
0.00151782
0.00136856
0.00123278
0.00110938
0.000997358
0.000895774
0.000803751
0.000720478
0.000645202
0.000577227
0.000515909
0.000460655
0.000410917
0.000366192
0.000326016
0.000289965
0.000257648
0.00022871
0.000202824
0.000179692
0.000159043
0.000140629
0.000124226
0.000129934
0.00014709
0.00016635
0.000187948
0.000212143
0.000239218
0.000269486
0.000303287
0.000340995
0.000383017
0.000429797
0.00048182
0.000539613
0.000603748
0.000674846
0.000753581
0.000840681
0.000936931
0.00104318
0.00116035
0.00128942
0.00143144
0.00158756
0.00175899
0.00194702
0.00215305
0.00237856
0.00262512
0.00289442
0.00318822
0.00350843
0.00385702
0.0042361
0.00464791
0.00509477
0.00557914
0.0061036
0.00667084
0.00728368
0.00794506
0.00865803
0.00942578
0.0102516
0.0111389
0.0120911
0.013112
0.0142052
0.0153744
0.0166237
0.017957
0.0193783
0.0208916
0.0225011
0.024211
0.0260254
0.0279485
0.0299843
0.0321371
0.0344108
0.0368094
0.0393368
0.0419966
0.0447926
0.047728
0.0508062
0.0540302
0.0574026
0.060926
0.0646025
0.0684341
0.0724221
0.0765677
0.0808716
0.0853341
0.0899549
0.0947333
0.0996682
0.104758
0.11
0.115392
0.120929
0.126609
0.132426
0.138376
0.144451
0.150646
0.156953
0.163365
0.169873
0.176467
0.183139
0.189877
0.196671
0.20351
0.21038
0.217271
0.224168
0.231058
0.237927
0.244762
0.251547
0.258267
0.264909
0.271456
0.277893
0.284206
0.290378
0.296394
0.30224
0.307901
0.313361
0.318606
0.323624
0.328399
0.33292
0.337173
0.341148
0.344832
0.348216
0.35129
0.354045
0.356474
0.358569
0.360324
0.361734
0.362795
0.363505
0.36386
0.36386
0.363505
0.362795
0.361734
0.360324
0.358569
0.356474
0.354045
0.35129
0.348216
0.344832
0.341148
0.337173
0.33292
0.328399
0.323624
0.318606
0.313361
0.307901
0.30224
0.296394
0.290378
0.284206
0.277893
0.271456
0.264909
0.258267
0.251547
0.244762
0.237927
0.231058
0.224168
0.217271
0.21038
0.20351
0.196671
0.189877
0.183139
0.176467
0.169873
0.163365
0.156953
0.150646
0.144451
0.138376
0.132426
0.126609
0.120929
0.115392
0.11
0.104758
0.0996682
0.0947333
0.0899549
0.0853341
0.0808716
0.0765677
0.0724221
0.0684341
0.0646025
0.060926
0.0574026
0.0540302
0.0508062
0.047728
0.0447926
0.0419966
0.0393368
0.0368094
0.0344108
0.0321371
0.0299843
0.0279485
0.0260254
0.024211
0.0225011
0.0208916
0.0193783
0.017957
0.0166237
0.0153744
0.0142052
0.013112
0.0120911
0.0111389
0.0102516
0.00942578
0.00865803
0.00794506
0.00728368
0.00667084
0.0061036
0.00557914
0.00509477
0.00464791
0.0042361
0.00385702
0.00350843
0.00318822
0.00289442
0.00262512
0.00237856
0.00215305
0.00194702
0.00175899
0.00158756
0.00143144
0.00128942
0.00116035
0.00104318
0.000936931
0.000840681
0.000753581
0.000674846
0.000603748
0.000539613
0.00048182
0.000429797
0.000383017
0.000340995
0.000303287
0.000269486
0.000239218
0.000212143
0.000187948
0.00016635
0.00014709
0.000129934
0.000135771
0.000153699
0.000173823
0.000196392
0.000221673
0.000249965
0.000281593
0.000316913
0.000356314
0.000400224
0.000449106
0.000503466
0.000563855
0.000630872
0.000705164
0.000787436
0.000878448
0.000979023
0.00109005
0.00121248
0.00134735
0.00149575
0.00165888
0.00183801
0.00203449
0.00224978
0.00248542
0.00274306
0.00302445
0.00333146
0.00366604
0.00403029
0.00442641
0.00485672
0.00532365
0.00582978
0.0063778
0.00697053
0.0076109
0.00830199
0.009047
0.00984924
0.0107121
0.0116393
0.0126343
0.013701
0.0148433
0.0160651
0.0173706
0.0187637
0.0202488
0.0218302
0.023512
0.0252987
0.0271946
0.0292041
0.0313314
0.0335809
0.0359567
0.0384631
0.041104
0.0438833
0.0468049
0.0498722
0.0530887
0.0564575
0.0599814
0.0636631
0.0675048
0.0715085
0.0756757
0.0800075
0.0845048
0.0891677
0.0939961
0.0989892
0.104146
0.109464
0.114942
0.120576
0.126362
0.132297
0.138376
0.144592
0.150941
0.157414
0.164005
0.170704
0.177504
0.184395
0.191367
0.198408
0.205507
0.212653
0.219832
0.227032
0.234238
0.241438
0.248616
0.255758
0.262847
0.26987
0.27681
0.283651
0.290378
0.296974
0.303423
0.30971
0.315818
0.321733
0.327438
0.33292
0.338163
0.343153
0.347876
0.352321
0.356474
0.360324
0.36386
0.367072
0.369951
0.372489
0.374678
0.376512
0.377985
0.379094
0.379835
0.380206
0.380206
0.379835
0.379094
0.377985
0.376512
0.374678
0.372489
0.369951
0.367072
0.36386
0.360324
0.356474
0.352321
0.347876
0.343153
0.338163
0.33292
0.327438
0.321733
0.315818
0.30971
0.303423
0.296974
0.290378
0.283651
0.27681
0.26987
0.262847
0.255758
0.248616
0.241438
0.234238
0.227032
0.219832
0.212653
0.205507
0.198408
0.191367
0.184395
0.177504
0.170704
0.164005
0.157414
0.150941
0.144592
0.138376
0.132297
0.126362
0.120576
0.114942
0.109464
0.104146
0.0989892
0.0939961
0.0891677
0.0845048
0.0800075
0.0756757
0.0715085
0.0675048
0.0636631
0.0599814
0.0564575
0.0530887
0.0498722
0.0468049
0.0438833
0.041104
0.0384631
0.0359567
0.0335809
0.0313314
0.0292041
0.0271946
0.0252987
0.023512
0.0218302
0.0202488
0.0187637
0.0173706
0.0160651
0.0148433
0.013701
0.0126343
0.0116393
0.0107121
0.00984924
0.009047
0.00830199
0.0076109
0.00697053
0.0063778
0.00582978
0.00532365
0.00485672
0.00442641
0.00403029
0.00366604
0.00333146
0.00302445
0.00274306
0.00248542
0.00224978
0.00203449
0.00183801
0.00165888
0.00149575
0.00134735
0.00121248
0.00109005
0.000979023
0.000878448
0.000787436
0.000705164
0.000630872
0.000563855
0.000503466
0.000449106
0.000400224
0.000356314
0.000316913
0.000281593
0.000249965
0.000221673
0.000196392
0.000173823
0.000153699
0.000135771
0.000141732
0.000160447
0.000181455
0.000205014
0.000231406
0.00026094
0.000293956
0.000330827
0.000371958
0.000417796
0.000468824
0.000525571
0.000588612
0.00065857
0.000736124
0.000822009
0.000917017
0.00102201
0.00113791
0.00126571
0.0014065
0.00156142
0.00173172
0.00191871
0.00212382
0.00234855
0.00259454
0.00286349
0.00315724
0.00347772
0.003827
0.00420724
0.00462075
0.00506995
0.00555739
0.00608574
0.00665782
0.00727657
0.00794506
0.00866649
0.00944421
0.0102817
0.0111825
0.0121503
0.013189
0.0143026
0.015495
0.0167705
0.0181332
0.0195875
0.0211379
0.0227886
0.0245443
0.0264095
0.0283886
0.0304863
0.032707
0.0350552
0.0375354
0.0401518
0.0429087
0.04581
0.0488599
0.0520619
0.0554196
0.0589363
0.0626149
0.0664582
0.0704686
0.0746481
0.0789982
0.0835203
0.088215
0.0930826
0.098123
0.103335
0.108718
0.11427
0.119988
0.125869
0.13191
0.138106
0.144451
0.150941
0.157568
0.164325
0.171205
0.178199
0.185298
0.192491
0.199769
0.207119
0.21453
0.221989
0.229484
0.236999
0.244523
0.252038
0.259532
0.266987
0.274388
0.281719
0.288963
0.296105
0.303127
0.310013
0.316745
0.323308
0.329685
0.335859
0.341815
0.347537
0.35301
0.358219
0.36315
0.36779
0.372125
0.376144
0.379835
0.383188
0.386194
0.388843
0.391128
0.393042
0.394581
0.395738
0.396512
0.396899
0.396899
0.396512
0.395738
0.394581
0.393042
0.391128
0.388843
0.386194
0.383188
0.379835
0.376144
0.372125
0.36779
0.36315
0.358219
0.35301
0.347537
0.341815
0.335859
0.329685
0.323308
0.316745
0.310013
0.303127
0.296105
0.288963
0.281719
0.274388
0.266987
0.259532
0.252038
0.244523
0.236999
0.229484
0.221989
0.21453
0.207119
0.199769
0.192491
0.185298
0.178199
0.171205
0.164325
0.157568
0.150941
0.144451
0.138106
0.13191
0.125869
0.119988
0.11427
0.108718
0.103335
0.098123
0.0930826
0.088215
0.0835203
0.0789982
0.0746481
0.0704686
0.0664582
0.0626149
0.0589363
0.0554196
0.0520619
0.0488599
0.04581
0.0429087
0.0401518
0.0375354
0.0350552
0.032707
0.0304863
0.0283886
0.0264095
0.0245443
0.0227886
0.0211379
0.0195875
0.0181332
0.0167705
0.015495
0.0143026
0.013189
0.0121503
0.0111825
0.0102817
0.00944421
0.00866649
0.00794506
0.00727657
0.00665782
0.00608574
0.00555739
0.00506995
0.00462075
0.00420724
0.003827
0.00347772
0.00315724
0.00286349
0.00259454
0.00234855
0.00212382
0.00191871
0.00173172
0.00156142
0.0014065
0.00126571
0.00113791
0.00102201
0.000917017
0.000822009
0.000736124
0.00065857
0.000588612
0.000525571
0.000468824
0.000417796
0.000371958
0.000330827
0.000293956
0.00026094
0.000231406
0.000205014
0.000181455
0.000160447
0.000141732
0.00014781
0.000167328
0.000189237
0.000213806
0.00024133
0.000272131
0.000306563
0.000345015
0.00038791
0.000435714
0.00048893
0.000548111
0.000613855
0.000686814
0.000767694
0.000857261
0.000956344
0.00106584
0.00118671
0.00132
0.00146682
0.00162839
0.00180598
0.00200099
0.0022149
0.00244928
0.00270581
0.0029863
0.00329264
0.00362687
0.00399113
0.00438768
0.00481892
0.00528738
0.00579572
0.00634674
0.00694335
0.00758864
0.00828579
0.00903817
0.00984924
0.0107226
0.011662
0.0126714
0.0137547
0.014916
0.0161595
0.0174897
0.0189109
0.0204276
0.0220444
0.0237659
0.0255969
0.0275421
0.0296061
0.0317937
0.0341097
0.0365586
0.0391452
0.0418738
0.0447489
0.0477747
0.0509553
0.0542946
0.0577963
0.0614638
0.0653002
0.0693084
0.0734908
0.0778494
0.0823862
0.0871021
0.0919982
0.0970746
0.102331
0.107767
0.113381
0.119171
0.125134
0.131268
0.137567
0.144028
0.150646
0.157414
0.164325
0.171372
0.178548
0.185841
0.193245
0.200746
0.208336
0.216001
0.22373
0.231509
0.239325
0.247164
0.255009
0.262847
0.270662
0.278437
0.286155
0.293801
0.301356
0.308804
0.316127
0.323308
0.330329
0.337173
0.343823
0.350263
0.356474
0.362441
0.368149
0.373581
0.378724
0.383563
0.388084
0.392275
0.396125
0.399622
0.402756
0.405519
0.407902
0.409899
0.411503
0.41271
0.413517
0.413921
0.413921
0.413517
0.41271
0.411503
0.409899
0.407902
0.405519
0.402756
0.399622
0.396125
0.392275
0.388084
0.383563
0.378724
0.373581
0.368149
0.362441
0.356474
0.350263
0.343823
0.337173
0.330329
0.323308
0.316127
0.308804
0.301356
0.293801
0.286155
0.278437
0.270662
0.262847
0.255009
0.247164
0.239325
0.231509
0.22373
0.216001
0.208336
0.200746
0.193245
0.185841
0.178548
0.171372
0.164325
0.157414
0.150646
0.144028
0.137567
0.131268
0.125134
0.119171
0.113381
0.107767
0.102331
0.0970746
0.0919982
0.0871021
0.0823862
0.0778494
0.0734908
0.0693084
0.0653002
0.0614638
0.0577963
0.0542946
0.0509553
0.0477747
0.0447489
0.0418738
0.0391452
0.0365586
0.0341097
0.0317937
0.0296061
0.0275421
0.0255969
0.0237659
0.0220444
0.0204276
0.0189109
0.0174897
0.0161595
0.014916
0.0137547
0.0126714
0.011662
0.0107226
0.00984924
0.00903817
0.00828579
0.00758864
0.00694335
0.00634674
0.00579572
0.00528738
0.00481892
0.00438768
0.00399113
0.00362687
0.00329264
0.0029863
0.00270581
0.00244928
0.0022149
0.00200099
0.00180598
0.00162839
0.00146682
0.00132
0.00118671
0.00106584
0.000956344
0.000857261
0.000767694
0.000686814
0.000613855
0.000548111
0.00048893
0.000435714
0.00038791
0.000345015
0.000306563
0.000272131
0.00024133
0.000213806
0.000189237
0.000167328
0.00014781
0.000153999
0.000174333
0.00019716
0.000222758
0.000251434
0.000283524
0.000319398
0.00035946
0.000404152
0.000453956
0.000509401
0.000571059
0.000639556
0.00071557
0.000799836
0.000893154
0.000996385
0.00111046
0.00123639
0.00137526
0.00152823
0.00169656
0.0018816
0.00208477
0.00230763
0.00255182
0.0028191
0.00311133
0.0034305
0.00377872
0.00415823
0.00457138
0.00502068
0.00550876
0.00603838
0.00661246
0.00723406
0.00790636
0.00863271
0.00941658
0.0102616
0.0111716
0.0121503
0.0132019
0.0143306
0.0155405
0.0168361
0.018222
0.0197027
0.0212829
0.0229673
0.024761
0.0266686
0.0286952
0.0308456
0.0331249
0.0355378
0.0380893
0.0407841
0.043627
0.0466224
0.0497749
0.0530887
0.0565679
0.0602162
0.0640372
0.0680342
0.0722102
0.0765677
0.0811089
0.0858355
0.090749
0.09585
0.101139
0.106616
0.112279
0.118128
0.12416
0.130373
0.136764
0.143327
0.150059
0.156953
0.164005
0.171205
0.178548
0.186023
0.193622
0.201335
0.209151
0.217059
0.225045
0.233097
0.241202
0.249345
0.257512
0.265686
0.273852
0.281994
0.290094
0.298136
0.306102
0.313973
0.321733
0.329363
0.336844
0.344159
0.35129
0.358219
0.364927
0.371399
0.377616
0.383563
0.389223
0.394581
0.399622
0.404333
0.408699
0.41271
0.416353
0.419619
0.422497
0.42498
0.42706
0.428732
0.42999
0.43083
0.431251
0.431251
0.43083
0.42999
0.428732
0.42706
0.42498
0.422497
0.419619
0.416353
0.41271
0.408699
0.404333
0.399622
0.394581
0.389223
0.383563
0.377616
0.371399
0.364927
0.358219
0.35129
0.344159
0.336844
0.329363
0.321733
0.313973
0.306102
0.298136
0.290094
0.281994
0.273852
0.265686
0.257512
0.249345
0.241202
0.233097
0.225045
0.217059
0.209151
0.201335
0.193622
0.186023
0.178548
0.171205
0.164005
0.156953
0.150059
0.143327
0.136764
0.130373
0.12416
0.118128
0.112279
0.106616
0.101139
0.09585
0.090749
0.0858355
0.0811089
0.0765677
0.0722102
0.0680342
0.0640372
0.0602162
0.0565679
0.0530887
0.0497749
0.0466224
0.043627
0.0407841
0.0380893
0.0355378
0.0331249
0.0308456
0.0286952
0.0266686
0.024761
0.0229673
0.0212829
0.0197027
0.018222
0.0168361
0.0155405
0.0143306
0.0132019
0.0121503
0.0111716
0.0102616
0.00941658
0.00863271
0.00790636
0.00723406
0.00661246
0.00603838
0.00550876
0.00502068
0.00457138
0.00415823
0.00377872
0.0034305
0.00311133
0.0028191
0.00255182
0.00230763
0.00208477
0.0018816
0.00169656
0.00152823
0.00137526
0.00123639
0.00111046
0.000996385
0.000893154
0.000799836
0.00071557
0.000639556
0.000571059
0.000509401
0.000453956
0.000404152
0.00035946
0.000319398
0.000283524
0.000251434
0.000222758
0.00019716
0.000174333
0.000153999
0.00016029
0.000181455
0.000205214
0.000231858
0.000261705
0.000295107
0.000332446
0.000374144
0.000420662
0.000472501
0.000530211
0.000594388
0.000665683
0.000744802
0.000832511
0.00092964
0.00103709
0.00115583
0.0012869
0.00143144
0.00159066
0.00176587
0.00195846
0.00216994
0.0024019
0.00265607
0.00293426
0.00323843
0.00357064
0.00393309
0.0043281
0.00475813
0.00522578
0.0057338
0.00628506
0.00688259
0.00752958
0.00822935
0.00898536
0.00980126
0.0106808
0.0116279
0.0126467
0.0137412
0.014916
0.0161753
0.0175239
0.0189664
0.0205075
0.0221523
0.0239056
0.0257725
0.0277581
0.0298674
0.0321057
0.0344781
0.0369896
0.0396453
0.0424502
0.0454092
0.048527
0.0518083
0.0552575
0.0588787
0.0626761
0.0666532
0.0708135
0.0751601
0.0796956
0.0844223
0.089342
0.0944562
0.0997656
0.105271
0.110971
0.116866
0.122954
0.129232
0.135699
0.142351
0.149182
0.156189
0.163365
0.170704
0.178199
0.185841
0.193622
0.201532
0.20956
0.217695
0.225926
0.234238
0.24262
0.251056
0.259532
0.268032
0.27654
0.28504
0.293514
0.301945
0.310315
0.318606
0.3268
0.334876
0.342818
0.350605
0.358219
0.365641
0.372853
0.379835
0.386571
0.393042
0.399232
0.405123
0.4107
0.415947
0.42085
0.425395
0.42957
0.433362
0.436761
0.439757
0.442341
0.444506
0.446246
0.447555
0.44843
0.448868
0.448868
0.44843
0.447555
0.446246
0.444506
0.442341
0.439757
0.436761
0.433362
0.42957
0.425395
0.42085
0.415947
0.4107
0.405123
0.399232
0.393042
0.386571
0.379835
0.372853
0.365641
0.358219
0.350605
0.342818
0.334876
0.3268
0.318606
0.310315
0.301945
0.293514
0.28504
0.27654
0.268032
0.259532
0.251056
0.24262
0.234238
0.225926
0.217695
0.20956
0.201532
0.193622
0.185841
0.178199
0.170704
0.163365
0.156189
0.149182
0.142351
0.135699
0.129232
0.122954
0.116866
0.110971
0.105271
0.0997656
0.0944562
0.089342
0.0844223
0.0796956
0.0751601
0.0708135
0.0666532
0.0626761
0.0588787
0.0552575
0.0518083
0.048527
0.0454092
0.0424502
0.0396453
0.0369896
0.0344781
0.0321057
0.0298674
0.0277581
0.0257725
0.0239056
0.0221523
0.0205075
0.0189664
0.0175239
0.0161753
0.014916
0.0137412
0.0126467
0.0116279
0.0106808
0.00980126
0.00898536
0.00822935
0.00752958
0.00688259
0.00628506
0.0057338
0.00522578
0.00475813
0.0043281
0.00393309
0.00357064
0.00323843
0.00293426
0.00265607
0.0024019
0.00216994
0.00195846
0.00176587
0.00159066
0.00143144
0.0012869
0.00115583
0.00103709
0.00092964
0.000832511
0.000744802
0.000665683
0.000594388
0.000530211
0.000472501
0.000420662
0.000374144
0.000332446
0.000295107
0.000261705
0.000231858
0.000205214
0.000181455
0.00016029
0.000166675
0.000188684
0.000213389
0.000241094
0.000272131
0.000306862
0.000345689
0.000389048
0.000437419
0.000491323
0.000551332
0.000618066
0.000692201
0.000774471
0.000865674
0.000966673
0.0010784
0.00120187
0.00133817
0.00148847
0.00165403
0.00183622
0.00203648
0.00225638
0.00249758
0.00276187
0.00305115
0.00336744
0.00371288
0.00408977
0.00450051
0.00494767
0.00543396
0.00596221
0.00653543
0.00715676
0.00782952
0.00855717
0.0093433
0.0101917
0.0111063
0.0120911
0.0131505
0.0142886
0.0155102
0.0168197
0.018222
0.0197219
0.0213245
0.0230347
0.0248579
0.0267992
0.0288638
0.0310572
0.0333847
0.0358515
0.0384631
0.0412246
0.0441412
0.0472181
0.0504601
0.0538721
0.0574587
0.0612242
0.0651728
0.0693084
0.0736344
0.0781541
0.0828703
0.0877853
0.092901
0.0982189
0.10374
0.109464
0.115392
0.121521
0.127852
0.13438
0.141105
0.148021
0.155125
0.162411
0.169873
0.177504
0.185298
0.193245
0.201335
0.20956
0.217908
0.226367
0.234926
0.243569
0.252285
0.261057
0.26987
0.278709
0.287556
0.296394
0.305206
0.313973
0.322677
0.331298
0.339818
0.348216
0.356474
0.364571
0.372489
0.380206
0.387705
0.394966
0.40197
0.408699
0.415135
0.421261
0.42706
0.432517
0.437615
0.442341
0.446682
0.450625
0.45416
0.457275
0.459962
0.462213
0.464022
0.465384
0.466294
0.466749
0.466749
0.466294
0.465384
0.464022
0.462213
0.459962
0.457275
0.45416
0.450625
0.446682
0.442341
0.437615
0.432517
0.42706
0.421261
0.415135
0.408699
0.40197
0.394966
0.387705
0.380206
0.372489
0.364571
0.356474
0.348216
0.339818
0.331298
0.322677
0.313973
0.305206
0.296394
0.287556
0.278709
0.26987
0.261057
0.252285
0.243569
0.234926
0.226367
0.217908
0.20956
0.201335
0.193245
0.185298
0.177504
0.169873
0.162411
0.155125
0.148021
0.141105
0.13438
0.127852
0.121521
0.115392
0.109464
0.10374
0.0982189
0.092901
0.0877853
0.0828703
0.0781541
0.0736344
0.0693084
0.0651728
0.0612242
0.0574587
0.0538721
0.0504601
0.0472181
0.0441412
0.0412246
0.0384631
0.0358515
0.0333847
0.0310572
0.0288638
0.0267992
0.0248579
0.0230347
0.0213245
0.0197219
0.018222
0.0168197
0.0155102
0.0142886
0.0131505
0.0120911
0.0111063
0.0101917
0.0093433
0.00855717
0.00782952
0.00715676
0.00653543
0.00596221
0.00543396
0.00494767
0.00450051
0.00408977
0.00371288
0.00336744
0.00305115
0.00276187
0.00249758
0.00225638
0.00203648
0.00183622
0.00165403
0.00148847
0.00133817
0.00120187
0.0010784
0.000966673
0.000865674
0.000774471
0.000692201
0.000618066
0.000551332
0.000491323
0.000437419
0.000389048
0.000345689
0.000306862
0.000272131
0.000241094
0.000213389
0.000188684
0.000166675
0.000173146
0.000196008
0.000221673
0.000250454
0.000282695
0.000318775
0.000359109
0.000404152
0.0004544
0.000510397
0.000572735
0.000642059
0.000719072
0.000804537
0.00089928
0.0010042
0.00112027
0.00124853
0.00139011
0.00154625
0.00171824
0.0019075
0.00211554
0.00234397
0.00259454
0.00286909
0.0031696
0.00349816
0.00385702
0.00424853
0.00467522
0.00513974
0.0056449
0.00619366
0.00678914
0.00743459
0.00813347
0.00888936
0.00970601
0.0105873
0.0115374
0.0125605
0.013661
0.0148433
0.0161123
0.0174726
0.0189294
0.0204875
0.0221523
0.023929
0.0258229
0.0278395
0.0299843
0.0322629
0.0346807
0.0372433
0.0399562
0.0428249
0.0458548
0.0490511
0.052419
0.0559634
0.0596892
0.0636009
0.0677029
0.071999
0.076493
0.0811881
0.0860874
0.0911932
0.0965075
0.102032
0.107767
0.113714
0.119871
0.126239
0.132815
0.139597
0.146583
0.153767
0.161147
0.168716
0.176467
0.184395
0.192491
0.200746
0.209151
0.217695
0.226367
0.235155
0.244046
0.253025
0.262078
0.271191
0.280347
0.289528
0.298719
0.307901
0.317054
0.326162
0.335203
0.344159
0.35301
0.361734
0.370312
0.378724
0.386949
0.394966
0.402756
0.410299
0.417575
0.424565
0.431251
0.437615
0.443639
0.449307
0.454603
0.459513
0.464022
0.468119
0.47179
0.475026
0.477818
0.480157
0.482036
0.48345
0.484396
0.484869
0.484869
0.484396
0.48345
0.482036
0.480157
0.477818
0.475026
0.47179
0.468119
0.464022
0.459513
0.454603
0.449307
0.443639
0.437615
0.431251
0.424565
0.417575
0.410299
0.402756
0.394966
0.386949
0.378724
0.370312
0.361734
0.35301
0.344159
0.335203
0.326162
0.317054
0.307901
0.298719
0.289528
0.280347
0.271191
0.262078
0.253025
0.244046
0.235155
0.226367
0.217695
0.209151
0.200746
0.192491
0.184395
0.176467
0.168716
0.161147
0.153767
0.146583
0.139597
0.132815
0.126239
0.119871
0.113714
0.107767
0.102032
0.0965075
0.0911932
0.0860874
0.0811881
0.076493
0.071999
0.0677029
0.0636009
0.0596892
0.0559634
0.052419
0.0490511
0.0458548
0.0428249
0.0399562
0.0372433
0.0346807
0.0322629
0.0299843
0.0278395
0.0258229
0.023929
0.0221523
0.0204875
0.0189294
0.0174726
0.0161123
0.0148433
0.013661
0.0125605
0.0115374
0.0105873
0.00970601
0.00888936
0.00813347
0.00743459
0.00678914
0.00619366
0.0056449
0.00513974
0.00467522
0.00424853
0.00385702
0.00349816
0.0031696
0.00286909
0.00259454
0.00234397
0.00211554
0.0019075
0.00171824
0.00154625
0.00139011
0.00124853
0.00112027
0.0010042
0.00089928
0.000804537
0.000719072
0.000642059
0.000572735
0.000510397
0.0004544
0.000404152
0.000359109
0.000318775
0.000282695
0.000250454
0.000221673
0.000196008
0.000173146
0.000179692
0.000203419
0.000230054
0.000259923
0.000293383
0.000330827
0.000372686
0.000419431
0.000471579
0.000529693
0.000594388
0.000666333
0.000746258
0.000834953
0.000933279
0.00104216
0.00116262
0.00129573
0.00144267
0.00160471
0.0017832
0.00197961
0.00219552
0.00243259
0.00269263
0.00297756
0.00328943
0.00363042
0.00400284
0.00440915
0.00485198
0.00533406
0.00585832
0.00642782
0.00704581
0.00771567
0.00844097
0.00922543
0.010073
0.0109876
0.0119736
0.0130354
0.0141774
0.0154045
0.0167214
0.0181332
0.019645
0.0212621
0.0229898
0.0248336
0.0267992
0.028892
0.0311179
0.0334826
0.0359918
0.0386513
0.0414668
0.044444
0.0475884
0.0509056
0.0544008
0.0580792
0.0619459
0.0660055
0.0702625
0.074721
0.0793849
0.0842576
0.089342
0.0946409
0.100156
0.105889
0.111841
0.118013
0.124403
0.131011
0.137836
0.144875
0.152124
0.159581
0.167239
0.175094
0.183139
0.191367
0.199769
0.208336
0.217059
0.225926
0.234926
0.244046
0.253272
0.262591
0.271987
0.281444
0.290946
0.300474
0.310013
0.319541
0.329041
0.338493
0.347876
0.357171
0.366356
0.37541
0.384313
0.393042
0.401578
0.409899
0.417983
0.425811
0.433362
0.440617
0.447555
0.45416
0.460411
0.466294
0.47179
0.476886
0.481566
0.485817
0.489627
0.492986
0.495883
0.49831
0.50026
0.501728
0.502709
0.5032
0.5032
0.502709
0.501728
0.50026
0.49831
0.495883
0.492986
0.489627
0.485817
0.481566
0.476886
0.47179
0.466294
0.460411
0.45416
0.447555
0.440617
0.433362
0.425811
0.417983
0.409899
0.401578
0.393042
0.384313
0.37541
0.366356
0.357171
0.347876
0.338493
0.329041
0.319541
0.310013
0.300474
0.290946
0.281444
0.271987
0.262591
0.253272
0.244046
0.234926
0.225926
0.217059
0.208336
0.199769
0.191367
0.183139
0.175094
0.167239
0.159581
0.152124
0.144875
0.137836
0.131011
0.124403
0.118013
0.111841
0.105889
0.100156
0.0946409
0.089342
0.0842576
0.0793849
0.074721
0.0702625
0.0660055
0.0619459
0.0580792
0.0544008
0.0509056
0.0475884
0.044444
0.0414668
0.0386513
0.0359918
0.0334826
0.0311179
0.028892
0.0267992
0.0248336
0.0229898
0.0212621
0.019645
0.0181332
0.0167214
0.0154045
0.0141774
0.0130354
0.0119736
0.0109876
0.010073
0.00922543
0.00844097
0.00771567
0.00704581
0.00642782
0.00585832
0.00533406
0.00485198
0.00440915
0.00400284
0.00363042
0.00328943
0.00297756
0.00269263
0.00243259
0.00219552
0.00197961
0.0017832
0.00160471
0.00144267
0.00129573
0.00116262
0.00104216
0.000933279
0.000834953
0.000746258
0.000666333
0.000594388
0.000529693
0.000471579
0.000419431
0.000372686
0.000330827
0.000293383
0.000259923
0.000230054
0.000203419
0.000179692
0.000186303
0.000210903
0.000238518
0.000269486
0.000304177
0.000342999
0.000386398
0.000434863
0.00048893
0.000549182
0.000616257
0.00069085
0.000773715
0.000865674
0.000967617
0.00108051
0.0012054
0.0013434
0.00149575
0.00166375
0.00184881
0.00205245
0.0022763
0.00252209
0.0027917
0.00308712
0.00341046
0.00376399
0.00415012
0.00457138
0.0050305
0.00553032
0.00607387
0.00666433
0.00730505
0.00799956
0.00875154
0.00956487
0.0104436
0.0113919
0.0124142
0.013515
0.0146991
0.0159713
0.0173367
0.0188004
0.0203678
0.0220444
0.0238357
0.0257473
0.0277852
0.0299551
0.0322629
0.0347146
0.0373161
0.0400735
0.0429925
0.0460792
0.0493394
0.0527786
0.0564024
0.0602162
0.0642251
0.0684341
0.0728477
0.0774702
0.0823057
0.0873577
0.0926292
0.098123
0.103841
0.109785
0.115956
0.122355
0.12898
0.135832
0.142908
0.150205
0.157722
0.165452
0.173393
0.181536
0.189877
0.198408
0.207119
0.216001
0.225045
0.234238
0.243569
0.253025
0.262591
0.272252
0.281994
0.291799
0.30165
0.31153
0.321419
0.331298
0.341148
0.350947
0.360676
0.370312
0.379835
0.389223
0.398453
0.407504
0.416353
0.42498
0.433362
0.441478
0.449307
0.456828
0.464022
0.47087
0.477352
0.48345
0.489149
0.494432
0.499284
0.503692
0.507642
0.511124
0.514128
0.516644
0.518667
0.520188
0.521205
0.521715
0.521715
0.521205
0.520188
0.518667
0.516644
0.514128
0.511124
0.507642
0.503692
0.499284
0.494432
0.489149
0.48345
0.477352
0.47087
0.464022
0.456828
0.449307
0.441478
0.433362
0.42498
0.416353
0.407504
0.398453
0.389223
0.379835
0.370312
0.360676
0.350947
0.341148
0.331298
0.321419
0.31153
0.30165
0.291799
0.281994
0.272252
0.262591
0.253025
0.243569
0.234238
0.225045
0.216001
0.207119
0.198408
0.189877
0.181536
0.173393
0.165452
0.157722
0.150205
0.142908
0.135832
0.12898
0.122355
0.115956
0.109785
0.103841
0.098123
0.0926292
0.0873577
0.0823057
0.0774702
0.0728477
0.0684341
0.0642251
0.0602162
0.0564024
0.0527786
0.0493394
0.0460792
0.0429925
0.0400735
0.0373161
0.0347146
0.0322629
0.0299551
0.0277852
0.0257473
0.0238357
0.0220444
0.0203678
0.0188004
0.0173367
0.0159713
0.0146991
0.013515
0.0124142
0.0113919
0.0104436
0.00956487
0.00875154
0.00799956
0.00730505
0.00666433
0.00607387
0.00553032
0.0050305
0.00457138
0.00415012
0.00376399
0.00341046
0.00308712
0.0027917
0.00252209
0.0022763
0.00205245
0.00184881
0.00166375
0.00149575
0.0013434
0.0012054
0.00108051
0.000967617
0.000865674
0.000773715
0.00069085
0.000616257
0.000549182
0.00048893
0.000434863
0.000386398
0.000342999
0.000304177
0.000269486
0.000238518
0.000210903
0.000186303
0.000192969
0.00021845
0.000247053
0.000279129
0.000315061
0.000355272
0.000400224
0.000450424
0.000506425
0.000568833
0.000638308
0.00071557
0.0008014
0.000896649
0.00100224
0.00111917
0.00124853
0.00139147
0.00154927
0.00172328
0.00191496
0.00212589
0.00235775
0.00261234
0.00289159
0.00319758
0.00353249
0.00389867
0.00429861
0.00473495
0.0052105
0.0057282
0.0062912
0.00690279
0.00756644
0.00828579
0.00906469
0.00990712
0.0108173
0.0117995
0.0128584
0.0139986
0.015225
0.0165428
0.017957
0.0194731
0.0210966
0.0228332
0.0246885
0.0266686
0.0287794
0.0310269
0.0334173
0.0359567
0.0386513
0.0415073
0.0445309
0.047728
0.0511048
0.054667
0.0584205
0.0623708
0.0665232
0.0708827
0.0754543
0.0802423
0.0852508
0.0904835
0.0959437
0.101634
0.107557
0.113714
0.120105
0.126733
0.133595
0.140692
0.148021
0.15558
0.163365
0.171372
0.179597
0.188032
0.196671
0.205507
0.21453
0.22373
0.233097
0.24262
0.252285
0.262078
0.271987
0.281994
0.292084
0.30224
0.312444
0.322677
0.33292
0.343153
0.353355
0.363505
0.373581
0.383563
0.393426
0.40315
0.41271
0.422085
0.431251
0.440187
0.448868
0.457275
0.465384
0.473175
0.480626
0.487718
0.494432
0.500749
0.506652
0.512124
0.517149
0.521715
0.525806
0.529413
0.532524
0.535131
0.537225
0.538801
0.539855
0.540382
0.540382
0.539855
0.538801
0.537225
0.535131
0.532524
0.529413
0.525806
0.521715
0.517149
0.512124
0.506652
0.500749
0.494432
0.487718
0.480626
0.473175
0.465384
0.457275
0.448868
0.440187
0.431251
0.422085
0.41271
0.40315
0.393426
0.383563
0.373581
0.363505
0.353355
0.343153
0.33292
0.322677
0.312444
0.30224
0.292084
0.281994
0.271987
0.262078
0.252285
0.24262
0.233097
0.22373
0.21453
0.205507
0.196671
0.188032
0.179597
0.171372
0.163365
0.15558
0.148021
0.140692
0.133595
0.126733
0.120105
0.113714
0.107557
0.101634
0.0959437
0.0904835
0.0852508
0.0802423
0.0754543
0.0708827
0.0665232
0.0623708
0.0584205
0.054667
0.0511048
0.047728
0.0445309
0.0415073
0.0386513
0.0359567
0.0334173
0.0310269
0.0287794
0.0266686
0.0246885
0.0228332
0.0210966
0.0194731
0.017957
0.0165428
0.015225
0.0139986
0.0128584
0.0117995
0.0108173
0.00990712
0.00906469
0.00828579
0.00756644
0.00690279
0.0062912
0.0057282
0.0052105
0.00473495
0.00429861
0.00389867
0.00353249
0.00319758
0.00289159
0.00261234
0.00235775
0.00212589
0.00191496
0.00172328
0.00154927
0.00139147
0.00124853
0.00111917
0.00100224
0.000896649
0.0008014
0.00071557
0.000638308
0.000568833
0.000506425
0.000450424
0.000400224
0.000355272
0.000315061
0.000279129
0.000247053
0.00021845
0.000192969
0.000199679
0.000226045
0.000255643
0.000288834
0.000326016
0.000367625
0.00041414
0.000466085
0.000524033
0.000588612
0.000660502
0.00074045
0.000829265
0.000927826
0.00103709
0.00115809
0.00129194
0.00143985
0.00160314
0.0017832
0.00198155
0.00219981
0.00243973
0.00270317
0.00299214
0.00330876
0.00365532
0.00403423
0.00444808
0.00489959
0.00539167
0.00592738
0.00650995
0.0071428
0.00782952
0.00857389
0.00937987
0.0102516
0.0111934
0.0122098
0.0133055
0.0144853
0.0157544
0.017118
0.0185814
0.0201502
0.0218302
0.0236271
0.025547
0.0275959
0.0297801
0.0321057
0.0345792
0.0372069
0.0399953
0.0429506
0.0460792
0.0493876
0.0528817
0.0565679
0.0604518
0.0645395
0.0688362
0.0733474
0.0780779
0.0830323
0.088215
0.0936296
0.0992797
0.105168
0.111297
0.117667
0.124282
0.131139
0.138241
0.145584
0.153168
0.16099
0.169045
0.177331
0.185841
0.19457
0.20351
0.212653
0.221989
0.231509
0.241202
0.251056
0.261057
0.271191
0.281444
0.291799
0.30224
0.312749
0.323308
0.333897
0.344496
0.355084
0.365641
0.376144
0.386571
0.396899
0.407106
0.417167
0.42706
0.436761
0.446246
0.455492
0.464476
0.473175
0.481566
0.489627
0.497338
0.504676
0.511624
0.51816
0.524268
0.52993
0.535131
0.539855
0.544089
0.547821
0.55104
0.553738
0.555905
0.557536
0.558626
0.559172
0.559172
0.558626
0.557536
0.555905
0.553738
0.55104
0.547821
0.544089
0.539855
0.535131
0.52993
0.524268
0.51816
0.511624
0.504676
0.497338
0.489627
0.481566
0.473175
0.464476
0.455492
0.446246
0.436761
0.42706
0.417167
0.407106
0.396899
0.386571
0.376144
0.365641
0.355084
0.344496
0.333897
0.323308
0.312749
0.30224
0.291799
0.281444
0.271191
0.261057
0.251056
0.241202
0.231509
0.221989
0.212653
0.20351
0.19457
0.185841
0.177331
0.169045
0.16099
0.153168
0.145584
0.138241
0.131139
0.124282
0.117667
0.111297
0.105168
0.0992797
0.0936296
0.088215
0.0830323
0.0780779
0.0733474
0.0688362
0.0645395
0.0604518
0.0565679
0.0528817
0.0493876
0.0460792
0.0429506
0.0399953
0.0372069
0.0345792
0.0321057
0.0297801
0.0275959
0.025547
0.0236271
0.0218302
0.0201502
0.0185814
0.017118
0.0157544
0.0144853
0.0133055
0.0122098
0.0111934
0.0102516
0.00937987
0.00857389
0.00782952
0.0071428
0.00650995
0.00592738
0.00539167
0.00489959
0.00444808
0.00403423
0.00365532
0.00330876
0.00299214
0.00270317
0.00243973
0.00219981
0.00198155
0.0017832
0.00160314
0.00143985
0.00129194
0.00115809
0.00103709
0.000927826
0.000829265
0.00074045
0.000660502
0.000588612
0.000524033
0.000466085
0.00041414
0.000367625
0.000326016
0.000288834
0.000255643
0.000226045
0.000199679
0.00020642
0.000233677
0.000264274
0.000298585
0.000337022
0.000380036
0.000428122
0.00048182
0.000541725
0.000608483
0.000682801
0.000765448
0.000857261
0.00095915
0.0010721
0.00119718
0.00133556
0.00148847
0.00165726
0.0018434
0.00204845
0.00227408
0.00252209
0.00279443
0.00309315
0.00342047
0.00377872
0.00417043
0.00459825
0.005065
0.00557369
0.00612749
0.00672973
0.00738394
0.00809385
0.00886335
0.00969654
0.0105977
0.0115713
0.012622
0.0137547
0.0149744
0.0162863
0.0176959
0.0192087
0.0208305
0.0225672
0.0244248
0.0264095
0.0285276
0.0307855
0.0331896
0.0357466
0.0384631
0.0413455
0.0444006
0.0476349
0.0510549
0.054667
0.0584776
0.0624927
0.0667183
0.0711602
0.0758236
0.0807138
0.0858355
0.0911932
0.0967906
0.102631
0.108718
0.115054
0.12164
0.128477
0.135567
0.142908
0.150499
0.158339
0.166425
0.174752
0.183318
0.192116
0.201139
0.21038
0.219832
0.229484
0.239325
0.249345
0.259532
0.26987
0.280347
0.290946
0.30165
0.312444
0.323308
0.334223
0.345169
0.356126
0.367072
0.377985
0.388843
0.399622
0.410299
0.42085
0.431251
0.441478
0.451506
0.461312
0.47087
0.480157
0.489149
0.497823
0.506157
0.514128
0.521715
0.528896
0.535654
0.541968
0.547821
0.553197
0.558081
0.562458
0.566316
0.569644
0.572432
0.574672
0.576359
0.577485
0.57805
0.57805
0.577485
0.576359
0.574672
0.572432
0.569644
0.566316
0.562458
0.558081
0.553197
0.547821
0.541968
0.535654
0.528896
0.521715
0.514128
0.506157
0.497823
0.489149
0.480157
0.47087
0.461312
0.451506
0.441478
0.431251
0.42085
0.410299
0.399622
0.388843
0.377985
0.367072
0.356126
0.345169
0.334223
0.323308
0.312444
0.30165
0.290946
0.280347
0.26987
0.259532
0.249345
0.239325
0.229484
0.219832
0.21038
0.201139
0.192116
0.183318
0.174752
0.166425
0.158339
0.150499
0.142908
0.135567
0.128477
0.12164
0.115054
0.108718
0.102631
0.0967906
0.0911932
0.0858355
0.0807138
0.0758236
0.0711602
0.0667183
0.0624927
0.0584776
0.054667
0.0510549
0.0476349
0.0444006
0.0413455
0.0384631
0.0357466
0.0331896
0.0307855
0.0285276
0.0264095
0.0244248
0.0225672
0.0208305
0.0192087
0.0176959
0.0162863
0.0149744
0.0137547
0.012622
0.0115713
0.0105977
0.00969654
0.00886335
0.00809385
0.00738394
0.00672973
0.00612749
0.00557369
0.005065
0.00459825
0.00417043
0.00377872
0.00342047
0.00309315
0.00279443
0.00252209
0.00227408
0.00204845
0.0018434
0.00165726
0.00148847
0.00133556
0.00119718
0.0010721
0.00095915
0.000857261
0.000765448
0.000682801
0.000608483
0.000541725
0.00048182
0.000428122
0.000380036
0.000337022
0.000298585
0.000264274
0.000233677
0.00020642
0.000213181
0.00024133
0.000272929
0.000308364
0.00034806
0.000392483
0.000442143
0.000497601
0.000559467
0.000628412
0.000705164
0.000790518
0.000885338
0.000990564
0.00110721
0.00123639
0.0013793
0.00153721
0.00171154
0.00190378
0.00211554
0.00234855
0.0026047
0.00288595
0.00319446
0.00353249
0.00390248
0.00430702
0.00474885
0.00523089
0.00575624
0.00632817
0.00695014
0.00762578
0.00835894
0.00915364
0.0100141
0.0109448
0.0119503
0.0130354
0.0142052
0.0154648
0.0168197
0.0182754
0.0198378
0.0215127
0.0233063
0.0252247
0.0272744
0.0294619
0.0317937
0.0342766
0.0369174
0.0397228
0.0426997
0.0458548
0.049195
0.052727
0.0564575
0.0603928
0.0645395
0.0689035
0.0734908
0.0783069
0.0833573
0.0886468
0.0941799
0.0999607
0.105993
0.112279
0.118822
0.125624
0.132685
0.140007
0.147588
0.155428
0.163525
0.171875
0.180476
0.189322
0.198408
0.207726
0.217271
0.227032
0.236999
0.247164
0.257512
0.268032
0.278709
0.289528
0.300474
0.31153
0.322677
0.333897
0.345169
0.356474
0.36779
0.379094
0.390365
0.401578
0.41271
0.423737
0.434634
0.445375
0.455937
0.466294
0.47642
0.486291
0.495883
0.505169
0.514128
0.522734
0.530966
0.538801
0.546218
0.553197
0.559718
0.565763
0.571315
0.576359
0.580879
0.584863
0.5883
0.59118
0.593494
0.595235
0.596399
0.596982
0.596982
0.596399
0.595235
0.593494
0.59118
0.5883
0.584863
0.580879
0.576359
0.571315
0.565763
0.559718
0.553197
0.546218
0.538801
0.530966
0.522734
0.514128
0.505169
0.495883
0.486291
0.47642
0.466294
0.455937
0.445375
0.434634
0.423737
0.41271
0.401578
0.390365
0.379094
0.36779
0.356474
0.345169
0.333897
0.322677
0.31153
0.300474
0.289528
0.278709
0.268032
0.257512
0.247164
0.236999
0.227032
0.217271
0.207726
0.198408
0.189322
0.180476
0.171875
0.163525
0.155428
0.147588
0.140007
0.132685
0.125624
0.118822
0.112279
0.105993
0.0999607
0.0941799
0.0886468
0.0833573
0.0783069
0.0734908
0.0689035
0.0645395
0.0603928
0.0564575
0.052727
0.049195
0.0458548
0.0426997
0.0397228
0.0369174
0.0342766
0.0317937
0.0294619
0.0272744
0.0252247
0.0233063
0.0215127
0.0198378
0.0182754
0.0168197
0.0154648
0.0142052
0.0130354
0.0119503
0.0109448
0.0100141
0.00915364
0.00835894
0.00762578
0.00695014
0.00632817
0.00575624
0.00523089
0.00474885
0.00430702
0.00390248
0.00353249
0.00319446
0.00288595
0.0026047
0.00234855
0.00211554
0.00190378
0.00171154
0.00153721
0.0013793
0.00123639
0.00110721
0.000990564
0.000885338
0.000790518
0.000705164
0.000628412
0.000559467
0.000497601
0.000442143
0.000392483
0.00034806
0.000308364
0.000272929
0.00024133
0.000213181
0.000219948
0.000248991
0.000281593
0.000318153
0.000359109
0.000404942
0.000456178
0.000513396
0.000577227
0.00064836
0.000727548
0.000815612
0.000913442
0.00102201
0.00114236
0.00127564
0.00142308
0.00158601
0.00176587
0.00196421
0.00218269
0.00242311
0.00268738
0.00297756
0.00329586
0.00364462
0.00402636
0.00444374
0.00489959
0.00539694
0.00593896
0.00652905
0.00717076
0.00786785
0.00862428
0.00944421
0.010332
0.0112922
0.0123296
0.0134492
0.0146561
0.0159557
0.0173536
0.0188556
0.0204675
0.0221956
0.0240461
0.0260254
0.0281402
0.0303971
0.032803
0.0353647
0.0380893
0.0409837
0.0440551
0.0473104
0.0507566
0.0544008
0.0582496
0.0623099
0.0665882
0.0710907
0.0758236
0.0807927
0.0860033
0.0914607
0.0971695
0.103134
0.109357
0.115843
0.122594
0.129612
0.136897
0.144451
0.152273
0.160362
0.168716
0.177331
0.186205
0.195332
0.204706
0.21432
0.224168
0.234238
0.244523
0.255009
0.265686
0.27654
0.287556
0.298719
0.310013
0.321419
0.33292
0.344496
0.356126
0.36779
0.379465
0.391128
0.402756
0.414325
0.425811
0.437188
0.44843
0.459513
0.47041
0.481096
0.491543
0.501728
0.511624
0.521205
0.530448
0.539328
0.547821
0.555905
0.563557
0.570757
0.577485
0.583722
0.589451
0.594654
0.599318
0.603429
0.606975
0.609946
0.612333
0.61413
0.615331
0.615932
0.615932
0.615331
0.61413
0.612333
0.609946
0.606975
0.603429
0.599318
0.594654
0.589451
0.583722
0.577485
0.570757
0.563557
0.555905
0.547821
0.539328
0.530448
0.521205
0.511624
0.501728
0.491543
0.481096
0.47041
0.459513
0.44843
0.437188
0.425811
0.414325
0.402756
0.391128
0.379465
0.36779
0.356126
0.344496
0.33292
0.321419
0.310013
0.298719
0.287556
0.27654
0.265686
0.255009
0.244523
0.234238
0.224168
0.21432
0.204706
0.195332
0.186205
0.177331
0.168716
0.160362
0.152273
0.144451
0.136897
0.129612
0.122594
0.115843
0.109357
0.103134
0.0971695
0.0914607
0.0860033
0.0807927
0.0758236
0.0710907
0.0665882
0.0623099
0.0582496
0.0544008
0.0507566
0.0473104
0.0440551
0.0409837
0.0380893
0.0353647
0.032803
0.0303971
0.0281402
0.0260254
0.0240461
0.0221956
0.0204675
0.0188556
0.0173536
0.0159557
0.0146561
0.0134492
0.0123296
0.0112922
0.010332
0.00944421
0.00862428
0.00786785
0.00717076
0.00652905
0.00593896
0.00539694
0.00489959
0.00444374
0.00402636
0.00364462
0.00329586
0.00297756
0.00268738
0.00242311
0.00218269
0.00196421
0.00176587
0.00158601
0.00142308
0.00127564
0.00114236
0.00102201
0.000913442
0.000815612
0.000727548
0.00064836
0.000577227
0.000513396
0.000456178
0.000404942
0.000359109
0.000318153
0.000281593
0.000248991
0.000219948
0.000226708
0.000256644
0.000290248
0.000327932
0.000370147
0.000417388
0.000470199
0.000529176
0.000594969
0.000668288
0.000749911
0.000840681
0.000941518
0.00105342
0.00117747
0.00131485
0.00146682
0.00163476
0.00182015
0.00202458
0.00224978
0.00249758
0.00276998
0.00306908
0.00339716
0.00375665
0.00415012
0.00458032
0.00505019
0.00556282
0.00612151
0.00672973
0.00739116
0.00810968
0.00888936
0.00973449
0.0106496
0.0116393
0.0127086
0.0138625
0.0151065
0.0164461
0.017887
0.0194351
0.0210966
0.0228778
0.0247852
0.0268253
0.0290051
0.0313314
0.0338112
0.0364517
0.03926
0.0422434
0.0454092
0.0487645
0.0523167
0.0560729
0.06004
0.0642251
0.0686348
0.0732758
0.0781541
0.0832759
0.0886468
0.0942719
0.100156
0.106304
0.112719
0.119404
0.126362
0.133595
0.141105
0.148891
0.156953
0.165291
0.173901
0.182782
0.191928
0.201335
0.210998
0.220908
0.231058
0.241438
0.252038
0.262847
0.273852
0.28504
0.296394
0.307901
0.319541
0.331298
0.343153
0.355084
0.367072
0.379094
0.391128
0.40315
0.415135
0.42706
0.438899
0.450625
0.462213
0.473637
0.484869
0.495883
0.506652
0.517149
0.527349
0.537225
0.546752
0.555905
0.564659
0.572991
0.580879
0.5883
0.595235
0.601664
0.607568
0.612932
0.617739
0.621976
0.625631
0.628694
0.631154
0.633006
0.634244
0.634863
0.634863
0.634244
0.633006
0.631154
0.628694
0.625631
0.621976
0.617739
0.612932
0.607568
0.601664
0.595235
0.5883
0.580879
0.572991
0.564659
0.555905
0.546752
0.537225
0.527349
0.517149
0.506652
0.495883
0.484869
0.473637
0.462213
0.450625
0.438899
0.42706
0.415135
0.40315
0.391128
0.379094
0.367072
0.355084
0.343153
0.331298
0.319541
0.307901
0.296394
0.28504
0.273852
0.262847
0.252038
0.241438
0.231058
0.220908
0.210998
0.201335
0.191928
0.182782
0.173901
0.165291
0.156953
0.148891
0.141105
0.133595
0.126362
0.119404
0.112719
0.106304
0.100156
0.0942719
0.0886468
0.0832759
0.0781541
0.0732758
0.0686348
0.0642251
0.06004
0.0560729
0.0523167
0.0487645
0.0454092
0.0422434
0.03926
0.0364517
0.0338112
0.0313314
0.0290051
0.0268253
0.0247852
0.0228778
0.0210966
0.0194351
0.017887
0.0164461
0.0151065
0.0138625
0.0127086
0.0116393
0.0106496
0.00973449
0.00888936
0.00810968
0.00739116
0.00672973
0.00612151
0.00556282
0.00505019
0.00458032
0.00415012
0.00375665
0.00339716
0.00306908
0.00276998
0.00249758
0.00224978
0.00202458
0.00182015
0.00163476
0.00146682
0.00131485
0.00117747
0.00105342
0.000941518
0.000840681
0.000749911
0.000668288
0.000594969
0.000529176
0.000470199
0.000417388
0.000370147
0.000327932
0.000290248
0.000256644
0.000226708
0.000233449
0.000264274
0.000298877
0.000337681
0.000381151
0.000429797
0.000484179
0.000544909
0.000612657
0.000688157
0.000772206
0.000865674
0.000969509
0.00108474
0.00121248
0.00135394
0.00151043
0.00168336
0.00187426
0.00208477
0.00231666
0.00257184
0.00285233
0.00316033
0.00349816
0.00386833
0.0042735
0.00471649
0.00520033
0.0057282
0.0063035
0.0069298
0.0076109
0.00835078
0.00915364
0.0100239
0.0109662
0.0119853
0.0130864
0.0142747
0.0155557
0.0169351
0.0184188
0.0200129
0.0217238
0.023558
0.025522
0.0276229
0.0298674
0.0322629
0.0348164
0.0375354
0.0404272
0.0434993
0.0467592
0.0502143
0.0538721
0.0577399
0.061825
0.0661345
0.0706754
0.0754543
0.0804777
0.0857517
0.0912823
0.0970746
0.103134
0.109464
0.11607
0.122954
0.130119
0.137567
0.1453
0.153318
0.16162
0.170205
0.179071
0.188216
0.197634
0.207321
0.217271
0.227475
0.237927
0.248616
0.259532
0.270662
0.281994
0.293514
0.305206
0.317054
0.329041
0.341148
0.353355
0.365641
0.377985
0.390365
0.402756
0.415135
0.427478
0.439757
0.451947
0.464022
0.475955
0.487718
0.499284
0.510625
0.521715
0.532524
0.543027
0.553197
0.563007
0.572432
0.581446
0.590026
0.598149
0.605791
0.612932
0.619551
0.625631
0.631154
0.636104
0.640468
0.644231
0.647385
0.649919
0.651825
0.6531
0.653738
0.653738
0.6531
0.651825
0.649919
0.647385
0.644231
0.640468
0.636104
0.631154
0.625631
0.619551
0.612932
0.605791
0.598149
0.590026
0.581446
0.572432
0.563007
0.553197
0.543027
0.532524
0.521715
0.510625
0.499284
0.487718
0.475955
0.464022
0.451947
0.439757
0.427478
0.415135
0.402756
0.390365
0.377985
0.365641
0.353355
0.341148
0.329041
0.317054
0.305206
0.293514
0.281994
0.270662
0.259532
0.248616
0.237927
0.227475
0.217271
0.207321
0.197634
0.188216
0.179071
0.170205
0.16162
0.153318
0.1453
0.137567
0.130119
0.122954
0.11607
0.109464
0.103134
0.0970746
0.0912823
0.0857517
0.0804777
0.0754543
0.0706754
0.0661345
0.061825
0.0577399
0.0538721
0.0502143
0.0467592
0.0434993
0.0404272
0.0375354
0.0348164
0.0322629
0.0298674
0.0276229
0.025522
0.023558
0.0217238
0.0200129
0.0184188
0.0169351
0.0155557
0.0142747
0.0130864
0.0119853
0.0109662
0.0100239
0.00915364
0.00835078
0.0076109
0.0069298
0.0063035
0.0057282
0.00520033
0.00471649
0.0042735
0.00386833
0.00349816
0.00316033
0.00285233
0.00257184
0.00231666
0.00208477
0.00187426
0.00168336
0.00151043
0.00135394
0.00121248
0.00108474
0.000969509
0.000865674
0.000772206
0.000688157
0.000612657
0.000544909
0.000484179
0.000429797
0.000381151
0.000337681
0.000298877
0.000264274
0.000233449
0.000240154
0.000271865
0.000307462
0.000347381
0.0003921
0.000442143
0.000498087
0.000560561
0.000630256
0.000707924
0.000794387
0.000890541
0.000997358
0.0011159
0.00124731
0.00139283
0.00155382
0.00173172
0.0019281
0.00214466
0.00238321
0.00264571
0.00293426
0.00325111
0.00359865
0.00397945
0.00439626
0.00485198
0.00534971
0.00589275
0.00648457
0.00712886
0.00782952
0.00859066
0.00941658
0.0103118
0.0112812
0.0123296
0.0134623
0.0146847
0.0160025
0.0174215
0.0189479
0.0205878
0.0223478
0.0242347
0.0262552
0.0284163
0.0307254
0.0331896
0.0358165
0.0386136
0.0415885
0.0447489
0.0481024
0.0516567
0.0554196
0.0593985
0.0636009
0.0680342
0.0727055
0.0776217
0.0827894
0.088215
0.0939044
0.0998631
0.106096
0.112609
0.119404
0.126486
0.133857
0.141519
0.149474
0.157722
0.166262
0.175094
0.184215
0.193622
0.203311
0.213276
0.223512
0.23401
0.244762
0.255758
0.266987
0.278437
0.290094
0.301945
0.313973
0.326162
0.338493
0.350947
0.363505
0.376144
0.388843
0.401578
0.414325
0.42706
0.439757
0.452389
0.46493
0.477352
0.489627
0.501728
0.513626
0.525293
0.536701
0.547821
0.558626
0.569088
0.57918
0.588875
0.598149
0.606975
0.615331
0.623192
0.630538
0.637348
0.643603
0.649284
0.654377
0.658865
0.662737
0.665981
0.668588
0.670549
0.67186
0.672517
0.672517
0.67186
0.670549
0.668588
0.665981
0.662737
0.658865
0.654377
0.649284
0.643603
0.637348
0.630538
0.623192
0.615331
0.606975
0.598149
0.588875
0.57918
0.569088
0.558626
0.547821
0.536701
0.525293
0.513626
0.501728
0.489627
0.477352
0.46493
0.452389
0.439757
0.42706
0.414325
0.401578
0.388843
0.376144
0.363505
0.350947
0.338493
0.326162
0.313973
0.301945
0.290094
0.278437
0.266987
0.255758
0.244762
0.23401
0.223512
0.213276
0.203311
0.193622
0.184215
0.175094
0.166262
0.157722
0.149474
0.141519
0.133857
0.126486
0.119404
0.112609
0.106096
0.0998631
0.0939044
0.088215
0.0827894
0.0776217
0.0727055
0.0680342
0.0636009
0.0593985
0.0554196
0.0516567
0.0481024
0.0447489
0.0415885
0.0386136
0.0358165
0.0331896
0.0307254
0.0284163
0.0262552
0.0242347
0.0223478
0.0205878
0.0189479
0.0174215
0.0160025
0.0146847
0.0134623
0.0123296
0.0112812
0.0103118
0.00941658
0.00859066
0.00782952
0.00712886
0.00648457
0.00589275
0.00534971
0.00485198
0.00439626
0.00397945
0.00359865
0.00325111
0.00293426
0.00264571
0.00238321
0.00214466
0.0019281
0.00173172
0.00155382
0.00139283
0.00124731
0.0011159
0.000997358
0.000890541
0.000794387
0.000707924
0.000630256
0.000560561
0.000498087
0.000442143
0.0003921
0.000347381
0.000307462
0.000271865
0.000240154
0.000246812
0.000279401
0.000315985
0.000357011
0.000402969
0.0004544
0.000511894
0.0005761
0.000647727
0.000727548
0.000816409
0.000915227
0.00102501
0.00114683
0.00128188
0.00143144
0.00159689
0.00177972
0.00198155
0.00220411
0.00244928
0.00271906
0.0030156
0.00334123
0.00369841
0.00408977
0.00451812
0.00498648
0.00549801
0.0060561
0.00666433
0.00732648
0.00804657
0.0088288
0.00967762
0.0105977
0.0115939
0.0126714
0.0138355
0.0150918
0.0164461
0.0179045
0.0194731
0.0211585
0.0229673
0.0249065
0.026983
0.0292041
0.0315771
0.0341097
0.0368094
0.039684
0.0427414
0.0459893
0.0494358
0.0530887
0.0569559
0.0610451
0.065364
0.0699202
0.074721
0.0797735
0.0850844
0.0906604
0.0965075
0.102631
0.109037
0.11573
0.122714
0.129992
0.137567
0.145442
0.153617
0.162094
0.170871
0.179948
0.189322
0.19899
0.208947
0.219189
0.229708
0.240497
0.251547
0.262847
0.274388
0.286155
0.298136
0.310315
0.322677
0.335203
0.347876
0.360676
0.373581
0.386571
0.399622
0.41271
0.425811
0.438899
0.451947
0.46493
0.477818
0.490584
0.5032
0.515636
0.527864
0.539855
0.551579
0.563007
0.574112
0.584863
0.595235
0.605199
0.61473
0.623801
0.632388
0.640468
0.648017
0.655016
0.661444
0.667283
0.672517
0.67713
0.681109
0.684443
0.687122
0.689138
0.690485
0.691159
0.691159
0.690485
0.689138
0.687122
0.684443
0.681109
0.67713
0.672517
0.667283
0.661444
0.655016
0.648017
0.640468
0.632388
0.623801
0.61473
0.605199
0.595235
0.584863
0.574112
0.563007
0.551579
0.539855
0.527864
0.515636
0.5032
0.490584
0.477818
0.46493
0.451947
0.438899
0.425811
0.41271
0.399622
0.386571
0.373581
0.360676
0.347876
0.335203
0.322677
0.310315
0.298136
0.286155
0.274388
0.262847
0.251547
0.240497
0.229708
0.219189
0.208947
0.19899
0.189322
0.179948
0.170871
0.162094
0.153617
0.145442
0.137567
0.129992
0.122714
0.11573
0.109037
0.102631
0.0965075
0.0906604
0.0850844
0.0797735
0.074721
0.0699202
0.065364
0.0610451
0.0569559
0.0530887
0.0494358
0.0459893
0.0427414
0.039684
0.0368094
0.0341097
0.0315771
0.0292041
0.026983
0.0249065
0.0229673
0.0211585
0.0194731
0.0179045
0.0164461
0.0150918
0.0138355
0.0126714
0.0115939
0.0105977
0.00967762
0.0088288
0.00804657
0.00732648
0.00666433
0.0060561
0.00549801
0.00498648
0.00451812
0.00408977
0.00369841
0.00334123
0.0030156
0.00271906
0.00244928
0.00220411
0.00198155
0.00177972
0.00159689
0.00143144
0.00128188
0.00114683
0.00102501
0.000915227
0.000816409
0.000727548
0.000647727
0.0005761
0.000511894
0.0004544
0.000402969
0.000357011
0.000315985
0.000279401
0.000246812
0.000253406
0.000286866
0.000324428
0.00036655
0.000413736
0.00046654
0.000525571
0.000591493
0.000665033
0.000746987
0.000838221
0.00093968
0.00105239
0.00117747
0.00131613
0.00146969
0.00163956
0.00182727
0.00203449
0.002263
0.00251472
0.0027917
0.00309617
0.0034305
0.00379722
0.00419904
0.00463884
0.00511971
0.0056449
0.0062179
0.00684238
0.00752223
0.00826155
0.00906469
0.00993618
0.0108808
0.0119037
0.0130099
0.0142052
0.015495
0.0168855
0.0183828
0.0199934
0.0217238
0.023581
0.0255719
0.0277039
0.0299843
0.0324208
0.035021
0.0377929
0.0407443
0.0438833
0.0472181
0.0507566
0.0545071
0.0584776
0.0626761
0.0671104
0.0717883
0.0767174
0.0819048
0.0873577
0.0930826
0.099086
0.105373
0.111951
0.118822
0.125992
0.133465
0.141243
0.149328
0.157722
0.166425
0.175436
0.184756
0.19438
0.204306
0.21453
0.225045
0.235845
0.246922
0.258267
0.26987
0.281719
0.293801
0.306102
0.318606
0.331298
0.344159
0.357171
0.370312
0.383563
0.396899
0.410299
0.423737
0.437188
0.450625
0.464022
0.477352
0.490584
0.503692
0.516644
0.529413
0.541968
0.554279
0.566316
0.57805
0.589451
0.60049
0.611139
0.621369
0.631154
0.640468
0.649284
0.65758
0.665331
0.672517
0.679116
0.685111
0.690485
0.695221
0.699307
0.70273
0.70548
0.70755
0.708933
0.709626
0.709626
0.708933
0.70755
0.70548
0.70273
0.699307
0.695221
0.690485
0.685111
0.679116
0.672517
0.665331
0.65758
0.649284
0.640468
0.631154
0.621369
0.611139
0.60049
0.589451
0.57805
0.566316
0.554279
0.541968
0.529413
0.516644
0.503692
0.490584
0.477352
0.464022
0.450625
0.437188
0.423737
0.410299
0.396899
0.383563
0.370312
0.357171
0.344159
0.331298
0.318606
0.306102
0.293801
0.281719
0.26987
0.258267
0.246922
0.235845
0.225045
0.21453
0.204306
0.19438
0.184756
0.175436
0.166425
0.157722
0.149328
0.141243
0.133465
0.125992
0.118822
0.111951
0.105373
0.099086
0.0930826
0.0873577
0.0819048
0.0767174
0.0717883
0.0671104
0.0626761
0.0584776
0.0545071
0.0507566
0.0472181
0.0438833
0.0407443
0.0377929
0.035021
0.0324208
0.0299843
0.0277039
0.0255719
0.023581
0.0217238
0.0199934
0.0183828
0.0168855
0.015495
0.0142052
0.0130099
0.0119037
0.0108808
0.00993618
0.00906469
0.00826155
0.00752223
0.00684238
0.0062179
0.0056449
0.00511971
0.00463884
0.00419904
0.00379722
0.0034305
0.00309617
0.0027917
0.00251472
0.002263
0.00203449
0.00182727
0.00163956
0.00146969
0.00131613
0.00117747
0.00105239
0.00093968
0.000838221
0.000746987
0.000665033
0.000591493
0.000525571
0.00046654
0.000413736
0.00036655
0.000324428
0.000286866
0.000253406
0.000259923
0.000294243
0.000332771
0.000375976
0.000424375
0.000478538
0.000539086
0.000606703
0.000682135
0.000766196
0.000859777
0.000963845
0.00107946
0.00120775
0.00134998
0.00150748
0.00168172
0.00187426
0.00208681
0.00232119
0.00257938
0.00286349
0.0031758
0.00351872
0.00389487
0.00430702
0.00475813
0.00525136
0.00579007
0.0063778
0.00701834
0.00771567
0.00847401
0.00929779
0.0101917
0.0111606
0.0122098
0.0133445
0.0145705
0.0158935
0.0173197
0.0188556
0.0205075
0.0222825
0.0241874
0.0262295
0.0284163
0.0307554
0.0332545
0.0359216
0.0387647
0.0417921
0.0450118
0.0484323
0.0520619
0.0559088
0.0599814
0.0642878
0.0688362
0.0736344
0.0786902
0.0840111
0.0896042
0.0954763
0.101634
0.108083
0.11483
0.121878
0.129232
0.136897
0.144875
0.153168
0.161778
0.170704
0.179948
0.189507
0.199379
0.20956
0.220047
0.230832
0.24191
0.253272
0.264909
0.27681
0.288963
0.301356
0.313973
0.3268
0.339818
0.35301
0.366356
0.379835
0.393426
0.407106
0.42085
0.434634
0.44843
0.462213
0.475955
0.489627
0.5032
0.516644
0.52993
0.543027
0.555905
0.568532
0.580879
0.592914
0.604609
0.615932
0.626854
0.637348
0.647385
0.656938
0.665981
0.67449
0.68244
0.689811
0.69658
0.70273
0.708241
0.713099
0.71729
0.720801
0.723622
0.725745
0.727164
0.727874
0.727874
0.727164
0.725745
0.723622
0.720801
0.71729
0.713099
0.708241
0.70273
0.69658
0.689811
0.68244
0.67449
0.665981
0.656938
0.647385
0.637348
0.626854
0.615932
0.604609
0.592914
0.580879
0.568532
0.555905
0.543027
0.52993
0.516644
0.5032
0.489627
0.475955
0.462213
0.44843
0.434634
0.42085
0.407106
0.393426
0.379835
0.366356
0.35301
0.339818
0.3268
0.313973
0.301356
0.288963
0.27681
0.264909
0.253272
0.24191
0.230832
0.220047
0.20956
0.199379
0.189507
0.179948
0.170704
0.161778
0.153168
0.144875
0.136897
0.129232
0.121878
0.11483
0.108083
0.101634
0.0954763
0.0896042
0.0840111
0.0786902
0.0736344
0.0688362
0.0642878
0.0599814
0.0559088
0.0520619
0.0484323
0.0450118
0.0417921
0.0387647
0.0359216
0.0332545
0.0307554
0.0284163
0.0262295
0.0241874
0.0222825
0.0205075
0.0188556
0.0173197
0.0158935
0.0145705
0.0133445
0.0122098
0.0111606
0.0101917
0.00929779
0.00847401
0.00771567
0.00701834
0.0063778
0.00579007
0.00525136
0.00475813
0.00430702
0.00389487
0.00351872
0.0031758
0.00286349
0.00257938
0.00232119
0.00208681
0.00187426
0.00168172
0.00150748
0.00134998
0.00120775
0.00107946
0.000963845
0.000859777
0.000766196
0.000682135
0.000606703
0.000539086
0.000478538
0.000424375
0.000375976
0.000332771
0.000294243
0.000259923
0.000266346
0.000301515
0.000340995
0.000385268
0.000434863
0.000490365
0.00055241
0.000621698
0.000698993
0.000785132
0.000881026
0.000987666
0.00110613
0.0012376
0.00138334
0.00154474
0.00172328
0.00192058
0.00213838
0.00237856
0.00264313
0.00293426
0.00325428
0.00360568
0.00399113
0.00441346
0.00487573
0.00538115
0.00593317
0.00653543
0.0071918
0.00790636
0.00868344
0.00952758
0.0104436
0.0114365
0.0125115
0.0136743
0.0149306
0.0162863
0.0177478
0.0193216
0.0210144
0.0228332
0.0247852
0.0268778
0.0291186
0.0315155
0.0340764
0.0368094
0.0397228
0.0428249
0.0461243
0.0496293
0.0533486
0.0572906
0.0614638
0.0658767
0.0705375
0.0754543
0.080635
0.0860874
0.0918187
0.097836
0.104146
0.110754
0.117667
0.12489
0.132426
0.14028
0.148455
0.156953
0.165776
0.174923
0.184395
0.19419
0.204306
0.214739
0.225485
0.236537
0.247889
0.259532
0.271456
0.283651
0.296105
0.308804
0.321733
0.334876
0.348216
0.361734
0.37541
0.389223
0.40315
0.417167
0.431251
0.445375
0.459513
0.473637
0.487718
0.501728
0.515636
0.529413
0.543027
0.556448
0.569644
0.582583
0.595235
0.607568
0.619551
0.631154
0.642347
0.6531
0.663385
0.673174
0.68244
0.691159
0.699307
0.706859
0.713796
0.720097
0.725745
0.730723
0.735017
0.738615
0.741506
0.743681
0.745135
0.745863
0.745863
0.745135
0.743681
0.741506
0.738615
0.735017
0.730723
0.725745
0.720097
0.713796
0.706859
0.699307
0.691159
0.68244
0.673174
0.663385
0.6531
0.642347
0.631154
0.619551
0.607568
0.595235
0.582583
0.569644
0.556448
0.543027
0.529413
0.515636
0.501728
0.487718
0.473637
0.459513
0.445375
0.431251
0.417167
0.40315
0.389223
0.37541
0.361734
0.348216
0.334876
0.321733
0.308804
0.296105
0.283651
0.271456
0.259532
0.247889
0.236537
0.225485
0.214739
0.204306
0.19419
0.184395
0.174923
0.165776
0.156953
0.148455
0.14028
0.132426
0.12489
0.117667
0.110754
0.104146
0.097836
0.0918187
0.0860874
0.080635
0.0754543
0.0705375
0.0658767
0.0614638
0.0572906
0.0533486
0.0496293
0.0461243
0.0428249
0.0397228
0.0368094
0.0340764
0.0315155
0.0291186
0.0268778
0.0247852
0.0228332
0.0210144
0.0193216
0.0177478
0.0162863
0.0149306
0.0136743
0.0125115
0.0114365
0.0104436
0.00952758
0.00868344
0.00790636
0.0071918
0.00653543
0.00593317
0.00538115
0.00487573
0.00441346
0.00399113
0.00360568
0.00325428
0.00293426
0.00264313
0.00237856
0.00213838
0.00192058
0.00172328
0.00154474
0.00138334
0.0012376
0.00110613
0.000987666
0.000881026
0.000785132
0.000698993
0.000621698
0.00055241
0.000490365
0.000434863
0.000385268
0.000340995
0.000301515
0.000266346
0.000272663
0.000308666
0.000349082
0.000394404
0.000445176
0.000501993
0.00056551
0.000636441
0.00071557
0.000803751
0.000901919
0.00101109
0.00113236
0.00126695
0.00141615
0.00158137
0.00176415
0.00196613
0.00218909
0.00243497
0.00270581
0.00300385
0.00333146
0.00369119
0.00408577
0.00451812
0.00499135
0.00550876
0.00607387
0.00669041
0.00736234
0.00809385
0.00888936
0.00975352
0.0106912
0.0117077
0.0128082
0.0139986
0.0152846
0.0166725
0.0181687
0.0197798
0.0215127
0.0233746
0.0253729
0.0275152
0.0298092
0.0322629
0.0348845
0.0376823
0.0406648
0.0438405
0.0472181
0.0508062
0.0546137
0.0586492
0.0629214
0.0674389
0.0722102
0.0772436
0.0825472
0.0881289
0.0939961
0.100156
0.106616
0.113381
0.120458
0.127852
0.135567
0.143607
0.151976
0.160675
0.169707
0.179071
0.188768
0.198796
0.209151
0.219832
0.230832
0.242146
0.253767
0.265686
0.277893
0.290378
0.303127
0.316127
0.329363
0.342818
0.356474
0.370312
0.384313
0.398453
0.41271
0.42706
0.441478
0.455937
0.47041
0.484869
0.499284
0.513626
0.527864
0.541968
0.555905
0.569644
0.583152
0.596399
0.609351
0.621976
0.634244
0.646122
0.65758
0.668588
0.679116
0.689138
0.698624
0.70755
0.71589
0.723622
0.730723
0.737174
0.742955
0.748052
0.752448
0.756131
0.75909
0.761317
0.762806
0.763551
0.763551
0.762806
0.761317
0.75909
0.756131
0.752448
0.748052
0.742955
0.737174
0.730723
0.723622
0.71589
0.70755
0.698624
0.689138
0.679116
0.668588
0.65758
0.646122
0.634244
0.621976
0.609351
0.596399
0.583152
0.569644
0.555905
0.541968
0.527864
0.513626
0.499284
0.484869
0.47041
0.455937
0.441478
0.42706
0.41271
0.398453
0.384313
0.370312
0.356474
0.342818
0.329363
0.316127
0.303127
0.290378
0.277893
0.265686
0.253767
0.242146
0.230832
0.219832
0.209151
0.198796
0.188768
0.179071
0.169707
0.160675
0.151976
0.143607
0.135567
0.127852
0.120458
0.113381
0.106616
0.100156
0.0939961
0.0881289
0.0825472
0.0772436
0.0722102
0.0674389
0.0629214
0.0586492
0.0546137
0.0508062
0.0472181
0.0438405
0.0406648
0.0376823
0.0348845
0.0322629
0.0298092
0.0275152
0.0253729
0.0233746
0.0215127
0.0197798
0.0181687
0.0166725
0.0152846
0.0139986
0.0128082
0.0117077
0.0106912
0.00975352
0.00888936
0.00809385
0.00736234
0.00669041
0.00607387
0.00550876
0.00499135
0.00451812
0.00408577
0.00369119
0.00333146
0.00300385
0.00270581
0.00243497
0.00218909
0.00196613
0.00176415
0.00158137
0.00141615
0.00126695
0.00113236
0.00101109
0.000901919
0.000803751
0.00071557
0.000636441
0.00056551
0.000501993
0.000445176
0.000394404
0.000349082
0.000308666
0.000272663
0.000278856
0.000315677
0.000357011
0.000403363
0.000455288
0.000513396
0.000578355
0.000650898
0.000731824
0.000822009
0.000922406
0.00103405
0.00115809
0.00129573
0.00144832
0.00161729
0.00180422
0.00201079
0.00223882
0.00249028
0.00276727
0.00307208
0.00340713
0.00377503
0.00417858
0.00462075
0.00510473
0.00563389
0.00621184
0.00684238
0.00752958
0.00827771
0.00909128
0.00997507
0.0109341
0.0119736
0.0130992
0.0143166
0.0156318
0.0170512
0.0185814
0.0202291
0.0220014
0.0239056
0.0259493
0.0281402
0.0304863
0.0329957
0.0356769
0.0385383
0.0415885
0.0448363
0.0482906
0.0519603
0.0558542
0.0599814
0.0643507
0.0689708
0.0738505
0.0789982
0.0844223
0.0901307
0.0961312
0.102431
0.109037
0.115956
0.123194
0.130756
0.138646
0.146869
0.155428
0.164325
0.173562
0.183139
0.193056
0.203311
0.213902
0.224825
0.236076
0.247647
0.259532
0.271721
0.284206
0.296974
0.310013
0.323308
0.336844
0.350605
0.364571
0.378724
0.393042
0.407504
0.422085
0.436761
0.451506
0.466294
0.481096
0.495883
0.510625
0.525293
0.539855
0.554279
0.568532
0.582583
0.596399
0.609946
0.623192
0.636104
0.64865
0.660798
0.672517
0.683775
0.694542
0.704791
0.714493
0.723622
0.732152
0.740059
0.747322
0.753919
0.759832
0.765044
0.76954
0.773306
0.776333
0.778611
0.780133
0.780895
0.780895
0.780133
0.778611
0.776333
0.773306
0.76954
0.765044
0.759832
0.753919
0.747322
0.740059
0.732152
0.723622
0.714493
0.704791
0.694542
0.683775
0.672517
0.660798
0.64865
0.636104
0.623192
0.609946
0.596399
0.582583
0.568532
0.554279
0.539855
0.525293
0.510625
0.495883
0.481096
0.466294
0.451506
0.436761
0.422085
0.407504
0.393042
0.378724
0.364571
0.350605
0.336844
0.323308
0.310013
0.296974
0.284206
0.271721
0.259532
0.247647
0.236076
0.224825
0.213902
0.203311
0.193056
0.183139
0.173562
0.164325
0.155428
0.146869
0.138646
0.130756
0.123194
0.115956
0.109037
0.102431
0.0961312
0.0901307
0.0844223
0.0789982
0.0738505
0.0689708
0.0643507
0.0599814
0.0558542
0.0519603
0.0482906
0.0448363
0.0415885
0.0385383
0.0356769
0.0329957
0.0304863
0.0281402
0.0259493
0.0239056
0.0220014
0.0202291
0.0185814
0.0170512
0.0156318
0.0143166
0.0130992
0.0119736
0.0109341
0.00997507
0.00909128
0.00827771
0.00752958
0.00684238
0.00621184
0.00563389
0.00510473
0.00462075
0.00417858
0.00377503
0.00340713
0.00307208
0.00276727
0.00249028
0.00223882
0.00201079
0.00180422
0.00161729
0.00144832
0.00129573
0.00115809
0.00103405
0.000922406
0.000822009
0.000731824
0.000650898
0.000578355
0.000513396
0.000455288
0.000403363
0.000357011
0.000315677
0.000278856
0.000284912
0.000322533
0.000364764
0.000412123
0.000465176
0.000524545
0.000590915
0.000665033
0.000747717
0.00083986
0.000942437
0.00105651
0.00118324
0.00132387
0.00147977
0.00165241
0.0018434
0.00205446
0.00228744
0.00254436
0.00282737
0.0031388
0.00348112
0.00385702
0.00426933
0.0047211
0.00521559
0.00575624
0.00634674
0.00699098
0.0076931
0.00845747
0.00928871
0.0101917
0.0111716
0.0122337
0.0133837
0.0146275
0.0159713
0.0174215
0.0189849
0.0206684
0.0224792
0.0244248
0.0265128
0.0287513
0.0311483
0.0337123
0.0364517
0.0393752
0.0424917
0.04581
0.0493394
0.0530887
0.0570672
0.061284
0.0657481
0.0704686
0.0754543
0.0807138
0.0862557
0.0920881
0.0982189
0.104656
0.111405
0.118475
0.125869
0.133595
0.141657
0.150059
0.158803
0.167894
0.177331
0.187116
0.197248
0.207726
0.218547
0.229708
0.241202
0.253025
0.265168
0.277622
0.290378
0.303423
0.316745
0.330329
0.344159
0.358219
0.372489
0.386949
0.401578
0.416353
0.431251
0.446246
0.461312
0.47642
0.491543
0.506652
0.521715
0.536701
0.551579
0.566316
0.580879
0.595235
0.609351
0.623192
0.636726
0.649919
0.662737
0.675149
0.687122
0.698624
0.709626
0.720097
0.73001
0.739337
0.748052
0.756131
0.763551
0.770291
0.776333
0.781658
0.786252
0.7901
0.793192
0.79552
0.797075
0.797854
0.797854
0.797075
0.79552
0.793192
0.7901
0.786252
0.781658
0.776333
0.770291
0.763551
0.756131
0.748052
0.739337
0.73001
0.720097
0.709626
0.698624
0.687122
0.675149
0.662737
0.649919
0.636726
0.623192
0.609351
0.595235
0.580879
0.566316
0.551579
0.536701
0.521715
0.506652
0.491543
0.47642
0.461312
0.446246
0.431251
0.416353
0.401578
0.386949
0.372489
0.358219
0.344159
0.330329
0.316745
0.303423
0.290378
0.277622
0.265168
0.253025
0.241202
0.229708
0.218547
0.207726
0.197248
0.187116
0.177331
0.167894
0.158803
0.150059
0.141657
0.133595
0.125869
0.118475
0.111405
0.104656
0.0982189
0.0920881
0.0862557
0.0807138
0.0754543
0.0704686
0.0657481
0.061284
0.0570672
0.0530887
0.0493394
0.04581
0.0424917
0.0393752
0.0364517
0.0337123
0.0311483
0.0287513
0.0265128
0.0244248
0.0224792
0.0206684
0.0189849
0.0174215
0.0159713
0.0146275
0.0133837
0.0122337
0.0111716
0.0101917
0.00928871
0.00845747
0.0076931
0.00699098
0.00634674
0.00575624
0.00521559
0.0047211
0.00426933
0.00385702
0.00348112
0.0031388
0.00282737
0.00254436
0.00228744
0.00205446
0.0018434
0.00165241
0.00147977
0.00132387
0.00118324
0.00105651
0.000942437
0.00083986
0.000747717
0.000665033
0.000590915
0.000524545
0.000465176
0.000412123
0.000364764
0.000322533
0.000284912
0.000290815
0.000329215
0.000372322
0.000420662
0.000474814
0.000535414
0.000603159
0.000678812
0.000763209
0.000857261
0.000961964
0.0010784
0.00120775
0.0013513
0.00151043
0.00168665
0.0018816
0.00209702
0.00233483
0.00259708
0.00288595
0.00320383
0.00355325
0.00393693
0.00435779
0.00481892
0.00532365
0.00587551
0.00647824
0.00713583
0.0078525
0.00863271
0.00948117
0.0104029
0.011403
0.0124871
0.013661
0.0149306
0.0163022
0.0177825
0.0193783
0.0210966
0.0229449
0.0249308
0.0270622
0.029347
0.0317937
0.0344108
0.0372069
0.040191
0.0433721
0.0467592
0.0503616
0.0541887
0.0582496
0.0625538
0.0671104
0.0719287
0.0770176
0.0823862
0.0880429
0.0939961
0.100254
0.106824
0.113714
0.120929
0.128477
0.136363
0.144592
0.153168
0.162094
0.171372
0.181005
0.190993
0.201335
0.21203
0.223076
0.234467
0.2462
0.258267
0.270662
0.283374
0.296394
0.30971
0.323308
0.337173
0.35129
0.365641
0.380206
0.394966
0.409899
0.42498
0.440187
0.455492
0.47087
0.486291
0.501728
0.517149
0.532524
0.547821
0.563007
0.57805
0.592914
0.607568
0.621976
0.636104
0.649919
0.663385
0.676469
0.689138
0.701358
0.713099
0.724329
0.735017
0.745135
0.754655
0.763551
0.771797
0.779371
0.786252
0.792418
0.797854
0.802542
0.806471
0.809627
0.812002
0.81359
0.814385
0.814385
0.81359
0.812002
0.809627
0.806471
0.802542
0.797854
0.792418
0.786252
0.779371
0.771797
0.763551
0.754655
0.745135
0.735017
0.724329
0.713099
0.701358
0.689138
0.676469
0.663385
0.649919
0.636104
0.621976
0.607568
0.592914
0.57805
0.563007
0.547821
0.532524
0.517149
0.501728
0.486291
0.47087
0.455492
0.440187
0.42498
0.409899
0.394966
0.380206
0.365641
0.35129
0.337173
0.323308
0.30971
0.296394
0.283374
0.270662
0.258267
0.2462
0.234467
0.223076
0.21203
0.201335
0.190993
0.181005
0.171372
0.162094
0.153168
0.144592
0.136363
0.128477
0.120929
0.113714
0.106824
0.100254
0.0939961
0.0880429
0.0823862
0.0770176
0.0719287
0.0671104
0.0625538
0.0582496
0.0541887
0.0503616
0.0467592
0.0433721
0.040191
0.0372069
0.0344108
0.0317937
0.029347
0.0270622
0.0249308
0.0229449
0.0210966
0.0193783
0.0177825
0.0163022
0.0149306
0.013661
0.0124871
0.011403
0.0104029
0.00948117
0.00863271
0.0078525
0.00713583
0.00647824
0.00587551
0.00532365
0.00481892
0.00435779
0.00393693
0.00355325
0.00320383
0.00288595
0.00259708
0.00233483
0.00209702
0.0018816
0.00168665
0.00151043
0.0013513
0.00120775
0.0010784
0.000961964
0.000857261
0.000763209
0.000678812
0.000603159
0.000535414
0.000474814
0.000420662
0.000372322
0.000329215
0.000290815
0.000296551
0.000335708
0.000379665
0.000428958
0.000484179
0.000545974
0.000615055
0.000692201
0.000778262
0.000874169
0.000980937
0.00109967
0.00123157
0.00137795
0.00154022
0.00171992
0.00191871
0.00213838
0.00238088
0.0026483
0.00294287
0.00326702
0.00362333
0.00401458
0.00444374
0.00491397
0.00542865
0.00599139
0.00660601
0.00727657
0.00800737
0.00880297
0.00966817
0.010608
0.0116279
0.0127334
0.0139304
0.015225
0.0166237
0.0181332
0.0197605
0.0215127
0.0233975
0.0254225
0.0275959
0.0299258
0.0324208
0.0350895
0.0379408
0.0409837
0.0442275
0.0476814
0.0513549
0.0552575
0.0593985
0.0637875
0.0684341
0.0733474
0.0785367
0.0840111
0.0897793
0.09585
0.102231
0.108931
0.115956
0.123314
0.131011
0.139053
0.147444
0.156189
0.165291
0.174752
0.184575
0.19476
0.205306
0.216212
0.227475
0.239092
0.251056
0.263361
0.276
0.288963
0.30224
0.315818
0.329685
0.343823
0.358219
0.372853
0.387705
0.402756
0.417983
0.433362
0.448868
0.464476
0.480157
0.495883
0.511624
0.527349
0.543027
0.558626
0.574112
0.589451
0.604609
0.619551
0.634244
0.64865
0.662737
0.676469
0.689811
0.70273
0.715191
0.727164
0.738615
0.749514
0.759832
0.76954
0.778611
0.78702
0.794743
0.801759
0.808047
0.81359
0.818371
0.822377
0.825595
0.828018
0.829637
0.830447
0.830447
0.829637
0.828018
0.825595
0.822377
0.818371
0.81359
0.808047
0.801759
0.794743
0.78702
0.778611
0.76954
0.759832
0.749514
0.738615
0.727164
0.715191
0.70273
0.689811
0.676469
0.662737
0.64865
0.634244
0.619551
0.604609
0.589451
0.574112
0.558626
0.543027
0.527349
0.511624
0.495883
0.480157
0.464476
0.448868
0.433362
0.417983
0.402756
0.387705
0.372853
0.358219
0.343823
0.329685
0.315818
0.30224
0.288963
0.276
0.263361
0.251056
0.239092
0.227475
0.216212
0.205306
0.19476
0.184575
0.174752
0.165291
0.156189
0.147444
0.139053
0.131011
0.123314
0.115956
0.108931
0.102231
0.09585
0.0897793
0.0840111
0.0785367
0.0733474
0.0684341
0.0637875
0.0593985
0.0552575
0.0513549
0.0476814
0.0442275
0.0409837
0.0379408
0.0350895
0.0324208
0.0299258
0.0275959
0.0254225
0.0233975
0.0215127
0.0197605
0.0181332
0.0166237
0.015225
0.0139304
0.0127334
0.0116279
0.010608
0.00966817
0.00880297
0.00800737
0.00727657
0.00660601
0.00599139
0.00542865
0.00491397
0.00444374
0.00401458
0.00362333
0.00326702
0.00294287
0.0026483
0.00238088
0.00213838
0.00191871
0.00171992
0.00154022
0.00137795
0.00123157
0.00109967
0.000980937
0.000874169
0.000778262
0.000692201
0.000615055
0.000545974
0.000484179
0.000428958
0.000379665
0.000335708
0.000296551
0.000302105
0.000341996
0.000386776
0.000436992
0.000493246
0.000556199
0.000626574
0.000705164
0.000792837
0.000890541
0.000999308
0.00112027
0.00125464
0.00140376
0.00156906
0.00175213
0.00195464
0.00217843
0.00242547
0.0026979
0.00299799
0.0033282
0.00369119
0.00408977
0.00452696
0.00500599
0.00553032
0.0061036
0.00672973
0.00741284
0.00815733
0.00896783
0.00984924
0.0108067
0.0118457
0.0129719
0.0141913
0.0155102
0.0169351
0.0184728
0.0201305
0.0219156
0.0238357
0.0258986
0.0281127
0.0304863
0.033028
0.0357466
0.0386513
0.0417513
0.0450558
0.0485744
0.0523167
0.0562923
0.0605109
0.0649822
0.0697157
0.074721
0.0800075
0.0855844
0.0914607
0.0976451
0.104146
0.110971
0.118128
0.125624
0.133465
0.141657
0.150205
0.159114
0.168386
0.178025
0.188032
0.198408
0.209151
0.220262
0.231736
0.243569
0.255758
0.268293
0.281169
0.294375
0.307901
0.321733
0.335859
0.350263
0.364927
0.379835
0.394966
0.410299
0.425811
0.441478
0.457275
0.473175
0.489149
0.505169
0.521205
0.537225
0.553197
0.569088
0.584863
0.60049
0.615932
0.631154
0.646122
0.660798
0.675149
0.689138
0.70273
0.71589
0.728585
0.740782
0.752448
0.763551
0.774062
0.783951
0.793192
0.801759
0.809627
0.816774
0.82318
0.828827
0.833697
0.837778
0.841057
0.843525
0.845174
0.846
0.846
0.845174
0.843525
0.841057
0.837778
0.833697
0.828827
0.82318
0.816774
0.809627
0.801759
0.793192
0.783951
0.774062
0.763551
0.752448
0.740782
0.728585
0.71589
0.70273
0.689138
0.675149
0.660798
0.646122
0.631154
0.615932
0.60049
0.584863
0.569088
0.553197
0.537225
0.521205
0.505169
0.489149
0.473175
0.457275
0.441478
0.425811
0.410299
0.394966
0.379835
0.364927
0.350263
0.335859
0.321733
0.307901
0.294375
0.281169
0.268293
0.255758
0.243569
0.231736
0.220262
0.209151
0.198408
0.188032
0.178025
0.168386
0.159114
0.150205
0.141657
0.133465
0.125624
0.118128
0.110971
0.104146
0.0976451
0.0914607
0.0855844
0.0800075
0.074721
0.0697157
0.0649822
0.0605109
0.0562923
0.0523167
0.0485744
0.0450558
0.0417513
0.0386513
0.0357466
0.033028
0.0304863
0.0281127
0.0258986
0.0238357
0.0219156
0.0201305
0.0184728
0.0169351
0.0155102
0.0141913
0.0129719
0.0118457
0.0108067
0.00984924
0.00896783
0.00815733
0.00741284
0.00672973
0.0061036
0.00553032
0.00500599
0.00452696
0.00408977
0.00369119
0.0033282
0.00299799
0.0026979
0.00242547
0.00217843
0.00195464
0.00175213
0.00156906
0.00140376
0.00125464
0.00112027
0.000999308
0.000890541
0.000792837
0.000705164
0.000626574
0.000556199
0.000493246
0.000436992
0.000386776
0.000341996
0.000302105
0.000307462
0.00034806
0.000393634
0.000444741
0.000501993
0.000566062
0.000637685
0.000717669
0.000806897
0.000906333
0.00101703
0.00114013
0.00127689
0.00142865
0.00159689
0.0017832
0.0019893
0.00221706
0.00246849
0.00274574
0.00305115
0.00338723
0.00375665
0.00416229
0.00460724
0.00509477
0.00562839
0.00621184
0.00684907
0.0075443
0.00830199
0.00912686
0.0100239
0.0109984
0.0120558
0.0132019
0.014443
0.0157852
0.0172354
0.0188004
0.0204875
0.0223042
0.0242584
0.0263579
0.0286113
0.0310269
0.0336137
0.0363806
0.0393368
0.0424917
0.0458548
0.0494358
0.0532445
0.0572906
0.061584
0.0661345
0.070952
0.0760461
0.0814263
0.0871021
0.0930826
0.0993767
0.105993
0.112939
0.120223
0.127852
0.135832
0.144169
0.152869
0.161936
0.171372
0.181182
0.191367
0.201926
0.21286
0.224168
0.235845
0.247889
0.260293
0.273051
0.286155
0.299595
0.313361
0.327438
0.341815
0.356474
0.371399
0.386571
0.40197
0.417575
0.433362
0.449307
0.465384
0.481566
0.497823
0.514128
0.530448
0.546752
0.563007
0.57918
0.595235
0.611139
0.626854
0.642347
0.65758
0.672517
0.687122
0.701358
0.715191
0.728585
0.741506
0.753919
0.765791
0.777091
0.787789
0.797854
0.807259
0.815977
0.823985
0.831259
0.837778
0.843525
0.848482
0.852635
0.855972
0.858483
0.860162
0.861002
0.861002
0.860162
0.858483
0.855972
0.852635
0.848482
0.843525
0.837778
0.831259
0.823985
0.815977
0.807259
0.797854
0.787789
0.777091
0.765791
0.753919
0.741506
0.728585
0.715191
0.701358
0.687122
0.672517
0.65758
0.642347
0.626854
0.611139
0.595235
0.57918
0.563007
0.546752
0.530448
0.514128
0.497823
0.481566
0.465384
0.449307
0.433362
0.417575
0.40197
0.386571
0.371399
0.356474
0.341815
0.327438
0.313361
0.299595
0.286155
0.273051
0.260293
0.247889
0.235845
0.224168
0.21286
0.201926
0.191367
0.181182
0.171372
0.161936
0.152869
0.144169
0.135832
0.127852
0.120223
0.112939
0.105993
0.0993767
0.0930826
0.0871021
0.0814263
0.0760461
0.070952
0.0661345
0.061584
0.0572906
0.0532445
0.0494358
0.0458548
0.0424917
0.0393368
0.0363806
0.0336137
0.0310269
0.0286113
0.0263579
0.0242584
0.0223042
0.0204875
0.0188004
0.0172354
0.0157852
0.014443
0.0132019
0.0120558
0.0109984
0.0100239
0.00912686
0.00830199
0.0075443
0.00684907
0.00621184
0.00562839
0.00509477
0.00460724
0.00416229
0.00375665
0.00338723
0.00305115
0.00274574
0.00246849
0.00221706
0.0019893
0.0017832
0.00159689
0.00142865
0.00127689
0.00114013
0.00101703
0.000906333
0.000806897
0.000717669
0.000637685
0.000566062
0.000501993
0.000444741
0.000393634
0.00034806
0.000307462
0.000312609
0.000353887
0.000400224
0.000452186
0.000510397
0.000575538
0.00064836
0.000729683
0.000820405
0.000921505
0.00103405
0.00115922
0.00129826
0.00145257
0.00162362
0.00181305
0.0020226
0.00225418
0.00250981
0.0027917
0.00310223
0.00344393
0.00381953
0.00423197
0.00468436
0.00518006
0.00572261
0.00631582
0.00696372
0.00767059
0.00844097
0.00927965
0.0101917
0.0111825
0.0122576
0.0134229
0.0146847
0.0160495
0.0175239
0.0191151
0.0208305
0.0226776
0.0246644
0.0267992
0.0290902
0.0315463
0.0341764
0.0369896
0.0399953
0.043203
0.0466224
0.0502634
0.0541358
0.0582496
0.0626149
0.0672416
0.0721397
0.0773191
0.0827894
0.0885602
0.0946409
0.10104
0.107767
0.11483
0.122235
0.129992
0.138106
0.146583
0.155428
0.164646
0.174241
0.184215
0.19457
0.205306
0.216424
0.22792
0.239793
0.252038
0.26465
0.277622
0.290946
0.304611
0.318606
0.33292
0.347537
0.362441
0.377616
0.393042
0.408699
0.424565
0.440617
0.456828
0.473175
0.489627
0.506157
0.522734
0.539328
0.555905
0.572432
0.588875
0.605199
0.621369
0.637348
0.6531
0.668588
0.683775
0.698624
0.713099
0.727164
0.740782
0.753919
0.766539
0.778611
0.7901
0.800976
0.81121
0.820772
0.829637
0.837778
0.845174
0.851803
0.857645
0.862686
0.866908
0.870301
0.872855
0.874561
0.875416
0.875416
0.874561
0.872855
0.870301
0.866908
0.862686
0.857645
0.851803
0.845174
0.837778
0.829637
0.820772
0.81121
0.800976
0.7901
0.778611
0.766539
0.753919
0.740782
0.727164
0.713099
0.698624
0.683775
0.668588
0.6531
0.637348
0.621369
0.605199
0.588875
0.572432
0.555905
0.539328
0.522734
0.506157
0.489627
0.473175
0.456828
0.440617
0.424565
0.408699
0.393042
0.377616
0.362441
0.347537
0.33292
0.318606
0.304611
0.290946
0.277622
0.26465
0.252038
0.239793
0.22792
0.216424
0.205306
0.19457
0.184215
0.174241
0.164646
0.155428
0.146583
0.138106
0.129992
0.122235
0.11483
0.107767
0.10104
0.0946409
0.0885602
0.0827894
0.0773191
0.0721397
0.0672416
0.0626149
0.0582496
0.0541358
0.0502634
0.0466224
0.043203
0.0399953
0.0369896
0.0341764
0.0315463
0.0290902
0.0267992
0.0246644
0.0226776
0.0208305
0.0191151
0.0175239
0.0160495
0.0146847
0.0134229
0.0122576
0.0111825
0.0101917
0.00927965
0.00844097
0.00767059
0.00696372
0.00631582
0.00572261
0.00518006
0.00468436
0.00423197
0.00381953
0.00344393
0.00310223
0.0027917
0.00250981
0.00225418
0.0020226
0.00181305
0.00162362
0.00145257
0.00129826
0.00115922
0.00103405
0.000921505
0.000820405
0.000729683
0.00064836
0.000575538
0.000510397
0.000452186
0.000400224
0.000353887
0.000312609
0.000317532
0.00035946
0.000406527
0.000459307
0.000518434
0.000584602
0.00065857
0.000741174
0.000833324
0.000936017
0.00105034
0.00117747
0.00131871
0.00147544
0.00164919
0.0018416
0.00205446
0.00228967
0.00254933
0.00283567
0.00315108
0.00349816
0.00387968
0.00429861
0.00475813
0.00526163
0.00581273
0.00641528
0.00707339
0.00779139
0.00857389
0.00942578
0.0103522
0.0113586
0.0124506
0.0136343
0.014916
0.0163022
0.0177999
0.0194161
0.0211585
0.0230347
0.0250529
0.0272212
0.0295483
0.0320431
0.0347146
0.0375721
0.0406251
0.0438833
0.0473566
0.0510549
0.0549883
0.0591669
0.0636009
0.0683005
0.0732758
0.0785367
0.0840932
0.0899549
0.0961312
0.102631
0.109464
0.116638
0.12416
0.132039
0.14028
0.148891
0.157876
0.167239
0.176985
0.187116
0.197634
0.208539
0.219832
0.231509
0.243569
0.256007
0.268818
0.281994
0.295527
0.309408
0.323624
0.338163
0.35301
0.368149
0.383563
0.399232
0.415135
0.431251
0.447555
0.464022
0.480626
0.497338
0.514128
0.530966
0.547821
0.564659
0.581446
0.598149
0.61473
0.631154
0.647385
0.663385
0.679116
0.694542
0.709626
0.724329
0.738615
0.752448
0.765791
0.778611
0.790872
0.802542
0.81359
0.823985
0.833697
0.842701
0.850971
0.858483
0.865217
0.871151
0.876271
0.88056
0.884006
0.8866
0.888333
0.889201
0.889201
0.888333
0.8866
0.884006
0.88056
0.876271
0.871151
0.865217
0.858483
0.850971
0.842701
0.833697
0.823985
0.81359
0.802542
0.790872
0.778611
0.765791
0.752448
0.738615
0.724329
0.709626
0.694542
0.679116
0.663385
0.647385
0.631154
0.61473
0.598149
0.581446
0.564659
0.547821
0.530966
0.514128
0.497338
0.480626
0.464022
0.447555
0.431251
0.415135
0.399232
0.383563
0.368149
0.35301
0.338163
0.323624
0.309408
0.295527
0.281994
0.268818
0.256007
0.243569
0.231509
0.219832
0.208539
0.197634
0.187116
0.176985
0.167239
0.157876
0.148891
0.14028
0.132039
0.12416
0.116638
0.109464
0.102631
0.0961312
0.0899549
0.0840932
0.0785367
0.0732758
0.0683005
0.0636009
0.0591669
0.0549883
0.0510549
0.0473566
0.0438833
0.0406251
0.0375721
0.0347146
0.0320431
0.0295483
0.0272212
0.0250529
0.0230347
0.0211585
0.0194161
0.0177999
0.0163022
0.014916
0.0136343
0.0124506
0.0113586
0.0103522
0.00942578
0.00857389
0.00779139
0.00707339
0.00641528
0.00581273
0.00526163
0.00475813
0.00429861
0.00387968
0.00349816
0.00315108
0.00283567
0.00254933
0.00228967
0.00205446
0.0018416
0.00164919
0.00147544
0.00131871
0.00117747
0.00105034
0.000936017
0.000833324
0.000741174
0.00065857
0.000584602
0.000518434
0.000459307
0.000406527
0.00035946
0.000317532
0.000322218
0.000364764
0.000412525
0.000466085
0.000526084
0.000593228
0.000668288
0.000752111
0.000845621
0.000949829
0.00106584
0.00119485
0.00133817
0.00149721
0.00167353
0.00186878
0.00208477
0.00232346
0.00258695
0.00287751
0.00319758
0.00354978
0.00393693
0.00436204
0.00482834
0.00533927
0.0058985
0.00650995
0.00717776
0.00790636
0.00870041
0.00956487
0.010505
0.0115262
0.0126343
0.0138355
0.0151361
0.0165428
0.0180625
0.0197027
0.0214707
0.0233746
0.0254225
0.0276229
0.0299843
0.0325159
0.0352268
0.0381265
0.0412246
0.0445309
0.0480554
0.0518083
0.0557997
0.06004
0.0645395
0.0693084
0.074357
0.0796956
0.0853341
0.0912823
0.0975498
0.104146
0.111079
0.118359
0.125992
0.133987
0.142351
0.151088
0.160205
0.169707
0.179597
0.189877
0.20055
0.211617
0.223076
0.234926
0.247164
0.259785
0.272785
0.286155
0.299888
0.313973
0.328399
0.343153
0.358219
0.373581
0.389223
0.405123
0.421261
0.437615
0.45416
0.47087
0.487718
0.504676
0.521715
0.538801
0.555905
0.572991
0.590026
0.606975
0.623801
0.640468
0.656938
0.673174
0.689138
0.704791
0.720097
0.735017
0.749514
0.763551
0.777091
0.7901
0.802542
0.814385
0.825595
0.836143
0.846
0.855137
0.863528
0.871151
0.877984
0.884006
0.889201
0.893554
0.897051
0.899683
0.901442
0.902323
0.902323
0.901442
0.899683
0.897051
0.893554
0.889201
0.884006
0.877984
0.871151
0.863528
0.855137
0.846
0.836143
0.825595
0.814385
0.802542
0.7901
0.777091
0.763551
0.749514
0.735017
0.720097
0.704791
0.689138
0.673174
0.656938
0.640468
0.623801
0.606975
0.590026
0.572991
0.555905
0.538801
0.521715
0.504676
0.487718
0.47087
0.45416
0.437615
0.421261
0.405123
0.389223
0.373581
0.358219
0.343153
0.328399
0.313973
0.299888
0.286155
0.272785
0.259785
0.247164
0.234926
0.223076
0.211617
0.20055
0.189877
0.179597
0.169707
0.160205
0.151088
0.142351
0.133987
0.125992
0.118359
0.111079
0.104146
0.0975498
0.0912823
0.0853341
0.0796956
0.074357
0.0693084
0.0645395
0.06004
0.0557997
0.0518083
0.0480554
0.0445309
0.0412246
0.0381265
0.0352268
0.0325159
0.0299843
0.0276229
0.0254225
0.0233746
0.0214707
0.0197027
0.0180625
0.0165428
0.0151361
0.0138355
0.0126343
0.0115262
0.010505
0.00956487
0.00870041
0.00790636
0.00717776
0.00650995
0.0058985
0.00533927
0.00482834
0.00436204
0.00393693
0.00354978
0.00319758
0.00287751
0.00258695
0.00232346
0.00208477
0.00186878
0.00167353
0.00149721
0.00133817
0.00119485
0.00106584
0.000949829
0.000845621
0.000752111
0.000668288
0.000593228
0.000526084
0.000466085
0.000412525
0.000364764
0.000322218
0.000326653
0.000369785
0.000418204
0.000472501
0.000533326
0.000601394
0.000677488
0.000762464
0.000857261
0.000962904
0.00108051
0.0012113
0.00135659
0.00151782
0.00169656
0.0018945
0.00211347
0.00235545
0.00262256
0.00291712
0.0032416
0.00359865
0.00399113
0.00442209
0.00489481
0.00541277
0.0059797
0.00659956
0.00727657
0.0080152
0.00882018
0.00969654
0.0106496
0.0116848
0.0128082
0.014026
0.0153444
0.0167705
0.0183112
0.0199739
0.0217663
0.0236964
0.0257725
0.0280031
0.0303971
0.0329635
0.0357118
0.0386513
0.0417921
0.0451439
0.0487169
0.0525215
0.0565679
0.0608665
0.0654279
0.0702625
0.0753806
0.0807927
0.0865087
0.0925388
0.0988926
0.10558
0.112609
0.119988
0.127727
0.135832
0.14431
0.153168
0.162411
0.172043
0.182069
0.192491
0.203311
0.21453
0.226146
0.23816
0.250566
0.263361
0.27654
0.290094
0.304016
0.318295
0.33292
0.347876
0.36315
0.378724
0.394581
0.4107
0.42706
0.443639
0.460411
0.477352
0.494432
0.511624
0.528896
0.546218
0.563557
0.580879
0.598149
0.615331
0.632388
0.649284
0.665981
0.68244
0.698624
0.714493
0.73001
0.745135
0.759832
0.774062
0.787789
0.800976
0.81359
0.825595
0.83696
0.847654
0.857645
0.866908
0.875416
0.883143
0.89007
0.896175
0.901442
0.905854
0.9094
0.912068
0.913851
0.914744
0.914744
0.913851
0.912068
0.9094
0.905854
0.901442
0.896175
0.89007
0.883143
0.875416
0.866908
0.857645
0.847654
0.83696
0.825595
0.81359
0.800976
0.787789
0.774062
0.759832
0.745135
0.73001
0.714493
0.698624
0.68244
0.665981
0.649284
0.632388
0.615331
0.598149
0.580879
0.563557
0.546218
0.528896
0.511624
0.494432
0.477352
0.460411
0.443639
0.42706
0.4107
0.394581
0.378724
0.36315
0.347876
0.33292
0.318295
0.304016
0.290094
0.27654
0.263361
0.250566
0.23816
0.226146
0.21453
0.203311
0.192491
0.182069
0.172043
0.162411
0.153168
0.14431
0.135832
0.127727
0.119988
0.112609
0.10558
0.0988926
0.0925388
0.0865087
0.0807927
0.0753806
0.0702625
0.0654279
0.0608665
0.0565679
0.0525215
0.0487169
0.0451439
0.0417921
0.0386513
0.0357118
0.0329635
0.0303971
0.0280031
0.0257725
0.0236964
0.0217663
0.0199739
0.0183112
0.0167705
0.0153444
0.014026
0.0128082
0.0116848
0.0106496
0.00969654
0.00882018
0.0080152
0.00727657
0.00659956
0.0059797
0.00541277
0.00489481
0.00442209
0.00399113
0.00359865
0.0032416
0.00291712
0.00262256
0.00235545
0.00211347
0.0018945
0.00169656
0.00151782
0.00135659
0.0012113
0.00108051
0.000962904
0.000857261
0.000762464
0.000677488
0.000601394
0.000533326
0.000472501
0.000418204
0.000369785
0.000326653
0.000330827
0.00037451
0.000423547
0.000478538
0.00054014
0.000609078
0.000686143
0.000772206
0.000868214
0.000975206
0.00109431
0.00122677
0.00137392
0.00153721
0.00171824
0.00191871
0.00214047
0.00238554
0.00265607
0.00295439
0.00328301
0.00364462
0.00404212
0.00447859
0.00495735
0.00548193
0.0060561
0.00668388
0.00736954
0.0081176
0.00893287
0.00982042
0.0107856
0.0118341
0.0129719
0.0142052
0.0155405
0.0169847
0.0185451
0.0202291
0.0220444
0.0239992
0.0261018
0.0283609
0.0307855
0.0333847
0.036168
0.0391452
0.042326
0.0457207
0.0493394
0.0531925
0.0572906
0.0616441
0.0662638
0.0711602
0.0763437
0.0818249
0.087614
0.0937211
0.100156
0.106928
0.114047
0.121521
0.129359
0.137567
0.146154
0.155125
0.164486
0.174241
0.184395
0.19495
0.205909
0.217271
0.229036
0.241202
0.253767
0.266726
0.280073
0.293801
0.307901
0.322362
0.337173
0.352321
0.36779
0.383563
0.399622
0.415947
0.432517
0.449307
0.466294
0.48345
0.500749
0.51816
0.535654
0.553197
0.570757
0.5883
0.605791
0.623192
0.640468
0.65758
0.67449
0.691159
0.70755
0.723622
0.739337
0.754655
0.76954
0.783951
0.797854
0.81121
0.823985
0.836143
0.847654
0.858483
0.868603
0.877984
0.8866
0.894427
0.901442
0.907625
0.912959
0.917428
0.921018
0.923721
0.925526
0.926431
0.926431
0.925526
0.923721
0.921018
0.917428
0.912959
0.907625
0.901442
0.894427
0.8866
0.877984
0.868603
0.858483
0.847654
0.836143
0.823985
0.81121
0.797854
0.783951
0.76954
0.754655
0.739337
0.723622
0.70755
0.691159
0.67449
0.65758
0.640468
0.623192
0.605791
0.5883
0.570757
0.553197
0.535654
0.51816
0.500749
0.48345
0.466294
0.449307
0.432517
0.415947
0.399622
0.383563
0.36779
0.352321
0.337173
0.322362
0.307901
0.293801
0.280073
0.266726
0.253767
0.241202
0.229036
0.217271
0.205909
0.19495
0.184395
0.174241
0.164486
0.155125
0.146154
0.137567
0.129359
0.121521
0.114047
0.106928
0.100156
0.0937211
0.087614
0.0818249
0.0763437
0.0711602
0.0662638
0.0616441
0.0572906
0.0531925
0.0493394
0.0457207
0.042326
0.0391452
0.036168
0.0333847
0.0307855
0.0283609
0.0261018
0.0239992
0.0220444
0.0202291
0.0185451
0.0169847
0.0155405
0.0142052
0.0129719
0.0118341
0.0107856
0.00982042
0.00893287
0.0081176
0.00736954
0.00668388
0.0060561
0.00548193
0.00495735
0.00447859
0.00404212
0.00364462
0.00328301
0.00295439
0.00265607
0.00238554
0.00214047
0.00191871
0.00171824
0.00153721
0.00137392
0.00122677
0.00109431
0.000975206
0.000868214
0.000772206
0.000686143
0.000609078
0.00054014
0.000478538
0.000423547
0.00037451
0.000330827
0.000334726
0.000378924
0.00042854
0.000484179
0.000546507
0.000616257
0.000694232
0.000781308
0.000878448
0.000986702
0.00110721
0.00124123
0.00139011
0.00155533
0.00173849
0.00194132
0.0021657
0.00241366
0.00268738
0.00298922
0.00332171
0.00368759
0.00408977
0.00453138
0.00501578
0.00554654
0.00612749
0.00676267
0.00745641
0.00821329
0.00903817
0.00993618
0.0109128
0.0119736
0.0131248
0.0143726
0.0157237
0.017185
0.0187637
0.0204675
0.0223042
0.0242821
0.0264095
0.0286952
0.0311483
0.0337782
0.0365944
0.0396066
0.0428249
0.0462596
0.049921
0.0538195
0.0579659
0.0623708
0.0670449
0.071999
0.0772436
0.0827894
0.0886468
0.0948259
0.101337
0.108189
0.115392
0.122954
0.130884
0.139189
0.147877
0.156953
0.166425
0.176295
0.186569
0.197248
0.208336
0.219832
0.231736
0.244046
0.256759
0.26987
0.283374
0.297264
0.31153
0.326162
0.341148
0.356474
0.372125
0.388084
0.404333
0.42085
0.437615
0.454603
0.47179
0.489149
0.506652
0.524268
0.541968
0.559718
0.577485
0.595235
0.612932
0.630538
0.648017
0.665331
0.68244
0.699307
0.71589
0.732152
0.748052
0.763551
0.778611
0.793192
0.807259
0.820772
0.833697
0.846
0.857645
0.868603
0.878842
0.888333
0.897051
0.90497
0.912068
0.918324
0.923721
0.928242
0.931875
0.934609
0.936436
0.937351
0.937351
0.936436
0.934609
0.931875
0.928242
0.923721
0.918324
0.912068
0.90497
0.897051
0.888333
0.878842
0.868603
0.857645
0.846
0.833697
0.820772
0.807259
0.793192
0.778611
0.763551
0.748052
0.732152
0.71589
0.699307
0.68244
0.665331
0.648017
0.630538
0.612932
0.595235
0.577485
0.559718
0.541968
0.524268
0.506652
0.489149
0.47179
0.454603
0.437615
0.42085
0.404333
0.388084
0.372125
0.356474
0.341148
0.326162
0.31153
0.297264
0.283374
0.26987
0.256759
0.244046
0.231736
0.219832
0.208336
0.197248
0.186569
0.176295
0.166425
0.156953
0.147877
0.139189
0.130884
0.122954
0.115392
0.108189
0.101337
0.0948259
0.0886468
0.0827894
0.0772436
0.071999
0.0670449
0.0623708
0.0579659
0.0538195
0.049921
0.0462596
0.0428249
0.0396066
0.0365944
0.0337782
0.0311483
0.0286952
0.0264095
0.0242821
0.0223042
0.0204675
0.0187637
0.017185
0.0157237
0.0143726
0.0131248
0.0119736
0.0109128
0.00993618
0.00903817
0.00821329
0.00745641
0.00676267
0.00612749
0.00554654
0.00501578
0.00453138
0.00408977
0.00368759
0.00332171
0.00298922
0.00268738
0.00241366
0.0021657
0.00194132
0.00173849
0.00155533
0.00139011
0.00124123
0.00110721
0.000986702
0.000878448
0.000781308
0.000694232
0.000616257
0.000546507
0.000484179
0.00042854
0.000378924
0.000334726
0.000338341
0.000383017
0.000433168
0.000489408
0.00055241
0.000622913
0.000701729
0.000789746
0.000887936
0.000997358
0.00111917
0.00125464
0.00140513
0.00157213
0.00175727
0.00196229
0.00218909
0.00243973
0.0027164
0.0030215
0.00335759
0.00372741
0.00413394
0.00458032
0.00506995
0.00560645
0.00619366
0.0068357
0.00753694
0.00830199
0.00913578
0.0100435
0.0110306
0.0121029
0.0132665
0.0145278
0.0158935
0.0173706
0.0189664
0.0206886
0.0225451
0.0245443
0.0266947
0.0290051
0.0314848
0.034143
0.0369896
0.0400343
0.0432874
0.0467592
0.0504601
0.0544008
0.0585919
0.0630444
0.067769
0.0727766
0.0780779
0.0836835
0.0896042
0.09585
0.102431
0.109357
0.116638
0.124282
0.132297
0.140692
0.149474
0.158648
0.168222
0.178199
0.188584
0.199379
0.210586
0.222206
0.234238
0.246681
0.259532
0.272785
0.286435
0.300474
0.314895
0.329685
0.344832
0.360324
0.376144
0.392275
0.408699
0.425395
0.442341
0.459513
0.476886
0.494432
0.512124
0.52993
0.547821
0.565763
0.583722
0.601664
0.619551
0.637348
0.655016
0.672517
0.689811
0.706859
0.723622
0.740059
0.756131
0.771797
0.78702
0.801759
0.815977
0.829637
0.842701
0.855137
0.866908
0.877984
0.888333
0.897927
0.906739
0.914744
0.921918
0.928242
0.933697
0.938267
0.941939
0.944703
0.94655
0.947475
0.947475
0.94655
0.944703
0.941939
0.938267
0.933697
0.928242
0.921918
0.914744
0.906739
0.897927
0.888333
0.877984
0.866908
0.855137
0.842701
0.829637
0.815977
0.801759
0.78702
0.771797
0.756131
0.740059
0.723622
0.706859
0.689811
0.672517
0.655016
0.637348
0.619551
0.601664
0.583722
0.565763
0.547821
0.52993
0.512124
0.494432
0.476886
0.459513
0.442341
0.425395
0.408699
0.392275
0.376144
0.360324
0.344832
0.329685
0.314895
0.300474
0.286435
0.272785
0.259532
0.246681
0.234238
0.222206
0.210586
0.199379
0.188584
0.178199
0.168222
0.158648
0.149474
0.140692
0.132297
0.124282
0.116638
0.109357
0.102431
0.09585
0.0896042
0.0836835
0.0780779
0.0727766
0.067769
0.0630444
0.0585919
0.0544008
0.0504601
0.0467592
0.0432874
0.0400343
0.0369896
0.034143
0.0314848
0.0290051
0.0266947
0.0245443
0.0225451
0.0206886
0.0189664
0.0173706
0.0158935
0.0145278
0.0132665
0.0121029
0.0110306
0.0100435
0.00913578
0.00830199
0.00753694
0.0068357
0.00619366
0.00560645
0.00506995
0.00458032
0.00413394
0.00372741
0.00335759
0.0030215
0.0027164
0.00243973
0.00218909
0.00196229
0.00175727
0.00157213
0.00140513
0.00125464
0.00111917
0.000997358
0.000887936
0.000789746
0.000701729
0.000622913
0.00055241
0.000489408
0.000433168
0.000383017
0.000338341
0.000341662
0.000386776
0.000437419
0.000494211
0.000557831
0.000629026
0.000708616
0.000797496
0.000896649
0.00100715
0.00113016
0.00126695
0.00141892
0.00158756
0.00177451
0.00198155
0.00221058
0.00246367
0.00274306
0.00305115
0.00339053
0.00376399
0.0041745
0.00462527
0.00511971
0.00566147
0.00625444
0.00690279
0.0076109
0.00838346
0.00922543
0.0101421
0.0111389
0.0122217
0.0133967
0.0146704
0.0160495
0.017541
0.0191525
0.0208916
0.0227664
0.0247852
0.0269566
0.0292898
0.0317937
0.0344781
0.0373526
0.0404272
0.0437122
0.0472181
0.0509553
0.0549346
0.0591669
0.0636631
0.0684341
0.0734908
0.0788441
0.0845048
0.0904835
0.0967906
0.103436
0.11043
0.117782
0.125501
0.133595
0.142073
0.150941
0.160205
0.169873
0.179948
0.190434
0.201335
0.212653
0.224387
0.236537
0.249102
0.262078
0.275462
0.289246
0.303423
0.317985
0.33292
0.348216
0.36386
0.379835
0.396125
0.41271
0.42957
0.446682
0.464022
0.481566
0.499284
0.517149
0.535131
0.553197
0.571315
0.589451
0.607568
0.625631
0.643603
0.661444
0.679116
0.69658
0.713796
0.730723
0.747322
0.763551
0.779371
0.794743
0.809627
0.823985
0.837778
0.850971
0.863528
0.875416
0.8866
0.897051
0.906739
0.915637
0.923721
0.930965
0.937351
0.94286
0.947475
0.951183
0.953974
0.955839
0.956773
0.956773
0.955839
0.953974
0.951183
0.947475
0.94286
0.937351
0.930965
0.923721
0.915637
0.906739
0.897051
0.8866
0.875416
0.863528
0.850971
0.837778
0.823985
0.809627
0.794743
0.779371
0.763551
0.747322
0.730723
0.713796
0.69658
0.679116
0.661444
0.643603
0.625631
0.607568
0.589451
0.571315
0.553197
0.535131
0.517149
0.499284
0.481566
0.464022
0.446682
0.42957
0.41271
0.396125
0.379835
0.36386
0.348216
0.33292
0.317985
0.303423
0.289246
0.275462
0.262078
0.249102
0.236537
0.224387
0.212653
0.201335
0.190434
0.179948
0.169873
0.160205
0.150941
0.142073
0.133595
0.125501
0.117782
0.11043
0.103436
0.0967906
0.0904835
0.0845048
0.0788441
0.0734908
0.0684341
0.0636631
0.0591669
0.0549346
0.0509553
0.0472181
0.0437122
0.0404272
0.0373526
0.0344781
0.0317937
0.0292898
0.0269566
0.0247852
0.0227664
0.0208916
0.0191525
0.017541
0.0160495
0.0146704
0.0133967
0.0122217
0.0111389
0.0101421
0.00922543
0.00838346
0.0076109
0.00690279
0.00625444
0.00566147
0.00511971
0.00462527
0.0041745
0.00376399
0.00339053
0.00305115
0.00274306
0.00246367
0.00221058
0.00198155
0.00177451
0.00158756
0.00141892
0.00126695
0.00113016
0.00100715
0.000896649
0.000797496
0.000708616
0.000629026
0.000557831
0.000494211
0.000437419
0.000386776
0.000341662
0.000344678
0.00039019
0.00044128
0.000498573
0.000562755
0.000634579
0.000714871
0.000804537
0.000904565
0.00101604
0.00114013
0.00127813
0.00143144
0.00160158
0.00179018
0.00199904
0.00223009
0.00248542
0.00276727
0.00307809
0.00342047
0.00379722
0.00421136
0.0046661
0.0051649
0.00571145
0.00630966
0.00696372
0.00767809
0.00845747
0.00930687
0.0102316
0.0112372
0.0123296
0.013515
0.0147999
0.0161911
0.0176959
0.0193216
0.021076
0.0229673
0.025004
0.0271946
0.0295483
0.0320744
0.0347824
0.0376823
0.0407841
0.0440981
0.0476349
0.0514051
0.0554196
0.0596892
0.0642251
0.0690382
0.0741395
0.0795401
0.0852508
0.0912823
0.0976451
0.104349
0.111405
0.118822
0.126609
0.134775
0.143327
0.152273
0.16162
0.171372
0.181536
0.192116
0.203113
0.21453
0.226367
0.238625
0.251301
0.264392
0.277893
0.291799
0.306102
0.320792
0.335859
0.35129
0.367072
0.383188
0.399622
0.416353
0.433362
0.450625
0.468119
0.485817
0.503692
0.521715
0.539855
0.558081
0.576359
0.594654
0.612932
0.631154
0.649284
0.667283
0.685111
0.70273
0.720097
0.737174
0.753919
0.770291
0.786252
0.801759
0.816774
0.831259
0.845174
0.858483
0.871151
0.883143
0.894427
0.90497
0.914744
0.923721
0.931875
0.939184
0.945626
0.951183
0.955839
0.95958
0.962395
0.964277
0.965219
0.965219
0.964277
0.962395
0.95958
0.955839
0.951183
0.945626
0.939184
0.931875
0.923721
0.914744
0.90497
0.894427
0.883143
0.871151
0.858483
0.845174
0.831259
0.816774
0.801759
0.786252
0.770291
0.753919
0.737174
0.720097
0.70273
0.685111
0.667283
0.649284
0.631154
0.612932
0.594654
0.576359
0.558081
0.539855
0.521715
0.503692
0.485817
0.468119
0.450625
0.433362
0.416353
0.399622
0.383188
0.367072
0.35129
0.335859
0.320792
0.306102
0.291799
0.277893
0.264392
0.251301
0.238625
0.226367
0.21453
0.203113
0.192116
0.181536
0.171372
0.16162
0.152273
0.143327
0.134775
0.126609
0.118822
0.111405
0.104349
0.0976451
0.0912823
0.0852508
0.0795401
0.0741395
0.0690382
0.0642251
0.0596892
0.0554196
0.0514051
0.0476349
0.0440981
0.0407841
0.0376823
0.0347824
0.0320744
0.0295483
0.0271946
0.025004
0.0229673
0.021076
0.0193216
0.0176959
0.0161911
0.0147999
0.013515
0.0123296
0.0112372
0.0102316
0.00930687
0.00845747
0.00767809
0.00696372
0.00630966
0.00571145
0.0051649
0.0046661
0.00421136
0.00379722
0.00342047
0.00307809
0.00276727
0.00248542
0.00223009
0.00199904
0.00179018
0.00160158
0.00143144
0.00127813
0.00114013
0.00101604
0.000904565
0.000804537
0.000714871
0.000634579
0.000562755
0.000498573
0.00044128
0.00039019
0.000344678
0.000347381
0.00039325
0.000444741
0.000502484
0.000567169
0.000639556
0.000720478
0.000810847
0.000911659
0.00102401
0.00114907
0.00128816
0.00144267
0.00161414
0.00180422
0.00201472
0.00224758
0.00250491
0.00278898
0.00310223
0.00344729
0.003827
0.00424439
0.0047027
0.00520541
0.00575624
0.00635915
0.00701834
0.00773831
0.0085238
0.00937987
0.0103118
0.0113253
0.0124263
0.013621
0.014916
0.0163181
0.0178347
0.0194731
0.0212413
0.0231475
0.0252001
0.0274079
0.0297801
0.032326
0.0350552
0.0379779
0.041104
0.044444
0.0480085
0.0518083
0.0558542
0.0601574
0.0647288
0.0695796
0.074721
0.0801639
0.0859194
0.0919982
0.0984109
0.105168
0.112279
0.119754
0.127602
0.135832
0.144451
0.153467
0.162887
0.172717
0.18296
0.193622
0.204706
0.216212
0.228143
0.240497
0.253272
0.266466
0.280073
0.294088
0.308502
0.323308
0.338493
0.354045
0.369951
0.386194
0.402756
0.419619
0.436761
0.45416
0.47179
0.489627
0.507642
0.525806
0.544089
0.562458
0.580879
0.599318
0.617739
0.636104
0.654377
0.672517
0.690485
0.708241
0.725745
0.742955
0.759832
0.776333
0.792418
0.808047
0.82318
0.837778
0.851803
0.865217
0.877984
0.89007
0.901442
0.912068
0.921918
0.930965
0.939184
0.94655
0.953043
0.958643
0.963336
0.967106
0.969943
0.97184
0.972789
0.972789
0.97184
0.969943
0.967106
0.963336
0.958643
0.953043
0.94655
0.939184
0.930965
0.921918
0.912068
0.901442
0.89007
0.877984
0.865217
0.851803
0.837778
0.82318
0.808047
0.792418
0.776333
0.759832
0.742955
0.725745
0.708241
0.690485
0.672517
0.654377
0.636104
0.617739
0.599318
0.580879
0.562458
0.544089
0.525806
0.507642
0.489627
0.47179
0.45416
0.436761
0.419619
0.402756
0.386194
0.369951
0.354045
0.338493
0.323308
0.308502
0.294088
0.280073
0.266466
0.253272
0.240497
0.228143
0.216212
0.204706
0.193622
0.18296
0.172717
0.162887
0.153467
0.144451
0.135832
0.127602
0.119754
0.112279
0.105168
0.0984109
0.0919982
0.0859194
0.0801639
0.074721
0.0695796
0.0647288
0.0601574
0.0558542
0.0518083
0.0480085
0.044444
0.041104
0.0379779
0.0350552
0.032326
0.0297801
0.0274079
0.0252001
0.0231475
0.0212413
0.0194731
0.0178347
0.0163181
0.014916
0.013621
0.0124263
0.0113253
0.0103118
0.00937987
0.0085238
0.00773831
0.00701834
0.00635915
0.00575624
0.00520541
0.0047027
0.00424439
0.003827
0.00344729
0.00310223
0.00278898
0.00250491
0.00224758
0.00201472
0.00180422
0.00161414
0.00144267
0.00128816
0.00114907
0.00102401
0.000911659
0.000810847
0.000720478
0.000639556
0.000567169
0.000502484
0.000444741
0.00039325
0.000347381
0.000349764
0.000395948
0.000447792
0.00050593
0.000571059
0.000643943
0.00072542
0.000816409
0.000917913
0.00103103
0.00115696
0.001297
0.00145257
0.00162521
0.0018166
0.00202854
0.002263
0.00252209
0.00280811
0.00312351
0.00347094
0.00385325
0.0042735
0.00473495
0.00524112
0.00579572
0.00640276
0.00706648
0.00779139
0.00858227
0.00944421
0.0103826
0.011403
0.0125115
0.0137144
0.0150183
0.0164301
0.017957
0.0196067
0.021387
0.0233063
0.0253729
0.0275959
0.0299843
0.0325477
0.0352957
0.0382384
0.0413859
0.0447489
0.0483378
0.0521637
0.0562374
0.06057
0.0651728
0.0700569
0.0752335
0.0807138
0.0865087
0.0926292
0.099086
0.105889
0.113049
0.120576
0.128477
0.136764
0.145442
0.15452
0.164005
0.173901
0.184215
0.19495
0.20611
0.217695
0.229708
0.242146
0.255009
0.268293
0.281994
0.296105
0.310619
0.325526
0.340815
0.356474
0.372489
0.388843
0.405519
0.422497
0.439757
0.457275
0.475026
0.492986
0.511124
0.529413
0.547821
0.566316
0.584863
0.603429
0.621976
0.640468
0.658865
0.67713
0.695221
0.713099
0.730723
0.748052
0.765044
0.781658
0.797854
0.81359
0.828827
0.843525
0.857645
0.871151
0.884006
0.896175
0.907625
0.918324
0.928242
0.937351
0.945626
0.953043
0.95958
0.965219
0.969943
0.97374
0.976597
0.978506
0.979462
0.979462
0.978506
0.976597
0.97374
0.969943
0.965219
0.95958
0.953043
0.945626
0.937351
0.928242
0.918324
0.907625
0.896175
0.884006
0.871151
0.857645
0.843525
0.828827
0.81359
0.797854
0.781658
0.765044
0.748052
0.730723
0.713099
0.695221
0.67713
0.658865
0.640468
0.621976
0.603429
0.584863
0.566316
0.547821
0.529413
0.511124
0.492986
0.475026
0.457275
0.439757
0.422497
0.405519
0.388843
0.372489
0.356474
0.340815
0.325526
0.310619
0.296105
0.281994
0.268293
0.255009
0.242146
0.229708
0.217695
0.20611
0.19495
0.184215
0.173901
0.164005
0.15452
0.145442
0.136764
0.128477
0.120576
0.113049
0.105889
0.099086
0.0926292
0.0865087
0.0807138
0.0752335
0.0700569
0.0651728
0.06057
0.0562374
0.0521637
0.0483378
0.0447489
0.0413859
0.0382384
0.0352957
0.0325477
0.0299843
0.0275959
0.0253729
0.0233063
0.021387
0.0196067
0.017957
0.0164301
0.0150183
0.0137144
0.0125115
0.011403
0.0103826
0.00944421
0.00858227
0.00779139
0.00706648
0.00640276
0.00579572
0.00524112
0.00473495
0.0042735
0.00385325
0.00347094
0.00312351
0.00280811
0.00252209
0.002263
0.00202854
0.0018166
0.00162521
0.00145257
0.001297
0.00115696
0.00103103
0.000917913
0.000816409
0.00072542
0.000643943
0.000571059
0.00050593
0.000447792
0.000395948
0.000349764
0.000351819
0.000398274
0.000450424
0.000508904
0.000574415
0.000647727
0.000729683
0.000821206
0.000923307
0.00103709
0.00116375
0.00130462
0.0014611
0.00163476
0.00182727
0.00204046
0.0022763
0.00253691
0.00282461
0.00314186
0.00349134
0.0038759
0.00429861
0.00476278
0.00527192
0.00582978
0.00644039
0.00710801
0.00783717
0.00863271
0.00949971
0.0104436
0.01147
0.0125851
0.013795
0.0151065
0.0165266
0.0180625
0.0197219
0.0215127
0.0234432
0.025522
0.0277581
0.0301605
0.032739
0.0355031
0.0384631
0.0416291
0.0450118
0.0486219
0.0524702
0.0565679
0.060926
0.0655558
0.0704686
0.0756757
0.0811881
0.0870171
0.0931736
0.0996682
0.106512
0.113714
0.121284
0.129232
0.137567
0.146297
0.155428
0.164968
0.174923
0.185298
0.196096
0.207321
0.218975
0.231058
0.243569
0.256508
0.26987
0.283651
0.297845
0.312444
0.327438
0.342818
0.358569
0.374678
0.391128
0.407902
0.42498
0.442341
0.459962
0.477818
0.495883
0.514128
0.532524
0.55104
0.569644
0.5883
0.606975
0.625631
0.644231
0.662737
0.681109
0.699307
0.71729
0.735017
0.752448
0.76954
0.786252
0.802542
0.818371
0.833697
0.848482
0.862686
0.876271
0.889201
0.901442
0.912959
0.923721
0.933697
0.94286
0.951183
0.958643
0.965219
0.970891
0.975643
0.979462
0.982336
0.984256
0.985218
0.985218
0.984256
0.982336
0.979462
0.975643
0.970891
0.965219
0.958643
0.951183
0.94286
0.933697
0.923721
0.912959
0.901442
0.889201
0.876271
0.862686
0.848482
0.833697
0.818371
0.802542
0.786252
0.76954
0.752448
0.735017
0.71729
0.699307
0.681109
0.662737
0.644231
0.625631
0.606975
0.5883
0.569644
0.55104
0.532524
0.514128
0.495883
0.477818
0.459962
0.442341
0.42498
0.407902
0.391128
0.374678
0.358569
0.342818
0.327438
0.312444
0.297845
0.283651
0.26987
0.256508
0.243569
0.231058
0.218975
0.207321
0.196096
0.185298
0.174923
0.164968
0.155428
0.146297
0.137567
0.129232
0.121284
0.113714
0.106512
0.0996682
0.0931736
0.0870171
0.0811881
0.0756757
0.0704686
0.0655558
0.060926
0.0565679
0.0524702
0.0486219
0.0450118
0.0416291
0.0384631
0.0355031
0.032739
0.0301605
0.0277581
0.025522
0.0234432
0.0215127
0.0197219
0.0180625
0.0165266
0.0151065
0.013795
0.0125851
0.01147
0.0104436
0.00949971
0.00863271
0.00783717
0.00710801
0.00644039
0.00582978
0.00527192
0.00476278
0.00429861
0.0038759
0.00349134
0.00314186
0.00282461
0.00253691
0.0022763
0.00204046
0.00182727
0.00163476
0.0014611
0.00130462
0.00116375
0.00103709
0.000923307
0.000821206
0.000729683
0.000647727
0.000574415
0.000508904
0.000450424
0.000398274
0.000351819
0.000353541
0.000400224
0.000452628
0.000511395
0.000577227
0.000650898
0.000733255
0.000825226
0.000927826
0.00104216
0.00116945
0.001311
0.00146825
0.00164276
0.00183622
0.00205045
0.00228744
0.00254933
0.00283844
0.00315724
0.00350843
0.00389487
0.00431965
0.00478609
0.00529772
0.00585832
0.00647192
0.0071428
0.00787554
0.00867496
0.00954621
0.0104947
0.0115262
0.0126467
0.0138625
0.0151805
0.0166075
0.0181509
0.0198184
0.021618
0.023558
0.025647
0.0278939
0.0303082
0.0328992
0.0356769
0.0386513
0.0418329
0.0452321
0.0488599
0.052727
0.0568447
0.0612242
0.0658767
0.0708135
0.0760461
0.0815855
0.087443
0.0936296
0.100156
0.107033
0.11427
0.121878
0.129865
0.138241
0.147013
0.156189
0.165776
0.175779
0.186205
0.197056
0.208336
0.220047
0.232189
0.244762
0.257763
0.271191
0.28504
0.299303
0.313973
0.329041
0.344496
0.360324
0.376512
0.393042
0.409899
0.42706
0.444506
0.462213
0.480157
0.49831
0.516644
0.535131
0.553738
0.572432
0.59118
0.609946
0.628694
0.647385
0.665981
0.684443
0.70273
0.720801
0.738615
0.756131
0.773306
0.7901
0.806471
0.822377
0.837778
0.852635
0.866908
0.88056
0.893554
0.905854
0.917428
0.928242
0.938267
0.947475
0.955839
0.963336
0.969943
0.975643
0.980419
0.984256
0.987144
0.989074
0.99004
0.99004
0.989074
0.987144
0.984256
0.980419
0.975643
0.969943
0.963336
0.955839
0.947475
0.938267
0.928242
0.917428
0.905854
0.893554
0.88056
0.866908
0.852635
0.837778
0.822377
0.806471
0.7901
0.773306
0.756131
0.738615
0.720801
0.70273
0.684443
0.665981
0.647385
0.628694
0.609946
0.59118
0.572432
0.553738
0.535131
0.516644
0.49831
0.480157
0.462213
0.444506
0.42706
0.409899
0.393042
0.376512
0.360324
0.344496
0.329041
0.313973
0.299303
0.28504
0.271191
0.257763
0.244762
0.232189
0.220047
0.208336
0.197056
0.186205
0.175779
0.165776
0.156189
0.147013
0.138241
0.129865
0.121878
0.11427
0.107033
0.100156
0.0936296
0.087443
0.0815855
0.0760461
0.0708135
0.0658767
0.0612242
0.0568447
0.052727
0.0488599
0.0452321
0.0418329
0.0386513
0.0356769
0.0328992
0.0303082
0.0278939
0.025647
0.023558
0.021618
0.0198184
0.0181509
0.0166075
0.0151805
0.0138625
0.0126467
0.0115262
0.0104947
0.00954621
0.00867496
0.00787554
0.0071428
0.00647192
0.00585832
0.00529772
0.00478609
0.00431965
0.00389487
0.00350843
0.00315724
0.00283844
0.00254933
0.00228744
0.00205045
0.00183622
0.00164276
0.00146825
0.001311
0.00116945
0.00104216
0.000927826
0.000825226
0.000733255
0.000650898
0.000577227
0.000511395
0.000452628
0.000400224
0.000353541
0.000354925
0.00040179
0.0004544
0.000513396
0.000579486
0.000653445
0.000736124
0.000828456
0.000931458
0.00104624
0.00117403
0.00131613
0.001474
0.00164919
0.0018434
0.00205847
0.00229639
0.00255931
0.00284955
0.0031696
0.00352216
0.00391011
0.00433656
0.00480482
0.00531846
0.00588125
0.00649725
0.00717076
0.00790636
0.00870891
0.00958357
0.0105358
0.0115713
0.0126962
0.0139168
0.0152399
0.0166725
0.018222
0.019896
0.0217026
0.0236502
0.0257473
0.0280031
0.0304268
0.033028
0.0358165
0.0388026
0.0419966
0.0454092
0.0490511
0.0529334
0.0570672
0.0614638
0.0661345
0.0710907
0.0763437
0.0819048
0.0877853
0.0939961
0.100548
0.107452
0.114717
0.122355
0.130373
0.138782
0.147588
0.1568
0.166425
0.176467
0.186934
0.197827
0.209151
0.220908
0.233097
0.24572
0.258772
0.272252
0.286155
0.300474
0.315202
0.330329
0.345844
0.361734
0.377985
0.394581
0.411503
0.428732
0.446246
0.464022
0.482036
0.50026
0.518667
0.537225
0.555905
0.574672
0.593494
0.612333
0.631154
0.649919
0.668588
0.687122
0.70548
0.723622
0.741506
0.75909
0.776333
0.793192
0.809627
0.825595
0.841057
0.855972
0.870301
0.884006
0.897051
0.9094
0.921018
0.931875
0.941939
0.951183
0.95958
0.967106
0.97374
0.979462
0.984256
0.988108
0.991007
0.992945
0.993915
0.993915
0.992945
0.991007
0.988108
0.984256
0.979462
0.97374
0.967106
0.95958
0.951183
0.941939
0.931875
0.921018
0.9094
0.897051
0.884006
0.870301
0.855972
0.841057
0.825595
0.809627
0.793192
0.776333
0.75909
0.741506
0.723622
0.70548
0.687122
0.668588
0.649919
0.631154
0.612333
0.593494
0.574672
0.555905
0.537225
0.518667
0.50026
0.482036
0.464022
0.446246
0.428732
0.411503
0.394581
0.377985
0.361734
0.345844
0.330329
0.315202
0.300474
0.286155
0.272252
0.258772
0.24572
0.233097
0.220908
0.209151
0.197827
0.186934
0.176467
0.166425
0.1568
0.147588
0.138782
0.130373
0.122355
0.114717
0.107452
0.100548
0.0939961
0.0877853
0.0819048
0.0763437
0.0710907
0.0661345
0.0614638
0.0570672
0.0529334
0.0490511
0.0454092
0.0419966
0.0388026
0.0358165
0.033028
0.0304268
0.0280031
0.0257473
0.0236502
0.0217026
0.019896
0.018222
0.0166725
0.0152399
0.0139168
0.0126962
0.0115713
0.0105358
0.00958357
0.00870891
0.00790636
0.00717076
0.00649725
0.00588125
0.00531846
0.00480482
0.00433656
0.00391011
0.00352216
0.0031696
0.00284955
0.00255931
0.00229639
0.00205847
0.0018434
0.00164919
0.001474
0.00131613
0.00117403
0.00104624
0.000931458
0.000828456
0.000736124
0.000653445
0.000579486
0.000513396
0.0004544
0.00040179
0.000354925
0.000355967
0.000402969
0.000455733
0.000514902
0.000581186
0.000655362
0.000738284
0.000830886
0.000934191
0.00104931
0.00117747
0.00132
0.00147832
0.00165403
0.00184881
0.00206451
0.00230313
0.00256682
0.00285791
0.0031789
0.00353249
0.00392158
0.00434928
0.00481892
0.00533406
0.0058985
0.00651631
0.0071918
0.00792956
0.00873447
0.00961169
0.0105667
0.0116052
0.0127334
0.0139576
0.0152846
0.0167214
0.0182754
0.0199544
0.0217663
0.0237196
0.0258229
0.0280853
0.0305161
0.0331249
0.0359216
0.0389165
0.0421198
0.0455424
0.049195
0.0530887
0.0572347
0.0616441
0.0663286
0.0712993
0.0765677
0.0821451
0.0880429
0.0942719
0.100843
0.107767
0.115054
0.122714
0.130756
0.139189
0.148021
0.15726
0.166913
0.176985
0.187482
0.198408
0.209765
0.221556
0.233781
0.24644
0.259532
0.273051
0.286995
0.301356
0.316127
0.331298
0.346859
0.362795
0.379094
0.395738
0.41271
0.42999
0.447555
0.465384
0.48345
0.501728
0.520188
0.538801
0.557536
0.576359
0.595235
0.61413
0.633006
0.651825
0.670549
0.689138
0.70755
0.725745
0.743681
0.761317
0.778611
0.79552
0.812002
0.828018
0.843525
0.858483
0.872855
0.8866
0.899683
0.912068
0.923721
0.934609
0.944703
0.953974
0.962395
0.969943
0.976597
0.982336
0.987144
0.991007
0.993915
0.995858
0.996831
0.996831
0.995858
0.993915
0.991007
0.987144
0.982336
0.976597
0.969943
0.962395
0.953974
0.944703
0.934609
0.923721
0.912068
0.899683
0.8866
0.872855
0.858483
0.843525
0.828018
0.812002
0.79552
0.778611
0.761317
0.743681
0.725745
0.70755
0.689138
0.670549
0.651825
0.633006
0.61413
0.595235
0.576359
0.557536
0.538801
0.520188
0.501728
0.48345
0.465384
0.447555
0.42999
0.41271
0.395738
0.379094
0.362795
0.346859
0.331298
0.316127
0.301356
0.286995
0.273051
0.259532
0.24644
0.233781
0.221556
0.209765
0.198408
0.187482
0.176985
0.166913
0.15726
0.148021
0.139189
0.130756
0.122714
0.115054
0.107767
0.100843
0.0942719
0.0880429
0.0821451
0.0765677
0.0712993
0.0663286
0.0616441
0.0572347
0.0530887
0.049195
0.0455424
0.0421198
0.0389165
0.0359216
0.0331249
0.0305161
0.0280853
0.0258229
0.0237196
0.0217663
0.0199544
0.0182754
0.0167214
0.0152846
0.0139576
0.0127334
0.0116052
0.0105667
0.00961169
0.00873447
0.00792956
0.0071918
0.00651631
0.0058985
0.00533406
0.00481892
0.00434928
0.00392158
0.00353249
0.0031789
0.00285791
0.00256682
0.00230313
0.00206451
0.00184881
0.00165403
0.00147832
0.00132
0.00117747
0.00104931
0.000934191
0.000830886
0.000738284
0.000655362
0.000581186
0.000514902
0.000455733
0.000402969
0.000355967
0.000356662
0.000403757
0.000456624
0.000515909
0.000582322
0.000656644
0.000739728
0.000832511
0.000936017
0.00105136
0.00117977
0.00132258
0.00148122
0.00165726
0.00185242
0.00206855
0.00230763
0.00257184
0.00286349
0.00318511
0.0035394
0.00392925
0.00435779
0.00482834
0.00534449
0.00591004
0.00652905
0.00720586
0.00794506
0.00875154
0.00963048
0.0105873
0.0116279
0.0127583
0.0139849
0.0153145
0.0167541
0.0183112
0.0199934
0.0218088
0.0237659
0.0258734
0.0281402
0.0305757
0.0331896
0.0359918
0.0389925
0.0422022
0.0456314
0.0492912
0.0531925
0.0573466
0.0617647
0.0664582
0.0714387
0.0767174
0.0823057
0.088215
0.0944562
0.10104
0.107978
0.115279
0.122954
0.131011
0.139461
0.14831
0.157568
0.167239
0.177331
0.187849
0.198796
0.210175
0.221989
0.234238
0.246922
0.260039
0.273585
0.287556
0.301945
0.316745
0.331946
0.347537
0.363505
0.379835
0.396512
0.413517
0.43083
0.44843
0.466294
0.484396
0.502709
0.521205
0.539855
0.558626
0.577485
0.596399
0.615331
0.634244
0.6531
0.67186
0.690485
0.708933
0.727164
0.745135
0.762806
0.780133
0.797075
0.81359
0.829637
0.845174
0.860162
0.874561
0.888333
0.901442
0.913851
0.925526
0.936436
0.94655
0.955839
0.964277
0.97184
0.978506
0.984256
0.989074
0.992945
0.995858
0.997805
0.99878
0.99878
0.997805
0.995858
0.992945
0.989074
0.984256
0.978506
0.97184
0.964277
0.955839
0.94655
0.936436
0.925526
0.913851
0.901442
0.888333
0.874561
0.860162
0.845174
0.829637
0.81359
0.797075
0.780133
0.762806
0.745135
0.727164
0.708933
0.690485
0.67186
0.6531
0.634244
0.615331
0.596399
0.577485
0.558626
0.539855
0.521205
0.502709
0.484396
0.466294
0.44843
0.43083
0.413517
0.396512
0.379835
0.363505
0.347537
0.331946
0.316745
0.301945
0.287556
0.273585
0.260039
0.246922
0.234238
0.221989
0.210175
0.198796
0.187849
0.177331
0.167239
0.157568
0.14831
0.139461
0.131011
0.122954
0.115279
0.107978
0.10104
0.0944562
0.088215
0.0823057
0.0767174
0.0714387
0.0664582
0.0617647
0.0573466
0.0531925
0.0492912
0.0456314
0.0422022
0.0389925
0.0359918
0.0331896
0.0305757
0.0281402
0.0258734
0.0237659
0.0218088
0.0199934
0.0183112
0.0167541
0.0153145
0.0139849
0.0127583
0.0116279
0.0105873
0.00963048
0.00875154
0.00794506
0.00720586
0.00652905
0.00591004
0.00534449
0.00482834
0.00435779
0.00392925
0.0035394
0.00318511
0.00286349
0.00257184
0.00230763
0.00206855
0.00185242
0.00165726
0.00148122
0.00132258
0.00117977
0.00105136
0.000936017
0.000832511
0.000739728
0.000656644
0.000582322
0.000515909
0.000456624
0.000403757
0.000356662
0.000357011
0.000404152
0.00045707
0.000516413
0.000582891
0.000657285
0.00074045
0.000833324
0.000936931
0.00105239
0.00118093
0.00132387
0.00148266
0.00165888
0.00185423
0.00207057
0.00230989
0.00257435
0.00286629
0.00318822
0.00354286
0.00393309
0.00436204
0.00483306
0.00534971
0.00591581
0.00653543
0.0072129
0.00795282
0.00876009
0.00963989
0.0105977
0.0116393
0.0127708
0.0139986
0.0153295
0.0167705
0.0183291
0.0200129
0.0218302
0.0237892
0.0258986
0.0281677
0.0306056
0.0332221
0.036027
0.0390306
0.0422434
0.045676
0.0493394
0.0532445
0.0574026
0.061825
0.0665232
0.0715085
0.0767923
0.0823862
0.0883012
0.0945485
0.101139
0.108083
0.115392
0.123074
0.131139
0.139597
0.148455
0.157722
0.167403
0.177504
0.188032
0.19899
0.21038
0.222206
0.234467
0.247164
0.260293
0.273852
0.287837
0.30224
0.317054
0.33227
0.347876
0.36386
0.380206
0.396899
0.413921
0.431251
0.448868
0.466749
0.484869
0.5032
0.521715
0.540382
0.559172
0.57805
0.596982
0.615932
0.634863
0.653738
0.672517
0.691159
0.709626
0.727874
0.745863
0.763551
0.780895
0.797854
0.814385
0.830447
0.846
0.861002
0.875416
0.889201
0.902323
0.914744
0.926431
0.937351
0.947475
0.956773
0.965219
0.972789
0.979462
0.985218
0.99004
0.993915
0.996831
0.99878
0.999756
0.999756
0.99878
0.996831
0.993915
0.99004
0.985218
0.979462
0.972789
0.965219
0.956773
0.947475
0.937351
0.926431
0.914744
0.902323
0.889201
0.875416
0.861002
0.846
0.830447
0.814385
0.797854
0.780895
0.763551
0.745863
0.727874
0.709626
0.691159
0.672517
0.653738
0.634863
0.615932
0.596982
0.57805
0.559172
0.540382
0.521715
0.5032
0.484869
0.466749
0.448868
0.431251
0.413921
0.396899
0.380206
0.36386
0.347876
0.33227
0.317054
0.30224
0.287837
0.273852
0.260293
0.247164
0.234467
0.222206
0.21038
0.19899
0.188032
0.177504
0.167403
0.157722
0.148455
0.139597
0.131139
0.123074
0.115392
0.108083
0.101139
0.0945485
0.0883012
0.0823862
0.0767923
0.0715085
0.0665232
0.061825
0.0574026
0.0532445
0.0493394
0.045676
0.0422434
0.0390306
0.036027
0.0332221
0.0306056
0.0281677
0.0258986
0.0237892
0.0218302
0.0200129
0.0183291
0.0167705
0.0153295
0.0139986
0.0127708
0.0116393
0.0105977
0.00963989
0.00876009
0.00795282
0.0072129
0.00653543
0.00591581
0.00534971
0.00483306
0.00436204
0.00393309
0.00354286
0.00318822
0.00286629
0.00257435
0.00230989
0.00207057
0.00185423
0.00165888
0.00148266
0.00132387
0.00118093
0.00105239
0.000936931
0.000833324
0.00074045
0.000657285
0.000582891
0.000516413
0.00045707
0.000404152
0.000357011
0.000357011
0.000404152
0.00045707
0.000516413
0.000582891
0.000657285
0.00074045
0.000833324
0.000936931
0.00105239
0.00118093
0.00132387
0.00148266
0.00165888
0.00185423
0.00207057
0.00230989
0.00257435
0.00286629
0.00318822
0.00354286
0.00393309
0.00436204
0.00483306
0.00534971
0.00591581
0.00653543
0.0072129
0.00795282
0.00876009
0.00963989
0.0105977
0.0116393
0.0127708
0.0139986
0.0153295
0.0167705
0.0183291
0.0200129
0.0218302
0.0237892
0.0258986
0.0281677
0.0306056
0.0332221
0.036027
0.0390306
0.0422434
0.045676
0.0493394
0.0532445
0.0574026
0.061825
0.0665232
0.0715085
0.0767923
0.0823862
0.0883012
0.0945485
0.101139
0.108083
0.115392
0.123074
0.131139
0.139597
0.148455
0.157722
0.167403
0.177504
0.188032
0.19899
0.21038
0.222206
0.234467
0.247164
0.260293
0.273852
0.287837
0.30224
0.317054
0.33227
0.347876
0.36386
0.380206
0.396899
0.413921
0.431251
0.448868
0.466749
0.484869
0.5032
0.521715
0.540382
0.559172
0.57805
0.596982
0.615932
0.634863
0.653738
0.672517
0.691159
0.709626
0.727874
0.745863
0.763551
0.780895
0.797854
0.814385
0.830447
0.846
0.861002
0.875416
0.889201
0.902323
0.914744
0.926431
0.937351
0.947475
0.956773
0.965219
0.972789
0.979462
0.985218
0.99004
0.993915
0.996831
0.99878
0.999756
0.999756
0.99878
0.996831
0.993915
0.99004
0.985218
0.979462
0.972789
0.965219
0.956773
0.947475
0.937351
0.926431
0.914744
0.902323
0.889201
0.875416
0.861002
0.846
0.830447
0.814385
0.797854
0.780895
0.763551
0.745863
0.727874
0.709626
0.691159
0.672517
0.653738
0.634863
0.615932
0.596982
0.57805
0.559172
0.540382
0.521715
0.5032
0.484869
0.466749
0.448868
0.431251
0.413921
0.396899
0.380206
0.36386
0.347876
0.33227
0.317054
0.30224
0.287837
0.273852
0.260293
0.247164
0.234467
0.222206
0.21038
0.19899
0.188032
0.177504
0.167403
0.157722
0.148455
0.139597
0.131139
0.123074
0.115392
0.108083
0.101139
0.0945485
0.0883012
0.0823862
0.0767923
0.0715085
0.0665232
0.061825
0.0574026
0.0532445
0.0493394
0.045676
0.0422434
0.0390306
0.036027
0.0332221
0.0306056
0.0281677
0.0258986
0.0237892
0.0218302
0.0200129
0.0183291
0.0167705
0.0153295
0.0139986
0.0127708
0.0116393
0.0105977
0.00963989
0.00876009
0.00795282
0.0072129
0.00653543
0.00591581
0.00534971
0.00483306
0.00436204
0.00393309
0.00354286
0.00318822
0.00286629
0.00257435
0.00230989
0.00207057
0.00185423
0.00165888
0.00148266
0.00132387
0.00118093
0.00105239
0.000936931
0.000833324
0.00074045
0.000657285
0.000582891
0.000516413
0.00045707
0.000404152
0.000357011
0.000356662
0.000403757
0.000456624
0.000515909
0.000582322
0.000656644
0.000739728
0.000832511
0.000936017
0.00105136
0.00117977
0.00132258
0.00148122
0.00165726
0.00185242
0.00206855
0.00230763
0.00257184
0.00286349
0.00318511
0.0035394
0.00392925
0.00435779
0.00482834
0.00534449
0.00591004
0.00652905
0.00720586
0.00794506
0.00875154
0.00963048
0.0105873
0.0116279
0.0127583
0.0139849
0.0153145
0.0167541
0.0183112
0.0199934
0.0218088
0.0237659
0.0258734
0.0281402
0.0305757
0.0331896
0.0359918
0.0389925
0.0422022
0.0456314
0.0492912
0.0531925
0.0573466
0.0617647
0.0664582
0.0714387
0.0767174
0.0823057
0.088215
0.0944562
0.10104
0.107978
0.115279
0.122954
0.131011
0.139461
0.14831
0.157568
0.167239
0.177331
0.187849
0.198796
0.210175
0.221989
0.234238
0.246922
0.260039
0.273585
0.287556
0.301945
0.316745
0.331946
0.347537
0.363505
0.379835
0.396512
0.413517
0.43083
0.44843
0.466294
0.484396
0.502709
0.521205
0.539855
0.558626
0.577485
0.596399
0.615331
0.634244
0.6531
0.67186
0.690485
0.708933
0.727164
0.745135
0.762806
0.780133
0.797075
0.81359
0.829637
0.845174
0.860162
0.874561
0.888333
0.901442
0.913851
0.925526
0.936436
0.94655
0.955839
0.964277
0.97184
0.978506
0.984256
0.989074
0.992945
0.995858
0.997805
0.99878
0.99878
0.997805
0.995858
0.992945
0.989074
0.984256
0.978506
0.97184
0.964277
0.955839
0.94655
0.936436
0.925526
0.913851
0.901442
0.888333
0.874561
0.860162
0.845174
0.829637
0.81359
0.797075
0.780133
0.762806
0.745135
0.727164
0.708933
0.690485
0.67186
0.6531
0.634244
0.615331
0.596399
0.577485
0.558626
0.539855
0.521205
0.502709
0.484396
0.466294
0.44843
0.43083
0.413517
0.396512
0.379835
0.363505
0.347537
0.331946
0.316745
0.301945
0.287556
0.273585
0.260039
0.246922
0.234238
0.221989
0.210175
0.198796
0.187849
0.177331
0.167239
0.157568
0.14831
0.139461
0.131011
0.122954
0.115279
0.107978
0.10104
0.0944562
0.088215
0.0823057
0.0767174
0.0714387
0.0664582
0.0617647
0.0573466
0.0531925
0.0492912
0.0456314
0.0422022
0.0389925
0.0359918
0.0331896
0.0305757
0.0281402
0.0258734
0.0237659
0.0218088
0.0199934
0.0183112
0.0167541
0.0153145
0.0139849
0.0127583
0.0116279
0.0105873
0.00963048
0.00875154
0.00794506
0.00720586
0.00652905
0.00591004
0.00534449
0.00482834
0.00435779
0.00392925
0.0035394
0.00318511
0.00286349
0.00257184
0.00230763
0.00206855
0.00185242
0.00165726
0.00148122
0.00132258
0.00117977
0.00105136
0.000936017
0.000832511
0.000739728
0.000656644
0.000582322
0.000515909
0.000456624
0.000403757
0.000356662
0.000355967
0.000402969
0.000455733
0.000514902
0.000581186
0.000655362
0.000738284
0.000830886
0.000934191
0.00104931
0.00117747
0.00132
0.00147832
0.00165403
0.00184881
0.00206451
0.00230313
0.00256682
0.00285791
0.0031789
0.00353249
0.00392158
0.00434928
0.00481892
0.00533406
0.0058985
0.00651631
0.0071918
0.00792956
0.00873447
0.00961169
0.0105667
0.0116052
0.0127334
0.0139576
0.0152846
0.0167214
0.0182754
0.0199544
0.0217663
0.0237196
0.0258229
0.0280853
0.0305161
0.0331249
0.0359216
0.0389165
0.0421198
0.0455424
0.049195
0.0530887
0.0572347
0.0616441
0.0663286
0.0712993
0.0765677
0.0821451
0.0880429
0.0942719
0.100843
0.107767
0.115054
0.122714
0.130756
0.139189
0.148021
0.15726
0.166913
0.176985
0.187482
0.198408
0.209765
0.221556
0.233781
0.24644
0.259532
0.273051
0.286995
0.301356
0.316127
0.331298
0.346859
0.362795
0.379094
0.395738
0.41271
0.42999
0.447555
0.465384
0.48345
0.501728
0.520188
0.538801
0.557536
0.576359
0.595235
0.61413
0.633006
0.651825
0.670549
0.689138
0.70755
0.725745
0.743681
0.761317
0.778611
0.79552
0.812002
0.828018
0.843525
0.858483
0.872855
0.8866
0.899683
0.912068
0.923721
0.934609
0.944703
0.953974
0.962395
0.969943
0.976597
0.982336
0.987144
0.991007
0.993915
0.995858
0.996831
0.996831
0.995858
0.993915
0.991007
0.987144
0.982336
0.976597
0.969943
0.962395
0.953974
0.944703
0.934609
0.923721
0.912068
0.899683
0.8866
0.872855
0.858483
0.843525
0.828018
0.812002
0.79552
0.778611
0.761317
0.743681
0.725745
0.70755
0.689138
0.670549
0.651825
0.633006
0.61413
0.595235
0.576359
0.557536
0.538801
0.520188
0.501728
0.48345
0.465384
0.447555
0.42999
0.41271
0.395738
0.379094
0.362795
0.346859
0.331298
0.316127
0.301356
0.286995
0.273051
0.259532
0.24644
0.233781
0.221556
0.209765
0.198408
0.187482
0.176985
0.166913
0.15726
0.148021
0.139189
0.130756
0.122714
0.115054
0.107767
0.100843
0.0942719
0.0880429
0.0821451
0.0765677
0.0712993
0.0663286
0.0616441
0.0572347
0.0530887
0.049195
0.0455424
0.0421198
0.0389165
0.0359216
0.0331249
0.0305161
0.0280853
0.0258229
0.0237196
0.0217663
0.0199544
0.0182754
0.0167214
0.0152846
0.0139576
0.0127334
0.0116052
0.0105667
0.00961169
0.00873447
0.00792956
0.0071918
0.00651631
0.0058985
0.00533406
0.00481892
0.00434928
0.00392158
0.00353249
0.0031789
0.00285791
0.00256682
0.00230313
0.00206451
0.00184881
0.00165403
0.00147832
0.00132
0.00117747
0.00104931
0.000934191
0.000830886
0.000738284
0.000655362
0.000581186
0.000514902
0.000455733
0.000402969
0.000355967
0.000354925
0.00040179
0.0004544
0.000513396
0.000579486
0.000653445
0.000736124
0.000828456
0.000931458
0.00104624
0.00117403
0.00131613
0.001474
0.00164919
0.0018434
0.00205847
0.00229639
0.00255931
0.00284955
0.0031696
0.00352216
0.00391011
0.00433656
0.00480482
0.00531846
0.00588125
0.00649725
0.00717076
0.00790636
0.00870891
0.00958357
0.0105358
0.0115713
0.0126962
0.0139168
0.0152399
0.0166725
0.018222
0.019896
0.0217026
0.0236502
0.0257473
0.0280031
0.0304268
0.033028
0.0358165
0.0388026
0.0419966
0.0454092
0.0490511
0.0529334
0.0570672
0.0614638
0.0661345
0.0710907
0.0763437
0.0819048
0.0877853
0.0939961
0.100548
0.107452
0.114717
0.122355
0.130373
0.138782
0.147588
0.1568
0.166425
0.176467
0.186934
0.197827
0.209151
0.220908
0.233097
0.24572
0.258772
0.272252
0.286155
0.300474
0.315202
0.330329
0.345844
0.361734
0.377985
0.394581
0.411503
0.428732
0.446246
0.464022
0.482036
0.50026
0.518667
0.537225
0.555905
0.574672
0.593494
0.612333
0.631154
0.649919
0.668588
0.687122
0.70548
0.723622
0.741506
0.75909
0.776333
0.793192
0.809627
0.825595
0.841057
0.855972
0.870301
0.884006
0.897051
0.9094
0.921018
0.931875
0.941939
0.951183
0.95958
0.967106
0.97374
0.979462
0.984256
0.988108
0.991007
0.992945
0.993915
0.993915
0.992945
0.991007
0.988108
0.984256
0.979462
0.97374
0.967106
0.95958
0.951183
0.941939
0.931875
0.921018
0.9094
0.897051
0.884006
0.870301
0.855972
0.841057
0.825595
0.809627
0.793192
0.776333
0.75909
0.741506
0.723622
0.70548
0.687122
0.668588
0.649919
0.631154
0.612333
0.593494
0.574672
0.555905
0.537225
0.518667
0.50026
0.482036
0.464022
0.446246
0.428732
0.411503
0.394581
0.377985
0.361734
0.345844
0.330329
0.315202
0.300474
0.286155
0.272252
0.258772
0.24572
0.233097
0.220908
0.209151
0.197827
0.186934
0.176467
0.166425
0.1568
0.147588
0.138782
0.130373
0.122355
0.114717
0.107452
0.100548
0.0939961
0.0877853
0.0819048
0.0763437
0.0710907
0.0661345
0.0614638
0.0570672
0.0529334
0.0490511
0.0454092
0.0419966
0.0388026
0.0358165
0.033028
0.0304268
0.0280031
0.0257473
0.0236502
0.0217026
0.019896
0.018222
0.0166725
0.0152399
0.0139168
0.0126962
0.0115713
0.0105358
0.00958357
0.00870891
0.00790636
0.00717076
0.00649725
0.00588125
0.00531846
0.00480482
0.00433656
0.00391011
0.00352216
0.0031696
0.00284955
0.00255931
0.00229639
0.00205847
0.0018434
0.00164919
0.001474
0.00131613
0.00117403
0.00104624
0.000931458
0.000828456
0.000736124
0.000653445
0.000579486
0.000513396
0.0004544
0.00040179
0.000354925
0.000353541
0.000400224
0.000452628
0.000511395
0.000577227
0.000650898
0.000733255
0.000825226
0.000927826
0.00104216
0.00116945
0.001311
0.00146825
0.00164276
0.00183622
0.00205045
0.00228744
0.00254933
0.00283844
0.00315724
0.00350843
0.00389487
0.00431965
0.00478609
0.00529772
0.00585832
0.00647192
0.0071428
0.00787554
0.00867496
0.00954621
0.0104947
0.0115262
0.0126467
0.0138625
0.0151805
0.0166075
0.0181509
0.0198184
0.021618
0.023558
0.025647
0.0278939
0.0303082
0.0328992
0.0356769
0.0386513
0.0418329
0.0452321
0.0488599
0.052727
0.0568447
0.0612242
0.0658767
0.0708135
0.0760461
0.0815855
0.087443
0.0936296
0.100156
0.107033
0.11427
0.121878
0.129865
0.138241
0.147013
0.156189
0.165776
0.175779
0.186205
0.197056
0.208336
0.220047
0.232189
0.244762
0.257763
0.271191
0.28504
0.299303
0.313973
0.329041
0.344496
0.360324
0.376512
0.393042
0.409899
0.42706
0.444506
0.462213
0.480157
0.49831
0.516644
0.535131
0.553738
0.572432
0.59118
0.609946
0.628694
0.647385
0.665981
0.684443
0.70273
0.720801
0.738615
0.756131
0.773306
0.7901
0.806471
0.822377
0.837778
0.852635
0.866908
0.88056
0.893554
0.905854
0.917428
0.928242
0.938267
0.947475
0.955839
0.963336
0.969943
0.975643
0.980419
0.984256
0.987144
0.989074
0.99004
0.99004
0.989074
0.987144
0.984256
0.980419
0.975643
0.969943
0.963336
0.955839
0.947475
0.938267
0.928242
0.917428
0.905854
0.893554
0.88056
0.866908
0.852635
0.837778
0.822377
0.806471
0.7901
0.773306
0.756131
0.738615
0.720801
0.70273
0.684443
0.665981
0.647385
0.628694
0.609946
0.59118
0.572432
0.553738
0.535131
0.516644
0.49831
0.480157
0.462213
0.444506
0.42706
0.409899
0.393042
0.376512
0.360324
0.344496
0.329041
0.313973
0.299303
0.28504
0.271191
0.257763
0.244762
0.232189
0.220047
0.208336
0.197056
0.186205
0.175779
0.165776
0.156189
0.147013
0.138241
0.129865
0.121878
0.11427
0.107033
0.100156
0.0936296
0.087443
0.0815855
0.0760461
0.0708135
0.0658767
0.0612242
0.0568447
0.052727
0.0488599
0.0452321
0.0418329
0.0386513
0.0356769
0.0328992
0.0303082
0.0278939
0.025647
0.023558
0.021618
0.0198184
0.0181509
0.0166075
0.0151805
0.0138625
0.0126467
0.0115262
0.0104947
0.00954621
0.00867496
0.00787554
0.0071428
0.00647192
0.00585832
0.00529772
0.00478609
0.00431965
0.00389487
0.00350843
0.00315724
0.00283844
0.00254933
0.00228744
0.00205045
0.00183622
0.00164276
0.00146825
0.001311
0.00116945
0.00104216
0.000927826
0.000825226
0.000733255
0.000650898
0.000577227
0.000511395
0.000452628
0.000400224
0.000353541
0.000351819
0.000398274
0.000450424
0.000508904
0.000574415
0.000647727
0.000729683
0.000821206
0.000923307
0.00103709
0.00116375
0.00130462
0.0014611
0.00163476
0.00182727
0.00204046
0.0022763
0.00253691
0.00282461
0.00314186
0.00349134
0.0038759
0.00429861
0.00476278
0.00527192
0.00582978
0.00644039
0.00710801
0.00783717
0.00863271
0.00949971
0.0104436
0.01147
0.0125851
0.013795
0.0151065
0.0165266
0.0180625
0.0197219
0.0215127
0.0234432
0.025522
0.0277581
0.0301605
0.032739
0.0355031
0.0384631
0.0416291
0.0450118
0.0486219
0.0524702
0.0565679
0.060926
0.0655558
0.0704686
0.0756757
0.0811881
0.0870171
0.0931736
0.0996682
0.106512
0.113714
0.121284
0.129232
0.137567
0.146297
0.155428
0.164968
0.174923
0.185298
0.196096
0.207321
0.218975
0.231058
0.243569
0.256508
0.26987
0.283651
0.297845
0.312444
0.327438
0.342818
0.358569
0.374678
0.391128
0.407902
0.42498
0.442341
0.459962
0.477818
0.495883
0.514128
0.532524
0.55104
0.569644
0.5883
0.606975
0.625631
0.644231
0.662737
0.681109
0.699307
0.71729
0.735017
0.752448
0.76954
0.786252
0.802542
0.818371
0.833697
0.848482
0.862686
0.876271
0.889201
0.901442
0.912959
0.923721
0.933697
0.94286
0.951183
0.958643
0.965219
0.970891
0.975643
0.979462
0.982336
0.984256
0.985218
0.985218
0.984256
0.982336
0.979462
0.975643
0.970891
0.965219
0.958643
0.951183
0.94286
0.933697
0.923721
0.912959
0.901442
0.889201
0.876271
0.862686
0.848482
0.833697
0.818371
0.802542
0.786252
0.76954
0.752448
0.735017
0.71729
0.699307
0.681109
0.662737
0.644231
0.625631
0.606975
0.5883
0.569644
0.55104
0.532524
0.514128
0.495883
0.477818
0.459962
0.442341
0.42498
0.407902
0.391128
0.374678
0.358569
0.342818
0.327438
0.312444
0.297845
0.283651
0.26987
0.256508
0.243569
0.231058
0.218975
0.207321
0.196096
0.185298
0.174923
0.164968
0.155428
0.146297
0.137567
0.129232
0.121284
0.113714
0.106512
0.0996682
0.0931736
0.0870171
0.0811881
0.0756757
0.0704686
0.0655558
0.060926
0.0565679
0.0524702
0.0486219
0.0450118
0.0416291
0.0384631
0.0355031
0.032739
0.0301605
0.0277581
0.025522
0.0234432
0.0215127
0.0197219
0.0180625
0.0165266
0.0151065
0.013795
0.0125851
0.01147
0.0104436
0.00949971
0.00863271
0.00783717
0.00710801
0.00644039
0.00582978
0.00527192
0.00476278
0.00429861
0.0038759
0.00349134
0.00314186
0.00282461
0.00253691
0.0022763
0.00204046
0.00182727
0.00163476
0.0014611
0.00130462
0.00116375
0.00103709
0.000923307
0.000821206
0.000729683
0.000647727
0.000574415
0.000508904
0.000450424
0.000398274
0.000351819
0.000349764
0.000395948
0.000447792
0.00050593
0.000571059
0.000643943
0.00072542
0.000816409
0.000917913
0.00103103
0.00115696
0.001297
0.00145257
0.00162521
0.0018166
0.00202854
0.002263
0.00252209
0.00280811
0.00312351
0.00347094
0.00385325
0.0042735
0.00473495
0.00524112
0.00579572
0.00640276
0.00706648
0.00779139
0.00858227
0.00944421
0.0103826
0.011403
0.0125115
0.0137144
0.0150183
0.0164301
0.017957
0.0196067
0.021387
0.0233063
0.0253729
0.0275959
0.0299843
0.0325477
0.0352957
0.0382384
0.0413859
0.0447489
0.0483378
0.0521637
0.0562374
0.06057
0.0651728
0.0700569
0.0752335
0.0807138
0.0865087
0.0926292
0.099086
0.105889
0.113049
0.120576
0.128477
0.136764
0.145442
0.15452
0.164005
0.173901
0.184215
0.19495
0.20611
0.217695
0.229708
0.242146
0.255009
0.268293
0.281994
0.296105
0.310619
0.325526
0.340815
0.356474
0.372489
0.388843
0.405519
0.422497
0.439757
0.457275
0.475026
0.492986
0.511124
0.529413
0.547821
0.566316
0.584863
0.603429
0.621976
0.640468
0.658865
0.67713
0.695221
0.713099
0.730723
0.748052
0.765044
0.781658
0.797854
0.81359
0.828827
0.843525
0.857645
0.871151
0.884006
0.896175
0.907625
0.918324
0.928242
0.937351
0.945626
0.953043
0.95958
0.965219
0.969943
0.97374
0.976597
0.978506
0.979462
0.979462
0.978506
0.976597
0.97374
0.969943
0.965219
0.95958
0.953043
0.945626
0.937351
0.928242
0.918324
0.907625
0.896175
0.884006
0.871151
0.857645
0.843525
0.828827
0.81359
0.797854
0.781658
0.765044
0.748052
0.730723
0.713099
0.695221
0.67713
0.658865
0.640468
0.621976
0.603429
0.584863
0.566316
0.547821
0.529413
0.511124
0.492986
0.475026
0.457275
0.439757
0.422497
0.405519
0.388843
0.372489
0.356474
0.340815
0.325526
0.310619
0.296105
0.281994
0.268293
0.255009
0.242146
0.229708
0.217695
0.20611
0.19495
0.184215
0.173901
0.164005
0.15452
0.145442
0.136764
0.128477
0.120576
0.113049
0.105889
0.099086
0.0926292
0.0865087
0.0807138
0.0752335
0.0700569
0.0651728
0.06057
0.0562374
0.0521637
0.0483378
0.0447489
0.0413859
0.0382384
0.0352957
0.0325477
0.0299843
0.0275959
0.0253729
0.0233063
0.021387
0.0196067
0.017957
0.0164301
0.0150183
0.0137144
0.0125115
0.011403
0.0103826
0.00944421
0.00858227
0.00779139
0.00706648
0.00640276
0.00579572
0.00524112
0.00473495
0.0042735
0.00385325
0.00347094
0.00312351
0.00280811
0.00252209
0.002263
0.00202854
0.0018166
0.00162521
0.00145257
0.001297
0.00115696
0.00103103
0.000917913
0.000816409
0.00072542
0.000643943
0.000571059
0.00050593
0.000447792
0.000395948
0.000349764
0.000347381
0.00039325
0.000444741
0.000502484
0.000567169
0.000639556
0.000720478
0.000810847
0.000911659
0.00102401
0.00114907
0.00128816
0.00144267
0.00161414
0.00180422
0.00201472
0.00224758
0.00250491
0.00278898
0.00310223
0.00344729
0.003827
0.00424439
0.0047027
0.00520541
0.00575624
0.00635915
0.00701834
0.00773831
0.0085238
0.00937987
0.0103118
0.0113253
0.0124263
0.013621
0.014916
0.0163181
0.0178347
0.0194731
0.0212413
0.0231475
0.0252001
0.0274079
0.0297801
0.032326
0.0350552
0.0379779
0.041104
0.044444
0.0480085
0.0518083
0.0558542
0.0601574
0.0647288
0.0695796
0.074721
0.0801639
0.0859194
0.0919982
0.0984109
0.105168
0.112279
0.119754
0.127602
0.135832
0.144451
0.153467
0.162887
0.172717
0.18296
0.193622
0.204706
0.216212
0.228143
0.240497
0.253272
0.266466
0.280073
0.294088
0.308502
0.323308
0.338493
0.354045
0.369951
0.386194
0.402756
0.419619
0.436761
0.45416
0.47179
0.489627
0.507642
0.525806
0.544089
0.562458
0.580879
0.599318
0.617739
0.636104
0.654377
0.672517
0.690485
0.708241
0.725745
0.742955
0.759832
0.776333
0.792418
0.808047
0.82318
0.837778
0.851803
0.865217
0.877984
0.89007
0.901442
0.912068
0.921918
0.930965
0.939184
0.94655
0.953043
0.958643
0.963336
0.967106
0.969943
0.97184
0.972789
0.972789
0.97184
0.969943
0.967106
0.963336
0.958643
0.953043
0.94655
0.939184
0.930965
0.921918
0.912068
0.901442
0.89007
0.877984
0.865217
0.851803
0.837778
0.82318
0.808047
0.792418
0.776333
0.759832
0.742955
0.725745
0.708241
0.690485
0.672517
0.654377
0.636104
0.617739
0.599318
0.580879
0.562458
0.544089
0.525806
0.507642
0.489627
0.47179
0.45416
0.436761
0.419619
0.402756
0.386194
0.369951
0.354045
0.338493
0.323308
0.308502
0.294088
0.280073
0.266466
0.253272
0.240497
0.228143
0.216212
0.204706
0.193622
0.18296
0.172717
0.162887
0.153467
0.144451
0.135832
0.127602
0.119754
0.112279
0.105168
0.0984109
0.0919982
0.0859194
0.0801639
0.074721
0.0695796
0.0647288
0.0601574
0.0558542
0.0518083
0.0480085
0.044444
0.041104
0.0379779
0.0350552
0.032326
0.0297801
0.0274079
0.0252001
0.0231475
0.0212413
0.0194731
0.0178347
0.0163181
0.014916
0.013621
0.0124263
0.0113253
0.0103118
0.00937987
0.0085238
0.00773831
0.00701834
0.00635915
0.00575624
0.00520541
0.0047027
0.00424439
0.003827
0.00344729
0.00310223
0.00278898
0.00250491
0.00224758
0.00201472
0.00180422
0.00161414
0.00144267
0.00128816
0.00114907
0.00102401
0.000911659
0.000810847
0.000720478
0.000639556
0.000567169
0.000502484
0.000444741
0.00039325
0.000347381
0.000344678
0.00039019
0.00044128
0.000498573
0.000562755
0.000634579
0.000714871
0.000804537
0.000904565
0.00101604
0.00114013
0.00127813
0.00143144
0.00160158
0.00179018
0.00199904
0.00223009
0.00248542
0.00276727
0.00307809
0.00342047
0.00379722
0.00421136
0.0046661
0.0051649
0.00571145
0.00630966
0.00696372
0.00767809
0.00845747
0.00930687
0.0102316
0.0112372
0.0123296
0.013515
0.0147999
0.0161911
0.0176959
0.0193216
0.021076
0.0229673
0.025004
0.0271946
0.0295483
0.0320744
0.0347824
0.0376823
0.0407841
0.0440981
0.0476349
0.0514051
0.0554196
0.0596892
0.0642251
0.0690382
0.0741395
0.0795401
0.0852508
0.0912823
0.0976451
0.104349
0.111405
0.118822
0.126609
0.134775
0.143327
0.152273
0.16162
0.171372
0.181536
0.192116
0.203113
0.21453
0.226367
0.238625
0.251301
0.264392
0.277893
0.291799
0.306102
0.320792
0.335859
0.35129
0.367072
0.383188
0.399622
0.416353
0.433362
0.450625
0.468119
0.485817
0.503692
0.521715
0.539855
0.558081
0.576359
0.594654
0.612932
0.631154
0.649284
0.667283
0.685111
0.70273
0.720097
0.737174
0.753919
0.770291
0.786252
0.801759
0.816774
0.831259
0.845174
0.858483
0.871151
0.883143
0.894427
0.90497
0.914744
0.923721
0.931875
0.939184
0.945626
0.951183
0.955839
0.95958
0.962395
0.964277
0.965219
0.965219
0.964277
0.962395
0.95958
0.955839
0.951183
0.945626
0.939184
0.931875
0.923721
0.914744
0.90497
0.894427
0.883143
0.871151
0.858483
0.845174
0.831259
0.816774
0.801759
0.786252
0.770291
0.753919
0.737174
0.720097
0.70273
0.685111
0.667283
0.649284
0.631154
0.612932
0.594654
0.576359
0.558081
0.539855
0.521715
0.503692
0.485817
0.468119
0.450625
0.433362
0.416353
0.399622
0.383188
0.367072
0.35129
0.335859
0.320792
0.306102
0.291799
0.277893
0.264392
0.251301
0.238625
0.226367
0.21453
0.203113
0.192116
0.181536
0.171372
0.16162
0.152273
0.143327
0.134775
0.126609
0.118822
0.111405
0.104349
0.0976451
0.0912823
0.0852508
0.0795401
0.0741395
0.0690382
0.0642251
0.0596892
0.0554196
0.0514051
0.0476349
0.0440981
0.0407841
0.0376823
0.0347824
0.0320744
0.0295483
0.0271946
0.025004
0.0229673
0.021076
0.0193216
0.0176959
0.0161911
0.0147999
0.013515
0.0123296
0.0112372
0.0102316
0.00930687
0.00845747
0.00767809
0.00696372
0.00630966
0.00571145
0.0051649
0.0046661
0.00421136
0.00379722
0.00342047
0.00307809
0.00276727
0.00248542
0.00223009
0.00199904
0.00179018
0.00160158
0.00143144
0.00127813
0.00114013
0.00101604
0.000904565
0.000804537
0.000714871
0.000634579
0.000562755
0.000498573
0.00044128
0.00039019
0.000344678
0.000341662
0.000386776
0.000437419
0.000494211
0.000557831
0.000629026
0.000708616
0.000797496
0.000896649
0.00100715
0.00113016
0.00126695
0.00141892
0.00158756
0.00177451
0.00198155
0.00221058
0.00246367
0.00274306
0.00305115
0.00339053
0.00376399
0.0041745
0.00462527
0.00511971
0.00566147
0.00625444
0.00690279
0.0076109
0.00838346
0.00922543
0.0101421
0.0111389
0.0122217
0.0133967
0.0146704
0.0160495
0.017541
0.0191525
0.0208916
0.0227664
0.0247852
0.0269566
0.0292898
0.0317937
0.0344781
0.0373526
0.0404272
0.0437122
0.0472181
0.0509553
0.0549346
0.0591669
0.0636631
0.0684341
0.0734908
0.0788441
0.0845048
0.0904835
0.0967906
0.103436
0.11043
0.117782
0.125501
0.133595
0.142073
0.150941
0.160205
0.169873
0.179948
0.190434
0.201335
0.212653
0.224387
0.236537
0.249102
0.262078
0.275462
0.289246
0.303423
0.317985
0.33292
0.348216
0.36386
0.379835
0.396125
0.41271
0.42957
0.446682
0.464022
0.481566
0.499284
0.517149
0.535131
0.553197
0.571315
0.589451
0.607568
0.625631
0.643603
0.661444
0.679116
0.69658
0.713796
0.730723
0.747322
0.763551
0.779371
0.794743
0.809627
0.823985
0.837778
0.850971
0.863528
0.875416
0.8866
0.897051
0.906739
0.915637
0.923721
0.930965
0.937351
0.94286
0.947475
0.951183
0.953974
0.955839
0.956773
0.956773
0.955839
0.953974
0.951183
0.947475
0.94286
0.937351
0.930965
0.923721
0.915637
0.906739
0.897051
0.8866
0.875416
0.863528
0.850971
0.837778
0.823985
0.809627
0.794743
0.779371
0.763551
0.747322
0.730723
0.713796
0.69658
0.679116
0.661444
0.643603
0.625631
0.607568
0.589451
0.571315
0.553197
0.535131
0.517149
0.499284
0.481566
0.464022
0.446682
0.42957
0.41271
0.396125
0.379835
0.36386
0.348216
0.33292
0.317985
0.303423
0.289246
0.275462
0.262078
0.249102
0.236537
0.224387
0.212653
0.201335
0.190434
0.179948
0.169873
0.160205
0.150941
0.142073
0.133595
0.125501
0.117782
0.11043
0.103436
0.0967906
0.0904835
0.0845048
0.0788441
0.0734908
0.0684341
0.0636631
0.0591669
0.0549346
0.0509553
0.0472181
0.0437122
0.0404272
0.0373526
0.0344781
0.0317937
0.0292898
0.0269566
0.0247852
0.0227664
0.0208916
0.0191525
0.017541
0.0160495
0.0146704
0.0133967
0.0122217
0.0111389
0.0101421
0.00922543
0.00838346
0.0076109
0.00690279
0.00625444
0.00566147
0.00511971
0.00462527
0.0041745
0.00376399
0.00339053
0.00305115
0.00274306
0.00246367
0.00221058
0.00198155
0.00177451
0.00158756
0.00141892
0.00126695
0.00113016
0.00100715
0.000896649
0.000797496
0.000708616
0.000629026
0.000557831
0.000494211
0.000437419
0.000386776
0.000341662
0.000338341
0.000383017
0.000433168
0.000489408
0.00055241
0.000622913
0.000701729
0.000789746
0.000887936
0.000997358
0.00111917
0.00125464
0.00140513
0.00157213
0.00175727
0.00196229
0.00218909
0.00243973
0.0027164
0.0030215
0.00335759
0.00372741
0.00413394
0.00458032
0.00506995
0.00560645
0.00619366
0.0068357
0.00753694
0.00830199
0.00913578
0.0100435
0.0110306
0.0121029
0.0132665
0.0145278
0.0158935
0.0173706
0.0189664
0.0206886
0.0225451
0.0245443
0.0266947
0.0290051
0.0314848
0.034143
0.0369896
0.0400343
0.0432874
0.0467592
0.0504601
0.0544008
0.0585919
0.0630444
0.067769
0.0727766
0.0780779
0.0836835
0.0896042
0.09585
0.102431
0.109357
0.116638
0.124282
0.132297
0.140692
0.149474
0.158648
0.168222
0.178199
0.188584
0.199379
0.210586
0.222206
0.234238
0.246681
0.259532
0.272785
0.286435
0.300474
0.314895
0.329685
0.344832
0.360324
0.376144
0.392275
0.408699
0.425395
0.442341
0.459513
0.476886
0.494432
0.512124
0.52993
0.547821
0.565763
0.583722
0.601664
0.619551
0.637348
0.655016
0.672517
0.689811
0.706859
0.723622
0.740059
0.756131
0.771797
0.78702
0.801759
0.815977
0.829637
0.842701
0.855137
0.866908
0.877984
0.888333
0.897927
0.906739
0.914744
0.921918
0.928242
0.933697
0.938267
0.941939
0.944703
0.94655
0.947475
0.947475
0.94655
0.944703
0.941939
0.938267
0.933697
0.928242
0.921918
0.914744
0.906739
0.897927
0.888333
0.877984
0.866908
0.855137
0.842701
0.829637
0.815977
0.801759
0.78702
0.771797
0.756131
0.740059
0.723622
0.706859
0.689811
0.672517
0.655016
0.637348
0.619551
0.601664
0.583722
0.565763
0.547821
0.52993
0.512124
0.494432
0.476886
0.459513
0.442341
0.425395
0.408699
0.392275
0.376144
0.360324
0.344832
0.329685
0.314895
0.300474
0.286435
0.272785
0.259532
0.246681
0.234238
0.222206
0.210586
0.199379
0.188584
0.178199
0.168222
0.158648
0.149474
0.140692
0.132297
0.124282
0.116638
0.109357
0.102431
0.09585
0.0896042
0.0836835
0.0780779
0.0727766
0.067769
0.0630444
0.0585919
0.0544008
0.0504601
0.0467592
0.0432874
0.0400343
0.0369896
0.034143
0.0314848
0.0290051
0.0266947
0.0245443
0.0225451
0.0206886
0.0189664
0.0173706
0.0158935
0.0145278
0.0132665
0.0121029
0.0110306
0.0100435
0.00913578
0.00830199
0.00753694
0.0068357
0.00619366
0.00560645
0.00506995
0.00458032
0.00413394
0.00372741
0.00335759
0.0030215
0.0027164
0.00243973
0.00218909
0.00196229
0.00175727
0.00157213
0.00140513
0.00125464
0.00111917
0.000997358
0.000887936
0.000789746
0.000701729
0.000622913
0.00055241
0.000489408
0.000433168
0.000383017
0.000338341
0.000334726
0.000378924
0.00042854
0.000484179
0.000546507
0.000616257
0.000694232
0.000781308
0.000878448
0.000986702
0.00110721
0.00124123
0.00139011
0.00155533
0.00173849
0.00194132
0.0021657
0.00241366
0.00268738
0.00298922
0.00332171
0.00368759
0.00408977
0.00453138
0.00501578
0.00554654
0.00612749
0.00676267
0.00745641
0.00821329
0.00903817
0.00993618
0.0109128
0.0119736
0.0131248
0.0143726
0.0157237
0.017185
0.0187637
0.0204675
0.0223042
0.0242821
0.0264095
0.0286952
0.0311483
0.0337782
0.0365944
0.0396066
0.0428249
0.0462596
0.049921
0.0538195
0.0579659
0.0623708
0.0670449
0.071999
0.0772436
0.0827894
0.0886468
0.0948259
0.101337
0.108189
0.115392
0.122954
0.130884
0.139189
0.147877
0.156953
0.166425
0.176295
0.186569
0.197248
0.208336
0.219832
0.231736
0.244046
0.256759
0.26987
0.283374
0.297264
0.31153
0.326162
0.341148
0.356474
0.372125
0.388084
0.404333
0.42085
0.437615
0.454603
0.47179
0.489149
0.506652
0.524268
0.541968
0.559718
0.577485
0.595235
0.612932
0.630538
0.648017
0.665331
0.68244
0.699307
0.71589
0.732152
0.748052
0.763551
0.778611
0.793192
0.807259
0.820772
0.833697
0.846
0.857645
0.868603
0.878842
0.888333
0.897051
0.90497
0.912068
0.918324
0.923721
0.928242
0.931875
0.934609
0.936436
0.937351
0.937351
0.936436
0.934609
0.931875
0.928242
0.923721
0.918324
0.912068
0.90497
0.897051
0.888333
0.878842
0.868603
0.857645
0.846
0.833697
0.820772
0.807259
0.793192
0.778611
0.763551
0.748052
0.732152
0.71589
0.699307
0.68244
0.665331
0.648017
0.630538
0.612932
0.595235
0.577485
0.559718
0.541968
0.524268
0.506652
0.489149
0.47179
0.454603
0.437615
0.42085
0.404333
0.388084
0.372125
0.356474
0.341148
0.326162
0.31153
0.297264
0.283374
0.26987
0.256759
0.244046
0.231736
0.219832
0.208336
0.197248
0.186569
0.176295
0.166425
0.156953
0.147877
0.139189
0.130884
0.122954
0.115392
0.108189
0.101337
0.0948259
0.0886468
0.0827894
0.0772436
0.071999
0.0670449
0.0623708
0.0579659
0.0538195
0.049921
0.0462596
0.0428249
0.0396066
0.0365944
0.0337782
0.0311483
0.0286952
0.0264095
0.0242821
0.0223042
0.0204675
0.0187637
0.017185
0.0157237
0.0143726
0.0131248
0.0119736
0.0109128
0.00993618
0.00903817
0.00821329
0.00745641
0.00676267
0.00612749
0.00554654
0.00501578
0.00453138
0.00408977
0.00368759
0.00332171
0.00298922
0.00268738
0.00241366
0.0021657
0.00194132
0.00173849
0.00155533
0.00139011
0.00124123
0.00110721
0.000986702
0.000878448
0.000781308
0.000694232
0.000616257
0.000546507
0.000484179
0.00042854
0.000378924
0.000334726
0.000330827
0.00037451
0.000423547
0.000478538
0.00054014
0.000609078
0.000686143
0.000772206
0.000868214
0.000975206
0.00109431
0.00122677
0.00137392
0.00153721
0.00171824
0.00191871
0.00214047
0.00238554
0.00265607
0.00295439
0.00328301
0.00364462
0.00404212
0.00447859
0.00495735
0.00548193
0.0060561
0.00668388
0.00736954
0.0081176
0.00893287
0.00982042
0.0107856
0.0118341
0.0129719
0.0142052
0.0155405
0.0169847
0.0185451
0.0202291
0.0220444
0.0239992
0.0261018
0.0283609
0.0307855
0.0333847
0.036168
0.0391452
0.042326
0.0457207
0.0493394
0.0531925
0.0572906
0.0616441
0.0662638
0.0711602
0.0763437
0.0818249
0.087614
0.0937211
0.100156
0.106928
0.114047
0.121521
0.129359
0.137567
0.146154
0.155125
0.164486
0.174241
0.184395
0.19495
0.205909
0.217271
0.229036
0.241202
0.253767
0.266726
0.280073
0.293801
0.307901
0.322362
0.337173
0.352321
0.36779
0.383563
0.399622
0.415947
0.432517
0.449307
0.466294
0.48345
0.500749
0.51816
0.535654
0.553197
0.570757
0.5883
0.605791
0.623192
0.640468
0.65758
0.67449
0.691159
0.70755
0.723622
0.739337
0.754655
0.76954
0.783951
0.797854
0.81121
0.823985
0.836143
0.847654
0.858483
0.868603
0.877984
0.8866
0.894427
0.901442
0.907625
0.912959
0.917428
0.921018
0.923721
0.925526
0.926431
0.926431
0.925526
0.923721
0.921018
0.917428
0.912959
0.907625
0.901442
0.894427
0.8866
0.877984
0.868603
0.858483
0.847654
0.836143
0.823985
0.81121
0.797854
0.783951
0.76954
0.754655
0.739337
0.723622
0.70755
0.691159
0.67449
0.65758
0.640468
0.623192
0.605791
0.5883
0.570757
0.553197
0.535654
0.51816
0.500749
0.48345
0.466294
0.449307
0.432517
0.415947
0.399622
0.383563
0.36779
0.352321
0.337173
0.322362
0.307901
0.293801
0.280073
0.266726
0.253767
0.241202
0.229036
0.217271
0.205909
0.19495
0.184395
0.174241
0.164486
0.155125
0.146154
0.137567
0.129359
0.121521
0.114047
0.106928
0.100156
0.0937211
0.087614
0.0818249
0.0763437
0.0711602
0.0662638
0.0616441
0.0572906
0.0531925
0.0493394
0.0457207
0.042326
0.0391452
0.036168
0.0333847
0.0307855
0.0283609
0.0261018
0.0239992
0.0220444
0.0202291
0.0185451
0.0169847
0.0155405
0.0142052
0.0129719
0.0118341
0.0107856
0.00982042
0.00893287
0.0081176
0.00736954
0.00668388
0.0060561
0.00548193
0.00495735
0.00447859
0.00404212
0.00364462
0.00328301
0.00295439
0.00265607
0.00238554
0.00214047
0.00191871
0.00171824
0.00153721
0.00137392
0.00122677
0.00109431
0.000975206
0.000868214
0.000772206
0.000686143
0.000609078
0.00054014
0.000478538
0.000423547
0.00037451
0.000330827
0.000326653
0.000369785
0.000418204
0.000472501
0.000533326
0.000601394
0.000677488
0.000762464
0.000857261
0.000962904
0.00108051
0.0012113
0.00135659
0.00151782
0.00169656
0.0018945
0.00211347
0.00235545
0.00262256
0.00291712
0.0032416
0.00359865
0.00399113
0.00442209
0.00489481
0.00541277
0.0059797
0.00659956
0.00727657
0.0080152
0.00882018
0.00969654
0.0106496
0.0116848
0.0128082
0.014026
0.0153444
0.0167705
0.0183112
0.0199739
0.0217663
0.0236964
0.0257725
0.0280031
0.0303971
0.0329635
0.0357118
0.0386513
0.0417921
0.0451439
0.0487169
0.0525215
0.0565679
0.0608665
0.0654279
0.0702625
0.0753806
0.0807927
0.0865087
0.0925388
0.0988926
0.10558
0.112609
0.119988
0.127727
0.135832
0.14431
0.153168
0.162411
0.172043
0.182069
0.192491
0.203311
0.21453
0.226146
0.23816
0.250566
0.263361
0.27654
0.290094
0.304016
0.318295
0.33292
0.347876
0.36315
0.378724
0.394581
0.4107
0.42706
0.443639
0.460411
0.477352
0.494432
0.511624
0.528896
0.546218
0.563557
0.580879
0.598149
0.615331
0.632388
0.649284
0.665981
0.68244
0.698624
0.714493
0.73001
0.745135
0.759832
0.774062
0.787789
0.800976
0.81359
0.825595
0.83696
0.847654
0.857645
0.866908
0.875416
0.883143
0.89007
0.896175
0.901442
0.905854
0.9094
0.912068
0.913851
0.914744
0.914744
0.913851
0.912068
0.9094
0.905854
0.901442
0.896175
0.89007
0.883143
0.875416
0.866908
0.857645
0.847654
0.83696
0.825595
0.81359
0.800976
0.787789
0.774062
0.759832
0.745135
0.73001
0.714493
0.698624
0.68244
0.665981
0.649284
0.632388
0.615331
0.598149
0.580879
0.563557
0.546218
0.528896
0.511624
0.494432
0.477352
0.460411
0.443639
0.42706
0.4107
0.394581
0.378724
0.36315
0.347876
0.33292
0.318295
0.304016
0.290094
0.27654
0.263361
0.250566
0.23816
0.226146
0.21453
0.203311
0.192491
0.182069
0.172043
0.162411
0.153168
0.14431
0.135832
0.127727
0.119988
0.112609
0.10558
0.0988926
0.0925388
0.0865087
0.0807927
0.0753806
0.0702625
0.0654279
0.0608665
0.0565679
0.0525215
0.0487169
0.0451439
0.0417921
0.0386513
0.0357118
0.0329635
0.0303971
0.0280031
0.0257725
0.0236964
0.0217663
0.0199739
0.0183112
0.0167705
0.0153444
0.014026
0.0128082
0.0116848
0.0106496
0.00969654
0.00882018
0.0080152
0.00727657
0.00659956
0.0059797
0.00541277
0.00489481
0.00442209
0.00399113
0.00359865
0.0032416
0.00291712
0.00262256
0.00235545
0.00211347
0.0018945
0.00169656
0.00151782
0.00135659
0.0012113
0.00108051
0.000962904
0.000857261
0.000762464
0.000677488
0.000601394
0.000533326
0.000472501
0.000418204
0.000369785
0.000326653
0.000322218
0.000364764
0.000412525
0.000466085
0.000526084
0.000593228
0.000668288
0.000752111
0.000845621
0.000949829
0.00106584
0.00119485
0.00133817
0.00149721
0.00167353
0.00186878
0.00208477
0.00232346
0.00258695
0.00287751
0.00319758
0.00354978
0.00393693
0.00436204
0.00482834
0.00533927
0.0058985
0.00650995
0.00717776
0.00790636
0.00870041
0.00956487
0.010505
0.0115262
0.0126343
0.0138355
0.0151361
0.0165428
0.0180625
0.0197027
0.0214707
0.0233746
0.0254225
0.0276229
0.0299843
0.0325159
0.0352268
0.0381265
0.0412246
0.0445309
0.0480554
0.0518083
0.0557997
0.06004
0.0645395
0.0693084
0.074357
0.0796956
0.0853341
0.0912823
0.0975498
0.104146
0.111079
0.118359
0.125992
0.133987
0.142351
0.151088
0.160205
0.169707
0.179597
0.189877
0.20055
0.211617
0.223076
0.234926
0.247164
0.259785
0.272785
0.286155
0.299888
0.313973
0.328399
0.343153
0.358219
0.373581
0.389223
0.405123
0.421261
0.437615
0.45416
0.47087
0.487718
0.504676
0.521715
0.538801
0.555905
0.572991
0.590026
0.606975
0.623801
0.640468
0.656938
0.673174
0.689138
0.704791
0.720097
0.735017
0.749514
0.763551
0.777091
0.7901
0.802542
0.814385
0.825595
0.836143
0.846
0.855137
0.863528
0.871151
0.877984
0.884006
0.889201
0.893554
0.897051
0.899683
0.901442
0.902323
0.902323
0.901442
0.899683
0.897051
0.893554
0.889201
0.884006
0.877984
0.871151
0.863528
0.855137
0.846
0.836143
0.825595
0.814385
0.802542
0.7901
0.777091
0.763551
0.749514
0.735017
0.720097
0.704791
0.689138
0.673174
0.656938
0.640468
0.623801
0.606975
0.590026
0.572991
0.555905
0.538801
0.521715
0.504676
0.487718
0.47087
0.45416
0.437615
0.421261
0.405123
0.389223
0.373581
0.358219
0.343153
0.328399
0.313973
0.299888
0.286155
0.272785
0.259785
0.247164
0.234926
0.223076
0.211617
0.20055
0.189877
0.179597
0.169707
0.160205
0.151088
0.142351
0.133987
0.125992
0.118359
0.111079
0.104146
0.0975498
0.0912823
0.0853341
0.0796956
0.074357
0.0693084
0.0645395
0.06004
0.0557997
0.0518083
0.0480554
0.0445309
0.0412246
0.0381265
0.0352268
0.0325159
0.0299843
0.0276229
0.0254225
0.0233746
0.0214707
0.0197027
0.0180625
0.0165428
0.0151361
0.0138355
0.0126343
0.0115262
0.010505
0.00956487
0.00870041
0.00790636
0.00717776
0.00650995
0.0058985
0.00533927
0.00482834
0.00436204
0.00393693
0.00354978
0.00319758
0.00287751
0.00258695
0.00232346
0.00208477
0.00186878
0.00167353
0.00149721
0.00133817
0.00119485
0.00106584
0.000949829
0.000845621
0.000752111
0.000668288
0.000593228
0.000526084
0.000466085
0.000412525
0.000364764
0.000322218
0.000317532
0.00035946
0.000406527
0.000459307
0.000518434
0.000584602
0.00065857
0.000741174
0.000833324
0.000936017
0.00105034
0.00117747
0.00131871
0.00147544
0.00164919
0.0018416
0.00205446
0.00228967
0.00254933
0.00283567
0.00315108
0.00349816
0.00387968
0.00429861
0.00475813
0.00526163
0.00581273
0.00641528
0.00707339
0.00779139
0.00857389
0.00942578
0.0103522
0.0113586
0.0124506
0.0136343
0.014916
0.0163022
0.0177999
0.0194161
0.0211585
0.0230347
0.0250529
0.0272212
0.0295483
0.0320431
0.0347146
0.0375721
0.0406251
0.0438833
0.0473566
0.0510549
0.0549883
0.0591669
0.0636009
0.0683005
0.0732758
0.0785367
0.0840932
0.0899549
0.0961312
0.102631
0.109464
0.116638
0.12416
0.132039
0.14028
0.148891
0.157876
0.167239
0.176985
0.187116
0.197634
0.208539
0.219832
0.231509
0.243569
0.256007
0.268818
0.281994
0.295527
0.309408
0.323624
0.338163
0.35301
0.368149
0.383563
0.399232
0.415135
0.431251
0.447555
0.464022
0.480626
0.497338
0.514128
0.530966
0.547821
0.564659
0.581446
0.598149
0.61473
0.631154
0.647385
0.663385
0.679116
0.694542
0.709626
0.724329
0.738615
0.752448
0.765791
0.778611
0.790872
0.802542
0.81359
0.823985
0.833697
0.842701
0.850971
0.858483
0.865217
0.871151
0.876271
0.88056
0.884006
0.8866
0.888333
0.889201
0.889201
0.888333
0.8866
0.884006
0.88056
0.876271
0.871151
0.865217
0.858483
0.850971
0.842701
0.833697
0.823985
0.81359
0.802542
0.790872
0.778611
0.765791
0.752448
0.738615
0.724329
0.709626
0.694542
0.679116
0.663385
0.647385
0.631154
0.61473
0.598149
0.581446
0.564659
0.547821
0.530966
0.514128
0.497338
0.480626
0.464022
0.447555
0.431251
0.415135
0.399232
0.383563
0.368149
0.35301
0.338163
0.323624
0.309408
0.295527
0.281994
0.268818
0.256007
0.243569
0.231509
0.219832
0.208539
0.197634
0.187116
0.176985
0.167239
0.157876
0.148891
0.14028
0.132039
0.12416
0.116638
0.109464
0.102631
0.0961312
0.0899549
0.0840932
0.0785367
0.0732758
0.0683005
0.0636009
0.0591669
0.0549883
0.0510549
0.0473566
0.0438833
0.0406251
0.0375721
0.0347146
0.0320431
0.0295483
0.0272212
0.0250529
0.0230347
0.0211585
0.0194161
0.0177999
0.0163022
0.014916
0.0136343
0.0124506
0.0113586
0.0103522
0.00942578
0.00857389
0.00779139
0.00707339
0.00641528
0.00581273
0.00526163
0.00475813
0.00429861
0.00387968
0.00349816
0.00315108
0.00283567
0.00254933
0.00228967
0.00205446
0.0018416
0.00164919
0.00147544
0.00131871
0.00117747
0.00105034
0.000936017
0.000833324
0.000741174
0.00065857
0.000584602
0.000518434
0.000459307
0.000406527
0.00035946
0.000317532
0.000312609
0.000353887
0.000400224
0.000452186
0.000510397
0.000575538
0.00064836
0.000729683
0.000820405
0.000921505
0.00103405
0.00115922
0.00129826
0.00145257
0.00162362
0.00181305
0.0020226
0.00225418
0.00250981
0.0027917
0.00310223
0.00344393
0.00381953
0.00423197
0.00468436
0.00518006
0.00572261
0.00631582
0.00696372
0.00767059
0.00844097
0.00927965
0.0101917
0.0111825
0.0122576
0.0134229
0.0146847
0.0160495
0.0175239
0.0191151
0.0208305
0.0226776
0.0246644
0.0267992
0.0290902
0.0315463
0.0341764
0.0369896
0.0399953
0.043203
0.0466224
0.0502634
0.0541358
0.0582496
0.0626149
0.0672416
0.0721397
0.0773191
0.0827894
0.0885602
0.0946409
0.10104
0.107767
0.11483
0.122235
0.129992
0.138106
0.146583
0.155428
0.164646
0.174241
0.184215
0.19457
0.205306
0.216424
0.22792
0.239793
0.252038
0.26465
0.277622
0.290946
0.304611
0.318606
0.33292
0.347537
0.362441
0.377616
0.393042
0.408699
0.424565
0.440617
0.456828
0.473175
0.489627
0.506157
0.522734
0.539328
0.555905
0.572432
0.588875
0.605199
0.621369
0.637348
0.6531
0.668588
0.683775
0.698624
0.713099
0.727164
0.740782
0.753919
0.766539
0.778611
0.7901
0.800976
0.81121
0.820772
0.829637
0.837778
0.845174
0.851803
0.857645
0.862686
0.866908
0.870301
0.872855
0.874561
0.875416
0.875416
0.874561
0.872855
0.870301
0.866908
0.862686
0.857645
0.851803
0.845174
0.837778
0.829637
0.820772
0.81121
0.800976
0.7901
0.778611
0.766539
0.753919
0.740782
0.727164
0.713099
0.698624
0.683775
0.668588
0.6531
0.637348
0.621369
0.605199
0.588875
0.572432
0.555905
0.539328
0.522734
0.506157
0.489627
0.473175
0.456828
0.440617
0.424565
0.408699
0.393042
0.377616
0.362441
0.347537
0.33292
0.318606
0.304611
0.290946
0.277622
0.26465
0.252038
0.239793
0.22792
0.216424
0.205306
0.19457
0.184215
0.174241
0.164646
0.155428
0.146583
0.138106
0.129992
0.122235
0.11483
0.107767
0.10104
0.0946409
0.0885602
0.0827894
0.0773191
0.0721397
0.0672416
0.0626149
0.0582496
0.0541358
0.0502634
0.0466224
0.043203
0.0399953
0.0369896
0.0341764
0.0315463
0.0290902
0.0267992
0.0246644
0.0226776
0.0208305
0.0191151
0.0175239
0.0160495
0.0146847
0.0134229
0.0122576
0.0111825
0.0101917
0.00927965
0.00844097
0.00767059
0.00696372
0.00631582
0.00572261
0.00518006
0.00468436
0.00423197
0.00381953
0.00344393
0.00310223
0.0027917
0.00250981
0.00225418
0.0020226
0.00181305
0.00162362
0.00145257
0.00129826
0.00115922
0.00103405
0.000921505
0.000820405
0.000729683
0.00064836
0.000575538
0.000510397
0.000452186
0.000400224
0.000353887
0.000312609
0.000307462
0.00034806
0.000393634
0.000444741
0.000501993
0.000566062
0.000637685
0.000717669
0.000806897
0.000906333
0.00101703
0.00114013
0.00127689
0.00142865
0.00159689
0.0017832
0.0019893
0.00221706
0.00246849
0.00274574
0.00305115
0.00338723
0.00375665
0.00416229
0.00460724
0.00509477
0.00562839
0.00621184
0.00684907
0.0075443
0.00830199
0.00912686
0.0100239
0.0109984
0.0120558
0.0132019
0.014443
0.0157852
0.0172354
0.0188004
0.0204875
0.0223042
0.0242584
0.0263579
0.0286113
0.0310269
0.0336137
0.0363806
0.0393368
0.0424917
0.0458548
0.0494358
0.0532445
0.0572906
0.061584
0.0661345
0.070952
0.0760461
0.0814263
0.0871021
0.0930826
0.0993767
0.105993
0.112939
0.120223
0.127852
0.135832
0.144169
0.152869
0.161936
0.171372
0.181182
0.191367
0.201926
0.21286
0.224168
0.235845
0.247889
0.260293
0.273051
0.286155
0.299595
0.313361
0.327438
0.341815
0.356474
0.371399
0.386571
0.40197
0.417575
0.433362
0.449307
0.465384
0.481566
0.497823
0.514128
0.530448
0.546752
0.563007
0.57918
0.595235
0.611139
0.626854
0.642347
0.65758
0.672517
0.687122
0.701358
0.715191
0.728585
0.741506
0.753919
0.765791
0.777091
0.787789
0.797854
0.807259
0.815977
0.823985
0.831259
0.837778
0.843525
0.848482
0.852635
0.855972
0.858483
0.860162
0.861002
0.861002
0.860162
0.858483
0.855972
0.852635
0.848482
0.843525
0.837778
0.831259
0.823985
0.815977
0.807259
0.797854
0.787789
0.777091
0.765791
0.753919
0.741506
0.728585
0.715191
0.701358
0.687122
0.672517
0.65758
0.642347
0.626854
0.611139
0.595235
0.57918
0.563007
0.546752
0.530448
0.514128
0.497823
0.481566
0.465384
0.449307
0.433362
0.417575
0.40197
0.386571
0.371399
0.356474
0.341815
0.327438
0.313361
0.299595
0.286155
0.273051
0.260293
0.247889
0.235845
0.224168
0.21286
0.201926
0.191367
0.181182
0.171372
0.161936
0.152869
0.144169
0.135832
0.127852
0.120223
0.112939
0.105993
0.0993767
0.0930826
0.0871021
0.0814263
0.0760461
0.070952
0.0661345
0.061584
0.0572906
0.0532445
0.0494358
0.0458548
0.0424917
0.0393368
0.0363806
0.0336137
0.0310269
0.0286113
0.0263579
0.0242584
0.0223042
0.0204875
0.0188004
0.0172354
0.0157852
0.014443
0.0132019
0.0120558
0.0109984
0.0100239
0.00912686
0.00830199
0.0075443
0.00684907
0.00621184
0.00562839
0.00509477
0.00460724
0.00416229
0.00375665
0.00338723
0.00305115
0.00274574
0.00246849
0.00221706
0.0019893
0.0017832
0.00159689
0.00142865
0.00127689
0.00114013
0.00101703
0.000906333
0.000806897
0.000717669
0.000637685
0.000566062
0.000501993
0.000444741
0.000393634
0.00034806
0.000307462
0.000302105
0.000341996
0.000386776
0.000436992
0.000493246
0.000556199
0.000626574
0.000705164
0.000792837
0.000890541
0.000999308
0.00112027
0.00125464
0.00140376
0.00156906
0.00175213
0.00195464
0.00217843
0.00242547
0.0026979
0.00299799
0.0033282
0.00369119
0.00408977
0.00452696
0.00500599
0.00553032
0.0061036
0.00672973
0.00741284
0.00815733
0.00896783
0.00984924
0.0108067
0.0118457
0.0129719
0.0141913
0.0155102
0.0169351
0.0184728
0.0201305
0.0219156
0.0238357
0.0258986
0.0281127
0.0304863
0.033028
0.0357466
0.0386513
0.0417513
0.0450558
0.0485744
0.0523167
0.0562923
0.0605109
0.0649822
0.0697157
0.074721
0.0800075
0.0855844
0.0914607
0.0976451
0.104146
0.110971
0.118128
0.125624
0.133465
0.141657
0.150205
0.159114
0.168386
0.178025
0.188032
0.198408
0.209151
0.220262
0.231736
0.243569
0.255758
0.268293
0.281169
0.294375
0.307901
0.321733
0.335859
0.350263
0.364927
0.379835
0.394966
0.410299
0.425811
0.441478
0.457275
0.473175
0.489149
0.505169
0.521205
0.537225
0.553197
0.569088
0.584863
0.60049
0.615932
0.631154
0.646122
0.660798
0.675149
0.689138
0.70273
0.71589
0.728585
0.740782
0.752448
0.763551
0.774062
0.783951
0.793192
0.801759
0.809627
0.816774
0.82318
0.828827
0.833697
0.837778
0.841057
0.843525
0.845174
0.846
0.846
0.845174
0.843525
0.841057
0.837778
0.833697
0.828827
0.82318
0.816774
0.809627
0.801759
0.793192
0.783951
0.774062
0.763551
0.752448
0.740782
0.728585
0.71589
0.70273
0.689138
0.675149
0.660798
0.646122
0.631154
0.615932
0.60049
0.584863
0.569088
0.553197
0.537225
0.521205
0.505169
0.489149
0.473175
0.457275
0.441478
0.425811
0.410299
0.394966
0.379835
0.364927
0.350263
0.335859
0.321733
0.307901
0.294375
0.281169
0.268293
0.255758
0.243569
0.231736
0.220262
0.209151
0.198408
0.188032
0.178025
0.168386
0.159114
0.150205
0.141657
0.133465
0.125624
0.118128
0.110971
0.104146
0.0976451
0.0914607
0.0855844
0.0800075
0.074721
0.0697157
0.0649822
0.0605109
0.0562923
0.0523167
0.0485744
0.0450558
0.0417513
0.0386513
0.0357466
0.033028
0.0304863
0.0281127
0.0258986
0.0238357
0.0219156
0.0201305
0.0184728
0.0169351
0.0155102
0.0141913
0.0129719
0.0118457
0.0108067
0.00984924
0.00896783
0.00815733
0.00741284
0.00672973
0.0061036
0.00553032
0.00500599
0.00452696
0.00408977
0.00369119
0.0033282
0.00299799
0.0026979
0.00242547
0.00217843
0.00195464
0.00175213
0.00156906
0.00140376
0.00125464
0.00112027
0.000999308
0.000890541
0.000792837
0.000705164
0.000626574
0.000556199
0.000493246
0.000436992
0.000386776
0.000341996
0.000302105
0.000296551
0.000335708
0.000379665
0.000428958
0.000484179
0.000545974
0.000615055
0.000692201
0.000778262
0.000874169
0.000980937
0.00109967
0.00123157
0.00137795
0.00154022
0.00171992
0.00191871
0.00213838
0.00238088
0.0026483
0.00294287
0.00326702
0.00362333
0.00401458
0.00444374
0.00491397
0.00542865
0.00599139
0.00660601
0.00727657
0.00800737
0.00880297
0.00966817
0.010608
0.0116279
0.0127334
0.0139304
0.015225
0.0166237
0.0181332
0.0197605
0.0215127
0.0233975
0.0254225
0.0275959
0.0299258
0.0324208
0.0350895
0.0379408
0.0409837
0.0442275
0.0476814
0.0513549
0.0552575
0.0593985
0.0637875
0.0684341
0.0733474
0.0785367
0.0840111
0.0897793
0.09585
0.102231
0.108931
0.115956
0.123314
0.131011
0.139053
0.147444
0.156189
0.165291
0.174752
0.184575
0.19476
0.205306
0.216212
0.227475
0.239092
0.251056
0.263361
0.276
0.288963
0.30224
0.315818
0.329685
0.343823
0.358219
0.372853
0.387705
0.402756
0.417983
0.433362
0.448868
0.464476
0.480157
0.495883
0.511624
0.527349
0.543027
0.558626
0.574112
0.589451
0.604609
0.619551
0.634244
0.64865
0.662737
0.676469
0.689811
0.70273
0.715191
0.727164
0.738615
0.749514
0.759832
0.76954
0.778611
0.78702
0.794743
0.801759
0.808047
0.81359
0.818371
0.822377
0.825595
0.828018
0.829637
0.830447
0.830447
0.829637
0.828018
0.825595
0.822377
0.818371
0.81359
0.808047
0.801759
0.794743
0.78702
0.778611
0.76954
0.759832
0.749514
0.738615
0.727164
0.715191
0.70273
0.689811
0.676469
0.662737
0.64865
0.634244
0.619551
0.604609
0.589451
0.574112
0.558626
0.543027
0.527349
0.511624
0.495883
0.480157
0.464476
0.448868
0.433362
0.417983
0.402756
0.387705
0.372853
0.358219
0.343823
0.329685
0.315818
0.30224
0.288963
0.276
0.263361
0.251056
0.239092
0.227475
0.216212
0.205306
0.19476
0.184575
0.174752
0.165291
0.156189
0.147444
0.139053
0.131011
0.123314
0.115956
0.108931
0.102231
0.09585
0.0897793
0.0840111
0.0785367
0.0733474
0.0684341
0.0637875
0.0593985
0.0552575
0.0513549
0.0476814
0.0442275
0.0409837
0.0379408
0.0350895
0.0324208
0.0299258
0.0275959
0.0254225
0.0233975
0.0215127
0.0197605
0.0181332
0.0166237
0.015225
0.0139304
0.0127334
0.0116279
0.010608
0.00966817
0.00880297
0.00800737
0.00727657
0.00660601
0.00599139
0.00542865
0.00491397
0.00444374
0.00401458
0.00362333
0.00326702
0.00294287
0.0026483
0.00238088
0.00213838
0.00191871
0.00171992
0.00154022
0.00137795
0.00123157
0.00109967
0.000980937
0.000874169
0.000778262
0.000692201
0.000615055
0.000545974
0.000484179
0.000428958
0.000379665
0.000335708
0.000296551
0.000290815
0.000329215
0.000372322
0.000420662
0.000474814
0.000535414
0.000603159
0.000678812
0.000763209
0.000857261
0.000961964
0.0010784
0.00120775
0.0013513
0.00151043
0.00168665
0.0018816
0.00209702
0.00233483
0.00259708
0.00288595
0.00320383
0.00355325
0.00393693
0.00435779
0.00481892
0.00532365
0.00587551
0.00647824
0.00713583
0.0078525
0.00863271
0.00948117
0.0104029
0.011403
0.0124871
0.013661
0.0149306
0.0163022
0.0177825
0.0193783
0.0210966
0.0229449
0.0249308
0.0270622
0.029347
0.0317937
0.0344108
0.0372069
0.040191
0.0433721
0.0467592
0.0503616
0.0541887
0.0582496
0.0625538
0.0671104
0.0719287
0.0770176
0.0823862
0.0880429
0.0939961
0.100254
0.106824
0.113714
0.120929
0.128477
0.136363
0.144592
0.153168
0.162094
0.171372
0.181005
0.190993
0.201335
0.21203
0.223076
0.234467
0.2462
0.258267
0.270662
0.283374
0.296394
0.30971
0.323308
0.337173
0.35129
0.365641
0.380206
0.394966
0.409899
0.42498
0.440187
0.455492
0.47087
0.486291
0.501728
0.517149
0.532524
0.547821
0.563007
0.57805
0.592914
0.607568
0.621976
0.636104
0.649919
0.663385
0.676469
0.689138
0.701358
0.713099
0.724329
0.735017
0.745135
0.754655
0.763551
0.771797
0.779371
0.786252
0.792418
0.797854
0.802542
0.806471
0.809627
0.812002
0.81359
0.814385
0.814385
0.81359
0.812002
0.809627
0.806471
0.802542
0.797854
0.792418
0.786252
0.779371
0.771797
0.763551
0.754655
0.745135
0.735017
0.724329
0.713099
0.701358
0.689138
0.676469
0.663385
0.649919
0.636104
0.621976
0.607568
0.592914
0.57805
0.563007
0.547821
0.532524
0.517149
0.501728
0.486291
0.47087
0.455492
0.440187
0.42498
0.409899
0.394966
0.380206
0.365641
0.35129
0.337173
0.323308
0.30971
0.296394
0.283374
0.270662
0.258267
0.2462
0.234467
0.223076
0.21203
0.201335
0.190993
0.181005
0.171372
0.162094
0.153168
0.144592
0.136363
0.128477
0.120929
0.113714
0.106824
0.100254
0.0939961
0.0880429
0.0823862
0.0770176
0.0719287
0.0671104
0.0625538
0.0582496
0.0541887
0.0503616
0.0467592
0.0433721
0.040191
0.0372069
0.0344108
0.0317937
0.029347
0.0270622
0.0249308
0.0229449
0.0210966
0.0193783
0.0177825
0.0163022
0.0149306
0.013661
0.0124871
0.011403
0.0104029
0.00948117
0.00863271
0.0078525
0.00713583
0.00647824
0.00587551
0.00532365
0.00481892
0.00435779
0.00393693
0.00355325
0.00320383
0.00288595
0.00259708
0.00233483
0.00209702
0.0018816
0.00168665
0.00151043
0.0013513
0.00120775
0.0010784
0.000961964
0.000857261
0.000763209
0.000678812
0.000603159
0.000535414
0.000474814
0.000420662
0.000372322
0.000329215
0.000290815
0.000284912
0.000322533
0.000364764
0.000412123
0.000465176
0.000524545
0.000590915
0.000665033
0.000747717
0.00083986
0.000942437
0.00105651
0.00118324
0.00132387
0.00147977
0.00165241
0.0018434
0.00205446
0.00228744
0.00254436
0.00282737
0.0031388
0.00348112
0.00385702
0.00426933
0.0047211
0.00521559
0.00575624
0.00634674
0.00699098
0.0076931
0.00845747
0.00928871
0.0101917
0.0111716
0.0122337
0.0133837
0.0146275
0.0159713
0.0174215
0.0189849
0.0206684
0.0224792
0.0244248
0.0265128
0.0287513
0.0311483
0.0337123
0.0364517
0.0393752
0.0424917
0.04581
0.0493394
0.0530887
0.0570672
0.061284
0.0657481
0.0704686
0.0754543
0.0807138
0.0862557
0.0920881
0.0982189
0.104656
0.111405
0.118475
0.125869
0.133595
0.141657
0.150059
0.158803
0.167894
0.177331
0.187116
0.197248
0.207726
0.218547
0.229708
0.241202
0.253025
0.265168
0.277622
0.290378
0.303423
0.316745
0.330329
0.344159
0.358219
0.372489
0.386949
0.401578
0.416353
0.431251
0.446246
0.461312
0.47642
0.491543
0.506652
0.521715
0.536701
0.551579
0.566316
0.580879
0.595235
0.609351
0.623192
0.636726
0.649919
0.662737
0.675149
0.687122
0.698624
0.709626
0.720097
0.73001
0.739337
0.748052
0.756131
0.763551
0.770291
0.776333
0.781658
0.786252
0.7901
0.793192
0.79552
0.797075
0.797854
0.797854
0.797075
0.79552
0.793192
0.7901
0.786252
0.781658
0.776333
0.770291
0.763551
0.756131
0.748052
0.739337
0.73001
0.720097
0.709626
0.698624
0.687122
0.675149
0.662737
0.649919
0.636726
0.623192
0.609351
0.595235
0.580879
0.566316
0.551579
0.536701
0.521715
0.506652
0.491543
0.47642
0.461312
0.446246
0.431251
0.416353
0.401578
0.386949
0.372489
0.358219
0.344159
0.330329
0.316745
0.303423
0.290378
0.277622
0.265168
0.253025
0.241202
0.229708
0.218547
0.207726
0.197248
0.187116
0.177331
0.167894
0.158803
0.150059
0.141657
0.133595
0.125869
0.118475
0.111405
0.104656
0.0982189
0.0920881
0.0862557
0.0807138
0.0754543
0.0704686
0.0657481
0.061284
0.0570672
0.0530887
0.0493394
0.04581
0.0424917
0.0393752
0.0364517
0.0337123
0.0311483
0.0287513
0.0265128
0.0244248
0.0224792
0.0206684
0.0189849
0.0174215
0.0159713
0.0146275
0.0133837
0.0122337
0.0111716
0.0101917
0.00928871
0.00845747
0.0076931
0.00699098
0.00634674
0.00575624
0.00521559
0.0047211
0.00426933
0.00385702
0.00348112
0.0031388
0.00282737
0.00254436
0.00228744
0.00205446
0.0018434
0.00165241
0.00147977
0.00132387
0.00118324
0.00105651
0.000942437
0.00083986
0.000747717
0.000665033
0.000590915
0.000524545
0.000465176
0.000412123
0.000364764
0.000322533
0.000284912
0.000278856
0.000315677
0.000357011
0.000403363
0.000455288
0.000513396
0.000578355
0.000650898
0.000731824
0.000822009
0.000922406
0.00103405
0.00115809
0.00129573
0.00144832
0.00161729
0.00180422
0.00201079
0.00223882
0.00249028
0.00276727
0.00307208
0.00340713
0.00377503
0.00417858
0.00462075
0.00510473
0.00563389
0.00621184
0.00684238
0.00752958
0.00827771
0.00909128
0.00997507
0.0109341
0.0119736
0.0130992
0.0143166
0.0156318
0.0170512
0.0185814
0.0202291
0.0220014
0.0239056
0.0259493
0.0281402
0.0304863
0.0329957
0.0356769
0.0385383
0.0415885
0.0448363
0.0482906
0.0519603
0.0558542
0.0599814
0.0643507
0.0689708
0.0738505
0.0789982
0.0844223
0.0901307
0.0961312
0.102431
0.109037
0.115956
0.123194
0.130756
0.138646
0.146869
0.155428
0.164325
0.173562
0.183139
0.193056
0.203311
0.213902
0.224825
0.236076
0.247647
0.259532
0.271721
0.284206
0.296974
0.310013
0.323308
0.336844
0.350605
0.364571
0.378724
0.393042
0.407504
0.422085
0.436761
0.451506
0.466294
0.481096
0.495883
0.510625
0.525293
0.539855
0.554279
0.568532
0.582583
0.596399
0.609946
0.623192
0.636104
0.64865
0.660798
0.672517
0.683775
0.694542
0.704791
0.714493
0.723622
0.732152
0.740059
0.747322
0.753919
0.759832
0.765044
0.76954
0.773306
0.776333
0.778611
0.780133
0.780895
0.780895
0.780133
0.778611
0.776333
0.773306
0.76954
0.765044
0.759832
0.753919
0.747322
0.740059
0.732152
0.723622
0.714493
0.704791
0.694542
0.683775
0.672517
0.660798
0.64865
0.636104
0.623192
0.609946
0.596399
0.582583
0.568532
0.554279
0.539855
0.525293
0.510625
0.495883
0.481096
0.466294
0.451506
0.436761
0.422085
0.407504
0.393042
0.378724
0.364571
0.350605
0.336844
0.323308
0.310013
0.296974
0.284206
0.271721
0.259532
0.247647
0.236076
0.224825
0.213902
0.203311
0.193056
0.183139
0.173562
0.164325
0.155428
0.146869
0.138646
0.130756
0.123194
0.115956
0.109037
0.102431
0.0961312
0.0901307
0.0844223
0.0789982
0.0738505
0.0689708
0.0643507
0.0599814
0.0558542
0.0519603
0.0482906
0.0448363
0.0415885
0.0385383
0.0356769
0.0329957
0.0304863
0.0281402
0.0259493
0.0239056
0.0220014
0.0202291
0.0185814
0.0170512
0.0156318
0.0143166
0.0130992
0.0119736
0.0109341
0.00997507
0.00909128
0.00827771
0.00752958
0.00684238
0.00621184
0.00563389
0.00510473
0.00462075
0.00417858
0.00377503
0.00340713
0.00307208
0.00276727
0.00249028
0.00223882
0.00201079
0.00180422
0.00161729
0.00144832
0.00129573
0.00115809
0.00103405
0.000922406
0.000822009
0.000731824
0.000650898
0.000578355
0.000513396
0.000455288
0.000403363
0.000357011
0.000315677
0.000278856
0.000272663
0.000308666
0.000349082
0.000394404
0.000445176
0.000501993
0.00056551
0.000636441
0.00071557
0.000803751
0.000901919
0.00101109
0.00113236
0.00126695
0.00141615
0.00158137
0.00176415
0.00196613
0.00218909
0.00243497
0.00270581
0.00300385
0.00333146
0.00369119
0.00408577
0.00451812
0.00499135
0.00550876
0.00607387
0.00669041
0.00736234
0.00809385
0.00888936
0.00975352
0.0106912
0.0117077
0.0128082
0.0139986
0.0152846
0.0166725
0.0181687
0.0197798
0.0215127
0.0233746
0.0253729
0.0275152
0.0298092
0.0322629
0.0348845
0.0376823
0.0406648
0.0438405
0.0472181
0.0508062
0.0546137
0.0586492
0.0629214
0.0674389
0.0722102
0.0772436
0.0825472
0.0881289
0.0939961
0.100156
0.106616
0.113381
0.120458
0.127852
0.135567
0.143607
0.151976
0.160675
0.169707
0.179071
0.188768
0.198796
0.209151
0.219832
0.230832
0.242146
0.253767
0.265686
0.277893
0.290378
0.303127
0.316127
0.329363
0.342818
0.356474
0.370312
0.384313
0.398453
0.41271
0.42706
0.441478
0.455937
0.47041
0.484869
0.499284
0.513626
0.527864
0.541968
0.555905
0.569644
0.583152
0.596399
0.609351
0.621976
0.634244
0.646122
0.65758
0.668588
0.679116
0.689138
0.698624
0.70755
0.71589
0.723622
0.730723
0.737174
0.742955
0.748052
0.752448
0.756131
0.75909
0.761317
0.762806
0.763551
0.763551
0.762806
0.761317
0.75909
0.756131
0.752448
0.748052
0.742955
0.737174
0.730723
0.723622
0.71589
0.70755
0.698624
0.689138
0.679116
0.668588
0.65758
0.646122
0.634244
0.621976
0.609351
0.596399
0.583152
0.569644
0.555905
0.541968
0.527864
0.513626
0.499284
0.484869
0.47041
0.455937
0.441478
0.42706
0.41271
0.398453
0.384313
0.370312
0.356474
0.342818
0.329363
0.316127
0.303127
0.290378
0.277893
0.265686
0.253767
0.242146
0.230832
0.219832
0.209151
0.198796
0.188768
0.179071
0.169707
0.160675
0.151976
0.143607
0.135567
0.127852
0.120458
0.113381
0.106616
0.100156
0.0939961
0.0881289
0.0825472
0.0772436
0.0722102
0.0674389
0.0629214
0.0586492
0.0546137
0.0508062
0.0472181
0.0438405
0.0406648
0.0376823
0.0348845
0.0322629
0.0298092
0.0275152
0.0253729
0.0233746
0.0215127
0.0197798
0.0181687
0.0166725
0.0152846
0.0139986
0.0128082
0.0117077
0.0106912
0.00975352
0.00888936
0.00809385
0.00736234
0.00669041
0.00607387
0.00550876
0.00499135
0.00451812
0.00408577
0.00369119
0.00333146
0.00300385
0.00270581
0.00243497
0.00218909
0.00196613
0.00176415
0.00158137
0.00141615
0.00126695
0.00113236
0.00101109
0.000901919
0.000803751
0.00071557
0.000636441
0.00056551
0.000501993
0.000445176
0.000394404
0.000349082
0.000308666
0.000272663
0.000266346
0.000301515
0.000340995
0.000385268
0.000434863
0.000490365
0.00055241
0.000621698
0.000698993
0.000785132
0.000881026
0.000987666
0.00110613
0.0012376
0.00138334
0.00154474
0.00172328
0.00192058
0.00213838
0.00237856
0.00264313
0.00293426
0.00325428
0.00360568
0.00399113
0.00441346
0.00487573
0.00538115
0.00593317
0.00653543
0.0071918
0.00790636
0.00868344
0.00952758
0.0104436
0.0114365
0.0125115
0.0136743
0.0149306
0.0162863
0.0177478
0.0193216
0.0210144
0.0228332
0.0247852
0.0268778
0.0291186
0.0315155
0.0340764
0.0368094
0.0397228
0.0428249
0.0461243
0.0496293
0.0533486
0.0572906
0.0614638
0.0658767
0.0705375
0.0754543
0.080635
0.0860874
0.0918187
0.097836
0.104146
0.110754
0.117667
0.12489
0.132426
0.14028
0.148455
0.156953
0.165776
0.174923
0.184395
0.19419
0.204306
0.214739
0.225485
0.236537
0.247889
0.259532
0.271456
0.283651
0.296105
0.308804
0.321733
0.334876
0.348216
0.361734
0.37541
0.389223
0.40315
0.417167
0.431251
0.445375
0.459513
0.473637
0.487718
0.501728
0.515636
0.529413
0.543027
0.556448
0.569644
0.582583
0.595235
0.607568
0.619551
0.631154
0.642347
0.6531
0.663385
0.673174
0.68244
0.691159
0.699307
0.706859
0.713796
0.720097
0.725745
0.730723
0.735017
0.738615
0.741506
0.743681
0.745135
0.745863
0.745863
0.745135
0.743681
0.741506
0.738615
0.735017
0.730723
0.725745
0.720097
0.713796
0.706859
0.699307
0.691159
0.68244
0.673174
0.663385
0.6531
0.642347
0.631154
0.619551
0.607568
0.595235
0.582583
0.569644
0.556448
0.543027
0.529413
0.515636
0.501728
0.487718
0.473637
0.459513
0.445375
0.431251
0.417167
0.40315
0.389223
0.37541
0.361734
0.348216
0.334876
0.321733
0.308804
0.296105
0.283651
0.271456
0.259532
0.247889
0.236537
0.225485
0.214739
0.204306
0.19419
0.184395
0.174923
0.165776
0.156953
0.148455
0.14028
0.132426
0.12489
0.117667
0.110754
0.104146
0.097836
0.0918187
0.0860874
0.080635
0.0754543
0.0705375
0.0658767
0.0614638
0.0572906
0.0533486
0.0496293
0.0461243
0.0428249
0.0397228
0.0368094
0.0340764
0.0315155
0.0291186
0.0268778
0.0247852
0.0228332
0.0210144
0.0193216
0.0177478
0.0162863
0.0149306
0.0136743
0.0125115
0.0114365
0.0104436
0.00952758
0.00868344
0.00790636
0.0071918
0.00653543
0.00593317
0.00538115
0.00487573
0.00441346
0.00399113
0.00360568
0.00325428
0.00293426
0.00264313
0.00237856
0.00213838
0.00192058
0.00172328
0.00154474
0.00138334
0.0012376
0.00110613
0.000987666
0.000881026
0.000785132
0.000698993
0.000621698
0.00055241
0.000490365
0.000434863
0.000385268
0.000340995
0.000301515
0.000266346
0.000259923
0.000294243
0.000332771
0.000375976
0.000424375
0.000478538
0.000539086
0.000606703
0.000682135
0.000766196
0.000859777
0.000963845
0.00107946
0.00120775
0.00134998
0.00150748
0.00168172
0.00187426
0.00208681
0.00232119
0.00257938
0.00286349
0.0031758
0.00351872
0.00389487
0.00430702
0.00475813
0.00525136
0.00579007
0.0063778
0.00701834
0.00771567
0.00847401
0.00929779
0.0101917
0.0111606
0.0122098
0.0133445
0.0145705
0.0158935
0.0173197
0.0188556
0.0205075
0.0222825
0.0241874
0.0262295
0.0284163
0.0307554
0.0332545
0.0359216
0.0387647
0.0417921
0.0450118
0.0484323
0.0520619
0.0559088
0.0599814
0.0642878
0.0688362
0.0736344
0.0786902
0.0840111
0.0896042
0.0954763
0.101634
0.108083
0.11483
0.121878
0.129232
0.136897
0.144875
0.153168
0.161778
0.170704
0.179948
0.189507
0.199379
0.20956
0.220047
0.230832
0.24191
0.253272
0.264909
0.27681
0.288963
0.301356
0.313973
0.3268
0.339818
0.35301
0.366356
0.379835
0.393426
0.407106
0.42085
0.434634
0.44843
0.462213
0.475955
0.489627
0.5032
0.516644
0.52993
0.543027
0.555905
0.568532
0.580879
0.592914
0.604609
0.615932
0.626854
0.637348
0.647385
0.656938
0.665981
0.67449
0.68244
0.689811
0.69658
0.70273
0.708241
0.713099
0.71729
0.720801
0.723622
0.725745
0.727164
0.727874
0.727874
0.727164
0.725745
0.723622
0.720801
0.71729
0.713099
0.708241
0.70273
0.69658
0.689811
0.68244
0.67449
0.665981
0.656938
0.647385
0.637348
0.626854
0.615932
0.604609
0.592914
0.580879
0.568532
0.555905
0.543027
0.52993
0.516644
0.5032
0.489627
0.475955
0.462213
0.44843
0.434634
0.42085
0.407106
0.393426
0.379835
0.366356
0.35301
0.339818
0.3268
0.313973
0.301356
0.288963
0.27681
0.264909
0.253272
0.24191
0.230832
0.220047
0.20956
0.199379
0.189507
0.179948
0.170704
0.161778
0.153168
0.144875
0.136897
0.129232
0.121878
0.11483
0.108083
0.101634
0.0954763
0.0896042
0.0840111
0.0786902
0.0736344
0.0688362
0.0642878
0.0599814
0.0559088
0.0520619
0.0484323
0.0450118
0.0417921
0.0387647
0.0359216
0.0332545
0.0307554
0.0284163
0.0262295
0.0241874
0.0222825
0.0205075
0.0188556
0.0173197
0.0158935
0.0145705
0.0133445
0.0122098
0.0111606
0.0101917
0.00929779
0.00847401
0.00771567
0.00701834
0.0063778
0.00579007
0.00525136
0.00475813
0.00430702
0.00389487
0.00351872
0.0031758
0.00286349
0.00257938
0.00232119
0.00208681
0.00187426
0.00168172
0.00150748
0.00134998
0.00120775
0.00107946
0.000963845
0.000859777
0.000766196
0.000682135
0.000606703
0.000539086
0.000478538
0.000424375
0.000375976
0.000332771
0.000294243
0.000259923
0.000253406
0.000286866
0.000324428
0.00036655
0.000413736
0.00046654
0.000525571
0.000591493
0.000665033
0.000746987
0.000838221
0.00093968
0.00105239
0.00117747
0.00131613
0.00146969
0.00163956
0.00182727
0.00203449
0.002263
0.00251472
0.0027917
0.00309617
0.0034305
0.00379722
0.00419904
0.00463884
0.00511971
0.0056449
0.0062179
0.00684238
0.00752223
0.00826155
0.00906469
0.00993618
0.0108808
0.0119037
0.0130099
0.0142052
0.015495
0.0168855
0.0183828
0.0199934
0.0217238
0.023581
0.0255719
0.0277039
0.0299843
0.0324208
0.035021
0.0377929
0.0407443
0.0438833
0.0472181
0.0507566
0.0545071
0.0584776
0.0626761
0.0671104
0.0717883
0.0767174
0.0819048
0.0873577
0.0930826
0.099086
0.105373
0.111951
0.118822
0.125992
0.133465
0.141243
0.149328
0.157722
0.166425
0.175436
0.184756
0.19438
0.204306
0.21453
0.225045
0.235845
0.246922
0.258267
0.26987
0.281719
0.293801
0.306102
0.318606
0.331298
0.344159
0.357171
0.370312
0.383563
0.396899
0.410299
0.423737
0.437188
0.450625
0.464022
0.477352
0.490584
0.503692
0.516644
0.529413
0.541968
0.554279
0.566316
0.57805
0.589451
0.60049
0.611139
0.621369
0.631154
0.640468
0.649284
0.65758
0.665331
0.672517
0.679116
0.685111
0.690485
0.695221
0.699307
0.70273
0.70548
0.70755
0.708933
0.709626
0.709626
0.708933
0.70755
0.70548
0.70273
0.699307
0.695221
0.690485
0.685111
0.679116
0.672517
0.665331
0.65758
0.649284
0.640468
0.631154
0.621369
0.611139
0.60049
0.589451
0.57805
0.566316
0.554279
0.541968
0.529413
0.516644
0.503692
0.490584
0.477352
0.464022
0.450625
0.437188
0.423737
0.410299
0.396899
0.383563
0.370312
0.357171
0.344159
0.331298
0.318606
0.306102
0.293801
0.281719
0.26987
0.258267
0.246922
0.235845
0.225045
0.21453
0.204306
0.19438
0.184756
0.175436
0.166425
0.157722
0.149328
0.141243
0.133465
0.125992
0.118822
0.111951
0.105373
0.099086
0.0930826
0.0873577
0.0819048
0.0767174
0.0717883
0.0671104
0.0626761
0.0584776
0.0545071
0.0507566
0.0472181
0.0438833
0.0407443
0.0377929
0.035021
0.0324208
0.0299843
0.0277039
0.0255719
0.023581
0.0217238
0.0199934
0.0183828
0.0168855
0.015495
0.0142052
0.0130099
0.0119037
0.0108808
0.00993618
0.00906469
0.00826155
0.00752223
0.00684238
0.0062179
0.0056449
0.00511971
0.00463884
0.00419904
0.00379722
0.0034305
0.00309617
0.0027917
0.00251472
0.002263
0.00203449
0.00182727
0.00163956
0.00146969
0.00131613
0.00117747
0.00105239
0.00093968
0.000838221
0.000746987
0.000665033
0.000591493
0.000525571
0.00046654
0.000413736
0.00036655
0.000324428
0.000286866
0.000253406
0.000246812
0.000279401
0.000315985
0.000357011
0.000402969
0.0004544
0.000511894
0.0005761
0.000647727
0.000727548
0.000816409
0.000915227
0.00102501
0.00114683
0.00128188
0.00143144
0.00159689
0.00177972
0.00198155
0.00220411
0.00244928
0.00271906
0.0030156
0.00334123
0.00369841
0.00408977
0.00451812
0.00498648
0.00549801
0.0060561
0.00666433
0.00732648
0.00804657
0.0088288
0.00967762
0.0105977
0.0115939
0.0126714
0.0138355
0.0150918
0.0164461
0.0179045
0.0194731
0.0211585
0.0229673
0.0249065
0.026983
0.0292041
0.0315771
0.0341097
0.0368094
0.039684
0.0427414
0.0459893
0.0494358
0.0530887
0.0569559
0.0610451
0.065364
0.0699202
0.074721
0.0797735
0.0850844
0.0906604
0.0965075
0.102631
0.109037
0.11573
0.122714
0.129992
0.137567
0.145442
0.153617
0.162094
0.170871
0.179948
0.189322
0.19899
0.208947
0.219189
0.229708
0.240497
0.251547
0.262847
0.274388
0.286155
0.298136
0.310315
0.322677
0.335203
0.347876
0.360676
0.373581
0.386571
0.399622
0.41271
0.425811
0.438899
0.451947
0.46493
0.477818
0.490584
0.5032
0.515636
0.527864
0.539855
0.551579
0.563007
0.574112
0.584863
0.595235
0.605199
0.61473
0.623801
0.632388
0.640468
0.648017
0.655016
0.661444
0.667283
0.672517
0.67713
0.681109
0.684443
0.687122
0.689138
0.690485
0.691159
0.691159
0.690485
0.689138
0.687122
0.684443
0.681109
0.67713
0.672517
0.667283
0.661444
0.655016
0.648017
0.640468
0.632388
0.623801
0.61473
0.605199
0.595235
0.584863
0.574112
0.563007
0.551579
0.539855
0.527864
0.515636
0.5032
0.490584
0.477818
0.46493
0.451947
0.438899
0.425811
0.41271
0.399622
0.386571
0.373581
0.360676
0.347876
0.335203
0.322677
0.310315
0.298136
0.286155
0.274388
0.262847
0.251547
0.240497
0.229708
0.219189
0.208947
0.19899
0.189322
0.179948
0.170871
0.162094
0.153617
0.145442
0.137567
0.129992
0.122714
0.11573
0.109037
0.102631
0.0965075
0.0906604
0.0850844
0.0797735
0.074721
0.0699202
0.065364
0.0610451
0.0569559
0.0530887
0.0494358
0.0459893
0.0427414
0.039684
0.0368094
0.0341097
0.0315771
0.0292041
0.026983
0.0249065
0.0229673
0.0211585
0.0194731
0.0179045
0.0164461
0.0150918
0.0138355
0.0126714
0.0115939
0.0105977
0.00967762
0.0088288
0.00804657
0.00732648
0.00666433
0.0060561
0.00549801
0.00498648
0.00451812
0.00408977
0.00369841
0.00334123
0.0030156
0.00271906
0.00244928
0.00220411
0.00198155
0.00177972
0.00159689
0.00143144
0.00128188
0.00114683
0.00102501
0.000915227
0.000816409
0.000727548
0.000647727
0.0005761
0.000511894
0.0004544
0.000402969
0.000357011
0.000315985
0.000279401
0.000246812
0.000240154
0.000271865
0.000307462
0.000347381
0.0003921
0.000442143
0.000498087
0.000560561
0.000630256
0.000707924
0.000794387
0.000890541
0.000997358
0.0011159
0.00124731
0.00139283
0.00155382
0.00173172
0.0019281
0.00214466
0.00238321
0.00264571
0.00293426
0.00325111
0.00359865
0.00397945
0.00439626
0.00485198
0.00534971
0.00589275
0.00648457
0.00712886
0.00782952
0.00859066
0.00941658
0.0103118
0.0112812
0.0123296
0.0134623
0.0146847
0.0160025
0.0174215
0.0189479
0.0205878
0.0223478
0.0242347
0.0262552
0.0284163
0.0307254
0.0331896
0.0358165
0.0386136
0.0415885
0.0447489
0.0481024
0.0516567
0.0554196
0.0593985
0.0636009
0.0680342
0.0727055
0.0776217
0.0827894
0.088215
0.0939044
0.0998631
0.106096
0.112609
0.119404
0.126486
0.133857
0.141519
0.149474
0.157722
0.166262
0.175094
0.184215
0.193622
0.203311
0.213276
0.223512
0.23401
0.244762
0.255758
0.266987
0.278437
0.290094
0.301945
0.313973
0.326162
0.338493
0.350947
0.363505
0.376144
0.388843
0.401578
0.414325
0.42706
0.439757
0.452389
0.46493
0.477352
0.489627
0.501728
0.513626
0.525293
0.536701
0.547821
0.558626
0.569088
0.57918
0.588875
0.598149
0.606975
0.615331
0.623192
0.630538
0.637348
0.643603
0.649284
0.654377
0.658865
0.662737
0.665981
0.668588
0.670549
0.67186
0.672517
0.672517
0.67186
0.670549
0.668588
0.665981
0.662737
0.658865
0.654377
0.649284
0.643603
0.637348
0.630538
0.623192
0.615331
0.606975
0.598149
0.588875
0.57918
0.569088
0.558626
0.547821
0.536701
0.525293
0.513626
0.501728
0.489627
0.477352
0.46493
0.452389
0.439757
0.42706
0.414325
0.401578
0.388843
0.376144
0.363505
0.350947
0.338493
0.326162
0.313973
0.301945
0.290094
0.278437
0.266987
0.255758
0.244762
0.23401
0.223512
0.213276
0.203311
0.193622
0.184215
0.175094
0.166262
0.157722
0.149474
0.141519
0.133857
0.126486
0.119404
0.112609
0.106096
0.0998631
0.0939044
0.088215
0.0827894
0.0776217
0.0727055
0.0680342
0.0636009
0.0593985
0.0554196
0.0516567
0.0481024
0.0447489
0.0415885
0.0386136
0.0358165
0.0331896
0.0307254
0.0284163
0.0262552
0.0242347
0.0223478
0.0205878
0.0189479
0.0174215
0.0160025
0.0146847
0.0134623
0.0123296
0.0112812
0.0103118
0.00941658
0.00859066
0.00782952
0.00712886
0.00648457
0.00589275
0.00534971
0.00485198
0.00439626
0.00397945
0.00359865
0.00325111
0.00293426
0.00264571
0.00238321
0.00214466
0.0019281
0.00173172
0.00155382
0.00139283
0.00124731
0.0011159
0.000997358
0.000890541
0.000794387
0.000707924
0.000630256
0.000560561
0.000498087
0.000442143
0.0003921
0.000347381
0.000307462
0.000271865
0.000240154
0.000233449
0.000264274
0.000298877
0.000337681
0.000381151
0.000429797
0.000484179
0.000544909
0.000612657
0.000688157
0.000772206
0.000865674
0.000969509
0.00108474
0.00121248
0.00135394
0.00151043
0.00168336
0.00187426
0.00208477
0.00231666
0.00257184
0.00285233
0.00316033
0.00349816
0.00386833
0.0042735
0.00471649
0.00520033
0.0057282
0.0063035
0.0069298
0.0076109
0.00835078
0.00915364
0.0100239
0.0109662
0.0119853
0.0130864
0.0142747
0.0155557
0.0169351
0.0184188
0.0200129
0.0217238
0.023558
0.025522
0.0276229
0.0298674
0.0322629
0.0348164
0.0375354
0.0404272
0.0434993
0.0467592
0.0502143
0.0538721
0.0577399
0.061825
0.0661345
0.0706754
0.0754543
0.0804777
0.0857517
0.0912823
0.0970746
0.103134
0.109464
0.11607
0.122954
0.130119
0.137567
0.1453
0.153318
0.16162
0.170205
0.179071
0.188216
0.197634
0.207321
0.217271
0.227475
0.237927
0.248616
0.259532
0.270662
0.281994
0.293514
0.305206
0.317054
0.329041
0.341148
0.353355
0.365641
0.377985
0.390365
0.402756
0.415135
0.427478
0.439757
0.451947
0.464022
0.475955
0.487718
0.499284
0.510625
0.521715
0.532524
0.543027
0.553197
0.563007
0.572432
0.581446
0.590026
0.598149
0.605791
0.612932
0.619551
0.625631
0.631154
0.636104
0.640468
0.644231
0.647385
0.649919
0.651825
0.6531
0.653738
0.653738
0.6531
0.651825
0.649919
0.647385
0.644231
0.640468
0.636104
0.631154
0.625631
0.619551
0.612932
0.605791
0.598149
0.590026
0.581446
0.572432
0.563007
0.553197
0.543027
0.532524
0.521715
0.510625
0.499284
0.487718
0.475955
0.464022
0.451947
0.439757
0.427478
0.415135
0.402756
0.390365
0.377985
0.365641
0.353355
0.341148
0.329041
0.317054
0.305206
0.293514
0.281994
0.270662
0.259532
0.248616
0.237927
0.227475
0.217271
0.207321
0.197634
0.188216
0.179071
0.170205
0.16162
0.153318
0.1453
0.137567
0.130119
0.122954
0.11607
0.109464
0.103134
0.0970746
0.0912823
0.0857517
0.0804777
0.0754543
0.0706754
0.0661345
0.061825
0.0577399
0.0538721
0.0502143
0.0467592
0.0434993
0.0404272
0.0375354
0.0348164
0.0322629
0.0298674
0.0276229
0.025522
0.023558
0.0217238
0.0200129
0.0184188
0.0169351
0.0155557
0.0142747
0.0130864
0.0119853
0.0109662
0.0100239
0.00915364
0.00835078
0.0076109
0.0069298
0.0063035
0.0057282
0.00520033
0.00471649
0.0042735
0.00386833
0.00349816
0.00316033
0.00285233
0.00257184
0.00231666
0.00208477
0.00187426
0.00168336
0.00151043
0.00135394
0.00121248
0.00108474
0.000969509
0.000865674
0.000772206
0.000688157
0.000612657
0.000544909
0.000484179
0.000429797
0.000381151
0.000337681
0.000298877
0.000264274
0.000233449
0.000226708
0.000256644
0.000290248
0.000327932
0.000370147
0.000417388
0.000470199
0.000529176
0.000594969
0.000668288
0.000749911
0.000840681
0.000941518
0.00105342
0.00117747
0.00131485
0.00146682
0.00163476
0.00182015
0.00202458
0.00224978
0.00249758
0.00276998
0.00306908
0.00339716
0.00375665
0.00415012
0.00458032
0.00505019
0.00556282
0.00612151
0.00672973
0.00739116
0.00810968
0.00888936
0.00973449
0.0106496
0.0116393
0.0127086
0.0138625
0.0151065
0.0164461
0.017887
0.0194351
0.0210966
0.0228778
0.0247852
0.0268253
0.0290051
0.0313314
0.0338112
0.0364517
0.03926
0.0422434
0.0454092
0.0487645
0.0523167
0.0560729
0.06004
0.0642251
0.0686348
0.0732758
0.0781541
0.0832759
0.0886468
0.0942719
0.100156
0.106304
0.112719
0.119404
0.126362
0.133595
0.141105
0.148891
0.156953
0.165291
0.173901
0.182782
0.191928
0.201335
0.210998
0.220908
0.231058
0.241438
0.252038
0.262847
0.273852
0.28504
0.296394
0.307901
0.319541
0.331298
0.343153
0.355084
0.367072
0.379094
0.391128
0.40315
0.415135
0.42706
0.438899
0.450625
0.462213
0.473637
0.484869
0.495883
0.506652
0.517149
0.527349
0.537225
0.546752
0.555905
0.564659
0.572991
0.580879
0.5883
0.595235
0.601664
0.607568
0.612932
0.617739
0.621976
0.625631
0.628694
0.631154
0.633006
0.634244
0.634863
0.634863
0.634244
0.633006
0.631154
0.628694
0.625631
0.621976
0.617739
0.612932
0.607568
0.601664
0.595235
0.5883
0.580879
0.572991
0.564659
0.555905
0.546752
0.537225
0.527349
0.517149
0.506652
0.495883
0.484869
0.473637
0.462213
0.450625
0.438899
0.42706
0.415135
0.40315
0.391128
0.379094
0.367072
0.355084
0.343153
0.331298
0.319541
0.307901
0.296394
0.28504
0.273852
0.262847
0.252038
0.241438
0.231058
0.220908
0.210998
0.201335
0.191928
0.182782
0.173901
0.165291
0.156953
0.148891
0.141105
0.133595
0.126362
0.119404
0.112719
0.106304
0.100156
0.0942719
0.0886468
0.0832759
0.0781541
0.0732758
0.0686348
0.0642251
0.06004
0.0560729
0.0523167
0.0487645
0.0454092
0.0422434
0.03926
0.0364517
0.0338112
0.0313314
0.0290051
0.0268253
0.0247852
0.0228778
0.0210966
0.0194351
0.017887
0.0164461
0.0151065
0.0138625
0.0127086
0.0116393
0.0106496
0.00973449
0.00888936
0.00810968
0.00739116
0.00672973
0.00612151
0.00556282
0.00505019
0.00458032
0.00415012
0.00375665
0.00339716
0.00306908
0.00276998
0.00249758
0.00224978
0.00202458
0.00182015
0.00163476
0.00146682
0.00131485
0.00117747
0.00105342
0.000941518
0.000840681
0.000749911
0.000668288
0.000594969
0.000529176
0.000470199
0.000417388
0.000370147
0.000327932
0.000290248
0.000256644
0.000226708
0.000219948
0.000248991
0.000281593
0.000318153
0.000359109
0.000404942
0.000456178
0.000513396
0.000577227
0.00064836
0.000727548
0.000815612
0.000913442
0.00102201
0.00114236
0.00127564
0.00142308
0.00158601
0.00176587
0.00196421
0.00218269
0.00242311
0.00268738
0.00297756
0.00329586
0.00364462
0.00402636
0.00444374
0.00489959
0.00539694
0.00593896
0.00652905
0.00717076
0.00786785
0.00862428
0.00944421
0.010332
0.0112922
0.0123296
0.0134492
0.0146561
0.0159557
0.0173536
0.0188556
0.0204675
0.0221956
0.0240461
0.0260254
0.0281402
0.0303971
0.032803
0.0353647
0.0380893
0.0409837
0.0440551
0.0473104
0.0507566
0.0544008
0.0582496
0.0623099
0.0665882
0.0710907
0.0758236
0.0807927
0.0860033
0.0914607
0.0971695
0.103134
0.109357
0.115843
0.122594
0.129612
0.136897
0.144451
0.152273
0.160362
0.168716
0.177331
0.186205
0.195332
0.204706
0.21432
0.224168
0.234238
0.244523
0.255009
0.265686
0.27654
0.287556
0.298719
0.310013
0.321419
0.33292
0.344496
0.356126
0.36779
0.379465
0.391128
0.402756
0.414325
0.425811
0.437188
0.44843
0.459513
0.47041
0.481096
0.491543
0.501728
0.511624
0.521205
0.530448
0.539328
0.547821
0.555905
0.563557
0.570757
0.577485
0.583722
0.589451
0.594654
0.599318
0.603429
0.606975
0.609946
0.612333
0.61413
0.615331
0.615932
0.615932
0.615331
0.61413
0.612333
0.609946
0.606975
0.603429
0.599318
0.594654
0.589451
0.583722
0.577485
0.570757
0.563557
0.555905
0.547821
0.539328
0.530448
0.521205
0.511624
0.501728
0.491543
0.481096
0.47041
0.459513
0.44843
0.437188
0.425811
0.414325
0.402756
0.391128
0.379465
0.36779
0.356126
0.344496
0.33292
0.321419
0.310013
0.298719
0.287556
0.27654
0.265686
0.255009
0.244523
0.234238
0.224168
0.21432
0.204706
0.195332
0.186205
0.177331
0.168716
0.160362
0.152273
0.144451
0.136897
0.129612
0.122594
0.115843
0.109357
0.103134
0.0971695
0.0914607
0.0860033
0.0807927
0.0758236
0.0710907
0.0665882
0.0623099
0.0582496
0.0544008
0.0507566
0.0473104
0.0440551
0.0409837
0.0380893
0.0353647
0.032803
0.0303971
0.0281402
0.0260254
0.0240461
0.0221956
0.0204675
0.0188556
0.0173536
0.0159557
0.0146561
0.0134492
0.0123296
0.0112922
0.010332
0.00944421
0.00862428
0.00786785
0.00717076
0.00652905
0.00593896
0.00539694
0.00489959
0.00444374
0.00402636
0.00364462
0.00329586
0.00297756
0.00268738
0.00242311
0.00218269
0.00196421
0.00176587
0.00158601
0.00142308
0.00127564
0.00114236
0.00102201
0.000913442
0.000815612
0.000727548
0.00064836
0.000577227
0.000513396
0.000456178
0.000404942
0.000359109
0.000318153
0.000281593
0.000248991
0.000219948
0.000213181
0.00024133
0.000272929
0.000308364
0.00034806
0.000392483
0.000442143
0.000497601
0.000559467
0.000628412
0.000705164
0.000790518
0.000885338
0.000990564
0.00110721
0.00123639
0.0013793
0.00153721
0.00171154
0.00190378
0.00211554
0.00234855
0.0026047
0.00288595
0.00319446
0.00353249
0.00390248
0.00430702
0.00474885
0.00523089
0.00575624
0.00632817
0.00695014
0.00762578
0.00835894
0.00915364
0.0100141
0.0109448
0.0119503
0.0130354
0.0142052
0.0154648
0.0168197
0.0182754
0.0198378
0.0215127
0.0233063
0.0252247
0.0272744
0.0294619
0.0317937
0.0342766
0.0369174
0.0397228
0.0426997
0.0458548
0.049195
0.052727
0.0564575
0.0603928
0.0645395
0.0689035
0.0734908
0.0783069
0.0833573
0.0886468
0.0941799
0.0999607
0.105993
0.112279
0.118822
0.125624
0.132685
0.140007
0.147588
0.155428
0.163525
0.171875
0.180476
0.189322
0.198408
0.207726
0.217271
0.227032
0.236999
0.247164
0.257512
0.268032
0.278709
0.289528
0.300474
0.31153
0.322677
0.333897
0.345169
0.356474
0.36779
0.379094
0.390365
0.401578
0.41271
0.423737
0.434634
0.445375
0.455937
0.466294
0.47642
0.486291
0.495883
0.505169
0.514128
0.522734
0.530966
0.538801
0.546218
0.553197
0.559718
0.565763
0.571315
0.576359
0.580879
0.584863
0.5883
0.59118
0.593494
0.595235
0.596399
0.596982
0.596982
0.596399
0.595235
0.593494
0.59118
0.5883
0.584863
0.580879
0.576359
0.571315
0.565763
0.559718
0.553197
0.546218
0.538801
0.530966
0.522734
0.514128
0.505169
0.495883
0.486291
0.47642
0.466294
0.455937
0.445375
0.434634
0.423737
0.41271
0.401578
0.390365
0.379094
0.36779
0.356474
0.345169
0.333897
0.322677
0.31153
0.300474
0.289528
0.278709
0.268032
0.257512
0.247164
0.236999
0.227032
0.217271
0.207726
0.198408
0.189322
0.180476
0.171875
0.163525
0.155428
0.147588
0.140007
0.132685
0.125624
0.118822
0.112279
0.105993
0.0999607
0.0941799
0.0886468
0.0833573
0.0783069
0.0734908
0.0689035
0.0645395
0.0603928
0.0564575
0.052727
0.049195
0.0458548
0.0426997
0.0397228
0.0369174
0.0342766
0.0317937
0.0294619
0.0272744
0.0252247
0.0233063
0.0215127
0.0198378
0.0182754
0.0168197
0.0154648
0.0142052
0.0130354
0.0119503
0.0109448
0.0100141
0.00915364
0.00835894
0.00762578
0.00695014
0.00632817
0.00575624
0.00523089
0.00474885
0.00430702
0.00390248
0.00353249
0.00319446
0.00288595
0.0026047
0.00234855
0.00211554
0.00190378
0.00171154
0.00153721
0.0013793
0.00123639
0.00110721
0.000990564
0.000885338
0.000790518
0.000705164
0.000628412
0.000559467
0.000497601
0.000442143
0.000392483
0.00034806
0.000308364
0.000272929
0.00024133
0.000213181
0.00020642
0.000233677
0.000264274
0.000298585
0.000337022
0.000380036
0.000428122
0.00048182
0.000541725
0.000608483
0.000682801
0.000765448
0.000857261
0.00095915
0.0010721
0.00119718
0.00133556
0.00148847
0.00165726
0.0018434
0.00204845
0.00227408
0.00252209
0.00279443
0.00309315
0.00342047
0.00377872
0.00417043
0.00459825
0.005065
0.00557369
0.00612749
0.00672973
0.00738394
0.00809385
0.00886335
0.00969654
0.0105977
0.0115713
0.012622
0.0137547
0.0149744
0.0162863
0.0176959
0.0192087
0.0208305
0.0225672
0.0244248
0.0264095
0.0285276
0.0307855
0.0331896
0.0357466
0.0384631
0.0413455
0.0444006
0.0476349
0.0510549
0.054667
0.0584776
0.0624927
0.0667183
0.0711602
0.0758236
0.0807138
0.0858355
0.0911932
0.0967906
0.102631
0.108718
0.115054
0.12164
0.128477
0.135567
0.142908
0.150499
0.158339
0.166425
0.174752
0.183318
0.192116
0.201139
0.21038
0.219832
0.229484
0.239325
0.249345
0.259532
0.26987
0.280347
0.290946
0.30165
0.312444
0.323308
0.334223
0.345169
0.356126
0.367072
0.377985
0.388843
0.399622
0.410299
0.42085
0.431251
0.441478
0.451506
0.461312
0.47087
0.480157
0.489149
0.497823
0.506157
0.514128
0.521715
0.528896
0.535654
0.541968
0.547821
0.553197
0.558081
0.562458
0.566316
0.569644
0.572432
0.574672
0.576359
0.577485
0.57805
0.57805
0.577485
0.576359
0.574672
0.572432
0.569644
0.566316
0.562458
0.558081
0.553197
0.547821
0.541968
0.535654
0.528896
0.521715
0.514128
0.506157
0.497823
0.489149
0.480157
0.47087
0.461312
0.451506
0.441478
0.431251
0.42085
0.410299
0.399622
0.388843
0.377985
0.367072
0.356126
0.345169
0.334223
0.323308
0.312444
0.30165
0.290946
0.280347
0.26987
0.259532
0.249345
0.239325
0.229484
0.219832
0.21038
0.201139
0.192116
0.183318
0.174752
0.166425
0.158339
0.150499
0.142908
0.135567
0.128477
0.12164
0.115054
0.108718
0.102631
0.0967906
0.0911932
0.0858355
0.0807138
0.0758236
0.0711602
0.0667183
0.0624927
0.0584776
0.054667
0.0510549
0.0476349
0.0444006
0.0413455
0.0384631
0.0357466
0.0331896
0.0307855
0.0285276
0.0264095
0.0244248
0.0225672
0.0208305
0.0192087
0.0176959
0.0162863
0.0149744
0.0137547
0.012622
0.0115713
0.0105977
0.00969654
0.00886335
0.00809385
0.00738394
0.00672973
0.00612749
0.00557369
0.005065
0.00459825
0.00417043
0.00377872
0.00342047
0.00309315
0.00279443
0.00252209
0.00227408
0.00204845
0.0018434
0.00165726
0.00148847
0.00133556
0.00119718
0.0010721
0.00095915
0.000857261
0.000765448
0.000682801
0.000608483
0.000541725
0.00048182
0.000428122
0.000380036
0.000337022
0.000298585
0.000264274
0.000233677
0.00020642
0.000199679
0.000226045
0.000255643
0.000288834
0.000326016
0.000367625
0.00041414
0.000466085
0.000524033
0.000588612
0.000660502
0.00074045
0.000829265
0.000927826
0.00103709
0.00115809
0.00129194
0.00143985
0.00160314
0.0017832
0.00198155
0.00219981
0.00243973
0.00270317
0.00299214
0.00330876
0.00365532
0.00403423
0.00444808
0.00489959
0.00539167
0.00592738
0.00650995
0.0071428
0.00782952
0.00857389
0.00937987
0.0102516
0.0111934
0.0122098
0.0133055
0.0144853
0.0157544
0.017118
0.0185814
0.0201502
0.0218302
0.0236271
0.025547
0.0275959
0.0297801
0.0321057
0.0345792
0.0372069
0.0399953
0.0429506
0.0460792
0.0493876
0.0528817
0.0565679
0.0604518
0.0645395
0.0688362
0.0733474
0.0780779
0.0830323
0.088215
0.0936296
0.0992797
0.105168
0.111297
0.117667
0.124282
0.131139
0.138241
0.145584
0.153168
0.16099
0.169045
0.177331
0.185841
0.19457
0.20351
0.212653
0.221989
0.231509
0.241202
0.251056
0.261057
0.271191
0.281444
0.291799
0.30224
0.312749
0.323308
0.333897
0.344496
0.355084
0.365641
0.376144
0.386571
0.396899
0.407106
0.417167
0.42706
0.436761
0.446246
0.455492
0.464476
0.473175
0.481566
0.489627
0.497338
0.504676
0.511624
0.51816
0.524268
0.52993
0.535131
0.539855
0.544089
0.547821
0.55104
0.553738
0.555905
0.557536
0.558626
0.559172
0.559172
0.558626
0.557536
0.555905
0.553738
0.55104
0.547821
0.544089
0.539855
0.535131
0.52993
0.524268
0.51816
0.511624
0.504676
0.497338
0.489627
0.481566
0.473175
0.464476
0.455492
0.446246
0.436761
0.42706
0.417167
0.407106
0.396899
0.386571
0.376144
0.365641
0.355084
0.344496
0.333897
0.323308
0.312749
0.30224
0.291799
0.281444
0.271191
0.261057
0.251056
0.241202
0.231509
0.221989
0.212653
0.20351
0.19457
0.185841
0.177331
0.169045
0.16099
0.153168
0.145584
0.138241
0.131139
0.124282
0.117667
0.111297
0.105168
0.0992797
0.0936296
0.088215
0.0830323
0.0780779
0.0733474
0.0688362
0.0645395
0.0604518
0.0565679
0.0528817
0.0493876
0.0460792
0.0429506
0.0399953
0.0372069
0.0345792
0.0321057
0.0297801
0.0275959
0.025547
0.0236271
0.0218302
0.0201502
0.0185814
0.017118
0.0157544
0.0144853
0.0133055
0.0122098
0.0111934
0.0102516
0.00937987
0.00857389
0.00782952
0.0071428
0.00650995
0.00592738
0.00539167
0.00489959
0.00444808
0.00403423
0.00365532
0.00330876
0.00299214
0.00270317
0.00243973
0.00219981
0.00198155
0.0017832
0.00160314
0.00143985
0.00129194
0.00115809
0.00103709
0.000927826
0.000829265
0.00074045
0.000660502
0.000588612
0.000524033
0.000466085
0.00041414
0.000367625
0.000326016
0.000288834
0.000255643
0.000226045
0.000199679
0.000192969
0.00021845
0.000247053
0.000279129
0.000315061
0.000355272
0.000400224
0.000450424
0.000506425
0.000568833
0.000638308
0.00071557
0.0008014
0.000896649
0.00100224
0.00111917
0.00124853
0.00139147
0.00154927
0.00172328
0.00191496
0.00212589
0.00235775
0.00261234
0.00289159
0.00319758
0.00353249
0.00389867
0.00429861
0.00473495
0.0052105
0.0057282
0.0062912
0.00690279
0.00756644
0.00828579
0.00906469
0.00990712
0.0108173
0.0117995
0.0128584
0.0139986
0.015225
0.0165428
0.017957
0.0194731
0.0210966
0.0228332
0.0246885
0.0266686
0.0287794
0.0310269
0.0334173
0.0359567
0.0386513
0.0415073
0.0445309
0.047728
0.0511048
0.054667
0.0584205
0.0623708
0.0665232
0.0708827
0.0754543
0.0802423
0.0852508
0.0904835
0.0959437
0.101634
0.107557
0.113714
0.120105
0.126733
0.133595
0.140692
0.148021
0.15558
0.163365
0.171372
0.179597
0.188032
0.196671
0.205507
0.21453
0.22373
0.233097
0.24262
0.252285
0.262078
0.271987
0.281994
0.292084
0.30224
0.312444
0.322677
0.33292
0.343153
0.353355
0.363505
0.373581
0.383563
0.393426
0.40315
0.41271
0.422085
0.431251
0.440187
0.448868
0.457275
0.465384
0.473175
0.480626
0.487718
0.494432
0.500749
0.506652
0.512124
0.517149
0.521715
0.525806
0.529413
0.532524
0.535131
0.537225
0.538801
0.539855
0.540382
0.540382
0.539855
0.538801
0.537225
0.535131
0.532524
0.529413
0.525806
0.521715
0.517149
0.512124
0.506652
0.500749
0.494432
0.487718
0.480626
0.473175
0.465384
0.457275
0.448868
0.440187
0.431251
0.422085
0.41271
0.40315
0.393426
0.383563
0.373581
0.363505
0.353355
0.343153
0.33292
0.322677
0.312444
0.30224
0.292084
0.281994
0.271987
0.262078
0.252285
0.24262
0.233097
0.22373
0.21453
0.205507
0.196671
0.188032
0.179597
0.171372
0.163365
0.15558
0.148021
0.140692
0.133595
0.126733
0.120105
0.113714
0.107557
0.101634
0.0959437
0.0904835
0.0852508
0.0802423
0.0754543
0.0708827
0.0665232
0.0623708
0.0584205
0.054667
0.0511048
0.047728
0.0445309
0.0415073
0.0386513
0.0359567
0.0334173
0.0310269
0.0287794
0.0266686
0.0246885
0.0228332
0.0210966
0.0194731
0.017957
0.0165428
0.015225
0.0139986
0.0128584
0.0117995
0.0108173
0.00990712
0.00906469
0.00828579
0.00756644
0.00690279
0.0062912
0.0057282
0.0052105
0.00473495
0.00429861
0.00389867
0.00353249
0.00319758
0.00289159
0.00261234
0.00235775
0.00212589
0.00191496
0.00172328
0.00154927
0.00139147
0.00124853
0.00111917
0.00100224
0.000896649
0.0008014
0.00071557
0.000638308
0.000568833
0.000506425
0.000450424
0.000400224
0.000355272
0.000315061
0.000279129
0.000247053
0.00021845
0.000192969
0.000186303
0.000210903
0.000238518
0.000269486
0.000304177
0.000342999
0.000386398
0.000434863
0.00048893
0.000549182
0.000616257
0.00069085
0.000773715
0.000865674
0.000967617
0.00108051
0.0012054
0.0013434
0.00149575
0.00166375
0.00184881
0.00205245
0.0022763
0.00252209
0.0027917
0.00308712
0.00341046
0.00376399
0.00415012
0.00457138
0.0050305
0.00553032
0.00607387
0.00666433
0.00730505
0.00799956
0.00875154
0.00956487
0.0104436
0.0113919
0.0124142
0.013515
0.0146991
0.0159713
0.0173367
0.0188004
0.0203678
0.0220444
0.0238357
0.0257473
0.0277852
0.0299551
0.0322629
0.0347146
0.0373161
0.0400735
0.0429925
0.0460792
0.0493394
0.0527786
0.0564024
0.0602162
0.0642251
0.0684341
0.0728477
0.0774702
0.0823057
0.0873577
0.0926292
0.098123
0.103841
0.109785
0.115956
0.122355
0.12898
0.135832
0.142908
0.150205
0.157722
0.165452
0.173393
0.181536
0.189877
0.198408
0.207119
0.216001
0.225045
0.234238
0.243569
0.253025
0.262591
0.272252
0.281994
0.291799
0.30165
0.31153
0.321419
0.331298
0.341148
0.350947
0.360676
0.370312
0.379835
0.389223
0.398453
0.407504
0.416353
0.42498
0.433362
0.441478
0.449307
0.456828
0.464022
0.47087
0.477352
0.48345
0.489149
0.494432
0.499284
0.503692
0.507642
0.511124
0.514128
0.516644
0.518667
0.520188
0.521205
0.521715
0.521715
0.521205
0.520188
0.518667
0.516644
0.514128
0.511124
0.507642
0.503692
0.499284
0.494432
0.489149
0.48345
0.477352
0.47087
0.464022
0.456828
0.449307
0.441478
0.433362
0.42498
0.416353
0.407504
0.398453
0.389223
0.379835
0.370312
0.360676
0.350947
0.341148
0.331298
0.321419
0.31153
0.30165
0.291799
0.281994
0.272252
0.262591
0.253025
0.243569
0.234238
0.225045
0.216001
0.207119
0.198408
0.189877
0.181536
0.173393
0.165452
0.157722
0.150205
0.142908
0.135832
0.12898
0.122355
0.115956
0.109785
0.103841
0.098123
0.0926292
0.0873577
0.0823057
0.0774702
0.0728477
0.0684341
0.0642251
0.0602162
0.0564024
0.0527786
0.0493394
0.0460792
0.0429925
0.0400735
0.0373161
0.0347146
0.0322629
0.0299551
0.0277852
0.0257473
0.0238357
0.0220444
0.0203678
0.0188004
0.0173367
0.0159713
0.0146991
0.013515
0.0124142
0.0113919
0.0104436
0.00956487
0.00875154
0.00799956
0.00730505
0.00666433
0.00607387
0.00553032
0.0050305
0.00457138
0.00415012
0.00376399
0.00341046
0.00308712
0.0027917
0.00252209
0.0022763
0.00205245
0.00184881
0.00166375
0.00149575
0.0013434
0.0012054
0.00108051
0.000967617
0.000865674
0.000773715
0.00069085
0.000616257
0.000549182
0.00048893
0.000434863
0.000386398
0.000342999
0.000304177
0.000269486
0.000238518
0.000210903
0.000186303
0.000179692
0.000203419
0.000230054
0.000259923
0.000293383
0.000330827
0.000372686
0.000419431
0.000471579
0.000529693
0.000594388
0.000666333
0.000746258
0.000834953
0.000933279
0.00104216
0.00116262
0.00129573
0.00144267
0.00160471
0.0017832
0.00197961
0.00219552
0.00243259
0.00269263
0.00297756
0.00328943
0.00363042
0.00400284
0.00440915
0.00485198
0.00533406
0.00585832
0.00642782
0.00704581
0.00771567
0.00844097
0.00922543
0.010073
0.0109876
0.0119736
0.0130354
0.0141774
0.0154045
0.0167214
0.0181332
0.019645
0.0212621
0.0229898
0.0248336
0.0267992
0.028892
0.0311179
0.0334826
0.0359918
0.0386513
0.0414668
0.044444
0.0475884
0.0509056
0.0544008
0.0580792
0.0619459
0.0660055
0.0702625
0.074721
0.0793849
0.0842576
0.089342
0.0946409
0.100156
0.105889
0.111841
0.118013
0.124403
0.131011
0.137836
0.144875
0.152124
0.159581
0.167239
0.175094
0.183139
0.191367
0.199769
0.208336
0.217059
0.225926
0.234926
0.244046
0.253272
0.262591
0.271987
0.281444
0.290946
0.300474
0.310013
0.319541
0.329041
0.338493
0.347876
0.357171
0.366356
0.37541
0.384313
0.393042
0.401578
0.409899
0.417983
0.425811
0.433362
0.440617
0.447555
0.45416
0.460411
0.466294
0.47179
0.476886
0.481566
0.485817
0.489627
0.492986
0.495883
0.49831
0.50026
0.501728
0.502709
0.5032
0.5032
0.502709
0.501728
0.50026
0.49831
0.495883
0.492986
0.489627
0.485817
0.481566
0.476886
0.47179
0.466294
0.460411
0.45416
0.447555
0.440617
0.433362
0.425811
0.417983
0.409899
0.401578
0.393042
0.384313
0.37541
0.366356
0.357171
0.347876
0.338493
0.329041
0.319541
0.310013
0.300474
0.290946
0.281444
0.271987
0.262591
0.253272
0.244046
0.234926
0.225926
0.217059
0.208336
0.199769
0.191367
0.183139
0.175094
0.167239
0.159581
0.152124
0.144875
0.137836
0.131011
0.124403
0.118013
0.111841
0.105889
0.100156
0.0946409
0.089342
0.0842576
0.0793849
0.074721
0.0702625
0.0660055
0.0619459
0.0580792
0.0544008
0.0509056
0.0475884
0.044444
0.0414668
0.0386513
0.0359918
0.0334826
0.0311179
0.028892
0.0267992
0.0248336
0.0229898
0.0212621
0.019645
0.0181332
0.0167214
0.0154045
0.0141774
0.0130354
0.0119736
0.0109876
0.010073
0.00922543
0.00844097
0.00771567
0.00704581
0.00642782
0.00585832
0.00533406
0.00485198
0.00440915
0.00400284
0.00363042
0.00328943
0.00297756
0.00269263
0.00243259
0.00219552
0.00197961
0.0017832
0.00160471
0.00144267
0.00129573
0.00116262
0.00104216
0.000933279
0.000834953
0.000746258
0.000666333
0.000594388
0.000529693
0.000471579
0.000419431
0.000372686
0.000330827
0.000293383
0.000259923
0.000230054
0.000203419
0.000179692
0.000173146
0.000196008
0.000221673
0.000250454
0.000282695
0.000318775
0.000359109
0.000404152
0.0004544
0.000510397
0.000572735
0.000642059
0.000719072
0.000804537
0.00089928
0.0010042
0.00112027
0.00124853
0.00139011
0.00154625
0.00171824
0.0019075
0.00211554
0.00234397
0.00259454
0.00286909
0.0031696
0.00349816
0.00385702
0.00424853
0.00467522
0.00513974
0.0056449
0.00619366
0.00678914
0.00743459
0.00813347
0.00888936
0.00970601
0.0105873
0.0115374
0.0125605
0.013661
0.0148433
0.0161123
0.0174726
0.0189294
0.0204875
0.0221523
0.023929
0.0258229
0.0278395
0.0299843
0.0322629
0.0346807
0.0372433
0.0399562
0.0428249
0.0458548
0.0490511
0.052419
0.0559634
0.0596892
0.0636009
0.0677029
0.071999
0.076493
0.0811881
0.0860874
0.0911932
0.0965075
0.102032
0.107767
0.113714
0.119871
0.126239
0.132815
0.139597
0.146583
0.153767
0.161147
0.168716
0.176467
0.184395
0.192491
0.200746
0.209151
0.217695
0.226367
0.235155
0.244046
0.253025
0.262078
0.271191
0.280347
0.289528
0.298719
0.307901
0.317054
0.326162
0.335203
0.344159
0.35301
0.361734
0.370312
0.378724
0.386949
0.394966
0.402756
0.410299
0.417575
0.424565
0.431251
0.437615
0.443639
0.449307
0.454603
0.459513
0.464022
0.468119
0.47179
0.475026
0.477818
0.480157
0.482036
0.48345
0.484396
0.484869
0.484869
0.484396
0.48345
0.482036
0.480157
0.477818
0.475026
0.47179
0.468119
0.464022
0.459513
0.454603
0.449307
0.443639
0.437615
0.431251
0.424565
0.417575
0.410299
0.402756
0.394966
0.386949
0.378724
0.370312
0.361734
0.35301
0.344159
0.335203
0.326162
0.317054
0.307901
0.298719
0.289528
0.280347
0.271191
0.262078
0.253025
0.244046
0.235155
0.226367
0.217695
0.209151
0.200746
0.192491
0.184395
0.176467
0.168716
0.161147
0.153767
0.146583
0.139597
0.132815
0.126239
0.119871
0.113714
0.107767
0.102032
0.0965075
0.0911932
0.0860874
0.0811881
0.076493
0.071999
0.0677029
0.0636009
0.0596892
0.0559634
0.052419
0.0490511
0.0458548
0.0428249
0.0399562
0.0372433
0.0346807
0.0322629
0.0299843
0.0278395
0.0258229
0.023929
0.0221523
0.0204875
0.0189294
0.0174726
0.0161123
0.0148433
0.013661
0.0125605
0.0115374
0.0105873
0.00970601
0.00888936
0.00813347
0.00743459
0.00678914
0.00619366
0.0056449
0.00513974
0.00467522
0.00424853
0.00385702
0.00349816
0.0031696
0.00286909
0.00259454
0.00234397
0.00211554
0.0019075
0.00171824
0.00154625
0.00139011
0.00124853
0.00112027
0.0010042
0.00089928
0.000804537
0.000719072
0.000642059
0.000572735
0.000510397
0.0004544
0.000404152
0.000359109
0.000318775
0.000282695
0.000250454
0.000221673
0.000196008
0.000173146
0.000166675
0.000188684
0.000213389
0.000241094
0.000272131
0.000306862
0.000345689
0.000389048
0.000437419
0.000491323
0.000551332
0.000618066
0.000692201
0.000774471
0.000865674
0.000966673
0.0010784
0.00120187
0.00133817
0.00148847
0.00165403
0.00183622
0.00203648
0.00225638
0.00249758
0.00276187
0.00305115
0.00336744
0.00371288
0.00408977
0.00450051
0.00494767
0.00543396
0.00596221
0.00653543
0.00715676
0.00782952
0.00855717
0.0093433
0.0101917
0.0111063
0.0120911
0.0131505
0.0142886
0.0155102
0.0168197
0.018222
0.0197219
0.0213245
0.0230347
0.0248579
0.0267992
0.0288638
0.0310572
0.0333847
0.0358515
0.0384631
0.0412246
0.0441412
0.0472181
0.0504601
0.0538721
0.0574587
0.0612242
0.0651728
0.0693084
0.0736344
0.0781541
0.0828703
0.0877853
0.092901
0.0982189
0.10374
0.109464
0.115392
0.121521
0.127852
0.13438
0.141105
0.148021
0.155125
0.162411
0.169873
0.177504
0.185298
0.193245
0.201335
0.20956
0.217908
0.226367
0.234926
0.243569
0.252285
0.261057
0.26987
0.278709
0.287556
0.296394
0.305206
0.313973
0.322677
0.331298
0.339818
0.348216
0.356474
0.364571
0.372489
0.380206
0.387705
0.394966
0.40197
0.408699
0.415135
0.421261
0.42706
0.432517
0.437615
0.442341
0.446682
0.450625
0.45416
0.457275
0.459962
0.462213
0.464022
0.465384
0.466294
0.466749
0.466749
0.466294
0.465384
0.464022
0.462213
0.459962
0.457275
0.45416
0.450625
0.446682
0.442341
0.437615
0.432517
0.42706
0.421261
0.415135
0.408699
0.40197
0.394966
0.387705
0.380206
0.372489
0.364571
0.356474
0.348216
0.339818
0.331298
0.322677
0.313973
0.305206
0.296394
0.287556
0.278709
0.26987
0.261057
0.252285
0.243569
0.234926
0.226367
0.217908
0.20956
0.201335
0.193245
0.185298
0.177504
0.169873
0.162411
0.155125
0.148021
0.141105
0.13438
0.127852
0.121521
0.115392
0.109464
0.10374
0.0982189
0.092901
0.0877853
0.0828703
0.0781541
0.0736344
0.0693084
0.0651728
0.0612242
0.0574587
0.0538721
0.0504601
0.0472181
0.0441412
0.0412246
0.0384631
0.0358515
0.0333847
0.0310572
0.0288638
0.0267992
0.0248579
0.0230347
0.0213245
0.0197219
0.018222
0.0168197
0.0155102
0.0142886
0.0131505
0.0120911
0.0111063
0.0101917
0.0093433
0.00855717
0.00782952
0.00715676
0.00653543
0.00596221
0.00543396
0.00494767
0.00450051
0.00408977
0.00371288
0.00336744
0.00305115
0.00276187
0.00249758
0.00225638
0.00203648
0.00183622
0.00165403
0.00148847
0.00133817
0.00120187
0.0010784
0.000966673
0.000865674
0.000774471
0.000692201
0.000618066
0.000551332
0.000491323
0.000437419
0.000389048
0.000345689
0.000306862
0.000272131
0.000241094
0.000213389
0.000188684
0.000166675
0.00016029
0.000181455
0.000205214
0.000231858
0.000261705
0.000295107
0.000332446
0.000374144
0.000420662
0.000472501
0.000530211
0.000594388
0.000665683
0.000744802
0.000832511
0.00092964
0.00103709
0.00115583
0.0012869
0.00143144
0.00159066
0.00176587
0.00195846
0.00216994
0.0024019
0.00265607
0.00293426
0.00323843
0.00357064
0.00393309
0.0043281
0.00475813
0.00522578
0.0057338
0.00628506
0.00688259
0.00752958
0.00822935
0.00898536
0.00980126
0.0106808
0.0116279
0.0126467
0.0137412
0.014916
0.0161753
0.0175239
0.0189664
0.0205075
0.0221523
0.0239056
0.0257725
0.0277581
0.0298674
0.0321057
0.0344781
0.0369896
0.0396453
0.0424502
0.0454092
0.048527
0.0518083
0.0552575
0.0588787
0.0626761
0.0666532
0.0708135
0.0751601
0.0796956
0.0844223
0.089342
0.0944562
0.0997656
0.105271
0.110971
0.116866
0.122954
0.129232
0.135699
0.142351
0.149182
0.156189
0.163365
0.170704
0.178199
0.185841
0.193622
0.201532
0.20956
0.217695
0.225926
0.234238
0.24262
0.251056
0.259532
0.268032
0.27654
0.28504
0.293514
0.301945
0.310315
0.318606
0.3268
0.334876
0.342818
0.350605
0.358219
0.365641
0.372853
0.379835
0.386571
0.393042
0.399232
0.405123
0.4107
0.415947
0.42085
0.425395
0.42957
0.433362
0.436761
0.439757
0.442341
0.444506
0.446246
0.447555
0.44843
0.448868
0.448868
0.44843
0.447555
0.446246
0.444506
0.442341
0.439757
0.436761
0.433362
0.42957
0.425395
0.42085
0.415947
0.4107
0.405123
0.399232
0.393042
0.386571
0.379835
0.372853
0.365641
0.358219
0.350605
0.342818
0.334876
0.3268
0.318606
0.310315
0.301945
0.293514
0.28504
0.27654
0.268032
0.259532
0.251056
0.24262
0.234238
0.225926
0.217695
0.20956
0.201532
0.193622
0.185841
0.178199
0.170704
0.163365
0.156189
0.149182
0.142351
0.135699
0.129232
0.122954
0.116866
0.110971
0.105271
0.0997656
0.0944562
0.089342
0.0844223
0.0796956
0.0751601
0.0708135
0.0666532
0.0626761
0.0588787
0.0552575
0.0518083
0.048527
0.0454092
0.0424502
0.0396453
0.0369896
0.0344781
0.0321057
0.0298674
0.0277581
0.0257725
0.0239056
0.0221523
0.0205075
0.0189664
0.0175239
0.0161753
0.014916
0.0137412
0.0126467
0.0116279
0.0106808
0.00980126
0.00898536
0.00822935
0.00752958
0.00688259
0.00628506
0.0057338
0.00522578
0.00475813
0.0043281
0.00393309
0.00357064
0.00323843
0.00293426
0.00265607
0.0024019
0.00216994
0.00195846
0.00176587
0.00159066
0.00143144
0.0012869
0.00115583
0.00103709
0.00092964
0.000832511
0.000744802
0.000665683
0.000594388
0.000530211
0.000472501
0.000420662
0.000374144
0.000332446
0.000295107
0.000261705
0.000231858
0.000205214
0.000181455
0.00016029
0.000153999
0.000174333
0.00019716
0.000222758
0.000251434
0.000283524
0.000319398
0.00035946
0.000404152
0.000453956
0.000509401
0.000571059
0.000639556
0.00071557
0.000799836
0.000893154
0.000996385
0.00111046
0.00123639
0.00137526
0.00152823
0.00169656
0.0018816
0.00208477
0.00230763
0.00255182
0.0028191
0.00311133
0.0034305
0.00377872
0.00415823
0.00457138
0.00502068
0.00550876
0.00603838
0.00661246
0.00723406
0.00790636
0.00863271
0.00941658
0.0102616
0.0111716
0.0121503
0.0132019
0.0143306
0.0155405
0.0168361
0.018222
0.0197027
0.0212829
0.0229673
0.024761
0.0266686
0.0286952
0.0308456
0.0331249
0.0355378
0.0380893
0.0407841
0.043627
0.0466224
0.0497749
0.0530887
0.0565679
0.0602162
0.0640372
0.0680342
0.0722102
0.0765677
0.0811089
0.0858355
0.090749
0.09585
0.101139
0.106616
0.112279
0.118128
0.12416
0.130373
0.136764
0.143327
0.150059
0.156953
0.164005
0.171205
0.178548
0.186023
0.193622
0.201335
0.209151
0.217059
0.225045
0.233097
0.241202
0.249345
0.257512
0.265686
0.273852
0.281994
0.290094
0.298136
0.306102
0.313973
0.321733
0.329363
0.336844
0.344159
0.35129
0.358219
0.364927
0.371399
0.377616
0.383563
0.389223
0.394581
0.399622
0.404333
0.408699
0.41271
0.416353
0.419619
0.422497
0.42498
0.42706
0.428732
0.42999
0.43083
0.431251
0.431251
0.43083
0.42999
0.428732
0.42706
0.42498
0.422497
0.419619
0.416353
0.41271
0.408699
0.404333
0.399622
0.394581
0.389223
0.383563
0.377616
0.371399
0.364927
0.358219
0.35129
0.344159
0.336844
0.329363
0.321733
0.313973
0.306102
0.298136
0.290094
0.281994
0.273852
0.265686
0.257512
0.249345
0.241202
0.233097
0.225045
0.217059
0.209151
0.201335
0.193622
0.186023
0.178548
0.171205
0.164005
0.156953
0.150059
0.143327
0.136764
0.130373
0.12416
0.118128
0.112279
0.106616
0.101139
0.09585
0.090749
0.0858355
0.0811089
0.0765677
0.0722102
0.0680342
0.0640372
0.0602162
0.0565679
0.0530887
0.0497749
0.0466224
0.043627
0.0407841
0.0380893
0.0355378
0.0331249
0.0308456
0.0286952
0.0266686
0.024761
0.0229673
0.0212829
0.0197027
0.018222
0.0168361
0.0155405
0.0143306
0.0132019
0.0121503
0.0111716
0.0102616
0.00941658
0.00863271
0.00790636
0.00723406
0.00661246
0.00603838
0.00550876
0.00502068
0.00457138
0.00415823
0.00377872
0.0034305
0.00311133
0.0028191
0.00255182
0.00230763
0.00208477
0.0018816
0.00169656
0.00152823
0.00137526
0.00123639
0.00111046
0.000996385
0.000893154
0.000799836
0.00071557
0.000639556
0.000571059
0.000509401
0.000453956
0.000404152
0.00035946
0.000319398
0.000283524
0.000251434
0.000222758
0.00019716
0.000174333
0.000153999
0.00014781
0.000167328
0.000189237
0.000213806
0.00024133
0.000272131
0.000306563
0.000345015
0.00038791
0.000435714
0.00048893
0.000548111
0.000613855
0.000686814
0.000767694
0.000857261
0.000956344
0.00106584
0.00118671
0.00132
0.00146682
0.00162839
0.00180598
0.00200099
0.0022149
0.00244928
0.00270581
0.0029863
0.00329264
0.00362687
0.00399113
0.00438768
0.00481892
0.00528738
0.00579572
0.00634674
0.00694335
0.00758864
0.00828579
0.00903817
0.00984924
0.0107226
0.011662
0.0126714
0.0137547
0.014916
0.0161595
0.0174897
0.0189109
0.0204276
0.0220444
0.0237659
0.0255969
0.0275421
0.0296061
0.0317937
0.0341097
0.0365586
0.0391452
0.0418738
0.0447489
0.0477747
0.0509553
0.0542946
0.0577963
0.0614638
0.0653002
0.0693084
0.0734908
0.0778494
0.0823862
0.0871021
0.0919982
0.0970746
0.102331
0.107767
0.113381
0.119171
0.125134
0.131268
0.137567
0.144028
0.150646
0.157414
0.164325
0.171372
0.178548
0.185841
0.193245
0.200746
0.208336
0.216001
0.22373
0.231509
0.239325
0.247164
0.255009
0.262847
0.270662
0.278437
0.286155
0.293801
0.301356
0.308804
0.316127
0.323308
0.330329
0.337173
0.343823
0.350263
0.356474
0.362441
0.368149
0.373581
0.378724
0.383563
0.388084
0.392275
0.396125
0.399622
0.402756
0.405519
0.407902
0.409899
0.411503
0.41271
0.413517
0.413921
0.413921
0.413517
0.41271
0.411503
0.409899
0.407902
0.405519
0.402756
0.399622
0.396125
0.392275
0.388084
0.383563
0.378724
0.373581
0.368149
0.362441
0.356474
0.350263
0.343823
0.337173
0.330329
0.323308
0.316127
0.308804
0.301356
0.293801
0.286155
0.278437
0.270662
0.262847
0.255009
0.247164
0.239325
0.231509
0.22373
0.216001
0.208336
0.200746
0.193245
0.185841
0.178548
0.171372
0.164325
0.157414
0.150646
0.144028
0.137567
0.131268
0.125134
0.119171
0.113381
0.107767
0.102331
0.0970746
0.0919982
0.0871021
0.0823862
0.0778494
0.0734908
0.0693084
0.0653002
0.0614638
0.0577963
0.0542946
0.0509553
0.0477747
0.0447489
0.0418738
0.0391452
0.0365586
0.0341097
0.0317937
0.0296061
0.0275421
0.0255969
0.0237659
0.0220444
0.0204276
0.0189109
0.0174897
0.0161595
0.014916
0.0137547
0.0126714
0.011662
0.0107226
0.00984924
0.00903817
0.00828579
0.00758864
0.00694335
0.00634674
0.00579572
0.00528738
0.00481892
0.00438768
0.00399113
0.00362687
0.00329264
0.0029863
0.00270581
0.00244928
0.0022149
0.00200099
0.00180598
0.00162839
0.00146682
0.00132
0.00118671
0.00106584
0.000956344
0.000857261
0.000767694
0.000686814
0.000613855
0.000548111
0.00048893
0.000435714
0.00038791
0.000345015
0.000306563
0.000272131
0.00024133
0.000213806
0.000189237
0.000167328
0.00014781
0.000141732
0.000160447
0.000181455
0.000205014
0.000231406
0.00026094
0.000293956
0.000330827
0.000371958
0.000417796
0.000468824
0.000525571
0.000588612
0.00065857
0.000736124
0.000822009
0.000917017
0.00102201
0.00113791
0.00126571
0.0014065
0.00156142
0.00173172
0.00191871
0.00212382
0.00234855
0.00259454
0.00286349
0.00315724
0.00347772
0.003827
0.00420724
0.00462075
0.00506995
0.00555739
0.00608574
0.00665782
0.00727657
0.00794506
0.00866649
0.00944421
0.0102817
0.0111825
0.0121503
0.013189
0.0143026
0.015495
0.0167705
0.0181332
0.0195875
0.0211379
0.0227886
0.0245443
0.0264095
0.0283886
0.0304863
0.032707
0.0350552
0.0375354
0.0401518
0.0429087
0.04581
0.0488599
0.0520619
0.0554196
0.0589363
0.0626149
0.0664582
0.0704686
0.0746481
0.0789982
0.0835203
0.088215
0.0930826
0.098123
0.103335
0.108718
0.11427
0.119988
0.125869
0.13191
0.138106
0.144451
0.150941
0.157568
0.164325
0.171205
0.178199
0.185298
0.192491
0.199769
0.207119
0.21453
0.221989
0.229484
0.236999
0.244523
0.252038
0.259532
0.266987
0.274388
0.281719
0.288963
0.296105
0.303127
0.310013
0.316745
0.323308
0.329685
0.335859
0.341815
0.347537
0.35301
0.358219
0.36315
0.36779
0.372125
0.376144
0.379835
0.383188
0.386194
0.388843
0.391128
0.393042
0.394581
0.395738
0.396512
0.396899
0.396899
0.396512
0.395738
0.394581
0.393042
0.391128
0.388843
0.386194
0.383188
0.379835
0.376144
0.372125
0.36779
0.36315
0.358219
0.35301
0.347537
0.341815
0.335859
0.329685
0.323308
0.316745
0.310013
0.303127
0.296105
0.288963
0.281719
0.274388
0.266987
0.259532
0.252038
0.244523
0.236999
0.229484
0.221989
0.21453
0.207119
0.199769
0.192491
0.185298
0.178199
0.171205
0.164325
0.157568
0.150941
0.144451
0.138106
0.13191
0.125869
0.119988
0.11427
0.108718
0.103335
0.098123
0.0930826
0.088215
0.0835203
0.0789982
0.0746481
0.0704686
0.0664582
0.0626149
0.0589363
0.0554196
0.0520619
0.0488599
0.04581
0.0429087
0.0401518
0.0375354
0.0350552
0.032707
0.0304863
0.0283886
0.0264095
0.0245443
0.0227886
0.0211379
0.0195875
0.0181332
0.0167705
0.015495
0.0143026
0.013189
0.0121503
0.0111825
0.0102817
0.00944421
0.00866649
0.00794506
0.00727657
0.00665782
0.00608574
0.00555739
0.00506995
0.00462075
0.00420724
0.003827
0.00347772
0.00315724
0.00286349
0.00259454
0.00234855
0.00212382
0.00191871
0.00173172
0.00156142
0.0014065
0.00126571
0.00113791
0.00102201
0.000917017
0.000822009
0.000736124
0.00065857
0.000588612
0.000525571
0.000468824
0.000417796
0.000371958
0.000330827
0.000293956
0.00026094
0.000231406
0.000205014
0.000181455
0.000160447
0.000141732
0.000135771
0.000153699
0.000173823
0.000196392
0.000221673
0.000249965
0.000281593
0.000316913
0.000356314
0.000400224
0.000449106
0.000503466
0.000563855
0.000630872
0.000705164
0.000787436
0.000878448
0.000979023
0.00109005
0.00121248
0.00134735
0.00149575
0.00165888
0.00183801
0.00203449
0.00224978
0.00248542
0.00274306
0.00302445
0.00333146
0.00366604
0.00403029
0.00442641
0.00485672
0.00532365
0.00582978
0.0063778
0.00697053
0.0076109
0.00830199
0.009047
0.00984924
0.0107121
0.0116393
0.0126343
0.013701
0.0148433
0.0160651
0.0173706
0.0187637
0.0202488
0.0218302
0.023512
0.0252987
0.0271946
0.0292041
0.0313314
0.0335809
0.0359567
0.0384631
0.041104
0.0438833
0.0468049
0.0498722
0.0530887
0.0564575
0.0599814
0.0636631
0.0675048
0.0715085
0.0756757
0.0800075
0.0845048
0.0891677
0.0939961
0.0989892
0.104146
0.109464
0.114942
0.120576
0.126362
0.132297
0.138376
0.144592
0.150941
0.157414
0.164005
0.170704
0.177504
0.184395
0.191367
0.198408
0.205507
0.212653
0.219832
0.227032
0.234238
0.241438
0.248616
0.255758
0.262847
0.26987
0.27681
0.283651
0.290378
0.296974
0.303423
0.30971
0.315818
0.321733
0.327438
0.33292
0.338163
0.343153
0.347876
0.352321
0.356474
0.360324
0.36386
0.367072
0.369951
0.372489
0.374678
0.376512
0.377985
0.379094
0.379835
0.380206
0.380206
0.379835
0.379094
0.377985
0.376512
0.374678
0.372489
0.369951
0.367072
0.36386
0.360324
0.356474
0.352321
0.347876
0.343153
0.338163
0.33292
0.327438
0.321733
0.315818
0.30971
0.303423
0.296974
0.290378
0.283651
0.27681
0.26987
0.262847
0.255758
0.248616
0.241438
0.234238
0.227032
0.219832
0.212653
0.205507
0.198408
0.191367
0.184395
0.177504
0.170704
0.164005
0.157414
0.150941
0.144592
0.138376
0.132297
0.126362
0.120576
0.114942
0.109464
0.104146
0.0989892
0.0939961
0.0891677
0.0845048
0.0800075
0.0756757
0.0715085
0.0675048
0.0636631
0.0599814
0.0564575
0.0530887
0.0498722
0.0468049
0.0438833
0.041104
0.0384631
0.0359567
0.0335809
0.0313314
0.0292041
0.0271946
0.0252987
0.023512
0.0218302
0.0202488
0.0187637
0.0173706
0.0160651
0.0148433
0.013701
0.0126343
0.0116393
0.0107121
0.00984924
0.009047
0.00830199
0.0076109
0.00697053
0.0063778
0.00582978
0.00532365
0.00485672
0.00442641
0.00403029
0.00366604
0.00333146
0.00302445
0.00274306
0.00248542
0.00224978
0.00203449
0.00183801
0.00165888
0.00149575
0.00134735
0.00121248
0.00109005
0.000979023
0.000878448
0.000787436
0.000705164
0.000630872
0.000563855
0.000503466
0.000449106
0.000400224
0.000356314
0.000316913
0.000281593
0.000249965
0.000221673
0.000196392
0.000173823
0.000153699
0.000135771
0.000129934
0.00014709
0.00016635
0.000187948
0.000212143
0.000239218
0.000269486
0.000303287
0.000340995
0.000383017
0.000429797
0.00048182
0.000539613
0.000603748
0.000674846
0.000753581
0.000840681
0.000936931
0.00104318
0.00116035
0.00128942
0.00143144
0.00158756
0.00175899
0.00194702
0.00215305
0.00237856
0.00262512
0.00289442
0.00318822
0.00350843
0.00385702
0.0042361
0.00464791
0.00509477
0.00557914
0.0061036
0.00667084
0.00728368
0.00794506
0.00865803
0.00942578
0.0102516
0.0111389
0.0120911
0.013112
0.0142052
0.0153744
0.0166237
0.017957
0.0193783
0.0208916
0.0225011
0.024211
0.0260254
0.0279485
0.0299843
0.0321371
0.0344108
0.0368094
0.0393368
0.0419966
0.0447926
0.047728
0.0508062
0.0540302
0.0574026
0.060926
0.0646025
0.0684341
0.0724221
0.0765677
0.0808716
0.0853341
0.0899549
0.0947333
0.0996682
0.104758
0.11
0.115392
0.120929
0.126609
0.132426
0.138376
0.144451
0.150646
0.156953
0.163365
0.169873
0.176467
0.183139
0.189877
0.196671
0.20351
0.21038
0.217271
0.224168
0.231058
0.237927
0.244762
0.251547
0.258267
0.264909
0.271456
0.277893
0.284206
0.290378
0.296394
0.30224
0.307901
0.313361
0.318606
0.323624
0.328399
0.33292
0.337173
0.341148
0.344832
0.348216
0.35129
0.354045
0.356474
0.358569
0.360324
0.361734
0.362795
0.363505
0.36386
0.36386
0.363505
0.362795
0.361734
0.360324
0.358569
0.356474
0.354045
0.35129
0.348216
0.344832
0.341148
0.337173
0.33292
0.328399
0.323624
0.318606
0.313361
0.307901
0.30224
0.296394
0.290378
0.284206
0.277893
0.271456
0.264909
0.258267
0.251547
0.244762
0.237927
0.231058
0.224168
0.217271
0.21038
0.20351
0.196671
0.189877
0.183139
0.176467
0.169873
0.163365
0.156953
0.150646
0.144451
0.138376
0.132426
0.126609
0.120929
0.115392
0.11
0.104758
0.0996682
0.0947333
0.0899549
0.0853341
0.0808716
0.0765677
0.0724221
0.0684341
0.0646025
0.060926
0.0574026
0.0540302
0.0508062
0.047728
0.0447926
0.0419966
0.0393368
0.0368094
0.0344108
0.0321371
0.0299843
0.0279485
0.0260254
0.024211
0.0225011
0.0208916
0.0193783
0.017957
0.0166237
0.0153744
0.0142052
0.013112
0.0120911
0.0111389
0.0102516
0.00942578
0.00865803
0.00794506
0.00728368
0.00667084
0.0061036
0.00557914
0.00509477
0.00464791
0.0042361
0.00385702
0.00350843
0.00318822
0.00289442
0.00262512
0.00237856
0.00215305
0.00194702
0.00175899
0.00158756
0.00143144
0.00128942
0.00116035
0.00104318
0.000936931
0.000840681
0.000753581
0.000674846
0.000603748
0.000539613
0.00048182
0.000429797
0.000383017
0.000340995
0.000303287
0.000269486
0.000239218
0.000212143
0.000187948
0.00016635
0.00014709
0.000129934
0.000124226
0.000140629
0.000159043
0.000179692
0.000202824
0.00022871
0.000257648
0.000289965
0.000326016
0.000366192
0.000410917
0.000460655
0.000515909
0.000577227
0.000645202
0.000720478
0.000803751
0.000895774
0.000997358
0.00110938
0.00123278
0.00136856
0.00151782
0.00168172
0.00186149
0.00205847
0.00227408
0.00250981
0.00276727
0.00304817
0.00335431
0.00368759
0.00405002
0.00444374
0.00487097
0.00533406
0.00583548
0.0063778
0.00696372
0.00759605
0.00827771
0.00901173
0.00980126
0.0106496
0.01156
0.012536
0.0135812
0.0146991
0.0158935
0.0171682
0.018527
0.0199739
0.0215127
0.0231475
0.0248822
0.0267208
0.0286672
0.0307254
0.0328992
0.0351924
0.0376088
0.0401518
0.0428249
0.0456314
0.0485744
0.0516567
0.054881
0.0582496
0.0617647
0.0654279
0.0692407
0.0732042
0.0773191
0.0815855
0.0860033
0.0905719
0.09529
0.100156
0.105168
0.110323
0.115617
0.121047
0.126609
0.132297
0.138106
0.144028
0.150059
0.156189
0.162411
0.168716
0.175094
0.181536
0.188032
0.19457
0.201139
0.207726
0.21432
0.220908
0.227475
0.23401
0.240497
0.246922
0.253272
0.259532
0.265686
0.271721
0.277622
0.283374
0.288963
0.294375
0.299595
0.304611
0.309408
0.313973
0.318295
0.322362
0.326162
0.329685
0.33292
0.335859
0.338493
0.340815
0.342818
0.344496
0.345844
0.346859
0.347537
0.347876
0.347876
0.347537
0.346859
0.345844
0.344496
0.342818
0.340815
0.338493
0.335859
0.33292
0.329685
0.326162
0.322362
0.318295
0.313973
0.309408
0.304611
0.299595
0.294375
0.288963
0.283374
0.277622
0.271721
0.265686
0.259532
0.253272
0.246922
0.240497
0.23401
0.227475
0.220908
0.21432
0.207726
0.201139
0.19457
0.188032
0.181536
0.175094
0.168716
0.162411
0.156189
0.150059
0.144028
0.138106
0.132297
0.126609
0.121047
0.115617
0.110323
0.105168
0.100156
0.09529
0.0905719
0.0860033
0.0815855
0.0773191
0.0732042
0.0692407
0.0654279
0.0617647
0.0582496
0.054881
0.0516567
0.0485744
0.0456314
0.0428249
0.0401518
0.0376088
0.0351924
0.0328992
0.0307254
0.0286672
0.0267208
0.0248822
0.0231475
0.0215127
0.0199739
0.018527
0.0171682
0.0158935
0.0146991
0.0135812
0.012536
0.01156
0.0106496
0.00980126
0.00901173
0.00827771
0.00759605
0.00696372
0.0063778
0.00583548
0.00533406
0.00487097
0.00444374
0.00405002
0.00368759
0.00335431
0.00304817
0.00276727
0.00250981
0.00227408
0.00205847
0.00186149
0.00168172
0.00151782
0.00136856
0.00123278
0.00110938
0.000997358
0.000895774
0.000803751
0.000720478
0.000645202
0.000577227
0.000515909
0.000460655
0.000410917
0.000366192
0.000326016
0.000289965
0.000257648
0.00022871
0.000202824
0.000179692
0.000159043
0.000140629
0.000124226
0.000118653
0.00013432
0.000151908
0.000171631
0.000193725
0.00021845
0.00024609
0.000276956
0.00031139
0.000349764
0.000392483
0.000439989
0.000492765
0.000551332
0.000616257
0.000688157
0.000767694
0.000855589
0.000952616
0.00105961
0.00117747
0.00130717
0.00144973
0.00160627
0.00177798
0.00196613
0.00217206
0.00239722
0.00264313
0.00291143
0.00320383
0.00352216
0.00386833
0.00424439
0.00465245
0.00509477
0.00557369
0.00609169
0.00665132
0.00725528
0.00790636
0.00860745
0.00936157
0.0101718
0.0110414
0.0119736
0.0129719
0.0140397
0.0151805
0.016398
0.0176959
0.0190778
0.0205476
0.0221091
0.0237659
0.025522
0.0273812
0.029347
0.0314233
0.0336137
0.0359216
0.0383506
0.0409038
0.0435844
0.0463953
0.0493394
0.052419
0.0556365
0.0589938
0.0624927
0.0661345
0.0699202
0.0738505
0.0779255
0.0821451
0.0865087
0.0910152
0.095663
0.10045
0.105373
0.11043
0.115617
0.120929
0.126362
0.13191
0.137567
0.143327
0.149182
0.155125
0.161147
0.167239
0.173393
0.179597
0.185841
0.192116
0.198408
0.204706
0.210998
0.217271
0.223512
0.229708
0.235845
0.24191
0.247889
0.253767
0.259532
0.265168
0.270662
0.276
0.281169
0.286155
0.290946
0.295527
0.299888
0.304016
0.307901
0.31153
0.314895
0.317985
0.320792
0.323308
0.325526
0.327438
0.329041
0.330329
0.331298
0.331946
0.33227
0.33227
0.331946
0.331298
0.330329
0.329041
0.327438
0.325526
0.323308
0.320792
0.317985
0.314895
0.31153
0.307901
0.304016
0.299888
0.295527
0.290946
0.286155
0.281169
0.276
0.270662
0.265168
0.259532
0.253767
0.247889
0.24191
0.235845
0.229708
0.223512
0.217271
0.210998
0.204706
0.198408
0.192116
0.185841
0.179597
0.173393
0.167239
0.161147
0.155125
0.149182
0.143327
0.137567
0.13191
0.126362
0.120929
0.115617
0.11043
0.105373
0.10045
0.095663
0.0910152
0.0865087
0.0821451
0.0779255
0.0738505
0.0699202
0.0661345
0.0624927
0.0589938
0.0556365
0.052419
0.0493394
0.0463953
0.0435844
0.0409038
0.0383506
0.0359216
0.0336137
0.0314233
0.029347
0.0273812
0.025522
0.0237659
0.0221091
0.0205476
0.0190778
0.0176959
0.016398
0.0151805
0.0140397
0.0129719
0.0119736
0.0110414
0.0101718
0.00936157
0.00860745
0.00790636
0.00725528
0.00665132
0.00609169
0.00557369
0.00509477
0.00465245
0.00424439
0.00386833
0.00352216
0.00320383
0.00291143
0.00264313
0.00239722
0.00217206
0.00196613
0.00177798
0.00160627
0.00144973
0.00130717
0.00117747
0.00105961
0.000952616
0.000855589
0.000767694
0.000688157
0.000616257
0.000551332
0.000492765
0.000439989
0.000392483
0.000349764
0.00031139
0.000276956
0.00024609
0.00021845
0.000193725
0.000171631
0.000151908
0.00013432
0.000118653
0.00011322
0.000128169
0.000144952
0.000163771
0.000184853
0.000208446
0.00023482
0.000264274
0.000297131
0.000333747
0.00037451
0.000419841
0.000470199
0.000526084
0.000588037
0.000656644
0.000732539
0.000816409
0.000908992
0.00101109
0.00112355
0.00124731
0.00138334
0.00153272
0.00169656
0.00187609
0.00207259
0.00228744
0.00252209
0.0027781
0.00305712
0.00336087
0.00369119
0.00405002
0.0044394
0.00486146
0.00531846
0.00581273
0.00634674
0.00692304
0.0075443
0.00821329
0.00893287
0.00970601
0.0105358
0.0114253
0.0123779
0.0133967
0.0144853
0.0156471
0.0168855
0.0182042
0.0196067
0.0210966
0.0226776
0.0243533
0.0261273
0.0280031
0.0299843
0.0320744
0.0342766
0.0365944
0.0390306
0.0415885
0.0442707
0.0470799
0.0500186
0.0530887
0.0562923
0.059631
0.063106
0.0667183
0.0704686
0.074357
0.0783834
0.0825472
0.0868473
0.0912823
0.09585
0.100548
0.105373
0.110323
0.115392
0.120576
0.125869
0.131268
0.136764
0.142351
0.148021
0.153767
0.159581
0.165452
0.171372
0.177331
0.183318
0.189322
0.195332
0.201335
0.207321
0.213276
0.219189
0.225045
0.230832
0.236537
0.242146
0.247647
0.253025
0.258267
0.263361
0.268293
0.273051
0.277622
0.281994
0.286155
0.290094
0.293801
0.297264
0.300474
0.303423
0.306102
0.308502
0.310619
0.312444
0.313973
0.315202
0.316127
0.316745
0.317054
0.317054
0.316745
0.316127
0.315202
0.313973
0.312444
0.310619
0.308502
0.306102
0.303423
0.300474
0.297264
0.293801
0.290094
0.286155
0.281994
0.277622
0.273051
0.268293
0.263361
0.258267
0.253025
0.247647
0.242146
0.236537
0.230832
0.225045
0.219189
0.213276
0.207321
0.201335
0.195332
0.189322
0.183318
0.177331
0.171372
0.165452
0.159581
0.153767
0.148021
0.142351
0.136764
0.131268
0.125869
0.120576
0.115392
0.110323
0.105373
0.100548
0.09585
0.0912823
0.0868473
0.0825472
0.0783834
0.074357
0.0704686
0.0667183
0.063106
0.059631
0.0562923
0.0530887
0.0500186
0.0470799
0.0442707
0.0415885
0.0390306
0.0365944
0.0342766
0.0320744
0.0299843
0.0280031
0.0261273
0.0243533
0.0226776
0.0210966
0.0196067
0.0182042
0.0168855
0.0156471
0.0144853
0.0133967
0.0123779
0.0114253
0.0105358
0.00970601
0.00893287
0.00821329
0.0075443
0.00692304
0.00634674
0.00581273
0.00531846
0.00486146
0.0044394
0.00405002
0.00369119
0.00336087
0.00305712
0.0027781
0.00252209
0.00228744
0.00207259
0.00187609
0.00169656
0.00153272
0.00138334
0.00124731
0.00112355
0.00101109
0.000908992
0.000816409
0.000732539
0.000656644
0.000588037
0.000526084
0.000470199
0.000419841
0.00037451
0.000333747
0.000297131
0.000264274
0.00023482
0.000208446
0.000184853
0.000163771
0.000144952
0.000128169
0.00011322
0.000107929
0.000122181
0.000138179
0.000156119
0.000176216
0.000198707
0.000223849
0.000251926
0.000283248
0.000318153
0.000357011
0.000400224
0.00044823
0.000501503
0.000560561
0.000625962
0.000698311
0.000778262
0.00086652
0.000963845
0.00107105
0.00118903
0.00131871
0.0014611
0.00161729
0.00178843
0.00197575
0.00218056
0.00240425
0.0026483
0.00291427
0.00320383
0.00351872
0.00386078
0.00423197
0.00463431
0.00506995
0.00554113
0.00605019
0.00659956
0.0071918
0.00782952
0.00851548
0.0092525
0.0100435
0.0108915
0.0117995
0.0127708
0.0138085
0.014916
0.0160965
0.0173536
0.0186906
0.0201109
0.021618
0.0232154
0.0249065
0.0266947
0.0285833
0.0305757
0.0326751
0.0348845
0.0372069
0.0396453
0.0422022
0.0448801
0.0476814
0.0506082
0.0536621
0.0568447
0.0601574
0.0636009
0.067176
0.0708827
0.074721
0.0786902
0.0827894
0.0870171
0.0913714
0.09585
0.10045
0.105168
0.11
0.114942
0.119988
0.125134
0.130373
0.135699
0.141105
0.146583
0.152124
0.157722
0.163365
0.169045
0.174752
0.180476
0.186205
0.191928
0.197634
0.203311
0.208947
0.21453
0.220047
0.225485
0.230832
0.236076
0.241202
0.2462
0.251056
0.255758
0.260293
0.26465
0.268818
0.272785
0.27654
0.280073
0.283374
0.286435
0.289246
0.291799
0.294088
0.296105
0.297845
0.299303
0.300474
0.301356
0.301945
0.30224
0.30224
0.301945
0.301356
0.300474
0.299303
0.297845
0.296105
0.294088
0.291799
0.289246
0.286435
0.283374
0.280073
0.27654
0.272785
0.268818
0.26465
0.260293
0.255758
0.251056
0.2462
0.241202
0.236076
0.230832
0.225485
0.220047
0.21453
0.208947
0.203311
0.197634
0.191928
0.186205
0.180476
0.174752
0.169045
0.163365
0.157722
0.152124
0.146583
0.141105
0.135699
0.130373
0.125134
0.119988
0.114942
0.11
0.105168
0.10045
0.09585
0.0913714
0.0870171
0.0827894
0.0786902
0.074721
0.0708827
0.067176
0.0636009
0.0601574
0.0568447
0.0536621
0.0506082
0.0476814
0.0448801
0.0422022
0.0396453
0.0372069
0.0348845
0.0326751
0.0305757
0.0285833
0.0266947
0.0249065
0.0232154
0.021618
0.0201109
0.0186906
0.0173536
0.0160965
0.014916
0.0138085
0.0127708
0.0117995
0.0108915
0.0100435
0.0092525
0.00851548
0.00782952
0.0071918
0.00659956
0.00605019
0.00554113
0.00506995
0.00463431
0.00423197
0.00386078
0.00351872
0.00320383
0.00291427
0.0026483
0.00240425
0.00218056
0.00197575
0.00178843
0.00161729
0.0014611
0.00131871
0.00118903
0.00107105
0.000963845
0.00086652
0.000778262
0.000698311
0.000625962
0.000560561
0.000501503
0.00044823
0.000400224
0.000357011
0.000318153
0.000283248
0.000251926
0.000223849
0.000198707
0.000176216
0.000156119
0.000138179
0.000122181
0.000107929
0.000102786
0.000116358
0.000131594
0.000148679
0.000167819
0.000189237
0.000213181
0.00023992
0.000269749
0.000302991
0.000339998
0.000381151
0.000426869
0.000477604
0.000533847
0.000596132
0.000665033
0.000741174
0.000825226
0.000917913
0.00102001
0.00113236
0.00125586
0.00139147
0.00154022
0.0017032
0.0018816
0.00207664
0.00228967
0.00252209
0.00277539
0.00305115
0.00335103
0.0036768
0.00403029
0.00441346
0.00482834
0.00527707
0.00576186
0.00628506
0.00684907
0.00745641
0.00810968
0.00881157
0.00956487
0.0103724
0.0112372
0.0121622
0.0131505
0.0142052
0.0153295
0.0165266
0.0177999
0.0191525
0.0205878
0.0221091
0.0237196
0.0254225
0.0272212
0.0291186
0.0311179
0.0332221
0.0354338
0.037756
0.040191
0.0427414
0.0454092
0.0481964
0.0511048
0.0541358
0.0572906
0.06057
0.0639747
0.0675048
0.0711602
0.0749402
0.0788441
0.0828703
0.0870171
0.0912823
0.095663
0.100156
0.104758
0.109464
0.11427
0.119171
0.12416
0.129232
0.13438
0.139597
0.144875
0.150205
0.15558
0.16099
0.166425
0.171875
0.177331
0.182782
0.188216
0.193622
0.19899
0.204306
0.20956
0.214739
0.219832
0.224825
0.229708
0.234467
0.239092
0.243569
0.247889
0.252038
0.256007
0.259785
0.263361
0.266726
0.26987
0.272785
0.275462
0.277893
0.280073
0.281994
0.283651
0.28504
0.286155
0.286995
0.287556
0.287837
0.287837
0.287556
0.286995
0.286155
0.28504
0.283651
0.281994
0.280073
0.277893
0.275462
0.272785
0.26987
0.266726
0.263361
0.259785
0.256007
0.252038
0.247889
0.243569
0.239092
0.234467
0.229708
0.224825
0.219832
0.214739
0.20956
0.204306
0.19899
0.193622
0.188216
0.182782
0.177331
0.171875
0.166425
0.16099
0.15558
0.150205
0.144875
0.139597
0.13438
0.129232
0.12416
0.119171
0.11427
0.109464
0.104758
0.100156
0.095663
0.0912823
0.0870171
0.0828703
0.0788441
0.0749402
0.0711602
0.0675048
0.0639747
0.06057
0.0572906
0.0541358
0.0511048
0.0481964
0.0454092
0.0427414
0.040191
0.037756
0.0354338
0.0332221
0.0311179
0.0291186
0.0272212
0.0254225
0.0237196
0.0221091
0.0205878
0.0191525
0.0177999
0.0165266
0.0153295
0.0142052
0.0131505
0.0121622
0.0112372
0.0103724
0.00956487
0.00881157
0.00810968
0.00745641
0.00684907
0.00628506
0.00576186
0.00527707
0.00482834
0.00441346
0.00403029
0.0036768
0.00335103
0.00305115
0.00277539
0.00252209
0.00228967
0.00207664
0.0018816
0.0017032
0.00154022
0.00139147
0.00125586
0.00113236
0.00102001
0.000917913
0.000825226
0.000741174
0.000665033
0.000596132
0.000533847
0.000477604
0.000426869
0.000381151
0.000339998
0.000302991
0.000269749
0.00023992
0.000213181
0.000189237
0.000167819
0.000148679
0.000131594
0.000116358
0.000102786
9.77922e-05
0.000110705
0.0001252
0.000141455
0.000159665
0.000180043
0.000202824
0.000228264
0.000256644
0.00028827
0.000323479
0.000362633
0.00040613
0.0004544
0.000507911
0.000567169
0.000632723
0.000705164
0.000785132
0.000873316
0.000970456
0.00107735
0.00119485
0.00132387
0.00146539
0.00162045
0.00179018
0.00197575
0.00217843
0.00239956
0.00264055
0.00290291
0.00318822
0.00349816
0.00383448
0.00419904
0.00459376
0.00502068
0.00548193
0.0059797
0.00651631
0.00709414
0.00771567
0.00838346
0.00910016
0.00986849
0.0106912
0.0115713
0.0125115
0.013515
0.0145847
0.0157237
0.0169351
0.018222
0.0195875
0.0210349
0.0225672
0.0241874
0.0258986
0.0277039
0.0296061
0.031608
0.0337123
0.0359216
0.0382384
0.0406648
0.043203
0.0458548
0.0486219
0.0515056
0.0545071
0.0576272
0.0608665
0.0642251
0.0677029
0.0712993
0.0750134
0.0788441
0.0827894
0.0868473
0.0910152
0.09529
0.0996682
0.104146
0.108718
0.113381
0.118128
0.122954
0.127852
0.132815
0.137836
0.142908
0.148021
0.153168
0.158339
0.163525
0.168716
0.173901
0.179071
0.184215
0.189322
0.19438
0.199379
0.204306
0.209151
0.213902
0.218547
0.223076
0.227475
0.231736
0.235845
0.239793
0.243569
0.247164
0.250566
0.253767
0.256759
0.259532
0.262078
0.264392
0.266466
0.268293
0.26987
0.271191
0.272252
0.273051
0.273585
0.273852
0.273852
0.273585
0.273051
0.272252
0.271191
0.26987
0.268293
0.266466
0.264392
0.262078
0.259532
0.256759
0.253767
0.250566
0.247164
0.243569
0.239793
0.235845
0.231736
0.227475
0.223076
0.218547
0.213902
0.209151
0.204306
0.199379
0.19438
0.189322
0.184215
0.179071
0.173901
0.168716
0.163525
0.158339
0.153168
0.148021
0.142908
0.137836
0.132815
0.127852
0.122954
0.118128
0.113381
0.108718
0.104146
0.0996682
0.09529
0.0910152
0.0868473
0.0827894
0.0788441
0.0750134
0.0712993
0.0677029
0.0642251
0.0608665
0.0576272
0.0545071
0.0515056
0.0486219
0.0458548
0.043203
0.0406648
0.0382384
0.0359216
0.0337123
0.031608
0.0296061
0.0277039
0.0258986
0.0241874
0.0225672
0.0210349
0.0195875
0.018222
0.0169351
0.0157237
0.0145847
0.013515
0.0125115
0.0115713
0.0106912
0.00986849
0.00910016
0.00838346
0.00771567
0.00709414
0.00651631
0.0059797
0.00548193
0.00502068
0.00459376
0.00419904
0.00383448
0.00349816
0.00318822
0.00290291
0.00264055
0.00239956
0.00217843
0.00197575
0.00179018
0.00162045
0.00146539
0.00132387
0.00119485
0.00107735
0.000970456
0.000873316
0.000785132
0.000705164
0.000632723
0.000567169
0.000507911
0.0004544
0.00040613
0.000362633
0.000323479
0.00028827
0.000256644
0.000228264
0.000202824
0.000180043
0.000159665
0.000141455
0.0001252
0.000110705
9.77922e-05
9.29501e-05
0.000105224
0.000119001
0.000134452
0.00015176
0.000171129
0.000192781
0.000216961
0.000243936
0.000273997
0.000307462
0.000344678
0.000386021
0.000431901
0.000482762
0.000539086
0.000601394
0.000670249
0.000746258
0.000830075
0.000922406
0.00102401
0.00113569
0.00125832
0.00139283
0.00154022
0.00170154
0.00187792
0.00207057
0.00228075
0.00250981
0.00275918
0.00303036
0.00332496
0.00364462
0.00399113
0.00436631
0.00477209
0.0052105
0.00568363
0.00619366
0.00674288
0.00733364
0.00796837
0.00864958
0.00937987
0.0101619
0.0109984
0.0118921
0.0128458
0.0138625
0.0149451
0.0160965
0.0173197
0.0186177
0.0199934
0.0214498
0.0229898
0.0246163
0.0263322
0.0281402
0.030043
0.0320431
0.034143
0.036345
0.0386513
0.0410639
0.0435844
0.0462144
0.0489554
0.0518083
0.0547739
0.0578528
0.0610451
0.0643507
0.067769
0.0712993
0.0749402
0.0786902
0.0825472
0.0865087
0.0905719
0.0947333
0.0989892
0.103335
0.107767
0.112279
0.116866
0.121521
0.126239
0.131011
0.135832
0.140692
0.145584
0.150499
0.155428
0.160362
0.165291
0.170205
0.175094
0.179948
0.184756
0.189507
0.19419
0.198796
0.203311
0.207726
0.21203
0.216212
0.220262
0.224168
0.22792
0.231509
0.234926
0.23816
0.241202
0.244046
0.246681
0.249102
0.251301
0.253272
0.255009
0.256508
0.257763
0.258772
0.259532
0.260039
0.260293
0.260293
0.260039
0.259532
0.258772
0.257763
0.256508
0.255009
0.253272
0.251301
0.249102
0.246681
0.244046
0.241202
0.23816
0.234926
0.231509
0.22792
0.224168
0.220262
0.216212
0.21203
0.207726
0.203311
0.198796
0.19419
0.189507
0.184756
0.179948
0.175094
0.170205
0.165291
0.160362
0.155428
0.150499
0.145584
0.140692
0.135832
0.131011
0.126239
0.121521
0.116866
0.112279
0.107767
0.103335
0.0989892
0.0947333
0.0905719
0.0865087
0.0825472
0.0786902
0.0749402
0.0712993
0.067769
0.0643507
0.0610451
0.0578528
0.0547739
0.0518083
0.0489554
0.0462144
0.0435844
0.0410639
0.0386513
0.036345
0.034143
0.0320431
0.030043
0.0281402
0.0263322
0.0246163
0.0229898
0.0214498
0.0199934
0.0186177
0.0173197
0.0160965
0.0149451
0.0138625
0.0128458
0.0118921
0.0109984
0.0101619
0.00937987
0.00864958
0.00796837
0.00733364
0.00674288
0.00619366
0.00568363
0.0052105
0.00477209
0.00436631
0.00399113
0.00364462
0.00332496
0.00303036
0.00275918
0.00250981
0.00228075
0.00207057
0.00187792
0.00170154
0.00154022
0.00139283
0.00125832
0.00113569
0.00102401
0.000922406
0.000830075
0.000746258
0.000670249
0.000601394
0.000539086
0.000482762
0.000431901
0.000386021
0.000344678
0.000307462
0.000273997
0.000243936
0.000216961
0.000192781
0.000171129
0.00015176
0.000134452
0.000119001
0.000105224
9.29501e-05
8.82616e-05
9.99159e-05
0.000112999
0.00012767
0.000144105
0.000162497
0.000183057
0.000206018
0.000231632
0.000260176
0.000291953
0.000327292
0.00036655
0.000410115
0.000458411
0.000511894
0.000571059
0.000636441
0.000708616
0.000788205
0.000875878
0.000972354
0.0010784
0.00119485
0.00132258
0.00146253
0.00161571
0.0017832
0.00196613
0.0021657
0.00238321
0.00262
0.00287751
0.00315724
0.00346079
0.00378981
0.00414606
0.00453138
0.00494767
0.00539694
0.00588125
0.00640276
0.00696372
0.00756644
0.00821329
0.00890674
0.00964931
0.0104436
0.0112922
0.0121979
0.0131633
0.0141913
0.0152846
0.0164461
0.0176786
0.0189849
0.0203678
0.0218302
0.0233746
0.025004
0.0267208
0.0285276
0.0304268
0.0324208
0.0345118
0.0367017
0.0389925
0.0413859
0.0438833
0.046486
0.049195
0.0520111
0.0549346
0.0579659
0.0611047
0.0643507
0.0677029
0.0711602
0.074721
0.0783834
0.0821451
0.0860033
0.0899549
0.0939961
0.098123
0.102331
0.106616
0.110971
0.115392
0.119871
0.124403
0.12898
0.133595
0.138241
0.142908
0.147588
0.152273
0.156953
0.16162
0.166262
0.170871
0.175436
0.179948
0.184395
0.188768
0.193056
0.197248
0.201335
0.205306
0.209151
0.21286
0.216424
0.219832
0.223076
0.226146
0.229036
0.231736
0.234238
0.236537
0.238625
0.240497
0.242146
0.243569
0.244762
0.24572
0.24644
0.246922
0.247164
0.247164
0.246922
0.24644
0.24572
0.244762
0.243569
0.242146
0.240497
0.238625
0.236537
0.234238
0.231736
0.229036
0.226146
0.223076
0.219832
0.216424
0.21286
0.209151
0.205306
0.201335
0.197248
0.193056
0.188768
0.184395
0.179948
0.175436
0.170871
0.166262
0.16162
0.156953
0.152273
0.147588
0.142908
0.138241
0.133595
0.12898
0.124403
0.119871
0.115392
0.110971
0.106616
0.102331
0.098123
0.0939961
0.0899549
0.0860033
0.0821451
0.0783834
0.074721
0.0711602
0.0677029
0.0643507
0.0611047
0.0579659
0.0549346
0.0520111
0.049195
0.046486
0.0438833
0.0413859
0.0389925
0.0367017
0.0345118
0.0324208
0.0304268
0.0285276
0.0267208
0.025004
0.0233746
0.0218302
0.0203678
0.0189849
0.0176786
0.0164461
0.0152846
0.0141913
0.0131633
0.0121979
0.0112922
0.0104436
0.00964931
0.00890674
0.00821329
0.00756644
0.00696372
0.00640276
0.00588125
0.00539694
0.00494767
0.00453138
0.00414606
0.00378981
0.00346079
0.00315724
0.00287751
0.00262
0.00238321
0.0021657
0.00196613
0.0017832
0.00161571
0.00146253
0.00132258
0.00119485
0.0010784
0.000972354
0.000875878
0.000788205
0.000708616
0.000636441
0.000571059
0.000511894
0.000458411
0.000410115
0.00036655
0.000327292
0.000291953
0.000260176
0.000231632
0.000206018
0.000183057
0.000162497
0.000144105
0.00012767
0.000112999
9.99159e-05
8.82616e-05
8.37278e-05
9.47834e-05
0.000107194
0.000121112
0.000136702
0.000154149
0.000173654
0.000195435
0.000219733
0.000246812
0.000276956
0.00031048
0.000347721
0.000389048
0.000434863
0.000485599
0.000541725
0.000603748
0.000672215
0.000747717
0.000830886
0.000922406
0.00102301
0.00113347
0.00125464
0.0013874
0.00153272
0.0016916
0.00186513
0.00205446
0.00226079
0.00248542
0.0027297
0.00299506
0.00328301
0.00359513
0.00393309
0.00429861
0.00469352
0.00511971
0.00557914
0.00607387
0.00660601
0.00717776
0.00779139
0.00844922
0.00915364
0.00990712
0.0107121
0.0115713
0.0124871
0.0134623
0.0144995
0.0156013
0.0167705
0.0180097
0.0193216
0.0207088
0.0221739
0.0237196
0.0253482
0.0270622
0.0288638
0.0307554
0.032739
0.0348164
0.0369896
0.03926
0.0416291
0.0440981
0.046668
0.0493394
0.0521127
0.0549883
0.0579659
0.0610451
0.0642251
0.0675048
0.0708827
0.074357
0.0779255
0.0815855
0.0853341
0.0891677
0.0930826
0.0970746
0.101139
0.105271
0.109464
0.113714
0.118013
0.122355
0.126733
0.131139
0.135567
0.140007
0.144451
0.148891
0.153318
0.157722
0.162094
0.166425
0.170704
0.174923
0.179071
0.183139
0.187116
0.190993
0.19476
0.198408
0.201926
0.205306
0.208539
0.211617
0.21453
0.217271
0.219832
0.222206
0.224387
0.226367
0.228143
0.229708
0.231058
0.232189
0.233097
0.233781
0.234238
0.234467
0.234467
0.234238
0.233781
0.233097
0.232189
0.231058
0.229708
0.228143
0.226367
0.224387
0.222206
0.219832
0.217271
0.21453
0.211617
0.208539
0.205306
0.201926
0.198408
0.19476
0.190993
0.187116
0.183139
0.179071
0.174923
0.170704
0.166425
0.162094
0.157722
0.153318
0.148891
0.144451
0.140007
0.135567
0.131139
0.126733
0.122355
0.118013
0.113714
0.109464
0.105271
0.101139
0.0970746
0.0930826
0.0891677
0.0853341
0.0815855
0.0779255
0.074357
0.0708827
0.0675048
0.0642251
0.0610451
0.0579659
0.0549883
0.0521127
0.0493394
0.046668
0.0440981
0.0416291
0.03926
0.0369896
0.0348164
0.032739
0.0307554
0.0288638
0.0270622
0.0253482
0.0237196
0.0221739
0.0207088
0.0193216
0.0180097
0.0167705
0.0156013
0.0144995
0.0134623
0.0124871
0.0115713
0.0107121
0.00990712
0.00915364
0.00844922
0.00779139
0.00717776
0.00660601
0.00607387
0.00557914
0.00511971
0.00469352
0.00429861
0.00393309
0.00359513
0.00328301
0.00299506
0.0027297
0.00248542
0.00226079
0.00205446
0.00186513
0.0016916
0.00153272
0.0013874
0.00125464
0.00113347
0.00102301
0.000922406
0.000830886
0.000747717
0.000672215
0.000603748
0.000541725
0.000485599
0.000434863
0.000389048
0.000347721
0.00031048
0.000276956
0.000246812
0.000219733
0.000195435
0.000173654
0.000154149
0.000136702
0.000121112
0.000107194
9.47834e-05
8.37278e-05
7.93493e-05
8.98268e-05
0.000101589
0.000114778
0.000129554
0.000146088
0.000164573
0.000185215
0.000208243
0.000233905
0.000262473
0.000294243
0.000329537
0.000368704
0.000412123
0.000460205
0.000513396
0.000572176
0.000637063
0.000708616
0.000787436
0.000874169
0.000969509
0.0010742
0.00118903
0.00131485
0.00145257
0.00160314
0.0017676
0.00194702
0.00214256
0.00235545
0.00258695
0.00283844
0.00311133
0.00340713
0.00372741
0.00407382
0.00444808
0.00485198
0.00528738
0.00575624
0.00626056
0.00680241
0.00738394
0.00800737
0.00867496
0.00938903
0.010152
0.0109662
0.0118341
0.0127583
0.0137412
0.0147855
0.0158935
0.0170679
0.0183112
0.0196258
0.0210144
0.0224792
0.0240226
0.025647
0.0273544
0.0291471
0.0310269
0.0329957
0.0350552
0.0372069
0.0394522
0.0417921
0.0442275
0.0467592
0.0493876
0.0521127
0.0549346
0.0578528
0.0608665
0.0639747
0.067176
0.0704686
0.0738505
0.0773191
0.0808716
0.0845048
0.088215
0.0919982
0.09585
0.0997656
0.10374
0.107767
0.111841
0.115956
0.120105
0.124282
0.128477
0.132685
0.136897
0.141105
0.1453
0.149474
0.153617
0.157722
0.161778
0.165776
0.169707
0.173562
0.177331
0.181005
0.184575
0.188032
0.191367
0.19457
0.197634
0.20055
0.203311
0.205909
0.208336
0.210586
0.212653
0.21453
0.216212
0.217695
0.218975
0.220047
0.220908
0.221556
0.221989
0.222206
0.222206
0.221989
0.221556
0.220908
0.220047
0.218975
0.217695
0.216212
0.21453
0.212653
0.210586
0.208336
0.205909
0.203311
0.20055
0.197634
0.19457
0.191367
0.188032
0.184575
0.181005
0.177331
0.173562
0.169707
0.165776
0.161778
0.157722
0.153617
0.149474
0.1453
0.141105
0.136897
0.132685
0.128477
0.124282
0.120105
0.115956
0.111841
0.107767
0.10374
0.0997656
0.09585
0.0919982
0.088215
0.0845048
0.0808716
0.0773191
0.0738505
0.0704686
0.067176
0.0639747
0.0608665
0.0578528
0.0549346
0.0521127
0.0493876
0.0467592
0.0442275
0.0417921
0.0394522
0.0372069
0.0350552
0.0329957
0.0310269
0.0291471
0.0273544
0.025647
0.0240226
0.0224792
0.0210144
0.0196258
0.0183112
0.0170679
0.0158935
0.0147855
0.0137412
0.0127583
0.0118341
0.0109662
0.010152
0.00938903
0.00867496
0.00800737
0.00738394
0.00680241
0.00626056
0.00575624
0.00528738
0.00485198
0.00444808
0.00407382
0.00372741
0.00340713
0.00311133
0.00283844
0.00258695
0.00235545
0.00214256
0.00194702
0.0017676
0.00160314
0.00145257
0.00131485
0.00118903
0.0010742
0.000969509
0.000874169
0.000787436
0.000708616
0.000637063
0.000572176
0.000513396
0.000460205
0.000412123
0.000368704
0.000329537
0.000294243
0.000262473
0.000233905
0.000208243
0.000185215
0.000164573
0.000146088
0.000129554
0.000114778
0.000101589
8.98268e-05
7.93493e-05
7.51264e-05
8.50463e-05
9.61821e-05
0.00010867
0.000122659
0.000138314
0.000155814
0.000175358
0.00019716
0.000221457
0.000248505
0.000278584
0.000311999
0.000349082
0.00039019
0.000435714
0.000486074
0.000541725
0.000603159
0.000670904
0.000745529
0.000827647
0.000917913
0.00101703
0.00112575
0.00124487
0.00137526
0.00151782
0.00167353
0.0018434
0.00202854
0.00223009
0.00244928
0.00268738
0.00294575
0.00322581
0.00352904
0.00385702
0.00421136
0.00459376
0.00500599
0.0054499
0.00592738
0.00644039
0.00699098
0.00758123
0.00821329
0.00888936
0.00961169
0.0103826
0.0112043
0.0120793
0.0130099
0.0139986
0.0150477
0.0161595
0.0173367
0.0185814
0.019896
0.0212829
0.0227442
0.0242821
0.0258986
0.0275959
0.0293757
0.0312397
0.0331896
0.0352268
0.0373526
0.0395679
0.0418738
0.0442707
0.0467592
0.0493394
0.0520111
0.0547739
0.0576272
0.06057
0.0636009
0.0667183
0.0699202
0.0732042
0.0765677
0.0800075
0.0835203
0.0871021
0.090749
0.0944562
0.0982189
0.102032
0.105889
0.109785
0.113714
0.117667
0.12164
0.125624
0.129612
0.133595
0.137567
0.141519
0.145442
0.149328
0.153168
0.156953
0.160675
0.164325
0.167894
0.171372
0.174752
0.178025
0.181182
0.184215
0.187116
0.189877
0.192491
0.19495
0.197248
0.199379
0.201335
0.203113
0.204706
0.20611
0.207321
0.208336
0.209151
0.209765
0.210175
0.21038
0.21038
0.210175
0.209765
0.209151
0.208336
0.207321
0.20611
0.204706
0.203113
0.201335
0.199379
0.197248
0.19495
0.192491
0.189877
0.187116
0.184215
0.181182
0.178025
0.174752
0.171372
0.167894
0.164325
0.160675
0.156953
0.153168
0.149328
0.145442
0.141519
0.137567
0.133595
0.129612
0.125624
0.12164
0.117667
0.113714
0.109785
0.105889
0.102032
0.0982189
0.0944562
0.090749
0.0871021
0.0835203
0.0800075
0.0765677
0.0732042
0.0699202
0.0667183
0.0636009
0.06057
0.0576272
0.0547739
0.0520111
0.0493394
0.0467592
0.0442707
0.0418738
0.0395679
0.0373526
0.0352268
0.0331896
0.0312397
0.0293757
0.0275959
0.0258986
0.0242821
0.0227442
0.0212829
0.019896
0.0185814
0.0173367
0.0161595
0.0150477
0.0139986
0.0130099
0.0120793
0.0112043
0.0103826
0.00961169
0.00888936
0.00821329
0.00758123
0.00699098
0.00644039
0.00592738
0.0054499
0.00500599
0.00459376
0.00421136
0.00385702
0.00352904
0.00322581
0.00294575
0.00268738
0.00244928
0.00223009
0.00202854
0.0018434
0.00167353
0.00151782
0.00137526
0.00124487
0.00112575
0.00101703
0.000917913
0.000827647
0.000745529
0.000670904
0.000603159
0.000541725
0.000486074
0.000435714
0.00039019
0.000349082
0.000311999
0.000278584
0.000248505
0.000221457
0.00019716
0.000175358
0.000155814
0.000138314
0.000122659
0.00010867
9.61821e-05
8.50463e-05
7.51264e-05
7.10589e-05
8.04416e-05
9.09745e-05
0.000102786
0.000116018
0.000130825
0.000147378
0.000165863
0.000186485
0.000209466
0.00023505
0.000263501
0.000295107
0.000330181
0.000369064
0.000412123
0.000459756
0.000512394
0.000570502
0.000634579
0.000705164
0.000782836
0.000868214
0.000961964
0.0010648
0.00117747
0.0013008
0.00143564
0.00158292
0.00174359
0.00191871
0.00210935
0.00231666
0.00254187
0.00278626
0.00305115
0.00333797
0.00364819
0.00398334
0.00434504
0.00473495
0.00515482
0.00560645
0.00609169
0.00661246
0.00717076
0.00776859
0.00840806
0.00909128
0.00982042
0.0105977
0.0114253
0.0123055
0.0132407
0.0142329
0.0152846
0.016398
0.0175753
0.0188188
0.0201305
0.0215127
0.0229673
0.0244964
0.0261018
0.0277852
0.0295483
0.0313926
0.0333195
0.0353302
0.0374256
0.0396066
0.0418738
0.0442275
0.046668
0.049195
0.0518083
0.0545071
0.0572906
0.0601574
0.063106
0.0661345
0.0692407
0.0724221
0.0756757
0.0789982
0.0823862
0.0858355
0.089342
0.092901
0.0965075
0.100156
0.103841
0.107557
0.111297
0.115054
0.118822
0.122594
0.126362
0.130119
0.133857
0.137567
0.141243
0.144875
0.148455
0.151976
0.155428
0.158803
0.162094
0.165291
0.168386
0.171372
0.174241
0.176985
0.179597
0.182069
0.184395
0.186569
0.188584
0.190434
0.192116
0.193622
0.19495
0.196096
0.197056
0.197827
0.198408
0.198796
0.19899
0.19899
0.198796
0.198408
0.197827
0.197056
0.196096
0.19495
0.193622
0.192116
0.190434
0.188584
0.186569
0.184395
0.182069
0.179597
0.176985
0.174241
0.171372
0.168386
0.165291
0.162094
0.158803
0.155428
0.151976
0.148455
0.144875
0.141243
0.137567
0.133857
0.130119
0.126362
0.122594
0.118822
0.115054
0.111297
0.107557
0.103841
0.100156
0.0965075
0.092901
0.089342
0.0858355
0.0823862
0.0789982
0.0756757
0.0724221
0.0692407
0.0661345
0.063106
0.0601574
0.0572906
0.0545071
0.0518083
0.049195
0.046668
0.0442275
0.0418738
0.0396066
0.0374256
0.0353302
0.0333195
0.0313926
0.0295483
0.0277852
0.0261018
0.0244964
0.0229673
0.0215127
0.0201305
0.0188188
0.0175753
0.016398
0.0152846
0.0142329
0.0132407
0.0123055
0.0114253
0.0105977
0.00982042
0.00909128
0.00840806
0.00776859
0.00717076
0.00661246
0.00609169
0.00560645
0.00515482
0.00473495
0.00434504
0.00398334
0.00364819
0.00333797
0.00305115
0.00278626
0.00254187
0.00231666
0.00210935
0.00191871
0.00174359
0.00158292
0.00143564
0.0013008
0.00117747
0.0010648
0.000961964
0.000868214
0.000782836
0.000705164
0.000634579
0.000570502
0.000512394
0.000459756
0.000412123
0.000369064
0.000330181
0.000295107
0.000263501
0.00023505
0.000209466
0.000186485
0.000165863
0.000147378
0.000130825
0.000116018
0.000102786
9.09745e-05
8.04416e-05
7.10589e-05
6.71459e-05
7.6012e-05
8.59648e-05
9.7126e-05
0.000109629
0.000123621
0.000139262
0.00015673
0.000176216
0.000197932
0.000222107
0.000248991
0.000278856
0.000311999
0.000348741
0.000389429
0.000434439
0.000484179
0.000539086
0.000599635
0.000666333
0.000739728
0.000820405
0.000908992
0.00100616
0.00111263
0.00122917
0.00135659
0.00149575
0.00164758
0.00181305
0.00199319
0.00218909
0.0024019
0.00263283
0.00288314
0.00315416
0.00344729
0.00376399
0.00410577
0.00447422
0.00487097
0.00529772
0.00575624
0.00624834
0.00677589
0.00734081
0.00794506
0.00859066
0.00927965
0.0100141
0.0107962
0.0116279
0.0125115
0.0134492
0.014443
0.015495
0.0166075
0.0177825
0.019022
0.0203281
0.0217026
0.0231475
0.0246644
0.0262552
0.0279212
0.029664
0.0314848
0.0333847
0.0353647
0.0374256
0.0395679
0.0417921
0.0440981
0.046486
0.0489554
0.0515056
0.0541358
0.0568447
0.059631
0.0624927
0.0654279
0.0684341
0.0715085
0.0746481
0.0778494
0.0811089
0.0844223
0.0877853
0.0911932
0.0946409
0.098123
0.101634
0.105168
0.108718
0.112279
0.115843
0.119404
0.122954
0.126486
0.129992
0.133465
0.136897
0.14028
0.143607
0.146869
0.150059
0.153168
0.156189
0.159114
0.161936
0.164646
0.167239
0.169707
0.172043
0.174241
0.176295
0.178199
0.179948
0.181536
0.18296
0.184215
0.185298
0.186205
0.186934
0.187482
0.187849
0.188032
0.188032
0.187849
0.187482
0.186934
0.186205
0.185298
0.184215
0.18296
0.181536
0.179948
0.178199
0.176295
0.174241
0.172043
0.169707
0.167239
0.164646
0.161936
0.159114
0.156189
0.153168
0.150059
0.146869
0.143607
0.14028
0.136897
0.133465
0.129992
0.126486
0.122954
0.119404
0.115843
0.112279
0.108718
0.105168
0.101634
0.098123
0.0946409
0.0911932
0.0877853
0.0844223
0.0811089
0.0778494
0.0746481
0.0715085
0.0684341
0.0654279
0.0624927
0.059631
0.0568447
0.0541358
0.0515056
0.0489554
0.046486
0.0440981
0.0417921
0.0395679
0.0374256
0.0353647
0.0333847
0.0314848
0.029664
0.0279212
0.0262552
0.0246644
0.0231475
0.0217026
0.0203281
0.019022
0.0177825
0.0166075
0.015495
0.014443
0.0134492
0.0125115
0.0116279
0.0107962
0.0100141
0.00927965
0.00859066
0.00794506
0.00734081
0.00677589
0.00624834
0.00575624
0.00529772
0.00487097
0.00447422
0.00410577
0.00376399
0.00344729
0.00315416
0.00288314
0.00263283
0.0024019
0.00218909
0.00199319
0.00181305
0.00164758
0.00149575
0.00135659
0.00122917
0.00111263
0.00100616
0.000908992
0.000820405
0.000739728
0.000666333
0.000599635
0.000539086
0.000484179
0.000434439
0.000389429
0.000348741
0.000311999
0.000278856
0.000248991
0.000222107
0.000197932
0.000176216
0.00015673
0.000139262
0.000123621
0.000109629
9.7126e-05
8.59648e-05
7.6012e-05
6.71459e-05
6.33865e-05
7.17562e-05
8.11518e-05
9.1688e-05
0.000103491
0.0001167
0.000131465
0.000147955
0.00016635
0.00018685
0.000209671
0.00023505
0.000263243
0.000294531
0.000329215
0.000367625
0.000410115
0.00045707
0.000508904
0.000566062
0.000629026
0.000698311
0.000774471
0.000858099
0.000949829
0.00105034
0.00116035
0.00128063
0.00141201
0.00155533
0.00171154
0.0018816
0.00206653
0.00226742
0.00248542
0.00272171
0.00297756
0.00325428
0.00355325
0.0038759
0.00422371
0.00459825
0.00500111
0.00543396
0.0058985
0.00639652
0.0069298
0.00750022
0.00810968
0.00876009
0.00945344
0.0101917
0.0109769
0.011811
0.0126962
0.0136343
0.0146275
0.0156777
0.0167869
0.017957
0.0191899
0.0204875
0.0218515
0.0232835
0.0247852
0.0263579
0.0280031
0.029722
0.0315155
0.0333847
0.0353302
0.0373526
0.0394522
0.0416291
0.0438833
0.0462144
0.0486219
0.0511048
0.0536621
0.0562923
0.0589938
0.0617647
0.0646025
0.0675048
0.0704686
0.0734908
0.0765677
0.0796956
0.0828703
0.0860874
0.089342
0.0926292
0.0959437
0.0992797
0.102631
0.105993
0.109357
0.112719
0.11607
0.119404
0.122714
0.125992
0.129232
0.132426
0.135567
0.138646
0.141657
0.144592
0.147444
0.150205
0.152869
0.155428
0.157876
0.160205
0.162411
0.164486
0.166425
0.168222
0.169873
0.171372
0.172717
0.173901
0.174923
0.175779
0.176467
0.176985
0.177331
0.177504
0.177504
0.177331
0.176985
0.176467
0.175779
0.174923
0.173901
0.172717
0.171372
0.169873
0.168222
0.166425
0.164486
0.162411
0.160205
0.157876
0.155428
0.152869
0.150205
0.147444
0.144592
0.141657
0.138646
0.135567
0.132426
0.129232
0.125992
0.122714
0.119404
0.11607
0.112719
0.109357
0.105993
0.102631
0.0992797
0.0959437
0.0926292
0.089342
0.0860874
0.0828703
0.0796956
0.0765677
0.0734908
0.0704686
0.0675048
0.0646025
0.0617647
0.0589938
0.0562923
0.0536621
0.0511048
0.0486219
0.0462144
0.0438833
0.0416291
0.0394522
0.0373526
0.0353302
0.0333847
0.0315155
0.029722
0.0280031
0.0263579
0.0247852
0.0232835
0.0218515
0.0204875
0.0191899
0.017957
0.0167869
0.0156777
0.0146275
0.0136343
0.0126962
0.011811
0.0109769
0.0101917
0.00945344
0.00876009
0.00810968
0.00750022
0.0069298
0.00639652
0.0058985
0.00543396
0.00500111
0.00459825
0.00422371
0.0038759
0.00355325
0.00325428
0.00297756
0.00272171
0.00248542
0.00226742
0.00206653
0.0018816
0.00171154
0.00155533
0.00141201
0.00128063
0.00116035
0.00105034
0.000949829
0.000858099
0.000774471
0.000698311
0.000629026
0.000566062
0.000508904
0.00045707
0.000410115
0.000367625
0.000329215
0.000294531
0.000263243
0.00023505
0.000209671
0.00018685
0.00016635
0.000147955
0.000131465
0.0001167
0.000103491
9.1688e-05
8.11518e-05
7.17562e-05
6.33865e-05
5.97792e-05
6.76725e-05
7.65334e-05
8.647e-05
9.76014e-05
0.000110058
0.000123984
0.000139535
0.000156883
0.000176216
0.000197739
0.000221673
0.000248262
0.000277769
0.00031048
0.000346703
0.000386776
0.000431058
0.000479942
0.000533847
0.000593228
0.00065857
0.000730396
0.000809264
0.000895774
0.000990564
0.00109431
0.00120775
0.00133165
0.00146682
0.00161414
0.00177451
0.00194892
0.00213838
0.00234397
0.00256682
0.00280811
0.00306908
0.00335103
0.00365532
0.00398334
0.00433656
0.00471649
0.00512471
0.00556282
0.00603249
0.00653543
0.00707339
0.00764815
0.00826155
0.00891544
0.00961169
0.0103522
0.0111389
0.0119736
0.0128584
0.013795
0.0147855
0.0158315
0.0169351
0.0180978
0.0193216
0.0206079
0.0219584
0.0233746
0.0248579
0.0264095
0.0280305
0.029722
0.0314848
0.0333195
0.0352268
0.0372069
0.03926
0.0413859
0.0435844
0.0458548
0.0481964
0.0506082
0.0530887
0.0556365
0.0582496
0.060926
0.0636631
0.0664582
0.0693084
0.0722102
0.0751601
0.0781541
0.0811881
0.0842576
0.0873577
0.0904835
0.0936296
0.0967906
0.0999607
0.103134
0.106304
0.109464
0.112609
0.11573
0.118822
0.121878
0.12489
0.127852
0.130756
0.133595
0.136363
0.139053
0.141657
0.144169
0.146583
0.148891
0.151088
0.153168
0.155125
0.156953
0.158648
0.160205
0.16162
0.162887
0.164005
0.164968
0.165776
0.166425
0.166913
0.167239
0.167403
0.167403
0.167239
0.166913
0.166425
0.165776
0.164968
0.164005
0.162887
0.16162
0.160205
0.158648
0.156953
0.155125
0.153168
0.151088
0.148891
0.146583
0.144169
0.141657
0.139053
0.136363
0.133595
0.130756
0.127852
0.12489
0.121878
0.118822
0.11573
0.112609
0.109464
0.106304
0.103134
0.0999607
0.0967906
0.0936296
0.0904835
0.0873577
0.0842576
0.0811881
0.0781541
0.0751601
0.0722102
0.0693084
0.0664582
0.0636631
0.060926
0.0582496
0.0556365
0.0530887
0.0506082
0.0481964
0.0458548
0.0435844
0.0413859
0.03926
0.0372069
0.0352268
0.0333195
0.0314848
0.029722
0.0280305
0.0264095
0.0248579
0.0233746
0.0219584
0.0206079
0.0193216
0.0180978
0.0169351
0.0158315
0.0147855
0.013795
0.0128584
0.0119736
0.0111389
0.0103522
0.00961169
0.00891544
0.00826155
0.00764815
0.00707339
0.00653543
0.00603249
0.00556282
0.00512471
0.00471649
0.00433656
0.00398334
0.00365532
0.00335103
0.00306908
0.00280811
0.00256682
0.00234397
0.00213838
0.00194892
0.00177451
0.00161414
0.00146682
0.00133165
0.00120775
0.00109431
0.000990564
0.000895774
0.000809264
0.000730396
0.00065857
0.000593228
0.000533847
0.000479942
0.000431058
0.000386776
0.000346703
0.00031048
0.000277769
0.000248262
0.000221673
0.000197739
0.000176216
0.000156883
0.000139535
0.000123984
0.000110058
9.76014e-05
8.647e-05
7.65334e-05
6.76725e-05
5.97792e-05
5.63221e-05
6.3759e-05
7.21074e-05
8.14694e-05
9.1957e-05
0.000103693
0.000116814
0.000131465
0.00014781
0.000166026
0.000186303
0.000208854
0.000233905
0.000261705
0.000292524
0.000326653
0.000364408
0.00040613
0.000452186
0.000502975
0.000558921
0.000620485
0.000688157
0.000762464
0.000843971
0.000933279
0.00103103
0.00113791
0.00125464
0.00138199
0.00152079
0.00167189
0.00183622
0.00201472
0.00220842
0.00241838
0.00264571
0.00289159
0.00315724
0.00344393
0.00375298
0.00408577
0.00444374
0.00482834
0.00524112
0.00568363
0.00615748
0.00666433
0.00720586
0.00778378
0.00839985
0.00905584
0.00975352
0.0104947
0.0112812
0.0121148
0.0129972
0.0139304
0.014916
0.0159557
0.0170512
0.0182042
0.0194161
0.0206886
0.0220229
0.0234203
0.0248822
0.0264095
0.0280031
0.029664
0.0313926
0.0331896
0.0350552
0.0369896
0.0389925
0.0410639
0.043203
0.0454092
0.0476814
0.0500186
0.052419
0.054881
0.0574026
0.0599814
0.0626149
0.0653002
0.0680342
0.0708135
0.0736344
0.076493
0.0793849
0.0823057
0.0852508
0.088215
0.0911932
0.0941799
0.0971695
0.100156
0.103134
0.106096
0.109037
0.111951
0.11483
0.117667
0.120458
0.123194
0.125869
0.128477
0.131011
0.133465
0.135832
0.138106
0.14028
0.142351
0.14431
0.146154
0.147877
0.149474
0.150941
0.152273
0.153467
0.15452
0.155428
0.156189
0.1568
0.15726
0.157568
0.157722
0.157722
0.157568
0.15726
0.1568
0.156189
0.155428
0.15452
0.153467
0.152273
0.150941
0.149474
0.147877
0.146154
0.14431
0.142351
0.14028
0.138106
0.135832
0.133465
0.131011
0.128477
0.125869
0.123194
0.120458
0.117667
0.11483
0.111951
0.109037
0.106096
0.103134
0.100156
0.0971695
0.0941799
0.0911932
0.088215
0.0852508
0.0823057
0.0793849
0.076493
0.0736344
0.0708135
0.0680342
0.0653002
0.0626149
0.0599814
0.0574026
0.054881
0.052419
0.0500186
0.0476814
0.0454092
0.043203
0.0410639
0.0389925
0.0369896
0.0350552
0.0331896
0.0313926
0.029664
0.0280031
0.0264095
0.0248822
0.0234203
0.0220229
0.0206886
0.0194161
0.0182042
0.0170512
0.0159557
0.014916
0.0139304
0.0129972
0.0121148
0.0112812
0.0104947
0.00975352
0.00905584
0.00839985
0.00778378
0.00720586
0.00666433
0.00615748
0.00568363
0.00524112
0.00482834
0.00444374
0.00408577
0.00375298
0.00344393
0.00315724
0.00289159
0.00264571
0.00241838
0.00220842
0.00201472
0.00183622
0.00167189
0.00152079
0.00138199
0.00125464
0.00113791
0.00103103
0.000933279
0.000843971
0.000762464
0.000688157
0.000620485
0.000558921
0.000502975
0.000452186
0.00040613
0.000364408
0.000326653
0.000292524
0.000261705
0.000233905
0.000208854
0.000186303
0.000166026
0.00014781
0.000131465
0.000116814
0.000103693
9.1957e-05
8.14694e-05
7.21074e-05
6.3759e-05
5.63221e-05
5.30131e-05
6.00131e-05
6.78711e-05
7.6683e-05
8.65545e-05
9.76014e-05
0.000109951
0.000123742
0.000139127
0.000156271
0.000175358
0.000196583
0.000220163
0.00024633
0.000275338
0.000307462
0.000342999
0.000382269
0.00042562
0.000473425
0.000526084
0.000584031
0.000647727
0.000717669
0.000794387
0.000878448
0.000970456
0.00107105
0.00118093
0.0013008
0.00143144
0.00157367
0.00172834
0.00189635
0.00207867
0.0022763
0.00249028
0.00272171
0.00297175
0.0032416
0.00353249
0.00384573
0.00418267
0.00454468
0.0049332
0.00534971
0.00579572
0.0062728
0.00678251
0.00732648
0.00790636
0.0085238
0.0091805
0.00987813
0.0106184
0.011403
0.0122337
0.013112
0.0140397
0.0150183
0.0160495
0.0171347
0.0182754
0.0194731
0.020729
0.0220444
0.0234203
0.0248579
0.0263579
0.0279212
0.0295483
0.0312397
0.0329957
0.0348164
0.0367017
0.0386513
0.0406648
0.0427414
0.0448801
0.0470799
0.0493394
0.0516567
0.0540302
0.0564575
0.0589363
0.0614638
0.0640372
0.0666532
0.0693084
0.071999
0.074721
0.0774702
0.0802423
0.0830323
0.0858355
0.0886468
0.0914607
0.0942719
0.0970746
0.0998631
0.102631
0.105373
0.108083
0.110754
0.113381
0.115956
0.118475
0.120929
0.123314
0.125624
0.127852
0.129992
0.132039
0.133987
0.135832
0.137567
0.139189
0.140692
0.142073
0.143327
0.144451
0.145442
0.146297
0.147013
0.147588
0.148021
0.14831
0.148455
0.148455
0.14831
0.148021
0.147588
0.147013
0.146297
0.145442
0.144451
0.143327
0.142073
0.140692
0.139189
0.137567
0.135832
0.133987
0.132039
0.129992
0.127852
0.125624
0.123314
0.120929
0.118475
0.115956
0.113381
0.110754
0.108083
0.105373
0.102631
0.0998631
0.0970746
0.0942719
0.0914607
0.0886468
0.0858355
0.0830323
0.0802423
0.0774702
0.074721
0.071999
0.0693084
0.0666532
0.0640372
0.0614638
0.0589363
0.0564575
0.0540302
0.0516567
0.0493394
0.0470799
0.0448801
0.0427414
0.0406648
0.0386513
0.0367017
0.0348164
0.0329957
0.0312397
0.0295483
0.0279212
0.0263579
0.0248579
0.0234203
0.0220444
0.020729
0.0194731
0.0182754
0.0171347
0.0160495
0.0150183
0.0140397
0.013112
0.0122337
0.011403
0.0106184
0.00987813
0.0091805
0.0085238
0.00790636
0.00732648
0.00678251
0.0062728
0.00579572
0.00534971
0.0049332
0.00454468
0.00418267
0.00384573
0.00353249
0.0032416
0.00297175
0.00272171
0.00249028
0.0022763
0.00207867
0.00189635
0.00172834
0.00157367
0.00143144
0.0013008
0.00118093
0.00107105
0.000970456
0.000878448
0.000794387
0.000717669
0.000647727
0.000584031
0.000526084
0.000473425
0.00042562
0.000382269
0.000342999
0.000307462
0.000275338
0.00024633
0.000220163
0.000196583
0.000175358
0.000156271
0.000139127
0.000123742
0.000109951
9.76014e-05
8.65545e-05
7.6683e-05
6.78711e-05
6.00131e-05
5.30131e-05
4.98499e-05
5.64322e-05
6.38213e-05
7.21074e-05
8.13899e-05
9.17776e-05
0.00010339
0.000116358
0.000130825
0.000146947
0.000164894
0.000184853
0.000207026
0.000231632
0.000258909
0.000289116
0.000322533
0.00035946
0.000400224
0.000445176
0.000494693
0.000549182
0.000609078
0.000674846
0.000746987
0.000826032
0.00091255
0.00100715
0.00111046
0.00122318
0.00134603
0.00147977
0.00162521
0.0017832
0.00195464
0.00214047
0.00234168
0.00255931
0.00279443
0.00304817
0.00332171
0.00361626
0.00393309
0.0042735
0.00463884
0.0050305
0.0054499
0.0058985
0.0063778
0.00688932
0.00743459
0.0080152
0.00863271
0.00928871
0.00998482
0.0107226
0.0115037
0.0123296
0.0132019
0.0141222
0.0150918
0.0161123
0.017185
0.0183112
0.0194921
0.020729
0.0220229
0.0233746
0.0247852
0.0262552
0.0277852
0.0293757
0.0310269
0.032739
0.0345118
0.036345
0.0382384
0.040191
0.0422022
0.0442707
0.0463953
0.0485744
0.0508062
0.0530887
0.0554196
0.0577963
0.0602162
0.0626761
0.0651728
0.0677029
0.0702625
0.0728477
0.0754543
0.0780779
0.0807138
0.0833573
0.0860033
0.0886468
0.0912823
0.0939044
0.0965075
0.099086
0.101634
0.104146
0.106616
0.109037
0.111405
0.113714
0.115956
0.118128
0.120223
0.122235
0.12416
0.125992
0.127727
0.129359
0.130884
0.132297
0.133595
0.134775
0.135832
0.136764
0.137567
0.138241
0.138782
0.139189
0.139461
0.139597
0.139597
0.139461
0.139189
0.138782
0.138241
0.137567
0.136764
0.135832
0.134775
0.133595
0.132297
0.130884
0.129359
0.127727
0.125992
0.12416
0.122235
0.120223
0.118128
0.115956
0.113714
0.111405
0.109037
0.106616
0.104146
0.101634
0.099086
0.0965075
0.0939044
0.0912823
0.0886468
0.0860033
0.0833573
0.0807138
0.0780779
0.0754543
0.0728477
0.0702625
0.0677029
0.0651728
0.0626761
0.0602162
0.0577963
0.0554196
0.0530887
0.0508062
0.0485744
0.0463953
0.0442707
0.0422022
0.040191
0.0382384
0.036345
0.0345118
0.032739
0.0310269
0.0293757
0.0277852
0.0262552
0.0247852
0.0233746
0.0220229
0.020729
0.0194921
0.0183112
0.017185
0.0161123
0.0150918
0.0141222
0.0132019
0.0123296
0.0115037
0.0107226
0.00998482
0.00928871
0.00863271
0.0080152
0.00743459
0.00688932
0.0063778
0.0058985
0.0054499
0.0050305
0.00463884
0.0042735
0.00393309
0.00361626
0.00332171
0.00304817
0.00279443
0.00255931
0.00234168
0.00214047
0.00195464
0.0017832
0.00162521
0.00147977
0.00134603
0.00122318
0.00111046
0.00100715
0.00091255
0.000826032
0.000746987
0.000674846
0.000609078
0.000549182
0.000494693
0.000445176
0.000400224
0.00035946
0.000322533
0.000289116
0.000258909
0.000231632
0.000207026
0.000184853
0.000164894
0.000146947
0.000130825
0.000116358
0.00010339
9.17776e-05
8.13899e-05
7.21074e-05
6.38213e-05
5.64322e-05
4.98499e-05
4.68296e-05
5.30131e-05
5.99545e-05
6.77387e-05
7.64587e-05
8.62171e-05
9.7126e-05
0.000109308
0.000122899
0.000138044
0.000154904
0.000173654
0.000194483
0.000217598
0.000243223
0.0002716
0.000302991
0.000337681
0.000375976
0.000418204
0.000464721
0.000515909
0.000572176
0.00063396
0.000701729
0.000775985
0.000857261
0.000946126
0.00104318
0.00114907
0.00126448
0.00139011
0.00152674
0.00167516
0.00183622
0.00201079
0.00219981
0.00240425
0.00262512
0.00286349
0.00312046
0.00339716
0.0036948
0.00401458
0.00435779
0.00472572
0.00511971
0.00554113
0.00599139
0.00647192
0.00698415
0.00752958
0.00810968
0.00872594
0.00937987
0.010073
0.0108067
0.0115826
0.0124021
0.0132665
0.0141774
0.0151361
0.0161438
0.0172018
0.0183112
0.0194731
0.0206886
0.0219584
0.0232835
0.0246644
0.0261018
0.0275959
0.0291471
0.0307554
0.0324208
0.034143
0.0359216
0.037756
0.0396453
0.0415885
0.0435844
0.0456314
0.047728
0.0498722
0.0520619
0.0542946
0.0565679
0.0588787
0.0612242
0.0636009
0.0660055
0.0684341
0.0708827
0.0733474
0.0758236
0.0783069
0.0807927
0.0832759
0.0857517
0.088215
0.0906604
0.0930826
0.0954763
0.097836
0.100156
0.102431
0.104656
0.106824
0.108931
0.110971
0.112939
0.11483
0.116638
0.118359
0.119988
0.121521
0.122954
0.124282
0.125501
0.126609
0.127602
0.128477
0.129232
0.129865
0.130373
0.130756
0.131011
0.131139
0.131139
0.131011
0.130756
0.130373
0.129865
0.129232
0.128477
0.127602
0.126609
0.125501
0.124282
0.122954
0.121521
0.119988
0.118359
0.116638
0.11483
0.112939
0.110971
0.108931
0.106824
0.104656
0.102431
0.100156
0.097836
0.0954763
0.0930826
0.0906604
0.088215
0.0857517
0.0832759
0.0807927
0.0783069
0.0758236
0.0733474
0.0708827
0.0684341
0.0660055
0.0636009
0.0612242
0.0588787
0.0565679
0.0542946
0.0520619
0.0498722
0.047728
0.0456314
0.0435844
0.0415885
0.0396453
0.037756
0.0359216
0.034143
0.0324208
0.0307554
0.0291471
0.0275959
0.0261018
0.0246644
0.0232835
0.0219584
0.0206886
0.0194731
0.0183112
0.0172018
0.0161438
0.0151361
0.0141774
0.0132665
0.0124021
0.0115826
0.0108067
0.010073
0.00937987
0.00872594
0.00810968
0.00752958
0.00698415
0.00647192
0.00599139
0.00554113
0.00511971
0.00472572
0.00435779
0.00401458
0.0036948
0.00339716
0.00312046
0.00286349
0.00262512
0.00240425
0.00219981
0.00201079
0.00183622
0.00167516
0.00152674
0.00139011
0.00126448
0.00114907
0.00104318
0.000946126
0.000857261
0.000775985
0.000701729
0.00063396
0.000572176
0.000515909
0.000464721
0.000418204
0.000375976
0.000337681
0.000302991
0.0002716
0.000243223
0.000217598
0.000194483
0.000173654
0.000154904
0.000138044
0.000122899
0.000109308
9.7126e-05
8.62171e-05
7.64587e-05
6.77387e-05
5.99545e-05
5.30131e-05
4.68296e-05
4.39494e-05
4.97526e-05
5.62671e-05
6.35725e-05
7.17562e-05
8.09144e-05
9.11523e-05
0.000102585
0.00011534
0.000129554
0.000145377
0.000162973
0.000182522
0.000204215
0.000228264
0.000254895
0.000284356
0.000316913
0.000352852
0.000392483
0.000436139
0.000484179
0.000536985
0.000594969
0.00065857
0.000728259
0.000804537
0.000887936
0.000979023
0.0010784
0.00118671
0.00130462
0.00143284
0.00157213
0.00172328
0.00188712
0.00206451
0.00225638
0.00246367
0.00268738
0.00292854
0.00318822
0.00346755
0.00376767
0.00408977
0.00443507
0.00480482
0.00520033
0.0056229
0.00607387
0.0065546
0.00706648
0.0076109
0.00818926
0.00880297
0.00945344
0.0101421
0.0108702
0.0116393
0.0124506
0.0133055
0.0142052
0.0151509
0.0161438
0.017185
0.0182754
0.0194161
0.0206079
0.0218515
0.0231475
0.0244964
0.0258986
0.0273544
0.0288638
0.0304268
0.0320431
0.0337123
0.0354338
0.0372069
0.0390306
0.0409038
0.0428249
0.0447926
0.0468049
0.0488599
0.0509553
0.0530887
0.0552575
0.0574587
0.0596892
0.0619459
0.0642251
0.0665232
0.0688362
0.0711602
0.0734908
0.0758236
0.0781541
0.0804777
0.0827894
0.0850844
0.0873577
0.0896042
0.0918187
0.0939961
0.0961312
0.0982189
0.100254
0.102231
0.104146
0.105993
0.107767
0.109464
0.111079
0.112609
0.114047
0.115392
0.116638
0.117782
0.118822
0.119754
0.120576
0.121284
0.121878
0.122355
0.122714
0.122954
0.123074
0.123074
0.122954
0.122714
0.122355
0.121878
0.121284
0.120576
0.119754
0.118822
0.117782
0.116638
0.115392
0.114047
0.112609
0.111079
0.109464
0.107767
0.105993
0.104146
0.102231
0.100254
0.0982189
0.0961312
0.0939961
0.0918187
0.0896042
0.0873577
0.0850844
0.0827894
0.0804777
0.0781541
0.0758236
0.0734908
0.0711602
0.0688362
0.0665232
0.0642251
0.0619459
0.0596892
0.0574587
0.0552575
0.0530887
0.0509553
0.0488599
0.0468049
0.0447926
0.0428249
0.0409038
0.0390306
0.0372069
0.0354338
0.0337123
0.0320431
0.0304268
0.0288638
0.0273544
0.0258986
0.0244964
0.0231475
0.0218515
0.0206079
0.0194161
0.0182754
0.017185
0.0161438
0.0151509
0.0142052
0.0133055
0.0124506
0.0116393
0.0108702
0.0101421
0.00945344
0.00880297
0.00818926
0.0076109
0.00706648
0.0065546
0.00607387
0.0056229
0.00520033
0.00480482
0.00443507
0.00408977
0.00376767
0.00346755
0.00318822
0.00292854
0.00268738
0.00246367
0.00225638
0.00206451
0.00188712
0.00172328
0.00157213
0.00143284
0.00130462
0.00118671
0.0010784
0.000979023
0.000887936
0.000804537
0.000728259
0.00065857
0.000594969
0.000536985
0.000484179
0.000436139
0.000392483
0.000352852
0.000316913
0.000284356
0.000254895
0.000228264
0.000204215
0.000182522
0.000162973
0.000145377
0.000129554
0.00011534
0.000102585
9.11523e-05
8.09144e-05
7.17562e-05
6.35725e-05
5.62671e-05
4.97526e-05
4.39494e-05
4.12061e-05
4.66471e-05
5.27549e-05
5.96043e-05
6.72772e-05
7.58637e-05
8.54626e-05
9.61821e-05
0.00010814
0.000121467
0.000136302
0.000152801
0.000171129
0.000191468
0.000214015
0.000238985
0.000266607
0.000297131
0.000330827
0.000367984
0.000408916
0.000453956
0.000503466
0.000557831
0.000617462
0.000682801
0.000754317
0.000832511
0.000917913
0.00101109
0.00111263
0.00122318
0.0013434
0.001474
0.00161571
0.00176932
0.00193565
0.00211554
0.00230989
0.00251963
0.00274574
0.00298922
0.00325111
0.00353249
0.00383448
0.00415823
0.00450491
0.00487573
0.00527192
0.00569474
0.00614546
0.00662539
0.00713583
0.00767809
0.00825349
0.00886335
0.00950899
0.0101917
0.0109128
0.0116734
0.0124749
0.0133185
0.0142052
0.0151361
0.0161123
0.0171347
0.0182042
0.0193216
0.0204875
0.0217026
0.0229673
0.0242821
0.025647
0.0270622
0.0285276
0.030043
0.031608
0.0332221
0.0348845
0.0365944
0.0383506
0.0401518
0.0419966
0.0438833
0.04581
0.0477747
0.0497749
0.0518083
0.0538721
0.0559634
0.0580792
0.0602162
0.0623708
0.0645395
0.0667183
0.0689035
0.0710907
0.0732758
0.0754543
0.0776217
0.0797735
0.0819048
0.0840111
0.0860874
0.0881289
0.0901307
0.0920881
0.0939961
0.09585
0.0976451
0.0993767
0.10104
0.102631
0.104146
0.10558
0.106928
0.108189
0.109357
0.11043
0.111405
0.112279
0.113049
0.113714
0.11427
0.114717
0.115054
0.115279
0.115392
0.115392
0.115279
0.115054
0.114717
0.11427
0.113714
0.113049
0.112279
0.111405
0.11043
0.109357
0.108189
0.106928
0.10558
0.104146
0.102631
0.10104
0.0993767
0.0976451
0.09585
0.0939961
0.0920881
0.0901307
0.0881289
0.0860874
0.0840111
0.0819048
0.0797735
0.0776217
0.0754543
0.0732758
0.0710907
0.0689035
0.0667183
0.0645395
0.0623708
0.0602162
0.0580792
0.0559634
0.0538721
0.0518083
0.0497749
0.0477747
0.04581
0.0438833
0.0419966
0.0401518
0.0383506
0.0365944
0.0348845
0.0332221
0.031608
0.030043
0.0285276
0.0270622
0.025647
0.0242821
0.0229673
0.0217026
0.0204875
0.0193216
0.0182042
0.0171347
0.0161123
0.0151361
0.0142052
0.0133185
0.0124749
0.0116734
0.0109128
0.0101917
0.00950899
0.00886335
0.00825349
0.00767809
0.00713583
0.00662539
0.00614546
0.00569474
0.00527192
0.00487573
0.00450491
0.00415823
0.00383448
0.00353249
0.00325111
0.00298922
0.00274574
0.00251963
0.00230989
0.00211554
0.00193565
0.00176932
0.00161571
0.001474
0.0013434
0.00122318
0.00111263
0.00101109
0.000917913
0.000832511
0.000754317
0.000682801
0.000617462
0.000557831
0.000503466
0.000453956
0.000408916
0.000367984
0.000330827
0.000297131
0.000266607
0.000238985
0.000214015
0.000191468
0.000171129
0.000152801
0.000136302
0.000121467
0.00010814
9.61821e-05
8.54626e-05
7.58637e-05
6.72772e-05
5.96043e-05
5.27549e-05
4.66471e-05
4.12061e-05
3.85963e-05
4.36927e-05
4.94137e-05
5.58292e-05
6.30162e-05
7.10589e-05
8.00498e-05
9.00904e-05
0.000101291
0.000113774
0.00012767
0.000143123
0.00016029
0.000179341
0.000200461
0.000223849
0.000249721
0.000278312
0.000309874
0.000344678
0.000383017
0.000425205
0.000471579
0.0005225
0.000578355
0.000639556
0.000706543
0.000779784
0.000859777
0.00094705
0.00104216
0.00114571
0.00125832
0.00138064
0.00151338
0.00165726
0.00181305
0.00198155
0.00216359
0.00236005
0.00257184
0.00279989
0.0030452
0.00330876
0.00359163
0.00389487
0.00421959
0.00456692
0.00493802
0.00533406
0.00575624
0.00620577
0.00668388
0.0071918
0.00773075
0.00830199
0.00890674
0.00954621
0.0102216
0.0109341
0.0116848
0.0124749
0.0133055
0.0141774
0.0150918
0.0160495
0.0170512
0.0180978
0.0191899
0.0203281
0.0215127
0.0227442
0.0240226
0.0253482
0.0267208
0.0281402
0.0296061
0.0311179
0.0326751
0.0342766
0.0359216
0.0376088
0.0393368
0.041104
0.0429087
0.0447489
0.0466224
0.048527
0.0504601
0.052419
0.0544008
0.0564024
0.0584205
0.0604518
0.0624927
0.0645395
0.0665882
0.0686348
0.0706754
0.0727055
0.074721
0.0767174
0.0786902
0.080635
0.0825472
0.0844223
0.0862557
0.0880429
0.0897793
0.0914607
0.0930826
0.0946409
0.0961312
0.0975498
0.0988926
0.100156
0.101337
0.102431
0.103436
0.104349
0.105168
0.105889
0.106512
0.107033
0.107452
0.107767
0.107978
0.108083
0.108083
0.107978
0.107767
0.107452
0.107033
0.106512
0.105889
0.105168
0.104349
0.103436
0.102431
0.101337
0.100156
0.0988926
0.0975498
0.0961312
0.0946409
0.0930826
0.0914607
0.0897793
0.0880429
0.0862557
0.0844223
0.0825472
0.080635
0.0786902
0.0767174
0.074721
0.0727055
0.0706754
0.0686348
0.0665882
0.0645395
0.0624927
0.0604518
0.0584205
0.0564024
0.0544008
0.052419
0.0504601
0.048527
0.0466224
0.0447489
0.0429087
0.041104
0.0393368
0.0376088
0.0359216
0.0342766
0.0326751
0.0311179
0.0296061
0.0281402
0.0267208
0.0253482
0.0240226
0.0227442
0.0215127
0.0203281
0.0191899
0.0180978
0.0170512
0.0160495
0.0150918
0.0141774
0.0133055
0.0124749
0.0116848
0.0109341
0.0102216
0.00954621
0.00890674
0.00830199
0.00773075
0.0071918
0.00668388
0.00620577
0.00575624
0.00533406
0.00493802
0.00456692
0.00421959
0.00389487
0.00359163
0.00330876
0.0030452
0.00279989
0.00257184
0.00236005
0.00216359
0.00198155
0.00181305
0.00165726
0.00151338
0.00138064
0.00125832
0.00114571
0.00104216
0.00094705
0.000859777
0.000779784
0.000706543
0.000639556
0.000578355
0.0005225
0.000471579
0.000425205
0.000383017
0.000344678
0.000309874
0.000278312
0.000249721
0.000223849
0.000200461
0.000179341
0.00016029
0.000143123
0.00012767
0.000113774
0.000101291
9.00904e-05
8.00498e-05
7.10589e-05
6.30162e-05
5.58292e-05
4.94137e-05
4.36927e-05
3.85963e-05
3.61165e-05
4.08854e-05
4.62389e-05
5.22422e-05
5.89674e-05
6.64934e-05
7.49067e-05
8.43021e-05
9.47834e-05
0.000106464
0.000119467
0.000133927
0.000149992
0.000167819
0.000187581
0.000209466
0.000233677
0.000260431
0.000289965
0.000322533
0.000358408
0.000397886
0.00044128
0.00048893
0.000541196
0.000598465
0.000661148
0.000729683
0.000804537
0.000886203
0.000975206
0.0010721
0.00117747
0.00129194
0.00141615
0.00155078
0.00169656
0.00185423
0.00202458
0.00220842
0.0024066
0.00262
0.00284955
0.00309617
0.00336087
0.00364462
0.00394848
0.0042735
0.00462075
0.00499135
0.00538641
0.00580706
0.00625444
0.00672973
0.00723406
0.00776859
0.00833449
0.00893287
0.00956487
0.0102316
0.0109341
0.0116734
0.0124506
0.0132665
0.0141222
0.0150183
0.0159557
0.0169351
0.017957
0.019022
0.0201305
0.0212829
0.0224792
0.0237196
0.025004
0.0263322
0.0277039
0.0291186
0.0305757
0.0320744
0.0336137
0.0351924
0.0368094
0.0384631
0.0401518
0.0418738
0.043627
0.0454092
0.0472181
0.0490511
0.0509056
0.0527786
0.054667
0.0565679
0.0584776
0.0603928
0.0623099
0.0642251
0.0661345
0.0680342
0.0699202
0.0717883
0.0736344
0.0754543
0.0772436
0.0789982
0.0807138
0.0823862
0.0840111
0.0855844
0.0871021
0.0885602
0.0899549
0.0912823
0.0925388
0.0937211
0.0948259
0.09585
0.0967906
0.0976451
0.0984109
0.099086
0.0996682
0.100156
0.100548
0.100843
0.10104
0.101139
0.101139
0.10104
0.100843
0.100548
0.100156
0.0996682
0.099086
0.0984109
0.0976451
0.0967906
0.09585
0.0948259
0.0937211
0.0925388
0.0912823
0.0899549
0.0885602
0.0871021
0.0855844
0.0840111
0.0823862
0.0807138
0.0789982
0.0772436
0.0754543
0.0736344
0.0717883
0.0699202
0.0680342
0.0661345
0.0642251
0.0623099
0.0603928
0.0584776
0.0565679
0.054667
0.0527786
0.0509056
0.0490511
0.0472181
0.0454092
0.043627
0.0418738
0.0401518
0.0384631
0.0368094
0.0351924
0.0336137
0.0320744
0.0305757
0.0291186
0.0277039
0.0263322
0.025004
0.0237196
0.0224792
0.0212829
0.0201305
0.019022
0.017957
0.0169351
0.0159557
0.0150183
0.0141222
0.0132665
0.0124506
0.0116734
0.0109341
0.0102316
0.00956487
0.00893287
0.00833449
0.00776859
0.00723406
0.00672973
0.00625444
0.00580706
0.00538641
0.00499135
0.00462075
0.0042735
0.00394848
0.00364462
0.00336087
0.00309617
0.00284955
0.00262
0.0024066
0.00220842
0.00202458
0.00185423
0.00169656
0.00155078
0.00141615
0.00129194
0.00117747
0.0010721
0.000975206
0.000886203
0.000804537
0.000729683
0.000661148
0.000598465
0.000541196
0.00048893
0.00044128
0.000397886
0.000358408
0.000322533
0.000289965
0.000260431
0.000233677
0.000209466
0.000187581
0.000167819
0.000149992
0.000133927
0.000119467
0.000106464
9.47834e-05
8.43021e-05
7.49067e-05
6.64934e-05
5.89674e-05
5.22422e-05
4.62389e-05
4.08854e-05
3.61165e-05
3.37631e-05
3.82212e-05
4.32258e-05
4.8838e-05
5.51249e-05
6.21605e-05
7.00255e-05
7.88088e-05
8.86071e-05
9.95264e-05
0.000111682
0.0001252
0.000140218
0.000156883
0.000175358
0.000195817
0.00021845
0.00024346
0.00027107
0.000301515
0.000335053
0.000371958
0.000412525
0.00045707
0.00050593
0.000559467
0.000618066
0.000682135
0.000752111
0.000828456
0.000911659
0.00100224
0.00110075
0.00120775
0.00132387
0.00144973
0.00158601
0.00173341
0.00189265
0.00206451
0.00224978
0.00244928
0.00266386
0.00289442
0.00314186
0.00340713
0.00369119
0.00399503
0.00431965
0.0046661
0.00503541
0.00542865
0.00584689
0.0062912
0.00676267
0.00726237
0.00779139
0.00835078
0.0089416
0.00956487
0.0102216
0.0109128
0.0116393
0.0124021
0.0132019
0.0140397
0.014916
0.0158315
0.0167869
0.0177825
0.0188188
0.019896
0.0210144
0.0221739
0.0233746
0.0246163
0.0258986
0.0272212
0.0285833
0.0299843
0.0314233
0.0328992
0.0344108
0.0359567
0.0375354
0.0391452
0.0407841
0.0424502
0.0441412
0.0458548
0.0475884
0.0493394
0.0511048
0.0528817
0.054667
0.0564575
0.0582496
0.06004
0.061825
0.0636009
0.065364
0.0671104
0.0688362
0.0705375
0.0722102
0.0738505
0.0754543
0.0770176
0.0785367
0.0800075
0.0814263
0.0827894
0.0840932
0.0853341
0.0865087
0.087614
0.0886468
0.0896042
0.0904835
0.0912823
0.0919982
0.0926292
0.0931736
0.0936296
0.0939961
0.0942719
0.0944562
0.0945485
0.0945485
0.0944562
0.0942719
0.0939961
0.0936296
0.0931736
0.0926292
0.0919982
0.0912823
0.0904835
0.0896042
0.0886468
0.087614
0.0865087
0.0853341
0.0840932
0.0827894
0.0814263
0.0800075
0.0785367
0.0770176
0.0754543
0.0738505
0.0722102
0.0705375
0.0688362
0.0671104
0.065364
0.0636009
0.061825
0.06004
0.0582496
0.0564575
0.054667
0.0528817
0.0511048
0.0493394
0.0475884
0.0458548
0.0441412
0.0424502
0.0407841
0.0391452
0.0375354
0.0359567
0.0344108
0.0328992
0.0314233
0.0299843
0.0285833
0.0272212
0.0258986
0.0246163
0.0233746
0.0221739
0.0210144
0.019896
0.0188188
0.0177825
0.0167869
0.0158315
0.014916
0.0140397
0.0132019
0.0124021
0.0116393
0.0109128
0.0102216
0.00956487
0.0089416
0.00835078
0.00779139
0.00726237
0.00676267
0.0062912
0.00584689
0.00542865
0.00503541
0.0046661
0.00431965
0.00399503
0.00369119
0.00340713
0.00314186
0.00289442
0.00266386
0.00244928
0.00224978
0.00206451
0.00189265
0.00173341
0.00158601
0.00144973
0.00132387
0.00120775
0.00110075
0.00100224
0.000911659
0.000828456
0.000752111
0.000682135
0.000618066
0.000559467
0.00050593
0.00045707
0.000412525
0.000371958
0.000335053
0.000301515
0.00027107
0.00024346
0.00021845
0.000195817
0.000175358
0.000156883
0.000140218
0.0001252
0.000111682
9.95264e-05
8.86071e-05
7.88088e-05
7.00255e-05
6.21605e-05
5.51249e-05
4.8838e-05
4.32258e-05
3.82212e-05
3.37631e-05
3.15322e-05
3.56958e-05
4.03697e-05
4.5611e-05
5.14826e-05
5.80532e-05
6.53986e-05
7.36015e-05
8.27523e-05
9.29501e-05
0.000104303
0.000116928
0.000130953
0.000146517
0.000163771
0.000182878
0.000204016
0.000227374
0.000253159
0.000281593
0.000312915
0.000347381
0.000385268
0.000426869
0.000472501
0.0005225
0.000577227
0.000637063
0.000702415
0.000773715
0.000851421
0.000936017
0.00102801
0.00112795
0.00123639
0.00135394
0.00148122
0.00161887
0.0017676
0.0019281
0.00210112
0.00228744
0.00248785
0.00270317
0.00293426
0.003182
0.00344729
0.00373105
0.00403423
0.00435779
0.0047027
0.00506995
0.00546055
0.00587551
0.00631582
0.00678251
0.00727657
0.007799
0.00835078
0.00893287
0.00954621
0.0101917
0.0108702
0.0115826
0.0123296
0.013112
0.0139304
0.0147855
0.0156777
0.0166075
0.0175753
0.0185814
0.0196258
0.0207088
0.0218302
0.0229898
0.0241874
0.0254225
0.0266947
0.0280031
0.029347
0.0307254
0.0321371
0.0335809
0.0350552
0.0365586
0.0380893
0.0396453
0.0412246
0.0428249
0.044444
0.0460792
0.047728
0.0493876
0.0510549
0.052727
0.0544008
0.0560729
0.0577399
0.0593985
0.0610451
0.0626761
0.0642878
0.0658767
0.0674389
0.0689708
0.0704686
0.0719287
0.0733474
0.074721
0.0760461
0.0773191
0.0785367
0.0796956
0.0807927
0.0818249
0.0827894
0.0836835
0.0845048
0.0852508
0.0859194
0.0865087
0.0870171
0.087443
0.0877853
0.0880429
0.088215
0.0883012
0.0883012
0.088215
0.0880429
0.0877853
0.087443
0.0870171
0.0865087
0.0859194
0.0852508
0.0845048
0.0836835
0.0827894
0.0818249
0.0807927
0.0796956
0.0785367
0.0773191
0.0760461
0.074721
0.0733474
0.0719287
0.0704686
0.0689708
0.0674389
0.0658767
0.0642878
0.0626761
0.0610451
0.0593985
0.0577399
0.0560729
0.0544008
0.052727
0.0510549
0.0493876
0.047728
0.0460792
0.044444
0.0428249
0.0412246
0.0396453
0.0380893
0.0365586
0.0350552
0.0335809
0.0321371
0.0307254
0.029347
0.0280031
0.0266947
0.0254225
0.0241874
0.0229898
0.0218302
0.0207088
0.0196258
0.0185814
0.0175753
0.0166075
0.0156777
0.0147855
0.0139304
0.013112
0.0123296
0.0115826
0.0108702
0.0101917
0.00954621
0.00893287
0.00835078
0.007799
0.00727657
0.00678251
0.00631582
0.00587551
0.00546055
0.00506995
0.0047027
0.00435779
0.00403423
0.00373105
0.00344729
0.003182
0.00293426
0.00270317
0.00248785
0.00228744
0.00210112
0.0019281
0.0017676
0.00161887
0.00148122
0.00135394
0.00123639
0.00112795
0.00102801
0.000936017
0.000851421
0.000773715
0.000702415
0.000637063
0.000577227
0.0005225
0.000472501
0.000426869
0.000385268
0.000347381
0.000312915
0.000281593
0.000253159
0.000227374
0.000204016
0.000182878
0.000163771
0.000146517
0.000130953
0.000116928
0.000104303
9.29501e-05
8.27523e-05
7.36015e-05
6.53986e-05
5.80532e-05
5.14826e-05
4.5611e-05
4.03697e-05
3.56958e-05
3.15322e-05
2.94199e-05
3.33046e-05
3.76654e-05
4.25557e-05
4.80339e-05
5.41644e-05
6.10178e-05
6.86711e-05
7.7209e-05
8.67237e-05
9.73158e-05
0.000109095
0.000122181
0.000136702
0.000152801
0.000170628
0.000190349
0.000212143
0.0002362
0.00026273
0.000291953
0.000324111
0.00035946
0.000398274
0.00044085
0.0004875
0.00053856
0.000594388
0.000655362
0.000721887
0.000794387
0.000873316
0.00095915
0.00105239
0.00115357
0.00126324
0.00138199
0.00151043
0.00164919
0.00179894
0.00196038
0.00213421
0.00232119
0.00252209
0.00273771
0.00296885
0.00321637
0.00348112
0.00376399
0.00406587
0.00438768
0.00473033
0.00509477
0.00548193
0.00589275
0.00632817
0.00678914
0.00727657
0.00779139
0.00833449
0.00890674
0.00950899
0.0101421
0.0108067
0.0115037
0.0122337
0.0129972
0.013795
0.0146275
0.015495
0.016398
0.0173367
0.0183112
0.0193216
0.0203678
0.0214498
0.0225672
0.0237196
0.0249065
0.0261273
0.0273812
0.0286672
0.0299843
0.0313314
0.032707
0.0341097
0.0355378
0.0369896
0.0384631
0.0399562
0.0414668
0.0429925
0.0445309
0.0460792
0.0476349
0.049195
0.0507566
0.0523167
0.0538721
0.0554196
0.0569559
0.0584776
0.0599814
0.0614638
0.0629214
0.0643507
0.0657481
0.0671104
0.0684341
0.0697157
0.070952
0.0721397
0.0732758
0.074357
0.0753806
0.0763437
0.0772436
0.0780779
0.0788441
0.0795401
0.0801639
0.0807138
0.0811881
0.0815855
0.0819048
0.0821451
0.0823057
0.0823862
0.0823862
0.0823057
0.0821451
0.0819048
0.0815855
0.0811881
0.0807138
0.0801639
0.0795401
0.0788441
0.0780779
0.0772436
0.0763437
0.0753806
0.074357
0.0732758
0.0721397
0.070952
0.0697157
0.0684341
0.0671104
0.0657481
0.0643507
0.0629214
0.0614638
0.0599814
0.0584776
0.0569559
0.0554196
0.0538721
0.0523167
0.0507566
0.049195
0.0476349
0.0460792
0.0445309
0.0429925
0.0414668
0.0399562
0.0384631
0.0369896
0.0355378
0.0341097
0.032707
0.0313314
0.0299843
0.0286672
0.0273812
0.0261273
0.0249065
0.0237196
0.0225672
0.0214498
0.0203678
0.0193216
0.0183112
0.0173367
0.016398
0.015495
0.0146275
0.013795
0.0129972
0.0122337
0.0115037
0.0108067
0.0101421
0.00950899
0.00890674
0.00833449
0.00779139
0.00727657
0.00678914
0.00632817
0.00589275
0.00548193
0.00509477
0.00473033
0.00438768
0.00406587
0.00376399
0.00348112
0.00321637
0.00296885
0.00273771
0.00252209
0.00232119
0.00213421
0.00196038
0.00179894
0.00164919
0.00151043
0.00138199
0.00126324
0.00115357
0.00105239
0.00095915
0.000873316
0.000794387
0.000721887
0.000655362
0.000594388
0.00053856
0.0004875
0.00044085
0.000398274
0.00035946
0.000324111
0.000291953
0.00026273
0.0002362
0.000212143
0.000190349
0.000170628
0.000152801
0.000136702
0.000122181
0.000109095
9.73158e-05
8.67237e-05
7.7209e-05
6.86711e-05
6.10178e-05
5.41644e-05
4.80339e-05
4.25557e-05
3.76654e-05
3.33046e-05
2.94199e-05
2.74224e-05
3.10433e-05
3.51081e-05
3.96663e-05
4.47725e-05
5.04868e-05
5.68748e-05
6.40085e-05
7.19667e-05
8.08354e-05
9.07083e-05
0.000101688
0.000113885
0.000127421
0.000142426
0.000159043
0.000177425
0.000197739
0.000220163
0.000244891
0.000272131
0.000302105
0.000335053
0.000371233
0.000410917
0.0004544
0.000501993
0.00055403
0.000610865
0.000672872
0.00074045
0.00081402
0.000894026
0.000980937
0.00107525
0.00117747
0.00128816
0.00140787
0.00153721
0.0016768
0.00182727
0.0019893
0.00216359
0.00235085
0.00255182
0.00276727
0.00299799
0.00324476
0.00350843
0.00378981
0.00408977
0.00440915
0.00474885
0.00510972
0.00549264
0.0058985
0.00632817
0.00678251
0.00726237
0.00776859
0.00830199
0.00886335
0.00945344
0.010073
0.0107226
0.011403
0.0121148
0.0128584
0.0136343
0.014443
0.0152846
0.0161595
0.0170679
0.0180097
0.0189849
0.0199934
0.0210349
0.0221091
0.0232154
0.0243533
0.025522
0.0267208
0.0279485
0.0292041
0.0304863
0.0317937
0.0331249
0.0344781
0.0358515
0.0372433
0.0386513
0.0400735
0.0415073
0.0429506
0.0444006
0.0458548
0.0473104
0.0487645
0.0502143
0.0516567
0.0530887
0.0545071
0.0559088
0.0572906
0.0586492
0.0599814
0.061284
0.0625538
0.0637875
0.0649822
0.0661345
0.0672416
0.0683005
0.0693084
0.0702625
0.0711602
0.071999
0.0727766
0.0734908
0.0741395
0.074721
0.0752335
0.0756757
0.0760461
0.0763437
0.0765677
0.0767174
0.0767923
0.0767923
0.0767174
0.0765677
0.0763437
0.0760461
0.0756757
0.0752335
0.074721
0.0741395
0.0734908
0.0727766
0.071999
0.0711602
0.0702625
0.0693084
0.0683005
0.0672416
0.0661345
0.0649822
0.0637875
0.0625538
0.061284
0.0599814
0.0586492
0.0572906
0.0559088
0.0545071
0.0530887
0.0516567
0.0502143
0.0487645
0.0473104
0.0458548
0.0444006
0.0429506
0.0415073
0.0400735
0.0386513
0.0372433
0.0358515
0.0344781
0.0331249
0.0317937
0.0304863
0.0292041
0.0279485
0.0267208
0.025522
0.0243533
0.0232154
0.0221091
0.0210349
0.0199934
0.0189849
0.0180097
0.0170679
0.0161595
0.0152846
0.014443
0.0136343
0.0128584
0.0121148
0.011403
0.0107226
0.010073
0.00945344
0.00886335
0.00830199
0.00776859
0.00726237
0.00678251
0.00632817
0.0058985
0.00549264
0.00510972
0.00474885
0.00440915
0.00408977
0.00378981
0.00350843
0.00324476
0.00299799
0.00276727
0.00255182
0.00235085
0.00216359
0.0019893
0.00182727
0.0016768
0.00153721
0.00140787
0.00128816
0.00117747
0.00107525
0.000980937
0.000894026
0.00081402
0.00074045
0.000672872
0.000610865
0.00055403
0.000501993
0.0004544
0.000410917
0.000371233
0.000335053
0.000302105
0.000272131
0.000244891
0.000220163
0.000197739
0.000177425
0.000159043
0.000142426
0.000127421
0.000113885
0.000101688
9.07083e-05
8.08354e-05
7.19667e-05
6.40085e-05
5.68748e-05
5.04868e-05
4.47725e-05
3.96663e-05
3.51081e-05
3.10433e-05
2.74224e-05
2.55355e-05
2.89073e-05
3.26924e-05
3.69369e-05
4.16918e-05
4.70129e-05
5.29614e-05
5.96043e-05
6.70149e-05
7.52733e-05
8.44669e-05
9.46909e-05
0.000106049
0.000118653
0.000132626
0.000148099
0.000165217
0.000184133
0.000205014
0.000228041
0.000253406
0.000281318
0.000311999
0.000345689
0.000382643
0.000423134
0.000467452
0.000515909
0.000568833
0.000626574
0.000689502
0.00075801
0.000832511
0.000913442
0.00100126
0.00109645
0.00119952
0.001311
0.00143144
0.00156142
0.00170154
0.00185242
0.00201472
0.00218909
0.00237624
0.00257687
0.0027917
0.0030215
0.00326702
0.00352904
0.00380836
0.00410577
0.00442209
0.00475813
0.00511471
0.00549264
0.00589275
0.00631582
0.00676267
0.00723406
0.00773075
0.00825349
0.00880297
0.00937987
0.00998482
0.0106184
0.0112812
0.0119736
0.0126962
0.0134492
0.0142329
0.0150477
0.0158935
0.0167705
0.0176786
0.0186177
0.0195875
0.0205878
0.021618
0.0226776
0.0237659
0.0248822
0.0260254
0.0271946
0.0283886
0.0296061
0.0308456
0.0321057
0.0333847
0.0346807
0.0359918
0.0373161
0.0386513
0.0399953
0.0413455
0.0426997
0.0440551
0.0454092
0.0467592
0.0481024
0.0494358
0.0507566
0.0520619
0.0533486
0.0546137
0.0558542
0.0570672
0.0582496
0.0593985
0.0605109
0.061584
0.0626149
0.0636009
0.0645395
0.0654279
0.0662638
0.0670449
0.067769
0.0684341
0.0690382
0.0695796
0.0700569
0.0704686
0.0708135
0.0710907
0.0712993
0.0714387
0.0715085
0.0715085
0.0714387
0.0712993
0.0710907
0.0708135
0.0704686
0.0700569
0.0695796
0.0690382
0.0684341
0.067769
0.0670449
0.0662638
0.0654279
0.0645395
0.0636009
0.0626149
0.061584
0.0605109
0.0593985
0.0582496
0.0570672
0.0558542
0.0546137
0.0533486
0.0520619
0.0507566
0.0494358
0.0481024
0.0467592
0.0454092
0.0440551
0.0426997
0.0413455
0.0399953
0.0386513
0.0373161
0.0359918
0.0346807
0.0333847
0.0321057
0.0308456
0.0296061
0.0283886
0.0271946
0.0260254
0.0248822
0.0237659
0.0226776
0.021618
0.0205878
0.0195875
0.0186177
0.0176786
0.0167705
0.0158935
0.0150477
0.0142329
0.0134492
0.0126962
0.0119736
0.0112812
0.0106184
0.00998482
0.00937987
0.00880297
0.00825349
0.00773075
0.00723406
0.00676267
0.00631582
0.00589275
0.00549264
0.00511471
0.00475813
0.00442209
0.00410577
0.00380836
0.00352904
0.00326702
0.0030215
0.0027917
0.00257687
0.00237624
0.00218909
0.00201472
0.00185242
0.00170154
0.00156142
0.00143144
0.001311
0.00119952
0.00109645
0.00100126
0.000913442
0.000832511
0.00075801
0.000689502
0.000626574
0.000568833
0.000515909
0.000467452
0.000423134
0.000382643
0.000345689
0.000311999
0.000281318
0.000253406
0.000228041
0.000205014
0.000184133
0.000165217
0.000148099
0.000132626
0.000118653
0.000106049
9.46909e-05
8.44669e-05
7.52733e-05
6.70149e-05
5.96043e-05
5.29614e-05
4.70129e-05
4.16918e-05
3.69369e-05
3.26924e-05
2.89073e-05
2.55355e-05
2.37553e-05
2.6892e-05
3.04132e-05
3.43618e-05
3.87852e-05
4.37354e-05
4.92691e-05
5.54489e-05
6.23429e-05
7.00255e-05
7.85782e-05
8.80894e-05
9.86555e-05
0.000110381
0.00012338
0.000137774
0.000153699
0.000171296
0.000190721
0.000212143
0.000235739
0.000261705
0.000290248
0.000321589
0.000355967
0.000393634
0.000434863
0.000479942
0.000529176
0.000582891
0.000641432
0.000705164
0.000774471
0.00084976
0.000931458
0.00102001
0.0011159
0.0012196
0.00133165
0.00145257
0.00158292
0.00172328
0.00187426
0.00203648
0.00221058
0.00239722
0.00259708
0.00281085
0.00303926
0.00328301
0.00354286
0.00381953
0.0041138
0.00442641
0.00475813
0.00510972
0.00548193
0.00587551
0.0062912
0.00672973
0.0071918
0.00767809
0.00818926
0.00872594
0.00928871
0.00987813
0.0104947
0.0111389
0.011811
0.0125115
0.0132407
0.0139986
0.0147855
0.0156013
0.0164461
0.0173197
0.018222
0.0191525
0.0201109
0.0210966
0.0221091
0.0231475
0.024211
0.0252987
0.0264095
0.0275421
0.0286952
0.0298674
0.0310572
0.0322629
0.0334826
0.0347146
0.0359567
0.0372069
0.0384631
0.0397228
0.0409837
0.0422434
0.0434993
0.0447489
0.0459893
0.0472181
0.0484323
0.0496293
0.0508062
0.0519603
0.0530887
0.0541887
0.0552575
0.0562923
0.0572906
0.0582496
0.0591669
0.06004
0.0608665
0.0616441
0.0623708
0.0630444
0.0636631
0.0642251
0.0647288
0.0651728
0.0655558
0.0658767
0.0661345
0.0663286
0.0664582
0.0665232
0.0665232
0.0664582
0.0663286
0.0661345
0.0658767
0.0655558
0.0651728
0.0647288
0.0642251
0.0636631
0.0630444
0.0623708
0.0616441
0.0608665
0.06004
0.0591669
0.0582496
0.0572906
0.0562923
0.0552575
0.0541887
0.0530887
0.0519603
0.0508062
0.0496293
0.0484323
0.0472181
0.0459893
0.0447489
0.0434993
0.0422434
0.0409837
0.0397228
0.0384631
0.0372069
0.0359567
0.0347146
0.0334826
0.0322629
0.0310572
0.0298674
0.0286952
0.0275421
0.0264095
0.0252987
0.024211
0.0231475
0.0221091
0.0210966
0.0201109
0.0191525
0.018222
0.0173197
0.0164461
0.0156013
0.0147855
0.0139986
0.0132407
0.0125115
0.011811
0.0111389
0.0104947
0.00987813
0.00928871
0.00872594
0.00818926
0.00767809
0.0071918
0.00672973
0.0062912
0.00587551
0.00548193
0.00510972
0.00475813
0.00442641
0.0041138
0.00381953
0.00354286
0.00328301
0.00303926
0.00281085
0.00259708
0.00239722
0.00221058
0.00203648
0.00187426
0.00172328
0.00158292
0.00145257
0.00133165
0.0012196
0.0011159
0.00102001
0.000931458
0.00084976
0.000774471
0.000705164
0.000641432
0.000582891
0.000529176
0.000479942
0.000434863
0.000393634
0.000355967
0.000321589
0.000290248
0.000261705
0.000235739
0.000212143
0.000190721
0.000171296
0.000153699
0.000137774
0.00012338
0.000110381
9.86555e-05
8.80894e-05
7.85782e-05
7.00255e-05
6.23429e-05
5.54489e-05
4.92691e-05
4.37354e-05
3.87852e-05
3.43618e-05
3.04132e-05
2.6892e-05
2.37553e-05
2.20776e-05
2.49928e-05
2.82653e-05
3.1935e-05
3.60461e-05
4.06466e-05
4.57895e-05
5.15329e-05
5.79399e-05
6.508e-05
7.30287e-05
8.18682e-05
9.1688e-05
0.000102585
0.000114666
0.000128044
0.000142844
0.000159198
0.000177252
0.00019716
0.000219091
0.000243223
0.000269749
0.000298877
0.000330827
0.000365834
0.000404152
0.000446046
0.000491803
0.000541725
0.000596132
0.000655362
0.000719775
0.000789746
0.000865674
0.000947976
0.00103709
0.00113347
0.0012376
0.00134998
0.00147112
0.00160158
0.00174189
0.00189265
0.00205446
0.00222791
0.00241366
0.00261234
0.00282461
0.00305115
0.00329264
0.00354978
0.00382327
0.0041138
0.00442209
0.00474885
0.00509477
0.00546055
0.00584689
0.00625444
0.00668388
0.00713583
0.0076109
0.00810968
0.00863271
0.0091805
0.00975352
0.0103522
0.0109769
0.0116279
0.0123055
0.0130099
0.0137412
0.0144995
0.0152846
0.0160965
0.0169351
0.0177999
0.0186906
0.0196067
0.0205476
0.0215127
0.0225011
0.023512
0.0245443
0.0255969
0.0266686
0.0277581
0.0288638
0.0299843
0.0311179
0.0322629
0.0334173
0.0345792
0.0357466
0.0369174
0.0380893
0.03926
0.0404272
0.0415885
0.0427414
0.0438833
0.0450118
0.0461243
0.0472181
0.0482906
0.0493394
0.0503616
0.0513549
0.0523167
0.0532445
0.0541358
0.0549883
0.0557997
0.0565679
0.0572906
0.0579659
0.0585919
0.0591669
0.0596892
0.0601574
0.06057
0.060926
0.0612242
0.0614638
0.0616441
0.0617647
0.061825
0.061825
0.0617647
0.0616441
0.0614638
0.0612242
0.060926
0.06057
0.0601574
0.0596892
0.0591669
0.0585919
0.0579659
0.0572906
0.0565679
0.0557997
0.0549883
0.0541358
0.0532445
0.0523167
0.0513549
0.0503616
0.0493394
0.0482906
0.0472181
0.0461243
0.0450118
0.0438833
0.0427414
0.0415885
0.0404272
0.03926
0.0380893
0.0369174
0.0357466
0.0345792
0.0334173
0.0322629
0.0311179
0.0299843
0.0288638
0.0277581
0.0266686
0.0255969
0.0245443
0.023512
0.0225011
0.0215127
0.0205476
0.0196067
0.0186906
0.0177999
0.0169351
0.0160965
0.0152846
0.0144995
0.0137412
0.0130099
0.0123055
0.0116279
0.0109769
0.0103522
0.00975352
0.0091805
0.00863271
0.00810968
0.0076109
0.00713583
0.00668388
0.00625444
0.00584689
0.00546055
0.00509477
0.00474885
0.00442209
0.0041138
0.00382327
0.00354978
0.00329264
0.00305115
0.00282461
0.00261234
0.00241366
0.00222791
0.00205446
0.00189265
0.00174189
0.00160158
0.00147112
0.00134998
0.0012376
0.00113347
0.00103709
0.000947976
0.000865674
0.000789746
0.000719775
0.000655362
0.000596132
0.000541725
0.000491803
0.000446046
0.000404152
0.000365834
0.000330827
0.000298877
0.000269749
0.000243223
0.000219091
0.00019716
0.000177252
0.000159198
0.000142844
0.000128044
0.000114666
0.000102585
9.1688e-05
8.18682e-05
7.30287e-05
6.508e-05
5.79399e-05
5.15329e-05
4.57895e-05
4.06466e-05
3.60461e-05
3.1935e-05
2.82653e-05
2.49928e-05
2.20776e-05
2.04984e-05
2.3205e-05
2.62434e-05
2.96507e-05
3.34676e-05
3.77391e-05
4.25141e-05
4.78466e-05
5.37954e-05
6.04248e-05
6.78048e-05
7.6012e-05
8.51294e-05
9.52474e-05
0.000106464
0.000118885
0.000132626
0.00014781
0.000164573
0.000183057
0.000203419
0.000225825
0.000250454
0.000277498
0.000307162
0.000339666
0.000375242
0.00041414
0.000456624
0.000502975
0.00055349
0.000608483
0.000668288
0.000733255
0.000803751
0.000880166
0.000962904
0.00105239
0.00114907
0.00125341
0.00136589
0.00148701
0.00161729
0.00175727
0.0019075
0.00206855
0.00224101
0.00242547
0.00262256
0.0028329
0.00305712
0.00329586
0.00354978
0.00381953
0.00410577
0.00440915
0.00473033
0.00506995
0.00542865
0.00580706
0.00620577
0.00662539
0.00706648
0.00752958
0.0080152
0.0085238
0.00905584
0.00961169
0.0101917
0.0107962
0.0114253
0.0120793
0.0127583
0.0134623
0.0141913
0.0149451
0.0157237
0.0165266
0.0173536
0.0182042
0.0190778
0.0199739
0.0208916
0.0218302
0.0227886
0.0237659
0.024761
0.0257725
0.0267992
0.0278395
0.028892
0.0299551
0.0310269
0.0321057
0.0331896
0.0342766
0.0353647
0.0364517
0.0375354
0.0386136
0.039684
0.0407443
0.0417921
0.0428249
0.0438405
0.0448363
0.04581
0.0467592
0.0476814
0.0485744
0.0494358
0.0502634
0.0510549
0.0518083
0.0525215
0.0531925
0.0538195
0.0544008
0.0549346
0.0554196
0.0558542
0.0562374
0.0565679
0.0568447
0.0570672
0.0572347
0.0573466
0.0574026
0.0574026
0.0573466
0.0572347
0.0570672
0.0568447
0.0565679
0.0562374
0.0558542
0.0554196
0.0549346
0.0544008
0.0538195
0.0531925
0.0525215
0.0518083
0.0510549
0.0502634
0.0494358
0.0485744
0.0476814
0.0467592
0.04581
0.0448363
0.0438405
0.0428249
0.0417921
0.0407443
0.039684
0.0386136
0.0375354
0.0364517
0.0353647
0.0342766
0.0331896
0.0321057
0.0310269
0.0299551
0.028892
0.0278395
0.0267992
0.0257725
0.024761
0.0237659
0.0227886
0.0218302
0.0208916
0.0199739
0.0190778
0.0182042
0.0173536
0.0165266
0.0157237
0.0149451
0.0141913
0.0134623
0.0127583
0.0120793
0.0114253
0.0107962
0.0101917
0.00961169
0.00905584
0.0085238
0.0080152
0.00752958
0.00706648
0.00662539
0.00620577
0.00580706
0.00542865
0.00506995
0.00473033
0.00440915
0.00410577
0.00381953
0.00354978
0.00329586
0.00305712
0.0028329
0.00262256
0.00242547
0.00224101
0.00206855
0.0019075
0.00175727
0.00161729
0.00148701
0.00136589
0.00125341
0.00114907
0.00105239
0.000962904
0.000880166
0.000803751
0.000733255
0.000668288
0.000608483
0.00055349
0.000502975
0.000456624
0.00041414
0.000375242
0.000339666
0.000307162
0.000277498
0.000250454
0.000225825
0.000203419
0.000183057
0.000164573
0.00014781
0.000132626
0.000118885
0.000106464
9.52474e-05
8.51294e-05
7.6012e-05
6.78048e-05
6.04248e-05
5.37954e-05
4.78466e-05
4.25141e-05
3.77391e-05
3.34676e-05
2.96507e-05
2.62434e-05
2.3205e-05
2.04984e-05
1.90135e-05
2.15241e-05
2.43424e-05
2.75029e-05
3.10433e-05
3.50053e-05
3.94345e-05
4.43807e-05
4.98986e-05
5.60477e-05
6.28932e-05
7.05059e-05
7.89628e-05
8.83479e-05
9.87519e-05
0.000110273
0.000123019
0.000137103
0.000152651
0.000169797
0.000188684
0.000209466
0.000232311
0.000257397
0.000284912
0.000315061
0.00034806
0.000384141
0.000423547
0.00046654
0.000513396
0.000564406
0.000619879
0.000680139
0.000745529
0.000816409
0.000893154
0.000976159
0.00106584
0.00116262
0.00126695
0.0013793
0.00150014
0.00162998
0.00176932
0.00191871
0.00207867
0.00224978
0.00243259
0.00262769
0.00283567
0.00305712
0.00329264
0.00354286
0.00380836
0.00408977
0.00438768
0.0047027
0.00503541
0.00538641
0.00575624
0.00614546
0.0065546
0.00698415
0.00743459
0.00790636
0.00839985
0.00891544
0.00945344
0.0100141
0.0105977
0.0112043
0.0118341
0.0124871
0.0131633
0.0138625
0.0145847
0.0153295
0.0160965
0.0168855
0.0176959
0.018527
0.0193783
0.0202488
0.0211379
0.0220444
0.0229673
0.0239056
0.0248579
0.0258229
0.0267992
0.0277852
0.0287794
0.0297801
0.0307855
0.0317937
0.032803
0.0338112
0.0348164
0.0358165
0.0368094
0.0377929
0.0387647
0.0397228
0.0406648
0.0415885
0.0424917
0.0433721
0.0442275
0.0450558
0.0458548
0.0466224
0.0473566
0.0480554
0.0487169
0.0493394
0.049921
0.0504601
0.0509553
0.0514051
0.0518083
0.0521637
0.0524702
0.052727
0.0529334
0.0530887
0.0531925
0.0532445
0.0532445
0.0531925
0.0530887
0.0529334
0.052727
0.0524702
0.0521637
0.0518083
0.0514051
0.0509553
0.0504601
0.049921
0.0493394
0.0487169
0.0480554
0.0473566
0.0466224
0.0458548
0.0450558
0.0442275
0.0433721
0.0424917
0.0415885
0.0406648
0.0397228
0.0387647
0.0377929
0.0368094
0.0358165
0.0348164
0.0338112
0.032803
0.0317937
0.0307855
0.0297801
0.0287794
0.0277852
0.0267992
0.0258229
0.0248579
0.0239056
0.0229673
0.0220444
0.0211379
0.0202488
0.0193783
0.018527
0.0176959
0.0168855
0.0160965
0.0153295
0.0145847
0.0138625
0.0131633
0.0124871
0.0118341
0.0112043
0.0105977
0.0100141
0.00945344
0.00891544
0.00839985
0.00790636
0.00743459
0.00698415
0.0065546
0.00614546
0.00575624
0.00538641
0.00503541
0.0047027
0.00438768
0.00408977
0.00380836
0.00354286
0.00329264
0.00305712
0.00283567
0.00262769
0.00243259
0.00224978
0.00207867
0.00191871
0.00176932
0.00162998
0.00150014
0.0013793
0.00126695
0.00116262
0.00106584
0.000976159
0.000893154
0.000816409
0.000745529
0.000680139
0.000619879
0.000564406
0.000513396
0.00046654
0.000423547
0.000384141
0.00034806
0.000315061
0.000284912
0.000257397
0.000232311
0.000209466
0.000188684
0.000169797
0.000152651
0.000137103
0.000123019
0.000110273
9.87519e-05
8.83479e-05
7.89628e-05
7.05059e-05
6.28932e-05
5.60477e-05
4.98986e-05
4.43807e-05
3.94345e-05
3.50053e-05
3.10433e-05
2.75029e-05
2.43424e-05
2.15241e-05
1.90135e-05
1.7619e-05
1.99454e-05
2.25571e-05
2.54857e-05
2.87665e-05
3.24379e-05
3.65423e-05
4.11257e-05
4.62389e-05
5.1937e-05
5.82804e-05
6.53348e-05
7.31715e-05
8.18682e-05
9.15091e-05
0.000102186
0.000113996
0.000127048
0.000141455
0.000157343
0.000174845
0.000194103
0.000215273
0.000238518
0.000264016
0.000291953
0.000322533
0.000355967
0.000392483
0.000432323
0.000475742
0.000523011
0.000574415
0.000630256
0.00069085
0.000756531
0.000827647
0.000904565
0.000987666
0.00107735
0.00117403
0.00127813
0.00139011
0.00151043
0.00163956
0.00177798
0.00192622
0.00208477
0.00225418
0.00243497
0.00262769
0.0028329
0.00305115
0.00328301
0.00352904
0.00378981
0.00406587
0.00435779
0.0046661
0.00499135
0.00533406
0.00569474
0.00607387
0.00647192
0.00688932
0.00732648
0.00778378
0.00826155
0.00876009
0.00927965
0.00982042
0.0103826
0.0109662
0.0115713
0.0121979
0.0128458
0.013515
0.0142052
0.014916
0.0156471
0.016398
0.0171682
0.017957
0.0187637
0.0195875
0.0204276
0.0212829
0.0221523
0.0230347
0.023929
0.0248336
0.0257473
0.0266686
0.0275959
0.0285276
0.0294619
0.0303971
0.0313314
0.0322629
0.0331896
0.0341097
0.035021
0.0359216
0.0368094
0.0376823
0.0385383
0.0393752
0.040191
0.0409837
0.0417513
0.0424917
0.043203
0.0438833
0.0445309
0.0451439
0.0457207
0.0462596
0.0467592
0.0472181
0.0476349
0.0480085
0.0483378
0.0486219
0.0488599
0.0490511
0.049195
0.0492912
0.0493394
0.0493394
0.0492912
0.049195
0.0490511
0.0488599
0.0486219
0.0483378
0.0480085
0.0476349
0.0472181
0.0467592
0.0462596
0.0457207
0.0451439
0.0445309
0.0438833
0.043203
0.0424917
0.0417513
0.0409837
0.040191
0.0393752
0.0385383
0.0376823
0.0368094
0.0359216
0.035021
0.0341097
0.0331896
0.0322629
0.0313314
0.0303971
0.0294619
0.0285276
0.0275959
0.0266686
0.0257473
0.0248336
0.023929
0.0230347
0.0221523
0.0212829
0.0204276
0.0195875
0.0187637
0.017957
0.0171682
0.016398
0.0156471
0.014916
0.0142052
0.013515
0.0128458
0.0121979
0.0115713
0.0109662
0.0103826
0.00982042
0.00927965
0.00876009
0.00826155
0.00778378
0.00732648
0.00688932
0.00647192
0.00607387
0.00569474
0.00533406
0.00499135
0.0046661
0.00435779
0.00406587
0.00378981
0.00352904
0.00328301
0.00305115
0.0028329
0.00262769
0.00243497
0.00225418
0.00208477
0.00192622
0.00177798
0.00163956
0.00151043
0.00139011
0.00127813
0.00117403
0.00107735
0.000987666
0.000904565
0.000827647
0.000756531
0.00069085
0.000630256
0.000574415
0.000523011
0.000475742
0.000432323
0.000392483
0.000355967
0.000322533
0.000291953
0.000264016
0.000238518
0.000215273
0.000194103
0.000174845
0.000157343
0.000141455
0.000127048
0.000113996
0.000102186
9.15091e-05
8.18682e-05
7.31715e-05
6.53348e-05
5.82804e-05
5.1937e-05
4.62389e-05
4.11257e-05
3.65423e-05
3.24379e-05
2.87665e-05
2.54857e-05
2.25571e-05
1.99454e-05
1.7619e-05
1.63108e-05
1.84645e-05
2.08822e-05
2.35935e-05
2.66307e-05
3.00295e-05
3.38291e-05
3.80722e-05
4.28058e-05
4.80808e-05
5.39533e-05
6.04838e-05
6.77387e-05
7.57896e-05
8.47148e-05
9.45985e-05
0.000105532
0.000117615
0.000130953
0.000145661
0.000161863
0.000179692
0.00019929
0.000220809
0.000244413
0.000270277
0.000298585
0.000329537
0.000363342
0.000400224
0.000440419
0.000484179
0.000531766
0.000583461
0.000639556
0.00070036
0.000766196
0.000837403
0.000914334
0.000997358
0.00108686
0.00118324
0.0012869
0.00139828
0.00151782
0.00164597
0.0017832
0.00192998
0.00208681
0.00225418
0.00243259
0.00262256
0.00282461
0.00303926
0.00326702
0.00350843
0.00376399
0.00403423
0.00431965
0.00462075
0.00493802
0.00527192
0.0056229
0.00599139
0.0063778
0.00678251
0.00720586
0.00764815
0.00810968
0.00859066
0.00909128
0.00961169
0.010152
0.0107121
0.0112922
0.0118921
0.0125115
0.0131505
0.0138085
0.0144853
0.0151805
0.0158935
0.0166237
0.0173706
0.0181332
0.0189109
0.0197027
0.0205075
0.0213245
0.0221523
0.0229898
0.0238357
0.0246885
0.025547
0.0264095
0.0272744
0.0281402
0.0290051
0.0298674
0.0307254
0.0315771
0.0324208
0.0332545
0.0340764
0.0348845
0.0356769
0.0364517
0.0372069
0.0379408
0.0386513
0.0393368
0.0399953
0.0406251
0.0412246
0.0417921
0.042326
0.0428249
0.0432874
0.0437122
0.0440981
0.044444
0.0447489
0.0450118
0.0452321
0.0454092
0.0455424
0.0456314
0.045676
0.045676
0.0456314
0.0455424
0.0454092
0.0452321
0.0450118
0.0447489
0.044444
0.0440981
0.0437122
0.0432874
0.0428249
0.042326
0.0417921
0.0412246
0.0406251
0.0399953
0.0393368
0.0386513
0.0379408
0.0372069
0.0364517
0.0356769
0.0348845
0.0340764
0.0332545
0.0324208
0.0315771
0.0307254
0.0298674
0.0290051
0.0281402
0.0272744
0.0264095
0.025547
0.0246885
0.0238357
0.0229898
0.0221523
0.0213245
0.0205075
0.0197027
0.0189109
0.0181332
0.0173706
0.0166237
0.0158935
0.0151805
0.0144853
0.0138085
0.0131505
0.0125115
0.0118921
0.0112922
0.0107121
0.010152
0.00961169
0.00909128
0.00859066
0.00810968
0.00764815
0.00720586
0.00678251
0.0063778
0.00599139
0.0056229
0.00527192
0.00493802
0.00462075
0.00431965
0.00403423
0.00376399
0.00350843
0.00326702
0.00303926
0.00282461
0.00262256
0.00243259
0.00225418
0.00208681
0.00192998
0.0017832
0.00164597
0.00151782
0.00139828
0.0012869
0.00118324
0.00108686
0.000997358
0.000914334
0.000837403
0.000766196
0.00070036
0.000639556
0.000583461
0.000531766
0.000484179
0.000440419
0.000400224
0.000363342
0.000329537
0.000298585
0.000270277
0.000244413
0.000220809
0.00019929
0.000179692
0.000161863
0.000145661
0.000130953
0.000117615
0.000105532
9.45985e-05
8.47148e-05
7.57896e-05
6.77387e-05
6.04838e-05
5.39533e-05
4.80808e-05
4.28058e-05
3.80722e-05
3.38291e-05
3.00295e-05
2.66307e-05
2.35935e-05
2.08822e-05
1.84645e-05
1.63108e-05
1.5085e-05
1.70769e-05
1.93129e-05
2.18204e-05
2.46293e-05
2.77728e-05
3.12868e-05
3.52111e-05
3.95889e-05
4.44675e-05
4.98986e-05
5.59384e-05
6.2648e-05
7.0094e-05
7.83483e-05
8.74893e-05
9.76014e-05
0.000108776
0.000121112
0.000134714
0.000149699
0.000166188
0.000184313
0.000204215
0.000226045
0.000249965
0.000276146
0.000304772
0.000336036
0.000370147
0.000407321
0.000447792
0.000491803
0.000539613
0.000591493
0.000647727
0.000708616
0.000774471
0.000845621
0.000922406
0.00100518
0.00109431
0.00119019
0.0012932
0.00140376
0.00152228
0.00164919
0.00178494
0.00192998
0.00208477
0.00224978
0.00242547
0.00261234
0.00281085
0.0030215
0.00324476
0.00348112
0.00373105
0.00399503
0.0042735
0.00456692
0.00487573
0.00520033
0.00554113
0.0058985
0.0062728
0.00666433
0.00707339
0.00750022
0.00794506
0.00840806
0.00888936
0.00938903
0.00990712
0.0104436
0.0109984
0.0115713
0.0121622
0.0127708
0.0133967
0.0140397
0.0146991
0.0153744
0.0160651
0.0167705
0.0174897
0.018222
0.0189664
0.0197219
0.0204875
0.0212621
0.0220444
0.0228332
0.0236271
0.0244248
0.0252247
0.0260254
0.0268253
0.0276229
0.0284163
0.0292041
0.0299843
0.0307554
0.0315155
0.0322629
0.0329957
0.0337123
0.0344108
0.0350895
0.0357466
0.0363806
0.0369896
0.0375721
0.0381265
0.0386513
0.0391452
0.0396066
0.0400343
0.0404272
0.0407841
0.041104
0.0413859
0.0416291
0.0418329
0.0419966
0.0421198
0.0422022
0.0422434
0.0422434
0.0422022
0.0421198
0.0419966
0.0418329
0.0416291
0.0413859
0.041104
0.0407841
0.0404272
0.0400343
0.0396066
0.0391452
0.0386513
0.0381265
0.0375721
0.0369896
0.0363806
0.0357466
0.0350895
0.0344108
0.0337123
0.0329957
0.0322629
0.0315155
0.0307554
0.0299843
0.0292041
0.0284163
0.0276229
0.0268253
0.0260254
0.0252247
0.0244248
0.0236271
0.0228332
0.0220444
0.0212621
0.0204875
0.0197219
0.0189664
0.018222
0.0174897
0.0167705
0.0160651
0.0153744
0.0146991
0.0140397
0.0133967
0.0127708
0.0121622
0.0115713
0.0109984
0.0104436
0.00990712
0.00938903
0.00888936
0.00840806
0.00794506
0.00750022
0.00707339
0.00666433
0.0062728
0.0058985
0.00554113
0.00520033
0.00487573
0.00456692
0.0042735
0.00399503
0.00373105
0.00348112
0.00324476
0.0030215
0.00281085
0.00261234
0.00242547
0.00224978
0.00208477
0.00192998
0.00178494
0.00164919
0.00152228
0.00140376
0.0012932
0.00119019
0.00109431
0.00100518
0.000922406
0.000845621
0.000774471
0.000708616
0.000647727
0.000591493
0.000539613
0.000491803
0.000447792
0.000407321
0.000370147
0.000336036
0.000304772
0.000276146
0.000249965
0.000226045
0.000204215
0.000184313
0.000166188
0.000149699
0.000134714
0.000121112
0.000108776
9.76014e-05
8.74893e-05
7.83483e-05
7.0094e-05
6.2648e-05
5.59384e-05
4.98986e-05
4.44675e-05
3.95889e-05
3.52111e-05
3.12868e-05
2.77728e-05
2.46293e-05
2.18204e-05
1.93129e-05
1.70769e-05
1.5085e-05
1.39378e-05
1.57781e-05
1.78441e-05
2.01609e-05
2.27562e-05
2.56605e-05
2.89073e-05
3.25331e-05
3.6578e-05
4.10856e-05
4.61036e-05
5.16841e-05
5.78834e-05
6.4763e-05
7.23896e-05
8.08354e-05
9.01784e-05
0.000100503
0.000111901
0.000124469
0.000138314
0.000153548
0.000170295
0.000188684
0.000208854
0.000230954
0.000255144
0.000281593
0.00031048
0.000341996
0.000376343
0.000413736
0.0004544
0.000498573
0.000546507
0.000598465
0.000654723
0.00071557
0.000781308
0.000852253
0.000928733
0.00101109
0.00109967
0.00119485
0.001297
0.0014065
0.00152376
0.00164919
0.0017832
0.00192622
0.00207867
0.00224101
0.00241366
0.00259708
0.0027917
0.00299799
0.00321637
0.00344729
0.00369119
0.00394848
0.00421959
0.00450491
0.00480482
0.00511971
0.0054499
0.00579572
0.00615748
0.00653543
0.0069298
0.00734081
0.00776859
0.00821329
0.00867496
0.00915364
0.00964931
0.0101619
0.0106912
0.0112372
0.0117995
0.0123779
0.0129719
0.0135812
0.0142052
0.0148433
0.015495
0.0161595
0.0168361
0.0175239
0.018222
0.0189294
0.019645
0.0203678
0.0210966
0.0218302
0.0225672
0.0233063
0.0240461
0.0247852
0.025522
0.0262552
0.026983
0.0277039
0.0284163
0.0291186
0.0298092
0.0304863
0.0311483
0.0317937
0.0324208
0.033028
0.0336137
0.0341764
0.0347146
0.0352268
0.0357118
0.036168
0.0365944
0.0369896
0.0373526
0.0376823
0.0379779
0.0382384
0.0384631
0.0386513
0.0388026
0.0389165
0.0389925
0.0390306
0.0390306
0.0389925
0.0389165
0.0388026
0.0386513
0.0384631
0.0382384
0.0379779
0.0376823
0.0373526
0.0369896
0.0365944
0.036168
0.0357118
0.0352268
0.0347146
0.0341764
0.0336137
0.033028
0.0324208
0.0317937
0.0311483
0.0304863
0.0298092
0.0291186
0.0284163
0.0277039
0.026983
0.0262552
0.025522
0.0247852
0.0240461
0.0233063
0.0225672
0.0218302
0.0210966
0.0203678
0.019645
0.0189294
0.018222
0.0175239
0.0168361
0.0161595
0.015495
0.0148433
0.0142052
0.0135812
0.0129719
0.0123779
0.0117995
0.0112372
0.0106912
0.0101619
0.00964931
0.00915364
0.00867496
0.00821329
0.00776859
0.00734081
0.0069298
0.00653543
0.00615748
0.00579572
0.0054499
0.00511971
0.00480482
0.00450491
0.00421959
0.00394848
0.00369119
0.00344729
0.00321637
0.00299799
0.0027917
0.00259708
0.00241366
0.00224101
0.00207867
0.00192622
0.0017832
0.00164919
0.00152376
0.0014065
0.001297
0.00119485
0.00109967
0.00101109
0.000928733
0.000852253
0.000781308
0.00071557
0.000654723
0.000598465
0.000546507
0.000498573
0.0004544
0.000413736
0.000376343
0.000341996
0.00031048
0.000281593
0.000255144
0.000230954
0.000208854
0.000188684
0.000170295
0.000153548
0.000138314
0.000124469
0.000111901
0.000100503
9.01784e-05
8.08354e-05
7.23896e-05
6.4763e-05
5.78834e-05
5.16841e-05
4.61036e-05
4.10856e-05
3.6578e-05
3.25331e-05
2.89073e-05
2.56605e-05
2.27562e-05
2.01609e-05
1.78441e-05
1.57781e-05
1.39378e-05
1.28652e-05
1.45639e-05
1.64709e-05
1.86094e-05
2.1005e-05
2.36858e-05
2.66827e-05
3.00295e-05
3.37631e-05
3.79238e-05
4.25557e-05
4.77067e-05
5.34289e-05
5.97792e-05
6.68188e-05
7.46146e-05
8.32386e-05
9.27688e-05
0.000103289
0.00011489
0.00012767
0.000141732
0.00015719
0.000174163
0.000192781
0.000213181
0.000235509
0.000259923
0.000286586
0.000315677
0.000347381
0.000381896
0.000419431
0.000460205
0.00050445
0.00055241
0.000604338
0.000660502
0.000721182
0.000786667
0.000857261
0.000933279
0.00101505
0.0011029
0.00119718
0.00129826
0.0014065
0.00152228
0.00164597
0.00177798
0.00191871
0.00206855
0.00222791
0.00239722
0.00257687
0.00276727
0.00296885
0.003182
0.00340713
0.00364462
0.00389487
0.00415823
0.00443507
0.00472572
0.0050305
0.00534971
0.00568363
0.00603249
0.00639652
0.00677589
0.00717076
0.00758123
0.00800737
0.00844922
0.00890674
0.00937987
0.00986849
0.0103724
0.0108915
0.0114253
0.0119736
0.012536
0.013112
0.013701
0.0143026
0.014916
0.0155405
0.0161753
0.0168197
0.0174726
0.0181332
0.0188004
0.0194731
0.0201502
0.0208305
0.0215127
0.0221956
0.0228778
0.023558
0.0242347
0.0249065
0.0255719
0.0262295
0.0268778
0.0275152
0.0281402
0.0287513
0.029347
0.0299258
0.0304863
0.0310269
0.0315463
0.0320431
0.0325159
0.0329635
0.0333847
0.0337782
0.034143
0.0344781
0.0347824
0.0350552
0.0352957
0.0355031
0.0356769
0.0358165
0.0359216
0.0359918
0.036027
0.036027
0.0359918
0.0359216
0.0358165
0.0356769
0.0355031
0.0352957
0.0350552
0.0347824
0.0344781
0.034143
0.0337782
0.0333847
0.0329635
0.0325159
0.0320431
0.0315463
0.0310269
0.0304863
0.0299258
0.029347
0.0287513
0.0281402
0.0275152
0.0268778
0.0262295
0.0255719
0.0249065
0.0242347
0.023558
0.0228778
0.0221956
0.0215127
0.0208305
0.0201502
0.0194731
0.0188004
0.0181332
0.0174726
0.0168197
0.0161753
0.0155405
0.014916
0.0143026
0.013701
0.013112
0.012536
0.0119736
0.0114253
0.0108915
0.0103724
0.00986849
0.00937987
0.00890674
0.00844922
0.00800737
0.00758123
0.00717076
0.00677589
0.00639652
0.00603249
0.00568363
0.00534971
0.0050305
0.00472572
0.00443507
0.00415823
0.00389487
0.00364462
0.00340713
0.003182
0.00296885
0.00276727
0.00257687
0.00239722
0.00222791
0.00206855
0.00191871
0.00177798
0.00164597
0.00152228
0.0014065
0.00129826
0.00119718
0.0011029
0.00101505
0.000933279
0.000857261
0.000786667
0.000721182
0.000660502
0.000604338
0.00055241
0.00050445
0.000460205
0.000419431
0.000381896
0.000347381
0.000315677
0.000286586
0.000259923
0.000235509
0.000213181
0.000192781
0.000174163
0.00015719
0.000141732
0.00012767
0.00011489
0.000103289
9.27688e-05
8.32386e-05
7.46146e-05
6.68188e-05
5.97792e-05
5.34289e-05
4.77067e-05
4.25557e-05
3.79238e-05
3.37631e-05
3.00295e-05
2.66827e-05
2.36858e-05
2.1005e-05
1.86094e-05
1.64709e-05
1.45639e-05
1.28652e-05
1.18635e-05
1.343e-05
1.51885e-05
1.71605e-05
1.93696e-05
2.18417e-05
2.46053e-05
2.76915e-05
3.11344e-05
3.49712e-05
3.92424e-05
4.39924e-05
4.92691e-05
5.51249e-05
6.16165e-05
6.88054e-05
7.6758e-05
8.55461e-05
9.52474e-05
0.000105945
0.00011773
0.000130697
0.000144952
0.000160603
0.000177772
0.000196583
0.000217173
0.000239686
0.000264274
0.000291099
0.000320335
0.000352163
0.000386776
0.000424375
0.000465176
0.000509401
0.000557286
0.000609078
0.000665033
0.00072542
0.000790518
0.000860617
0.000936017
0.00101703
0.00110398
0.00119718
0.001297
0.00140376
0.00151782
0.00163956
0.00176932
0.0019075
0.00205446
0.00221058
0.00237624
0.00255182
0.00273771
0.00293426
0.00314186
0.00336087
0.00359163
0.00383448
0.00408977
0.00435779
0.00463884
0.0049332
0.00524112
0.00556282
0.0058985
0.00624834
0.00661246
0.00699098
0.00738394
0.00779139
0.00821329
0.00864958
0.00910016
0.00956487
0.0100435
0.0105358
0.0110414
0.01156
0.0120911
0.0126343
0.013189
0.0137547
0.0143306
0.014916
0.0155102
0.0161123
0.0167214
0.0173367
0.017957
0.0185814
0.0192087
0.0198378
0.0204675
0.0210966
0.0217238
0.0223478
0.0229673
0.023581
0.0241874
0.0247852
0.0253729
0.0259493
0.0265128
0.0270622
0.0275959
0.0281127
0.0286113
0.0290902
0.0295483
0.0299843
0.0303971
0.0307855
0.0311483
0.0314848
0.0317937
0.0320744
0.032326
0.0325477
0.032739
0.0328992
0.033028
0.0331249
0.0331896
0.0332221
0.0332221
0.0331896
0.0331249
0.033028
0.0328992
0.032739
0.0325477
0.032326
0.0320744
0.0317937
0.0314848
0.0311483
0.0307855
0.0303971
0.0299843
0.0295483
0.0290902
0.0286113
0.0281127
0.0275959
0.0270622
0.0265128
0.0259493
0.0253729
0.0247852
0.0241874
0.023581
0.0229673
0.0223478
0.0217238
0.0210966
0.0204675
0.0198378
0.0192087
0.0185814
0.017957
0.0173367
0.0167214
0.0161123
0.0155102
0.014916
0.0143306
0.0137547
0.013189
0.0126343
0.0120911
0.01156
0.0110414
0.0105358
0.0100435
0.00956487
0.00910016
0.00864958
0.00821329
0.00779139
0.00738394
0.00699098
0.00661246
0.00624834
0.0058985
0.00556282
0.00524112
0.0049332
0.00463884
0.00435779
0.00408977
0.00383448
0.00359163
0.00336087
0.00314186
0.00293426
0.00273771
0.00255182
0.00237624
0.00221058
0.00205446
0.0019075
0.00176932
0.00163956
0.00151782
0.00140376
0.001297
0.00119718
0.00110398
0.00101703
0.000936017
0.000860617
0.000790518
0.00072542
0.000665033
0.000609078
0.000557286
0.000509401
0.000465176
0.000424375
0.000386776
0.000352163
0.000320335
0.000291099
0.000264274
0.000239686
0.000217173
0.000196583
0.000177772
0.000160603
0.000144952
0.000130697
0.00011773
0.000105945
9.52474e-05
8.55461e-05
7.6758e-05
6.88054e-05
6.16165e-05
5.51249e-05
4.92691e-05
4.39924e-05
3.92424e-05
3.49712e-05
3.11344e-05
2.76915e-05
2.46053e-05
2.18417e-05
1.93696e-05
1.71605e-05
1.51885e-05
1.343e-05
1.18635e-05
1.09292e-05
1.23723e-05
1.39923e-05
1.5809e-05
1.78441e-05
2.01215e-05
2.26675e-05
2.55106e-05
2.86824e-05
3.2217e-05
3.61518e-05
4.05277e-05
4.53888e-05
5.07835e-05
5.67638e-05
6.33865e-05
7.07127e-05
7.88088e-05
8.7746e-05
9.76014e-05
0.000108458
0.000120404
0.000133536
0.000147955
0.000163771
0.000181101
0.00020007
0.000220809
0.00024346
0.000268173
0.000295107
0.000324428
0.000356314
0.000390953
0.00042854
0.000469282
0.000513396
0.000561109
0.000612657
0.000668288
0.000728259
0.000792837
0.000862299
0.000936931
0.00101703
0.0011029
0.00119485
0.0012932
0.00139828
0.00151043
0.00162998
0.00175727
0.00189265
0.00203648
0.00218909
0.00235085
0.00252209
0.00270317
0.00289442
0.00309617
0.00330876
0.00353249
0.00376767
0.00401458
0.0042735
0.00454468
0.00482834
0.00512471
0.00543396
0.00575624
0.00609169
0.00644039
0.00680241
0.00717776
0.00756644
0.00796837
0.00838346
0.00881157
0.0092525
0.00970601
0.0101718
0.0106496
0.0111389
0.0116393
0.0121503
0.0126714
0.0132019
0.0137412
0.0142886
0.0148433
0.0154045
0.0159713
0.0165428
0.017118
0.0176959
0.0182754
0.0188556
0.0194351
0.0200129
0.0205878
0.0211585
0.0217238
0.0222825
0.0228332
0.0233746
0.0239056
0.0244248
0.0249308
0.0254225
0.0258986
0.0263579
0.0267992
0.0272212
0.0276229
0.0280031
0.0283609
0.0286952
0.0290051
0.0292898
0.0295483
0.0297801
0.0299843
0.0301605
0.0303082
0.0304268
0.0305161
0.0305757
0.0306056
0.0306056
0.0305757
0.0305161
0.0304268
0.0303082
0.0301605
0.0299843
0.0297801
0.0295483
0.0292898
0.0290051
0.0286952
0.0283609
0.0280031
0.0276229
0.0272212
0.0267992
0.0263579
0.0258986
0.0254225
0.0249308
0.0244248
0.0239056
0.0233746
0.0228332
0.0222825
0.0217238
0.0211585
0.0205878
0.0200129
0.0194351
0.0188556
0.0182754
0.0176959
0.017118
0.0165428
0.0159713
0.0154045
0.0148433
0.0142886
0.0137412
0.0132019
0.0126714
0.0121503
0.0116393
0.0111389
0.0106496
0.0101718
0.00970601
0.0092525
0.00881157
0.00838346
0.00796837
0.00756644
0.00717776
0.00680241
0.00644039
0.00609169
0.00575624
0.00543396
0.00512471
0.00482834
0.00454468
0.0042735
0.00401458
0.00376767
0.00353249
0.00330876
0.00309617
0.00289442
0.00270317
0.00252209
0.00235085
0.00218909
0.00203648
0.00189265
0.00175727
0.00162998
0.00151043
0.00139828
0.0012932
0.00119485
0.0011029
0.00101703
0.000936931
0.000862299
0.000792837
0.000728259
0.000668288
0.000612657
0.000561109
0.000513396
0.000469282
0.00042854
0.000390953
0.000356314
0.000324428
0.000295107
0.000268173
0.00024346
0.000220809
0.00020007
0.000181101
0.000163771
0.000147955
0.000133536
0.000120404
0.000108458
9.76014e-05
8.7746e-05
7.88088e-05
7.07127e-05
6.33865e-05
5.67638e-05
5.07835e-05
4.53888e-05
4.05277e-05
3.61518e-05
3.2217e-05
2.86824e-05
2.55106e-05
2.26675e-05
2.01215e-05
1.78441e-05
1.5809e-05
1.39923e-05
1.23723e-05
1.09292e-05
1.00586e-05
1.13868e-05
1.28777e-05
1.45497e-05
1.64227e-05
1.85187e-05
2.08619e-05
2.34785e-05
2.63976e-05
2.96507e-05
3.32721e-05
3.72994e-05
4.17734e-05
4.67383e-05
5.22422e-05
5.83374e-05
6.508e-05
7.25312e-05
8.07565e-05
8.98268e-05
9.98184e-05
0.000110813
0.000122899
0.000136169
0.000150726
0.000166675
0.000184133
0.00020322
0.000224067
0.000246812
0.0002716
0.000298585
0.000327932
0.000359811
0.000394404
0.000431901
0.000472501
0.000516413
0.000563855
0.000615055
0.000670249
0.000729683
0.000793612
0.000862299
0.000936017
0.00101505
0.00109967
0.00119019
0.0012869
0.00139011
0.00150014
0.00161729
0.00174189
0.00187426
0.00201472
0.00216359
0.00232119
0.00248785
0.00266386
0.00284955
0.0030452
0.00325111
0.00346755
0.0036948
0.00393309
0.00418267
0.00444374
0.00471649
0.00500111
0.00529772
0.00560645
0.00592738
0.00626056
0.00660601
0.00696372
0.00733364
0.00771567
0.00810968
0.00851548
0.00893287
0.00936157
0.00980126
0.0102516
0.0107121
0.0111825
0.011662
0.0121503
0.0126467
0.0131505
0.013661
0.0141774
0.0146991
0.015225
0.0157544
0.0162863
0.0168197
0.0173536
0.017887
0.0184188
0.0189479
0.0194731
0.0199934
0.0205075
0.0210144
0.0215127
0.0220014
0.0224792
0.0229449
0.0233975
0.0238357
0.0242584
0.0246644
0.0250529
0.0254225
0.0257725
0.0261018
0.0264095
0.0266947
0.0269566
0.0271946
0.0274079
0.0275959
0.0277581
0.0278939
0.0280031
0.0280853
0.0281402
0.0281677
0.0281677
0.0281402
0.0280853
0.0280031
0.0278939
0.0277581
0.0275959
0.0274079
0.0271946
0.0269566
0.0266947
0.0264095
0.0261018
0.0257725
0.0254225
0.0250529
0.0246644
0.0242584
0.0238357
0.0233975
0.0229449
0.0224792
0.0220014
0.0215127
0.0210144
0.0205075
0.0199934
0.0194731
0.0189479
0.0184188
0.017887
0.0173536
0.0168197
0.0162863
0.0157544
0.015225
0.0146991
0.0141774
0.013661
0.0131505
0.0126467
0.0121503
0.011662
0.0111825
0.0107121
0.0102516
0.00980126
0.00936157
0.00893287
0.00851548
0.00810968
0.00771567
0.00733364
0.00696372
0.00660601
0.00626056
0.00592738
0.00560645
0.00529772
0.00500111
0.00471649
0.00444374
0.00418267
0.00393309
0.0036948
0.00346755
0.00325111
0.0030452
0.00284955
0.00266386
0.00248785
0.00232119
0.00216359
0.00201472
0.00187426
0.00174189
0.00161729
0.00150014
0.00139011
0.0012869
0.00119019
0.00109967
0.00101505
0.000936017
0.000862299
0.000793612
0.000729683
0.000670249
0.000615055
0.000563855
0.000516413
0.000472501
0.000431901
0.000394404
0.000359811
0.000327932
0.000298585
0.0002716
0.000246812
0.000224067
0.00020322
0.000184133
0.000166675
0.000150726
0.000136169
0.000122899
0.000110813
9.98184e-05
8.98268e-05
8.07565e-05
7.25312e-05
6.508e-05
5.83374e-05
5.22422e-05
4.67383e-05
4.17734e-05
3.72994e-05
3.32721e-05
2.96507e-05
2.63976e-05
2.34785e-05
2.08619e-05
1.85187e-05
1.64227e-05
1.45497e-05
1.28777e-05
1.13868e-05
1.00586e-05
9.24836e-06
1.04695e-05
1.18404e-05
1.33777e-05
1.50998e-05
1.7027e-05
1.91813e-05
2.15872e-05
2.42712e-05
2.72622e-05
3.05919e-05
3.42948e-05
3.84083e-05
4.29733e-05
4.80339e-05
5.3638e-05
5.98376e-05
6.66885e-05
7.42512e-05
8.25909e-05
9.17776e-05
0.000101887
0.000112999
0.0001252
0.000138584
0.000153249
0.0001693
0.00018685
0.000206018
0.00022693
0.000249721
0.000274533
0.000301515
0.000330827
0.000362633
0.000397109
0.000434439
0.000474814
0.000518434
0.00056551
0.000616257
0.000670904
0.000729683
0.000792837
0.000860617
0.000933279
0.00101109
0.00109431
0.00118324
0.00127813
0.0013793
0.00148701
0.00160158
0.00172328
0.00185242
0.0019893
0.00213421
0.00228744
0.00244928
0.00262
0.00279989
0.00298922
0.00318822
0.00339716
0.00361626
0.00384573
0.00408577
0.00433656
0.00459825
0.00487097
0.00515482
0.0054499
0.00575624
0.00607387
0.00640276
0.00674288
0.00709414
0.00745641
0.00782952
0.00821329
0.00860745
0.00901173
0.00942578
0.00984924
0.0102817
0.0107226
0.0111716
0.0116279
0.0120911
0.0125605
0.0130354
0.013515
0.0139986
0.0144853
0.0149744
0.0154648
0.0159557
0.0164461
0.0169351
0.0174215
0.0179045
0.0183828
0.0188556
0.0193216
0.0197798
0.0202291
0.0206684
0.0210966
0.0215127
0.0219156
0.0223042
0.0226776
0.0230347
0.0233746
0.0236964
0.0239992
0.0242821
0.0245443
0.0247852
0.025004
0.0252001
0.0253729
0.025522
0.025647
0.0257473
0.0258229
0.0258734
0.0258986
0.0258986
0.0258734
0.0258229
0.0257473
0.025647
0.025522
0.0253729
0.0252001
0.025004
0.0247852
0.0245443
0.0242821
0.0239992
0.0236964
0.0233746
0.0230347
0.0226776
0.0223042
0.0219156
0.0215127
0.0210966
0.0206684
0.0202291
0.0197798
0.0193216
0.0188556
0.0183828
0.0179045
0.0174215
0.0169351
0.0164461
0.0159557
0.0154648
0.0149744
0.0144853
0.0139986
0.013515
0.0130354
0.0125605
0.0120911
0.0116279
0.0111716
0.0107226
0.0102817
0.00984924
0.00942578
0.00901173
0.00860745
0.00821329
0.00782952
0.00745641
0.00709414
0.00674288
0.00640276
0.00607387
0.00575624
0.0054499
0.00515482
0.00487097
0.00459825
0.00433656
0.00408577
0.00384573
0.00361626
0.00339716
0.00318822
0.00298922
0.00279989
0.00262
0.00244928
0.00228744
0.00213421
0.0019893
0.00185242
0.00172328
0.00160158
0.00148701
0.0013793
0.00127813
0.00118324
0.00109431
0.00101109
0.000933279
0.000860617
0.000792837
0.000729683
0.000670904
0.000616257
0.00056551
0.000518434
0.000474814
0.000434439
0.000397109
0.000362633
0.000330827
0.000301515
0.000274533
0.000249721
0.00022693
0.000206018
0.00018685
0.0001693
0.000153249
0.000138584
0.0001252
0.000112999
0.000101887
9.17776e-05
8.25909e-05
7.42512e-05
6.66885e-05
5.98376e-05
5.3638e-05
4.80339e-05
4.29733e-05
3.84083e-05
3.42948e-05
3.05919e-05
2.72622e-05
2.42712e-05
2.15872e-05
1.91813e-05
1.7027e-05
1.50998e-05
1.33777e-05
1.18404e-05
1.04695e-05
9.24836e-06
8.49506e-06
9.61677e-06
1.0876e-05
1.2288e-05
1.38699e-05
1.56401e-05
1.7619e-05
1.98289e-05
2.22943e-05
2.50416e-05
2.81001e-05
3.15014e-05
3.52799e-05
3.9473e-05
4.41215e-05
4.92691e-05
5.49637e-05
6.12566e-05
6.82033e-05
7.58637e-05
8.43021e-05
9.35877e-05
0.000103795
0.000115003
0.000127296
0.000140766
0.00015551
0.000171631
0.000189237
0.000208446
0.000229381
0.000252172
0.000276956
0.00030388
0.000333096
0.000364764
0.000399053
0.000436139
0.000476207
0.000519448
0.000566062
0.000616257
0.000670249
0.000728259
0.000790518
0.000857261
0.000928733
0.00100518
0.00108686
0.00117403
0.00126695
0.00136589
0.00147112
0.00158292
0.00170154
0.00182727
0.00196038
0.00210112
0.00224978
0.0024066
0.00257184
0.00274574
0.00292854
0.00312046
0.00332171
0.00353249
0.00375298
0.00398334
0.00422371
0.00447422
0.00473495
0.00500599
0.00528738
0.00557914
0.00588125
0.00619366
0.00651631
0.00684907
0.0071918
0.0075443
0.00790636
0.00827771
0.00865803
0.009047
0.00944421
0.00984924
0.0102616
0.0106808
0.0111063
0.0115374
0.0119736
0.0124142
0.0128584
0.0133055
0.0137547
0.0142052
0.0146561
0.0151065
0.0155557
0.0160025
0.0164461
0.0168855
0.0173197
0.0177478
0.0181687
0.0185814
0.0189849
0.0193783
0.0197605
0.0201305
0.0204875
0.0208305
0.0211585
0.0214707
0.0217663
0.0220444
0.0223042
0.0225451
0.0227664
0.0229673
0.0231475
0.0233063
0.0234432
0.023558
0.0236502
0.0237196
0.0237659
0.0237892
0.0237892
0.0237659
0.0237196
0.0236502
0.023558
0.0234432
0.0233063
0.0231475
0.0229673
0.0227664
0.0225451
0.0223042
0.0220444
0.0217663
0.0214707
0.0211585
0.0208305
0.0204875
0.0201305
0.0197605
0.0193783
0.0189849
0.0185814
0.0181687
0.0177478
0.0173197
0.0168855
0.0164461
0.0160025
0.0155557
0.0151065
0.0146561
0.0142052
0.0137547
0.0133055
0.0128584
0.0124142
0.0119736
0.0115374
0.0111063
0.0106808
0.0102616
0.00984924
0.00944421
0.009047
0.00865803
0.00827771
0.00790636
0.0075443
0.0071918
0.00684907
0.00651631
0.00619366
0.00588125
0.00557914
0.00528738
0.00500599
0.00473495
0.00447422
0.00422371
0.00398334
0.00375298
0.00353249
0.00332171
0.00312046
0.00292854
0.00274574
0.00257184
0.0024066
0.00224978
0.00210112
0.00196038
0.00182727
0.00170154
0.00158292
0.00147112
0.00136589
0.00126695
0.00117403
0.00108686
0.00100518
0.000928733
0.000857261
0.000790518
0.000728259
0.000670249
0.000616257
0.000566062
0.000519448
0.000476207
0.000436139
0.000399053
0.000364764
0.000333096
0.00030388
0.000276956
0.000252172
0.000229381
0.000208446
0.000189237
0.000171631
0.00015551
0.000140766
0.000127296
0.000115003
0.000103795
9.35877e-05
8.43021e-05
7.58637e-05
6.82033e-05
6.12566e-05
5.49637e-05
4.92691e-05
4.41215e-05
3.9473e-05
3.52799e-05
3.15014e-05
2.81001e-05
2.50416e-05
2.22943e-05
1.98289e-05
1.7619e-05
1.56401e-05
1.38699e-05
1.2288e-05
1.0876e-05
9.61677e-06
8.49506e-06
7.79551e-06
8.82485e-06
9.98035e-06
1.12761e-05
1.27277e-05
1.43521e-05
1.61681e-05
1.8196e-05
2.04584e-05
2.29795e-05
2.57861e-05
2.89073e-05
3.23747e-05
3.62225e-05
4.04881e-05
4.52119e-05
5.04375e-05
5.62122e-05
6.25869e-05
6.96164e-05
7.736e-05
8.58809e-05
9.52474e-05
0.000105532
0.000116814
0.000129175
0.000142704
0.000157497
0.000173654
0.000191281
0.000210492
0.000231406
0.000254149
0.000278856
0.000305666
0.000334726
0.000366192
0.000400224
0.000436992
0.000476672
0.000519448
0.00056551
0.000615055
0.000668288
0.00072542
0.000786667
0.000852253
0.000922406
0.000997358
0.00107735
0.00116262
0.00125341
0.00134998
0.00145257
0.00156142
0.0016768
0.00179894
0.0019281
0.00206451
0.00220842
0.00236005
0.00251963
0.00268738
0.00286349
0.00304817
0.0032416
0.00344393
0.00365532
0.0038759
0.00410577
0.00434504
0.00459376
0.00485198
0.00511971
0.00539694
0.00568363
0.0059797
0.00628506
0.00659956
0.00692304
0.00725528
0.00759605
0.00794506
0.00830199
0.00866649
0.00903817
0.00941658
0.00980126
0.0101917
0.0105873
0.0109876
0.0113919
0.0117995
0.0122098
0.012622
0.0130354
0.0134492
0.0138625
0.0142747
0.0146847
0.0150918
0.015495
0.0158935
0.0162863
0.0166725
0.0170512
0.0174215
0.0177825
0.0181332
0.0184728
0.0188004
0.0191151
0.0194161
0.0197027
0.0199739
0.0202291
0.0204675
0.0206886
0.0208916
0.021076
0.0212413
0.021387
0.0215127
0.021618
0.0217026
0.0217663
0.0218088
0.0218302
0.0218302
0.0218088
0.0217663
0.0217026
0.021618
0.0215127
0.021387
0.0212413
0.021076
0.0208916
0.0206886
0.0204675
0.0202291
0.0199739
0.0197027
0.0194161
0.0191151
0.0188004
0.0184728
0.0181332
0.0177825
0.0174215
0.0170512
0.0166725
0.0162863
0.0158935
0.015495
0.0150918
0.0146847
0.0142747
0.0138625
0.0134492
0.0130354
0.012622
0.0122098
0.0117995
0.0113919
0.0109876
0.0105873
0.0101917
0.00980126
0.00941658
0.00903817
0.00866649
0.00830199
0.00794506
0.00759605
0.00725528
0.00692304
0.00659956
0.00628506
0.0059797
0.00568363
0.00539694
0.00511971
0.00485198
0.00459376
0.00434504
0.00410577
0.0038759
0.00365532
0.00344393
0.0032416
0.00304817
0.00286349
0.00268738
0.00251963
0.00236005
0.00220842
0.00206451
0.0019281
0.00179894
0.0016768
0.00156142
0.00145257
0.00134998
0.00125341
0.00116262
0.00107735
0.000997358
0.000922406
0.000852253
0.000786667
0.00072542
0.000668288
0.000615055
0.00056551
0.000519448
0.000476672
0.000436992
0.000400224
0.000366192
0.000334726
0.000305666
0.000278856
0.000254149
0.000231406
0.000210492
0.000191281
0.000173654
0.000157497
0.000142704
0.000129175
0.000116814
0.000105532
9.52474e-05
8.58809e-05
7.736e-05
6.96164e-05
6.25869e-05
5.62122e-05
5.04375e-05
4.52119e-05
4.04881e-05
3.62225e-05
3.23747e-05
2.89073e-05
2.57861e-05
2.29795e-05
2.04584e-05
1.8196e-05
1.61681e-05
1.43521e-05
1.27277e-05
1.12761e-05
9.98035e-06
8.82485e-06
7.79551e-06
7.14658e-06
8.09023e-06
9.14954e-06
1.03375e-05
1.16682e-05
1.31574e-05
1.48222e-05
1.66813e-05
1.87553e-05
2.10666e-05
2.36396e-05
2.65009e-05
2.96797e-05
3.32072e-05
3.71177e-05
4.14483e-05
4.62389e-05
5.15329e-05
5.73769e-05
6.38213e-05
7.09202e-05
7.87318e-05
8.73186e-05
9.67473e-05
0.000107089
0.000118422
0.000130825
0.000144386
0.000159198
0.000175358
0.000192969
0.000212143
0.000232993
0.000255643
0.000280221
0.000306862
0.000335708
0.000366908
0.000400615
0.000436992
0.000476207
0.000518434
0.000563855
0.000612657
0.000665033
0.000721182
0.000781308
0.000845621
0.000914334
0.000987666
0.00106584
0.00114907
0.0012376
0.00133165
0.00143144
0.00153721
0.00164919
0.0017676
0.00189265
0.00202458
0.00216359
0.00230989
0.00246367
0.00262512
0.00279443
0.00297175
0.00315724
0.00335103
0.00355325
0.00376399
0.00398334
0.00421136
0.00444808
0.00469352
0.00494767
0.0052105
0.00548193
0.00576186
0.00605019
0.00634674
0.00665132
0.00696372
0.00728368
0.0076109
0.00794506
0.00828579
0.00863271
0.00898536
0.0093433
0.00970601
0.010073
0.0104436
0.0108173
0.0111934
0.0115713
0.0119503
0.0123296
0.0127086
0.0130864
0.0134623
0.0138355
0.0142052
0.0145705
0.0149306
0.0152846
0.0156318
0.0159713
0.0163022
0.0166237
0.0169351
0.0172354
0.0175239
0.0177999
0.0180625
0.0183112
0.0185451
0.0187637
0.0189664
0.0191525
0.0193216
0.0194731
0.0196067
0.0197219
0.0198184
0.019896
0.0199544
0.0199934
0.0200129
0.0200129
0.0199934
0.0199544
0.019896
0.0198184
0.0197219
0.0196067
0.0194731
0.0193216
0.0191525
0.0189664
0.0187637
0.0185451
0.0183112
0.0180625
0.0177999
0.0175239
0.0172354
0.0169351
0.0166237
0.0163022
0.0159713
0.0156318
0.0152846
0.0149306
0.0145705
0.0142052
0.0138355
0.0134623
0.0130864
0.0127086
0.0123296
0.0119503
0.0115713
0.0111934
0.0108173
0.0104436
0.010073
0.00970601
0.0093433
0.00898536
0.00863271
0.00828579
0.00794506
0.0076109
0.00728368
0.00696372
0.00665132
0.00634674
0.00605019
0.00576186
0.00548193
0.0052105
0.00494767
0.00469352
0.00444808
0.00421136
0.00398334
0.00376399
0.00355325
0.00335103
0.00315724
0.00297175
0.00279443
0.00262512
0.00246367
0.00230989
0.00216359
0.00202458
0.00189265
0.0017676
0.00164919
0.00153721
0.00143144
0.00133165
0.0012376
0.00114907
0.00106584
0.000987666
0.000914334
0.000845621
0.000781308
0.000721182
0.000665033
0.000612657
0.000563855
0.000518434
0.000476207
0.000436992
0.000400615
0.000366908
0.000335708
0.000306862
0.000280221
0.000255643
0.000232993
0.000212143
0.000192969
0.000175358
0.000159198
0.000144386
0.000130825
0.000118422
0.000107089
9.67473e-05
8.73186e-05
7.87318e-05
7.09202e-05
6.38213e-05
5.73769e-05
5.15329e-05
4.62389e-05
4.14483e-05
3.71177e-05
3.32072e-05
2.96797e-05
2.65009e-05
2.36396e-05
2.10666e-05
1.87553e-05
1.66813e-05
1.48222e-05
1.31574e-05
1.16682e-05
1.03375e-05
9.14954e-06
8.09023e-06
7.14658e-06
6.54527e-06
7.40953e-06
8.37971e-06
9.46768e-06
1.06865e-05
1.20504e-05
1.35751e-05
1.52778e-05
1.71773e-05
1.92941e-05
2.16506e-05
2.42712e-05
2.71824e-05
3.04132e-05
3.39947e-05
3.79609e-05
4.23484e-05
4.71969e-05
5.25492e-05
5.84514e-05
6.49531e-05
7.21074e-05
7.99717e-05
8.86071e-05
9.80791e-05
0.000108458
0.000119817
0.000132238
0.000145803
0.000160603
0.000176733
0.000194293
0.000213389
0.000234133
0.000256644
0.000281043
0.000307462
0.000336036
0.000366908
0.000400224
0.000436139
0.000474814
0.000516413
0.000561109
0.000609078
0.000660502
0.00071557
0.000774471
0.000837403
0.000904565
0.000976159
0.00105239
0.00113347
0.0012196
0.001311
0.00140787
0.00151043
0.00161887
0.00173341
0.00185423
0.00198155
0.00211554
0.00225638
0.00240425
0.00255931
0.00272171
0.00289159
0.00306908
0.00325428
0.00344729
0.00364819
0.00385702
0.00407382
0.00429861
0.00453138
0.00477209
0.00502068
0.00527707
0.00554113
0.00581273
0.00609169
0.0063778
0.00667084
0.00697053
0.00727657
0.00758864
0.00790636
0.00822935
0.00855717
0.00888936
0.00922543
0.00956487
0.00990712
0.0102516
0.0105977
0.0109448
0.0112922
0.0116393
0.0119853
0.0123296
0.0126714
0.0130099
0.0133445
0.0136743
0.0139986
0.0143166
0.0146275
0.0149306
0.015225
0.0155102
0.0157852
0.0160495
0.0163022
0.0165428
0.0167705
0.0169847
0.017185
0.0173706
0.017541
0.0176959
0.0178347
0.017957
0.0180625
0.0181509
0.018222
0.0182754
0.0183112
0.0183291
0.0183291
0.0183112
0.0182754
0.018222
0.0181509
0.0180625
0.017957
0.0178347
0.0176959
0.017541
0.0173706
0.017185
0.0169847
0.0167705
0.0165428
0.0163022
0.0160495
0.0157852
0.0155102
0.015225
0.0149306
0.0146275
0.0143166
0.0139986
0.0136743
0.0133445
0.0130099
0.0126714
0.0123296
0.0119853
0.0116393
0.0112922
0.0109448
0.0105977
0.0102516
0.00990712
0.00956487
0.00922543
0.00888936
0.00855717
0.00822935
0.00790636
0.00758864
0.00727657
0.00697053
0.00667084
0.0063778
0.00609169
0.00581273
0.00554113
0.00527707
0.00502068
0.00477209
0.00453138
0.00429861
0.00407382
0.00385702
0.00364819
0.00344729
0.00325428
0.00306908
0.00289159
0.00272171
0.00255931
0.00240425
0.00225638
0.00211554
0.00198155
0.00185423
0.00173341
0.00161887
0.00151043
0.00140787
0.001311
0.0012196
0.00113347
0.00105239
0.000976159
0.000904565
0.000837403
0.000774471
0.00071557
0.000660502
0.000609078
0.000561109
0.000516413
0.000474814
0.000436139
0.000400224
0.000366908
0.000336036
0.000307462
0.000281043
0.000256644
0.000234133
0.000213389
0.000194293
0.000176733
0.000160603
0.000145803
0.000132238
0.000119817
0.000108458
9.80791e-05
8.86071e-05
7.99717e-05
7.21074e-05
6.49531e-05
5.84514e-05
5.25492e-05
4.71969e-05
4.23484e-05
3.79609e-05
3.39947e-05
3.04132e-05
2.71824e-05
2.42712e-05
2.16506e-05
1.92941e-05
1.71773e-05
1.52778e-05
1.35751e-05
1.20504e-05
1.06865e-05
9.46768e-06
8.37971e-06
7.40953e-06
6.54527e-06
5.98871e-06
6.77947e-06
7.66716e-06
8.66261e-06
9.77776e-06
1.10257e-05
1.24207e-05
1.39787e-05
1.57166e-05
1.76534e-05
1.98096e-05
2.22073e-05
2.4871e-05
2.78271e-05
3.1104e-05
3.47329e-05
3.87474e-05
4.31836e-05
4.80808e-05
5.34811e-05
5.94299e-05
6.59759e-05
7.31715e-05
8.10726e-05
8.97391e-05
9.92352e-05
0.000109629
0.000120993
0.000133405
0.000146947
0.000161705
0.000177772
0.000195244
0.000214224
0.00023482
0.000257145
0.000281318
0.000307462
0.000335708
0.000366192
0.000399053
0.000434439
0.000472501
0.000513396
0.000557286
0.000604338
0.000654723
0.000708616
0.000766196
0.000827647
0.000893154
0.000962904
0.00103709
0.0011159
0.00119952
0.00128816
0.00138199
0.00148122
0.00158601
0.00169656
0.00181305
0.00193565
0.00206451
0.00219981
0.00234168
0.00249028
0.00264571
0.00280811
0.00297756
0.00315416
0.00333797
0.00352904
0.00372741
0.00393309
0.00414606
0.00436631
0.00459376
0.00482834
0.00506995
0.00531846
0.00557369
0.00583548
0.0061036
0.0063778
0.00665782
0.00694335
0.00723406
0.00752958
0.00782952
0.00813347
0.00844097
0.00875154
0.00906469
0.00937987
0.00969654
0.0100141
0.010332
0.0106496
0.0109662
0.0112812
0.0115939
0.0119037
0.0122098
0.0125115
0.0128082
0.0130992
0.0133837
0.013661
0.0139304
0.0141913
0.014443
0.0146847
0.014916
0.0151361
0.0153444
0.0155405
0.0157237
0.0158935
0.0160495
0.0161911
0.0163181
0.0164301
0.0165266
0.0166075
0.0166725
0.0167214
0.0167541
0.0167705
0.0167705
0.0167541
0.0167214
0.0166725
0.0166075
0.0165266
0.0164301
0.0163181
0.0161911
0.0160495
0.0158935
0.0157237
0.0155405
0.0153444
0.0151361
0.014916
0.0146847
0.014443
0.0141913
0.0139304
0.013661
0.0133837
0.0130992
0.0128082
0.0125115
0.0122098
0.0119037
0.0115939
0.0112812
0.0109662
0.0106496
0.010332
0.0100141
0.00969654
0.00937987
0.00906469
0.00875154
0.00844097
0.00813347
0.00782952
0.00752958
0.00723406
0.00694335
0.00665782
0.0063778
0.0061036
0.00583548
0.00557369
0.00531846
0.00506995
0.00482834
0.00459376
0.00436631
0.00414606
0.00393309
0.00372741
0.00352904
0.00333797
0.00315416
0.00297756
0.00280811
0.00264571
0.00249028
0.00234168
0.00219981
0.00206451
0.00193565
0.00181305
0.00169656
0.00158601
0.00148122
0.00138199
0.00128816
0.00119952
0.0011159
0.00103709
0.000962904
0.000893154
0.000827647
0.000766196
0.000708616
0.000654723
0.000604338
0.000557286
0.000513396
0.000472501
0.000434439
0.000399053
0.000366192
0.000335708
0.000307462
0.000281318
0.000257145
0.00023482
0.000214224
0.000195244
0.000177772
0.000161705
0.000146947
0.000133405
0.000120993
0.000109629
9.92352e-05
8.97391e-05
8.10726e-05
7.31715e-05
6.59759e-05
5.94299e-05
5.34811e-05
4.80808e-05
4.31836e-05
3.87474e-05
3.47329e-05
3.1104e-05
2.78271e-05
2.4871e-05
2.22073e-05
1.98096e-05
1.76534e-05
1.57166e-05
1.39787e-05
1.24207e-05
1.10257e-05
9.77776e-06
8.66261e-06
7.66716e-06
6.77947e-06
5.98871e-06
5.47412e-06
6.19694e-06
7.00835e-06
7.91827e-06
8.93759e-06
1.00783e-05
1.13535e-05
1.27775e-05
1.43662e-05
1.61365e-05
1.81074e-05
2.02991e-05
2.2734e-05
2.5436e-05
2.84314e-05
3.17485e-05
3.5418e-05
3.9473e-05
4.39494e-05
4.88857e-05
5.43233e-05
6.03069e-05
6.68841e-05
7.41063e-05
8.20282e-05
9.07083e-05
0.000100209
0.000110597
0.000121942
0.00013432
0.00014781
0.000162497
0.000178468
0.000195817
0.000214643
0.00023505
0.000257145
0.000281043
0.000306862
0.000334726
0.000364764
0.000397109
0.000431901
0.000469282
0.000509401
0.00055241
0.000598465
0.000647727
0.00070036
0.000756531
0.000816409
0.000880166
0.000947976
0.00102001
0.00109645
0.00117747
0.00126324
0.00135394
0.00144973
0.00155078
0.00165726
0.00176932
0.00188712
0.00201079
0.00214047
0.0022763
0.00241838
0.00256682
0.00272171
0.00288314
0.00305115
0.00322581
0.00340713
0.00359513
0.00378981
0.00399113
0.00419904
0.00441346
0.00463431
0.00486146
0.00509477
0.00533406
0.00557914
0.00582978
0.00608574
0.00634674
0.00661246
0.00688259
0.00715676
0.00743459
0.00771567
0.00799956
0.00828579
0.00857389
0.00886335
0.00915364
0.00944421
0.00973449
0.0100239
0.0103118
0.0105977
0.0108808
0.0111606
0.0114365
0.0117077
0.0119736
0.0122337
0.0124871
0.0127334
0.0129719
0.0132019
0.0134229
0.0136343
0.0138355
0.014026
0.0142052
0.0143726
0.0145278
0.0146704
0.0147999
0.014916
0.0150183
0.0151065
0.0151805
0.0152399
0.0152846
0.0153145
0.0153295
0.0153295
0.0153145
0.0152846
0.0152399
0.0151805
0.0151065
0.0150183
0.014916
0.0147999
0.0146704
0.0145278
0.0143726
0.0142052
0.014026
0.0138355
0.0136343
0.0134229
0.0132019
0.0129719
0.0127334
0.0124871
0.0122337
0.0119736
0.0117077
0.0114365
0.0111606
0.0108808
0.0105977
0.0103118
0.0100239
0.00973449
0.00944421
0.00915364
0.00886335
0.00857389
0.00828579
0.00799956
0.00771567
0.00743459
0.00715676
0.00688259
0.00661246
0.00634674
0.00608574
0.00582978
0.00557914
0.00533406
0.00509477
0.00486146
0.00463431
0.00441346
0.00419904
0.00399113
0.00378981
0.00359513
0.00340713
0.00322581
0.00305115
0.00288314
0.00272171
0.00256682
0.00241838
0.0022763
0.00214047
0.00201079
0.00188712
0.00176932
0.00165726
0.00155078
0.00144973
0.00135394
0.00126324
0.00117747
0.00109645
0.00102001
0.000947976
0.000880166
0.000816409
0.000756531
0.00070036
0.000647727
0.000598465
0.00055241
0.000509401
0.000469282
0.000431901
0.000397109
0.000364764
0.000334726
0.000306862
0.000281043
0.000257145
0.00023505
0.000214643
0.000195817
0.000178468
0.000162497
0.00014781
0.00013432
0.000121942
0.000110597
0.000100209
9.07083e-05
8.20282e-05
7.41063e-05
6.68841e-05
6.03069e-05
5.43233e-05
4.88857e-05
4.39494e-05
3.9473e-05
3.5418e-05
3.17485e-05
2.84314e-05
2.5436e-05
2.2734e-05
2.02991e-05
1.81074e-05
1.61365e-05
1.43662e-05
1.27775e-05
1.13535e-05
1.00783e-05
8.93759e-06
7.91827e-06
7.00835e-06
6.19694e-06
5.47412e-06
4.99887e-06
5.65893e-06
6.3999e-06
7.23082e-06
8.16165e-06
9.20331e-06
1.03678e-05
1.16682e-05
1.31189e-05
1.47356e-05
1.65354e-05
1.85368e-05
2.07602e-05
2.32277e-05
2.5963e-05
2.89921e-05
3.23431e-05
3.60461e-05
4.01338e-05
4.46415e-05
4.96071e-05
5.50711e-05
6.10774e-05
6.76725e-05
7.49067e-05
8.28332e-05
9.15091e-05
0.000100995
0.000111355
0.000122659
0.000134978
0.000148389
0.000162973
0.000178817
0.000196008
0.000214643
0.00023482
0.000256644
0.000280221
0.000305666
0.000333096
0.000362633
0.000394404
0.00042854
0.000465176
0.00050445
0.000546507
0.000591493
0.000639556
0.00069085
0.000745529
0.000803751
0.000865674
0.000931458
0.00100126
0.00107525
0.00115357
0.00123639
0.00132387
0.00141615
0.00151338
0.00161571
0.00172328
0.00183622
0.00195464
0.00207867
0.00220842
0.00234397
0.00248542
0.00263283
0.00278626
0.00294575
0.00311133
0.00328301
0.00346079
0.00364462
0.00383448
0.00403029
0.00423197
0.0044394
0.00465245
0.00487097
0.00509477
0.00532365
0.00555739
0.00579572
0.00603838
0.00628506
0.00653543
0.00678914
0.00704581
0.00730505
0.00756644
0.00782952
0.00809385
0.00835894
0.00862428
0.00888936
0.00915364
0.00941658
0.00967762
0.00993618
0.0101917
0.0104436
0.0106912
0.0109341
0.0111716
0.011403
0.0116279
0.0118457
0.0120558
0.0122576
0.0124506
0.0126343
0.0128082
0.0129719
0.0131248
0.0132665
0.0133967
0.013515
0.013621
0.0137144
0.013795
0.0138625
0.0139168
0.0139576
0.0139849
0.0139986
0.0139986
0.0139849
0.0139576
0.0139168
0.0138625
0.013795
0.0137144
0.013621
0.013515
0.0133967
0.0132665
0.0131248
0.0129719
0.0128082
0.0126343
0.0124506
0.0122576
0.0120558
0.0118457
0.0116279
0.011403
0.0111716
0.0109341
0.0106912
0.0104436
0.0101917
0.00993618
0.00967762
0.00941658
0.00915364
0.00888936
0.00862428
0.00835894
0.00809385
0.00782952
0.00756644
0.00730505
0.00704581
0.00678914
0.00653543
0.00628506
0.00603838
0.00579572
0.00555739
0.00532365
0.00509477
0.00487097
0.00465245
0.0044394
0.00423197
0.00403029
0.00383448
0.00364462
0.00346079
0.00328301
0.00311133
0.00294575
0.00278626
0.00263283
0.00248542
0.00234397
0.00220842
0.00207867
0.00195464
0.00183622
0.00172328
0.00161571
0.00151338
0.00141615
0.00132387
0.00123639
0.00115357
0.00107525
0.00100126
0.000931458
0.000865674
0.000803751
0.000745529
0.00069085
0.000639556
0.000591493
0.000546507
0.00050445
0.000465176
0.00042854
0.000394404
0.000362633
0.000333096
0.000305666
0.000280221
0.000256644
0.00023482
0.000214643
0.000196008
0.000178817
0.000162973
0.000148389
0.000134978
0.000122659
0.000111355
0.000100995
9.15091e-05
8.28332e-05
7.49067e-05
6.76725e-05
6.10774e-05
5.50711e-05
4.96071e-05
4.46415e-05
4.01338e-05
3.60461e-05
3.23431e-05
2.89921e-05
2.5963e-05
2.32277e-05
2.07602e-05
1.85368e-05
1.65354e-05
1.47356e-05
1.31189e-05
1.16682e-05
1.03678e-05
9.20331e-06
8.16165e-06
7.23082e-06
6.3999e-06
5.65893e-06
4.99887e-06
4.56042e-06
5.16259e-06
5.83857e-06
6.59661e-06
7.44579e-06
8.39609e-06
9.45844e-06
1.06448e-05
1.19683e-05
1.34431e-05
1.5085e-05
1.6911e-05
1.89394e-05
2.11904e-05
2.36858e-05
2.64492e-05
2.95063e-05
3.28845e-05
3.66137e-05
4.07261e-05
4.52561e-05
5.02409e-05
5.57203e-05
6.1737e-05
6.83366e-05
7.55679e-05
8.34829e-05
9.21368e-05
0.000101589
0.000111901
0.000123139
0.000135374
0.000148679
0.000163133
0.000178817
0.000195817
0.000214224
0.000234133
0.000255643
0.000278856
0.00030388
0.000330827
0.000359811
0.000390953
0.000424375
0.000460205
0.000498573
0.000539613
0.000583461
0.000630256
0.000680139
0.000733255
0.000789746
0.00084976
0.000913442
0.000980937
0.00105239
0.00112795
0.00120775
0.00129194
0.00138064
0.001474
0.00157213
0.00167516
0.0017832
0.00189635
0.00201472
0.00213838
0.00226742
0.0024019
0.00254187
0.00268738
0.00283844
0.00299506
0.00315724
0.00332496
0.00349816
0.0036768
0.00386078
0.00405002
0.00424439
0.00444374
0.00464791
0.00485672
0.00506995
0.00528738
0.00550876
0.0057338
0.00596221
0.00619366
0.00642782
0.00666433
0.00690279
0.0071428
0.00738394
0.00762578
0.00786785
0.00810968
0.00835078
0.00859066
0.0088288
0.00906469
0.00929779
0.00952758
0.00975352
0.00997507
0.0101917
0.0104029
0.010608
0.0108067
0.0109984
0.0111825
0.0113586
0.0115262
0.0116848
0.0118341
0.0119736
0.0121029
0.0122217
0.0123296
0.0124263
0.0125115
0.0125851
0.0126467
0.0126962
0.0127334
0.0127583
0.0127708
0.0127708
0.0127583
0.0127334
0.0126962
0.0126467
0.0125851
0.0125115
0.0124263
0.0123296
0.0122217
0.0121029
0.0119736
0.0118341
0.0116848
0.0115262
0.0113586
0.0111825
0.0109984
0.0108067
0.010608
0.0104029
0.0101917
0.00997507
0.00975352
0.00952758
0.00929779
0.00906469
0.0088288
0.00859066
0.00835078
0.00810968
0.00786785
0.00762578
0.00738394
0.0071428
0.00690279
0.00666433
0.00642782
0.00619366
0.00596221
0.0057338
0.00550876
0.00528738
0.00506995
0.00485672
0.00464791
0.00444374
0.00424439
0.00405002
0.00386078
0.0036768
0.00349816
0.00332496
0.00315724
0.00299506
0.00283844
0.00268738
0.00254187
0.0024019
0.00226742
0.00213838
0.00201472
0.00189635
0.0017832
0.00167516
0.00157213
0.001474
0.00138064
0.00129194
0.00120775
0.00112795
0.00105239
0.000980937
0.000913442
0.00084976
0.000789746
0.000733255
0.000680139
0.000630256
0.000583461
0.000539613
0.000498573
0.000460205
0.000424375
0.000390953
0.000359811
0.000330827
0.00030388
0.000278856
0.000255643
0.000234133
0.000214224
0.000195817
0.000178817
0.000163133
0.000148679
0.000135374
0.000123139
0.000111901
0.000101589
9.21368e-05
8.34829e-05
7.55679e-05
6.83366e-05
6.1737e-05
5.57203e-05
5.02409e-05
4.52561e-05
4.07261e-05
3.66137e-05
3.28845e-05
2.95063e-05
2.64492e-05
2.36858e-05
2.11904e-05
1.89394e-05
1.6911e-05
1.5085e-05
1.34431e-05
1.19683e-05
1.06448e-05
9.45844e-06
8.39609e-06
7.44579e-06
6.59661e-06
5.83857e-06
5.16259e-06
4.56042e-06
4.15637e-06
4.70518e-06
5.32127e-06
6.01215e-06
6.7861e-06
7.6522e-06
8.62042e-06
9.70167e-06
1.09079e-05
1.22521e-05
1.37485e-05
1.54126e-05
1.72613e-05
1.93129e-05
2.15872e-05
2.41058e-05
2.6892e-05
2.99709e-05
3.33697e-05
3.71177e-05
4.12464e-05
4.57895e-05
5.07835e-05
5.62671e-05
6.2282e-05
6.88726e-05
7.60863e-05
8.39735e-05
9.25878e-05
0.000101986
0.000112229
0.00012338
0.000135506
0.000148679
0.000162973
0.000178468
0.000195244
0.000213389
0.000232993
0.000254149
0.000276956
0.000301515
0.000327932
0.000356314
0.000386776
0.000419431
0.0004544
0.000491803
0.000531766
0.000574415
0.000619879
0.000668288
0.000719775
0.000774471
0.000832511
0.000894026
0.00095915
0.00102801
0.00110075
0.00117747
0.00125832
0.0013434
0.00143284
0.00152674
0.00162521
0.00172834
0.00183622
0.00194892
0.00206653
0.00218909
0.00231666
0.00244928
0.00258695
0.0027297
0.00287751
0.00303036
0.00318822
0.00335103
0.00351872
0.00369119
0.00386833
0.00405002
0.0042361
0.00442641
0.00462075
0.00481892
0.00502068
0.00522578
0.00543396
0.0056449
0.00585832
0.00607387
0.0062912
0.00650995
0.00672973
0.00695014
0.00717076
0.00739116
0.0076109
0.00782952
0.00804657
0.00826155
0.00847401
0.00868344
0.00888936
0.00909128
0.00928871
0.00948117
0.00966817
0.00984924
0.0100239
0.0101917
0.0103522
0.010505
0.0106496
0.0107856
0.0109128
0.0110306
0.0111389
0.0112372
0.0113253
0.011403
0.01147
0.0115262
0.0115713
0.0116052
0.0116279
0.0116393
0.0116393
0.0116279
0.0116052
0.0115713
0.0115262
0.01147
0.011403
0.0113253
0.0112372
0.0111389
0.0110306
0.0109128
0.0107856
0.0106496
0.010505
0.0103522
0.0101917
0.0100239
0.00984924
0.00966817
0.00948117
0.00928871
0.00909128
0.00888936
0.00868344
0.00847401
0.00826155
0.00804657
0.00782952
0.0076109
0.00739116
0.00717076
0.00695014
0.00672973
0.00650995
0.0062912
0.00607387
0.00585832
0.0056449
0.00543396
0.00522578
0.00502068
0.00481892
0.00462075
0.00442641
0.0042361
0.00405002
0.00386833
0.00369119
0.00351872
0.00335103
0.00318822
0.00303036
0.00287751
0.0027297
0.00258695
0.00244928
0.00231666
0.00218909
0.00206653
0.00194892
0.00183622
0.00172834
0.00162521
0.00152674
0.00143284
0.0013434
0.00125832
0.00117747
0.00110075
0.00102801
0.00095915
0.000894026
0.000832511
0.000774471
0.000719775
0.000668288
0.000619879
0.000574415
0.000531766
0.000491803
0.0004544
0.000419431
0.000386776
0.000356314
0.000327932
0.000301515
0.000276956
0.000254149
0.000232993
0.000213389
0.000195244
0.000178468
0.000162973
0.000148679
0.000135506
0.00012338
0.000112229
0.000101986
9.25878e-05
8.39735e-05
7.60863e-05
6.88726e-05
6.2282e-05
5.62671e-05
5.07835e-05
4.57895e-05
4.12464e-05
3.71177e-05
3.33697e-05
2.99709e-05
2.6892e-05
2.41058e-05
2.15872e-05
1.93129e-05
1.72613e-05
1.54126e-05
1.37485e-05
1.22521e-05
1.09079e-05
9.70167e-06
8.62042e-06
7.6522e-06
6.7861e-06
6.01215e-06
5.32127e-06
4.70518e-06
4.15637e-06
3.78442e-06
4.28412e-06
4.84507e-06
5.47412e-06
6.17881e-06
6.96741e-06
7.84898e-06
8.83347e-06
9.93173e-06
1.11557e-05
1.25182e-05
1.40334e-05
1.57166e-05
1.75846e-05
1.96554e-05
2.19486e-05
2.44854e-05
2.72888e-05
3.03835e-05
3.37961e-05
3.75553e-05
4.16918e-05
4.62389e-05
5.12318e-05
5.67084e-05
6.27092e-05
6.92773e-05
7.64587e-05
8.43021e-05
9.28594e-05
0.000102186
0.000112338
0.00012338
0.000135374
0.000148389
0.000162497
0.000177772
0.000194293
0.000212143
0.000231406
0.000252172
0.000274533
0.000298585
0.000324428
0.000352163
0.000381896
0.000413736
0.000447792
0.000484179
0.000523011
0.000564406
0.000608483
0.000655362
0.000705164
0.00075801
0.00081402
0.000873316
0.000936017
0.00100224
0.0010721
0.00114571
0.00122318
0.00130462
0.00139011
0.00147977
0.00157367
0.00167189
0.00177451
0.0018816
0.00199319
0.00210935
0.00223009
0.00235545
0.00248542
0.00262
0.00275918
0.00290291
0.00305115
0.00320383
0.00336087
0.00352216
0.00368759
0.00385702
0.00403029
0.00420724
0.00438768
0.00457138
0.00475813
0.00494767
0.00513974
0.00533406
0.00553032
0.0057282
0.00592738
0.00612749
0.00632817
0.00652905
0.00672973
0.0069298
0.00712886
0.00732648
0.00752223
0.00771567
0.00790636
0.00809385
0.00827771
0.00845747
0.00863271
0.00880297
0.00896783
0.00912686
0.00927965
0.00942578
0.00956487
0.00969654
0.00982042
0.00993618
0.0100435
0.0101421
0.0102316
0.0103118
0.0103826
0.0104436
0.0104947
0.0105358
0.0105667
0.0105873
0.0105977
0.0105977
0.0105873
0.0105667
0.0105358
0.0104947
0.0104436
0.0103826
0.0103118
0.0102316
0.0101421
0.0100435
0.00993618
0.00982042
0.00969654
0.00956487
0.00942578
0.00927965
0.00912686
0.00896783
0.00880297
0.00863271
0.00845747
0.00827771
0.00809385
0.00790636
0.00771567
0.00752223
0.00732648
0.00712886
0.0069298
0.00672973
0.00652905
0.00632817
0.00612749
0.00592738
0.0057282
0.00553032
0.00533406
0.00513974
0.00494767
0.00475813
0.00457138
0.00438768
0.00420724
0.00403029
0.00385702
0.00368759
0.00352216
0.00336087
0.00320383
0.00305115
0.00290291
0.00275918
0.00262
0.00248542
0.00235545
0.00223009
0.00210935
0.00199319
0.0018816
0.00177451
0.00167189
0.00157367
0.00147977
0.00139011
0.00130462
0.00122318
0.00114571
0.0010721
0.00100224
0.000936017
0.000873316
0.00081402
0.00075801
0.000705164
0.000655362
0.000608483
0.000564406
0.000523011
0.000484179
0.000447792
0.000413736
0.000381896
0.000352163
0.000324428
0.000298585
0.000274533
0.000252172
0.000231406
0.000212143
0.000194293
0.000177772
0.000162497
0.000148389
0.000135374
0.00012338
0.000112338
0.000102186
9.28594e-05
8.43021e-05
7.64587e-05
6.92773e-05
6.27092e-05
5.67084e-05
5.12318e-05
4.62389e-05
4.16918e-05
3.75553e-05
3.37961e-05
3.03835e-05
2.72888e-05
2.44854e-05
2.19486e-05
1.96554e-05
1.75846e-05
1.57166e-05
1.40334e-05
1.25182e-05
1.11557e-05
9.93173e-06
8.83347e-06
7.84898e-06
6.96741e-06
6.17881e-06
5.47412e-06
4.84507e-06
4.28412e-06
3.78442e-06
3.44239e-06
3.89693e-06
4.40718e-06
4.97938e-06
5.62038e-06
6.3377e-06
7.1396e-06
8.03511e-06
9.03412e-06
1.01474e-05
1.13868e-05
1.27651e-05
1.42962e-05
1.59953e-05
1.7879e-05
1.99649e-05
2.22725e-05
2.48225e-05
2.76375e-05
3.07416e-05
3.41611e-05
3.79238e-05
4.20599e-05
4.66015e-05
5.15832e-05
5.70417e-05
6.30162e-05
6.95485e-05
7.6683e-05
8.44669e-05
9.29501e-05
0.000102186
0.000112229
0.000123139
0.000134978
0.00014781
0.000161705
0.000176733
0.000192969
0.000210492
0.000229381
0.000249721
0.0002716
0.000295107
0.000320335
0.000347381
0.000376343
0.000407321
0.000440419
0.000475742
0.000513396
0.00055349
0.000596132
0.000641432
0.000689502
0.00074045
0.000794387
0.000851421
0.000911659
0.000975206
0.00104216
0.00111263
0.00118671
0.00126448
0.00134603
0.00143144
0.00152079
0.00161414
0.00171154
0.00181305
0.00191871
0.00202854
0.00214256
0.00226079
0.00238321
0.00250981
0.00264055
0.00277539
0.00291427
0.00305712
0.00320383
0.00335431
0.00350843
0.00366604
0.003827
0.00399113
0.00415823
0.0043281
0.00450051
0.00467522
0.00485198
0.0050305
0.0052105
0.00539167
0.00557369
0.00575624
0.00593896
0.00612151
0.0063035
0.00648457
0.00666433
0.00684238
0.00701834
0.0071918
0.00736234
0.00752958
0.0076931
0.0078525
0.00800737
0.00815733
0.00830199
0.00844097
0.00857389
0.00870041
0.00882018
0.00893287
0.00903817
0.00913578
0.00922543
0.00930687
0.00937987
0.00944421
0.00949971
0.00954621
0.00958357
0.00961169
0.00963048
0.00963989
0.00963989
0.00963048
0.00961169
0.00958357
0.00954621
0.00949971
0.00944421
0.00937987
0.00930687
0.00922543
0.00913578
0.00903817
0.00893287
0.00882018
0.00870041
0.00857389
0.00844097
0.00830199
0.00815733
0.00800737
0.0078525
0.0076931
0.00752958
0.00736234
0.0071918
0.00701834
0.00684238
0.00666433
0.00648457
0.0063035
0.00612151
0.00593896
0.00575624
0.00557369
0.00539167
0.0052105
0.0050305
0.00485198
0.00467522
0.00450051
0.0043281
0.00415823
0.00399113
0.003827
0.00366604
0.00350843
0.00335431
0.00320383
0.00305712
0.00291427
0.00277539
0.00264055
0.00250981
0.00238321
0.00226079
0.00214256
0.00202854
0.00191871
0.00181305
0.00171154
0.00161414
0.00152079
0.00143144
0.00134603
0.00126448
0.00118671
0.00111263
0.00104216
0.000975206
0.000911659
0.000851421
0.000794387
0.00074045
0.000689502
0.000641432
0.000596132
0.00055349
0.000513396
0.000475742
0.000440419
0.000407321
0.000376343
0.000347381
0.000320335
0.000295107
0.0002716
0.000249721
0.000229381
0.000210492
0.000192969
0.000176733
0.000161705
0.00014781
0.000134978
0.000123139
0.000112229
0.000102186
9.29501e-05
8.44669e-05
7.6683e-05
6.95485e-05
6.30162e-05
5.70417e-05
5.15832e-05
4.66015e-05
4.20599e-05
3.79238e-05
3.41611e-05
3.07416e-05
2.76375e-05
2.48225e-05
2.22725e-05
1.99649e-05
1.7879e-05
1.59953e-05
1.42962e-05
1.27651e-05
1.13868e-05
1.01474e-05
9.03412e-06
8.03511e-06
7.1396e-06
6.3377e-06
5.62038e-06
4.97938e-06
4.40718e-06
3.89693e-06
3.44239e-06
3.12821e-06
3.54127e-06
4.00495e-06
4.52493e-06
5.10743e-06
5.75928e-06
6.488e-06
7.30178e-06
8.20961e-06
9.2213e-06
1.03476e-05
1.16e-05
1.29914e-05
1.45355e-05
1.62472e-05
1.81428e-05
2.02398e-05
2.25571e-05
2.51151e-05
2.7936e-05
3.10433e-05
3.44626e-05
3.82212e-05
4.23484e-05
4.68754e-05
5.18357e-05
5.72649e-05
6.32011e-05
6.96845e-05
7.6758e-05
8.44669e-05
9.28594e-05
0.000101986
0.000111901
0.000122659
0.00013432
0.000146947
0.000160603
0.000175358
0.000191281
0.000208446
0.00022693
0.000246812
0.000268173
0.000291099
0.000315677
0.000341996
0.000370147
0.000400224
0.000432323
0.00046654
0.000502975
0.000541725
0.000582891
0.000626574
0.000672872
0.000721887
0.000773715
0.000828456
0.000886203
0.00094705
0.00101109
0.0010784
0.00114907
0.00122318
0.0013008
0.00138199
0.00146682
0.00155533
0.00164758
0.00174359
0.0018434
0.00194702
0.00205446
0.0021657
0.00228075
0.00239956
0.00252209
0.0026483
0.0027781
0.00291143
0.00304817
0.00318822
0.00333146
0.00347772
0.00362687
0.00377872
0.00393309
0.00408977
0.00424853
0.00440915
0.00457138
0.00473495
0.00489959
0.005065
0.00523089
0.00539694
0.00556282
0.0057282
0.00589275
0.0060561
0.0062179
0.0063778
0.00653543
0.00669041
0.00684238
0.00699098
0.00713583
0.00727657
0.00741284
0.0075443
0.00767059
0.00779139
0.00790636
0.0080152
0.0081176
0.00821329
0.00830199
0.00838346
0.00845747
0.0085238
0.00858227
0.00863271
0.00867496
0.00870891
0.00873447
0.00875154
0.00876009
0.00876009
0.00875154
0.00873447
0.00870891
0.00867496
0.00863271
0.00858227
0.0085238
0.00845747
0.00838346
0.00830199
0.00821329
0.0081176
0.0080152
0.00790636
0.00779139
0.00767059
0.0075443
0.00741284
0.00727657
0.00713583
0.00699098
0.00684238
0.00669041
0.00653543
0.0063778
0.0062179
0.0060561
0.00589275
0.0057282
0.00556282
0.00539694
0.00523089
0.005065
0.00489959
0.00473495
0.00457138
0.00440915
0.00424853
0.00408977
0.00393309
0.00377872
0.00362687
0.00347772
0.00333146
0.00318822
0.00304817
0.00291143
0.0027781
0.0026483
0.00252209
0.00239956
0.00228075
0.0021657
0.00205446
0.00194702
0.0018434
0.00174359
0.00164758
0.00155533
0.00146682
0.00138199
0.0013008
0.00122318
0.00114907
0.0010784
0.00101109
0.00094705
0.000886203
0.000828456
0.000773715
0.000721887
0.000672872
0.000626574
0.000582891
0.000541725
0.000502975
0.00046654
0.000432323
0.000400224
0.000370147
0.000341996
0.000315677
0.000291099
0.000268173
0.000246812
0.00022693
0.000208446
0.000191281
0.000175358
0.000160603
0.000146947
0.00013432
0.000122659
0.000111901
0.000101986
9.28594e-05
8.44669e-05
7.6758e-05
6.96845e-05
6.32011e-05
5.72649e-05
5.18357e-05
4.68754e-05
4.23484e-05
3.82212e-05
3.44626e-05
3.10433e-05
2.7936e-05
2.51151e-05
2.25571e-05
2.02398e-05
1.81428e-05
1.62472e-05
1.45355e-05
1.29914e-05
1.16e-05
1.03476e-05
9.2213e-06
8.20961e-06
7.30178e-06
6.488e-06
5.75928e-06
5.10743e-06
4.52493e-06
4.00495e-06
3.54127e-06
3.12821e-06
2.83994e-06
3.21493e-06
3.63588e-06
4.10794e-06
4.63676e-06
5.22855e-06
5.89011e-06
6.6289e-06
7.45307e-06
8.37153e-06
9.394e-06
1.05311e-05
1.17942e-05
1.3196e-05
1.475e-05
1.64709e-05
1.83746e-05
2.04783e-05
2.28007e-05
2.53616e-05
2.81826e-05
3.12868e-05
3.4699e-05
3.84459e-05
4.25557e-05
4.70589e-05
5.19878e-05
5.73769e-05
6.32628e-05
6.96845e-05
7.6683e-05
8.43021e-05
9.25878e-05
0.000101589
0.000111355
0.000121942
0.000133405
0.000145803
0.000159198
0.000173654
0.000189237
0.000206018
0.000224067
0.00024346
0.000264274
0.000286586
0.00031048
0.000336036
0.000363342
0.000392483
0.000423547
0.000456624
0.000491803
0.000529176
0.000568833
0.000610865
0.000655362
0.000702415
0.000752111
0.000804537
0.000859777
0.000917913
0.000979023
0.00104318
0.00111046
0.00118093
0.00125464
0.00133165
0.00141201
0.00149575
0.00158292
0.00167353
0.0017676
0.00186513
0.00196613
0.00207057
0.00217843
0.00228967
0.00240425
0.00252209
0.00264313
0.00276727
0.00289442
0.00302445
0.00315724
0.00329264
0.0034305
0.00357064
0.00371288
0.00385702
0.00400284
0.00415012
0.00429861
0.00444808
0.00459825
0.00474885
0.00489959
0.00505019
0.00520033
0.00534971
0.00549801
0.0056449
0.00579007
0.00593317
0.00607387
0.00621184
0.00634674
0.00647824
0.00660601
0.00672973
0.00684907
0.00696372
0.00707339
0.00717776
0.00727657
0.00736954
0.00745641
0.00753694
0.0076109
0.00767809
0.00773831
0.00779139
0.00783717
0.00787554
0.00790636
0.00792956
0.00794506
0.00795282
0.00795282
0.00794506
0.00792956
0.00790636
0.00787554
0.00783717
0.00779139
0.00773831
0.00767809
0.0076109
0.00753694
0.00745641
0.00736954
0.00727657
0.00717776
0.00707339
0.00696372
0.00684907
0.00672973
0.00660601
0.00647824
0.00634674
0.00621184
0.00607387
0.00593317
0.00579007
0.0056449
0.00549801
0.00534971
0.00520033
0.00505019
0.00489959
0.00474885
0.00459825
0.00444808
0.00429861
0.00415012
0.00400284
0.00385702
0.00371288
0.00357064
0.0034305
0.00329264
0.00315724
0.00302445
0.00289442
0.00276727
0.00264313
0.00252209
0.00240425
0.00228967
0.00217843
0.00207057
0.00196613
0.00186513
0.0017676
0.00167353
0.00158292
0.00149575
0.00141201
0.00133165
0.00125464
0.00118093
0.00111046
0.00104318
0.000979023
0.000917913
0.000859777
0.000804537
0.000752111
0.000702415
0.000655362
0.000610865
0.000568833
0.000529176
0.000491803
0.000456624
0.000423547
0.000392483
0.000363342
0.000336036
0.00031048
0.000286586
0.000264274
0.00024346
0.000224067
0.000206018
0.000189237
0.000173654
0.000159198
0.000145803
0.000133405
0.000121942
0.000111355
0.000101589
9.25878e-05
8.43021e-05
7.6683e-05
6.96845e-05
6.32628e-05
5.73769e-05
5.19878e-05
4.70589e-05
4.25557e-05
3.84459e-05
3.4699e-05
3.12868e-05
2.81826e-05
2.53616e-05
2.28007e-05
2.04783e-05
1.83746e-05
1.64709e-05
1.475e-05
1.3196e-05
1.17942e-05
1.05311e-05
9.394e-06
8.37153e-06
7.45307e-06
6.6289e-06
5.89011e-06
5.22855e-06
4.63676e-06
4.10794e-06
3.63588e-06
3.21493e-06
2.83994e-06
2.57571e-06
2.91581e-06
3.2976e-06
3.72574e-06
4.20536e-06
4.74209e-06
5.3421e-06
6.01215e-06
6.75964e-06
7.59265e-06
8.51999e-06
9.55126e-06
1.06969e-05
1.19683e-05
1.33777e-05
1.49384e-05
1.6665e-05
1.85731e-05
2.06793e-05
2.30019e-05
2.55605e-05
2.83759e-05
3.14707e-05
3.48689e-05
3.85963e-05
4.26805e-05
4.71509e-05
5.20386e-05
5.73769e-05
6.32011e-05
6.95485e-05
7.64587e-05
8.39735e-05
9.21368e-05
0.000100995
0.000110597
0.000120993
0.000132238
0.000144386
0.000157497
0.000171631
0.00018685
0.00020322
0.000220809
0.000239686
0.000259923
0.000281593
0.000304772
0.000329537
0.000355967
0.000384141
0.00041414
0.000446046
0.000479942
0.000515909
0.00055403
0.000594388
0.000637063
0.000682135
0.000729683
0.000779784
0.000832511
0.000887936
0.000946126
0.00100715
0.00107105
0.00113791
0.00120775
0.00128063
0.00135659
0.00143564
0.00151782
0.00160314
0.0016916
0.0017832
0.00187792
0.00197575
0.00207664
0.00218056
0.00228744
0.00239722
0.00250981
0.00262512
0.00274306
0.00286349
0.0029863
0.00311133
0.00323843
0.00336744
0.00349816
0.00363042
0.00376399
0.00389867
0.00403423
0.00417043
0.00430702
0.00444374
0.00458032
0.00471649
0.00485198
0.00498648
0.00511971
0.00525136
0.00538115
0.00550876
0.00563389
0.00575624
0.00587551
0.00599139
0.0061036
0.00621184
0.00631582
0.00641528
0.00650995
0.00659956
0.00668388
0.00676267
0.0068357
0.00690279
0.00696372
0.00701834
0.00706648
0.00710801
0.0071428
0.00717076
0.0071918
0.00720586
0.0072129
0.0072129
0.00720586
0.0071918
0.00717076
0.0071428
0.00710801
0.00706648
0.00701834
0.00696372
0.00690279
0.0068357
0.00676267
0.00668388
0.00659956
0.00650995
0.00641528
0.00631582
0.00621184
0.0061036
0.00599139
0.00587551
0.00575624
0.00563389
0.00550876
0.00538115
0.00525136
0.00511971
0.00498648
0.00485198
0.00471649
0.00458032
0.00444374
0.00430702
0.00417043
0.00403423
0.00389867
0.00376399
0.00363042
0.00349816
0.00336744
0.00323843
0.00311133
0.0029863
0.00286349
0.00274306
0.00262512
0.00250981
0.00239722
0.00228744
0.00218056
0.00207664
0.00197575
0.00187792
0.0017832
0.0016916
0.00160314
0.00151782
0.00143564
0.00135659
0.00128063
0.00120775
0.00113791
0.00107105
0.00100715
0.000946126
0.000887936
0.000832511
0.000779784
0.000729683
0.000682135
0.000637063
0.000594388
0.00055403
0.000515909
0.000479942
0.000446046
0.00041414
0.000384141
0.000355967
0.000329537
0.000304772
0.000281593
0.000259923
0.000239686
0.000220809
0.00020322
0.00018685
0.000171631
0.000157497
0.000144386
0.000132238
0.000120993
0.000110597
0.000100995
9.21368e-05
8.39735e-05
7.64587e-05
6.95485e-05
6.32011e-05
5.73769e-05
5.20386e-05
4.71509e-05
4.26805e-05
3.85963e-05
3.48689e-05
3.14707e-05
2.83759e-05
2.55605e-05
2.30019e-05
2.06793e-05
1.85731e-05
1.6665e-05
1.49384e-05
1.33777e-05
1.19683e-05
1.06969e-05
9.55126e-06
8.51999e-06
7.59265e-06
6.75964e-06
6.01215e-06
5.3421e-06
4.74209e-06
4.20536e-06
3.72574e-06
3.2976e-06
2.91581e-06
2.57571e-06
2.33379e-06
2.64195e-06
2.98788e-06
3.3758e-06
3.81037e-06
4.29669e-06
4.84034e-06
5.44746e-06
6.12474e-06
6.87951e-06
7.71975e-06
8.65416e-06
9.6922e-06
1.08442e-05
1.21212e-05
1.35354e-05
1.50998e-05
1.68286e-05
1.8737e-05
2.08415e-05
2.31597e-05
2.57107e-05
2.85148e-05
3.15938e-05
3.49712e-05
3.86718e-05
4.27222e-05
4.71509e-05
5.19878e-05
5.72649e-05
6.30162e-05
6.92773e-05
7.60863e-05
8.34829e-05
9.15091e-05
0.000100209
0.000109629
0.000119817
0.000130825
0.000142704
0.00015551
0.0001693
0.000184133
0.00020007
0.000217173
0.000235509
0.000255144
0.000276146
0.000298585
0.000322533
0.00034806
0.000375242
0.000404152
0.000434863
0.000467452
0.000501993
0.00053856
0.000577227
0.000618066
0.000661148
0.000706543
0.000754317
0.000804537
0.000857261
0.00091255
0.000970456
0.00103103
0.00109431
0.00116035
0.00122917
0.0013008
0.00137526
0.00145257
0.00153272
0.00161571
0.00170154
0.00179018
0.0018816
0.00197575
0.00207259
0.00217206
0.00227408
0.00237856
0.00248542
0.00259454
0.00270581
0.0028191
0.00293426
0.00305115
0.0031696
0.00328943
0.00341046
0.00353249
0.00365532
0.00377872
0.00390248
0.00402636
0.00415012
0.0042735
0.00439626
0.00451812
0.00463884
0.00475813
0.00487573
0.00499135
0.00510473
0.00521559
0.00532365
0.00542865
0.00553032
0.00562839
0.00572261
0.00581273
0.0058985
0.0059797
0.0060561
0.00612749
0.00619366
0.00625444
0.00630966
0.00635915
0.00640276
0.00644039
0.00647192
0.00649725
0.00651631
0.00652905
0.00653543
0.00653543
0.00652905
0.00651631
0.00649725
0.00647192
0.00644039
0.00640276
0.00635915
0.00630966
0.00625444
0.00619366
0.00612749
0.0060561
0.0059797
0.0058985
0.00581273
0.00572261
0.00562839
0.00553032
0.00542865
0.00532365
0.00521559
0.00510473
0.00499135
0.00487573
0.00475813
0.00463884
0.00451812
0.00439626
0.0042735
0.00415012
0.00402636
0.00390248
0.00377872
0.00365532
0.00353249
0.00341046
0.00328943
0.0031696
0.00305115
0.00293426
0.0028191
0.00270581
0.00259454
0.00248542
0.00237856
0.00227408
0.00217206
0.00207259
0.00197575
0.0018816
0.00179018
0.00170154
0.00161571
0.00153272
0.00145257
0.00137526
0.0013008
0.00122917
0.00116035
0.00109431
0.00103103
0.000970456
0.00091255
0.000857261
0.000804537
0.000754317
0.000706543
0.000661148
0.000618066
0.000577227
0.00053856
0.000501993
0.000467452
0.000434863
0.000404152
0.000375242
0.00034806
0.000322533
0.000298585
0.000276146
0.000255144
0.000235509
0.000217173
0.00020007
0.000184133
0.0001693
0.00015551
0.000142704
0.000130825
0.000119817
0.000109629
0.000100209
9.15091e-05
8.34829e-05
7.60863e-05
6.92773e-05
6.30162e-05
5.72649e-05
5.19878e-05
4.71509e-05
4.27222e-05
3.86718e-05
3.49712e-05
3.15938e-05
2.85148e-05
2.57107e-05
2.31597e-05
2.08415e-05
1.8737e-05
1.68286e-05
1.50998e-05
1.35354e-05
1.21212e-05
1.08442e-05
9.6922e-06
8.65416e-06
7.71975e-06
6.87951e-06
6.12474e-06
5.44746e-06
4.84034e-06
4.29669e-06
3.81037e-06
3.3758e-06
2.98788e-06
2.64195e-06
2.33379e-06
2.11252e-06
2.39147e-06
2.7046e-06
3.05575e-06
3.44912e-06
3.88932e-06
4.38143e-06
4.93099e-06
5.54406e-06
6.22727e-06
6.98785e-06
7.83367e-06
8.77329e-06
9.81603e-06
1.0972e-05
1.22521e-05
1.36682e-05
1.52331e-05
1.69606e-05
1.88655e-05
2.0964e-05
2.32731e-05
2.58113e-05
2.85984e-05
3.16556e-05
3.50053e-05
3.86718e-05
4.26805e-05
4.70589e-05
5.18357e-05
5.70417e-05
6.27092e-05
6.88726e-05
7.55679e-05
8.28332e-05
9.07083e-05
9.92352e-05
0.000108458
0.000118422
0.000129175
0.000140766
0.000153249
0.000166675
0.000181101
0.000196583
0.000213181
0.000230954
0.000249965
0.000270277
0.000291953
0.000315061
0.000339666
0.000365834
0.000393634
0.000423134
0.0004544
0.0004875
0.0005225
0.000559467
0.000598465
0.000639556
0.000682801
0.000728259
0.000775985
0.000826032
0.000878448
0.000933279
0.000990564
0.00105034
0.00111263
0.00117747
0.00124487
0.00131485
0.0013874
0.00146253
0.00154022
0.00162045
0.0017032
0.00178843
0.00187609
0.00196613
0.00205847
0.00215305
0.00224978
0.00234855
0.00244928
0.00255182
0.00265607
0.00276187
0.00286909
0.00297756
0.00308712
0.00319758
0.00330876
0.00342047
0.00353249
0.00364462
0.00375665
0.00386833
0.00397945
0.00408977
0.00419904
0.00430702
0.00441346
0.00451812
0.00462075
0.0047211
0.00481892
0.00491397
0.00500599
0.00509477
0.00518006
0.00526163
0.00533927
0.00541277
0.00548193
0.00554654
0.00560645
0.00566147
0.00571145
0.00575624
0.00579572
0.00582978
0.00585832
0.00588125
0.0058985
0.00591004
0.00591581
0.00591581
0.00591004
0.0058985
0.00588125
0.00585832
0.00582978
0.00579572
0.00575624
0.00571145
0.00566147
0.00560645
0.00554654
0.00548193
0.00541277
0.00533927
0.00526163
0.00518006
0.00509477
0.00500599
0.00491397
0.00481892
0.0047211
0.00462075
0.00451812
0.00441346
0.00430702
0.00419904
0.00408977
0.00397945
0.00386833
0.00375665
0.00364462
0.00353249
0.00342047
0.00330876
0.00319758
0.00308712
0.00297756
0.00286909
0.00276187
0.00265607
0.00255182
0.00244928
0.00234855
0.00224978
0.00215305
0.00205847
0.00196613
0.00187609
0.00178843
0.0017032
0.00162045
0.00154022
0.00146253
0.0013874
0.00131485
0.00124487
0.00117747
0.00111263
0.00105034
0.000990564
0.000933279
0.000878448
0.000826032
0.000775985
0.000728259
0.000682801
0.000639556
0.000598465
0.000559467
0.0005225
0.0004875
0.0004544
0.000423134
0.000393634
0.000365834
0.000339666
0.000315061
0.000291953
0.000270277
0.000249965
0.000230954
0.000213181
0.000196583
0.000181101
0.000166675
0.000153249
0.000140766
0.000129175
0.000118422
0.000108458
9.92352e-05
9.07083e-05
8.28332e-05
7.55679e-05
6.88726e-05
6.27092e-05
5.70417e-05
5.18357e-05
4.70589e-05
4.26805e-05
3.86718e-05
3.50053e-05
3.16556e-05
2.85984e-05
2.58113e-05
2.32731e-05
2.0964e-05
1.88655e-05
1.69606e-05
1.52331e-05
1.36682e-05
1.22521e-05
1.0972e-05
9.81603e-06
8.77329e-06
7.83367e-06
6.98785e-06
6.22727e-06
5.54406e-06
4.93099e-06
4.38143e-06
3.88932e-06
3.44912e-06
3.05575e-06
2.7046e-06
2.39147e-06
2.11252e-06
1.91037e-06
2.16262e-06
2.44579e-06
2.76334e-06
3.11906e-06
3.51714e-06
3.96216e-06
4.45913e-06
5.01354e-06
5.63137e-06
6.31916e-06
7.08404e-06
7.93375e-06
8.87671e-06
9.92204e-06
1.10797e-05
1.23602e-05
1.37754e-05
1.53376e-05
1.70602e-05
1.89579e-05
2.1046e-05
2.33414e-05
2.58618e-05
2.86264e-05
3.16556e-05
3.49712e-05
3.85963e-05
4.25557e-05
4.68754e-05
5.15832e-05
5.67084e-05
6.2282e-05
6.83366e-05
7.49067e-05
8.20282e-05
8.97391e-05
9.80791e-05
0.000107089
0.000116814
0.000127296
0.000138584
0.000150726
0.000163771
0.000177772
0.000192781
0.000208854
0.000226045
0.000244413
0.000264016
0.000284912
0.000307162
0.000330827
0.000355967
0.000382643
0.000410917
0.00044085
0.000472501
0.00050593
0.000541196
0.000578355
0.000617462
0.00065857
0.000701729
0.000746987
0.000794387
0.000843971
0.000895774
0.000949829
0.00100616
0.0010648
0.00112575
0.00118903
0.00125464
0.00132258
0.00139283
0.00146539
0.00154022
0.00161729
0.00169656
0.00177798
0.00186149
0.00194702
0.00203449
0.00212382
0.0022149
0.00230763
0.0024019
0.00249758
0.00259454
0.00269263
0.0027917
0.00289159
0.00299214
0.00309315
0.00319446
0.00329586
0.00339716
0.00349816
0.00359865
0.00369841
0.00379722
0.00389487
0.00399113
0.00408577
0.00417858
0.00426933
0.00435779
0.00444374
0.00452696
0.00460724
0.00468436
0.00475813
0.00482834
0.00489481
0.00495735
0.00501578
0.00506995
0.00511971
0.0051649
0.00520541
0.00524112
0.00527192
0.00529772
0.00531846
0.00533406
0.00534449
0.00534971
0.00534971
0.00534449
0.00533406
0.00531846
0.00529772
0.00527192
0.00524112
0.00520541
0.0051649
0.00511971
0.00506995
0.00501578
0.00495735
0.00489481
0.00482834
0.00475813
0.00468436
0.00460724
0.00452696
0.00444374
0.00435779
0.00426933
0.00417858
0.00408577
0.00399113
0.00389487
0.00379722
0.00369841
0.00359865
0.00349816
0.00339716
0.00329586
0.00319446
0.00309315
0.00299214
0.00289159
0.0027917
0.00269263
0.00259454
0.00249758
0.0024019
0.00230763
0.0022149
0.00212382
0.00203449
0.00194702
0.00186149
0.00177798
0.00169656
0.00161729
0.00154022
0.00146539
0.00139283
0.00132258
0.00125464
0.00118903
0.00112575
0.0010648
0.00100616
0.000949829
0.000895774
0.000843971
0.000794387
0.000746987
0.000701729
0.00065857
0.000617462
0.000578355
0.000541196
0.00050593
0.000472501
0.00044085
0.000410917
0.000382643
0.000355967
0.000330827
0.000307162
0.000284912
0.000264016
0.000244413
0.000226045
0.000208854
0.000192781
0.000177772
0.000163771
0.000150726
0.000138584
0.000127296
0.000116814
0.000107089
9.80791e-05
8.97391e-05
8.20282e-05
7.49067e-05
6.83366e-05
6.2282e-05
5.67084e-05
5.15832e-05
4.68754e-05
4.25557e-05
3.85963e-05
3.49712e-05
3.16556e-05
2.86264e-05
2.58618e-05
2.33414e-05
2.1046e-05
1.89579e-05
1.70602e-05
1.53376e-05
1.37754e-05
1.23602e-05
1.10797e-05
9.92204e-06
8.87671e-06
7.93375e-06
7.08404e-06
6.31916e-06
5.63137e-06
5.01354e-06
4.45913e-06
3.96216e-06
3.51714e-06
3.11906e-06
2.76334e-06
2.44579e-06
2.16262e-06
1.91037e-06
1.72588e-06
1.95377e-06
2.20959e-06
2.49647e-06
2.81784e-06
3.17747e-06
3.57952e-06
4.02849e-06
4.52935e-06
5.08752e-06
5.70889e-06
6.3999e-06
7.16755e-06
8.01944e-06
8.96382e-06
1.00096e-05
1.11665e-05
1.2445e-05
1.38563e-05
1.54126e-05
1.7127e-05
1.90135e-05
2.10872e-05
2.33642e-05
2.58618e-05
2.85984e-05
3.15938e-05
3.48689e-05
3.84459e-05
4.23484e-05
4.66015e-05
5.12318e-05
5.62671e-05
6.1737e-05
6.76725e-05
7.41063e-05
8.10726e-05
8.86071e-05
9.67473e-05
0.000105532
0.000115003
0.0001252
0.000136169
0.000147955
0.000160603
0.000174163
0.000188684
0.000204215
0.000220809
0.000238518
0.000257397
0.000277498
0.000298877
0.000321589
0.000345689
0.000371233
0.000398274
0.000426869
0.00045707
0.00048893
0.0005225
0.000557831
0.000594969
0.00063396
0.000674846
0.000717669
0.000762464
0.000809264
0.000858099
0.000908992
0.000961964
0.00101703
0.0010742
0.00113347
0.00119485
0.00125832
0.00132387
0.00139147
0.0014611
0.00153272
0.00160627
0.00168172
0.00175899
0.00183801
0.00191871
0.00200099
0.00208477
0.00216994
0.00225638
0.00234397
0.00243259
0.00252209
0.00261234
0.00270317
0.00279443
0.00288595
0.00297756
0.00306908
0.00316033
0.00325111
0.00334123
0.0034305
0.00351872
0.00360568
0.00369119
0.00377503
0.00385702
0.00393693
0.00401458
0.00408977
0.00416229
0.00423197
0.00429861
0.00436204
0.00442209
0.00447859
0.00453138
0.00458032
0.00462527
0.0046661
0.0047027
0.00473495
0.00476278
0.00478609
0.00480482
0.00481892
0.00482834
0.00483306
0.00483306
0.00482834
0.00481892
0.00480482
0.00478609
0.00476278
0.00473495
0.0047027
0.0046661
0.00462527
0.00458032
0.00453138
0.00447859
0.00442209
0.00436204
0.00429861
0.00423197
0.00416229
0.00408977
0.00401458
0.00393693
0.00385702
0.00377503
0.00369119
0.00360568
0.00351872
0.0034305
0.00334123
0.00325111
0.00316033
0.00306908
0.00297756
0.00288595
0.00279443
0.00270317
0.00261234
0.00252209
0.00243259
0.00234397
0.00225638
0.00216994
0.00208477
0.00200099
0.00191871
0.00183801
0.00175899
0.00168172
0.00160627
0.00153272
0.0014611
0.00139147
0.00132387
0.00125832
0.00119485
0.00113347
0.0010742
0.00101703
0.000961964
0.000908992
0.000858099
0.000809264
0.000762464
0.000717669
0.000674846
0.00063396
0.000594969
0.000557831
0.0005225
0.00048893
0.00045707
0.000426869
0.000398274
0.000371233
0.000345689
0.000321589
0.000298877
0.000277498
0.000257397
0.000238518
0.000220809
0.000204215
0.000188684
0.000174163
0.000160603
0.000147955
0.000136169
0.0001252
0.000115003
0.000105532
9.67473e-05
8.86071e-05
8.10726e-05
7.41063e-05
6.76725e-05
6.1737e-05
5.62671e-05
5.12318e-05
4.66015e-05
4.23484e-05
3.84459e-05
3.48689e-05
3.15938e-05
2.85984e-05
2.58618e-05
2.33642e-05
2.10872e-05
1.90135e-05
1.7127e-05
1.54126e-05
1.38563e-05
1.2445e-05
1.11665e-05
1.00096e-05
8.96382e-06
8.01944e-06
7.16755e-06
6.3999e-06
5.70889e-06
5.08752e-06
4.52935e-06
4.02849e-06
3.57952e-06
3.17747e-06
2.81784e-06
2.49647e-06
2.20959e-06
1.95377e-06
1.72588e-06
1.55768e-06
1.76336e-06
1.99425e-06
2.25317e-06
2.54322e-06
2.86781e-06
3.23067e-06
3.63588e-06
4.08793e-06
4.5917e-06
5.15252e-06
5.77618e-06
6.46902e-06
7.23788e-06
8.09023e-06
9.03412e-06
1.00783e-05
1.12322e-05
1.25059e-05
1.39106e-05
1.54579e-05
1.71605e-05
1.90321e-05
2.10872e-05
2.33414e-05
2.58113e-05
2.85148e-05
3.14707e-05
3.4699e-05
3.82212e-05
4.20599e-05
4.62389e-05
5.07835e-05
5.57203e-05
6.10774e-05
6.68841e-05
7.31715e-05
7.99717e-05
8.73186e-05
9.52474e-05
0.000103795
0.000112999
0.000122899
0.000133536
0.000144952
0.00015719
0.000170295
0.000184313
0.00019929
0.000215273
0.000232311
0.000250454
0.000269749
0.000290248
0.000311999
0.000335053
0.00035946
0.000385268
0.000412525
0.00044128
0.000471579
0.000503466
0.000536985
0.000572176
0.000609078
0.000647727
0.000688157
0.000730396
0.000774471
0.000820405
0.000868214
0.000917913
0.000969509
0.00102301
0.0010784
0.00113569
0.00119485
0.00125586
0.00131871
0.00138334
0.00144973
0.00151782
0.00158756
0.00165888
0.00173172
0.00180598
0.0018816
0.00195846
0.00203648
0.00211554
0.00219552
0.0022763
0.00235775
0.00243973
0.00252209
0.0026047
0.00268738
0.00276998
0.00285233
0.00293426
0.0030156
0.00309617
0.0031758
0.00325428
0.00333146
0.00340713
0.00348112
0.00355325
0.00362333
0.00369119
0.00375665
0.00381953
0.00387968
0.00393693
0.00399113
0.00404212
0.00408977
0.00413394
0.0041745
0.00421136
0.00424439
0.0042735
0.00429861
0.00431965
0.00433656
0.00434928
0.00435779
0.00436204
0.00436204
0.00435779
0.00434928
0.00433656
0.00431965
0.00429861
0.0042735
0.00424439
0.00421136
0.0041745
0.00413394
0.00408977
0.00404212
0.00399113
0.00393693
0.00387968
0.00381953
0.00375665
0.00369119
0.00362333
0.00355325
0.00348112
0.00340713
0.00333146
0.00325428
0.0031758
0.00309617
0.0030156
0.00293426
0.00285233
0.00276998
0.00268738
0.0026047
0.00252209
0.00243973
0.00235775
0.0022763
0.00219552
0.00211554
0.00203648
0.00195846
0.0018816
0.00180598
0.00173172
0.00165888
0.00158756
0.00151782
0.00144973
0.00138334
0.00131871
0.00125586
0.00119485
0.00113569
0.0010784
0.00102301
0.000969509
0.000917913
0.000868214
0.000820405
0.000774471
0.000730396
0.000688157
0.000647727
0.000609078
0.000572176
0.000536985
0.000503466
0.000471579
0.00044128
0.000412525
0.000385268
0.00035946
0.000335053
0.000311999
0.000290248
0.000269749
0.000250454
0.000232311
0.000215273
0.00019929
0.000184313
0.000170295
0.00015719
0.000144952
0.000133536
0.000122899
0.000112999
0.000103795
9.52474e-05
8.73186e-05
7.99717e-05
7.31715e-05
6.68841e-05
6.10774e-05
5.57203e-05
5.07835e-05
4.62389e-05
4.20599e-05
3.82212e-05
3.4699e-05
3.14707e-05
2.85148e-05
2.58113e-05
2.33414e-05
2.10872e-05
1.90321e-05
1.71605e-05
1.54579e-05
1.39106e-05
1.25059e-05
1.12322e-05
1.00783e-05
9.03412e-06
8.09023e-06
7.23788e-06
6.46902e-06
5.77618e-06
5.15252e-06
4.5917e-06
4.08793e-06
3.63588e-06
3.23067e-06
2.86781e-06
2.54322e-06
2.25317e-06
1.99425e-06
1.76336e-06
1.55768e-06
1.4045e-06
1.58995e-06
1.79814e-06
2.03159e-06
2.29312e-06
2.58579e-06
2.91297e-06
3.27834e-06
3.68594e-06
4.14016e-06
4.64583e-06
5.20816e-06
5.83287e-06
6.52612e-06
7.29465e-06
8.14572e-06
9.08721e-06
1.01276e-05
1.12761e-05
1.25426e-05
1.39378e-05
1.5473e-05
1.71605e-05
1.90135e-05
2.1046e-05
2.32731e-05
2.57107e-05
2.83759e-05
3.12868e-05
3.44626e-05
3.79238e-05
4.16918e-05
4.57895e-05
5.02409e-05
5.50711e-05
6.03069e-05
6.59759e-05
7.21074e-05
7.87318e-05
8.58809e-05
9.35877e-05
0.000101887
0.000110813
0.000120404
0.000130697
0.000141732
0.000153548
0.000166188
0.000179692
0.000194103
0.000209466
0.000225825
0.000243223
0.000261705
0.000281318
0.000302105
0.000324111
0.000347381
0.000371958
0.000397886
0.000425205
0.000453956
0.000484179
0.000515909
0.000549182
0.000584031
0.000620485
0.00065857
0.000698311
0.000739728
0.000782836
0.000827647
0.000874169
0.000922406
0.000972354
0.00102401
0.00107735
0.00113236
0.00118903
0.00124731
0.00130717
0.00136856
0.00143144
0.00149575
0.00156142
0.00162839
0.00169656
0.00176587
0.00183622
0.0019075
0.00197961
0.00205245
0.00212589
0.00219981
0.00227408
0.00234855
0.00242311
0.00249758
0.00257184
0.00264571
0.00271906
0.0027917
0.00286349
0.00293426
0.00300385
0.00307208
0.0031388
0.00320383
0.00326702
0.0033282
0.00338723
0.00344393
0.00349816
0.00354978
0.00359865
0.00364462
0.00368759
0.00372741
0.00376399
0.00379722
0.003827
0.00385325
0.0038759
0.00389487
0.00391011
0.00392158
0.00392925
0.00393309
0.00393309
0.00392925
0.00392158
0.00391011
0.00389487
0.0038759
0.00385325
0.003827
0.00379722
0.00376399
0.00372741
0.00368759
0.00364462
0.00359865
0.00354978
0.00349816
0.00344393
0.00338723
0.0033282
0.00326702
0.00320383
0.0031388
0.00307208
0.00300385
0.00293426
0.00286349
0.0027917
0.00271906
0.00264571
0.00257184
0.00249758
0.00242311
0.00234855
0.00227408
0.00219981
0.00212589
0.00205245
0.00197961
0.0019075
0.00183622
0.00176587
0.00169656
0.00162839
0.00156142
0.00149575
0.00143144
0.00136856
0.00130717
0.00124731
0.00118903
0.00113236
0.00107735
0.00102401
0.000972354
0.000922406
0.000874169
0.000827647
0.000782836
0.000739728
0.000698311
0.00065857
0.000620485
0.000584031
0.000549182
0.000515909
0.000484179
0.000453956
0.000425205
0.000397886
0.000371958
0.000347381
0.000324111
0.000302105
0.000281318
0.000261705
0.000243223
0.000225825
0.000209466
0.000194103
0.000179692
0.000166188
0.000153548
0.000141732
0.000130697
0.000120404
0.000110813
0.000101887
9.35877e-05
8.58809e-05
7.87318e-05
7.21074e-05
6.59759e-05
6.03069e-05
5.50711e-05
5.02409e-05
4.57895e-05
4.16918e-05
3.79238e-05
3.44626e-05
3.12868e-05
2.83759e-05
2.57107e-05
2.32731e-05
2.1046e-05
1.90135e-05
1.71605e-05
1.5473e-05
1.39378e-05
1.25426e-05
1.12761e-05
1.01276e-05
9.08721e-06
8.14572e-06
7.29465e-06
6.52612e-06
5.83287e-06
5.20816e-06
4.64583e-06
4.14016e-06
3.68594e-06
3.27834e-06
2.91297e-06
2.58579e-06
2.29312e-06
2.03159e-06
1.79814e-06
1.58995e-06
1.4045e-06
1.26515e-06
1.4322e-06
1.61973e-06
1.83002e-06
2.0656e-06
2.32923e-06
2.62395e-06
2.95307e-06
3.32022e-06
3.72938e-06
4.18488e-06
4.69142e-06
5.25414e-06
5.87861e-06
6.57089e-06
7.33752e-06
8.18559e-06
9.12278e-06
1.01573e-05
1.12982e-05
1.25549e-05
1.39378e-05
1.54579e-05
1.7127e-05
1.89579e-05
2.0964e-05
2.31597e-05
2.55605e-05
2.81826e-05
3.10433e-05
3.41611e-05
3.75553e-05
4.12464e-05
4.52561e-05
4.96071e-05
5.43233e-05
5.94299e-05
6.49531e-05
7.09202e-05
7.736e-05
8.43021e-05
9.17776e-05
9.98184e-05
0.000108458
0.00011773
0.00012767
0.000138314
0.000149699
0.000161863
0.000174845
0.000188684
0.000203419
0.000219091
0.000235739
0.000253406
0.000272131
0.000291953
0.000312915
0.000335053
0.000358408
0.000383017
0.000408916
0.000436139
0.000464721
0.000494693
0.000526084
0.000558921
0.000593228
0.000629026
0.000666333
0.000705164
0.000745529
0.000787436
0.000830886
0.000875878
0.000922406
0.000970456
0.00102001
0.00107105
0.00112355
0.00117747
0.00123278
0.00128942
0.00134735
0.0014065
0.00146682
0.00152823
0.00159066
0.00165403
0.00171824
0.0017832
0.00184881
0.00191496
0.00198155
0.00204845
0.00211554
0.00218269
0.00224978
0.00231666
0.00238321
0.00244928
0.00251472
0.00257938
0.00264313
0.00270581
0.00276727
0.00282737
0.00288595
0.00294287
0.00299799
0.00305115
0.00310223
0.00315108
0.00319758
0.0032416
0.00328301
0.00332171
0.00335759
0.00339053
0.00342047
0.00344729
0.00347094
0.00349134
0.00350843
0.00352216
0.00353249
0.0035394
0.00354286
0.00354286
0.0035394
0.00353249
0.00352216
0.00350843
0.00349134
0.00347094
0.00344729
0.00342047
0.00339053
0.00335759
0.00332171
0.00328301
0.0032416
0.00319758
0.00315108
0.00310223
0.00305115
0.00299799
0.00294287
0.00288595
0.00282737
0.00276727
0.00270581
0.00264313
0.00257938
0.00251472
0.00244928
0.00238321
0.00231666
0.00224978
0.00218269
0.00211554
0.00204845
0.00198155
0.00191496
0.00184881
0.0017832
0.00171824
0.00165403
0.00159066
0.00152823
0.00146682
0.0014065
0.00134735
0.00128942
0.00123278
0.00117747
0.00112355
0.00107105
0.00102001
0.000970456
0.000922406
0.000875878
0.000830886
0.000787436
0.000745529
0.000705164
0.000666333
0.000629026
0.000593228
0.000558921
0.000526084
0.000494693
0.000464721
0.000436139
0.000408916
0.000383017
0.000358408
0.000335053
0.000312915
0.000291953
0.000272131
0.000253406
0.000235739
0.000219091
0.000203419
0.000188684
0.000174845
0.000161863
0.000149699
0.000138314
0.00012767
0.00011773
0.000108458
9.98184e-05
9.17776e-05
8.43021e-05
7.736e-05
7.09202e-05
6.49531e-05
5.94299e-05
5.43233e-05
4.96071e-05
4.52561e-05
4.12464e-05
3.75553e-05
3.41611e-05
3.10433e-05
2.81826e-05
2.55605e-05
2.31597e-05
2.0964e-05
1.89579e-05
1.7127e-05
1.54579e-05
1.39378e-05
1.25549e-05
1.12982e-05
1.01573e-05
9.12278e-06
8.18559e-06
7.33752e-06
6.57089e-06
5.87861e-06
5.25414e-06
4.69142e-06
4.18488e-06
3.72938e-06
3.32022e-06
2.95307e-06
2.62395e-06
2.32923e-06
2.0656e-06
1.83002e-06
1.61973e-06
1.4322e-06
1.26515e-06
1.13851e-06
1.28884e-06
1.4576e-06
1.64684e-06
1.85884e-06
2.09608e-06
2.3613e-06
2.65747e-06
2.98788e-06
3.35608e-06
3.76598e-06
4.22182e-06
4.72821e-06
5.29018e-06
5.91316e-06
6.60305e-06
7.36624e-06
8.20961e-06
9.14061e-06
1.01673e-05
1.12982e-05
1.25426e-05
1.39106e-05
1.54126e-05
1.70602e-05
1.88655e-05
2.08415e-05
2.30019e-05
2.53616e-05
2.7936e-05
3.07416e-05
3.37961e-05
3.71177e-05
4.07261e-05
4.46415e-05
4.88857e-05
5.34811e-05
5.84514e-05
6.38213e-05
6.96164e-05
7.58637e-05
8.25909e-05
8.98268e-05
9.76014e-05
0.000105945
0.00011489
0.000124469
0.000134714
0.000145661
0.000157343
0.000169797
0.000183057
0.00019716
0.000212143
0.000228041
0.000244891
0.00026273
0.000281593
0.000301515
0.000322533
0.000344678
0.000367984
0.000392483
0.000418204
0.000445176
0.000473425
0.000502975
0.000533847
0.000566062
0.000599635
0.000634579
0.000670904
0.000708616
0.000747717
0.000788205
0.000830075
0.000873316
0.000917913
0.000963845
0.00101109
0.00105961
0.00110938
0.00116035
0.00121248
0.00126571
0.00132
0.00137526
0.00143144
0.00148847
0.00154625
0.00160471
0.00166375
0.00172328
0.0017832
0.0018434
0.00190378
0.00196421
0.00202458
0.00208477
0.00214466
0.00220411
0.002263
0.00232119
0.00237856
0.00243497
0.00249028
0.00254436
0.00259708
0.0026483
0.0026979
0.00274574
0.0027917
0.00283567
0.00287751
0.00291712
0.00295439
0.00298922
0.0030215
0.00305115
0.00307809
0.00310223
0.00312351
0.00314186
0.00315724
0.0031696
0.0031789
0.00318511
0.00318822
0.00318822
0.00318511
0.0031789
0.0031696
0.00315724
0.00314186
0.00312351
0.00310223
0.00307809
0.00305115
0.0030215
0.00298922
0.00295439
0.00291712
0.00287751
0.00283567
0.0027917
0.00274574
0.0026979
0.0026483
0.00259708
0.00254436
0.00249028
0.00243497
0.00237856
0.00232119
0.002263
0.00220411
0.00214466
0.00208477
0.00202458
0.00196421
0.00190378
0.0018434
0.0017832
0.00172328
0.00166375
0.00160471
0.00154625
0.00148847
0.00143144
0.00137526
0.00132
0.00126571
0.00121248
0.00116035
0.00110938
0.00105961
0.00101109
0.000963845
0.000917913
0.000873316
0.000830075
0.000788205
0.000747717
0.000708616
0.000670904
0.000634579
0.000599635
0.000566062
0.000533847
0.000502975
0.000473425
0.000445176
0.000418204
0.000392483
0.000367984
0.000344678
0.000322533
0.000301515
0.000281593
0.00026273
0.000244891
0.000228041
0.000212143
0.00019716
0.000183057
0.000169797
0.000157343
0.000145661
0.000134714
0.000124469
0.00011489
0.000105945
9.76014e-05
8.98268e-05
8.25909e-05
7.58637e-05
6.96164e-05
6.38213e-05
5.84514e-05
5.34811e-05
4.88857e-05
4.46415e-05
4.07261e-05
3.71177e-05
3.37961e-05
3.07416e-05
2.7936e-05
2.53616e-05
2.30019e-05
2.08415e-05
1.88655e-05
1.70602e-05
1.54126e-05
1.39106e-05
1.25426e-05
1.12982e-05
1.01673e-05
9.14061e-06
8.20961e-06
7.36624e-06
6.60305e-06
5.91316e-06
5.29018e-06
4.72821e-06
4.22182e-06
3.76598e-06
3.35608e-06
2.98788e-06
2.65747e-06
2.3613e-06
2.09608e-06
1.85884e-06
1.64684e-06
1.4576e-06
1.28884e-06
1.13851e-06
1.02355e-06
1.1587e-06
1.31042e-06
1.48055e-06
1.67114e-06
1.88443e-06
2.12286e-06
2.38913e-06
2.68617e-06
3.0172e-06
3.38571e-06
3.79552e-06
4.25078e-06
4.756e-06
5.31607e-06
5.9363e-06
6.62243e-06
7.38064e-06
8.21763e-06
9.14061e-06
1.01573e-05
1.12761e-05
1.25059e-05
1.38563e-05
1.53376e-05
1.69606e-05
1.8737e-05
2.06793e-05
2.28007e-05
2.51151e-05
2.76375e-05
3.03835e-05
3.33697e-05
3.66137e-05
4.01338e-05
4.39494e-05
4.80808e-05
5.25492e-05
5.73769e-05
6.25869e-05
6.82033e-05
7.42512e-05
8.07565e-05
8.7746e-05
9.52474e-05
0.000103289
0.000111901
0.000121112
0.000130953
0.000141455
0.000152651
0.000164573
0.000177252
0.000190721
0.000205014
0.000220163
0.0002362
0.000253159
0.00027107
0.000289965
0.000309874
0.000330827
0.000352852
0.000375976
0.000400224
0.00042562
0.000452186
0.000479942
0.000508904
0.000539086
0.000570502
0.000603159
0.000637063
0.000672215
0.000708616
0.000746258
0.000785132
0.000825226
0.00086652
0.000908992
0.000952616
0.000997358
0.00104318
0.00109005
0.00113791
0.00118671
0.00123639
0.0012869
0.00133817
0.00139011
0.00144267
0.00149575
0.00154927
0.00160314
0.00165726
0.00171154
0.00176587
0.00182015
0.00187426
0.0019281
0.00198155
0.00203449
0.00208681
0.00213838
0.00218909
0.00223882
0.00228744
0.00233483
0.00238088
0.00242547
0.00246849
0.00250981
0.00254933
0.00258695
0.00262256
0.00265607
0.00268738
0.0027164
0.00274306
0.00276727
0.00278898
0.00280811
0.00282461
0.00283844
0.00284955
0.00285791
0.00286349
0.00286629
0.00286629
0.00286349
0.00285791
0.00284955
0.00283844
0.00282461
0.00280811
0.00278898
0.00276727
0.00274306
0.0027164
0.00268738
0.00265607
0.00262256
0.00258695
0.00254933
0.00250981
0.00246849
0.00242547
0.00238088
0.00233483
0.00228744
0.00223882
0.00218909
0.00213838
0.00208681
0.00203449
0.00198155
0.0019281
0.00187426
0.00182015
0.00176587
0.00171154
0.00165726
0.00160314
0.00154927
0.00149575
0.00144267
0.00139011
0.00133817
0.0012869
0.00123639
0.00118671
0.00113791
0.00109005
0.00104318
0.000997358
0.000952616
0.000908992
0.00086652
0.000825226
0.000785132
0.000746258
0.000708616
0.000672215
0.000637063
0.000603159
0.000570502
0.000539086
0.000508904
0.000479942
0.000452186
0.00042562
0.000400224
0.000375976
0.000352852
0.000330827
0.000309874
0.000289965
0.00027107
0.000253159
0.0002362
0.000220163
0.000205014
0.000190721
0.000177252
0.000164573
0.000152651
0.000141455
0.000130953
0.000121112
0.000111901
0.000103289
9.52474e-05
8.7746e-05
8.07565e-05
7.42512e-05
6.82033e-05
6.25869e-05
5.73769e-05
5.25492e-05
4.80808e-05
4.39494e-05
4.01338e-05
3.66137e-05
3.33697e-05
3.03835e-05
2.76375e-05
2.51151e-05
2.28007e-05
2.06793e-05
1.8737e-05
1.69606e-05
1.53376e-05
1.38563e-05
1.25059e-05
1.12761e-05
1.01573e-05
9.14061e-06
8.21763e-06
7.38064e-06
6.62243e-06
5.9363e-06
5.31607e-06
4.756e-06
4.25078e-06
3.79552e-06
3.38571e-06
3.0172e-06
2.68617e-06
2.38913e-06
2.12286e-06
1.88443e-06
1.67114e-06
1.48055e-06
1.31042e-06
1.1587e-06
1.02355e-06
9.19296e-07
1.04068e-06
1.17695e-06
1.32975e-06
1.50093e-06
1.6925e-06
1.90664e-06
2.14579e-06
2.41258e-06
2.70989e-06
3.04086e-06
3.40893e-06
3.81782e-06
4.27159e-06
4.77461e-06
5.33167e-06
5.94791e-06
6.6289e-06
7.38064e-06
8.20961e-06
9.12278e-06
1.01276e-05
1.12322e-05
1.2445e-05
1.37754e-05
1.52331e-05
1.68286e-05
1.85731e-05
2.04783e-05
2.25571e-05
2.48225e-05
2.72888e-05
2.99709e-05
3.28845e-05
3.60461e-05
3.9473e-05
4.31836e-05
4.71969e-05
5.15329e-05
5.62122e-05
6.12566e-05
6.66885e-05
7.25312e-05
7.88088e-05
8.55461e-05
9.27688e-05
0.000100503
0.000108776
0.000117615
0.000127048
0.000137103
0.00014781
0.000159198
0.000171296
0.000184133
0.000197739
0.000212143
0.000227374
0.00024346
0.000260431
0.000278312
0.000297131
0.000316913
0.000337681
0.00035946
0.000382269
0.00040613
0.000431058
0.00045707
0.000484179
0.000512394
0.000541725
0.000572176
0.000603748
0.000636441
0.000670249
0.000705164
0.000741174
0.000778262
0.000816409
0.000855589
0.000895774
0.000936931
0.000979023
0.00102201
0.00106584
0.00111046
0.00115583
0.00120187
0.00124853
0.00129573
0.0013434
0.00139147
0.00143985
0.00148847
0.00153721
0.00158601
0.00163476
0.00168336
0.00173172
0.00177972
0.00182727
0.00187426
0.00192058
0.00196613
0.00201079
0.00205446
0.00209702
0.00213838
0.00217843
0.00221706
0.00225418
0.00228967
0.00232346
0.00235545
0.00238554
0.00241366
0.00243973
0.00246367
0.00248542
0.00250491
0.00252209
0.00253691
0.00254933
0.00255931
0.00256682
0.00257184
0.00257435
0.00257435
0.00257184
0.00256682
0.00255931
0.00254933
0.00253691
0.00252209
0.00250491
0.00248542
0.00246367
0.00243973
0.00241366
0.00238554
0.00235545
0.00232346
0.00228967
0.00225418
0.00221706
0.00217843
0.00213838
0.00209702
0.00205446
0.00201079
0.00196613
0.00192058
0.00187426
0.00182727
0.00177972
0.00173172
0.00168336
0.00163476
0.00158601
0.00153721
0.00148847
0.00143985
0.00139147
0.0013434
0.00129573
0.00124853
0.00120187
0.00115583
0.00111046
0.00106584
0.00102201
0.000979023
0.000936931
0.000895774
0.000855589
0.000816409
0.000778262
0.000741174
0.000705164
0.000670249
0.000636441
0.000603748
0.000572176
0.000541725
0.000512394
0.000484179
0.00045707
0.000431058
0.00040613
0.000382269
0.00035946
0.000337681
0.000316913
0.000297131
0.000278312
0.000260431
0.00024346
0.000227374
0.000212143
0.000197739
0.000184133
0.000171296
0.000159198
0.00014781
0.000137103
0.000127048
0.000117615
0.000108776
0.000100503
9.27688e-05
8.55461e-05
7.88088e-05
7.25312e-05
6.66885e-05
6.12566e-05
5.62122e-05
5.15329e-05
4.71969e-05
4.31836e-05
3.9473e-05
3.60461e-05
3.28845e-05
2.99709e-05
2.72888e-05
2.48225e-05
2.25571e-05
2.04783e-05
1.85731e-05
1.68286e-05
1.52331e-05
1.37754e-05
1.2445e-05
1.12322e-05
1.01276e-05
9.12278e-06
8.20961e-06
7.38064e-06
6.6289e-06
5.94791e-06
5.33167e-06
4.77461e-06
4.27159e-06
3.81782e-06
3.40893e-06
3.04086e-06
2.70989e-06
2.41258e-06
2.14579e-06
1.90664e-06
1.6925e-06
1.50093e-06
1.32975e-06
1.17695e-06
1.04068e-06
9.19296e-07
8.24856e-07
9.33772e-07
1.05604e-06
1.19315e-06
1.34674e-06
1.51863e-06
1.71077e-06
1.92535e-06
2.16473e-06
2.4315e-06
2.72848e-06
3.05873e-06
3.42562e-06
3.83277e-06
4.28412e-06
4.78395e-06
5.33688e-06
5.94791e-06
6.62243e-06
7.36624e-06
8.18559e-06
9.08721e-06
1.00783e-05
1.11665e-05
1.23602e-05
1.36682e-05
1.50998e-05
1.6665e-05
1.83746e-05
2.02398e-05
2.22725e-05
2.44854e-05
2.6892e-05
2.95063e-05
3.23431e-05
3.5418e-05
3.87474e-05
4.23484e-05
4.62389e-05
5.04375e-05
5.49637e-05
5.98376e-05
6.508e-05
7.07127e-05
7.6758e-05
8.32386e-05
9.01784e-05
9.76014e-05
0.000105532
0.000113996
0.000123019
0.000132626
0.000142844
0.000153699
0.000165217
0.000177425
0.000190349
0.000204016
0.00021845
0.000233677
0.000249721
0.000266607
0.000284356
0.000302991
0.000322533
0.000342999
0.000364408
0.000386776
0.000410115
0.000434439
0.000459756
0.000486074
0.000513396
0.000541725
0.000571059
0.000601394
0.000632723
0.000665033
0.000698311
0.000732539
0.000767694
0.000803751
0.000840681
0.000878448
0.000917017
0.000956344
0.000996385
0.00103709
0.0010784
0.00112027
0.00116262
0.0012054
0.00124853
0.00129194
0.00133556
0.0013793
0.00142308
0.00146682
0.00151043
0.00155382
0.00159689
0.00163956
0.00168172
0.00172328
0.00176415
0.00180422
0.0018434
0.0018816
0.00191871
0.00195464
0.0019893
0.0020226
0.00205446
0.00208477
0.00211347
0.00214047
0.0021657
0.00218909
0.00221058
0.00223009
0.00224758
0.002263
0.0022763
0.00228744
0.00229639
0.00230313
0.00230763
0.00230989
0.00230989
0.00230763
0.00230313
0.00229639
0.00228744
0.0022763
0.002263
0.00224758
0.00223009
0.00221058
0.00218909
0.0021657
0.00214047
0.00211347
0.00208477
0.00205446
0.0020226
0.0019893
0.00195464
0.00191871
0.0018816
0.0018434
0.00180422
0.00176415
0.00172328
0.00168172
0.00163956
0.00159689
0.00155382
0.00151043
0.00146682
0.00142308
0.0013793
0.00133556
0.00129194
0.00124853
0.0012054
0.00116262
0.00112027
0.0010784
0.00103709
0.000996385
0.000956344
0.000917017
0.000878448
0.000840681
0.000803751
0.000767694
0.000732539
0.000698311
0.000665033
0.000632723
0.000601394
0.000571059
0.000541725
0.000513396
0.000486074
0.000459756
0.000434439
0.000410115
0.000386776
0.000364408
0.000342999
0.000322533
0.000302991
0.000284356
0.000266607
0.000249721
0.000233677
0.00021845
0.000204016
0.000190349
0.000177425
0.000165217
0.000153699
0.000142844
0.000132626
0.000123019
0.000113996
0.000105532
9.76014e-05
9.01784e-05
8.32386e-05
7.6758e-05
7.07127e-05
6.508e-05
5.98376e-05
5.49637e-05
5.04375e-05
4.62389e-05
4.23484e-05
3.87474e-05
3.5418e-05
3.23431e-05
2.95063e-05
2.6892e-05
2.44854e-05
2.22725e-05
2.02398e-05
1.83746e-05
1.6665e-05
1.50998e-05
1.36682e-05
1.23602e-05
1.11665e-05
1.00783e-05
9.08721e-06
8.18559e-06
7.36624e-06
6.62243e-06
5.94791e-06
5.33688e-06
4.78395e-06
4.28412e-06
3.83277e-06
3.42562e-06
3.05873e-06
2.72848e-06
2.4315e-06
2.16473e-06
1.92535e-06
1.71077e-06
1.51863e-06
1.34674e-06
1.19315e-06
1.05604e-06
9.33772e-07
8.24856e-07
7.39396e-07
8.37028e-07
9.46626e-07
1.06953e-06
1.20721e-06
1.36129e-06
1.53353e-06
1.72588e-06
1.94046e-06
2.17958e-06
2.44579e-06
2.74183e-06
3.0707e-06
3.43567e-06
3.84026e-06
4.2883e-06
4.78395e-06
5.33167e-06
5.9363e-06
6.60305e-06
7.33752e-06
8.14572e-06
9.03412e-06
1.00096e-05
1.10797e-05
1.22521e-05
1.35354e-05
1.49384e-05
1.64709e-05
1.81428e-05
1.99649e-05
2.19486e-05
2.41058e-05
2.64492e-05
2.89921e-05
3.17485e-05
3.47329e-05
3.79609e-05
4.14483e-05
4.52119e-05
4.92691e-05
5.3638e-05
5.83374e-05
6.33865e-05
6.88054e-05
7.46146e-05
8.08354e-05
8.74893e-05
9.45985e-05
0.000102186
0.000110273
0.000118885
0.000128044
0.000137774
0.000148099
0.000159043
0.000170628
0.000182878
0.000195817
0.000209466
0.000223849
0.000238985
0.000254895
0.0002716
0.000289116
0.000307462
0.000326653
0.000346703
0.000367625
0.000389429
0.000412123
0.000435714
0.000460205
0.000485599
0.000511894
0.000539086
0.000567169
0.000596132
0.000625962
0.000656644
0.000688157
0.000720478
0.000753581
0.000787436
0.000822009
0.000857261
0.000893154
0.00092964
0.000966673
0.0010042
0.00104216
0.00108051
0.00111917
0.00115809
0.00119718
0.00123639
0.00127564
0.00131485
0.00135394
0.00139283
0.00143144
0.00146969
0.00150748
0.00154474
0.00158137
0.00161729
0.00165241
0.00168665
0.00171992
0.00175213
0.0017832
0.00181305
0.0018416
0.00186878
0.0018945
0.00191871
0.00194132
0.00196229
0.00198155
0.00199904
0.00201472
0.00202854
0.00204046
0.00205045
0.00205847
0.00206451
0.00206855
0.00207057
0.00207057
0.00206855
0.00206451
0.00205847
0.00205045
0.00204046
0.00202854
0.00201472
0.00199904
0.00198155
0.00196229
0.00194132
0.00191871
0.0018945
0.00186878
0.0018416
0.00181305
0.0017832
0.00175213
0.00171992
0.00168665
0.00165241
0.00161729
0.00158137
0.00154474
0.00150748
0.00146969
0.00143144
0.00139283
0.00135394
0.00131485
0.00127564
0.00123639
0.00119718
0.00115809
0.00111917
0.00108051
0.00104216
0.0010042
0.000966673
0.00092964
0.000893154
0.000857261
0.000822009
0.000787436
0.000753581
0.000720478
0.000688157
0.000656644
0.000625962
0.000596132
0.000567169
0.000539086
0.000511894
0.000485599
0.000460205
0.000435714
0.000412123
0.000389429
0.000367625
0.000346703
0.000326653
0.000307462
0.000289116
0.0002716
0.000254895
0.000238985
0.000223849
0.000209466
0.000195817
0.000182878
0.000170628
0.000159043
0.000148099
0.000137774
0.000128044
0.000118885
0.000110273
0.000102186
9.45985e-05
8.74893e-05
8.08354e-05
7.46146e-05
6.88054e-05
6.33865e-05
5.83374e-05
5.3638e-05
4.92691e-05
4.52119e-05
4.14483e-05
3.79609e-05
3.47329e-05
3.17485e-05
2.89921e-05
2.64492e-05
2.41058e-05
2.19486e-05
1.99649e-05
1.81428e-05
1.64709e-05
1.49384e-05
1.35354e-05
1.22521e-05
1.10797e-05
1.00096e-05
9.03412e-06
8.14572e-06
7.33752e-06
6.60305e-06
5.9363e-06
5.33167e-06
4.78395e-06
4.2883e-06
3.84026e-06
3.43567e-06
3.0707e-06
2.74183e-06
2.44579e-06
2.17958e-06
1.94046e-06
1.72588e-06
1.53353e-06
1.36129e-06
1.20721e-06
1.06953e-06
9.46626e-07
8.37028e-07
7.39396e-07
6.62144e-07
7.49575e-07
8.47722e-07
9.57785e-07
1.08108e-06
1.21906e-06
1.3733e-06
1.54556e-06
1.73772e-06
1.95186e-06
2.19025e-06
2.45536e-06
2.74988e-06
3.07671e-06
3.43903e-06
3.84026e-06
4.28412e-06
4.77461e-06
5.31607e-06
5.91316e-06
6.57089e-06
7.29465e-06
8.09023e-06
8.96382e-06
9.92204e-06
1.0972e-05
1.21212e-05
1.33777e-05
1.475e-05
1.62472e-05
1.7879e-05
1.96554e-05
2.15872e-05
2.36858e-05
2.5963e-05
2.84314e-05
3.1104e-05
3.39947e-05
3.71177e-05
4.04881e-05
4.41215e-05
4.80339e-05
5.22422e-05
5.67638e-05
6.16165e-05
6.68188e-05
7.23896e-05
7.83483e-05
8.47148e-05
9.15091e-05
9.87519e-05
0.000106464
0.000114666
0.00012338
0.000132626
0.000142426
0.000152801
0.000163771
0.000175358
0.000187581
0.000200461
0.000214015
0.000228264
0.000243223
0.000258909
0.000275338
0.000292524
0.00031048
0.000329215
0.000348741
0.000369064
0.00039019
0.000412123
0.000434863
0.000458411
0.000482762
0.000507911
0.000533847
0.000560561
0.000588037
0.000616257
0.000645202
0.000674846
0.000705164
0.000736124
0.000767694
0.000799836
0.000832511
0.000865674
0.00089928
0.000933279
0.000967617
0.00100224
0.00103709
0.0010721
0.00110721
0.00114236
0.00117747
0.00121248
0.00124731
0.00128188
0.00131613
0.00134998
0.00138334
0.00141615
0.00144832
0.00147977
0.00151043
0.00154022
0.00156906
0.00159689
0.00162362
0.00164919
0.00167353
0.00169656
0.00171824
0.00173849
0.00175727
0.00177451
0.00179018
0.00180422
0.0018166
0.00182727
0.00183622
0.0018434
0.00184881
0.00185242
0.00185423
0.00185423
0.00185242
0.00184881
0.0018434
0.00183622
0.00182727
0.0018166
0.00180422
0.00179018
0.00177451
0.00175727
0.00173849
0.00171824
0.00169656
0.00167353
0.00164919
0.00162362
0.00159689
0.00156906
0.00154022
0.00151043
0.00147977
0.00144832
0.00141615
0.00138334
0.00134998
0.00131613
0.00128188
0.00124731
0.00121248
0.00117747
0.00114236
0.00110721
0.0010721
0.00103709
0.00100224
0.000967617
0.000933279
0.00089928
0.000865674
0.000832511
0.000799836
0.000767694
0.000736124
0.000705164
0.000674846
0.000645202
0.000616257
0.000588037
0.000560561
0.000533847
0.000507911
0.000482762
0.000458411
0.000434863
0.000412123
0.00039019
0.000369064
0.000348741
0.000329215
0.00031048
0.000292524
0.000275338
0.000258909
0.000243223
0.000228264
0.000214015
0.000200461
0.000187581
0.000175358
0.000163771
0.000152801
0.000142426
0.000132626
0.00012338
0.000114666
0.000106464
9.87519e-05
9.15091e-05
8.47148e-05
7.83483e-05
7.23896e-05
6.68188e-05
6.16165e-05
5.67638e-05
5.22422e-05
4.80339e-05
4.41215e-05
4.04881e-05
3.71177e-05
3.39947e-05
3.1104e-05
2.84314e-05
2.5963e-05
2.36858e-05
2.15872e-05
1.96554e-05
1.7879e-05
1.62472e-05
1.475e-05
1.33777e-05
1.21212e-05
1.0972e-05
9.92204e-06
8.96382e-06
8.09023e-06
7.29465e-06
6.57089e-06
5.91316e-06
5.31607e-06
4.77461e-06
4.28412e-06
3.84026e-06
3.43903e-06
3.07671e-06
2.74988e-06
2.45536e-06
2.19025e-06
1.95186e-06
1.73772e-06
1.54556e-06
1.3733e-06
1.21906e-06
1.08108e-06
9.57785e-07
8.47722e-07
7.49575e-07
6.62144e-07
5.92384e-07
6.70603e-07
7.58411e-07
8.56878e-07
9.67184e-07
1.09062e-06
1.22862e-06
1.38272e-06
1.55464e-06
1.74622e-06
1.9595e-06
2.19668e-06
2.46016e-06
2.75256e-06
3.07671e-06
3.43567e-06
3.83277e-06
4.27159e-06
4.756e-06
5.29018e-06
5.87861e-06
6.52612e-06
7.23788e-06
8.01944e-06
8.87671e-06
9.81603e-06
1.08442e-05
1.19683e-05
1.3196e-05
1.45355e-05
1.59953e-05
1.75846e-05
1.93129e-05
2.11904e-05
2.32277e-05
2.5436e-05
2.78271e-05
3.04132e-05
3.32072e-05
3.62225e-05
3.9473e-05
4.29733e-05
4.67383e-05
5.07835e-05
5.51249e-05
5.97792e-05
6.4763e-05
7.0094e-05
7.57896e-05
8.18682e-05
8.83479e-05
9.52474e-05
0.000102585
0.000110381
0.000118653
0.000127421
0.000136702
0.000146517
0.000156883
0.000167819
0.000179341
0.000191468
0.000204215
0.000217598
0.000231632
0.00024633
0.000261705
0.000277769
0.000294531
0.000311999
0.000330181
0.000349082
0.000368704
0.000389048
0.000410115
0.000431901
0.0004544
0.000477604
0.000501503
0.000526084
0.000551332
0.000577227
0.000603748
0.000630872
0.00065857
0.000686814
0.00071557
0.000744802
0.000774471
0.000804537
0.000834953
0.000865674
0.000896649
0.000927826
0.00095915
0.000990564
0.00102201
0.00105342
0.00108474
0.0011159
0.00114683
0.00117747
0.00120775
0.0012376
0.00126695
0.00129573
0.00132387
0.0013513
0.00137795
0.00140376
0.00142865
0.00145257
0.00147544
0.00149721
0.00151782
0.00153721
0.00155533
0.00157213
0.00158756
0.00160158
0.00161414
0.00162521
0.00163476
0.00164276
0.00164919
0.00165403
0.00165726
0.00165888
0.00165888
0.00165726
0.00165403
0.00164919
0.00164276
0.00163476
0.00162521
0.00161414
0.00160158
0.00158756
0.00157213
0.00155533
0.00153721
0.00151782
0.00149721
0.00147544
0.00145257
0.00142865
0.00140376
0.00137795
0.0013513
0.00132387
0.00129573
0.00126695
0.0012376
0.00120775
0.00117747
0.00114683
0.0011159
0.00108474
0.00105342
0.00102201
0.000990564
0.00095915
0.000927826
0.000896649
0.000865674
0.000834953
0.000804537
0.000774471
0.000744802
0.00071557
0.000686814
0.00065857
0.000630872
0.000603748
0.000577227
0.000551332
0.000526084
0.000501503
0.000477604
0.0004544
0.000431901
0.000410115
0.000389048
0.000368704
0.000349082
0.000330181
0.000311999
0.000294531
0.000277769
0.000261705
0.00024633
0.000231632
0.000217598
0.000204215
0.000191468
0.000179341
0.000167819
0.000156883
0.000146517
0.000136702
0.000127421
0.000118653
0.000110381
0.000102585
9.52474e-05
8.83479e-05
8.18682e-05
7.57896e-05
7.0094e-05
6.4763e-05
5.97792e-05
5.51249e-05
5.07835e-05
4.67383e-05
4.29733e-05
3.9473e-05
3.62225e-05
3.32072e-05
3.04132e-05
2.78271e-05
2.5436e-05
2.32277e-05
2.11904e-05
1.93129e-05
1.75846e-05
1.59953e-05
1.45355e-05
1.3196e-05
1.19683e-05
1.08442e-05
9.81603e-06
8.87671e-06
8.01944e-06
7.23788e-06
6.52612e-06
5.87861e-06
5.29018e-06
4.756e-06
4.27159e-06
3.83277e-06
3.43567e-06
3.07671e-06
2.75256e-06
2.46016e-06
2.19668e-06
1.9595e-06
1.74622e-06
1.55464e-06
1.38272e-06
1.22862e-06
1.09062e-06
9.67184e-07
8.56878e-07
7.58411e-07
6.70603e-07
5.92384e-07
5.29456e-07
5.99366e-07
6.77846e-07
7.65853e-07
8.64442e-07
9.7477e-07
1.09811e-06
1.23584e-06
1.38949e-06
1.56072e-06
1.75134e-06
1.96333e-06
2.19882e-06
2.46016e-06
2.74988e-06
3.0707e-06
3.42562e-06
3.81782e-06
4.25078e-06
4.72821e-06
5.25414e-06
5.83287e-06
6.46902e-06
7.16755e-06
7.93375e-06
8.77329e-06
9.6922e-06
1.06969e-05
1.17942e-05
1.29914e-05
1.42962e-05
1.57166e-05
1.72613e-05
1.89394e-05
2.07602e-05
2.2734e-05
2.4871e-05
2.71824e-05
2.96797e-05
3.23747e-05
3.52799e-05
3.84083e-05
4.17734e-05
4.53888e-05
4.92691e-05
5.34289e-05
5.78834e-05
6.2648e-05
6.77387e-05
7.31715e-05
7.89628e-05
8.51294e-05
9.1688e-05
9.86555e-05
0.000106049
0.000113885
0.000122181
0.000130953
0.000140218
0.000149992
0.00016029
0.000171129
0.000182522
0.000194483
0.000207026
0.000220163
0.000233905
0.000248262
0.000263243
0.000278856
0.000295107
0.000311999
0.000329537
0.000347721
0.00036655
0.000386021
0.00040613
0.000426869
0.00044823
0.000470199
0.000492765
0.000515909
0.000539613
0.000563855
0.000588612
0.000613855
0.000639556
0.000665683
0.000692201
0.000719072
0.000746258
0.000773715
0.0008014
0.000829265
0.000857261
0.000885338
0.000913442
0.000941518
0.000969509
0.000997358
0.00102501
0.00105239
0.00107946
0.00110613
0.00113236
0.00115809
0.00118324
0.00120775
0.00123157
0.00125464
0.00127689
0.00129826
0.00131871
0.00133817
0.00135659
0.00137392
0.00139011
0.00140513
0.00141892
0.00143144
0.00144267
0.00145257
0.0014611
0.00146825
0.001474
0.00147832
0.00148122
0.00148266
0.00148266
0.00148122
0.00147832
0.001474
0.00146825
0.0014611
0.00145257
0.00144267
0.00143144
0.00141892
0.00140513
0.00139011
0.00137392
0.00135659
0.00133817
0.00131871
0.00129826
0.00127689
0.00125464
0.00123157
0.00120775
0.00118324
0.00115809
0.00113236
0.00110613
0.00107946
0.00105239
0.00102501
0.000997358
0.000969509
0.000941518
0.000913442
0.000885338
0.000857261
0.000829265
0.0008014
0.000773715
0.000746258
0.000719072
0.000692201
0.000665683
0.000639556
0.000613855
0.000588612
0.000563855
0.000539613
0.000515909
0.000492765
0.000470199
0.00044823
0.000426869
0.00040613
0.000386021
0.00036655
0.000347721
0.000329537
0.000311999
0.000295107
0.000278856
0.000263243
0.000248262
0.000233905
0.000220163
0.000207026
0.000194483
0.000182522
0.000171129
0.00016029
0.000149992
0.000140218
0.000130953
0.000122181
0.000113885
0.000106049
9.86555e-05
9.1688e-05
8.51294e-05
7.89628e-05
7.31715e-05
6.77387e-05
6.2648e-05
5.78834e-05
5.34289e-05
4.92691e-05
4.53888e-05
4.17734e-05
3.84083e-05
3.52799e-05
3.23747e-05
2.96797e-05
2.71824e-05
2.4871e-05
2.2734e-05
2.07602e-05
1.89394e-05
1.72613e-05
1.57166e-05
1.42962e-05
1.29914e-05
1.17942e-05
1.06969e-05
9.6922e-06
8.77329e-06
7.93375e-06
7.16755e-06
6.46902e-06
5.83287e-06
5.25414e-06
4.72821e-06
4.25078e-06
3.81782e-06
3.42562e-06
3.0707e-06
2.74988e-06
2.46016e-06
2.19882e-06
1.96333e-06
1.75134e-06
1.56072e-06
1.38949e-06
1.23584e-06
1.09811e-06
9.7477e-07
8.64442e-07
7.65853e-07
6.77846e-07
5.99366e-07
5.29456e-07
4.72751e-07
5.35174e-07
6.05248e-07
6.8383e-07
7.7186e-07
8.70372e-07
9.80498e-07
1.10348e-06
1.24068e-06
1.39357e-06
1.56377e-06
1.75306e-06
1.96333e-06
2.19668e-06
2.45536e-06
2.74183e-06
3.05873e-06
3.40893e-06
3.79552e-06
4.22182e-06
4.69142e-06
5.20816e-06
5.77618e-06
6.3999e-06
7.08404e-06
7.83367e-06
8.65416e-06
9.55126e-06
1.05311e-05
1.16e-05
1.27651e-05
1.40334e-05
1.54126e-05
1.6911e-05
1.85368e-05
2.02991e-05
2.22073e-05
2.42712e-05
2.65009e-05
2.89073e-05
3.15014e-05
3.42948e-05
3.72994e-05
4.05277e-05
4.39924e-05
4.77067e-05
5.16841e-05
5.59384e-05
6.04838e-05
6.53348e-05
7.05059e-05
7.6012e-05
8.18682e-05
8.80894e-05
9.46909e-05
0.000101688
0.000109095
0.000116928
0.0001252
0.000133927
0.000143123
0.000152801
0.000162973
0.000173654
0.000184853
0.000196583
0.000208854
0.000221673
0.00023505
0.000248991
0.000263501
0.000278584
0.000294243
0.00031048
0.000327292
0.000344678
0.000362633
0.000381151
0.000400224
0.000419841
0.000439989
0.000460655
0.00048182
0.000503466
0.000525571
0.000548111
0.000571059
0.000594388
0.000618066
0.000642059
0.000666333
0.00069085
0.00071557
0.00074045
0.000765448
0.000790518
0.000815612
0.000840681
0.000865674
0.000890541
0.000915227
0.00093968
0.000963845
0.000987666
0.00101109
0.00103405
0.00105651
0.0010784
0.00109967
0.00112027
0.00114013
0.00115922
0.00117747
0.00119485
0.0012113
0.00122677
0.00124123
0.00125464
0.00126695
0.00127813
0.00128816
0.001297
0.00130462
0.001311
0.00131613
0.00132
0.00132258
0.00132387
0.00132387
0.00132258
0.00132
0.00131613
0.001311
0.00130462
0.001297
0.00128816
0.00127813
0.00126695
0.00125464
0.00124123
0.00122677
0.0012113
0.00119485
0.00117747
0.00115922
0.00114013
0.00112027
0.00109967
0.0010784
0.00105651
0.00103405
0.00101109
0.000987666
0.000963845
0.00093968
0.000915227
0.000890541
0.000865674
0.000840681
0.000815612
0.000790518
0.000765448
0.00074045
0.00071557
0.00069085
0.000666333
0.000642059
0.000618066
0.000594388
0.000571059
0.000548111
0.000525571
0.000503466
0.00048182
0.000460655
0.000439989
0.000419841
0.000400224
0.000381151
0.000362633
0.000344678
0.000327292
0.00031048
0.000294243
0.000278584
0.000263501
0.000248991
0.00023505
0.000221673
0.000208854
0.000196583
0.000184853
0.000173654
0.000162973
0.000152801
0.000143123
0.000133927
0.0001252
0.000116928
0.000109095
0.000101688
9.46909e-05
8.80894e-05
8.18682e-05
7.6012e-05
7.05059e-05
6.53348e-05
6.04838e-05
5.59384e-05
5.16841e-05
4.77067e-05
4.39924e-05
4.05277e-05
3.72994e-05
3.42948e-05
3.15014e-05
2.89073e-05
2.65009e-05
2.42712e-05
2.22073e-05
2.02991e-05
1.85368e-05
1.6911e-05
1.54126e-05
1.40334e-05
1.27651e-05
1.16e-05
1.05311e-05
9.55126e-06
8.65416e-06
7.83367e-06
7.08404e-06
6.3999e-06
5.77618e-06
5.20816e-06
4.69142e-06
4.22182e-06
3.79552e-06
3.40893e-06
3.05873e-06
2.74183e-06
2.45536e-06
2.19668e-06
1.96333e-06
1.75306e-06
1.56377e-06
1.39357e-06
1.24068e-06
1.10348e-06
9.80498e-07
8.70372e-07
7.7186e-07
6.8383e-07
6.05248e-07
5.35174e-07
4.72751e-07
4.21707e-07
4.7739e-07
5.39898e-07
6.09995e-07
6.88521e-07
7.76396e-07
8.74632e-07
9.84336e-07
1.10672e-06
1.2431e-06
1.39493e-06
1.56377e-06
1.75134e-06
1.9595e-06
2.19025e-06
2.44579e-06
2.72848e-06
3.04086e-06
3.38571e-06
3.76598e-06
4.18488e-06
4.64583e-06
5.15252e-06
5.70889e-06
6.31916e-06
6.98785e-06
7.71975e-06
8.51999e-06
9.394e-06
1.03476e-05
1.13868e-05
1.25182e-05
1.37485e-05
1.5085e-05
1.65354e-05
1.81074e-05
1.98096e-05
2.16506e-05
2.36396e-05
2.57861e-05
2.81001e-05
3.05919e-05
3.32721e-05
3.61518e-05
3.92424e-05
4.25557e-05
4.61036e-05
4.98986e-05
5.39533e-05
5.82804e-05
6.28932e-05
6.78048e-05
7.30287e-05
7.85782e-05
8.44669e-05
9.07083e-05
9.73158e-05
0.000104303
0.000111682
0.000119467
0.00012767
0.000136302
0.000145377
0.000154904
0.000164894
0.000175358
0.000186303
0.000197739
0.000209671
0.000222107
0.00023505
0.000248505
0.000262473
0.000276956
0.000291953
0.000307462
0.000323479
0.000339998
0.000357011
0.00037451
0.000392483
0.000410917
0.000429797
0.000449106
0.000468824
0.00048893
0.000509401
0.000530211
0.000551332
0.000572735
0.000594388
0.000616257
0.000638308
0.000660502
0.000682801
0.000705164
0.000727548
0.000749911
0.000772206
0.000794387
0.000816409
0.000838221
0.000859777
0.000881026
0.000901919
0.000922406
0.000942437
0.000961964
0.000980937
0.000999308
0.00101703
0.00103405
0.00105034
0.00106584
0.00108051
0.00109431
0.00110721
0.00111917
0.00113016
0.00114013
0.00114907
0.00115696
0.00116375
0.00116945
0.00117403
0.00117747
0.00117977
0.00118093
0.00118093
0.00117977
0.00117747
0.00117403
0.00116945
0.00116375
0.00115696
0.00114907
0.00114013
0.00113016
0.00111917
0.00110721
0.00109431
0.00108051
0.00106584
0.00105034
0.00103405
0.00101703
0.000999308
0.000980937
0.000961964
0.000942437
0.000922406
0.000901919
0.000881026
0.000859777
0.000838221
0.000816409
0.000794387
0.000772206
0.000749911
0.000727548
0.000705164
0.000682801
0.000660502
0.000638308
0.000616257
0.000594388
0.000572735
0.000551332
0.000530211
0.000509401
0.00048893
0.000468824
0.000449106
0.000429797
0.000410917
0.000392483
0.00037451
0.000357011
0.000339998
0.000323479
0.000307462
0.000291953
0.000276956
0.000262473
0.000248505
0.00023505
0.000222107
0.000209671
0.000197739
0.000186303
0.000175358
0.000164894
0.000154904
0.000145377
0.000136302
0.00012767
0.000119467
0.000111682
0.000104303
9.73158e-05
9.07083e-05
8.44669e-05
7.85782e-05
7.30287e-05
6.78048e-05
6.28932e-05
5.82804e-05
5.39533e-05
4.98986e-05
4.61036e-05
4.25557e-05
3.92424e-05
3.61518e-05
3.32721e-05
3.05919e-05
2.81001e-05
2.57861e-05
2.36396e-05
2.16506e-05
1.98096e-05
1.81074e-05
1.65354e-05
1.5085e-05
1.37485e-05
1.25182e-05
1.13868e-05
1.03476e-05
9.394e-06
8.51999e-06
7.71975e-06
6.98785e-06
6.31916e-06
5.70889e-06
5.15252e-06
4.64583e-06
4.18488e-06
3.76598e-06
3.38571e-06
3.04086e-06
2.72848e-06
2.44579e-06
2.19025e-06
1.9595e-06
1.75134e-06
1.56377e-06
1.39493e-06
1.2431e-06
1.10672e-06
9.84336e-07
8.74632e-07
7.76396e-07
6.88521e-07
6.09995e-07
5.39898e-07
4.7739e-07
4.21707e-07
3.75807e-07
4.2543e-07
4.81134e-07
5.43602e-07
6.1358e-07
6.91891e-07
7.79434e-07
8.77198e-07
9.8626e-07
1.1078e-06
1.2431e-06
1.39357e-06
1.56072e-06
1.74622e-06
1.95186e-06
2.17958e-06
2.4315e-06
2.70989e-06
3.0172e-06
3.35608e-06
3.72938e-06
4.14016e-06
4.5917e-06
5.08752e-06
5.63137e-06
6.22727e-06
6.87951e-06
7.59265e-06
8.37153e-06
9.2213e-06
1.01474e-05
1.11557e-05
1.22521e-05
1.34431e-05
1.47356e-05
1.61365e-05
1.76534e-05
1.92941e-05
2.10666e-05
2.29795e-05
2.50416e-05
2.72622e-05
2.96507e-05
3.2217e-05
3.49712e-05
3.79238e-05
4.10856e-05
4.44675e-05
4.80808e-05
5.1937e-05
5.60477e-05
6.04248e-05
6.508e-05
7.00255e-05
7.52733e-05
8.08354e-05
8.67237e-05
9.29501e-05
9.95264e-05
0.000106464
0.000113774
0.000121467
0.000129554
0.000138044
0.000146947
0.000156271
0.000166026
0.000176216
0.00018685
0.000197932
0.000209466
0.000221457
0.000233905
0.000246812
0.000260176
0.000273997
0.00028827
0.000302991
0.000318153
0.000333747
0.000349764
0.000366192
0.000383017
0.000400224
0.000417796
0.000435714
0.000453956
0.000472501
0.000491323
0.000510397
0.000529693
0.000549182
0.000568833
0.000588612
0.000608483
0.000628412
0.00064836
0.000668288
0.000688157
0.000707924
0.000727548
0.000746987
0.000766196
0.000785132
0.000803751
0.000822009
0.00083986
0.000857261
0.000874169
0.000890541
0.000906333
0.000921505
0.000936017
0.000949829
0.000962904
0.000975206
0.000986702
0.000997358
0.00100715
0.00101604
0.00102401
0.00103103
0.00103709
0.00104216
0.00104624
0.00104931
0.00105136
0.00105239
0.00105239
0.00105136
0.00104931
0.00104624
0.00104216
0.00103709
0.00103103
0.00102401
0.00101604
0.00100715
0.000997358
0.000986702
0.000975206
0.000962904
0.000949829
0.000936017
0.000921505
0.000906333
0.000890541
0.000874169
0.000857261
0.00083986
0.000822009
0.000803751
0.000785132
0.000766196
0.000746987
0.000727548
0.000707924
0.000688157
0.000668288
0.00064836
0.000628412
0.000608483
0.000588612
0.000568833
0.000549182
0.000529693
0.000510397
0.000491323
0.000472501
0.000453956
0.000435714
0.000417796
0.000400224
0.000383017
0.000366192
0.000349764
0.000333747
0.000318153
0.000302991
0.00028827
0.000273997
0.000260176
0.000246812
0.000233905
0.000221457
0.000209466
0.000197932
0.00018685
0.000176216
0.000166026
0.000156271
0.000146947
0.000138044
0.000129554
0.000121467
0.000113774
0.000106464
9.95264e-05
9.29501e-05
8.67237e-05
8.08354e-05
7.52733e-05
7.00255e-05
6.508e-05
6.04248e-05
5.60477e-05
5.1937e-05
4.80808e-05
4.44675e-05
4.10856e-05
3.79238e-05
3.49712e-05
3.2217e-05
2.96507e-05
2.72622e-05
2.50416e-05
2.29795e-05
2.10666e-05
1.92941e-05
1.76534e-05
1.61365e-05
1.47356e-05
1.34431e-05
1.22521e-05
1.11557e-05
1.01474e-05
9.2213e-06
8.37153e-06
7.59265e-06
6.87951e-06
6.22727e-06
5.63137e-06
5.08752e-06
4.5917e-06
4.14016e-06
3.72938e-06
3.35608e-06
3.0172e-06
2.70989e-06
2.4315e-06
2.17958e-06
1.95186e-06
1.74622e-06
1.56072e-06
1.39357e-06
1.2431e-06
1.1078e-06
9.8626e-07
8.77198e-07
7.79434e-07
6.91891e-07
6.1358e-07
5.43602e-07
4.81134e-07
4.2543e-07
3.75807e-07
3.34576e-07
3.78755e-07
4.28348e-07
4.83962e-07
5.46263e-07
6.15982e-07
6.93921e-07
7.80958e-07
8.78055e-07
9.8626e-07
1.10672e-06
1.24068e-06
1.38949e-06
1.55464e-06
1.73772e-06
1.94046e-06
2.16473e-06
2.41258e-06
2.68617e-06
2.98788e-06
3.32022e-06
3.68594e-06
4.08793e-06
4.52935e-06
5.01354e-06
5.54406e-06
6.12474e-06
6.75964e-06
7.45307e-06
8.20961e-06
9.03412e-06
9.93173e-06
1.09079e-05
1.19683e-05
1.31189e-05
1.43662e-05
1.57166e-05
1.71773e-05
1.87553e-05
2.04584e-05
2.22943e-05
2.42712e-05
2.63976e-05
2.86824e-05
3.11344e-05
3.37631e-05
3.6578e-05
3.95889e-05
4.28058e-05
4.62389e-05
4.98986e-05
5.37954e-05
5.79399e-05
6.23429e-05
6.70149e-05
7.19667e-05
7.7209e-05
8.27523e-05
8.86071e-05
9.47834e-05
0.000101291
0.00010814
0.00011534
0.000122899
0.000130825
0.000139127
0.00014781
0.000156883
0.00016635
0.000176216
0.000186485
0.00019716
0.000208243
0.000219733
0.000231632
0.000243936
0.000256644
0.000269749
0.000283248
0.000297131
0.00031139
0.000326016
0.000340995
0.000356314
0.000371958
0.00038791
0.000404152
0.000420662
0.000437419
0.0004544
0.000471579
0.00048893
0.000506425
0.000524033
0.000541725
0.000559467
0.000577227
0.000594969
0.000612657
0.000630256
0.000647727
0.000665033
0.000682135
0.000698993
0.00071557
0.000731824
0.000747717
0.000763209
0.000778262
0.000792837
0.000806897
0.000820405
0.000833324
0.000845621
0.000857261
0.000868214
0.000878448
0.000887936
0.000896649
0.000904565
0.000911659
0.000917913
0.000923307
0.000927826
0.000931458
0.000934191
0.000936017
0.000936931
0.000936931
0.000936017
0.000934191
0.000931458
0.000927826
0.000923307
0.000917913
0.000911659
0.000904565
0.000896649
0.000887936
0.000878448
0.000868214
0.000857261
0.000845621
0.000833324
0.000820405
0.000806897
0.000792837
0.000778262
0.000763209
0.000747717
0.000731824
0.00071557
0.000698993
0.000682135
0.000665033
0.000647727
0.000630256
0.000612657
0.000594969
0.000577227
0.000559467
0.000541725
0.000524033
0.000506425
0.00048893
0.000471579
0.0004544
0.000437419
0.000420662
0.000404152
0.00038791
0.000371958
0.000356314
0.000340995
0.000326016
0.00031139
0.000297131
0.000283248
0.000269749
0.000256644
0.000243936
0.000231632
0.000219733
0.000208243
0.00019716
0.000186485
0.000176216
0.00016635
0.000156883
0.00014781
0.000139127
0.000130825
0.000122899
0.00011534
0.00010814
0.000101291
9.47834e-05
8.86071e-05
8.27523e-05
7.7209e-05
7.19667e-05
6.70149e-05
6.23429e-05
5.79399e-05
5.37954e-05
4.98986e-05
4.62389e-05
4.28058e-05
3.95889e-05
3.6578e-05
3.37631e-05
3.11344e-05
2.86824e-05
2.63976e-05
2.42712e-05
2.22943e-05
2.04584e-05
1.87553e-05
1.71773e-05
1.57166e-05
1.43662e-05
1.31189e-05
1.19683e-05
1.09079e-05
9.93173e-06
9.03412e-06
8.20961e-06
7.45307e-06
6.75964e-06
6.12474e-06
5.54406e-06
5.01354e-06
4.52935e-06
4.08793e-06
3.68594e-06
3.32022e-06
2.98788e-06
2.68617e-06
2.41258e-06
2.16473e-06
1.94046e-06
1.73772e-06
1.55464e-06
1.38949e-06
1.24068e-06
1.10672e-06
9.8626e-07
8.78055e-07
7.80958e-07
6.93921e-07
6.15982e-07
5.46263e-07
4.83962e-07
4.28348e-07
3.78755e-07
3.34576e-07
2.97578e-07
3.36871e-07
3.80981e-07
4.30445e-07
4.85856e-07
5.47865e-07
6.17186e-07
6.94599e-07
7.80958e-07
8.77198e-07
9.84336e-07
1.10348e-06
1.23584e-06
1.38272e-06
1.54556e-06
1.72588e-06
1.92535e-06
2.14579e-06
2.38913e-06
2.65747e-06
2.95307e-06
3.27834e-06
3.63588e-06
4.02849e-06
4.45913e-06
4.93099e-06
5.44746e-06
6.01215e-06
6.6289e-06
7.30178e-06
8.03511e-06
8.83347e-06
9.70167e-06
1.06448e-05
1.16682e-05
1.27775e-05
1.39787e-05
1.52778e-05
1.66813e-05
1.8196e-05
1.98289e-05
2.15872e-05
2.34785e-05
2.55106e-05
2.76915e-05
3.00295e-05
3.25331e-05
3.52111e-05
3.80722e-05
4.11257e-05
4.43807e-05
4.78466e-05
5.15329e-05
5.54489e-05
5.96043e-05
6.40085e-05
6.86711e-05
7.36015e-05
7.88088e-05
8.43021e-05
9.00904e-05
9.61821e-05
0.000102585
0.000109308
0.000116358
0.000123742
0.000131465
0.000139535
0.000147955
0.00015673
0.000165863
0.000175358
0.000185215
0.000195435
0.000206018
0.000216961
0.000228264
0.00023992
0.000251926
0.000264274
0.000276956
0.000289965
0.000303287
0.000316913
0.000330827
0.000345015
0.00035946
0.000374144
0.000389048
0.000404152
0.000419431
0.000434863
0.000450424
0.000466085
0.00048182
0.000497601
0.000513396
0.000529176
0.000544909
0.000560561
0.0005761
0.000591493
0.000606703
0.000621698
0.000636441
0.000650898
0.000665033
0.000678812
0.000692201
0.000705164
0.000717669
0.000729683
0.000741174
0.000752111
0.000762464
0.000772206
0.000781308
0.000789746
0.000797496
0.000804537
0.000810847
0.000816409
0.000821206
0.000825226
0.000828456
0.000830886
0.000832511
0.000833324
0.000833324
0.000832511
0.000830886
0.000828456
0.000825226
0.000821206
0.000816409
0.000810847
0.000804537
0.000797496
0.000789746
0.000781308
0.000772206
0.000762464
0.000752111
0.000741174
0.000729683
0.000717669
0.000705164
0.000692201
0.000678812
0.000665033
0.000650898
0.000636441
0.000621698
0.000606703
0.000591493
0.0005761
0.000560561
0.000544909
0.000529176
0.000513396
0.000497601
0.00048182
0.000466085
0.000450424
0.000434863
0.000419431
0.000404152
0.000389048
0.000374144
0.00035946
0.000345015
0.000330827
0.000316913
0.000303287
0.000289965
0.000276956
0.000264274
0.000251926
0.00023992
0.000228264
0.000216961
0.000206018
0.000195435
0.000185215
0.000175358
0.000165863
0.00015673
0.000147955
0.000139535
0.000131465
0.000123742
0.000116358
0.000109308
0.000102585
9.61821e-05
9.00904e-05
8.43021e-05
7.88088e-05
7.36015e-05
6.86711e-05
6.40085e-05
5.96043e-05
5.54489e-05
5.15329e-05
4.78466e-05
4.43807e-05
4.11257e-05
3.80722e-05
3.52111e-05
3.25331e-05
3.00295e-05
2.76915e-05
2.55106e-05
2.34785e-05
2.15872e-05
1.98289e-05
1.8196e-05
1.66813e-05
1.52778e-05
1.39787e-05
1.27775e-05
1.16682e-05
1.06448e-05
9.70167e-06
8.83347e-06
8.03511e-06
7.30178e-06
6.6289e-06
6.01215e-06
5.44746e-06
4.93099e-06
4.45913e-06
4.02849e-06
3.63588e-06
3.27834e-06
2.95307e-06
2.65747e-06
2.38913e-06
2.14579e-06
1.92535e-06
1.72588e-06
1.54556e-06
1.38272e-06
1.23584e-06
1.10348e-06
9.84336e-07
8.77198e-07
7.80958e-07
6.94599e-07
6.17186e-07
5.47865e-07
4.85856e-07
4.30445e-07
3.80981e-07
3.36871e-07
2.97578e-07
2.64413e-07
2.99327e-07
3.3852e-07
3.82472e-07
4.31707e-07
4.86806e-07
5.48401e-07
6.17186e-07
6.93921e-07
7.79434e-07
8.74632e-07
9.80498e-07
1.09811e-06
1.22862e-06
1.3733e-06
1.53353e-06
1.71077e-06
1.90664e-06
2.12286e-06
2.3613e-06
2.62395e-06
2.91297e-06
3.23067e-06
3.57952e-06
3.96216e-06
4.38143e-06
4.84034e-06
5.3421e-06
5.89011e-06
6.488e-06
7.1396e-06
7.84898e-06
8.62042e-06
9.45844e-06
1.03678e-05
1.13535e-05
1.24207e-05
1.35751e-05
1.48222e-05
1.61681e-05
1.7619e-05
1.91813e-05
2.08619e-05
2.26675e-05
2.46053e-05
2.66827e-05
2.89073e-05
3.12868e-05
3.38291e-05
3.65423e-05
3.94345e-05
4.25141e-05
4.57895e-05
4.92691e-05
5.29614e-05
5.68748e-05
6.10178e-05
6.53986e-05
7.00255e-05
7.49067e-05
8.00498e-05
8.54626e-05
9.11523e-05
9.7126e-05
0.00010339
0.000109951
0.000116814
0.000123984
0.000131465
0.000139262
0.000147378
0.000155814
0.000164573
0.000173654
0.000183057
0.000192781
0.000202824
0.000213181
0.000223849
0.00023482
0.00024609
0.000257648
0.000269486
0.000281593
0.000293956
0.000306563
0.000319398
0.000332446
0.000345689
0.000359109
0.000372686
0.000386398
0.000400224
0.00041414
0.000428122
0.000442143
0.000456178
0.000470199
0.000484179
0.000498087
0.000511894
0.000525571
0.000539086
0.00055241
0.00056551
0.000578355
0.000590915
0.000603159
0.000615055
0.000626574
0.000637685
0.00064836
0.00065857
0.000668288
0.000677488
0.000686143
0.000694232
0.000701729
0.000708616
0.000714871
0.000720478
0.00072542
0.000729683
0.000733255
0.000736124
0.000738284
0.000739728
0.00074045
0.00074045
0.000739728
0.000738284
0.000736124
0.000733255
0.000729683
0.00072542
0.000720478
0.000714871
0.000708616
0.000701729
0.000694232
0.000686143
0.000677488
0.000668288
0.00065857
0.00064836
0.000637685
0.000626574
0.000615055
0.000603159
0.000590915
0.000578355
0.00056551
0.00055241
0.000539086
0.000525571
0.000511894
0.000498087
0.000484179
0.000470199
0.000456178
0.000442143
0.000428122
0.00041414
0.000400224
0.000386398
0.000372686
0.000359109
0.000345689
0.000332446
0.000319398
0.000306563
0.000293956
0.000281593
0.000269486
0.000257648
0.00024609
0.00023482
0.000223849
0.000213181
0.000202824
0.000192781
0.000183057
0.000173654
0.000164573
0.000155814
0.000147378
0.000139262
0.000131465
0.000123984
0.000116814
0.000109951
0.00010339
9.7126e-05
9.11523e-05
8.54626e-05
8.00498e-05
7.49067e-05
7.00255e-05
6.53986e-05
6.10178e-05
5.68748e-05
5.29614e-05
4.92691e-05
4.57895e-05
4.25141e-05
3.94345e-05
3.65423e-05
3.38291e-05
3.12868e-05
2.89073e-05
2.66827e-05
2.46053e-05
2.26675e-05
2.08619e-05
1.91813e-05
1.7619e-05
1.61681e-05
1.48222e-05
1.35751e-05
1.24207e-05
1.13535e-05
1.03678e-05
9.45844e-06
8.62042e-06
7.84898e-06
7.1396e-06
6.488e-06
5.89011e-06
5.3421e-06
4.84034e-06
4.38143e-06
3.96216e-06
3.57952e-06
3.23067e-06
2.91297e-06
2.62395e-06
2.3613e-06
2.12286e-06
1.90664e-06
1.71077e-06
1.53353e-06
1.3733e-06
1.22862e-06
1.09811e-06
9.80498e-07
8.74632e-07
7.79434e-07
6.93921e-07
6.17186e-07
5.48401e-07
4.86806e-07
4.31707e-07
3.82472e-07
3.3852e-07
2.99327e-07
2.64413e-07
2.34715e-07
2.65708e-07
3.00499e-07
3.39514e-07
3.83219e-07
4.32129e-07
4.86806e-07
5.47865e-07
6.15982e-07
6.91891e-07
7.76396e-07
8.70372e-07
9.7477e-07
1.09062e-06
1.21906e-06
1.36129e-06
1.51863e-06
1.6925e-06
1.88443e-06
2.09608e-06
2.32923e-06
2.58579e-06
2.86781e-06
3.17747e-06
3.51714e-06
3.88932e-06
4.29669e-06
4.74209e-06
5.22855e-06
5.75928e-06
6.3377e-06
6.96741e-06
7.6522e-06
8.39609e-06
9.20331e-06
1.00783e-05
1.10257e-05
1.20504e-05
1.31574e-05
1.43521e-05
1.56401e-05
1.7027e-05
1.85187e-05
2.01215e-05
2.18417e-05
2.36858e-05
2.56605e-05
2.77728e-05
3.00295e-05
3.24379e-05
3.50053e-05
3.77391e-05
4.06466e-05
4.37354e-05
4.70129e-05
5.04868e-05
5.41644e-05
5.80532e-05
6.21605e-05
6.64934e-05
7.10589e-05
7.58637e-05
8.09144e-05
8.62171e-05
9.17776e-05
9.76014e-05
0.000103693
0.000110058
0.0001167
0.000123621
0.000130825
0.000138314
0.000146088
0.000154149
0.000162497
0.000171129
0.000180043
0.000189237
0.000198707
0.000208446
0.00021845
0.00022871
0.000239218
0.000249965
0.00026094
0.000272131
0.000283524
0.000295107
0.000306862
0.000318775
0.000330827
0.000342999
0.000355272
0.000367625
0.000380036
0.000392483
0.000404942
0.000417388
0.000429797
0.000442143
0.0004544
0.00046654
0.000478538
0.000490365
0.000501993
0.000513396
0.000524545
0.000535414
0.000545974
0.000556199
0.000566062
0.000575538
0.000584602
0.000593228
0.000601394
0.000609078
0.000616257
0.000622913
0.000629026
0.000634579
0.000639556
0.000643943
0.000647727
0.000650898
0.000653445
0.000655362
0.000656644
0.000657285
0.000657285
0.000656644
0.000655362
0.000653445
0.000650898
0.000647727
0.000643943
0.000639556
0.000634579
0.000629026
0.000622913
0.000616257
0.000609078
0.000601394
0.000593228
0.000584602
0.000575538
0.000566062
0.000556199
0.000545974
0.000535414
0.000524545
0.000513396
0.000501993
0.000490365
0.000478538
0.00046654
0.0004544
0.000442143
0.000429797
0.000417388
0.000404942
0.000392483
0.000380036
0.000367625
0.000355272
0.000342999
0.000330827
0.000318775
0.000306862
0.000295107
0.000283524
0.000272131
0.00026094
0.000249965
0.000239218
0.00022871
0.00021845
0.000208446
0.000198707
0.000189237
0.000180043
0.000171129
0.000162497
0.000154149
0.000146088
0.000138314
0.000130825
0.000123621
0.0001167
0.000110058
0.000103693
9.76014e-05
9.17776e-05
8.62171e-05
8.09144e-05
7.58637e-05
7.10589e-05
6.64934e-05
6.21605e-05
5.80532e-05
5.41644e-05
5.04868e-05
4.70129e-05
4.37354e-05
4.06466e-05
3.77391e-05
3.50053e-05
3.24379e-05
3.00295e-05
2.77728e-05
2.56605e-05
2.36858e-05
2.18417e-05
2.01215e-05
1.85187e-05
1.7027e-05
1.56401e-05
1.43521e-05
1.31574e-05
1.20504e-05
1.10257e-05
1.00783e-05
9.20331e-06
8.39609e-06
7.6522e-06
6.96741e-06
6.3377e-06
5.75928e-06
5.22855e-06
4.74209e-06
4.29669e-06
3.88932e-06
3.51714e-06
3.17747e-06
2.86781e-06
2.58579e-06
2.32923e-06
2.09608e-06
1.88443e-06
1.6925e-06
1.51863e-06
1.36129e-06
1.21906e-06
1.09062e-06
9.7477e-07
8.70372e-07
7.76396e-07
6.91891e-07
6.15982e-07
5.47865e-07
4.86806e-07
4.32129e-07
3.83219e-07
3.39514e-07
3.00499e-07
2.65708e-07
2.34715e-07
2.08149e-07
2.35634e-07
2.66487e-07
3.01086e-07
3.39845e-07
3.83219e-07
4.31707e-07
4.85856e-07
5.46263e-07
6.1358e-07
6.88521e-07
7.7186e-07
8.64442e-07
9.67184e-07
1.08108e-06
1.20721e-06
1.34674e-06
1.50093e-06
1.67114e-06
1.85884e-06
2.0656e-06
2.29312e-06
2.54322e-06
2.81784e-06
3.11906e-06
3.44912e-06
3.81037e-06
4.20536e-06
4.63676e-06
5.10743e-06
5.62038e-06
6.17881e-06
6.7861e-06
7.44579e-06
8.16165e-06
8.93759e-06
9.77776e-06
1.06865e-05
1.16682e-05
1.27277e-05
1.38699e-05
1.50998e-05
1.64227e-05
1.78441e-05
1.93696e-05
2.1005e-05
2.27562e-05
2.46293e-05
2.66307e-05
2.87665e-05
3.10433e-05
3.34676e-05
3.60461e-05
3.87852e-05
4.16918e-05
4.47725e-05
4.80339e-05
5.14826e-05
5.51249e-05
5.89674e-05
6.30162e-05
6.72772e-05
7.17562e-05
7.64587e-05
8.13899e-05
8.65545e-05
9.1957e-05
9.76014e-05
0.000103491
0.000109629
0.000116018
0.000122659
0.000129554
0.000136702
0.000144105
0.00015176
0.000159665
0.000167819
0.000176216
0.000184853
0.000193725
0.000202824
0.000212143
0.000221673
0.000231406
0.00024133
0.000251434
0.000261705
0.000272131
0.000282695
0.000293383
0.000304177
0.000315061
0.000326016
0.000337022
0.00034806
0.000359109
0.000370147
0.000381151
0.0003921
0.000402969
0.000413736
0.000424375
0.000434863
0.000445176
0.000455288
0.000465176
0.000474814
0.000484179
0.000493246
0.000501993
0.000510397
0.000518434
0.000526084
0.000533326
0.00054014
0.000546507
0.00055241
0.000557831
0.000562755
0.000567169
0.000571059
0.000574415
0.000577227
0.000579486
0.000581186
0.000582322
0.000582891
0.000582891
0.000582322
0.000581186
0.000579486
0.000577227
0.000574415
0.000571059
0.000567169
0.000562755
0.000557831
0.00055241
0.000546507
0.00054014
0.000533326
0.000526084
0.000518434
0.000510397
0.000501993
0.000493246
0.000484179
0.000474814
0.000465176
0.000455288
0.000445176
0.000434863
0.000424375
0.000413736
0.000402969
0.0003921
0.000381151
0.000370147
0.000359109
0.00034806
0.000337022
0.000326016
0.000315061
0.000304177
0.000293383
0.000282695
0.000272131
0.000261705
0.000251434
0.00024133
0.000231406
0.000221673
0.000212143
0.000202824
0.000193725
0.000184853
0.000176216
0.000167819
0.000159665
0.00015176
0.000144105
0.000136702
0.000129554
0.000122659
0.000116018
0.000109629
0.000103491
9.76014e-05
9.1957e-05
8.65545e-05
8.13899e-05
7.64587e-05
7.17562e-05
6.72772e-05
6.30162e-05
5.89674e-05
5.51249e-05
5.14826e-05
4.80339e-05
4.47725e-05
4.16918e-05
3.87852e-05
3.60461e-05
3.34676e-05
3.10433e-05
2.87665e-05
2.66307e-05
2.46293e-05
2.27562e-05
2.1005e-05
1.93696e-05
1.78441e-05
1.64227e-05
1.50998e-05
1.38699e-05
1.27277e-05
1.16682e-05
1.06865e-05
9.77776e-06
8.93759e-06
8.16165e-06
7.44579e-06
6.7861e-06
6.17881e-06
5.62038e-06
5.10743e-06
4.63676e-06
4.20536e-06
3.81037e-06
3.44912e-06
3.11906e-06
2.81784e-06
2.54322e-06
2.29312e-06
2.0656e-06
1.85884e-06
1.67114e-06
1.50093e-06
1.34674e-06
1.20721e-06
1.08108e-06
9.67184e-07
8.64442e-07
7.7186e-07
6.88521e-07
6.1358e-07
5.46263e-07
4.85856e-07
4.31707e-07
3.83219e-07
3.39845e-07
3.01086e-07
2.66487e-07
2.35634e-07
2.08149e-07
1.8441e-07
2.0876e-07
2.36095e-07
2.66748e-07
3.01086e-07
3.39514e-07
3.82472e-07
4.30445e-07
4.83962e-07
5.43602e-07
6.09995e-07
6.8383e-07
7.65853e-07
8.56878e-07
9.57785e-07
1.06953e-06
1.19315e-06
1.32975e-06
1.48055e-06
1.64684e-06
1.83002e-06
2.03159e-06
2.25317e-06
2.49647e-06
2.76334e-06
3.05575e-06
3.3758e-06
3.72574e-06
4.10794e-06
4.52493e-06
4.97938e-06
5.47412e-06
6.01215e-06
6.59661e-06
7.23082e-06
7.91827e-06
8.66261e-06
9.46768e-06
1.03375e-05
1.12761e-05
1.2288e-05
1.33777e-05
1.45497e-05
1.5809e-05
1.71605e-05
1.86094e-05
2.01609e-05
2.18204e-05
2.35935e-05
2.54857e-05
2.75029e-05
2.96507e-05
3.1935e-05
3.43618e-05
3.69369e-05
3.96663e-05
4.25557e-05
4.5611e-05
4.8838e-05
5.22422e-05
5.58292e-05
5.96043e-05
6.35725e-05
6.77387e-05
7.21074e-05
7.6683e-05
8.14694e-05
8.647e-05
9.1688e-05
9.7126e-05
0.000102786
0.00010867
0.000114778
0.000121112
0.00012767
0.000134452
0.000141455
0.000148679
0.000156119
0.000163771
0.000171631
0.000179692
0.000187948
0.000196392
0.000205014
0.000213806
0.000222758
0.000231858
0.000241094
0.000250454
0.000259923
0.000269486
0.000279129
0.000288834
0.000298585
0.000308364
0.000318153
0.000327932
0.000337681
0.000347381
0.000357011
0.00036655
0.000375976
0.000385268
0.000394404
0.000403363
0.000412123
0.000420662
0.000428958
0.000436992
0.000444741
0.000452186
0.000459307
0.000466085
0.000472501
0.000478538
0.000484179
0.000489408
0.000494211
0.000498573
0.000502484
0.00050593
0.000508904
0.000511395
0.000513396
0.000514902
0.000515909
0.000516413
0.000516413
0.000515909
0.000514902
0.000513396
0.000511395
0.000508904
0.00050593
0.000502484
0.000498573
0.000494211
0.000489408
0.000484179
0.000478538
0.000472501
0.000466085
0.000459307
0.000452186
0.000444741
0.000436992
0.000428958
0.000420662
0.000412123
0.000403363
0.000394404
0.000385268
0.000375976
0.00036655
0.000357011
0.000347381
0.000337681
0.000327932
0.000318153
0.000308364
0.000298585
0.000288834
0.000279129
0.000269486
0.000259923
0.000250454
0.000241094
0.000231858
0.000222758
0.000213806
0.000205014
0.000196392
0.000187948
0.000179692
0.000171631
0.000163771
0.000156119
0.000148679
0.000141455
0.000134452
0.00012767
0.000121112
0.000114778
0.00010867
0.000102786
9.7126e-05
9.1688e-05
8.647e-05
8.14694e-05
7.6683e-05
7.21074e-05
6.77387e-05
6.35725e-05
5.96043e-05
5.58292e-05
5.22422e-05
4.8838e-05
4.5611e-05
4.25557e-05
3.96663e-05
3.69369e-05
3.43618e-05
3.1935e-05
2.96507e-05
2.75029e-05
2.54857e-05
2.35935e-05
2.18204e-05
2.01609e-05
1.86094e-05
1.71605e-05
1.5809e-05
1.45497e-05
1.33777e-05
1.2288e-05
1.12761e-05
1.03375e-05
9.46768e-06
8.66261e-06
7.91827e-06
7.23082e-06
6.59661e-06
6.01215e-06
5.47412e-06
4.97938e-06
4.52493e-06
4.10794e-06
3.72574e-06
3.3758e-06
3.05575e-06
2.76334e-06
2.49647e-06
2.25317e-06
2.03159e-06
1.83002e-06
1.64684e-06
1.48055e-06
1.32975e-06
1.19315e-06
1.06953e-06
9.57785e-07
8.56878e-07
7.65853e-07
6.8383e-07
6.09995e-07
5.43602e-07
4.83962e-07
4.30445e-07
3.82472e-07
3.39514e-07
3.01086e-07
2.66748e-07
2.36095e-07
2.0876e-07
1.8441e-07
1.63219e-07
1.84771e-07
2.08964e-07
2.36095e-07
2.66487e-07
3.00499e-07
3.3852e-07
3.80981e-07
4.28348e-07
4.81134e-07
5.39898e-07
6.05248e-07
6.77846e-07
7.58411e-07
8.47722e-07
9.46626e-07
1.05604e-06
1.17695e-06
1.31042e-06
1.4576e-06
1.61973e-06
1.79814e-06
1.99425e-06
2.20959e-06
2.44579e-06
2.7046e-06
2.98788e-06
3.2976e-06
3.63588e-06
4.00495e-06
4.40718e-06
4.84507e-06
5.32127e-06
5.83857e-06
6.3999e-06
7.00835e-06
7.66716e-06
8.37971e-06
9.14954e-06
9.98035e-06
1.0876e-05
1.18404e-05
1.28777e-05
1.39923e-05
1.51885e-05
1.64709e-05
1.78441e-05
1.93129e-05
2.08822e-05
2.25571e-05
2.43424e-05
2.62434e-05
2.82653e-05
3.04132e-05
3.26924e-05
3.51081e-05
3.76654e-05
4.03697e-05
4.32258e-05
4.62389e-05
4.94137e-05
5.27549e-05
5.62671e-05
5.99545e-05
6.38213e-05
6.78711e-05
7.21074e-05
7.65334e-05
8.11518e-05
8.59648e-05
9.09745e-05
9.61821e-05
0.000101589
0.000107194
0.000112999
0.000119001
0.0001252
0.000131594
0.000138179
0.000144952
0.000151908
0.000159043
0.00016635
0.000173823
0.000181455
0.000189237
0.00019716
0.000205214
0.000213389
0.000221673
0.000230054
0.000238518
0.000247053
0.000255643
0.000264274
0.000272929
0.000281593
0.000290248
0.000298877
0.000307462
0.000315985
0.000324428
0.000332771
0.000340995
0.000349082
0.000357011
0.000364764
0.000372322
0.000379665
0.000386776
0.000393634
0.000400224
0.000406527
0.000412525
0.000418204
0.000423547
0.00042854
0.000433168
0.000437419
0.00044128
0.000444741
0.000447792
0.000450424
0.000452628
0.0004544
0.000455733
0.000456624
0.00045707
0.00045707
0.000456624
0.000455733
0.0004544
0.000452628
0.000450424
0.000447792
0.000444741
0.00044128
0.000437419
0.000433168
0.00042854
0.000423547
0.000418204
0.000412525
0.000406527
0.000400224
0.000393634
0.000386776
0.000379665
0.000372322
0.000364764
0.000357011
0.000349082
0.000340995
0.000332771
0.000324428
0.000315985
0.000307462
0.000298877
0.000290248
0.000281593
0.000272929
0.000264274
0.000255643
0.000247053
0.000238518
0.000230054
0.000221673
0.000213389
0.000205214
0.00019716
0.000189237
0.000181455
0.000173823
0.00016635
0.000159043
0.000151908
0.000144952
0.000138179
0.000131594
0.0001252
0.000119001
0.000112999
0.000107194
0.000101589
9.61821e-05
9.09745e-05
8.59648e-05
8.11518e-05
7.65334e-05
7.21074e-05
6.78711e-05
6.38213e-05
5.99545e-05
5.62671e-05
5.27549e-05
4.94137e-05
4.62389e-05
4.32258e-05
4.03697e-05
3.76654e-05
3.51081e-05
3.26924e-05
3.04132e-05
2.82653e-05
2.62434e-05
2.43424e-05
2.25571e-05
2.08822e-05
1.93129e-05
1.78441e-05
1.64709e-05
1.51885e-05
1.39923e-05
1.28777e-05
1.18404e-05
1.0876e-05
9.98035e-06
9.14954e-06
8.37971e-06
7.66716e-06
7.00835e-06
6.3999e-06
5.83857e-06
5.32127e-06
4.84507e-06
4.40718e-06
4.00495e-06
3.63588e-06
3.2976e-06
2.98788e-06
2.7046e-06
2.44579e-06
2.20959e-06
1.99425e-06
1.79814e-06
1.61973e-06
1.4576e-06
1.31042e-06
1.17695e-06
1.05604e-06
9.46626e-07
8.47722e-07
7.58411e-07
6.77846e-07
6.05248e-07
5.39898e-07
4.81134e-07
4.28348e-07
3.80981e-07
3.3852e-07
3.00499e-07
2.66487e-07
2.36095e-07
2.08964e-07
1.84771e-07
1.63219e-07
1.44322e-07
1.63378e-07
1.84771e-07
2.0876e-07
2.35634e-07
2.65708e-07
2.99327e-07
3.36871e-07
3.78755e-07
4.2543e-07
4.7739e-07
5.35174e-07
5.99366e-07
6.70603e-07
7.49575e-07
8.37028e-07
9.33772e-07
1.04068e-06
1.1587e-06
1.28884e-06
1.4322e-06
1.58995e-06
1.76336e-06
1.95377e-06
2.16262e-06
2.39147e-06
2.64195e-06
2.91581e-06
3.21493e-06
3.54127e-06
3.89693e-06
4.28412e-06
4.70518e-06
5.16259e-06
5.65893e-06
6.19694e-06
6.77947e-06
7.40953e-06
8.09023e-06
8.82485e-06
9.61677e-06
1.04695e-05
1.13868e-05
1.23723e-05
1.343e-05
1.45639e-05
1.57781e-05
1.70769e-05
1.84645e-05
1.99454e-05
2.15241e-05
2.3205e-05
2.49928e-05
2.6892e-05
2.89073e-05
3.10433e-05
3.33046e-05
3.56958e-05
3.82212e-05
4.08854e-05
4.36927e-05
4.66471e-05
4.97526e-05
5.30131e-05
5.64322e-05
6.00131e-05
6.3759e-05
6.76725e-05
7.17562e-05
7.6012e-05
8.04416e-05
8.50463e-05
8.98268e-05
9.47834e-05
9.99159e-05
0.000105224
0.000110705
0.000116358
0.000122181
0.000128169
0.00013432
0.000140629
0.00014709
0.000153699
0.000160447
0.000167328
0.000174333
0.000181455
0.000188684
0.000196008
0.000203419
0.000210903
0.00021845
0.000226045
0.000233677
0.00024133
0.000248991
0.000256644
0.000264274
0.000271865
0.000279401
0.000286866
0.000294243
0.000301515
0.000308666
0.000315677
0.000322533
0.000329215
0.000335708
0.000341996
0.00034806
0.000353887
0.00035946
0.000364764
0.000369785
0.00037451
0.000378924
0.000383017
0.000386776
0.00039019
0.00039325
0.000395948
0.000398274
0.000400224
0.00040179
0.000402969
0.000403757
0.000404152
0.000404152
0.000403757
0.000402969
0.00040179
0.000400224
0.000398274
0.000395948
0.00039325
0.00039019
0.000386776
0.000383017
0.000378924
0.00037451
0.000369785
0.000364764
0.00035946
0.000353887
0.00034806
0.000341996
0.000335708
0.000329215
0.000322533
0.000315677
0.000308666
0.000301515
0.000294243
0.000286866
0.000279401
0.000271865
0.000264274
0.000256644
0.000248991
0.00024133
0.000233677
0.000226045
0.00021845
0.000210903
0.000203419
0.000196008
0.000188684
0.000181455
0.000174333
0.000167328
0.000160447
0.000153699
0.00014709
0.000140629
0.00013432
0.000128169
0.000122181
0.000116358
0.000110705
0.000105224
9.99159e-05
9.47834e-05
8.98268e-05
8.50463e-05
8.04416e-05
7.6012e-05
7.17562e-05
6.76725e-05
6.3759e-05
6.00131e-05
5.64322e-05
5.30131e-05
4.97526e-05
4.66471e-05
4.36927e-05
4.08854e-05
3.82212e-05
3.56958e-05
3.33046e-05
3.10433e-05
2.89073e-05
2.6892e-05
2.49928e-05
2.3205e-05
2.15241e-05
1.99454e-05
1.84645e-05
1.70769e-05
1.57781e-05
1.45639e-05
1.343e-05
1.23723e-05
1.13868e-05
1.04695e-05
9.61677e-06
8.82485e-06
8.09023e-06
7.40953e-06
6.77947e-06
6.19694e-06
5.65893e-06
5.16259e-06
4.70518e-06
4.28412e-06
3.89693e-06
3.54127e-06
3.21493e-06
2.91581e-06
2.64195e-06
2.39147e-06
2.16262e-06
1.95377e-06
1.76336e-06
1.58995e-06
1.4322e-06
1.28884e-06
1.1587e-06
1.04068e-06
9.33772e-07
8.37028e-07
7.49575e-07
6.70603e-07
5.99366e-07
5.35174e-07
4.7739e-07
4.2543e-07
3.78755e-07
3.36871e-07
2.99327e-07
2.65708e-07
2.35634e-07
2.0876e-07
1.84771e-07
1.63378e-07
1.44322e-07
1.27488e-07
1.44322e-07
1.63219e-07
1.8441e-07
2.08149e-07
2.34715e-07
2.64413e-07
2.97578e-07
3.34576e-07
3.75807e-07
4.21707e-07
4.72751e-07
5.29456e-07
5.92384e-07
6.62144e-07
7.39396e-07
8.24856e-07
9.19296e-07
1.02355e-06
1.13851e-06
1.26515e-06
1.4045e-06
1.55768e-06
1.72588e-06
1.91037e-06
2.11252e-06
2.33379e-06
2.57571e-06
2.83994e-06
3.12821e-06
3.44239e-06
3.78442e-06
4.15637e-06
4.56042e-06
4.99887e-06
5.47412e-06
5.98871e-06
6.54527e-06
7.14658e-06
7.79551e-06
8.49506e-06
9.24836e-06
1.00586e-05
1.09292e-05
1.18635e-05
1.28652e-05
1.39378e-05
1.5085e-05
1.63108e-05
1.7619e-05
1.90135e-05
2.04984e-05
2.20776e-05
2.37553e-05
2.55355e-05
2.74224e-05
2.94199e-05
3.15322e-05
3.37631e-05
3.61165e-05
3.85963e-05
4.12061e-05
4.39494e-05
4.68296e-05
4.98499e-05
5.30131e-05
5.63221e-05
5.97792e-05
6.33865e-05
6.71459e-05
7.10589e-05
7.51264e-05
7.93493e-05
8.37278e-05
8.82616e-05
9.29501e-05
9.77922e-05
0.000102786
0.000107929
0.00011322
0.000118653
0.000124226
0.000129934
0.000135771
0.000141732
0.00014781
0.000153999
0.00016029
0.000166675
0.000173146
0.000179692
0.000186303
0.000192969
0.000199679
0.00020642
0.000213181
0.000219948
0.000226708
0.000233449
0.000240154
0.000246812
0.000253406
0.000259923
0.000266346
0.000272663
0.000278856
0.000284912
0.000290815
0.000296551
0.000302105
0.000307462
0.000312609
0.000317532
0.000322218
0.000326653
0.000330827
0.000334726
0.000338341
0.000341662
0.000344678
0.000347381
0.000349764
0.000351819
0.000353541
0.000354925
0.000355967
0.000356662
0.000357011
0.000357011
0.000356662
0.000355967
0.000354925
0.000353541
0.000351819
0.000349764
0.000347381
0.000344678
0.000341662
0.000338341
0.000334726
0.000330827
0.000326653
0.000322218
0.000317532
0.000312609
0.000307462
0.000302105
0.000296551
0.000290815
0.000284912
0.000278856
0.000272663
0.000266346
0.000259923
0.000253406
0.000246812
0.000240154
0.000233449
0.000226708
0.000219948
0.000213181
0.00020642
0.000199679
0.000192969
0.000186303
0.000179692
0.000173146
0.000166675
0.00016029
0.000153999
0.00014781
0.000141732
0.000135771
0.000129934
0.000124226
0.000118653
0.00011322
0.000107929
0.000102786
9.77922e-05
9.29501e-05
8.82616e-05
8.37278e-05
7.93493e-05
7.51264e-05
7.10589e-05
6.71459e-05
6.33865e-05
5.97792e-05
5.63221e-05
5.30131e-05
4.98499e-05
4.68296e-05
4.39494e-05
4.12061e-05
3.85963e-05
3.61165e-05
3.37631e-05
3.15322e-05
2.94199e-05
2.74224e-05
2.55355e-05
2.37553e-05
2.20776e-05
2.04984e-05
1.90135e-05
1.7619e-05
1.63108e-05
1.5085e-05
1.39378e-05
1.28652e-05
1.18635e-05
1.09292e-05
1.00586e-05
9.24836e-06
8.49506e-06
7.79551e-06
7.14658e-06
6.54527e-06
5.98871e-06
5.47412e-06
4.99887e-06
4.56042e-06
4.15637e-06
3.78442e-06
3.44239e-06
3.12821e-06
2.83994e-06
2.57571e-06
2.33379e-06
2.11252e-06
1.91037e-06
1.72588e-06
1.55768e-06
1.4045e-06
1.26515e-06
1.13851e-06
1.02355e-06
9.19296e-07
8.24856e-07
7.39396e-07
6.62144e-07
5.92384e-07
5.29456e-07
4.72751e-07
4.21707e-07
3.75807e-07
3.34576e-07
2.97578e-07
2.64413e-07
2.34715e-07
2.08149e-07
1.8441e-07
1.63219e-07
1.44322e-07
1.27488e-07
)
;

boundaryField
{
    boundaries
    {
        type            calculated;
        value           uniform 0;
    }
}


// ************************************************************************* //
