/*--------------------------------*- C++ -*----------------------------------*\
| =========                 |                                                 |
| \\      /  F ield         | OpenFOAM: The Open Source CFD Toolbox           |
|  \\    /   O peration     | Version:  2412                                  |
|   \\  /    A nd           | Website:  www.openfoam.com                      |
|    \\/     M anipulation  |                                                 |
\*---------------------------------------------------------------------------*/
FoamFile
{
    version     2.0;
    format      ascii;
    arch        "LSB;label=32;scalar=64";
    class       volScalarField;
    location    "0";
    object      spatialMode2;
}
// * * * * * * * * * * * * * * * * * * * * * * * * * * * * * * * * * * * * * //

dimensions      [0 0 0 0 0 0 0];

internalField   nonuniform List<scalar> 
65536
(
2.33502e-09
2.48319e-09
2.63819e-09
2.80012e-09
2.96909e-09
3.14519e-09
3.32847e-09
3.519e-09
3.71681e-09
3.9219e-09
4.13427e-09
4.35389e-09
4.58069e-09
4.81461e-09
5.05553e-09
5.30333e-09
5.55784e-09
5.81888e-09
6.08623e-09
6.35966e-09
6.63888e-09
6.9236e-09
7.21348e-09
7.50816e-09
7.80725e-09
8.11033e-09
8.41696e-09
8.72665e-09
9.0389e-09
9.35319e-09
9.66895e-09
9.98563e-09
1.03026e-08
1.06193e-08
1.0935e-08
1.12491e-08
1.15609e-08
1.18698e-08
1.21751e-08
1.2476e-08
1.27718e-08
1.30619e-08
1.33456e-08
1.36221e-08
1.38908e-08
1.41509e-08
1.44019e-08
1.4643e-08
1.48735e-08
1.5093e-08
1.53008e-08
1.54963e-08
1.56789e-08
1.58483e-08
1.60038e-08
1.61451e-08
1.62717e-08
1.63833e-08
1.64796e-08
1.65603e-08
1.66251e-08
1.66739e-08
1.67065e-08
1.67228e-08
1.67228e-08
1.67065e-08
1.66739e-08
1.66251e-08
1.65603e-08
1.64796e-08
1.63833e-08
1.62717e-08
1.61451e-08
1.60038e-08
1.58483e-08
1.56789e-08
1.54963e-08
1.53008e-08
1.5093e-08
1.48735e-08
1.4643e-08
1.44019e-08
1.41509e-08
1.38908e-08
1.36221e-08
1.33456e-08
1.30619e-08
1.27718e-08
1.2476e-08
1.21751e-08
1.18698e-08
1.15609e-08
1.12491e-08
1.0935e-08
1.06193e-08
1.03026e-08
9.98563e-09
9.66895e-09
9.35319e-09
9.0389e-09
8.72665e-09
8.41696e-09
8.11033e-09
7.80725e-09
7.50816e-09
7.21348e-09
6.9236e-09
6.63888e-09
6.35966e-09
6.08623e-09
5.81888e-09
5.55784e-09
5.30333e-09
5.05553e-09
4.81461e-09
4.58069e-09
4.35389e-09
4.13427e-09
3.9219e-09
3.71681e-09
3.519e-09
3.32847e-09
3.14519e-09
2.96909e-09
2.80012e-09
2.63819e-09
2.48319e-09
2.33502e-09
2.19355e-09
2.05864e-09
1.93014e-09
1.80789e-09
1.69174e-09
1.5815e-09
1.477e-09
1.37806e-09
1.28449e-09
1.19611e-09
1.11272e-09
1.03414e-09
9.60165e-10
8.90613e-10
8.25293e-10
7.64017e-10
7.066e-10
6.5286e-10
6.02619e-10
5.55701e-10
5.11936e-10
4.71157e-10
4.33203e-10
3.97918e-10
3.6515e-10
3.34753e-10
3.06588e-10
2.80518e-10
2.56414e-10
2.34152e-10
2.13615e-10
1.94689e-10
1.77266e-10
1.61245e-10
1.46529e-10
1.33026e-10
1.20649e-10
1.09317e-10
9.89529e-11
8.94839e-11
8.08419e-11
7.29633e-11
6.57882e-11
5.92608e-11
5.3329e-11
4.79441e-11
4.30608e-11
3.86372e-11
3.46341e-11
3.10155e-11
2.77479e-11
2.48003e-11
2.21442e-11
1.97532e-11
1.76032e-11
1.56719e-11
1.39389e-11
1.23854e-11
1.09943e-11
9.74994e-12
8.63797e-12
7.64535e-12
6.76019e-12
5.97167e-12
5.26998e-12
4.6462e-12
4.09226e-12
3.60084e-12
3.16534e-12
2.7798e-12
2.43883e-12
2.1376e-12
1.87174e-12
1.63735e-12
1.43092e-12
1.24929e-12
1.08965e-12
9.49481e-13
8.26536e-13
7.18808e-13
6.24512e-13
5.42055e-13
4.70027e-13
4.07172e-13
3.52378e-13
3.0466e-13
2.63147e-13
2.27068e-13
1.95745e-13
1.68578e-13
1.4504e-13
1.24666e-13
1.0705e-13
9.18335e-14
7.8703e-14
6.7384e-14
5.76366e-14
4.92511e-14
4.20445e-14
3.58573e-14
3.05508e-14
2.60042e-14
2.21126e-14
1.87851e-14
1.59427e-14
1.35172e-14
1.14495e-14
9.68864e-15
8.19059e-15
6.9174e-15
5.83642e-15
4.91956e-15
4.14269e-15
3.48509e-15
2.92901e-15
2.45926e-15
2.06283e-15
1.72862e-15
1.44714e-15
1.21031e-15
1.01125e-15
8.44107e-16
7.03902e-16
5.86412e-16
4.88055e-16
4.05799e-16
3.37077e-16
2.7972e-16
2.81383e-09
2.99238e-09
3.17916e-09
3.37429e-09
3.57791e-09
3.79012e-09
4.01099e-09
4.24059e-09
4.47895e-09
4.7261e-09
4.98201e-09
5.24666e-09
5.51997e-09
5.80186e-09
6.09218e-09
6.39079e-09
6.69749e-09
7.01206e-09
7.33423e-09
7.66373e-09
8.0002e-09
8.3433e-09
8.69262e-09
9.04773e-09
9.40815e-09
9.77338e-09
1.01429e-08
1.05161e-08
1.08924e-08
1.12711e-08
1.16516e-08
1.20332e-08
1.24152e-08
1.27968e-08
1.31772e-08
1.35557e-08
1.39315e-08
1.43037e-08
1.46716e-08
1.50342e-08
1.53907e-08
1.57403e-08
1.60821e-08
1.64154e-08
1.67391e-08
1.70526e-08
1.7355e-08
1.76455e-08
1.79234e-08
1.81879e-08
1.84383e-08
1.86738e-08
1.8894e-08
1.9098e-08
1.92854e-08
1.94557e-08
1.96083e-08
1.97428e-08
1.98588e-08
1.9956e-08
2.00341e-08
2.00929e-08
2.01322e-08
2.01518e-08
2.01518e-08
2.01322e-08
2.00929e-08
2.00341e-08
1.9956e-08
1.98588e-08
1.97428e-08
1.96083e-08
1.94557e-08
1.92854e-08
1.9098e-08
1.8894e-08
1.86738e-08
1.84383e-08
1.81879e-08
1.79234e-08
1.76455e-08
1.7355e-08
1.70526e-08
1.67391e-08
1.64154e-08
1.60821e-08
1.57403e-08
1.53907e-08
1.50342e-08
1.46716e-08
1.43037e-08
1.39315e-08
1.35557e-08
1.31772e-08
1.27968e-08
1.24152e-08
1.20332e-08
1.16516e-08
1.12711e-08
1.08924e-08
1.05161e-08
1.01429e-08
9.77338e-09
9.40815e-09
9.04773e-09
8.69262e-09
8.3433e-09
8.0002e-09
7.66373e-09
7.33423e-09
7.01206e-09
6.69749e-09
6.39079e-09
6.09218e-09
5.80186e-09
5.51997e-09
5.24666e-09
4.98201e-09
4.7261e-09
4.47895e-09
4.24059e-09
4.01099e-09
3.79012e-09
3.57791e-09
3.37429e-09
3.17916e-09
2.99238e-09
2.81383e-09
2.64334e-09
2.48077e-09
2.32592e-09
2.17861e-09
2.03863e-09
1.90579e-09
1.77986e-09
1.66064e-09
1.54788e-09
1.44138e-09
1.34089e-09
1.24619e-09
1.15705e-09
1.07324e-09
9.94521e-10
9.2068e-10
8.5149e-10
7.86731e-10
7.26187e-10
6.69649e-10
6.16909e-10
5.67769e-10
5.22033e-10
4.79512e-10
4.40025e-10
4.03396e-10
3.69454e-10
3.38038e-10
3.08992e-10
2.82166e-10
2.57417e-10
2.3461e-10
2.13615e-10
1.94309e-10
1.76575e-10
1.60303e-10
1.45389e-10
1.31733e-10
1.19243e-10
1.07833e-10
9.74188e-11
8.79246e-11
7.92783e-11
7.14125e-11
6.42643e-11
5.77751e-11
5.18905e-11
4.65598e-11
4.1736e-11
3.73753e-11
3.34377e-11
2.98857e-11
2.66849e-11
2.38037e-11
2.12128e-11
1.88855e-11
1.67971e-11
1.49251e-11
1.32487e-11
1.17492e-11
1.04092e-11
9.21305e-12
8.14638e-12
7.19618e-12
6.35061e-12
5.59892e-12
4.93139e-12
4.3392e-12
3.81441e-12
3.3498e-12
2.93892e-12
2.57592e-12
2.25555e-12
1.9731e-12
1.72433e-12
1.50546e-12
1.31308e-12
1.14417e-12
9.96019e-13
8.66202e-13
7.52569e-13
6.53205e-13
5.66407e-13
4.90664e-13
4.24634e-13
3.67131e-13
3.17106e-13
2.73629e-13
2.35883e-13
2.03146e-13
1.74781e-13
1.5023e-13
1.29001e-13
1.10664e-13
9.48412e-14
8.12013e-14
6.94551e-14
5.93501e-14
5.06658e-14
4.321e-14
3.68154e-14
3.13365e-14
2.66469e-14
2.2637e-14
1.92118e-14
1.62889e-14
1.37973e-14
1.16753e-14
9.87009e-15
8.33583e-15
7.0332e-15
5.92833e-15
4.99216e-15
4.19971e-15
3.52961e-15
2.96354e-15
2.48582e-15
2.08307e-15
1.74388e-15
1.45849e-15
1.21861e-15
1.01719e-15
8.48239e-16
7.06657e-16
5.88132e-16
4.89009e-16
4.06195e-16
3.37077e-16
3.3875e-09
3.60245e-09
3.82731e-09
4.06223e-09
4.30737e-09
4.56283e-09
4.82873e-09
5.10514e-09
5.3921e-09
5.68964e-09
5.99773e-09
6.31633e-09
6.64537e-09
6.98472e-09
7.33423e-09
7.69372e-09
8.06295e-09
8.44165e-09
8.82951e-09
9.22618e-09
9.63126e-09
1.00443e-08
1.04648e-08
1.08924e-08
1.13263e-08
1.17659e-08
1.22108e-08
1.26601e-08
1.3113e-08
1.3569e-08
1.40271e-08
1.44865e-08
1.49463e-08
1.54057e-08
1.58638e-08
1.63194e-08
1.67718e-08
1.72199e-08
1.76628e-08
1.80993e-08
1.85285e-08
1.89494e-08
1.93609e-08
1.97621e-08
2.01518e-08
2.05292e-08
2.08933e-08
2.1243e-08
2.15776e-08
2.1896e-08
2.21974e-08
2.2481e-08
2.2746e-08
2.29916e-08
2.32173e-08
2.34222e-08
2.36059e-08
2.37679e-08
2.39075e-08
2.40246e-08
2.41186e-08
2.41893e-08
2.42366e-08
2.42603e-08
2.42603e-08
2.42366e-08
2.41893e-08
2.41186e-08
2.40246e-08
2.39075e-08
2.37679e-08
2.36059e-08
2.34222e-08
2.32173e-08
2.29916e-08
2.2746e-08
2.2481e-08
2.21974e-08
2.1896e-08
2.15776e-08
2.1243e-08
2.08933e-08
2.05292e-08
2.01518e-08
1.97621e-08
1.93609e-08
1.89494e-08
1.85285e-08
1.80993e-08
1.76628e-08
1.72199e-08
1.67718e-08
1.63194e-08
1.58638e-08
1.54057e-08
1.49463e-08
1.44865e-08
1.40271e-08
1.3569e-08
1.3113e-08
1.26601e-08
1.22108e-08
1.17659e-08
1.13263e-08
1.08924e-08
1.04648e-08
1.00443e-08
9.63126e-09
9.22618e-09
8.82951e-09
8.44165e-09
8.06295e-09
7.69372e-09
7.33423e-09
6.98472e-09
6.64537e-09
6.31633e-09
5.99773e-09
5.68964e-09
5.3921e-09
5.10514e-09
4.82873e-09
4.56283e-09
4.30737e-09
4.06223e-09
3.82731e-09
3.60245e-09
3.3875e-09
3.18226e-09
2.98654e-09
2.80012e-09
2.62277e-09
2.45426e-09
2.29434e-09
2.14274e-09
1.9992e-09
1.86346e-09
1.73524e-09
1.61427e-09
1.50026e-09
1.39294e-09
1.29204e-09
1.19728e-09
1.10839e-09
1.02509e-09
9.47127e-10
8.7424e-10
8.06175e-10
7.42683e-10
6.83524e-10
6.28463e-10
5.77273e-10
5.29736e-10
4.85638e-10
4.44777e-10
4.06957e-10
3.71988e-10
3.39693e-10
3.09899e-10
2.82442e-10
2.57166e-10
2.33924e-10
2.12575e-10
1.92985e-10
1.7503e-10
1.5859e-10
1.43554e-10
1.29817e-10
1.1728e-10
1.0585e-10
9.54413e-11
8.59718e-11
7.73662e-11
6.95541e-11
6.24698e-11
5.60523e-11
5.02449e-11
4.49953e-11
4.02548e-11
3.59786e-11
3.21253e-11
2.86567e-11
2.55376e-11
2.27358e-11
2.02216e-11
1.79679e-11
1.59498e-11
1.41446e-11
1.25314e-11
1.10914e-11
9.80724e-12
8.66331e-12
7.64535e-12
6.74041e-12
5.93678e-12
5.22387e-12
4.59207e-12
4.03275e-12
3.5381e-12
3.10109e-12
2.7154e-12
2.37537e-12
2.07588e-12
1.81239e-12
1.58079e-12
1.37744e-12
1.19908e-12
1.0428e-12
9.06001e-13
7.86379e-13
6.81885e-13
5.90698e-13
5.11207e-13
4.41981e-13
3.81756e-13
3.29416e-13
2.83974e-13
2.44562e-13
2.10414e-13
1.80858e-13
1.55301e-13
1.33226e-13
1.14177e-13
9.77563e-14
8.36154e-14
7.14502e-14
6.09954e-14
5.20195e-14
4.43211e-14
3.77252e-14
3.20796e-14
2.72522e-14
2.31286e-14
1.96099e-14
1.66102e-14
1.40556e-14
1.18824e-14
1.00353e-14
8.4671e-15
7.13698e-15
6.00994e-15
5.05594e-15
4.24922e-15
3.56773e-15
2.99262e-15
2.50776e-15
2.09941e-15
1.75584e-15
1.46706e-15
1.22458e-15
1.02118e-15
8.50728e-16
7.08039e-16
5.88707e-16
4.89009e-16
4.05799e-16
4.07415e-09
4.33268e-09
4.60311e-09
4.88565e-09
5.18047e-09
5.48773e-09
5.80753e-09
6.13996e-09
6.48509e-09
6.84294e-09
7.21348e-09
7.59666e-09
7.99239e-09
8.40053e-09
8.82089e-09
9.25325e-09
9.69732e-09
1.01528e-08
1.06193e-08
1.10963e-08
1.15835e-08
1.20803e-08
1.25861e-08
1.31002e-08
1.36221e-08
1.41509e-08
1.46859e-08
1.52263e-08
1.57711e-08
1.63194e-08
1.68704e-08
1.74229e-08
1.7976e-08
1.85285e-08
1.90794e-08
1.96274e-08
2.01715e-08
2.07105e-08
2.1243e-08
2.17681e-08
2.22843e-08
2.27905e-08
2.32854e-08
2.37679e-08
2.42366e-08
2.46905e-08
2.51284e-08
2.5549e-08
2.59514e-08
2.63343e-08
2.66968e-08
2.70379e-08
2.73566e-08
2.76521e-08
2.79235e-08
2.817e-08
2.83909e-08
2.85856e-08
2.87536e-08
2.88944e-08
2.90075e-08
2.90926e-08
2.91494e-08
2.91779e-08
2.91779e-08
2.91494e-08
2.90926e-08
2.90075e-08
2.88944e-08
2.87536e-08
2.85856e-08
2.83909e-08
2.817e-08
2.79235e-08
2.76521e-08
2.73566e-08
2.70379e-08
2.66968e-08
2.63343e-08
2.59514e-08
2.5549e-08
2.51284e-08
2.46905e-08
2.42366e-08
2.37679e-08
2.32854e-08
2.27905e-08
2.22843e-08
2.17681e-08
2.1243e-08
2.07105e-08
2.01715e-08
1.96274e-08
1.90794e-08
1.85285e-08
1.7976e-08
1.74229e-08
1.68704e-08
1.63194e-08
1.57711e-08
1.52263e-08
1.46859e-08
1.41509e-08
1.36221e-08
1.31002e-08
1.25861e-08
1.20803e-08
1.15835e-08
1.10963e-08
1.06193e-08
1.01528e-08
9.69732e-09
9.25325e-09
8.82089e-09
8.40053e-09
7.99239e-09
7.59666e-09
7.21348e-09
6.84294e-09
6.48509e-09
6.13996e-09
5.80753e-09
5.48773e-09
5.18047e-09
4.88565e-09
4.60311e-09
4.33268e-09
4.07415e-09
3.82731e-09
3.59192e-09
3.36771e-09
3.15441e-09
2.95175e-09
2.7594e-09
2.57707e-09
2.40444e-09
2.24119e-09
2.08698e-09
1.94148e-09
1.80437e-09
1.6753e-09
1.55394e-09
1.43997e-09
1.33306e-09
1.23288e-09
1.13911e-09
1.05145e-09
9.69588e-10
8.93226e-10
8.22075e-10
7.55853e-10
6.94288e-10
6.37114e-10
5.84078e-10
5.34934e-10
4.89447e-10
4.47391e-10
4.08549e-10
3.72716e-10
3.39693e-10
3.09294e-10
2.81341e-10
2.55664e-10
2.32103e-10
2.10509e-10
1.90737e-10
1.72653e-10
1.56132e-10
1.41053e-10
1.27306e-10
1.14787e-10
1.03398e-10
9.30485e-11
8.36528e-11
7.51325e-11
6.74142e-11
6.04297e-11
5.41159e-11
4.84146e-11
4.32716e-11
3.86372e-11
3.44654e-11
3.07141e-11
2.73444e-11
2.43206e-11
2.16101e-11
1.91829e-11
1.70117e-11
1.50715e-11
1.33396e-11
1.17952e-11
1.04194e-11
9.19507e-12
8.1067e-12
7.14018e-12
6.28275e-12
5.52289e-12
4.8502e-12
4.25528e-12
3.72969e-12
3.26582e-12
2.85686e-12
2.49667e-12
2.17976e-12
1.90122e-12
1.65665e-12
1.44214e-12
1.25418e-12
1.08965e-12
9.45779e-13
8.20104e-13
7.10434e-13
6.14829e-13
5.31571e-13
4.59139e-13
3.96189e-13
3.41536e-13
2.94135e-13
2.53066e-13
2.17518e-13
1.86781e-13
1.60231e-13
1.37321e-13
1.17572e-13
1.00564e-13
8.59333e-14
7.33592e-14
6.25639e-14
5.33051e-14
4.53722e-14
3.85822e-14
3.27762e-14
2.78168e-14
2.35848e-14
1.99771e-14
1.69048e-14
1.42909e-14
1.20695e-14
1.01834e-14
8.58366e-15
7.22817e-15
6.08079e-15
5.11054e-15
4.29092e-15
3.59923e-15
3.01609e-15
2.52497e-15
2.11175e-15
1.76443e-15
1.4728e-15
1.22817e-15
1.02317e-15
8.51559e-16
7.08039e-16
5.88132e-16
4.88055e-16
4.8952e-09
5.20583e-09
5.53077e-09
5.87025e-09
6.22448e-09
6.59365e-09
6.9779e-09
7.37733e-09
7.79202e-09
8.22198e-09
8.66719e-09
9.1276e-09
9.60308e-09
1.00935e-08
1.05985e-08
1.1118e-08
1.16516e-08
1.21989e-08
1.27593e-08
1.33326e-08
1.39179e-08
1.45148e-08
1.51225e-08
1.57403e-08
1.63673e-08
1.70027e-08
1.76455e-08
1.82948e-08
1.89494e-08
1.96083e-08
2.02703e-08
2.09341e-08
2.15987e-08
2.22625e-08
2.29244e-08
2.35829e-08
2.42366e-08
2.48842e-08
2.55241e-08
2.61549e-08
2.67752e-08
2.73834e-08
2.7978e-08
2.85577e-08
2.9121e-08
2.96664e-08
3.01925e-08
3.06979e-08
3.11813e-08
3.16414e-08
3.2077e-08
3.24868e-08
3.28698e-08
3.32248e-08
3.35508e-08
3.3847e-08
3.41124e-08
3.43464e-08
3.45483e-08
3.47174e-08
3.48533e-08
3.49555e-08
3.50239e-08
3.50581e-08
3.50581e-08
3.50239e-08
3.49555e-08
3.48533e-08
3.47174e-08
3.45483e-08
3.43464e-08
3.41124e-08
3.3847e-08
3.35508e-08
3.32248e-08
3.28698e-08
3.24868e-08
3.2077e-08
3.16414e-08
3.11813e-08
3.06979e-08
3.01925e-08
2.96664e-08
2.9121e-08
2.85577e-08
2.7978e-08
2.73834e-08
2.67752e-08
2.61549e-08
2.55241e-08
2.48842e-08
2.42366e-08
2.35829e-08
2.29244e-08
2.22625e-08
2.15987e-08
2.09341e-08
2.02703e-08
1.96083e-08
1.89494e-08
1.82948e-08
1.76455e-08
1.70027e-08
1.63673e-08
1.57403e-08
1.51225e-08
1.45148e-08
1.39179e-08
1.33326e-08
1.27593e-08
1.21989e-08
1.16516e-08
1.1118e-08
1.05985e-08
1.00935e-08
9.60308e-09
9.1276e-09
8.66719e-09
8.22198e-09
7.79202e-09
7.37733e-09
6.9779e-09
6.59365e-09
6.22448e-09
5.87025e-09
5.53077e-09
5.20583e-09
4.8952e-09
4.59862e-09
4.31579e-09
4.0464e-09
3.79012e-09
3.5466e-09
3.3155e-09
3.09643e-09
2.88901e-09
2.69285e-09
2.50756e-09
2.33274e-09
2.168e-09
2.01292e-09
1.8671e-09
1.73017e-09
1.6017e-09
1.48133e-09
1.36867e-09
1.26335e-09
1.16499e-09
1.07324e-09
9.87746e-10
9.08179e-10
8.34206e-10
7.6551e-10
7.01786e-10
6.42738e-10
5.88085e-10
5.37553e-10
4.90883e-10
4.47828e-10
4.08151e-10
3.71625e-10
3.38038e-10
3.07187e-10
2.78879e-10
2.52932e-10
2.29175e-10
2.07448e-10
1.87596e-10
1.69479e-10
1.52962e-10
1.3792e-10
1.24236e-10
1.118e-10
1.00511e-10
9.02738e-11
8.1e-11
7.26079e-11
6.50218e-11
5.81714e-11
5.1992e-11
4.64236e-11
4.14112e-11
3.69039e-11
3.2855e-11
2.92219e-11
2.59651e-11
2.30488e-11
2.044e-11
1.81089e-11
1.60279e-11
1.41722e-11
1.25192e-11
1.10481e-11
9.74043e-12
8.57912e-12
7.5489e-12
6.63591e-12
5.82764e-12
5.11283e-12
4.48132e-12
3.92397e-12
3.43259e-12
2.99981e-12
2.61904e-12
2.28437e-12
1.99052e-12
1.73277e-12
1.50693e-12
1.30924e-12
1.13638e-12
9.85377e-13
8.53606e-13
7.38734e-13
6.38697e-13
5.51668e-13
4.76032e-13
4.10365e-13
3.53412e-13
3.04066e-13
2.61354e-13
2.24423e-13
1.92522e-13
1.64995e-13
1.41266e-13
1.20831e-13
1.03251e-13
8.81431e-14
7.51723e-14
6.40476e-14
5.45159e-14
4.63575e-14
3.93816e-14
3.34227e-14
2.83378e-14
2.4003e-14
2.03115e-14
1.7171e-14
1.45018e-14
1.22356e-14
1.03135e-14
8.68484e-15
7.30623e-15
6.14046e-15
5.15566e-15
4.32457e-15
3.62392e-15
3.03382e-15
2.53733e-15
2.12001e-15
1.76961e-15
1.47568e-15
1.22937e-15
1.02317e-15
8.50728e-16
7.06657e-16
5.86412e-16
5.87598e-09
6.24885e-09
6.63888e-09
7.04638e-09
7.47159e-09
7.91472e-09
8.37596e-09
8.85542e-09
9.35319e-09
9.86929e-09
1.04037e-08
1.09564e-08
1.15271e-08
1.21157e-08
1.2722e-08
1.33456e-08
1.39861e-08
1.4643e-08
1.53157e-08
1.60038e-08
1.67065e-08
1.74229e-08
1.81524e-08
1.8894e-08
1.96466e-08
2.04093e-08
2.11809e-08
2.19602e-08
2.2746e-08
2.35369e-08
2.43315e-08
2.51284e-08
2.59261e-08
2.67229e-08
2.75174e-08
2.83078e-08
2.90926e-08
2.98699e-08
3.0638e-08
3.13952e-08
3.21397e-08
3.28698e-08
3.35836e-08
3.42794e-08
3.49555e-08
3.56102e-08
3.62417e-08
3.68483e-08
3.74286e-08
3.79809e-08
3.85038e-08
3.89957e-08
3.94554e-08
3.98815e-08
4.02729e-08
4.06284e-08
4.0947e-08
4.12279e-08
4.14702e-08
4.16732e-08
4.18363e-08
4.1959e-08
4.20411e-08
4.20821e-08
4.20821e-08
4.20411e-08
4.1959e-08
4.18363e-08
4.16732e-08
4.14702e-08
4.12279e-08
4.0947e-08
4.06284e-08
4.02729e-08
3.98815e-08
3.94554e-08
3.89957e-08
3.85038e-08
3.79809e-08
3.74286e-08
3.68483e-08
3.62417e-08
3.56102e-08
3.49555e-08
3.42794e-08
3.35836e-08
3.28698e-08
3.21397e-08
3.13952e-08
3.0638e-08
2.98699e-08
2.90926e-08
2.83078e-08
2.75174e-08
2.67229e-08
2.59261e-08
2.51284e-08
2.43315e-08
2.35369e-08
2.2746e-08
2.19602e-08
2.11809e-08
2.04093e-08
1.96466e-08
1.8894e-08
1.81524e-08
1.74229e-08
1.67065e-08
1.60038e-08
1.53157e-08
1.4643e-08
1.39861e-08
1.33456e-08
1.2722e-08
1.21157e-08
1.15271e-08
1.09564e-08
1.04037e-08
9.86929e-09
9.35319e-09
8.85542e-09
8.37596e-09
7.91472e-09
7.47159e-09
7.04638e-09
6.63888e-09
6.24885e-09
5.87598e-09
5.51997e-09
5.18047e-09
4.85711e-09
4.54948e-09
4.25718e-09
3.97977e-09
3.71681e-09
3.46783e-09
3.23237e-09
3.00996e-09
2.80012e-09
2.60236e-09
2.41621e-09
2.24119e-09
2.07681e-09
1.92261e-09
1.77813e-09
1.64289e-09
1.51646e-09
1.3984e-09
1.28826e-09
1.18565e-09
1.09014e-09
1.00134e-09
9.18884e-10
8.42392e-10
7.71514e-10
7.0591e-10
6.45254e-10
5.89234e-10
5.37553e-10
4.89926e-10
4.46082e-10
4.05766e-10
3.68733e-10
3.34753e-10
3.03608e-10
2.75092e-10
2.49011e-10
2.25182e-10
2.03435e-10
1.83609e-10
1.65553e-10
1.49127e-10
1.342e-10
1.20649e-10
1.08361e-10
9.72287e-11
8.71553e-11
7.80492e-11
6.98263e-11
6.24088e-11
5.57248e-11
4.97081e-11
4.42977e-11
3.94377e-11
3.50766e-11
3.11673e-11
2.76667e-11
2.45353e-11
2.17371e-11
1.92392e-11
1.70117e-11
1.50275e-11
1.32617e-11
1.1692e-11
1.0298e-11
9.06136e-12
7.96545e-12
6.99524e-12
6.13721e-12
5.37917e-12
4.71016e-12
4.12033e-12
3.60084e-12
3.14378e-12
2.74205e-12
2.38933e-12
2.07994e-12
1.80885e-12
1.57156e-12
1.36406e-12
1.1828e-12
1.02463e-12
8.86743e-13
7.66663e-13
6.62197e-13
5.71407e-13
4.92584e-13
4.24219e-13
3.64987e-13
3.13718e-13
2.69387e-13
2.31095e-13
1.98053e-13
1.69569e-13
1.4504e-13
1.23938e-13
1.05803e-13
9.02334e-14
7.68798e-14
6.54385e-14
5.56455e-14
4.72719e-14
4.01191e-14
3.40154e-14
2.88122e-14
2.4381e-14
2.06112e-14
1.74073e-14
1.46871e-14
1.23799e-14
1.04249e-14
8.77007e-15
7.37073e-15
6.18862e-15
5.19102e-15
4.34999e-15
3.64166e-15
3.04569e-15
2.54477e-15
2.12416e-15
1.77134e-15
1.47568e-15
1.22817e-15
1.02118e-15
8.48239e-16
7.03902e-16
7.04638e-09
7.49351e-09
7.96124e-09
8.4499e-09
8.9598e-09
9.4912e-09
1.00443e-08
1.06193e-08
1.12162e-08
1.18351e-08
1.2476e-08
1.31387e-08
1.38231e-08
1.4529e-08
1.5256e-08
1.60038e-08
1.67718e-08
1.75596e-08
1.83664e-08
1.91915e-08
2.00341e-08
2.08933e-08
2.17681e-08
2.26573e-08
2.35599e-08
2.44745e-08
2.53998e-08
2.63343e-08
2.72766e-08
2.8225e-08
2.91779e-08
3.01335e-08
3.10901e-08
3.20457e-08
3.29984e-08
3.39463e-08
3.48873e-08
3.58194e-08
3.67406e-08
3.76486e-08
3.85414e-08
3.94169e-08
4.02729e-08
4.11073e-08
4.19181e-08
4.27031e-08
4.34604e-08
4.41879e-08
4.48838e-08
4.55461e-08
4.61731e-08
4.6763e-08
4.73142e-08
4.78252e-08
4.82945e-08
4.87209e-08
4.9103e-08
4.94398e-08
4.97304e-08
4.99738e-08
5.01694e-08
5.03166e-08
5.04149e-08
5.04642e-08
5.04642e-08
5.04149e-08
5.03166e-08
5.01694e-08
4.99738e-08
4.97304e-08
4.94398e-08
4.9103e-08
4.87209e-08
4.82945e-08
4.78252e-08
4.73142e-08
4.6763e-08
4.61731e-08
4.55461e-08
4.48838e-08
4.41879e-08
4.34604e-08
4.27031e-08
4.19181e-08
4.11073e-08
4.02729e-08
3.94169e-08
3.85414e-08
3.76486e-08
3.67406e-08
3.58194e-08
3.48873e-08
3.39463e-08
3.29984e-08
3.20457e-08
3.10901e-08
3.01335e-08
2.91779e-08
2.8225e-08
2.72766e-08
2.63343e-08
2.53998e-08
2.44745e-08
2.35599e-08
2.26573e-08
2.17681e-08
2.08933e-08
2.00341e-08
1.91915e-08
1.83664e-08
1.75596e-08
1.67718e-08
1.60038e-08
1.5256e-08
1.4529e-08
1.38231e-08
1.31387e-08
1.2476e-08
1.18351e-08
1.12162e-08
1.06193e-08
1.00443e-08
9.4912e-09
8.9598e-09
8.4499e-09
7.96124e-09
7.49351e-09
7.04638e-09
6.61946e-09
6.21234e-09
5.82456e-09
5.45566e-09
5.10514e-09
4.77248e-09
4.45713e-09
4.15857e-09
3.87621e-09
3.6095e-09
3.35786e-09
3.12071e-09
2.89748e-09
2.68759e-09
2.49048e-09
2.30557e-09
2.1323e-09
1.97013e-09
1.81852e-09
1.67693e-09
1.54486e-09
1.42181e-09
1.30727e-09
1.20079e-09
1.10191e-09
1.01018e-09
9.25187e-10
8.46516e-10
7.73778e-10
7.066e-10
6.44624e-10
5.87511e-10
5.34934e-10
4.86588e-10
4.42179e-10
4.01431e-10
3.64082e-10
3.29886e-10
2.98609e-10
2.70035e-10
2.43956e-10
2.20181e-10
1.98529e-10
1.78831e-10
1.6093e-10
1.4468e-10
1.29944e-10
1.16595e-10
1.04515e-10
9.35953e-11
8.37346e-11
7.48396e-11
6.68242e-11
5.96091e-11
5.31211e-11
4.7293e-11
4.20633e-11
3.73753e-11
3.31775e-11
2.94223e-11
2.60667e-11
2.30713e-11
2.04002e-11
1.80207e-11
1.59032e-11
1.40208e-11
1.23492e-11
1.08662e-11
9.55203e-12
8.38858e-12
7.35964e-12
6.45061e-12
5.64835e-12
4.94103e-12
4.31807e-12
3.76997e-12
3.28822e-12
2.86524e-12
2.49423e-12
2.16914e-12
1.88458e-12
1.63576e-12
1.4184e-12
1.22872e-12
1.06337e-12
9.1937e-13
7.94096e-13
6.85222e-13
5.90698e-13
5.08717e-13
4.37686e-13
3.76205e-13
3.23044e-13
2.77125e-13
2.37501e-13
2.03344e-13
1.73929e-13
1.48624e-13
1.26877e-13
1.08206e-13
9.2193e-14
7.84727e-14
6.67291e-14
5.66876e-14
4.81102e-14
4.07907e-14
3.45511e-14
2.92373e-14
2.47167e-14
2.08746e-14
1.76125e-14
1.48457e-14
1.25014e-14
1.05169e-14
8.83885e-15
7.42129e-15
6.22499e-15
5.21643e-15
4.36701e-15
3.65234e-15
3.05164e-15
2.54726e-15
2.12416e-15
1.76961e-15
1.4728e-15
1.22458e-15
1.01719e-15
8.44107e-16
8.44165e-09
8.97732e-09
9.53766e-09
1.01231e-08
1.0734e-08
1.13706e-08
1.20332e-08
1.2722e-08
1.34371e-08
1.41786e-08
1.49463e-08
1.57403e-08
1.65603e-08
1.74059e-08
1.82769e-08
1.91728e-08
2.00929e-08
2.10366e-08
2.20032e-08
2.29916e-08
2.40011e-08
2.50304e-08
2.60784e-08
2.71437e-08
2.8225e-08
2.93207e-08
3.04293e-08
3.15489e-08
3.26777e-08
3.38139e-08
3.49555e-08
3.61004e-08
3.72463e-08
3.83911e-08
3.95325e-08
4.06681e-08
4.17954e-08
4.29121e-08
4.40156e-08
4.51035e-08
4.61731e-08
4.72219e-08
4.82474e-08
4.92471e-08
5.02184e-08
5.11589e-08
5.20661e-08
5.29377e-08
5.37713e-08
5.45648e-08
5.53159e-08
5.60226e-08
5.6683e-08
5.72952e-08
5.78575e-08
5.83682e-08
5.8826e-08
5.92295e-08
5.95776e-08
5.98692e-08
6.01035e-08
6.02799e-08
6.03977e-08
6.04567e-08
6.04567e-08
6.03977e-08
6.02799e-08
6.01035e-08
5.98692e-08
5.95776e-08
5.92295e-08
5.8826e-08
5.83682e-08
5.78575e-08
5.72952e-08
5.6683e-08
5.60226e-08
5.53159e-08
5.45648e-08
5.37713e-08
5.29377e-08
5.20661e-08
5.11589e-08
5.02184e-08
4.92471e-08
4.82474e-08
4.72219e-08
4.61731e-08
4.51035e-08
4.40156e-08
4.29121e-08
4.17954e-08
4.06681e-08
3.95325e-08
3.83911e-08
3.72463e-08
3.61004e-08
3.49555e-08
3.38139e-08
3.26777e-08
3.15489e-08
3.04293e-08
2.93207e-08
2.8225e-08
2.71437e-08
2.60784e-08
2.50304e-08
2.40011e-08
2.29916e-08
2.20032e-08
2.10366e-08
2.00929e-08
1.91728e-08
1.82769e-08
1.74059e-08
1.65603e-08
1.57403e-08
1.49463e-08
1.41786e-08
1.34371e-08
1.2722e-08
1.20332e-08
1.13706e-08
1.0734e-08
1.01231e-08
9.53766e-09
8.97732e-09
8.44165e-09
7.9302e-09
7.44246e-09
6.9779e-09
6.53596e-09
6.11602e-09
5.71749e-09
5.3397e-09
4.98201e-09
4.64375e-09
4.32422e-09
4.02276e-09
3.73865e-09
3.47122e-09
3.21977e-09
2.98362e-09
2.7621e-09
2.55452e-09
2.36024e-09
2.17861e-09
2.00899e-09
1.85077e-09
1.70334e-09
1.56613e-09
1.43857e-09
1.3201e-09
1.21021e-09
1.10839e-09
1.01414e-09
9.26996e-10
8.46516e-10
7.72268e-10
7.03845e-10
6.40858e-10
5.82938e-10
5.29736e-10
4.80919e-10
4.36175e-10
3.95207e-10
3.57738e-10
3.23505e-10
2.92262e-10
2.63779e-10
2.3784e-10
2.14242e-10
1.92797e-10
1.73329e-10
1.55675e-10
1.39682e-10
1.2521e-10
1.12128e-10
1.00315e-10
8.96588e-11
8.00563e-11
7.14125e-11
6.36397e-11
5.66576e-11
5.03924e-11
4.47761e-11
3.9747e-11
3.52483e-11
3.12283e-11
2.76397e-11
2.44396e-11
2.1589e-11
1.90522e-11
1.67971e-11
1.47945e-11
1.30179e-11
1.14435e-11
1.00496e-11
8.81694e-12
7.72792e-12
6.76679e-12
5.91942e-12
5.1731e-12
4.51647e-12
3.93933e-12
3.43259e-12
2.98812e-12
2.59866e-12
2.25775e-12
1.95966e-12
1.69926e-12
1.47202e-12
1.27393e-12
1.10142e-12
9.51337e-13
8.20905e-13
7.07664e-13
6.09449e-13
5.24353e-13
4.50698e-13
3.87011e-13
3.32e-13
2.8453e-13
2.43609e-13
2.0837e-13
1.78054e-13
1.52001e-13
1.29633e-13
1.10448e-13
9.40113e-14
7.99423e-14
6.79125e-14
5.76366e-14
4.88678e-14
4.13926e-14
3.50267e-14
2.96109e-14
2.5008e-14
2.11e-14
1.77854e-14
1.49768e-14
1.25994e-14
1.05891e-14
8.8908e-15
7.45761e-15
6.24935e-15
5.23174e-15
4.37555e-15
3.65591e-15
3.05164e-15
2.54477e-15
2.12001e-15
1.76443e-15
1.46706e-15
1.21861e-15
1.01125e-15
1.01033e-08
1.07444e-08
1.14151e-08
1.21157e-08
1.28469e-08
1.36088e-08
1.44019e-08
1.52263e-08
1.60821e-08
1.69695e-08
1.78884e-08
1.88387e-08
1.982e-08
2.08322e-08
2.18746e-08
2.29468e-08
2.4048e-08
2.51775e-08
2.63343e-08
2.75174e-08
2.87256e-08
2.99575e-08
3.12118e-08
3.24868e-08
3.37809e-08
3.50923e-08
3.64191e-08
3.7759e-08
3.91101e-08
4.047e-08
4.18363e-08
4.32065e-08
4.4578e-08
4.59482e-08
4.73142e-08
4.86733e-08
5.00226e-08
5.13591e-08
5.26798e-08
5.39818e-08
5.52619e-08
5.65172e-08
5.77446e-08
5.8941e-08
6.01035e-08
6.12291e-08
6.2315e-08
6.33581e-08
6.43559e-08
6.53055e-08
6.62045e-08
6.70503e-08
6.78407e-08
6.85734e-08
6.92463e-08
6.98576e-08
7.04055e-08
7.08885e-08
7.1305e-08
7.16541e-08
7.19345e-08
7.21456e-08
7.22866e-08
7.23572e-08
7.23572e-08
7.22866e-08
7.21456e-08
7.19345e-08
7.16541e-08
7.1305e-08
7.08885e-08
7.04055e-08
6.98576e-08
6.92463e-08
6.85734e-08
6.78407e-08
6.70503e-08
6.62045e-08
6.53055e-08
6.43559e-08
6.33581e-08
6.2315e-08
6.12291e-08
6.01035e-08
5.8941e-08
5.77446e-08
5.65172e-08
5.52619e-08
5.39818e-08
5.26798e-08
5.13591e-08
5.00226e-08
4.86733e-08
4.73142e-08
4.59482e-08
4.4578e-08
4.32065e-08
4.18363e-08
4.047e-08
3.91101e-08
3.7759e-08
3.64191e-08
3.50923e-08
3.37809e-08
3.24868e-08
3.12118e-08
2.99575e-08
2.87256e-08
2.75174e-08
2.63343e-08
2.51775e-08
2.4048e-08
2.29468e-08
2.18746e-08
2.08322e-08
1.982e-08
1.88387e-08
1.78884e-08
1.69695e-08
1.60821e-08
1.52263e-08
1.44019e-08
1.36088e-08
1.28469e-08
1.21157e-08
1.14151e-08
1.07444e-08
1.01033e-08
9.4912e-09
8.90746e-09
8.35145e-09
7.82251e-09
7.31992e-09
6.84294e-09
6.39079e-09
5.96269e-09
5.55784e-09
5.17542e-09
4.81461e-09
4.47458e-09
4.15451e-09
3.85356e-09
3.57093e-09
3.3058e-09
3.05736e-09
2.82484e-09
2.60745e-09
2.40444e-09
2.21508e-09
2.03863e-09
1.87441e-09
1.72174e-09
1.57996e-09
1.44843e-09
1.32656e-09
1.21376e-09
1.10947e-09
1.01315e-09
9.24284e-10
8.42392e-10
7.67007e-10
6.97686e-10
6.34011e-10
5.75585e-10
5.22033e-10
4.73001e-10
4.28156e-10
3.87185e-10
3.49792e-10
3.15703e-10
2.84657e-10
2.56414e-10
2.30747e-10
2.07448e-10
1.86318e-10
1.67178e-10
1.49857e-10
1.342e-10
1.20061e-10
1.07308e-10
9.58148e-11
8.54695e-11
7.61668e-11
6.78103e-11
6.03118e-11
5.359e-11
4.7571e-11
4.21867e-11
3.73753e-11
3.30804e-11
2.92504e-11
2.58386e-11
2.28025e-11
2.01035e-11
1.77067e-11
1.55804e-11
1.3696e-11
1.20278e-11
1.05525e-11
9.24911e-12
8.09879e-12
7.08461e-12
6.19139e-12
5.4055e-12
4.71476e-12
4.10828e-12
3.57631e-12
3.11019e-12
2.70218e-12
2.3454e-12
2.03374e-12
1.76178e-12
1.52469e-12
1.31822e-12
1.1386e-12
9.82495e-13
8.46963e-13
7.29415e-13
6.27568e-13
5.39415e-13
4.63192e-13
3.97352e-13
3.40537e-13
2.91562e-13
2.49386e-13
2.13103e-13
1.81921e-13
1.5515e-13
1.32189e-13
1.12517e-13
9.56785e-14
8.12806e-14
6.89819e-14
5.84871e-14
4.95405e-14
4.19215e-14
3.54396e-14
2.99307e-14
2.52534e-14
2.12863e-14
1.79249e-14
1.50795e-14
1.26734e-14
1.06409e-14
8.92559e-15
7.47949e-15
6.26157e-15
5.23685e-15
4.37555e-15
3.65234e-15
3.04569e-15
2.53733e-15
2.11175e-15
1.75584e-15
1.45849e-15
1.21031e-15
1.20803e-08
1.28469e-08
1.36487e-08
1.44865e-08
1.53607e-08
1.62717e-08
1.72199e-08
1.82057e-08
1.9229e-08
2.02901e-08
2.13888e-08
2.25249e-08
2.36983e-08
2.49085e-08
2.61549e-08
2.74369e-08
2.87536e-08
3.01041e-08
3.14873e-08
3.29019e-08
3.43464e-08
3.58194e-08
3.73191e-08
3.88437e-08
4.0391e-08
4.1959e-08
4.35454e-08
4.51475e-08
4.6763e-08
4.8389e-08
5.00226e-08
5.16609e-08
5.33008e-08
5.49391e-08
5.65724e-08
5.81975e-08
5.98108e-08
6.14088e-08
6.2988e-08
6.45447e-08
6.60753e-08
6.75762e-08
6.90438e-08
7.04743e-08
7.18643e-08
7.32102e-08
7.45084e-08
7.57557e-08
7.69487e-08
7.80842e-08
7.91591e-08
8.01704e-08
8.11154e-08
8.19915e-08
8.27961e-08
8.3527e-08
8.41821e-08
8.47596e-08
8.52577e-08
8.5675e-08
8.60103e-08
8.62626e-08
8.64313e-08
8.65157e-08
8.65157e-08
8.64313e-08
8.62626e-08
8.60103e-08
8.5675e-08
8.52577e-08
8.47596e-08
8.41821e-08
8.3527e-08
8.27961e-08
8.19915e-08
8.11154e-08
8.01704e-08
7.91591e-08
7.80842e-08
7.69487e-08
7.57557e-08
7.45084e-08
7.32102e-08
7.18643e-08
7.04743e-08
6.90438e-08
6.75762e-08
6.60753e-08
6.45447e-08
6.2988e-08
6.14088e-08
5.98108e-08
5.81975e-08
5.65724e-08
5.49391e-08
5.33008e-08
5.16609e-08
5.00226e-08
4.8389e-08
4.6763e-08
4.51475e-08
4.35454e-08
4.1959e-08
4.0391e-08
3.88437e-08
3.73191e-08
3.58194e-08
3.43464e-08
3.29019e-08
3.14873e-08
3.01041e-08
2.87536e-08
2.74369e-08
2.61549e-08
2.49085e-08
2.36983e-08
2.25249e-08
2.13888e-08
2.02901e-08
1.9229e-08
1.82057e-08
1.72199e-08
1.62717e-08
1.53607e-08
1.44865e-08
1.36487e-08
1.28469e-08
1.20803e-08
1.13484e-08
1.06504e-08
9.98563e-09
9.35319e-09
8.75225e-09
8.18193e-09
7.64131e-09
7.12944e-09
6.64537e-09
6.18812e-09
5.75671e-09
5.35014e-09
4.96744e-09
4.60761e-09
4.26967e-09
3.95266e-09
3.65561e-09
3.37759e-09
3.11766e-09
2.87493e-09
2.64851e-09
2.43754e-09
2.24119e-09
2.05864e-09
1.88911e-09
1.73186e-09
1.58614e-09
1.45127e-09
1.32656e-09
1.21139e-09
1.10514e-09
1.00723e-09
9.17091e-10
8.34206e-10
7.58071e-10
6.88212e-10
6.24181e-10
5.65555e-10
5.11936e-10
4.62947e-10
4.18238e-10
3.77478e-10
3.40357e-10
3.06588e-10
2.75899e-10
2.4804e-10
2.22776e-10
1.9989e-10
1.79181e-10
1.6046e-10
1.43554e-10
1.28305e-10
1.14563e-10
1.02194e-10
9.10707e-11
8.10791e-11
7.21133e-11
6.40763e-11
5.68794e-11
5.04416e-11
4.46888e-11
3.95534e-11
3.4974e-11
3.08946e-11
2.72644e-11
2.40373e-11
2.11714e-11
1.86291e-11
1.6376e-11
1.43814e-11
1.26174e-11
1.10589e-11
9.68352e-12
8.4709e-12
7.40289e-12
6.46323e-12
5.63733e-12
4.91216e-12
4.27611e-12
3.71877e-12
3.23093e-12
2.80434e-12
2.4317e-12
2.10651e-12
1.82304e-12
1.57617e-12
1.3614e-12
1.17474e-12
1.01269e-12
8.72144e-13
7.50368e-13
6.44965e-13
5.53827e-13
4.75103e-13
4.07172e-13
3.48613e-13
2.98184e-13
2.54802e-13
2.17518e-13
1.85509e-13
1.58056e-13
1.34534e-13
1.144e-13
9.71852e-14
8.248e-14
6.99315e-14
5.92343e-14
5.01244e-14
4.23742e-14
3.57874e-14
3.01949e-14
2.54515e-14
2.14323e-14
1.80302e-14
1.51533e-14
1.2723e-14
1.06721e-14
8.94304e-15
7.4868e-15
6.26157e-15
5.23174e-15
4.36701e-15
3.64166e-15
3.03382e-15
2.52497e-15
2.09941e-15
1.74388e-15
1.44714e-15
1.443e-08
1.53457e-08
1.63035e-08
1.73042e-08
1.83485e-08
1.94367e-08
2.05694e-08
2.17468e-08
2.29692e-08
2.42366e-08
2.5549e-08
2.69062e-08
2.83078e-08
2.97534e-08
3.12423e-08
3.27736e-08
3.43464e-08
3.59596e-08
3.76118e-08
3.93015e-08
4.10271e-08
4.27866e-08
4.4578e-08
4.63991e-08
4.82474e-08
5.01204e-08
5.20153e-08
5.39291e-08
5.58588e-08
5.7801e-08
5.97524e-08
6.17094e-08
6.36682e-08
6.56252e-08
6.75762e-08
6.95174e-08
7.14444e-08
7.33533e-08
7.52396e-08
7.70991e-08
7.89275e-08
8.07203e-08
8.24733e-08
8.41821e-08
8.58425e-08
8.74501e-08
8.90009e-08
9.04908e-08
9.19158e-08
9.32722e-08
9.45561e-08
9.57642e-08
9.6893e-08
9.79395e-08
9.89006e-08
9.97737e-08
1.00556e-07
1.01246e-07
1.01841e-07
1.02339e-07
1.0274e-07
1.03041e-07
1.03243e-07
1.03344e-07
1.03344e-07
1.03243e-07
1.03041e-07
1.0274e-07
1.02339e-07
1.01841e-07
1.01246e-07
1.00556e-07
9.97737e-08
9.89006e-08
9.79395e-08
9.6893e-08
9.57642e-08
9.45561e-08
9.32722e-08
9.19158e-08
9.04908e-08
8.90009e-08
8.74501e-08
8.58425e-08
8.41821e-08
8.24733e-08
8.07203e-08
7.89275e-08
7.70991e-08
7.52396e-08
7.33533e-08
7.14444e-08
6.95174e-08
6.75762e-08
6.56252e-08
6.36682e-08
6.17094e-08
5.97524e-08
5.7801e-08
5.58588e-08
5.39291e-08
5.20153e-08
5.01204e-08
4.82474e-08
4.63991e-08
4.4578e-08
4.27866e-08
4.10271e-08
3.93015e-08
3.76118e-08
3.59596e-08
3.43464e-08
3.27736e-08
3.12423e-08
2.97534e-08
2.83078e-08
2.69062e-08
2.5549e-08
2.42366e-08
2.29692e-08
2.17468e-08
2.05694e-08
1.94367e-08
1.83485e-08
1.73042e-08
1.63035e-08
1.53457e-08
1.443e-08
1.35557e-08
1.2722e-08
1.19279e-08
1.11725e-08
1.04546e-08
9.77338e-09
9.1276e-09
8.51617e-09
7.93795e-09
7.39176e-09
6.87643e-09
6.39079e-09
5.93365e-09
5.50383e-09
5.10016e-09
4.72148e-09
4.36666e-09
4.03456e-09
3.72408e-09
3.43413e-09
3.16367e-09
2.91166e-09
2.67712e-09
2.45906e-09
2.25656e-09
2.06872e-09
1.89466e-09
1.73355e-09
1.58459e-09
1.44702e-09
1.3201e-09
1.20314e-09
1.09547e-09
9.96465e-10
9.05522e-10
8.22075e-10
7.4559e-10
6.7556e-10
6.11511e-10
5.52994e-10
4.99589e-10
4.509e-10
4.06559e-10
3.66221e-10
3.29564e-10
2.96286e-10
2.66108e-10
2.38771e-10
2.14033e-10
1.9167e-10
1.71477e-10
1.53261e-10
1.36847e-10
1.22071e-10
1.08785e-10
9.68497e-11
8.61399e-11
7.65396e-11
6.79429e-11
6.02529e-11
5.33811e-11
4.72469e-11
4.17767e-11
3.69039e-11
3.25675e-11
2.87127e-11
2.52894e-11
2.22526e-11
1.95612e-11
1.71787e-11
1.50715e-11
1.321e-11
1.1567e-11
1.01186e-11
8.84281e-12
7.72037e-12
6.73383e-12
5.86762e-12
5.10784e-12
4.44211e-12
3.85937e-12
3.3498e-12
2.90468e-12
2.51625e-12
2.17763e-12
1.88274e-12
1.6262e-12
1.40324e-12
1.20967e-12
1.04178e-12
8.9632e-13
7.70416e-13
6.61551e-13
5.67515e-13
4.8637e-13
4.16421e-13
3.56184e-13
3.04363e-13
2.59827e-13
2.21592e-13
1.88799e-13
1.60701e-13
1.36652e-13
1.16088e-13
9.8523e-14
8.35338e-14
7.07559e-14
5.98741e-14
5.06163e-14
4.27483e-14
3.6068e-14
3.0402e-14
2.56011e-14
2.15372e-14
1.81008e-14
1.51978e-14
1.27479e-14
1.06825e-14
8.94304e-15
7.47949e-15
6.24935e-15
5.21643e-15
4.34999e-15
3.62392e-15
3.01609e-15
2.50776e-15
2.08307e-15
1.72862e-15
1.72199e-08
1.83126e-08
1.94557e-08
2.06499e-08
2.1896e-08
2.31946e-08
2.45463e-08
2.59514e-08
2.74101e-08
2.89226e-08
3.04887e-08
3.21083e-08
3.37809e-08
3.5506e-08
3.72827e-08
3.91101e-08
4.0987e-08
4.29121e-08
4.48838e-08
4.69002e-08
4.89594e-08
5.1059e-08
5.31968e-08
5.537e-08
5.75757e-08
5.98108e-08
6.2072e-08
6.43559e-08
6.66586e-08
6.89764e-08
7.1305e-08
7.36404e-08
7.5978e-08
7.83133e-08
8.06415e-08
8.2958e-08
8.52577e-08
8.75356e-08
8.97866e-08
9.20056e-08
9.41875e-08
9.6327e-08
9.84189e-08
1.00458e-07
1.02439e-07
1.04358e-07
1.06209e-07
1.07986e-07
1.09687e-07
1.11306e-07
1.12838e-07
1.14279e-07
1.15627e-07
1.16875e-07
1.18022e-07
1.19064e-07
1.19998e-07
1.20821e-07
1.21531e-07
1.22126e-07
1.22604e-07
1.22964e-07
1.23204e-07
1.23324e-07
1.23324e-07
1.23204e-07
1.22964e-07
1.22604e-07
1.22126e-07
1.21531e-07
1.20821e-07
1.19998e-07
1.19064e-07
1.18022e-07
1.16875e-07
1.15627e-07
1.14279e-07
1.12838e-07
1.11306e-07
1.09687e-07
1.07986e-07
1.06209e-07
1.04358e-07
1.02439e-07
1.00458e-07
9.84189e-08
9.6327e-08
9.41875e-08
9.20056e-08
8.97866e-08
8.75356e-08
8.52577e-08
8.2958e-08
8.06415e-08
7.83133e-08
7.5978e-08
7.36404e-08
7.1305e-08
6.89764e-08
6.66586e-08
6.43559e-08
6.2072e-08
5.98108e-08
5.75757e-08
5.537e-08
5.31968e-08
5.1059e-08
4.89594e-08
4.69002e-08
4.48838e-08
4.29121e-08
4.0987e-08
3.91101e-08
3.72827e-08
3.5506e-08
3.37809e-08
3.21083e-08
3.04887e-08
2.89226e-08
2.74101e-08
2.59514e-08
2.45463e-08
2.31946e-08
2.1896e-08
2.06499e-08
1.94557e-08
1.83126e-08
1.72199e-08
1.61766e-08
1.51817e-08
1.42341e-08
1.33326e-08
1.2476e-08
1.1663e-08
1.08924e-08
1.01627e-08
9.47268e-09
8.82089e-09
8.20593e-09
7.6264e-09
7.08087e-09
6.56795e-09
6.08623e-09
5.63435e-09
5.21092e-09
4.81461e-09
4.4441e-09
4.09809e-09
3.77534e-09
3.47461e-09
3.19472e-09
2.9345e-09
2.69285e-09
2.46869e-09
2.26097e-09
2.06872e-09
1.89096e-09
1.72679e-09
1.57533e-09
1.43576e-09
1.30727e-09
1.18912e-09
1.0806e-09
9.81017e-10
8.89744e-10
8.06175e-10
7.29742e-10
6.59911e-10
5.9618e-10
5.38078e-10
4.85164e-10
4.37027e-10
3.93282e-10
3.5357e-10
3.17558e-10
2.84935e-10
2.55414e-10
2.28728e-10
2.04631e-10
1.82893e-10
1.63305e-10
1.45673e-10
1.29817e-10
1.15575e-10
1.02794e-10
9.13379e-11
8.10791e-11
7.19023e-11
6.37019e-11
5.63817e-11
4.98539e-11
4.40389e-11
3.88642e-11
3.42641e-11
3.01789e-11
2.65549e-11
2.33433e-11
2.05e-11
1.79855e-11
1.5764e-11
1.38034e-11
1.20749e-11
1.05525e-11
9.21305e-12
8.03576e-12
7.00208e-12
6.0954e-12
5.30095e-12
4.60555e-12
3.99746e-12
3.46628e-12
3.00275e-12
2.59866e-12
2.24676e-12
1.94061e-12
1.67455e-12
1.44355e-12
1.2432e-12
1.06962e-12
9.1937e-13
7.89457e-13
6.77239e-13
5.80406e-13
4.96932e-13
4.25049e-13
3.63209e-13
3.10063e-13
2.64435e-13
2.25301e-13
1.91772e-13
1.63073e-13
1.38533e-13
1.17572e-13
9.96844e-14
8.44359e-14
7.14502e-14
6.04026e-14
5.10133e-14
4.30415e-14
3.628e-14
3.05508e-14
2.57013e-14
2.16004e-14
1.81362e-14
1.52126e-14
1.27479e-14
1.06721e-14
8.92559e-15
7.45761e-15
6.22499e-15
5.19102e-15
4.32457e-15
3.59923e-15
2.99262e-15
2.48582e-15
2.06283e-15
2.05292e-08
2.18319e-08
2.31946e-08
2.46183e-08
2.61039e-08
2.76521e-08
2.92635e-08
3.09386e-08
3.26777e-08
3.44809e-08
3.6348e-08
3.82788e-08
4.02729e-08
4.23294e-08
4.44476e-08
4.66262e-08
4.88638e-08
5.11589e-08
5.35094e-08
5.59133e-08
5.83682e-08
6.08714e-08
6.342e-08
6.60108e-08
6.86404e-08
7.1305e-08
7.40008e-08
7.67236e-08
7.94689e-08
8.22321e-08
8.50082e-08
8.77924e-08
9.05792e-08
9.33633e-08
9.6139e-08
9.89006e-08
1.01642e-07
1.04358e-07
1.07042e-07
1.09687e-07
1.12288e-07
1.14839e-07
1.17333e-07
1.19764e-07
1.22126e-07
1.24413e-07
1.26619e-07
1.28739e-07
1.30766e-07
1.32696e-07
1.34523e-07
1.36241e-07
1.37847e-07
1.39336e-07
1.40703e-07
1.41946e-07
1.43059e-07
1.4404e-07
1.44887e-07
1.45596e-07
1.46166e-07
1.46594e-07
1.46881e-07
1.47025e-07
1.47025e-07
1.46881e-07
1.46594e-07
1.46166e-07
1.45596e-07
1.44887e-07
1.4404e-07
1.43059e-07
1.41946e-07
1.40703e-07
1.39336e-07
1.37847e-07
1.36241e-07
1.34523e-07
1.32696e-07
1.30766e-07
1.28739e-07
1.26619e-07
1.24413e-07
1.22126e-07
1.19764e-07
1.17333e-07
1.14839e-07
1.12288e-07
1.09687e-07
1.07042e-07
1.04358e-07
1.01642e-07
9.89006e-08
9.6139e-08
9.33633e-08
9.05792e-08
8.77924e-08
8.50082e-08
8.22321e-08
7.94689e-08
7.67236e-08
7.40008e-08
7.1305e-08
6.86404e-08
6.60108e-08
6.342e-08
6.08714e-08
5.83682e-08
5.59133e-08
5.35094e-08
5.11589e-08
4.88638e-08
4.66262e-08
4.44476e-08
4.23294e-08
4.02729e-08
3.82788e-08
3.6348e-08
3.44809e-08
3.26777e-08
3.09386e-08
2.92635e-08
2.76521e-08
2.61039e-08
2.46183e-08
2.31946e-08
2.18319e-08
2.05292e-08
1.92854e-08
1.80993e-08
1.69695e-08
1.58948e-08
1.48735e-08
1.39043e-08
1.29856e-08
1.21157e-08
1.12931e-08
1.05161e-08
9.78293e-09
9.09202e-09
8.44165e-09
7.83016e-09
7.25587e-09
6.71714e-09
6.21234e-09
5.73987e-09
5.29815e-09
4.88565e-09
4.50087e-09
4.14235e-09
3.80867e-09
3.49844e-09
3.21035e-09
2.94311e-09
2.69548e-09
2.46628e-09
2.25436e-09
2.05864e-09
1.87808e-09
1.71168e-09
1.5585e-09
1.41765e-09
1.28826e-09
1.16955e-09
1.06073e-09
9.61103e-10
8.69982e-10
7.86731e-10
7.10752e-10
6.41484e-10
5.78402e-10
5.21014e-10
4.68862e-10
4.21518e-10
3.78585e-10
3.39693e-10
3.04499e-10
2.72685e-10
2.43956e-10
2.18041e-10
1.94689e-10
1.73668e-10
1.54765e-10
1.37786e-10
1.22549e-10
1.08891e-10
9.66607e-11
8.57203e-11
7.5944e-11
6.72169e-11
5.94347e-11
5.25022e-11
4.6333e-11
4.08488e-11
3.59786e-11
3.16582e-11
2.78293e-11
2.44396e-11
2.14419e-11
1.87935e-11
1.64561e-11
1.43954e-11
1.25805e-11
1.09836e-11
9.58005e-12
8.34772e-12
7.2668e-12
6.31967e-12
5.49063e-12
4.76568e-12
4.13242e-12
3.5798e-12
3.09806e-12
2.67853e-12
2.31355e-12
1.99636e-12
1.72097e-12
1.48212e-12
1.27517e-12
1.09605e-12
9.41172e-13
8.07389e-13
6.91947e-13
5.92432e-13
5.06734e-13
4.33009e-13
3.6965e-13
3.15253e-13
2.68599e-13
2.28626e-13
1.94412e-13
1.65156e-13
1.40166e-13
1.18841e-13
1.00663e-13
8.51813e-14
7.20106e-14
6.08169e-14
5.13131e-14
4.32522e-14
3.6422e-14
3.06405e-14
2.57515e-14
2.16215e-14
1.81362e-14
1.51978e-14
1.2723e-14
1.06409e-14
8.8908e-15
7.42129e-15
6.18862e-15
5.15566e-15
4.29092e-15
3.56773e-15
2.96354e-15
2.45926e-15
2.44506e-08
2.60021e-08
2.76251e-08
2.93207e-08
3.10901e-08
3.2934e-08
3.48533e-08
3.68483e-08
3.89196e-08
4.10672e-08
4.32909e-08
4.55906e-08
4.79655e-08
5.04149e-08
5.29377e-08
5.55324e-08
5.81975e-08
6.09309e-08
6.37304e-08
6.65935e-08
6.95174e-08
7.24987e-08
7.55341e-08
7.86198e-08
8.17516e-08
8.49253e-08
8.8136e-08
9.13788e-08
9.46485e-08
9.79395e-08
1.01246e-07
1.04562e-07
1.07881e-07
1.11197e-07
1.14503e-07
1.17792e-07
1.21057e-07
1.24292e-07
1.27488e-07
1.30639e-07
1.33737e-07
1.36775e-07
1.39745e-07
1.4264e-07
1.45454e-07
1.48178e-07
1.50805e-07
1.5333e-07
1.55745e-07
1.58043e-07
1.60218e-07
1.62265e-07
1.64178e-07
1.65951e-07
1.6758e-07
1.69059e-07
1.70385e-07
1.71554e-07
1.72562e-07
1.73407e-07
1.74085e-07
1.74596e-07
1.74937e-07
1.75108e-07
1.75108e-07
1.74937e-07
1.74596e-07
1.74085e-07
1.73407e-07
1.72562e-07
1.71554e-07
1.70385e-07
1.69059e-07
1.6758e-07
1.65951e-07
1.64178e-07
1.62265e-07
1.60218e-07
1.58043e-07
1.55745e-07
1.5333e-07
1.50805e-07
1.48178e-07
1.45454e-07
1.4264e-07
1.39745e-07
1.36775e-07
1.33737e-07
1.30639e-07
1.27488e-07
1.24292e-07
1.21057e-07
1.17792e-07
1.14503e-07
1.11197e-07
1.07881e-07
1.04562e-07
1.01246e-07
9.79395e-08
9.46485e-08
9.13788e-08
8.8136e-08
8.49253e-08
8.17516e-08
7.86198e-08
7.55341e-08
7.24987e-08
6.95174e-08
6.65935e-08
6.37304e-08
6.09309e-08
5.81975e-08
5.55324e-08
5.29377e-08
5.04149e-08
4.79655e-08
4.55906e-08
4.32909e-08
4.10672e-08
3.89196e-08
3.68483e-08
3.48533e-08
3.2934e-08
3.10901e-08
2.93207e-08
2.76251e-08
2.60021e-08
2.44506e-08
2.29692e-08
2.15565e-08
2.0211e-08
1.89309e-08
1.77146e-08
1.65603e-08
1.5466e-08
1.443e-08
1.34503e-08
1.25248e-08
1.16516e-08
1.08287e-08
1.00541e-08
9.32582e-09
8.64184e-09
8.0002e-09
7.39898e-09
6.83626e-09
6.31017e-09
5.81888e-09
5.3606e-09
4.9336e-09
4.53618e-09
4.1667e-09
3.82357e-09
3.50528e-09
3.21035e-09
2.93737e-09
2.68497e-09
2.45187e-09
2.23681e-09
2.03863e-09
1.8562e-09
1.68844e-09
1.53434e-09
1.39294e-09
1.26335e-09
1.14469e-09
1.03616e-09
9.37007e-10
8.46516e-10
7.64017e-10
6.88885e-10
6.20535e-10
5.58421e-10
5.02034e-10
4.509e-10
4.04579e-10
3.62662e-10
3.24771e-10
2.90555e-10
2.5969e-10
2.31877e-10
2.06841e-10
1.84328e-10
1.64105e-10
1.45958e-10
1.29691e-10
1.15124e-10
1.02094e-10
9.04503e-11
8.00563e-11
7.07876e-11
6.25308e-11
5.51833e-11
4.86515e-11
4.2851e-11
3.77053e-11
3.31451e-11
2.9108e-11
2.55376e-11
2.23833e-11
1.95995e-11
1.71451e-11
1.49835e-11
1.30816e-11
1.141e-11
9.94224e-12
8.65486e-12
7.52682e-12
6.53941e-12
5.67599e-12
4.92177e-12
4.2636e-12
3.68983e-12
3.19017e-12
2.75547e-12
2.37769e-12
2.0497e-12
1.76522e-12
1.51875e-12
1.30541e-12
1.12095e-12
9.61611e-13
8.24118e-13
7.05594e-13
6.03527e-13
5.1572e-13
4.40258e-13
3.75471e-13
3.19905e-13
2.72297e-13
2.31547e-13
1.96703e-13
1.6694e-13
1.41542e-13
1.19891e-13
1.01452e-13
8.57656e-14
7.24338e-14
6.11146e-14
5.15139e-14
4.33791e-14
3.64932e-14
3.06704e-14
2.57515e-14
2.16004e-14
1.81008e-14
1.51533e-14
1.26734e-14
1.05891e-14
8.83885e-15
7.37073e-15
6.14046e-15
5.11054e-15
4.24922e-15
3.52961e-15
2.92901e-15
2.90926e-08
3.09386e-08
3.28698e-08
3.48873e-08
3.69926e-08
3.91866e-08
4.14702e-08
4.3844e-08
4.63085e-08
4.88638e-08
5.15098e-08
5.4246e-08
5.70718e-08
5.99863e-08
6.2988e-08
6.60753e-08
6.92463e-08
7.24987e-08
7.58297e-08
7.92364e-08
8.27153e-08
8.62626e-08
8.98743e-08
9.35458e-08
9.72723e-08
1.01048e-07
1.04869e-07
1.08727e-07
1.12618e-07
1.16533e-07
1.20468e-07
1.24413e-07
1.28362e-07
1.32308e-07
1.36241e-07
1.40155e-07
1.4404e-07
1.47889e-07
1.51692e-07
1.55441e-07
1.59127e-07
1.62741e-07
1.66276e-07
1.69721e-07
1.73068e-07
1.76309e-07
1.79436e-07
1.8244e-07
1.85313e-07
1.88047e-07
1.90636e-07
1.93072e-07
1.95347e-07
1.97457e-07
1.99395e-07
2.01155e-07
2.02733e-07
2.04123e-07
2.05323e-07
2.06328e-07
2.07136e-07
2.07743e-07
2.08149e-07
2.08353e-07
2.08353e-07
2.08149e-07
2.07743e-07
2.07136e-07
2.06328e-07
2.05323e-07
2.04123e-07
2.02733e-07
2.01155e-07
1.99395e-07
1.97457e-07
1.95347e-07
1.93072e-07
1.90636e-07
1.88047e-07
1.85313e-07
1.8244e-07
1.79436e-07
1.76309e-07
1.73068e-07
1.69721e-07
1.66276e-07
1.62741e-07
1.59127e-07
1.55441e-07
1.51692e-07
1.47889e-07
1.4404e-07
1.40155e-07
1.36241e-07
1.32308e-07
1.28362e-07
1.24413e-07
1.20468e-07
1.16533e-07
1.12618e-07
1.08727e-07
1.04869e-07
1.01048e-07
9.72723e-08
9.35458e-08
8.98743e-08
8.62626e-08
8.27153e-08
7.92364e-08
7.58297e-08
7.24987e-08
6.92463e-08
6.60753e-08
6.2988e-08
5.99863e-08
5.70718e-08
5.4246e-08
5.15098e-08
4.88638e-08
4.63085e-08
4.3844e-08
4.14702e-08
3.91866e-08
3.69926e-08
3.48873e-08
3.28698e-08
3.09386e-08
2.90926e-08
2.73299e-08
2.5649e-08
2.4048e-08
2.25249e-08
2.10777e-08
1.97042e-08
1.84023e-08
1.71696e-08
1.60038e-08
1.49026e-08
1.38637e-08
1.28846e-08
1.19629e-08
1.10963e-08
1.02825e-08
9.51905e-09
8.80368e-09
8.13413e-09
7.50816e-09
6.9236e-09
6.37832e-09
5.87025e-09
5.39737e-09
4.95775e-09
4.54948e-09
4.17077e-09
3.81984e-09
3.49503e-09
3.19472e-09
2.91736e-09
2.66148e-09
2.42567e-09
2.2086e-09
2.00899e-09
1.82564e-09
1.6574e-09
1.50319e-09
1.36201e-09
1.23288e-09
1.1149e-09
1.00723e-09
9.09066e-10
8.1967e-10
7.38344e-10
6.64438e-10
5.97346e-10
5.36504e-10
4.81389e-10
4.31514e-10
3.86429e-10
3.45717e-10
3.08992e-10
2.75899e-10
2.4611e-10
2.19322e-10
1.9526e-10
1.73668e-10
1.54313e-10
1.36981e-10
1.21477e-10
1.07622e-10
9.52551e-11
8.42266e-11
7.44024e-11
6.56599e-11
5.78881e-11
5.09864e-11
4.48637e-11
3.94377e-11
3.46341e-11
3.03859e-11
2.66328e-11
2.33205e-11
2.04002e-11
1.78281e-11
1.55652e-11
1.35762e-11
1.18298e-11
1.0298e-11
8.95579e-12
7.78093e-12
6.75359e-12
5.85617e-12
5.07304e-12
4.39035e-12
3.79583e-12
3.2786e-12
2.82909e-12
2.43883e-12
2.10035e-12
1.80708e-12
1.55325e-12
1.33376e-12
1.14417e-12
9.80577e-13
8.39552e-13
7.18107e-13
6.1363e-13
5.23841e-13
4.46754e-13
3.80639e-13
3.23992e-13
2.75506e-13
2.34048e-13
1.98634e-13
1.68414e-13
1.42652e-13
1.20713e-13
1.02048e-13
8.61854e-14
7.27173e-14
6.12939e-14
5.16147e-14
4.34215e-14
3.64932e-14
3.06405e-14
2.57013e-14
2.15372e-14
1.80302e-14
1.50795e-14
1.25994e-14
1.05169e-14
8.77007e-15
7.30623e-15
6.08079e-15
5.05594e-15
4.19971e-15
3.48509e-15
3.4582e-08
3.67764e-08
3.90719e-08
4.14702e-08
4.39727e-08
4.65807e-08
4.92952e-08
5.2117e-08
5.50465e-08
5.80839e-08
6.12291e-08
6.44817e-08
6.78407e-08
7.1305e-08
7.48731e-08
7.8543e-08
8.23124e-08
8.61784e-08
9.0138e-08
9.41875e-08
9.83228e-08
1.0254e-07
1.06833e-07
1.11197e-07
1.15627e-07
1.20115e-07
1.24656e-07
1.29243e-07
1.33867e-07
1.38522e-07
1.43199e-07
1.47889e-07
1.52583e-07
1.57273e-07
1.61949e-07
1.66601e-07
1.71219e-07
1.75794e-07
1.80314e-07
1.84771e-07
1.89152e-07
1.93449e-07
1.9765e-07
2.01745e-07
2.05724e-07
2.09577e-07
2.13294e-07
2.16864e-07
2.20279e-07
2.2353e-07
2.26607e-07
2.29502e-07
2.32207e-07
2.34715e-07
2.37019e-07
2.39111e-07
2.40986e-07
2.42639e-07
2.44065e-07
2.4526e-07
2.4622e-07
2.46942e-07
2.47425e-07
2.47667e-07
2.47667e-07
2.47425e-07
2.46942e-07
2.4622e-07
2.4526e-07
2.44065e-07
2.42639e-07
2.40986e-07
2.39111e-07
2.37019e-07
2.34715e-07
2.32207e-07
2.29502e-07
2.26607e-07
2.2353e-07
2.20279e-07
2.16864e-07
2.13294e-07
2.09577e-07
2.05724e-07
2.01745e-07
1.9765e-07
1.93449e-07
1.89152e-07
1.84771e-07
1.80314e-07
1.75794e-07
1.71219e-07
1.66601e-07
1.61949e-07
1.57273e-07
1.52583e-07
1.47889e-07
1.43199e-07
1.38522e-07
1.33867e-07
1.29243e-07
1.24656e-07
1.20115e-07
1.15627e-07
1.11197e-07
1.06833e-07
1.0254e-07
9.83228e-08
9.41875e-08
9.0138e-08
8.61784e-08
8.23124e-08
7.8543e-08
7.48731e-08
7.1305e-08
6.78407e-08
6.44817e-08
6.12291e-08
5.80839e-08
5.50465e-08
5.2117e-08
4.92952e-08
4.65807e-08
4.39727e-08
4.14702e-08
3.90719e-08
3.67764e-08
3.4582e-08
3.24868e-08
3.04887e-08
2.85856e-08
2.67752e-08
2.50549e-08
2.34222e-08
2.18746e-08
2.04093e-08
1.90236e-08
1.77146e-08
1.64796e-08
1.53157e-08
1.42202e-08
1.31901e-08
1.22227e-08
1.13152e-08
1.04648e-08
9.66895e-09
8.92487e-09
8.23001e-09
7.58184e-09
6.9779e-09
6.4158e-09
5.89322e-09
5.40792e-09
4.95775e-09
4.54061e-09
4.15451e-09
3.79753e-09
3.46783e-09
3.16367e-09
2.88337e-09
2.62534e-09
2.38806e-09
2.17011e-09
1.97013e-09
1.78683e-09
1.619e-09
1.46551e-09
1.32527e-09
1.19728e-09
1.0806e-09
9.74333e-10
8.77662e-10
7.8981e-10
7.10058e-10
6.37737e-10
5.72222e-10
5.12936e-10
4.59344e-10
4.1095e-10
3.67296e-10
3.27958e-10
2.92548e-10
2.60706e-10
2.32103e-10
2.06437e-10
1.8343e-10
1.62827e-10
1.44398e-10
1.2793e-10
1.13229e-10
1.00119e-10
8.84413e-11
7.80492e-11
6.8811e-11
6.0607e-11
5.3329e-11
4.68792e-11
4.11692e-11
3.61195e-11
3.16582e-11
2.77208e-11
2.42495e-11
2.11921e-11
1.85021e-11
1.61379e-11
1.40619e-11
1.22411e-11
1.06457e-11
9.24911e-12
8.02792e-12
6.96117e-12
6.03027e-12
5.21877e-12
4.51206e-12
3.89724e-12
3.36292e-12
2.89901e-12
2.49667e-12
2.14806e-12
1.84633e-12
1.58543e-12
1.36007e-12
1.1656e-12
9.97967e-13
8.53606e-13
7.29415e-13
6.22685e-13
5.31052e-13
4.52462e-13
3.85126e-13
3.27491e-13
2.7821e-13
2.36114e-13
2.00192e-13
1.69569e-13
1.4349e-13
1.21304e-13
1.02448e-13
8.64383e-14
7.28595e-14
6.13538e-14
5.16147e-14
4.33791e-14
3.6422e-14
3.05508e-14
2.56011e-14
2.14323e-14
1.79249e-14
1.49768e-14
1.25014e-14
1.04249e-14
8.68484e-15
7.22817e-15
6.00994e-15
4.99216e-15
4.14269e-15
4.10672e-08
4.36731e-08
4.63991e-08
4.92471e-08
5.22189e-08
5.53159e-08
5.85395e-08
6.18904e-08
6.53693e-08
6.89764e-08
7.27114e-08
7.65739e-08
8.05628e-08
8.46768e-08
8.8914e-08
9.32722e-08
9.77484e-08
1.02339e-07
1.07042e-07
1.1185e-07
1.16761e-07
1.21769e-07
1.26867e-07
1.3205e-07
1.3731e-07
1.4264e-07
1.48033e-07
1.5348e-07
1.58971e-07
1.64499e-07
1.70053e-07
1.75622e-07
1.81197e-07
1.86766e-07
1.92319e-07
1.97843e-07
2.03328e-07
2.0876e-07
2.14129e-07
2.19421e-07
2.24624e-07
2.29726e-07
2.34715e-07
2.39578e-07
2.44304e-07
2.48879e-07
2.53293e-07
2.57533e-07
2.61588e-07
2.65448e-07
2.69102e-07
2.72541e-07
2.75753e-07
2.78731e-07
2.81467e-07
2.83951e-07
2.86178e-07
2.88141e-07
2.89835e-07
2.91253e-07
2.92393e-07
2.93251e-07
2.93824e-07
2.94112e-07
2.94112e-07
2.93824e-07
2.93251e-07
2.92393e-07
2.91253e-07
2.89835e-07
2.88141e-07
2.86178e-07
2.83951e-07
2.81467e-07
2.78731e-07
2.75753e-07
2.72541e-07
2.69102e-07
2.65448e-07
2.61588e-07
2.57533e-07
2.53293e-07
2.48879e-07
2.44304e-07
2.39578e-07
2.34715e-07
2.29726e-07
2.24624e-07
2.19421e-07
2.14129e-07
2.0876e-07
2.03328e-07
1.97843e-07
1.92319e-07
1.86766e-07
1.81197e-07
1.75622e-07
1.70053e-07
1.64499e-07
1.58971e-07
1.5348e-07
1.48033e-07
1.4264e-07
1.3731e-07
1.3205e-07
1.26867e-07
1.21769e-07
1.16761e-07
1.1185e-07
1.07042e-07
1.02339e-07
9.77484e-08
9.32722e-08
8.8914e-08
8.46768e-08
8.05628e-08
7.65739e-08
7.27114e-08
6.89764e-08
6.53693e-08
6.18904e-08
5.85395e-08
5.53159e-08
5.22189e-08
4.92471e-08
4.63991e-08
4.36731e-08
4.10672e-08
3.8579e-08
3.62063e-08
3.39463e-08
3.17963e-08
2.97534e-08
2.78146e-08
2.59767e-08
2.42366e-08
2.2591e-08
2.10366e-08
1.957e-08
1.81879e-08
1.68869e-08
1.56636e-08
1.45148e-08
1.34371e-08
1.24273e-08
1.14822e-08
1.05985e-08
9.77338e-09
9.00366e-09
8.28646e-09
7.61895e-09
6.99837e-09
6.42207e-09
5.88747e-09
5.3921e-09
4.9336e-09
4.50967e-09
4.11815e-09
3.75695e-09
3.42408e-09
3.11766e-09
2.8359e-09
2.57707e-09
2.33959e-09
2.12191e-09
1.92261e-09
1.74033e-09
1.5738e-09
1.42181e-09
1.28324e-09
1.15705e-09
1.04225e-09
9.37923e-10
8.43215e-10
7.57331e-10
6.7953e-10
6.09127e-10
5.45485e-10
4.88016e-10
4.36175e-10
3.8946e-10
3.47409e-10
3.09596e-10
2.7563e-10
2.4515e-10
2.17828e-10
1.93362e-10
1.71477e-10
1.5192e-10
1.34462e-10
1.18895e-10
1.05027e-10
9.26857e-11
8.1715e-11
7.19725e-11
6.33297e-11
5.56704e-11
4.88897e-11
4.28929e-11
3.7595e-11
3.29193e-11
2.87969e-11
2.51662e-11
2.19718e-11
1.91642e-11
1.6699e-11
1.45367e-11
1.2642e-11
1.09836e-11
9.53339e-12
8.26659e-12
7.16113e-12
6.19744e-12
5.3582e-12
4.62809e-12
3.99356e-12
3.44266e-12
2.96487e-12
2.55089e-12
2.19257e-12
1.88274e-12
1.61512e-12
1.38419e-12
1.18511e-12
1.01368e-12
8.66202e-13
7.39456e-13
6.3064e-13
5.37312e-13
4.57349e-13
3.88906e-13
3.30382e-13
2.80392e-13
2.37733e-13
2.01368e-13
1.70399e-13
1.44052e-13
1.2166e-13
1.02648e-13
8.65227e-14
7.28595e-14
6.12939e-14
5.15139e-14
4.32522e-14
3.628e-14
3.0402e-14
2.54515e-14
2.12863e-14
1.77854e-14
1.48457e-14
1.23799e-14
1.03135e-14
8.58366e-15
7.13698e-15
5.92833e-15
4.91956e-15
4.87209e-08
5.18125e-08
5.50465e-08
5.84253e-08
6.19509e-08
6.56252e-08
6.94495e-08
7.3425e-08
7.75522e-08
8.18315e-08
8.62626e-08
9.0845e-08
9.55773e-08
1.00458e-07
1.05485e-07
1.10655e-07
1.15966e-07
1.21412e-07
1.26991e-07
1.32696e-07
1.38522e-07
1.44463e-07
1.50511e-07
1.5666e-07
1.629e-07
1.69224e-07
1.75622e-07
1.82084e-07
1.88599e-07
1.95157e-07
2.01745e-07
2.08353e-07
2.14967e-07
2.21574e-07
2.28161e-07
2.34715e-07
2.41222e-07
2.47667e-07
2.54036e-07
2.60314e-07
2.66487e-07
2.72541e-07
2.78459e-07
2.84229e-07
2.89835e-07
2.95263e-07
3.00499e-07
3.05529e-07
3.10341e-07
3.1492e-07
3.19255e-07
3.23334e-07
3.27145e-07
3.30679e-07
3.33924e-07
3.36871e-07
3.39514e-07
3.41842e-07
3.43851e-07
3.45534e-07
3.46887e-07
3.47904e-07
3.48585e-07
3.48925e-07
3.48925e-07
3.48585e-07
3.47904e-07
3.46887e-07
3.45534e-07
3.43851e-07
3.41842e-07
3.39514e-07
3.36871e-07
3.33924e-07
3.30679e-07
3.27145e-07
3.23334e-07
3.19255e-07
3.1492e-07
3.10341e-07
3.05529e-07
3.00499e-07
2.95263e-07
2.89835e-07
2.84229e-07
2.78459e-07
2.72541e-07
2.66487e-07
2.60314e-07
2.54036e-07
2.47667e-07
2.41222e-07
2.34715e-07
2.28161e-07
2.21574e-07
2.14967e-07
2.08353e-07
2.01745e-07
1.95157e-07
1.88599e-07
1.82084e-07
1.75622e-07
1.69224e-07
1.629e-07
1.5666e-07
1.50511e-07
1.44463e-07
1.38522e-07
1.32696e-07
1.26991e-07
1.21412e-07
1.15966e-07
1.10655e-07
1.05485e-07
1.00458e-07
9.55773e-08
9.0845e-08
8.62626e-08
8.18315e-08
7.75522e-08
7.3425e-08
6.94495e-08
6.56252e-08
6.19509e-08
5.84253e-08
5.50465e-08
5.18125e-08
4.87209e-08
4.5769e-08
4.29541e-08
4.02729e-08
3.77222e-08
3.52986e-08
3.29984e-08
3.0818e-08
2.87536e-08
2.68013e-08
2.49572e-08
2.32173e-08
2.15776e-08
2.00341e-08
1.85829e-08
1.72199e-08
1.59414e-08
1.47434e-08
1.36221e-08
1.25738e-08
1.15948e-08
1.06817e-08
9.83081e-09
9.0389e-09
8.30266e-09
7.61895e-09
6.98472e-09
6.39703e-09
5.85307e-09
5.35014e-09
4.88565e-09
4.45713e-09
4.06223e-09
3.6987e-09
3.36442e-09
3.05736e-09
2.77562e-09
2.51738e-09
2.28093e-09
2.06468e-09
1.8671e-09
1.68679e-09
1.5224e-09
1.37269e-09
1.23649e-09
1.11272e-09
1.00037e-09
8.98475e-10
8.06175e-10
7.2265e-10
6.47147e-10
5.78967e-10
5.17465e-10
4.62044e-10
4.12156e-10
3.67296e-10
3.26999e-10
2.90839e-10
2.58425e-10
2.29399e-10
2.03435e-10
1.80234e-10
1.59522e-10
1.41053e-10
1.24601e-10
1.0996e-10
9.69443e-11
8.53861e-11
7.51325e-11
6.60457e-11
5.80012e-11
5.08869e-11
4.46016e-11
3.90544e-11
3.41638e-11
2.98565e-11
2.60667e-11
2.27358e-11
1.98112e-11
1.72459e-11
1.49981e-11
1.30306e-11
1.13101e-11
9.80724e-12
8.49575e-12
7.35246e-12
6.35681e-12
5.49063e-12
4.73784e-12
4.08427e-12
3.51743e-12
3.0263e-12
2.6012e-12
2.23363e-12
1.91613e-12
1.64216e-12
1.40598e-12
1.2026e-12
1.02764e-12
8.77269e-13
7.48173e-13
6.37451e-13
5.42585e-13
4.61386e-13
3.91956e-13
3.32649e-13
2.8204e-13
2.38897e-13
2.02156e-13
1.70899e-13
1.44333e-13
1.21779e-13
1.02648e-13
8.64383e-14
7.27173e-14
6.11146e-14
5.13131e-14
4.30415e-14
3.6068e-14
3.01949e-14
2.52534e-14
2.11e-14
1.76125e-14
1.46871e-14
1.22356e-14
1.01834e-14
8.4671e-15
7.0332e-15
5.83642e-15
5.77446e-08
6.14088e-08
6.52418e-08
6.92463e-08
7.3425e-08
7.77797e-08
8.23124e-08
8.70242e-08
9.19158e-08
9.69877e-08
1.0224e-07
1.07671e-07
1.13279e-07
1.19064e-07
1.25022e-07
1.3115e-07
1.37444e-07
1.439e-07
1.50511e-07
1.57273e-07
1.64178e-07
1.71219e-07
1.78388e-07
1.85675e-07
1.93072e-07
2.00567e-07
2.08149e-07
2.15808e-07
2.2353e-07
2.31302e-07
2.39111e-07
2.46942e-07
2.54781e-07
2.62612e-07
2.7042e-07
2.78187e-07
2.85899e-07
2.93538e-07
3.01086e-07
3.08527e-07
3.15844e-07
3.23018e-07
3.30033e-07
3.36871e-07
3.43516e-07
3.49949e-07
3.56155e-07
3.62117e-07
3.67819e-07
3.73247e-07
3.78385e-07
3.83219e-07
3.87737e-07
3.91924e-07
3.9577e-07
3.99264e-07
4.02396e-07
4.05156e-07
4.07537e-07
4.09532e-07
4.11134e-07
4.12341e-07
4.13147e-07
4.1355e-07
4.1355e-07
4.13147e-07
4.12341e-07
4.11134e-07
4.09532e-07
4.07537e-07
4.05156e-07
4.02396e-07
3.99264e-07
3.9577e-07
3.91924e-07
3.87737e-07
3.83219e-07
3.78385e-07
3.73247e-07
3.67819e-07
3.62117e-07
3.56155e-07
3.49949e-07
3.43516e-07
3.36871e-07
3.30033e-07
3.23018e-07
3.15844e-07
3.08527e-07
3.01086e-07
2.93538e-07
2.85899e-07
2.78187e-07
2.7042e-07
2.62612e-07
2.54781e-07
2.46942e-07
2.39111e-07
2.31302e-07
2.2353e-07
2.15808e-07
2.08149e-07
2.00567e-07
1.93072e-07
1.85675e-07
1.78388e-07
1.71219e-07
1.64178e-07
1.57273e-07
1.50511e-07
1.439e-07
1.37444e-07
1.3115e-07
1.25022e-07
1.19064e-07
1.13279e-07
1.07671e-07
1.0224e-07
9.69877e-08
9.19158e-08
8.70242e-08
8.23124e-08
7.77797e-08
7.3425e-08
6.92463e-08
6.52418e-08
6.14088e-08
5.77446e-08
5.4246e-08
5.09097e-08
4.77319e-08
4.47088e-08
4.18363e-08
3.91101e-08
3.65259e-08
3.40791e-08
3.17653e-08
2.95796e-08
2.75174e-08
2.5574e-08
2.37447e-08
2.20247e-08
2.04093e-08
1.8894e-08
1.74741e-08
1.61451e-08
1.49026e-08
1.37424e-08
1.26601e-08
1.16516e-08
1.0713e-08
9.84042e-09
9.03008e-09
8.27838e-09
7.58184e-09
6.93714e-09
6.34105e-09
5.79054e-09
5.28265e-09
4.81461e-09
4.38375e-09
3.98755e-09
3.62362e-09
3.2897e-09
2.98362e-09
2.70339e-09
2.44708e-09
2.21292e-09
1.9992e-09
1.80437e-09
1.62693e-09
1.46551e-09
1.31881e-09
1.18565e-09
1.06488e-09
9.55488e-10
8.56494e-10
7.67007e-10
6.86199e-10
6.13305e-10
5.4762e-10
4.88492e-10
4.35324e-10
3.87563e-10
3.44706e-10
3.06288e-10
2.71887e-10
2.41114e-10
2.13615e-10
1.89068e-10
1.67178e-10
1.47678e-10
1.30325e-10
1.149e-10
1.01201e-10
8.9048e-11
7.82782e-11
6.87438e-11
6.03118e-11
5.28623e-11
4.62878e-11
4.04914e-11
3.53863e-11
3.08946e-11
2.69468e-11
2.34804e-11
2.044e-11
1.7776e-11
1.5444e-11
1.34049e-11
1.16237e-11
1.00693e-11
8.71422e-12
7.53417e-12
6.50756e-12
5.61535e-12
4.84073e-12
4.1689e-12
3.5868e-12
3.08297e-12
2.64733e-12
2.27102e-12
1.94631e-12
1.66639e-12
1.42534e-12
1.21797e-12
1.03975e-12
8.86743e-13
7.55515e-13
6.43078e-13
5.46841e-13
4.64551e-13
3.94259e-13
3.34277e-13
2.83144e-13
2.39598e-13
2.02551e-13
1.71066e-13
1.44333e-13
1.2166e-13
1.02448e-13
8.61854e-14
7.24338e-14
6.08169e-14
5.10133e-14
4.27483e-14
3.57874e-14
2.99307e-14
2.5008e-14
2.08746e-14
1.74073e-14
1.45018e-14
1.20695e-14
1.00353e-14
8.33583e-15
6.9174e-15
6.83728e-08
7.27114e-08
7.72499e-08
8.19915e-08
8.69392e-08
9.20955e-08
9.74624e-08
1.03041e-07
1.08833e-07
1.14839e-07
1.21057e-07
1.27488e-07
1.34129e-07
1.40979e-07
1.48033e-07
1.55289e-07
1.62741e-07
1.70385e-07
1.78214e-07
1.8622e-07
1.94396e-07
2.02733e-07
2.11221e-07
2.1985e-07
2.28607e-07
2.37482e-07
2.4646e-07
2.55529e-07
2.64672e-07
2.73875e-07
2.83121e-07
2.92393e-07
3.01675e-07
3.10947e-07
3.20192e-07
3.29389e-07
3.3852e-07
3.47565e-07
3.56503e-07
3.65314e-07
3.73977e-07
3.82472e-07
3.90778e-07
3.98874e-07
4.06742e-07
4.14359e-07
4.21707e-07
4.28766e-07
4.35519e-07
4.41945e-07
4.48029e-07
4.53753e-07
4.59102e-07
4.6406e-07
4.68614e-07
4.72751e-07
4.76459e-07
4.79727e-07
4.82546e-07
4.84908e-07
4.86806e-07
4.88234e-07
4.89189e-07
4.89667e-07
4.89667e-07
4.89189e-07
4.88234e-07
4.86806e-07
4.84908e-07
4.82546e-07
4.79727e-07
4.76459e-07
4.72751e-07
4.68614e-07
4.6406e-07
4.59102e-07
4.53753e-07
4.48029e-07
4.41945e-07
4.35519e-07
4.28766e-07
4.21707e-07
4.14359e-07
4.06742e-07
3.98874e-07
3.90778e-07
3.82472e-07
3.73977e-07
3.65314e-07
3.56503e-07
3.47565e-07
3.3852e-07
3.29389e-07
3.20192e-07
3.10947e-07
3.01675e-07
2.92393e-07
2.83121e-07
2.73875e-07
2.64672e-07
2.55529e-07
2.4646e-07
2.37482e-07
2.28607e-07
2.1985e-07
2.11221e-07
2.02733e-07
1.94396e-07
1.8622e-07
1.78214e-07
1.70385e-07
1.62741e-07
1.55289e-07
1.48033e-07
1.40979e-07
1.34129e-07
1.27488e-07
1.21057e-07
1.14839e-07
1.08833e-07
1.03041e-07
9.74624e-08
9.20955e-08
8.69392e-08
8.19915e-08
7.72499e-08
7.27114e-08
6.83728e-08
6.42303e-08
6.02799e-08
5.65172e-08
5.29377e-08
4.95365e-08
4.63085e-08
4.32487e-08
4.03516e-08
3.76118e-08
3.50239e-08
3.25821e-08
3.0281e-08
2.8115e-08
2.60784e-08
2.41657e-08
2.23715e-08
2.06902e-08
1.91167e-08
1.76455e-08
1.62717e-08
1.49902e-08
1.37961e-08
1.26848e-08
1.16516e-08
1.06921e-08
9.80205e-09
8.97732e-09
8.21395e-09
7.50816e-09
6.85632e-09
6.25495e-09
5.70076e-09
5.1906e-09
4.72148e-09
4.29057e-09
3.89518e-09
3.53278e-09
3.20096e-09
2.89748e-09
2.62021e-09
2.36717e-09
2.13647e-09
1.92637e-09
1.73524e-09
1.56155e-09
1.40387e-09
1.26088e-09
1.13135e-09
1.01414e-09
9.08179e-10
8.12498e-10
7.26187e-10
6.48412e-10
5.78402e-10
5.15447e-10
4.58896e-10
4.08151e-10
3.62662e-10
3.21929e-10
2.85492e-10
2.52932e-10
2.23867e-10
1.97948e-10
1.74859e-10
1.54313e-10
1.36047e-10
1.19827e-10
1.05438e-10
9.26857e-11
8.13965e-11
7.14125e-11
6.25919e-11
5.48073e-11
4.79441e-11
4.18993e-11
3.65809e-11
3.19065e-11
2.78021e-11
2.42021e-11
2.10477e-11
1.82866e-11
1.58722e-11
1.37631e-11
1.19226e-11
1.03181e-11
8.92088e-12
7.70531e-12
6.64888e-12
5.7317e-12
4.93621e-12
4.24697e-12
3.65041e-12
3.13458e-12
2.68902e-12
2.30453e-12
1.9731e-12
1.68768e-12
1.44214e-12
1.23112e-12
1.04995e-12
8.94571e-13
7.6144e-13
6.47489e-13
5.50054e-13
4.66825e-13
3.95802e-13
3.35258e-13
2.83697e-13
2.39832e-13
2.02551e-13
1.70899e-13
1.44052e-13
1.21304e-13
1.02048e-13
8.57656e-14
7.20106e-14
6.04026e-14
5.06163e-14
4.23742e-14
3.54396e-14
2.96109e-14
2.47167e-14
2.06112e-14
1.7171e-14
1.42909e-14
1.18824e-14
9.87009e-15
8.19059e-15
8.08781e-08
8.60103e-08
9.13788e-08
9.69877e-08
1.0284e-07
1.0894e-07
1.15288e-07
1.21888e-07
1.28739e-07
1.35843e-07
1.43199e-07
1.50805e-07
1.58661e-07
1.66763e-07
1.75108e-07
1.83691e-07
1.92507e-07
2.01548e-07
2.10809e-07
2.20279e-07
2.29951e-07
2.39813e-07
2.49853e-07
2.6006e-07
2.7042e-07
2.80917e-07
2.91538e-07
3.02265e-07
3.1308e-07
3.23966e-07
3.34903e-07
3.45872e-07
3.56851e-07
3.67819e-07
3.78755e-07
3.89635e-07
4.00436e-07
4.11134e-07
4.21707e-07
4.32129e-07
4.42377e-07
4.52426e-07
4.62251e-07
4.71828e-07
4.81134e-07
4.90145e-07
4.98837e-07
5.07188e-07
5.15175e-07
5.22777e-07
5.29973e-07
5.36744e-07
5.43071e-07
5.48936e-07
5.54323e-07
5.59217e-07
5.63603e-07
5.67469e-07
5.70804e-07
5.73598e-07
5.75843e-07
5.77532e-07
5.78661e-07
5.79226e-07
5.79226e-07
5.78661e-07
5.77532e-07
5.75843e-07
5.73598e-07
5.70804e-07
5.67469e-07
5.63603e-07
5.59217e-07
5.54323e-07
5.48936e-07
5.43071e-07
5.36744e-07
5.29973e-07
5.22777e-07
5.15175e-07
5.07188e-07
4.98837e-07
4.90145e-07
4.81134e-07
4.71828e-07
4.62251e-07
4.52426e-07
4.42377e-07
4.32129e-07
4.21707e-07
4.11134e-07
4.00436e-07
3.89635e-07
3.78755e-07
3.67819e-07
3.56851e-07
3.45872e-07
3.34903e-07
3.23966e-07
3.1308e-07
3.02265e-07
2.91538e-07
2.80917e-07
2.7042e-07
2.6006e-07
2.49853e-07
2.39813e-07
2.29951e-07
2.20279e-07
2.10809e-07
2.01548e-07
1.92507e-07
1.83691e-07
1.75108e-07
1.66763e-07
1.58661e-07
1.50805e-07
1.43199e-07
1.35843e-07
1.28739e-07
1.21888e-07
1.15288e-07
1.0894e-07
1.0284e-07
9.69877e-08
9.13788e-08
8.60103e-08
8.08781e-08
7.5978e-08
7.1305e-08
6.68542e-08
6.262e-08
5.85967e-08
5.47784e-08
5.11589e-08
4.77319e-08
4.4491e-08
4.14297e-08
3.85414e-08
3.58194e-08
3.32572e-08
3.08481e-08
2.85856e-08
2.64632e-08
2.44745e-08
2.26131e-08
2.08729e-08
1.92478e-08
1.77319e-08
1.63194e-08
1.50048e-08
1.37827e-08
1.26477e-08
1.15948e-08
1.06193e-08
9.71628e-09
8.8814e-09
8.11033e-09
7.39898e-09
6.74343e-09
6.13996e-09
5.58504e-09
5.07532e-09
4.60761e-09
4.17892e-09
3.78642e-09
3.42743e-09
3.09945e-09
2.80012e-09
2.52723e-09
2.27871e-09
2.05262e-09
1.84716e-09
1.66064e-09
1.4915e-09
1.33827e-09
1.19962e-09
1.07428e-09
9.61103e-10
8.59007e-10
7.67007e-10
6.84192e-10
6.09722e-10
5.42828e-10
4.82801e-10
4.28993e-10
3.8081e-10
3.37709e-10
2.99193e-10
2.64812e-10
2.34152e-10
2.06841e-10
1.82536e-10
1.6093e-10
1.41744e-10
1.24722e-10
1.09638e-10
9.62838e-11
8.44738e-11
7.404e-11
6.48316e-11
5.6713e-11
4.95627e-11
4.32716e-11
3.77421e-11
3.28871e-11
2.86287e-11
2.48973e-11
2.16312e-11
1.87752e-11
1.62803e-11
1.41032e-11
1.22053e-11
1.05525e-11
9.11461e-12
7.86496e-12
6.78002e-12
5.83904e-12
5.02374e-12
4.31807e-12
3.7079e-12
3.18084e-12
2.72603e-12
2.33398e-12
1.99636e-12
1.70591e-12
1.45629e-12
1.24199e-12
1.05819e-12
9.00708e-13
7.65915e-13
6.50659e-13
5.52207e-13
4.68195e-13
3.96576e-13
3.35585e-13
2.83697e-13
2.39598e-13
2.02156e-13
1.70399e-13
1.4349e-13
1.20713e-13
1.01452e-13
8.51813e-14
7.14502e-14
5.98741e-14
5.01244e-14
4.19215e-14
3.50267e-14
2.92373e-14
2.4381e-14
2.03115e-14
1.69048e-14
1.40556e-14
1.16753e-14
9.68864e-15
9.55773e-08
1.01642e-07
1.07986e-07
1.14615e-07
1.21531e-07
1.28739e-07
1.36241e-07
1.4404e-07
1.52137e-07
1.60532e-07
1.69224e-07
1.78214e-07
1.87497e-07
1.97072e-07
2.06933e-07
2.17076e-07
2.27494e-07
2.38179e-07
2.49122e-07
2.60314e-07
2.71743e-07
2.83397e-07
2.95263e-07
3.07325e-07
3.19567e-07
3.31973e-07
3.44524e-07
3.572e-07
3.69981e-07
3.82845e-07
3.9577e-07
4.08732e-07
4.21707e-07
4.34669e-07
4.47592e-07
4.60449e-07
4.73213e-07
4.85856e-07
4.9835e-07
5.10667e-07
5.22777e-07
5.34652e-07
5.46263e-07
5.57581e-07
5.68578e-07
5.79226e-07
5.89498e-07
5.99366e-07
6.08805e-07
6.17789e-07
6.26293e-07
6.34295e-07
6.41772e-07
6.48703e-07
6.55069e-07
6.60852e-07
6.66035e-07
6.70603e-07
6.74544e-07
6.77846e-07
6.80499e-07
6.82496e-07
6.8383e-07
6.84498e-07
6.84498e-07
6.8383e-07
6.82496e-07
6.80499e-07
6.77846e-07
6.74544e-07
6.70603e-07
6.66035e-07
6.60852e-07
6.55069e-07
6.48703e-07
6.41772e-07
6.34295e-07
6.26293e-07
6.17789e-07
6.08805e-07
5.99366e-07
5.89498e-07
5.79226e-07
5.68578e-07
5.57581e-07
5.46263e-07
5.34652e-07
5.22777e-07
5.10667e-07
4.9835e-07
4.85856e-07
4.73213e-07
4.60449e-07
4.47592e-07
4.34669e-07
4.21707e-07
4.08732e-07
3.9577e-07
3.82845e-07
3.69981e-07
3.572e-07
3.44524e-07
3.31973e-07
3.19567e-07
3.07325e-07
2.95263e-07
2.83397e-07
2.71743e-07
2.60314e-07
2.49122e-07
2.38179e-07
2.27494e-07
2.17076e-07
2.06933e-07
1.97072e-07
1.87497e-07
1.78214e-07
1.69224e-07
1.60532e-07
1.52137e-07
1.4404e-07
1.36241e-07
1.28739e-07
1.21531e-07
1.14615e-07
1.07986e-07
1.01642e-07
9.55773e-08
8.97866e-08
8.42644e-08
7.90046e-08
7.40008e-08
6.92463e-08
6.4734e-08
6.04567e-08
5.64069e-08
5.2577e-08
4.89594e-08
4.55461e-08
4.23294e-08
3.93015e-08
3.64546e-08
3.37809e-08
3.12728e-08
2.89226e-08
2.67229e-08
2.46664e-08
2.2746e-08
2.09546e-08
1.92854e-08
1.77319e-08
1.62876e-08
1.49463e-08
1.37022e-08
1.25493e-08
1.14822e-08
1.04956e-08
9.58435e-09
8.74371e-09
7.96901e-09
7.25587e-09
6.6001e-09
5.99773e-09
5.44502e-09
4.93842e-09
4.47458e-09
4.05035e-09
3.66276e-09
3.30903e-09
2.98654e-09
2.69285e-09
2.42567e-09
2.18287e-09
1.96245e-09
1.76257e-09
1.5815e-09
1.41765e-09
1.26953e-09
1.13578e-09
1.01513e-09
9.06407e-10
8.0854e-10
7.20536e-10
6.41484e-10
5.70548e-10
5.06961e-10
4.5002e-10
3.99085e-10
3.5357e-10
3.1294e-10
2.76708e-10
2.44433e-10
2.15711e-10
1.90179e-10
1.67505e-10
1.4739e-10
1.29564e-10
1.13783e-10
9.98265e-11
8.74964e-11
7.66144e-11
6.70203e-11
5.85704e-11
5.1136e-11
4.46016e-11
3.88642e-11
3.38318e-11
2.94223e-11
2.55626e-11
2.21875e-11
1.92392e-11
1.66664e-11
1.44236e-11
1.24704e-11
1.07711e-11
9.29438e-12
8.01226e-12
6.90025e-12
5.93678e-12
5.10286e-12
4.38179e-12
3.75894e-12
3.22148e-12
2.75817e-12
2.35918e-12
2.01595e-12
1.72097e-12
1.46771e-12
1.25051e-12
1.06441e-12
9.05116e-13
7.68913e-13
6.52568e-13
5.53287e-13
4.68652e-13
3.96576e-13
3.35258e-13
2.83144e-13
2.38897e-13
2.01368e-13
1.69569e-13
1.42652e-13
1.19891e-13
1.00663e-13
8.44359e-14
7.07559e-14
5.92343e-14
4.95405e-14
4.13926e-14
3.45511e-14
2.88122e-14
2.4003e-14
1.99771e-14
1.66102e-14
1.37973e-14
1.14495e-14
1.12838e-07
1.19998e-07
1.27488e-07
1.35313e-07
1.43479e-07
1.51988e-07
1.60845e-07
1.70053e-07
1.79611e-07
1.89522e-07
1.99785e-07
2.10397e-07
2.21358e-07
2.32661e-07
2.44304e-07
2.56278e-07
2.68577e-07
2.81192e-07
2.94112e-07
3.07325e-07
3.20818e-07
3.34576e-07
3.48585e-07
3.62825e-07
3.77278e-07
3.91924e-07
4.06742e-07
4.21707e-07
4.36796e-07
4.51984e-07
4.67243e-07
4.82546e-07
4.97864e-07
5.13166e-07
5.28423e-07
5.43602e-07
5.58671e-07
5.73598e-07
5.88348e-07
6.02889e-07
6.17186e-07
6.31205e-07
6.44913e-07
6.58275e-07
6.71259e-07
6.8383e-07
6.95957e-07
7.07607e-07
7.1875e-07
7.29356e-07
7.39396e-07
7.48843e-07
7.5767e-07
7.65853e-07
7.73369e-07
7.80196e-07
7.86315e-07
7.91709e-07
7.96361e-07
8.00259e-07
8.03391e-07
8.05749e-07
8.07324e-07
8.08113e-07
8.08113e-07
8.07324e-07
8.05749e-07
8.03391e-07
8.00259e-07
7.96361e-07
7.91709e-07
7.86315e-07
7.80196e-07
7.73369e-07
7.65853e-07
7.5767e-07
7.48843e-07
7.39396e-07
7.29356e-07
7.1875e-07
7.07607e-07
6.95957e-07
6.8383e-07
6.71259e-07
6.58275e-07
6.44913e-07
6.31205e-07
6.17186e-07
6.02889e-07
5.88348e-07
5.73598e-07
5.58671e-07
5.43602e-07
5.28423e-07
5.13166e-07
4.97864e-07
4.82546e-07
4.67243e-07
4.51984e-07
4.36796e-07
4.21707e-07
4.06742e-07
3.91924e-07
3.77278e-07
3.62825e-07
3.48585e-07
3.34576e-07
3.20818e-07
3.07325e-07
2.94112e-07
2.81192e-07
2.68577e-07
2.56278e-07
2.44304e-07
2.32661e-07
2.21358e-07
2.10397e-07
1.99785e-07
1.89522e-07
1.79611e-07
1.70053e-07
1.60845e-07
1.51988e-07
1.43479e-07
1.35313e-07
1.27488e-07
1.19998e-07
1.12838e-07
1.06001e-07
9.94818e-08
9.32722e-08
8.73648e-08
8.17516e-08
7.64245e-08
7.13747e-08
6.65935e-08
6.2072e-08
5.7801e-08
5.37713e-08
4.99738e-08
4.63991e-08
4.3038e-08
3.98815e-08
3.69204e-08
3.41458e-08
3.15489e-08
2.9121e-08
2.68537e-08
2.47388e-08
2.27682e-08
2.09341e-08
1.9229e-08
1.76455e-08
1.61766e-08
1.48156e-08
1.35557e-08
1.2391e-08
1.13152e-08
1.03227e-08
9.40815e-09
8.56622e-09
7.79202e-09
7.08087e-09
6.42834e-09
5.83026e-09
5.28265e-09
4.78181e-09
4.32422e-09
3.90661e-09
3.52588e-09
3.17916e-09
2.86373e-09
2.57707e-09
2.31685e-09
2.08087e-09
1.8671e-09
1.67366e-09
1.4988e-09
1.34089e-09
1.19845e-09
1.0701e-09
9.54555e-10
8.50659e-10
7.57331e-10
6.73584e-10
5.98513e-10
5.3129e-10
4.71157e-10
4.17422e-10
3.69454e-10
3.2668e-10
2.88575e-10
2.54667e-10
2.24523e-10
1.97755e-10
1.74007e-10
1.52962e-10
1.34331e-10
1.17854e-10
1.03297e-10
9.04503e-11
7.91236e-11
6.91478e-11
6.03707e-11
5.26562e-11
4.58828e-11
3.99416e-11
3.47357e-11
3.01789e-11
2.61943e-11
2.27136e-11
1.96762e-11
1.70283e-11
1.47224e-11
1.27163e-11
1.09729e-11
9.4592e-12
8.14638e-12
7.00892e-12
6.02439e-12
5.1731e-12
4.43777e-12
3.80325e-12
3.25627e-12
2.78523e-12
2.38001e-12
2.03176e-12
1.73277e-12
1.47634e-12
1.25663e-12
1.06857e-12
9.07772e-13
7.70416e-13
6.53205e-13
5.53287e-13
4.68195e-13
3.95802e-13
3.34277e-13
2.8204e-13
2.37733e-13
2.00192e-13
1.68414e-13
1.41542e-13
1.18841e-13
9.96844e-14
8.35338e-14
6.99315e-14
5.84871e-14
4.88678e-14
4.07907e-14
3.40154e-14
2.83378e-14
2.35848e-14
1.96099e-14
1.62889e-14
1.35172e-14
1.33085e-07
1.4153e-07
1.50364e-07
1.59594e-07
1.69224e-07
1.79261e-07
1.89707e-07
2.00567e-07
2.11841e-07
2.2353e-07
2.35634e-07
2.48151e-07
2.61078e-07
2.7441e-07
2.88141e-07
3.02265e-07
3.16771e-07
3.31649e-07
3.46887e-07
3.62471e-07
3.78385e-07
3.94613e-07
4.11134e-07
4.2793e-07
4.44977e-07
4.62251e-07
4.79727e-07
4.97378e-07
5.15175e-07
5.33088e-07
5.51085e-07
5.69134e-07
5.872e-07
6.05248e-07
6.23243e-07
6.41145e-07
6.58918e-07
6.76523e-07
6.93921e-07
7.11071e-07
7.27933e-07
7.44468e-07
7.60636e-07
7.76396e-07
7.91709e-07
8.06536e-07
8.20839e-07
8.34579e-07
8.47722e-07
8.60231e-07
8.72073e-07
8.83215e-07
8.93626e-07
9.03277e-07
9.12142e-07
9.20194e-07
9.27411e-07
9.33772e-07
9.3926e-07
9.43857e-07
9.47551e-07
9.50331e-07
9.52189e-07
9.5312e-07
9.5312e-07
9.52189e-07
9.50331e-07
9.47551e-07
9.43857e-07
9.3926e-07
9.33772e-07
9.27411e-07
9.20194e-07
9.12142e-07
9.03277e-07
8.93626e-07
8.83215e-07
8.72073e-07
8.60231e-07
8.47722e-07
8.34579e-07
8.20839e-07
8.06536e-07
7.91709e-07
7.76396e-07
7.60636e-07
7.44468e-07
7.27933e-07
7.11071e-07
6.93921e-07
6.76523e-07
6.58918e-07
6.41145e-07
6.23243e-07
6.05248e-07
5.872e-07
5.69134e-07
5.51085e-07
5.33088e-07
5.15175e-07
4.97378e-07
4.79727e-07
4.62251e-07
4.44977e-07
4.2793e-07
4.11134e-07
3.94613e-07
3.78385e-07
3.62471e-07
3.46887e-07
3.31649e-07
3.16771e-07
3.02265e-07
2.88141e-07
2.7441e-07
2.61078e-07
2.48151e-07
2.35634e-07
2.2353e-07
2.11841e-07
2.00567e-07
1.89707e-07
1.79261e-07
1.69224e-07
1.59594e-07
1.50364e-07
1.4153e-07
1.33085e-07
1.25022e-07
1.17333e-07
1.10009e-07
1.03041e-07
9.64211e-08
9.0138e-08
8.41821e-08
7.8543e-08
7.32102e-08
6.81728e-08
6.342e-08
5.8941e-08
5.47249e-08
5.07607e-08
4.70378e-08
4.35454e-08
4.02729e-08
3.721e-08
3.43464e-08
3.16723e-08
2.91779e-08
2.68537e-08
2.46905e-08
2.26794e-08
2.08118e-08
1.90794e-08
1.74741e-08
1.59882e-08
1.46144e-08
1.33456e-08
1.21751e-08
1.10963e-08
1.01033e-08
9.19021e-09
8.35145e-09
7.58184e-09
6.87643e-09
6.23056e-09
5.63985e-09
5.10016e-09
4.60761e-09
4.15857e-09
3.74962e-09
3.37759e-09
3.0395e-09
2.73259e-09
2.45426e-09
2.20214e-09
1.97398e-09
1.76774e-09
1.5815e-09
1.4135e-09
1.26211e-09
1.12584e-09
1.0033e-09
8.93226e-10
7.94452e-10
7.0591e-10
6.26624e-10
5.55701e-10
4.92324e-10
4.35749e-10
3.85299e-10
3.40357e-10
3.00364e-10
2.64812e-10
2.3324e-10
2.05231e-10
1.8041e-10
1.58435e-10
1.39002e-10
1.21833e-10
1.06681e-10
9.33215e-11
8.15556e-11
7.12035e-11
6.21048e-11
5.41159e-11
4.71087e-11
4.09687e-11
3.55942e-11
3.08946e-11
2.67893e-11
2.32069e-11
2.00839e-11
1.73642e-11
1.49981e-11
1.29418e-11
1.11566e-11
9.60816e-12
8.26659e-12
7.1054e-12
6.10136e-12
5.23408e-12
4.4857e-12
3.84057e-12
3.28501e-12
2.80708e-12
2.39634e-12
2.0437e-12
1.74125e-12
1.48212e-12
1.26032e-12
1.07066e-12
9.08659e-13
7.70416e-13
6.52568e-13
5.52207e-13
4.66825e-13
3.94259e-13
3.32649e-13
2.80392e-13
2.36114e-13
1.98634e-13
1.6694e-13
1.40166e-13
1.17572e-13
9.8523e-14
8.248e-14
6.89819e-14
5.76366e-14
4.81102e-14
4.01191e-14
3.34227e-14
2.78168e-14
2.31286e-14
1.92118e-14
1.59427e-14
1.56813e-07
1.66763e-07
1.77172e-07
1.88047e-07
1.99395e-07
2.11221e-07
2.2353e-07
2.36325e-07
2.49609e-07
2.63383e-07
2.77645e-07
2.92393e-07
3.07625e-07
3.23334e-07
3.39514e-07
3.56155e-07
3.73247e-07
3.90778e-07
4.08732e-07
4.27095e-07
4.45847e-07
4.64967e-07
4.84435e-07
5.04225e-07
5.24311e-07
5.44665e-07
5.65256e-07
5.86054e-07
6.07024e-07
6.28131e-07
6.49337e-07
6.70603e-07
6.91891e-07
7.13157e-07
7.34359e-07
7.55454e-07
7.76396e-07
7.97139e-07
8.17638e-07
8.37846e-07
8.57715e-07
8.77198e-07
8.96248e-07
9.14818e-07
9.32861e-07
9.50331e-07
9.67184e-07
9.83375e-07
9.98861e-07
1.0136e-06
1.02755e-06
1.04068e-06
1.05295e-06
1.06432e-06
1.07477e-06
1.08425e-06
1.09276e-06
1.10025e-06
1.10672e-06
1.11214e-06
1.11649e-06
1.11976e-06
1.12195e-06
1.12305e-06
1.12305e-06
1.12195e-06
1.11976e-06
1.11649e-06
1.11214e-06
1.10672e-06
1.10025e-06
1.09276e-06
1.08425e-06
1.07477e-06
1.06432e-06
1.05295e-06
1.04068e-06
1.02755e-06
1.0136e-06
9.98861e-07
9.83375e-07
9.67184e-07
9.50331e-07
9.32861e-07
9.14818e-07
8.96248e-07
8.77198e-07
8.57715e-07
8.37846e-07
8.17638e-07
7.97139e-07
7.76396e-07
7.55454e-07
7.34359e-07
7.13157e-07
6.91891e-07
6.70603e-07
6.49337e-07
6.28131e-07
6.07024e-07
5.86054e-07
5.65256e-07
5.44665e-07
5.24311e-07
5.04225e-07
4.84435e-07
4.64967e-07
4.45847e-07
4.27095e-07
4.08732e-07
3.90778e-07
3.73247e-07
3.56155e-07
3.39514e-07
3.23334e-07
3.07625e-07
2.92393e-07
2.77645e-07
2.63383e-07
2.49609e-07
2.36325e-07
2.2353e-07
2.11221e-07
1.99395e-07
1.88047e-07
1.77172e-07
1.66763e-07
1.56813e-07
1.47312e-07
1.38252e-07
1.29622e-07
1.21412e-07
1.13612e-07
1.06209e-07
9.91908e-08
9.25463e-08
8.62626e-08
8.03271e-08
7.4727e-08
6.94495e-08
6.44817e-08
5.98108e-08
5.54241e-08
5.1309e-08
4.7453e-08
4.3844e-08
4.047e-08
3.73191e-08
3.438e-08
3.16414e-08
2.90926e-08
2.67229e-08
2.45223e-08
2.2481e-08
2.05895e-08
1.88387e-08
1.72199e-08
1.57249e-08
1.43457e-08
1.30747e-08
1.19046e-08
1.08287e-08
9.84042e-09
8.93359e-09
8.10242e-09
7.3414e-09
6.64537e-09
6.00946e-09
5.42909e-09
4.89999e-09
4.41813e-09
3.97977e-09
3.58141e-09
3.21977e-09
2.89183e-09
2.59475e-09
2.32592e-09
2.08291e-09
1.86346e-09
1.66551e-09
1.48713e-09
1.32656e-09
1.18218e-09
1.05248e-09
9.36093e-10
8.31765e-10
7.38344e-10
6.54776e-10
5.80099e-10
5.13438e-10
4.53993e-10
4.01039e-10
3.53916e-10
3.12024e-10
2.74823e-10
2.41821e-10
2.12575e-10
1.86683e-10
1.63784e-10
1.43554e-10
1.257e-10
1.0996e-10
9.6096e-11
8.38983e-11
7.31774e-11
6.37641e-11
5.55076e-11
4.82729e-11
4.19402e-11
3.64027e-11
3.15655e-11
2.73444e-11
2.36646e-11
2.046e-11
1.76721e-11
1.52492e-11
1.31456e-11
1.13212e-11
9.74043e-12
8.37221e-12
7.18916e-12
6.16725e-12
5.28544e-12
4.5253e-12
3.87069e-12
3.30755e-12
2.82357e-12
2.40807e-12
2.0517e-12
1.74636e-12
1.48502e-12
1.26155e-12
1.07066e-12
9.07772e-13
7.68913e-13
6.50659e-13
5.50054e-13
4.64551e-13
3.91956e-13
3.30382e-13
2.7821e-13
2.34048e-13
1.96703e-13
1.65156e-13
1.38533e-13
1.16088e-13
9.71852e-14
8.12806e-14
6.79125e-14
5.66876e-14
4.72719e-14
3.93816e-14
3.27762e-14
2.72522e-14
2.2637e-14
1.87851e-14
1.8459e-07
1.96304e-07
2.08556e-07
2.21358e-07
2.34715e-07
2.48636e-07
2.63125e-07
2.78187e-07
2.93824e-07
3.10038e-07
3.26826e-07
3.44187e-07
3.62117e-07
3.80609e-07
3.99654e-07
4.19243e-07
4.39363e-07
4.59999e-07
4.81134e-07
5.02749e-07
5.24823e-07
5.47331e-07
5.70246e-07
5.93542e-07
6.17186e-07
6.41145e-07
6.65385e-07
6.89867e-07
7.14551e-07
7.39396e-07
7.64359e-07
7.89393e-07
8.14451e-07
8.39484e-07
8.64442e-07
8.89273e-07
9.13925e-07
9.38343e-07
9.62473e-07
9.8626e-07
1.00965e-06
1.03258e-06
1.05501e-06
1.07687e-06
1.09811e-06
1.11867e-06
1.13851e-06
1.15757e-06
1.1758e-06
1.19315e-06
1.20957e-06
1.22503e-06
1.23947e-06
1.25285e-06
1.26515e-06
1.27632e-06
1.28633e-06
1.29515e-06
1.30276e-06
1.30914e-06
1.31426e-06
1.31812e-06
1.32069e-06
1.32198e-06
1.32198e-06
1.32069e-06
1.31812e-06
1.31426e-06
1.30914e-06
1.30276e-06
1.29515e-06
1.28633e-06
1.27632e-06
1.26515e-06
1.25285e-06
1.23947e-06
1.22503e-06
1.20957e-06
1.19315e-06
1.1758e-06
1.15757e-06
1.13851e-06
1.11867e-06
1.09811e-06
1.07687e-06
1.05501e-06
1.03258e-06
1.00965e-06
9.8626e-07
9.62473e-07
9.38343e-07
9.13925e-07
8.89273e-07
8.64442e-07
8.39484e-07
8.14451e-07
7.89393e-07
7.64359e-07
7.39396e-07
7.14551e-07
6.89867e-07
6.65385e-07
6.41145e-07
6.17186e-07
5.93542e-07
5.70246e-07
5.47331e-07
5.24823e-07
5.02749e-07
4.81134e-07
4.59999e-07
4.39363e-07
4.19243e-07
3.99654e-07
3.80609e-07
3.62117e-07
3.44187e-07
3.26826e-07
3.10038e-07
2.93824e-07
2.78187e-07
2.63125e-07
2.48636e-07
2.34715e-07
2.21358e-07
2.08556e-07
1.96304e-07
1.8459e-07
1.73407e-07
1.62741e-07
1.52583e-07
1.42919e-07
1.33737e-07
1.25022e-07
1.16761e-07
1.0894e-07
1.01543e-07
9.45561e-08
8.7964e-08
8.17516e-08
7.59038e-08
7.04055e-08
6.52418e-08
6.03977e-08
5.58588e-08
5.16105e-08
4.76388e-08
4.39298e-08
4.047e-08
3.72463e-08
3.4246e-08
3.14566e-08
2.88662e-08
2.64632e-08
2.42366e-08
2.21757e-08
2.02703e-08
1.85104e-08
1.68869e-08
1.53907e-08
1.40134e-08
1.27469e-08
1.15835e-08
1.05161e-08
9.53766e-09
8.64184e-09
7.82251e-09
7.07396e-09
6.39079e-09
5.76796e-09
5.20075e-09
4.68474e-09
4.21581e-09
3.79012e-09
3.40408e-09
3.05438e-09
2.73793e-09
2.45187e-09
2.19355e-09
1.96053e-09
1.75056e-09
1.56155e-09
1.39159e-09
1.23891e-09
1.10191e-09
9.79103e-10
8.69133e-10
7.70761e-10
6.82857e-10
6.04387e-10
5.34412e-10
4.72078e-10
4.16607e-10
3.67296e-10
3.23505e-10
2.84657e-10
2.5023e-10
2.19751e-10
1.92797e-10
1.68983e-10
1.47967e-10
1.29438e-10
1.13118e-10
9.87598e-11
8.61399e-11
7.50592e-11
6.534e-11
5.68239e-11
4.93694e-11
4.2851e-11
3.7157e-11
3.21881e-11
2.78565e-11
2.40843e-11
2.08025e-11
1.79504e-11
1.54742e-11
1.33266e-11
1.14658e-11
9.85524e-12
8.46263e-12
7.25971e-12
6.2217e-12
5.3269e-12
4.55634e-12
3.89344e-12
3.32374e-12
2.83463e-12
2.41513e-12
2.05571e-12
1.74807e-12
1.48502e-12
1.26032e-12
1.06857e-12
9.05116e-13
7.65915e-13
6.47489e-13
5.46841e-13
4.61386e-13
3.88906e-13
3.27491e-13
2.75506e-13
2.31547e-13
1.94412e-13
1.63073e-13
1.36652e-13
1.144e-13
9.56785e-14
7.99423e-14
6.67291e-14
5.56455e-14
4.63575e-14
3.85822e-14
3.20796e-14
2.66469e-14
2.21126e-14
2.17076e-07
2.30851e-07
2.4526e-07
2.60314e-07
2.76023e-07
2.92393e-07
3.09433e-07
3.27145e-07
3.45534e-07
3.64601e-07
3.84344e-07
4.0476e-07
4.25845e-07
4.47592e-07
4.69989e-07
4.93025e-07
5.16686e-07
5.40954e-07
5.65809e-07
5.91228e-07
6.17186e-07
6.43655e-07
6.70603e-07
6.97999e-07
7.25804e-07
7.5398e-07
7.82485e-07
8.11275e-07
8.40304e-07
8.69522e-07
8.98877e-07
9.28317e-07
9.57785e-07
9.87224e-07
1.01657e-06
1.04578e-06
1.07477e-06
1.10348e-06
1.13186e-06
1.15983e-06
1.18734e-06
1.21431e-06
1.24068e-06
1.26638e-06
1.29136e-06
1.31554e-06
1.33887e-06
1.36129e-06
1.38272e-06
1.40313e-06
1.42244e-06
1.44062e-06
1.4576e-06
1.47334e-06
1.4878e-06
1.50093e-06
1.5127e-06
1.52308e-06
1.53203e-06
1.53953e-06
1.54556e-06
1.55009e-06
1.55312e-06
1.55464e-06
1.55464e-06
1.55312e-06
1.55009e-06
1.54556e-06
1.53953e-06
1.53203e-06
1.52308e-06
1.5127e-06
1.50093e-06
1.4878e-06
1.47334e-06
1.4576e-06
1.44062e-06
1.42244e-06
1.40313e-06
1.38272e-06
1.36129e-06
1.33887e-06
1.31554e-06
1.29136e-06
1.26638e-06
1.24068e-06
1.21431e-06
1.18734e-06
1.15983e-06
1.13186e-06
1.10348e-06
1.07477e-06
1.04578e-06
1.01657e-06
9.87224e-07
9.57785e-07
9.28317e-07
8.98877e-07
8.69522e-07
8.40304e-07
8.11275e-07
7.82485e-07
7.5398e-07
7.25804e-07
6.97999e-07
6.70603e-07
6.43655e-07
6.17186e-07
5.91228e-07
5.65809e-07
5.40954e-07
5.16686e-07
4.93025e-07
4.69989e-07
4.47592e-07
4.25845e-07
4.0476e-07
3.84344e-07
3.64601e-07
3.45534e-07
3.27145e-07
3.09433e-07
2.92393e-07
2.76023e-07
2.60314e-07
2.4526e-07
2.30851e-07
2.17076e-07
2.03924e-07
1.91382e-07
1.79436e-07
1.68071e-07
1.57273e-07
1.47025e-07
1.3731e-07
1.28112e-07
1.19413e-07
1.11197e-07
1.03445e-07
9.6139e-08
8.9262e-08
8.27961e-08
7.67236e-08
7.1027e-08
6.56893e-08
6.06934e-08
5.60226e-08
5.16609e-08
4.75923e-08
4.38012e-08
4.02729e-08
3.69926e-08
3.39463e-08
3.11205e-08
2.8502e-08
2.60784e-08
2.38376e-08
2.17681e-08
1.98588e-08
1.80993e-08
1.64796e-08
1.49902e-08
1.36221e-08
1.23668e-08
1.12162e-08
1.01627e-08
9.19919e-09
8.3189e-09
7.5155e-09
6.78306e-09
6.11602e-09
5.5092e-09
4.95775e-09
4.45713e-09
4.00316e-09
3.59192e-09
3.21977e-09
2.88337e-09
2.57959e-09
2.30557e-09
2.05864e-09
1.83636e-09
1.63649e-09
1.45695e-09
1.29583e-09
1.15141e-09
1.02209e-09
9.06407e-10
8.03032e-10
7.10752e-10
6.28463e-10
5.55158e-10
4.89926e-10
4.31936e-10
3.80438e-10
3.34753e-10
2.94267e-10
2.58425e-10
2.26727e-10
1.98723e-10
1.74007e-10
1.52217e-10
1.33026e-10
1.1614e-10
1.013e-10
8.82688e-11
7.68392e-11
6.68242e-11
5.80579e-11
5.03924e-11
4.36962e-11
3.78529e-11
3.27589e-11
2.83228e-11
2.44635e-11
2.11095e-11
1.81975e-11
1.56719e-11
1.34837e-11
1.15897e-11
9.95196e-12
8.53733e-12
7.31665e-12
6.26437e-12
5.3582e-12
4.57864e-12
3.90868e-12
3.33349e-12
2.84017e-12
2.41749e-12
2.05571e-12
1.74636e-12
1.48212e-12
1.25663e-12
1.06441e-12
9.00708e-13
7.6144e-13
6.43078e-13
5.42585e-13
4.57349e-13
3.85126e-13
3.23992e-13
2.72297e-13
2.28626e-13
1.91772e-13
1.60701e-13
1.34534e-13
1.12517e-13
9.40113e-14
7.84727e-14
6.54385e-14
5.45159e-14
4.53722e-14
3.77252e-14
3.13365e-14
2.60042e-14
2.5503e-07
2.71213e-07
2.88141e-07
3.05828e-07
3.24283e-07
3.43516e-07
3.63534e-07
3.84344e-07
4.05948e-07
4.28348e-07
4.51543e-07
4.75529e-07
5.00301e-07
5.25849e-07
5.52162e-07
5.79226e-07
6.07024e-07
6.35535e-07
6.64735e-07
6.94599e-07
7.25095e-07
7.56192e-07
7.87852e-07
8.20037e-07
8.52704e-07
8.85806e-07
9.19296e-07
9.5312e-07
9.87224e-07
1.02155e-06
1.05604e-06
1.09062e-06
1.12525e-06
1.15983e-06
1.19431e-06
1.22862e-06
1.26268e-06
1.29641e-06
1.32975e-06
1.36262e-06
1.39493e-06
1.42662e-06
1.4576e-06
1.4878e-06
1.51714e-06
1.54556e-06
1.57296e-06
1.5993e-06
1.62448e-06
1.64845e-06
1.67114e-06
1.6925e-06
1.71245e-06
1.73094e-06
1.74793e-06
1.76336e-06
1.77719e-06
1.78938e-06
1.79989e-06
1.8087e-06
1.81578e-06
1.82111e-06
1.82467e-06
1.82645e-06
1.82645e-06
1.82467e-06
1.82111e-06
1.81578e-06
1.8087e-06
1.79989e-06
1.78938e-06
1.77719e-06
1.76336e-06
1.74793e-06
1.73094e-06
1.71245e-06
1.6925e-06
1.67114e-06
1.64845e-06
1.62448e-06
1.5993e-06
1.57296e-06
1.54556e-06
1.51714e-06
1.4878e-06
1.4576e-06
1.42662e-06
1.39493e-06
1.36262e-06
1.32975e-06
1.29641e-06
1.26268e-06
1.22862e-06
1.19431e-06
1.15983e-06
1.12525e-06
1.09062e-06
1.05604e-06
1.02155e-06
9.87224e-07
9.5312e-07
9.19296e-07
8.85806e-07
8.52704e-07
8.20037e-07
7.87852e-07
7.56192e-07
7.25095e-07
6.94599e-07
6.64735e-07
6.35535e-07
6.07024e-07
5.79226e-07
5.52162e-07
5.25849e-07
5.00301e-07
4.75529e-07
4.51543e-07
4.28348e-07
4.05948e-07
3.84344e-07
3.63534e-07
3.43516e-07
3.24283e-07
3.05828e-07
2.88141e-07
2.71213e-07
2.5503e-07
2.39578e-07
2.24843e-07
2.10809e-07
1.97457e-07
1.84771e-07
1.72731e-07
1.61317e-07
1.50511e-07
1.40292e-07
1.30639e-07
1.21531e-07
1.12948e-07
1.04869e-07
9.72723e-08
9.0138e-08
8.34455e-08
7.71745e-08
7.1305e-08
6.58177e-08
6.06934e-08
5.59133e-08
5.14595e-08
4.73142e-08
4.34604e-08
3.98815e-08
3.65616e-08
3.34853e-08
3.0638e-08
2.80054e-08
2.5574e-08
2.33309e-08
2.12638e-08
1.93609e-08
1.76111e-08
1.60038e-08
1.4529e-08
1.31772e-08
1.19396e-08
1.08076e-08
9.77338e-09
8.82951e-09
7.96901e-09
7.18536e-09
6.47244e-09
5.82456e-09
5.23642e-09
4.70308e-09
4.21993e-09
3.78272e-09
3.3875e-09
3.03061e-09
2.70867e-09
2.41857e-09
2.15744e-09
1.92261e-09
1.71168e-09
1.5224e-09
1.35273e-09
1.20079e-09
1.06488e-09
9.43435e-10
8.35021e-10
7.38344e-10
6.52223e-10
5.75585e-10
5.07456e-10
4.46954e-10
3.93282e-10
3.45717e-10
3.03608e-10
2.66368e-10
2.33467e-10
2.04431e-10
1.78831e-10
1.56284e-10
1.36447e-10
1.19011e-10
1.03702e-10
9.02738e-11
7.85079e-11
6.82088e-11
5.9203e-11
5.13361e-11
4.44711e-11
3.84865e-11
3.32748e-11
2.87408e-11
2.48003e-11
2.13792e-11
1.8412e-11
1.58412e-11
1.3616e-11
1.1692e-11
1.003e-11
8.5959e-12
7.35964e-12
6.29504e-12
5.37917e-12
4.59207e-12
3.91632e-12
3.33674e-12
2.84017e-12
2.41513e-12
2.0517e-12
1.74125e-12
1.47634e-12
1.25051e-12
1.05819e-12
8.94571e-13
7.55515e-13
6.37451e-13
5.37312e-13
4.52462e-13
3.80639e-13
3.19905e-13
2.68599e-13
2.25301e-13
1.88799e-13
1.58056e-13
1.32189e-13
1.10448e-13
9.2193e-14
7.68798e-14
6.40476e-14
5.33051e-14
4.43211e-14
3.68154e-14
3.05508e-14
2.99327e-07
3.18321e-07
3.3819e-07
3.58948e-07
3.80609e-07
4.03182e-07
4.26678e-07
4.51102e-07
4.76459e-07
5.02749e-07
5.29973e-07
5.58126e-07
5.872e-07
6.17186e-07
6.4807e-07
6.79835e-07
7.12461e-07
7.45924e-07
7.80196e-07
8.15246e-07
8.5104e-07
8.87538e-07
9.24698e-07
9.62473e-07
1.00081e-06
1.03967e-06
1.07897e-06
1.11867e-06
1.1587e-06
1.19899e-06
1.23947e-06
1.28006e-06
1.32069e-06
1.36129e-06
1.40176e-06
1.44202e-06
1.482e-06
1.52159e-06
1.56072e-06
1.5993e-06
1.63722e-06
1.67441e-06
1.71077e-06
1.74622e-06
1.78066e-06
1.81401e-06
1.84618e-06
1.87708e-06
1.90664e-06
1.93478e-06
1.96141e-06
1.98647e-06
2.00989e-06
2.03159e-06
2.05153e-06
2.06964e-06
2.08587e-06
2.10018e-06
2.11252e-06
2.12286e-06
2.13117e-06
2.13743e-06
2.1416e-06
2.1437e-06
2.1437e-06
2.1416e-06
2.13743e-06
2.13117e-06
2.12286e-06
2.11252e-06
2.10018e-06
2.08587e-06
2.06964e-06
2.05153e-06
2.03159e-06
2.00989e-06
1.98647e-06
1.96141e-06
1.93478e-06
1.90664e-06
1.87708e-06
1.84618e-06
1.81401e-06
1.78066e-06
1.74622e-06
1.71077e-06
1.67441e-06
1.63722e-06
1.5993e-06
1.56072e-06
1.52159e-06
1.482e-06
1.44202e-06
1.40176e-06
1.36129e-06
1.32069e-06
1.28006e-06
1.23947e-06
1.19899e-06
1.1587e-06
1.11867e-06
1.07897e-06
1.03967e-06
1.00081e-06
9.62473e-07
9.24698e-07
8.87538e-07
8.5104e-07
8.15246e-07
7.80196e-07
7.45924e-07
7.12461e-07
6.79835e-07
6.4807e-07
6.17186e-07
5.872e-07
5.58126e-07
5.29973e-07
5.02749e-07
4.76459e-07
4.51102e-07
4.26678e-07
4.03182e-07
3.80609e-07
3.58948e-07
3.3819e-07
3.18321e-07
2.99327e-07
2.81192e-07
2.63897e-07
2.47425e-07
2.31754e-07
2.16864e-07
2.02733e-07
1.89337e-07
1.76654e-07
1.6466e-07
1.5333e-07
1.4264e-07
1.32566e-07
1.23084e-07
1.14168e-07
1.05794e-07
9.79395e-08
9.05792e-08
8.36903e-08
7.72499e-08
7.12354e-08
6.56252e-08
6.03977e-08
5.55324e-08
5.10092e-08
4.68087e-08
4.29121e-08
3.93015e-08
3.59596e-08
3.28698e-08
3.00161e-08
2.73834e-08
2.49572e-08
2.27238e-08
2.067e-08
1.87836e-08
1.70526e-08
1.5466e-08
1.40134e-08
1.26848e-08
1.1471e-08
1.03631e-08
9.35319e-09
8.43341e-09
7.59666e-09
6.83626e-09
6.14596e-09
5.51997e-09
4.95291e-09
4.43976e-09
3.97589e-09
3.55701e-09
3.17916e-09
2.83867e-09
2.53217e-09
2.25656e-09
2.00899e-09
1.78683e-09
1.58769e-09
1.40936e-09
1.24985e-09
1.1073e-09
9.80059e-10
8.6659e-10
7.6551e-10
6.7556e-10
5.95598e-10
5.24588e-10
4.61593e-10
4.05766e-10
3.56343e-10
3.12635e-10
2.74019e-10
2.39939e-10
2.09893e-10
1.8343e-10
1.60147e-10
1.39682e-10
1.21714e-10
1.05954e-10
9.21442e-11
8.00563e-11
6.94862e-11
6.02529e-11
5.21955e-11
4.51714e-11
3.90544e-11
3.37329e-11
2.9108e-11
2.50926e-11
2.16101e-11
1.85927e-11
1.5981e-11
1.37228e-11
1.17722e-11
1.0089e-11
8.63797e-12
7.38845e-12
6.31351e-12
5.38969e-12
4.59656e-12
3.91632e-12
3.33349e-12
2.83463e-12
2.40807e-12
2.0437e-12
1.73277e-12
1.46771e-12
1.24199e-12
1.04995e-12
8.86743e-13
7.48173e-13
6.3064e-13
5.31052e-13
4.46754e-13
3.75471e-13
3.15253e-13
2.64435e-13
2.21592e-13
1.85509e-13
1.5515e-13
1.29633e-13
1.08206e-13
9.02334e-14
7.51723e-14
6.25639e-14
5.20195e-14
4.321e-14
3.58573e-14
3.50976e-07
3.73247e-07
3.96544e-07
4.20884e-07
4.46282e-07
4.72751e-07
5.00301e-07
5.28939e-07
5.58671e-07
5.89498e-07
6.21419e-07
6.5443e-07
6.88521e-07
7.2368e-07
7.59893e-07
7.97139e-07
8.35395e-07
8.74632e-07
9.14818e-07
9.55916e-07
9.97886e-07
1.04068e-06
1.08425e-06
1.12855e-06
1.1735e-06
1.21906e-06
1.26515e-06
1.3117e-06
1.35863e-06
1.40587e-06
1.45333e-06
1.50093e-06
1.54858e-06
1.59618e-06
1.64363e-06
1.69084e-06
1.73772e-06
1.78414e-06
1.83002e-06
1.87525e-06
1.91972e-06
1.96333e-06
2.00597e-06
2.04753e-06
2.08791e-06
2.12701e-06
2.16473e-06
2.20097e-06
2.23563e-06
2.26862e-06
2.29985e-06
2.32923e-06
2.35669e-06
2.38214e-06
2.40552e-06
2.42676e-06
2.44579e-06
2.46257e-06
2.47704e-06
2.48916e-06
2.4989e-06
2.50624e-06
2.51114e-06
2.51359e-06
2.51359e-06
2.51114e-06
2.50624e-06
2.4989e-06
2.48916e-06
2.47704e-06
2.46257e-06
2.44579e-06
2.42676e-06
2.40552e-06
2.38214e-06
2.35669e-06
2.32923e-06
2.29985e-06
2.26862e-06
2.23563e-06
2.20097e-06
2.16473e-06
2.12701e-06
2.08791e-06
2.04753e-06
2.00597e-06
1.96333e-06
1.91972e-06
1.87525e-06
1.83002e-06
1.78414e-06
1.73772e-06
1.69084e-06
1.64363e-06
1.59618e-06
1.54858e-06
1.50093e-06
1.45333e-06
1.40587e-06
1.35863e-06
1.3117e-06
1.26515e-06
1.21906e-06
1.1735e-06
1.12855e-06
1.08425e-06
1.04068e-06
9.97886e-07
9.55916e-07
9.14818e-07
8.74632e-07
8.35395e-07
7.97139e-07
7.59893e-07
7.2368e-07
6.88521e-07
6.5443e-07
6.21419e-07
5.89498e-07
5.58671e-07
5.28939e-07
5.00301e-07
4.72751e-07
4.46282e-07
4.20884e-07
3.96544e-07
3.73247e-07
3.50976e-07
3.29711e-07
3.09433e-07
2.90118e-07
2.71743e-07
2.54284e-07
2.37714e-07
2.22007e-07
2.07136e-07
1.93072e-07
1.79787e-07
1.67253e-07
1.55441e-07
1.44322e-07
1.33867e-07
1.24049e-07
1.14839e-07
1.06209e-07
9.8131e-08
9.05792e-08
8.3527e-08
7.69487e-08
7.08193e-08
6.51145e-08
5.98108e-08
5.48854e-08
5.03166e-08
4.6083e-08
4.21644e-08
3.85414e-08
3.51953e-08
3.21083e-08
2.92635e-08
2.66447e-08
2.42366e-08
2.20247e-08
1.9995e-08
1.81347e-08
1.64314e-08
1.48735e-08
1.34503e-08
1.21513e-08
1.09671e-08
9.88859e-09
8.90746e-09
8.01584e-09
7.20644e-09
6.47244e-09
5.80753e-09
5.20583e-09
4.66192e-09
4.17077e-09
3.72771e-09
3.32847e-09
2.96909e-09
2.64593e-09
2.35564e-09
2.09515e-09
1.86164e-09
1.65255e-09
1.46551e-09
1.29837e-09
1.14917e-09
1.01612e-09
8.97598e-10
7.92127e-10
6.98368e-10
6.15105e-10
5.4124e-10
4.75781e-10
4.1783e-10
3.66579e-10
3.21301e-10
2.81341e-10
2.4611e-10
2.1508e-10
1.8778e-10
1.63784e-10
1.42716e-10
1.24236e-10
1.08044e-10
9.38699e-11
8.1476e-11
7.06494e-11
6.12017e-11
5.29657e-11
4.57932e-11
3.95534e-11
3.41305e-11
2.94223e-11
2.53389e-11
2.18008e-11
1.87385e-11
1.60906e-11
1.38034e-11
1.18298e-11
1.01284e-11
8.66331e-12
7.40289e-12
6.31967e-12
5.38969e-12
4.59207e-12
3.90868e-12
3.32374e-12
2.82357e-12
2.39634e-12
2.03176e-12
1.72097e-12
1.45629e-12
1.23112e-12
1.03975e-12
8.77269e-13
7.39456e-13
6.22685e-13
5.23841e-13
4.40258e-13
3.6965e-13
3.10063e-13
2.59827e-13
2.17518e-13
1.81921e-13
1.52001e-13
1.26877e-13
1.05803e-13
8.81431e-14
7.33592e-14
6.09954e-14
5.06658e-14
4.20445e-14
4.11134e-07
4.37223e-07
4.64513e-07
4.93025e-07
5.22777e-07
5.53782e-07
5.86054e-07
6.19601e-07
6.5443e-07
6.90541e-07
7.27933e-07
7.66601e-07
8.06536e-07
8.47722e-07
8.90142e-07
9.33772e-07
9.78585e-07
1.02455e-06
1.07162e-06
1.11976e-06
1.16893e-06
1.21906e-06
1.2701e-06
1.32198e-06
1.37465e-06
1.42801e-06
1.482e-06
1.53653e-06
1.59151e-06
1.64684e-06
1.70244e-06
1.7582e-06
1.81401e-06
1.86977e-06
1.92535e-06
1.98066e-06
2.03557e-06
2.08995e-06
2.1437e-06
2.19668e-06
2.24877e-06
2.29985e-06
2.3498e-06
2.39848e-06
2.44579e-06
2.49159e-06
2.53578e-06
2.57823e-06
2.61883e-06
2.65747e-06
2.69406e-06
2.72848e-06
2.76064e-06
2.79045e-06
2.81784e-06
2.84271e-06
2.86501e-06
2.88466e-06
2.90161e-06
2.91581e-06
2.92723e-06
2.93582e-06
2.94155e-06
2.94443e-06
2.94443e-06
2.94155e-06
2.93582e-06
2.92723e-06
2.91581e-06
2.90161e-06
2.88466e-06
2.86501e-06
2.84271e-06
2.81784e-06
2.79045e-06
2.76064e-06
2.72848e-06
2.69406e-06
2.65747e-06
2.61883e-06
2.57823e-06
2.53578e-06
2.49159e-06
2.44579e-06
2.39848e-06
2.3498e-06
2.29985e-06
2.24877e-06
2.19668e-06
2.1437e-06
2.08995e-06
2.03557e-06
1.98066e-06
1.92535e-06
1.86977e-06
1.81401e-06
1.7582e-06
1.70244e-06
1.64684e-06
1.59151e-06
1.53653e-06
1.482e-06
1.42801e-06
1.37465e-06
1.32198e-06
1.2701e-06
1.21906e-06
1.16893e-06
1.11976e-06
1.07162e-06
1.02455e-06
9.78585e-07
9.33772e-07
8.90142e-07
8.47722e-07
8.06536e-07
7.66601e-07
7.27933e-07
6.90541e-07
6.5443e-07
6.19601e-07
5.86054e-07
5.53782e-07
5.22777e-07
4.93025e-07
4.64513e-07
4.37223e-07
4.11134e-07
3.86225e-07
3.62471e-07
3.39845e-07
3.18321e-07
2.97869e-07
2.78459e-07
2.6006e-07
2.42639e-07
2.26165e-07
2.10603e-07
1.95921e-07
1.82084e-07
1.69059e-07
1.56813e-07
1.45312e-07
1.34523e-07
1.24413e-07
1.14951e-07
1.06105e-07
9.78439e-08
9.0138e-08
8.2958e-08
7.62754e-08
7.00626e-08
6.4293e-08
5.8941e-08
5.39818e-08
4.93916e-08
4.51475e-08
4.12279e-08
3.76118e-08
3.42794e-08
3.12118e-08
2.83909e-08
2.57998e-08
2.34222e-08
2.1243e-08
1.92478e-08
1.74229e-08
1.57557e-08
1.42341e-08
1.28469e-08
1.15835e-08
1.04342e-08
9.38979e-09
8.44165e-09
7.58184e-09
6.80296e-09
6.09813e-09
5.461e-09
4.88565e-09
4.36666e-09
3.89899e-09
3.47801e-09
3.09945e-09
2.7594e-09
2.45426e-09
2.18074e-09
1.9358e-09
1.7167e-09
1.52091e-09
1.34614e-09
1.19029e-09
1.05145e-09
9.27901e-10
8.18071e-10
7.20536e-10
6.34011e-10
5.57331e-10
4.89447e-10
4.29412e-10
3.76373e-10
3.29564e-10
2.88294e-10
2.51946e-10
2.19966e-10
1.91858e-10
1.67178e-10
1.45531e-10
1.26563e-10
1.0996e-10
9.54413e-11
8.2759e-11
7.1692e-11
6.20442e-11
5.36424e-11
4.6333e-11
3.99806e-11
3.44654e-11
2.96821e-11
2.55376e-11
2.19504e-11
1.88486e-11
1.61694e-11
1.38575e-11
1.18645e-11
1.01482e-11
8.67178e-12
7.40289e-12
6.31351e-12
5.37917e-12
4.57864e-12
3.89344e-12
3.30755e-12
2.80708e-12
2.38001e-12
2.01595e-12
1.70591e-12
1.44214e-12
1.21797e-12
1.02764e-12
8.66202e-13
7.29415e-13
6.1363e-13
5.1572e-13
4.33009e-13
3.63209e-13
3.04363e-13
2.54802e-13
2.13103e-13
1.78054e-13
1.48624e-13
1.23938e-13
1.03251e-13
8.59333e-14
7.14502e-14
5.93501e-14
4.92511e-14
4.81134e-07
5.11665e-07
5.43602e-07
5.76968e-07
6.11785e-07
6.4807e-07
6.85836e-07
7.25095e-07
7.65853e-07
8.08113e-07
8.51872e-07
8.97124e-07
9.43857e-07
9.92056e-07
1.0417e-06
1.09276e-06
1.1452e-06
1.19899e-06
1.25408e-06
1.31042e-06
1.36795e-06
1.42662e-06
1.48635e-06
1.54707e-06
1.60869e-06
1.67114e-06
1.73432e-06
1.79814e-06
1.86248e-06
1.92724e-06
1.9923e-06
2.05755e-06
2.12286e-06
2.18811e-06
2.25317e-06
2.31789e-06
2.38214e-06
2.44579e-06
2.50868e-06
2.57069e-06
2.63165e-06
2.69143e-06
2.74988e-06
2.80685e-06
2.86221e-06
2.91581e-06
2.96752e-06
3.0172e-06
3.06471e-06
3.10994e-06
3.15275e-06
3.19303e-06
3.23067e-06
3.26556e-06
3.2976e-06
3.32671e-06
3.35281e-06
3.3758e-06
3.39564e-06
3.41226e-06
3.42562e-06
3.43567e-06
3.44239e-06
3.44575e-06
3.44575e-06
3.44239e-06
3.43567e-06
3.42562e-06
3.41226e-06
3.39564e-06
3.3758e-06
3.35281e-06
3.32671e-06
3.2976e-06
3.26556e-06
3.23067e-06
3.19303e-06
3.15275e-06
3.10994e-06
3.06471e-06
3.0172e-06
2.96752e-06
2.91581e-06
2.86221e-06
2.80685e-06
2.74988e-06
2.69143e-06
2.63165e-06
2.57069e-06
2.50868e-06
2.44579e-06
2.38214e-06
2.31789e-06
2.25317e-06
2.18811e-06
2.12286e-06
2.05755e-06
1.9923e-06
1.92724e-06
1.86248e-06
1.79814e-06
1.73432e-06
1.67114e-06
1.60869e-06
1.54707e-06
1.48635e-06
1.42662e-06
1.36795e-06
1.31042e-06
1.25408e-06
1.19899e-06
1.1452e-06
1.09276e-06
1.0417e-06
9.92056e-07
9.43857e-07
8.97124e-07
8.51872e-07
8.08113e-07
7.65853e-07
7.25095e-07
6.85836e-07
6.4807e-07
6.11785e-07
5.76968e-07
5.43602e-07
5.11665e-07
4.81134e-07
4.51984e-07
4.24185e-07
3.97708e-07
3.72519e-07
3.48585e-07
3.2587e-07
3.04338e-07
2.83951e-07
2.64672e-07
2.4646e-07
2.29278e-07
2.13086e-07
1.97843e-07
1.83512e-07
1.70053e-07
1.57427e-07
1.45596e-07
1.34523e-07
1.2417e-07
1.14503e-07
1.05485e-07
9.70825e-08
8.9262e-08
8.19915e-08
7.52396e-08
6.89764e-08
6.31728e-08
5.7801e-08
5.28344e-08
4.82474e-08
4.40156e-08
4.01159e-08
3.65259e-08
3.32248e-08
3.01925e-08
2.74101e-08
2.48599e-08
2.25249e-08
2.03894e-08
1.84383e-08
1.66576e-08
1.50342e-08
1.35557e-08
1.22108e-08
1.09885e-08
9.87893e-09
8.87273e-09
7.96124e-09
7.13641e-09
6.39079e-09
5.71749e-09
5.11013e-09
4.56283e-09
4.07017e-09
3.62717e-09
3.22922e-09
2.87213e-09
2.55203e-09
2.26539e-09
2.00899e-09
1.77986e-09
1.57533e-09
1.39294e-09
1.23047e-09
1.08589e-09
9.57356e-10
8.43215e-10
7.41958e-10
6.52223e-10
5.72781e-10
5.02524e-10
4.40455e-10
3.85675e-10
3.37379e-10
2.94842e-10
2.57417e-10
2.24523e-10
1.95642e-10
1.70309e-10
1.48111e-10
1.28681e-10
1.11691e-10
9.68497e-11
8.38983e-11
7.26079e-11
6.27756e-11
5.42217e-11
4.67877e-11
4.03335e-11
3.47357e-11
2.98857e-11
2.56877e-11
2.20578e-11
1.89224e-11
1.62168e-11
1.38846e-11
1.18761e-11
1.01482e-11
8.66331e-12
7.38845e-12
6.29504e-12
5.3582e-12
4.55634e-12
3.87069e-12
3.28501e-12
2.78523e-12
2.35918e-12
1.99636e-12
1.68768e-12
1.42534e-12
1.2026e-12
1.01368e-12
8.53606e-13
7.18107e-13
6.03527e-13
5.06734e-13
4.25049e-13
3.56184e-13
2.98184e-13
2.49386e-13
2.0837e-13
1.73929e-13
1.4504e-13
1.20831e-13
1.00564e-13
8.36154e-14
6.94551e-14
5.76366e-14
5.62503e-07
5.98197e-07
6.35535e-07
6.74544e-07
7.15249e-07
7.5767e-07
8.01824e-07
8.47722e-07
8.95373e-07
9.44779e-07
9.95939e-07
1.04884e-06
1.10348e-06
1.15983e-06
1.21787e-06
1.27756e-06
1.33887e-06
1.40176e-06
1.46616e-06
1.53203e-06
1.5993e-06
1.66788e-06
1.73772e-06
1.8087e-06
1.88075e-06
1.95377e-06
2.02763e-06
2.10223e-06
2.17746e-06
2.25317e-06
2.32923e-06
2.40552e-06
2.48188e-06
2.55816e-06
2.63422e-06
2.70989e-06
2.78501e-06
2.85942e-06
2.93295e-06
3.00544e-06
3.07671e-06
3.1466e-06
3.21493e-06
3.28154e-06
3.34626e-06
3.40893e-06
3.46939e-06
3.52746e-06
3.58301e-06
3.63588e-06
3.68594e-06
3.73303e-06
3.77703e-06
3.81782e-06
3.85529e-06
3.88932e-06
3.91983e-06
3.94672e-06
3.96991e-06
3.98934e-06
4.00495e-06
4.0167e-06
4.02456e-06
4.02849e-06
4.02849e-06
4.02456e-06
4.0167e-06
4.00495e-06
3.98934e-06
3.96991e-06
3.94672e-06
3.91983e-06
3.88932e-06
3.85529e-06
3.81782e-06
3.77703e-06
3.73303e-06
3.68594e-06
3.63588e-06
3.58301e-06
3.52746e-06
3.46939e-06
3.40893e-06
3.34626e-06
3.28154e-06
3.21493e-06
3.1466e-06
3.07671e-06
3.00544e-06
2.93295e-06
2.85942e-06
2.78501e-06
2.70989e-06
2.63422e-06
2.55816e-06
2.48188e-06
2.40552e-06
2.32923e-06
2.25317e-06
2.17746e-06
2.10223e-06
2.02763e-06
1.95377e-06
1.88075e-06
1.8087e-06
1.73772e-06
1.66788e-06
1.5993e-06
1.53203e-06
1.46616e-06
1.40176e-06
1.33887e-06
1.27756e-06
1.21787e-06
1.15983e-06
1.10348e-06
1.04884e-06
9.95939e-07
9.44779e-07
8.95373e-07
8.47722e-07
8.01824e-07
7.5767e-07
7.15249e-07
6.74544e-07
6.35535e-07
5.98197e-07
5.62503e-07
5.28423e-07
4.95923e-07
4.64967e-07
4.35519e-07
4.07537e-07
3.80981e-07
3.55807e-07
3.31973e-07
3.09433e-07
2.88141e-07
2.68053e-07
2.49122e-07
2.31302e-07
2.14547e-07
1.98812e-07
1.8405e-07
1.70219e-07
1.57273e-07
1.4517e-07
1.33867e-07
1.23324e-07
1.13501e-07
1.04358e-07
9.58578e-08
8.7964e-08
8.06415e-08
7.38564e-08
6.75762e-08
6.17697e-08
5.64069e-08
5.14595e-08
4.69002e-08
4.27031e-08
3.88437e-08
3.52986e-08
3.20457e-08
2.90642e-08
2.63343e-08
2.38376e-08
2.15565e-08
1.94747e-08
1.75767e-08
1.58483e-08
1.42758e-08
1.28469e-08
1.15496e-08
1.03733e-08
9.30763e-09
8.3433e-09
7.47159e-09
6.68442e-09
5.97435e-09
5.33449e-09
4.75852e-09
4.24059e-09
3.77534e-09
3.35786e-09
2.98362e-09
2.64851e-09
2.34874e-09
2.08087e-09
1.84175e-09
1.62852e-09
1.43857e-09
1.26953e-09
1.11926e-09
9.85819e-10
8.67437e-10
7.62526e-10
6.69649e-10
5.87511e-10
5.14944e-10
4.509e-10
3.94436e-10
3.44706e-10
3.00951e-10
2.62494e-10
2.28728e-10
1.99111e-10
1.7316e-10
1.50444e-10
1.3058e-10
1.13229e-10
9.8087e-11
8.48872e-11
7.33921e-11
6.33916e-11
5.47004e-11
4.71547e-11
4.06102e-11
3.49399e-11
3.00319e-11
2.57882e-11
2.21225e-11
1.89594e-11
1.62327e-11
1.38846e-11
1.18645e-11
1.01284e-11
8.63797e-12
7.35964e-12
6.26437e-12
5.3269e-12
4.5253e-12
3.84057e-12
3.25627e-12
2.75817e-12
2.33398e-12
1.9731e-12
1.66639e-12
1.40598e-12
1.18511e-12
9.97967e-13
8.39552e-13
7.05594e-13
5.92432e-13
4.96932e-13
4.16421e-13
3.48613e-13
2.91562e-13
2.43609e-13
2.03344e-13
1.69569e-13
1.41266e-13
1.17572e-13
9.77563e-14
8.12013e-14
6.7384e-14
6.56991e-07
6.98681e-07
7.4229e-07
7.87852e-07
8.35395e-07
8.84942e-07
9.36512e-07
9.9012e-07
1.04578e-06
1.10348e-06
1.16323e-06
1.22503e-06
1.28884e-06
1.35466e-06
1.42244e-06
1.49216e-06
1.56377e-06
1.63722e-06
1.71245e-06
1.78938e-06
1.86794e-06
1.94805e-06
2.02961e-06
2.11252e-06
2.19668e-06
2.28195e-06
2.36823e-06
2.45536e-06
2.54322e-06
2.63165e-06
2.72049e-06
2.80959e-06
2.89878e-06
2.98788e-06
3.07671e-06
3.16509e-06
3.25283e-06
3.33973e-06
3.42562e-06
3.51028e-06
3.59352e-06
3.67515e-06
3.75496e-06
3.83277e-06
3.90836e-06
3.98156e-06
4.05216e-06
4.12e-06
4.18488e-06
4.24663e-06
4.30509e-06
4.36009e-06
4.41149e-06
4.45913e-06
4.50289e-06
4.54264e-06
4.57827e-06
4.60967e-06
4.63676e-06
4.65946e-06
4.6777e-06
4.69142e-06
4.70059e-06
4.70518e-06
4.70518e-06
4.70059e-06
4.69142e-06
4.6777e-06
4.65946e-06
4.63676e-06
4.60967e-06
4.57827e-06
4.54264e-06
4.50289e-06
4.45913e-06
4.41149e-06
4.36009e-06
4.30509e-06
4.24663e-06
4.18488e-06
4.12e-06
4.05216e-06
3.98156e-06
3.90836e-06
3.83277e-06
3.75496e-06
3.67515e-06
3.59352e-06
3.51028e-06
3.42562e-06
3.33973e-06
3.25283e-06
3.16509e-06
3.07671e-06
2.98788e-06
2.89878e-06
2.80959e-06
2.72049e-06
2.63165e-06
2.54322e-06
2.45536e-06
2.36823e-06
2.28195e-06
2.19668e-06
2.11252e-06
2.02961e-06
1.94805e-06
1.86794e-06
1.78938e-06
1.71245e-06
1.63722e-06
1.56377e-06
1.49216e-06
1.42244e-06
1.35466e-06
1.28884e-06
1.22503e-06
1.16323e-06
1.10348e-06
1.04578e-06
9.9012e-07
9.36512e-07
8.84942e-07
8.35395e-07
7.87852e-07
7.4229e-07
6.98681e-07
6.56991e-07
6.17186e-07
5.79226e-07
5.43071e-07
5.08676e-07
4.75994e-07
4.44977e-07
4.15575e-07
3.87737e-07
3.6141e-07
3.36543e-07
3.1308e-07
2.90969e-07
2.70156e-07
2.50586e-07
2.32207e-07
2.14967e-07
1.98812e-07
1.83691e-07
1.69555e-07
1.56354e-07
1.4404e-07
1.32566e-07
1.21888e-07
1.1196e-07
1.0274e-07
9.41875e-08
8.62626e-08
7.89275e-08
7.21456e-08
6.5882e-08
6.01035e-08
5.47784e-08
4.98763e-08
4.53685e-08
4.12279e-08
3.74286e-08
3.39463e-08
3.07579e-08
2.78418e-08
2.51775e-08
2.2746e-08
2.05292e-08
1.85104e-08
1.66739e-08
1.50048e-08
1.34897e-08
1.21157e-08
1.08711e-08
9.74479e-09
8.72665e-09
7.80725e-09
6.9779e-09
6.23056e-09
5.55784e-09
4.95291e-09
4.40951e-09
3.9219e-09
3.48481e-09
3.0934e-09
2.74328e-09
2.43041e-09
2.15112e-09
1.90207e-09
1.68021e-09
1.48278e-09
1.30727e-09
1.15141e-09
1.01315e-09
8.90613e-10
7.82135e-10
6.86199e-10
6.01443e-10
5.26641e-10
4.60692e-10
4.02608e-10
3.51504e-10
3.06588e-10
2.67149e-10
2.32557e-10
2.02247e-10
1.75715e-10
1.52515e-10
1.32249e-10
1.14563e-10
9.91464e-11
8.57203e-11
7.404e-11
6.38888e-11
5.50756e-11
4.74318e-11
4.0809e-11
3.50766e-11
3.012e-11
2.58386e-11
2.21442e-11
1.89594e-11
1.62168e-11
1.38575e-11
1.18298e-11
1.0089e-11
8.5959e-12
7.31665e-12
6.2217e-12
5.28544e-12
4.4857e-12
3.80325e-12
3.22148e-12
2.72603e-12
2.30453e-12
1.94631e-12
1.64216e-12
1.38419e-12
1.1656e-12
9.80577e-13
8.24118e-13
6.91947e-13
5.80406e-13
4.8637e-13
4.07172e-13
3.40537e-13
2.8453e-13
2.37501e-13
1.98053e-13
1.64995e-13
1.37321e-13
1.14177e-13
9.48412e-14
7.8703e-14
7.66601e-07
8.15246e-07
8.66132e-07
9.19296e-07
9.7477e-07
1.03258e-06
1.09276e-06
1.15531e-06
1.22025e-06
1.28758e-06
1.3573e-06
1.42941e-06
1.50387e-06
1.58066e-06
1.65976e-06
1.74111e-06
1.82467e-06
1.91037e-06
1.99815e-06
2.08791e-06
2.17958e-06
2.27306e-06
2.36823e-06
2.46497e-06
2.56317e-06
2.66267e-06
2.76334e-06
2.86501e-06
2.96752e-06
3.0707e-06
3.17437e-06
3.27834e-06
3.3824e-06
3.48637e-06
3.59002e-06
3.69314e-06
3.79552e-06
3.89693e-06
3.99714e-06
4.09593e-06
4.19306e-06
4.2883e-06
4.38143e-06
4.47221e-06
4.56042e-06
4.64583e-06
4.72821e-06
4.80737e-06
4.88307e-06
4.95513e-06
5.02334e-06
5.08752e-06
5.14749e-06
5.20308e-06
5.25414e-06
5.30052e-06
5.3421e-06
5.37874e-06
5.41035e-06
5.43683e-06
5.45811e-06
5.47412e-06
5.48482e-06
5.49018e-06
5.49018e-06
5.48482e-06
5.47412e-06
5.45811e-06
5.43683e-06
5.41035e-06
5.37874e-06
5.3421e-06
5.30052e-06
5.25414e-06
5.20308e-06
5.14749e-06
5.08752e-06
5.02334e-06
4.95513e-06
4.88307e-06
4.80737e-06
4.72821e-06
4.64583e-06
4.56042e-06
4.47221e-06
4.38143e-06
4.2883e-06
4.19306e-06
4.09593e-06
3.99714e-06
3.89693e-06
3.79552e-06
3.69314e-06
3.59002e-06
3.48637e-06
3.3824e-06
3.27834e-06
3.17437e-06
3.0707e-06
2.96752e-06
2.86501e-06
2.76334e-06
2.66267e-06
2.56317e-06
2.46497e-06
2.36823e-06
2.27306e-06
2.17958e-06
2.08791e-06
1.99815e-06
1.91037e-06
1.82467e-06
1.74111e-06
1.65976e-06
1.58066e-06
1.50387e-06
1.42941e-06
1.3573e-06
1.28758e-06
1.22025e-06
1.15531e-06
1.09276e-06
1.03258e-06
9.7477e-07
9.19296e-07
8.66132e-07
8.15246e-07
7.66601e-07
7.20155e-07
6.75863e-07
6.33676e-07
5.93542e-07
5.55407e-07
5.19215e-07
4.84908e-07
4.52426e-07
4.21707e-07
3.9269e-07
3.65314e-07
3.39514e-07
3.15228e-07
2.92393e-07
2.70948e-07
2.50831e-07
2.31981e-07
2.14338e-07
1.97843e-07
1.8244e-07
1.68071e-07
1.54683e-07
1.42223e-07
1.30639e-07
1.19881e-07
1.09901e-07
1.00654e-07
9.20955e-08
8.41821e-08
7.68736e-08
7.0131e-08
6.39174e-08
5.81975e-08
5.29377e-08
4.81063e-08
4.36731e-08
3.96098e-08
3.58895e-08
3.24868e-08
2.93781e-08
2.65409e-08
2.39543e-08
2.15987e-08
1.94557e-08
1.75082e-08
1.57403e-08
1.41371e-08
1.26848e-08
1.13706e-08
1.01826e-08
9.10979e-09
8.14208e-09
7.27006e-09
6.48509e-09
5.77924e-09
5.14518e-09
4.57622e-09
4.0662e-09
3.6095e-09
3.20096e-09
2.8359e-09
2.51001e-09
2.21941e-09
1.96053e-09
1.73017e-09
1.52538e-09
1.34351e-09
1.18218e-09
1.0392e-09
9.12624e-10
8.00682e-10
7.01786e-10
6.14504e-10
5.37553e-10
4.69779e-10
4.10148e-10
3.57738e-10
3.1172e-10
2.71356e-10
2.35989e-10
2.05031e-10
1.7796e-10
1.54313e-10
1.33677e-10
1.15688e-10
1.00022e-10
8.63926e-11
7.45478e-11
6.42643e-11
5.53452e-11
4.76174e-11
4.09287e-11
3.51452e-11
3.01495e-11
2.58386e-11
2.21225e-11
1.89224e-11
1.61694e-11
1.38034e-11
1.17722e-11
1.003e-11
8.53733e-12
7.25971e-12
6.16725e-12
5.23408e-12
4.43777e-12
3.75894e-12
3.18084e-12
2.68902e-12
2.27102e-12
1.91613e-12
1.61512e-12
1.36007e-12
1.14417e-12
9.61611e-13
8.07389e-13
6.77239e-13
5.67515e-13
4.75103e-13
3.97352e-13
3.32e-13
2.77125e-13
2.31095e-13
1.92522e-13
1.60231e-13
1.33226e-13
1.10664e-13
9.18335e-14
8.93626e-07
9.50331e-07
1.00965e-06
1.07162e-06
1.13629e-06
1.20368e-06
1.27383e-06
1.34674e-06
1.42244e-06
1.50093e-06
1.58221e-06
1.66626e-06
1.75306e-06
1.84258e-06
1.93478e-06
2.02961e-06
2.12701e-06
2.22692e-06
2.32923e-06
2.43388e-06
2.54074e-06
2.6497e-06
2.76064e-06
2.87341e-06
2.98788e-06
3.10387e-06
3.22121e-06
3.33973e-06
3.45924e-06
3.57952e-06
3.70036e-06
3.82155e-06
3.94286e-06
4.06405e-06
4.18488e-06
4.30509e-06
4.42443e-06
4.54264e-06
4.65946e-06
4.77461e-06
4.88784e-06
4.99887e-06
5.10743e-06
5.21325e-06
5.31607e-06
5.41563e-06
5.51167e-06
5.60394e-06
5.69219e-06
5.77618e-06
5.8557e-06
5.93051e-06
6.00042e-06
6.06522e-06
6.12474e-06
6.17881e-06
6.22727e-06
6.26999e-06
6.30683e-06
6.3377e-06
6.36251e-06
6.38118e-06
6.39365e-06
6.3999e-06
6.3999e-06
6.39365e-06
6.38118e-06
6.36251e-06
6.3377e-06
6.30683e-06
6.26999e-06
6.22727e-06
6.17881e-06
6.12474e-06
6.06522e-06
6.00042e-06
5.93051e-06
5.8557e-06
5.77618e-06
5.69219e-06
5.60394e-06
5.51167e-06
5.41563e-06
5.31607e-06
5.21325e-06
5.10743e-06
4.99887e-06
4.88784e-06
4.77461e-06
4.65946e-06
4.54264e-06
4.42443e-06
4.30509e-06
4.18488e-06
4.06405e-06
3.94286e-06
3.82155e-06
3.70036e-06
3.57952e-06
3.45924e-06
3.33973e-06
3.22121e-06
3.10387e-06
2.98788e-06
2.87341e-06
2.76064e-06
2.6497e-06
2.54074e-06
2.43388e-06
2.32923e-06
2.22692e-06
2.12701e-06
2.02961e-06
1.93478e-06
1.84258e-06
1.75306e-06
1.66626e-06
1.58221e-06
1.50093e-06
1.42244e-06
1.34674e-06
1.27383e-06
1.20368e-06
1.13629e-06
1.07162e-06
1.00965e-06
9.50331e-07
8.93626e-07
8.39484e-07
7.87852e-07
7.38675e-07
6.91891e-07
6.47437e-07
6.05248e-07
5.65256e-07
5.27392e-07
4.91583e-07
4.57759e-07
4.25845e-07
3.9577e-07
3.6746e-07
3.40842e-07
3.15844e-07
2.92393e-07
2.7042e-07
2.49853e-07
2.30625e-07
2.1267e-07
1.95921e-07
1.80314e-07
1.65789e-07
1.52285e-07
1.39745e-07
1.28112e-07
1.17333e-07
1.07356e-07
9.8131e-08
8.96114e-08
8.17516e-08
7.45084e-08
6.78407e-08
6.17094e-08
5.60774e-08
5.09097e-08
4.61731e-08
4.18363e-08
3.78698e-08
3.4246e-08
3.09386e-08
2.79235e-08
2.51775e-08
2.26794e-08
2.04093e-08
1.83485e-08
1.64796e-08
1.47867e-08
1.32547e-08
1.18698e-08
1.06193e-08
9.4912e-09
8.47469e-09
7.55966e-09
6.73685e-09
5.99773e-09
5.33449e-09
4.73996e-09
4.20759e-09
3.73136e-09
3.3058e-09
2.92592e-09
2.58716e-09
2.28539e-09
2.01685e-09
1.77813e-09
1.56613e-09
1.37806e-09
1.21139e-09
1.06384e-09
9.33354e-10
8.18071e-10
7.16327e-10
6.26624e-10
5.4762e-10
4.78109e-10
4.17014e-10
3.63371e-10
3.1632e-10
2.75092e-10
2.39004e-10
2.07448e-10
1.79882e-10
1.55827e-10
1.34857e-10
1.16595e-10
1.00708e-10
8.69003e-11
7.49127e-11
6.45158e-11
5.55076e-11
4.77105e-11
4.09687e-11
3.51452e-11
3.012e-11
2.57882e-11
2.20578e-11
1.88486e-11
1.60906e-11
1.37228e-11
1.1692e-11
9.95196e-12
8.46263e-12
7.18916e-12
6.10136e-12
5.1731e-12
4.38179e-12
3.7079e-12
3.13458e-12
2.64733e-12
2.23363e-12
1.88274e-12
1.58543e-12
1.33376e-12
1.12095e-12
9.41172e-13
7.89457e-13
6.61551e-13
5.53827e-13
4.63192e-13
3.87011e-13
3.23044e-13
2.69387e-13
2.24423e-13
1.86781e-13
1.55301e-13
1.29001e-13
1.0705e-13
1.04068e-06
1.10672e-06
1.1758e-06
1.24797e-06
1.32328e-06
1.40176e-06
1.48345e-06
1.56836e-06
1.65652e-06
1.74793e-06
1.84258e-06
1.94046e-06
2.04154e-06
2.14579e-06
2.25317e-06
2.36361e-06
2.47704e-06
2.59338e-06
2.71253e-06
2.8344e-06
2.95884e-06
3.08573e-06
3.21493e-06
3.34626e-06
3.47956e-06
3.61464e-06
3.7513e-06
3.88932e-06
4.02849e-06
4.16856e-06
4.30929e-06
4.45043e-06
4.5917e-06
4.73283e-06
4.87354e-06
5.01354e-06
5.15252e-06
5.29018e-06
5.42622e-06
5.56033e-06
5.69219e-06
5.82149e-06
5.94791e-06
6.07115e-06
6.19089e-06
6.30683e-06
6.41868e-06
6.52612e-06
6.6289e-06
6.72671e-06
6.81931e-06
6.90644e-06
6.98785e-06
7.06332e-06
7.13263e-06
7.1956e-06
7.25203e-06
7.30178e-06
7.34469e-06
7.38064e-06
7.40953e-06
7.43127e-06
7.44579e-06
7.45307e-06
7.45307e-06
7.44579e-06
7.43127e-06
7.40953e-06
7.38064e-06
7.34469e-06
7.30178e-06
7.25203e-06
7.1956e-06
7.13263e-06
7.06332e-06
6.98785e-06
6.90644e-06
6.81931e-06
6.72671e-06
6.6289e-06
6.52612e-06
6.41868e-06
6.30683e-06
6.19089e-06
6.07115e-06
5.94791e-06
5.82149e-06
5.69219e-06
5.56033e-06
5.42622e-06
5.29018e-06
5.15252e-06
5.01354e-06
4.87354e-06
4.73283e-06
4.5917e-06
4.45043e-06
4.30929e-06
4.16856e-06
4.02849e-06
3.88932e-06
3.7513e-06
3.61464e-06
3.47956e-06
3.34626e-06
3.21493e-06
3.08573e-06
2.95884e-06
2.8344e-06
2.71253e-06
2.59338e-06
2.47704e-06
2.36361e-06
2.25317e-06
2.14579e-06
2.04154e-06
1.94046e-06
1.84258e-06
1.74793e-06
1.65652e-06
1.56836e-06
1.48345e-06
1.40176e-06
1.32328e-06
1.24797e-06
1.1758e-06
1.10672e-06
1.04068e-06
9.7763e-07
9.17502e-07
8.60231e-07
8.05749e-07
7.5398e-07
7.04848e-07
6.58275e-07
6.1418e-07
5.72478e-07
5.33088e-07
4.95923e-07
4.60899e-07
4.2793e-07
3.96932e-07
3.67819e-07
3.4051e-07
3.1492e-07
2.90969e-07
2.68577e-07
2.47667e-07
2.28161e-07
2.09987e-07
1.93072e-07
1.77346e-07
1.62741e-07
1.49194e-07
1.36641e-07
1.25022e-07
1.14279e-07
1.04358e-07
9.52047e-08
8.67696e-08
7.90046e-08
7.18643e-08
6.53055e-08
5.92874e-08
5.37713e-08
4.87209e-08
4.41017e-08
3.98815e-08
3.60299e-08
3.25186e-08
2.93207e-08
2.64116e-08
2.37679e-08
2.13679e-08
1.91915e-08
1.72199e-08
1.54359e-08
1.38231e-08
1.23668e-08
1.10531e-08
9.86929e-09
8.80368e-09
7.84547e-09
6.98472e-09
6.21234e-09
5.51997e-09
4.89999e-09
4.34539e-09
3.8498e-09
3.40741e-09
3.0129e-09
2.66148e-09
2.34874e-09
2.07074e-09
1.82385e-09
1.60484e-09
1.41074e-09
1.23891e-09
1.08695e-09
9.52693e-10
8.34206e-10
7.29742e-10
6.37737e-10
5.56787e-10
4.85638e-10
4.23168e-10
3.68373e-10
3.20361e-10
2.78335e-10
2.41585e-10
2.09483e-10
1.8147e-10
1.57049e-10
1.35782e-10
1.1728e-10
1.01201e-10
8.72404e-11
7.51325e-11
6.46419e-11
5.55618e-11
4.77105e-11
4.09287e-11
3.50766e-11
3.00319e-11
2.56877e-11
2.19504e-11
1.87385e-11
1.5981e-11
1.3616e-11
1.15897e-11
9.85524e-12
8.37221e-12
7.1054e-12
6.02439e-12
5.10286e-12
4.31807e-12
3.65041e-12
3.08297e-12
2.6012e-12
2.19257e-12
1.84633e-12
1.55325e-12
1.30541e-12
1.09605e-12
9.1937e-13
7.70416e-13
6.44965e-13
5.39415e-13
4.50698e-13
3.76205e-13
3.13718e-13
2.61354e-13
2.17518e-13
1.80858e-13
1.5023e-13
1.24666e-13
1.21075e-06
1.28758e-06
1.36795e-06
1.45192e-06
1.53953e-06
1.63084e-06
1.72588e-06
1.82467e-06
1.92724e-06
2.03358e-06
2.1437e-06
2.25757e-06
2.37517e-06
2.49647e-06
2.62139e-06
2.74988e-06
2.88184e-06
3.0172e-06
3.15583e-06
3.2976e-06
3.44239e-06
3.59002e-06
3.74033e-06
3.89312e-06
4.04821e-06
4.20536e-06
4.36435e-06
4.52493e-06
4.68684e-06
4.8498e-06
5.01354e-06
5.17774e-06
5.3421e-06
5.50629e-06
5.67e-06
5.83287e-06
5.99456e-06
6.15472e-06
6.31299e-06
6.46902e-06
6.62243e-06
6.77285e-06
6.91994e-06
7.06332e-06
7.20263e-06
7.33752e-06
7.46764e-06
7.59265e-06
7.71222e-06
7.82602e-06
7.93375e-06
8.03511e-06
8.12983e-06
8.21763e-06
8.29828e-06
8.37153e-06
8.43719e-06
8.49506e-06
8.54498e-06
8.58681e-06
8.62042e-06
8.64571e-06
8.66261e-06
8.67108e-06
8.67108e-06
8.66261e-06
8.64571e-06
8.62042e-06
8.58681e-06
8.54498e-06
8.49506e-06
8.43719e-06
8.37153e-06
8.29828e-06
8.21763e-06
8.12983e-06
8.03511e-06
7.93375e-06
7.82602e-06
7.71222e-06
7.59265e-06
7.46764e-06
7.33752e-06
7.20263e-06
7.06332e-06
6.91994e-06
6.77285e-06
6.62243e-06
6.46902e-06
6.31299e-06
6.15472e-06
5.99456e-06
5.83287e-06
5.67e-06
5.50629e-06
5.3421e-06
5.17774e-06
5.01354e-06
4.8498e-06
4.68684e-06
4.52493e-06
4.36435e-06
4.20536e-06
4.04821e-06
3.89312e-06
3.74033e-06
3.59002e-06
3.44239e-06
3.2976e-06
3.15583e-06
3.0172e-06
2.88184e-06
2.74988e-06
2.62139e-06
2.49647e-06
2.37517e-06
2.25757e-06
2.1437e-06
2.03358e-06
1.92724e-06
1.82467e-06
1.72588e-06
1.63084e-06
1.53953e-06
1.45192e-06
1.36795e-06
1.28758e-06
1.21075e-06
1.1374e-06
1.06744e-06
1.00081e-06
9.37427e-07
8.77198e-07
8.20037e-07
7.65853e-07
7.14551e-07
6.66035e-07
6.20207e-07
5.76968e-07
5.3622e-07
4.97864e-07
4.618e-07
4.2793e-07
3.96157e-07
3.66385e-07
3.3852e-07
3.12469e-07
2.88141e-07
2.65448e-07
2.44304e-07
2.24624e-07
2.06328e-07
1.89337e-07
1.73576e-07
1.58971e-07
1.45454e-07
1.32955e-07
1.21412e-07
1.10763e-07
1.0095e-07
9.19158e-08
8.36086e-08
7.5978e-08
6.89764e-08
6.25588e-08
5.6683e-08
5.1309e-08
4.63991e-08
4.19181e-08
3.78329e-08
3.41124e-08
3.07279e-08
2.76521e-08
2.48599e-08
2.23278e-08
2.00341e-08
1.79585e-08
1.60821e-08
1.43878e-08
1.28594e-08
1.14822e-08
1.02424e-08
9.1276e-09
8.12619e-09
7.22758e-09
6.42207e-09
5.70076e-09
5.05553e-09
4.47895e-09
3.96426e-09
3.50528e-09
3.09643e-09
2.73259e-09
2.40914e-09
2.12191e-09
1.8671e-09
1.64129e-09
1.44138e-09
1.26458e-09
1.10839e-09
9.70535e-10
8.48999e-10
7.41958e-10
6.4778e-10
5.65003e-10
4.92324e-10
4.28574e-10
3.72716e-10
3.23821e-10
2.81066e-10
2.43718e-10
2.11126e-10
1.82715e-10
1.57972e-10
1.36447e-10
1.17739e-10
1.01498e-10
8.7411e-11
7.52059e-11
6.46419e-11
5.55076e-11
4.76174e-11
4.0809e-11
3.49399e-11
2.98857e-11
2.55376e-11
2.18008e-11
1.85927e-11
1.58412e-11
1.34837e-11
1.14658e-11
9.74043e-12
8.26659e-12
7.00892e-12
5.93678e-12
5.02374e-12
4.24697e-12
3.5868e-12
3.0263e-12
2.55089e-12
2.14806e-12
1.80708e-12
1.51875e-12
1.27517e-12
1.06962e-12
8.9632e-13
7.50368e-13
6.27568e-13
5.24353e-13
4.37686e-13
3.64987e-13
3.04066e-13
2.53066e-13
2.10414e-13
1.74781e-13
1.4504e-13
1.40724e-06
1.49654e-06
1.58995e-06
1.68754e-06
1.78938e-06
1.8955e-06
2.00597e-06
2.12079e-06
2.24e-06
2.36361e-06
2.49159e-06
2.62395e-06
2.76064e-06
2.90161e-06
3.04681e-06
3.19615e-06
3.34953e-06
3.50685e-06
3.66798e-06
3.83277e-06
4.00104e-06
4.17263e-06
4.34734e-06
4.52493e-06
4.70518e-06
4.88784e-06
5.07263e-06
5.25927e-06
5.44746e-06
5.63687e-06
5.82717e-06
6.01802e-06
6.20905e-06
6.3999e-06
6.59017e-06
6.77947e-06
6.96741e-06
7.15356e-06
7.33752e-06
7.51886e-06
7.69717e-06
7.87201e-06
8.04296e-06
8.20961e-06
8.37153e-06
8.52831e-06
8.67955e-06
8.82485e-06
8.96382e-06
9.09609e-06
9.2213e-06
9.33912e-06
9.4492e-06
9.55126e-06
9.64499e-06
9.73013e-06
9.80645e-06
9.87371e-06
9.93173e-06
9.98035e-06
1.00194e-05
1.00488e-05
1.00685e-05
1.00783e-05
1.00783e-05
1.00685e-05
1.00488e-05
1.00194e-05
9.98035e-06
9.93173e-06
9.87371e-06
9.80645e-06
9.73013e-06
9.64499e-06
9.55126e-06
9.4492e-06
9.33912e-06
9.2213e-06
9.09609e-06
8.96382e-06
8.82485e-06
8.67955e-06
8.52831e-06
8.37153e-06
8.20961e-06
8.04296e-06
7.87201e-06
7.69717e-06
7.51886e-06
7.33752e-06
7.15356e-06
6.96741e-06
6.77947e-06
6.59017e-06
6.3999e-06
6.20905e-06
6.01802e-06
5.82717e-06
5.63687e-06
5.44746e-06
5.25927e-06
5.07263e-06
4.88784e-06
4.70518e-06
4.52493e-06
4.34734e-06
4.17263e-06
4.00104e-06
3.83277e-06
3.66798e-06
3.50685e-06
3.34953e-06
3.19615e-06
3.04681e-06
2.90161e-06
2.76064e-06
2.62395e-06
2.49159e-06
2.36361e-06
2.24e-06
2.12079e-06
2.00597e-06
1.8955e-06
1.78938e-06
1.68754e-06
1.58995e-06
1.49654e-06
1.40724e-06
1.32198e-06
1.24068e-06
1.16323e-06
1.08956e-06
1.01956e-06
9.5312e-07
8.90142e-07
8.30514e-07
7.74124e-07
7.20859e-07
6.70603e-07
6.23243e-07
5.78661e-07
5.36744e-07
4.97378e-07
4.60449e-07
4.25845e-07
3.93458e-07
3.63179e-07
3.34903e-07
3.08527e-07
2.83951e-07
2.61078e-07
2.39813e-07
2.20064e-07
2.01745e-07
1.84771e-07
1.69059e-07
1.54533e-07
1.41116e-07
1.28739e-07
1.17333e-07
1.06833e-07
9.71773e-08
8.83083e-08
8.01704e-08
7.27114e-08
6.5882e-08
5.96358e-08
5.39291e-08
4.87209e-08
4.39727e-08
3.96485e-08
3.57146e-08
3.21397e-08
2.88944e-08
2.59514e-08
2.32854e-08
2.08729e-08
1.86921e-08
1.67228e-08
1.49463e-08
1.33456e-08
1.19046e-08
1.06089e-08
9.44497e-09
8.40053e-09
7.4643e-09
6.62593e-09
5.87598e-09
5.20583e-09
4.60761e-09
4.07415e-09
3.59894e-09
3.17605e-09
2.80012e-09
2.46628e-09
2.17011e-09
1.90765e-09
1.6753e-09
1.46981e-09
1.28826e-09
1.12804e-09
9.86782e-10
8.62369e-10
7.52906e-10
6.56697e-10
5.72222e-10
4.98127e-10
4.33203e-10
3.76373e-10
3.2668e-10
2.8327e-10
2.4539e-10
2.12367e-10
1.83609e-10
1.5859e-10
1.36847e-10
1.17969e-10
1.01597e-10
8.7411e-11
7.51325e-11
6.45158e-11
5.53452e-11
4.74318e-11
4.06102e-11
3.47357e-11
2.96821e-11
2.53389e-11
2.16101e-11
1.8412e-11
1.56719e-11
1.33266e-11
1.13212e-11
9.60816e-12
8.14638e-12
6.90025e-12
5.83904e-12
4.93621e-12
4.1689e-12
3.51743e-12
2.96487e-12
2.49667e-12
2.10035e-12
1.76522e-12
1.48212e-12
1.2432e-12
1.04178e-12
8.72144e-13
7.29415e-13
6.09449e-13
5.08717e-13
4.24219e-13
3.53412e-13
2.94135e-13
2.44562e-13
2.03146e-13
1.68578e-13
1.63403e-06
1.73772e-06
1.84618e-06
1.9595e-06
2.07774e-06
2.20097e-06
2.32923e-06
2.46257e-06
2.60099e-06
2.74451e-06
2.89312e-06
3.04681e-06
3.20552e-06
3.36922e-06
3.53781e-06
3.71122e-06
3.88932e-06
4.072e-06
4.25909e-06
4.45043e-06
4.64583e-06
4.84507e-06
5.04793e-06
5.25414e-06
5.46344e-06
5.67554e-06
5.89011e-06
6.10683e-06
6.32534e-06
6.54527e-06
6.76624e-06
6.98785e-06
7.20967e-06
7.43127e-06
7.6522e-06
7.87201e-06
8.09023e-06
8.30638e-06
8.51999e-06
8.73055e-06
8.93759e-06
9.14061e-06
9.33912e-06
9.53262e-06
9.72063e-06
9.90268e-06
1.00783e-05
1.0247e-05
1.04084e-05
1.0562e-05
1.07074e-05
1.08442e-05
1.0972e-05
1.10905e-05
1.11993e-05
1.12982e-05
1.13868e-05
1.14649e-05
1.15323e-05
1.15887e-05
1.16341e-05
1.16682e-05
1.1691e-05
1.17024e-05
1.17024e-05
1.1691e-05
1.16682e-05
1.16341e-05
1.15887e-05
1.15323e-05
1.14649e-05
1.13868e-05
1.12982e-05
1.11993e-05
1.10905e-05
1.0972e-05
1.08442e-05
1.07074e-05
1.0562e-05
1.04084e-05
1.0247e-05
1.00783e-05
9.90268e-06
9.72063e-06
9.53262e-06
9.33912e-06
9.14061e-06
8.93759e-06
8.73055e-06
8.51999e-06
8.30638e-06
8.09023e-06
7.87201e-06
7.6522e-06
7.43127e-06
7.20967e-06
6.98785e-06
6.76624e-06
6.54527e-06
6.32534e-06
6.10683e-06
5.89011e-06
5.67554e-06
5.46344e-06
5.25414e-06
5.04793e-06
4.84507e-06
4.64583e-06
4.45043e-06
4.25909e-06
4.072e-06
3.88932e-06
3.71122e-06
3.53781e-06
3.36922e-06
3.20552e-06
3.04681e-06
2.89312e-06
2.74451e-06
2.60099e-06
2.46257e-06
2.32923e-06
2.20097e-06
2.07774e-06
1.9595e-06
1.84618e-06
1.73772e-06
1.63403e-06
1.53503e-06
1.44062e-06
1.35069e-06
1.26515e-06
1.18386e-06
1.10672e-06
1.03359e-06
9.64355e-07
8.98877e-07
8.37028e-07
7.78674e-07
7.2368e-07
6.71914e-07
6.23243e-07
5.77532e-07
5.34652e-07
4.94472e-07
4.56865e-07
4.21707e-07
3.88874e-07
3.58248e-07
3.29711e-07
3.03151e-07
2.78459e-07
2.55529e-07
2.34257e-07
2.14547e-07
1.96304e-07
1.79436e-07
1.63858e-07
1.49486e-07
1.36241e-07
1.24049e-07
1.12838e-07
1.0254e-07
9.30902e-08
8.44291e-08
7.64991e-08
6.92463e-08
6.262e-08
5.65724e-08
5.1059e-08
4.6038e-08
4.14702e-08
3.73191e-08
3.35508e-08
3.01335e-08
2.70379e-08
2.42366e-08
2.17044e-08
1.94177e-08
1.7355e-08
1.54963e-08
1.38231e-08
1.23186e-08
1.09671e-08
9.75431e-09
8.66719e-09
7.69372e-09
6.82292e-09
6.04477e-09
5.35014e-09
4.73072e-09
4.17892e-09
3.68788e-09
3.25137e-09
2.86373e-09
2.51984e-09
2.21508e-09
1.94528e-09
1.70667e-09
1.49587e-09
1.30983e-09
1.14581e-09
1.00134e-09
8.7424e-10
7.62526e-10
6.64438e-10
5.78402e-10
5.03015e-10
4.37027e-10
3.79325e-10
3.2892e-10
2.84935e-10
2.46591e-10
2.13198e-10
1.84148e-10
1.589e-10
1.36981e-10
1.17969e-10
1.01498e-10
8.72404e-11
7.49127e-11
6.42643e-11
5.50756e-11
4.71547e-11
4.03335e-11
3.44654e-11
2.94223e-11
2.50926e-11
2.13792e-11
1.81975e-11
1.54742e-11
1.31456e-11
1.11566e-11
9.4592e-12
8.01226e-12
6.78002e-12
5.7317e-12
4.84073e-12
4.08427e-12
3.44266e-12
2.89901e-12
2.43883e-12
2.0497e-12
1.72097e-12
1.44355e-12
1.20967e-12
1.01269e-12
8.46963e-13
7.07664e-13
5.90698e-13
4.92584e-13
4.10365e-13
3.41536e-13
2.83974e-13
2.35883e-13
1.95745e-13
1.8955e-06
2.01578e-06
2.1416e-06
2.27306e-06
2.41022e-06
2.55317e-06
2.70196e-06
2.85663e-06
3.0172e-06
3.18369e-06
3.35608e-06
3.53436e-06
3.71847e-06
3.90836e-06
4.10393e-06
4.30509e-06
4.51169e-06
4.7236e-06
4.94063e-06
5.16259e-06
5.38925e-06
5.62038e-06
5.8557e-06
6.09491e-06
6.3377e-06
6.58374e-06
6.83264e-06
7.08404e-06
7.33752e-06
7.59265e-06
7.84898e-06
8.10605e-06
8.36336e-06
8.62042e-06
8.87671e-06
9.13169e-06
9.38483e-06
9.63557e-06
9.88336e-06
1.01276e-05
1.03678e-05
1.06033e-05
1.08336e-05
1.1058e-05
1.12761e-05
1.14873e-05
1.1691e-05
1.18867e-05
1.20739e-05
1.22521e-05
1.24207e-05
1.25794e-05
1.27277e-05
1.28652e-05
1.29914e-05
1.31061e-05
1.32089e-05
1.32995e-05
1.33777e-05
1.34431e-05
1.34958e-05
1.35354e-05
1.35618e-05
1.35751e-05
1.35751e-05
1.35618e-05
1.35354e-05
1.34958e-05
1.34431e-05
1.33777e-05
1.32995e-05
1.32089e-05
1.31061e-05
1.29914e-05
1.28652e-05
1.27277e-05
1.25794e-05
1.24207e-05
1.22521e-05
1.20739e-05
1.18867e-05
1.1691e-05
1.14873e-05
1.12761e-05
1.1058e-05
1.08336e-05
1.06033e-05
1.03678e-05
1.01276e-05
9.88336e-06
9.63557e-06
9.38483e-06
9.13169e-06
8.87671e-06
8.62042e-06
8.36336e-06
8.10605e-06
7.84898e-06
7.59265e-06
7.33752e-06
7.08404e-06
6.83264e-06
6.58374e-06
6.3377e-06
6.09491e-06
5.8557e-06
5.62038e-06
5.38925e-06
5.16259e-06
4.94063e-06
4.7236e-06
4.51169e-06
4.30509e-06
4.10393e-06
3.90836e-06
3.71847e-06
3.53436e-06
3.35608e-06
3.18369e-06
3.0172e-06
2.85663e-06
2.70196e-06
2.55317e-06
2.41022e-06
2.27306e-06
2.1416e-06
2.01578e-06
1.8955e-06
1.78066e-06
1.67114e-06
1.56683e-06
1.4676e-06
1.3733e-06
1.28382e-06
1.19899e-06
1.11867e-06
1.04272e-06
9.7097e-07
9.03277e-07
8.39484e-07
7.79434e-07
7.22974e-07
6.69949e-07
6.20207e-07
5.73598e-07
5.29973e-07
4.89189e-07
4.51102e-07
4.15575e-07
3.82472e-07
3.51662e-07
3.23018e-07
2.96418e-07
2.71743e-07
2.48879e-07
2.27716e-07
2.08149e-07
1.90078e-07
1.73407e-07
1.58043e-07
1.439e-07
1.30894e-07
1.18948e-07
1.07986e-07
9.79395e-08
8.87406e-08
8.03271e-08
7.26404e-08
6.56252e-08
5.92295e-08
5.3405e-08
4.81063e-08
4.32909e-08
3.89196e-08
3.49555e-08
3.13645e-08
2.8115e-08
2.51775e-08
2.25249e-08
2.01322e-08
1.7976e-08
1.60351e-08
1.42898e-08
1.2722e-08
1.13152e-08
1.00541e-08
8.92487e-09
7.91472e-09
7.01206e-09
6.20627e-09
5.48773e-09
4.84763e-09
4.27802e-09
3.77165e-09
3.32198e-09
2.92306e-09
2.56953e-09
2.25656e-09
1.97977e-09
1.73524e-09
1.51943e-09
1.32916e-09
1.16158e-09
1.01414e-09
8.84545e-10
7.70761e-10
6.70958e-10
5.83508e-10
5.06961e-10
4.40025e-10
3.81554e-10
3.3053e-10
2.8605e-10
2.47314e-10
2.13615e-10
1.84328e-10
1.589e-10
1.36847e-10
1.17739e-10
1.01201e-10
8.69003e-11
7.45478e-11
6.38888e-11
5.47004e-11
4.67877e-11
3.99806e-11
3.41305e-11
2.9108e-11
2.48003e-11
2.11095e-11
1.79504e-11
1.52492e-11
1.29418e-11
1.09729e-11
9.29438e-12
7.86496e-12
6.64888e-12
5.61535e-12
4.73784e-12
3.99356e-12
3.36292e-12
2.82909e-12
2.37769e-12
1.99636e-12
1.67455e-12
1.40324e-12
1.17474e-12
9.82495e-13
8.20905e-13
6.85222e-13
5.71407e-13
4.76032e-13
3.96189e-13
3.29416e-13
2.73629e-13
2.27068e-13
2.19668e-06
2.33607e-06
2.48188e-06
2.63422e-06
2.79318e-06
2.95884e-06
3.13127e-06
3.31051e-06
3.4966e-06
3.68954e-06
3.88932e-06
4.09593e-06
4.30929e-06
4.52935e-06
4.756e-06
4.98912e-06
5.22855e-06
5.47412e-06
5.72564e-06
5.98286e-06
6.24554e-06
6.51339e-06
6.7861e-06
7.06332e-06
7.34469e-06
7.62981e-06
7.91827e-06
8.20961e-06
8.50336e-06
8.79903e-06
9.09609e-06
9.394e-06
9.6922e-06
9.9901e-06
1.02871e-05
1.05826e-05
1.0876e-05
1.11665e-05
1.14537e-05
1.17368e-05
1.20151e-05
1.2288e-05
1.25549e-05
1.2815e-05
1.30678e-05
1.33125e-05
1.35486e-05
1.37754e-05
1.39923e-05
1.41988e-05
1.43943e-05
1.45782e-05
1.475e-05
1.49093e-05
1.50556e-05
1.51885e-05
1.53076e-05
1.54126e-05
1.55032e-05
1.55791e-05
1.56401e-05
1.5686e-05
1.57166e-05
1.5732e-05
1.5732e-05
1.57166e-05
1.5686e-05
1.56401e-05
1.55791e-05
1.55032e-05
1.54126e-05
1.53076e-05
1.51885e-05
1.50556e-05
1.49093e-05
1.475e-05
1.45782e-05
1.43943e-05
1.41988e-05
1.39923e-05
1.37754e-05
1.35486e-05
1.33125e-05
1.30678e-05
1.2815e-05
1.25549e-05
1.2288e-05
1.20151e-05
1.17368e-05
1.14537e-05
1.11665e-05
1.0876e-05
1.05826e-05
1.02871e-05
9.9901e-06
9.6922e-06
9.394e-06
9.09609e-06
8.79903e-06
8.50336e-06
8.20961e-06
7.91827e-06
7.62981e-06
7.34469e-06
7.06332e-06
6.7861e-06
6.51339e-06
6.24554e-06
5.98286e-06
5.72564e-06
5.47412e-06
5.22855e-06
4.98912e-06
4.756e-06
4.52935e-06
4.30929e-06
4.09593e-06
3.88932e-06
3.68954e-06
3.4966e-06
3.31051e-06
3.13127e-06
2.95884e-06
2.79318e-06
2.63422e-06
2.48188e-06
2.33607e-06
2.19668e-06
2.06359e-06
1.93667e-06
1.81578e-06
1.70078e-06
1.59151e-06
1.4878e-06
1.38949e-06
1.29641e-06
1.20839e-06
1.12525e-06
1.0468e-06
9.72868e-07
9.03277e-07
8.37846e-07
7.76396e-07
7.1875e-07
6.64735e-07
6.1418e-07
5.66915e-07
5.22777e-07
4.81605e-07
4.43242e-07
4.07537e-07
3.74342e-07
3.43516e-07
3.1492e-07
2.88423e-07
2.63897e-07
2.41222e-07
2.20279e-07
2.00959e-07
1.83154e-07
1.66763e-07
1.51692e-07
1.37847e-07
1.25144e-07
1.13501e-07
1.0284e-07
9.30902e-08
8.41821e-08
7.60522e-08
6.86404e-08
6.18904e-08
5.57498e-08
5.01694e-08
4.51035e-08
4.05095e-08
3.6348e-08
3.25821e-08
2.91779e-08
2.61039e-08
2.33309e-08
2.08322e-08
1.85829e-08
1.65603e-08
1.47434e-08
1.3113e-08
1.16516e-08
1.03429e-08
9.17228e-09
8.12619e-09
7.19238e-09
6.35966e-09
5.61786e-09
4.95775e-09
4.37093e-09
3.8498e-09
3.3875e-09
2.9778e-09
2.6151e-09
2.29434e-09
2.01095e-09
1.76085e-09
1.54034e-09
1.34614e-09
1.17527e-09
1.02509e-09
8.93226e-10
7.77565e-10
6.7622e-10
5.87511e-10
5.0994e-10
4.42179e-10
3.83048e-10
3.315e-10
2.8661e-10
2.47556e-10
2.13615e-10
1.84148e-10
1.5859e-10
1.36447e-10
1.1728e-10
1.00708e-10
8.63926e-11
7.404e-11
6.33916e-11
5.42217e-11
4.6333e-11
3.95534e-11
3.37329e-11
2.87408e-11
2.44635e-11
2.08025e-11
1.76721e-11
1.49981e-11
1.27163e-11
1.07711e-11
9.11461e-12
7.70531e-12
6.50756e-12
5.49063e-12
4.62809e-12
3.89724e-12
3.2786e-12
2.75547e-12
2.31355e-12
1.94061e-12
1.6262e-12
1.3614e-12
1.1386e-12
9.51337e-13
7.94096e-13
6.62197e-13
5.51668e-13
4.59139e-13
3.81756e-13
3.17106e-13
2.63147e-13
2.54322e-06
2.7046e-06
2.87341e-06
3.04979e-06
3.23382e-06
3.42562e-06
3.62525e-06
3.83277e-06
4.04821e-06
4.27159e-06
4.50289e-06
4.74209e-06
4.98912e-06
5.24389e-06
5.50629e-06
5.77618e-06
6.05339e-06
6.3377e-06
6.6289e-06
6.9267e-06
7.23082e-06
7.54092e-06
7.85665e-06
8.1776e-06
8.50336e-06
8.83347e-06
9.16743e-06
9.50473e-06
9.84483e-06
1.01871e-05
1.05311e-05
1.0876e-05
1.12212e-05
1.15661e-05
1.191e-05
1.22521e-05
1.25917e-05
1.29281e-05
1.32606e-05
1.35883e-05
1.39106e-05
1.42266e-05
1.45355e-05
1.48367e-05
1.51293e-05
1.54126e-05
1.5686e-05
1.59486e-05
1.61997e-05
1.64388e-05
1.6665e-05
1.6878e-05
1.70769e-05
1.72613e-05
1.74307e-05
1.75846e-05
1.77225e-05
1.78441e-05
1.7949e-05
1.80368e-05
1.81074e-05
1.81605e-05
1.8196e-05
1.82138e-05
1.82138e-05
1.8196e-05
1.81605e-05
1.81074e-05
1.80368e-05
1.7949e-05
1.78441e-05
1.77225e-05
1.75846e-05
1.74307e-05
1.72613e-05
1.70769e-05
1.6878e-05
1.6665e-05
1.64388e-05
1.61997e-05
1.59486e-05
1.5686e-05
1.54126e-05
1.51293e-05
1.48367e-05
1.45355e-05
1.42266e-05
1.39106e-05
1.35883e-05
1.32606e-05
1.29281e-05
1.25917e-05
1.22521e-05
1.191e-05
1.15661e-05
1.12212e-05
1.0876e-05
1.05311e-05
1.01871e-05
9.84483e-06
9.50473e-06
9.16743e-06
8.83347e-06
8.50336e-06
8.1776e-06
7.85665e-06
7.54092e-06
7.23082e-06
6.9267e-06
6.6289e-06
6.3377e-06
6.05339e-06
5.77618e-06
5.50629e-06
5.24389e-06
4.98912e-06
4.74209e-06
4.50289e-06
4.27159e-06
4.04821e-06
3.83277e-06
3.62525e-06
3.42562e-06
3.23382e-06
3.04979e-06
2.87341e-06
2.7046e-06
2.54322e-06
2.38913e-06
2.24219e-06
2.10223e-06
1.96909e-06
1.84258e-06
1.72251e-06
1.60869e-06
1.50093e-06
1.39902e-06
1.30276e-06
1.21194e-06
1.12634e-06
1.04578e-06
9.70022e-07
8.98877e-07
8.32138e-07
7.69602e-07
7.11071e-07
6.5635e-07
6.05248e-07
5.57581e-07
5.13166e-07
4.71828e-07
4.33397e-07
3.97708e-07
3.64601e-07
3.33924e-07
3.05529e-07
2.79276e-07
2.5503e-07
2.32661e-07
2.12048e-07
1.93072e-07
1.75622e-07
1.59594e-07
1.44887e-07
1.31406e-07
1.19064e-07
1.07776e-07
9.74624e-08
8.805e-08
7.94689e-08
7.16541e-08
6.45447e-08
5.80839e-08
5.22189e-08
4.69002e-08
4.20821e-08
3.77222e-08
3.37809e-08
3.0222e-08
2.70115e-08
2.41186e-08
2.15145e-08
1.91728e-08
1.70693e-08
1.51817e-08
1.34897e-08
1.19746e-08
1.06193e-08
9.40815e-09
8.32702e-09
7.36294e-09
6.50412e-09
5.73987e-09
5.06047e-09
4.45713e-09
3.9219e-09
3.44757e-09
3.02765e-09
2.65628e-09
2.32819e-09
2.03863e-09
1.78334e-09
1.5585e-09
1.36068e-09
1.1868e-09
1.03414e-09
9.00232e-10
7.82899e-10
6.80194e-10
5.90386e-10
5.11936e-10
4.43476e-10
3.83797e-10
3.31824e-10
2.8661e-10
2.47314e-10
2.13198e-10
1.83609e-10
1.57972e-10
1.35782e-10
1.16595e-10
1.00022e-10
8.57203e-11
7.33921e-11
6.27756e-11
5.36424e-11
4.57932e-11
3.90544e-11
3.32748e-11
2.83228e-11
2.40843e-11
2.046e-11
1.73642e-11
1.47224e-11
1.24704e-11
1.05525e-11
8.92088e-12
7.53417e-12
6.35681e-12
5.3582e-12
4.51206e-12
3.79583e-12
3.19017e-12
2.67853e-12
2.24676e-12
1.88274e-12
1.57617e-12
1.31822e-12
1.10142e-12
9.1937e-13
7.66663e-13
6.38697e-13
5.31571e-13
4.41981e-13
3.67131e-13
3.0466e-13
2.94155e-06
3.12821e-06
3.32347e-06
3.52746e-06
3.74033e-06
3.96216e-06
4.19306e-06
4.43308e-06
4.68227e-06
4.94063e-06
5.20816e-06
5.48482e-06
5.77054e-06
6.06522e-06
6.36872e-06
6.68089e-06
7.00151e-06
7.33036e-06
7.66716e-06
8.01161e-06
8.36336e-06
8.72203e-06
9.08721e-06
9.45844e-06
9.83522e-06
1.0217e-05
1.06033e-05
1.09934e-05
1.13868e-05
1.17827e-05
1.21805e-05
1.25794e-05
1.29787e-05
1.33777e-05
1.37754e-05
1.41711e-05
1.45639e-05
1.4953e-05
1.53376e-05
1.57166e-05
1.60893e-05
1.64548e-05
1.68122e-05
1.71605e-05
1.7499e-05
1.78267e-05
1.81428e-05
1.84465e-05
1.8737e-05
1.90135e-05
1.92752e-05
1.95215e-05
1.97516e-05
1.99649e-05
2.01609e-05
2.03388e-05
2.04984e-05
2.0639e-05
2.07602e-05
2.08619e-05
2.09435e-05
2.1005e-05
2.1046e-05
2.10666e-05
2.10666e-05
2.1046e-05
2.1005e-05
2.09435e-05
2.08619e-05
2.07602e-05
2.0639e-05
2.04984e-05
2.03388e-05
2.01609e-05
1.99649e-05
1.97516e-05
1.95215e-05
1.92752e-05
1.90135e-05
1.8737e-05
1.84465e-05
1.81428e-05
1.78267e-05
1.7499e-05
1.71605e-05
1.68122e-05
1.64548e-05
1.60893e-05
1.57166e-05
1.53376e-05
1.4953e-05
1.45639e-05
1.41711e-05
1.37754e-05
1.33777e-05
1.29787e-05
1.25794e-05
1.21805e-05
1.17827e-05
1.13868e-05
1.09934e-05
1.06033e-05
1.0217e-05
9.83522e-06
9.45844e-06
9.08721e-06
8.72203e-06
8.36336e-06
8.01161e-06
7.66716e-06
7.33036e-06
7.00151e-06
6.68089e-06
6.36872e-06
6.06522e-06
5.77054e-06
5.48482e-06
5.20816e-06
4.94063e-06
4.68227e-06
4.43308e-06
4.19306e-06
3.96216e-06
3.74033e-06
3.52746e-06
3.32347e-06
3.12821e-06
2.94155e-06
2.76334e-06
2.59338e-06
2.4315e-06
2.2775e-06
2.13117e-06
1.9923e-06
1.86066e-06
1.73602e-06
1.61815e-06
1.50681e-06
1.40176e-06
1.30276e-06
1.20957e-06
1.12195e-06
1.03967e-06
9.62473e-07
8.90142e-07
8.22443e-07
7.59152e-07
7.00046e-07
6.44913e-07
5.93542e-07
5.45729e-07
5.01279e-07
4.59999e-07
4.21707e-07
3.86225e-07
3.53383e-07
3.23018e-07
2.94974e-07
2.69102e-07
2.4526e-07
2.23312e-07
2.03129e-07
1.8459e-07
1.6758e-07
1.51988e-07
1.37713e-07
1.24656e-07
1.12728e-07
1.01841e-07
9.19158e-08
8.2877e-08
7.46541e-08
6.71814e-08
6.03977e-08
5.4246e-08
4.86733e-08
4.36305e-08
3.90719e-08
3.49555e-08
3.12423e-08
2.78962e-08
2.48842e-08
2.21757e-08
1.97428e-08
1.75596e-08
1.56026e-08
1.38501e-08
1.22825e-08
1.08817e-08
9.63126e-09
8.51617e-09
7.52284e-09
6.63888e-09
5.85307e-09
5.15524e-09
4.53618e-09
3.98755e-09
3.50186e-09
3.07233e-09
2.69285e-09
2.35794e-09
2.06266e-09
1.8026e-09
1.5738e-09
1.37269e-09
1.19611e-09
1.04123e-09
9.05522e-10
7.86731e-10
6.82857e-10
5.92118e-10
5.12936e-10
4.4391e-10
3.83797e-10
3.315e-10
2.8605e-10
2.46591e-10
2.12367e-10
1.82715e-10
1.57049e-10
1.34857e-10
1.15688e-10
9.91464e-11
8.48872e-11
7.26079e-11
6.20442e-11
5.29657e-11
4.51714e-11
3.84865e-11
3.27589e-11
2.78565e-11
2.36646e-11
2.00839e-11
1.70283e-11
1.44236e-11
1.22053e-11
1.03181e-11
8.71422e-12
7.35246e-12
6.19744e-12
5.21877e-12
4.39035e-12
3.68983e-12
3.09806e-12
2.59866e-12
2.17763e-12
1.82304e-12
1.52469e-12
1.27393e-12
1.06337e-12
8.86743e-13
7.38734e-13
6.14829e-13
5.11207e-13
4.24634e-13
3.52378e-13
3.39896e-06
3.61464e-06
3.84026e-06
4.07598e-06
4.32194e-06
4.57827e-06
4.84507e-06
5.12241e-06
5.41035e-06
5.70889e-06
6.01802e-06
6.3377e-06
6.66785e-06
7.00835e-06
7.35905e-06
7.71975e-06
8.09023e-06
8.47021e-06
8.85939e-06
9.25739e-06
9.66384e-06
1.00783e-05
1.05003e-05
1.09292e-05
1.13646e-05
1.18058e-05
1.22521e-05
1.27029e-05
1.31574e-05
1.36149e-05
1.40745e-05
1.45355e-05
1.49969e-05
1.54579e-05
1.59174e-05
1.63747e-05
1.68286e-05
1.72782e-05
1.77225e-05
1.81605e-05
1.85912e-05
1.90135e-05
1.94264e-05
1.98289e-05
2.022e-05
2.05987e-05
2.0964e-05
2.13149e-05
2.16506e-05
2.19701e-05
2.22725e-05
2.25571e-05
2.28229e-05
2.30694e-05
2.32958e-05
2.35015e-05
2.36858e-05
2.38483e-05
2.39884e-05
2.41058e-05
2.42002e-05
2.42712e-05
2.43186e-05
2.43424e-05
2.43424e-05
2.43186e-05
2.42712e-05
2.42002e-05
2.41058e-05
2.39884e-05
2.38483e-05
2.36858e-05
2.35015e-05
2.32958e-05
2.30694e-05
2.28229e-05
2.25571e-05
2.22725e-05
2.19701e-05
2.16506e-05
2.13149e-05
2.0964e-05
2.05987e-05
2.022e-05
1.98289e-05
1.94264e-05
1.90135e-05
1.85912e-05
1.81605e-05
1.77225e-05
1.72782e-05
1.68286e-05
1.63747e-05
1.59174e-05
1.54579e-05
1.49969e-05
1.45355e-05
1.40745e-05
1.36149e-05
1.31574e-05
1.27029e-05
1.22521e-05
1.18058e-05
1.13646e-05
1.09292e-05
1.05003e-05
1.00783e-05
9.66384e-06
9.25739e-06
8.85939e-06
8.47021e-06
8.09023e-06
7.71975e-06
7.35905e-06
7.00835e-06
6.66785e-06
6.3377e-06
6.01802e-06
5.70889e-06
5.41035e-06
5.12241e-06
4.84507e-06
4.57827e-06
4.32194e-06
4.07598e-06
3.84026e-06
3.61464e-06
3.39896e-06
3.19303e-06
2.99664e-06
2.80959e-06
2.63165e-06
2.46257e-06
2.3021e-06
2.14999e-06
2.00597e-06
1.86977e-06
1.74111e-06
1.61973e-06
1.50534e-06
1.39766e-06
1.29641e-06
1.20133e-06
1.11214e-06
1.02856e-06
9.50331e-07
8.77198e-07
8.08902e-07
7.45196e-07
6.85836e-07
6.30589e-07
5.79226e-07
5.31528e-07
4.87282e-07
4.46282e-07
4.08333e-07
3.73247e-07
3.40842e-07
3.10947e-07
2.83397e-07
2.58036e-07
2.34715e-07
2.13294e-07
1.93638e-07
1.75622e-07
1.59127e-07
1.4404e-07
1.30257e-07
1.17677e-07
1.06209e-07
9.57642e-08
8.62626e-08
7.7628e-08
6.97894e-08
6.26811e-08
5.62419e-08
5.04149e-08
4.51475e-08
4.0391e-08
3.61004e-08
3.2234e-08
2.87536e-08
2.5624e-08
2.28127e-08
2.02901e-08
1.80287e-08
1.60038e-08
1.41924e-08
1.25738e-08
1.11289e-08
9.84042e-09
8.69262e-09
7.67121e-09
6.76321e-09
5.95687e-09
5.24154e-09
4.60761e-09
4.0464e-09
3.55007e-09
3.11158e-09
2.72459e-09
2.3834e-09
2.08291e-09
1.81852e-09
1.58614e-09
1.3821e-09
1.20314e-09
1.04633e-09
9.09066e-10
7.89039e-10
6.84192e-10
5.92697e-10
5.12936e-10
4.43476e-10
3.83048e-10
3.3053e-10
2.84935e-10
2.4539e-10
2.11126e-10
1.8147e-10
1.55827e-10
1.33677e-10
1.14563e-10
9.8087e-11
8.38983e-11
7.1692e-11
6.12017e-11
5.21955e-11
4.44711e-11
3.78529e-11
3.21881e-11
2.73444e-11
2.32069e-11
1.96762e-11
1.66664e-11
1.41032e-11
1.19226e-11
1.00693e-11
8.49575e-12
7.16113e-12
6.03027e-12
5.07304e-12
4.2636e-12
3.5798e-12
3.00275e-12
2.51625e-12
2.10651e-12
1.76178e-12
1.47202e-12
1.22872e-12
1.02463e-12
8.53606e-13
7.10434e-13
5.90698e-13
4.90664e-13
4.07172e-13
3.92366e-06
4.17263e-06
4.43308e-06
4.70518e-06
4.98912e-06
5.28502e-06
5.593e-06
5.91316e-06
6.24554e-06
6.59017e-06
6.94702e-06
7.31605e-06
7.69717e-06
8.09023e-06
8.49506e-06
8.91145e-06
9.33912e-06
9.77776e-06
1.0227e-05
1.06865e-05
1.11557e-05
1.16341e-05
1.21212e-05
1.26163e-05
1.31189e-05
1.36282e-05
1.41434e-05
1.46638e-05
1.51885e-05
1.57166e-05
1.62472e-05
1.67794e-05
1.7312e-05
1.78441e-05
1.83746e-05
1.89024e-05
1.94264e-05
1.99454e-05
2.04584e-05
2.0964e-05
2.14611e-05
2.19486e-05
2.24253e-05
2.28899e-05
2.33414e-05
2.37785e-05
2.42002e-05
2.46053e-05
2.49928e-05
2.53616e-05
2.57107e-05
2.60392e-05
2.63461e-05
2.66307e-05
2.6892e-05
2.71294e-05
2.73422e-05
2.75297e-05
2.76915e-05
2.78271e-05
2.7936e-05
2.80179e-05
2.80727e-05
2.81001e-05
2.81001e-05
2.80727e-05
2.80179e-05
2.7936e-05
2.78271e-05
2.76915e-05
2.75297e-05
2.73422e-05
2.71294e-05
2.6892e-05
2.66307e-05
2.63461e-05
2.60392e-05
2.57107e-05
2.53616e-05
2.49928e-05
2.46053e-05
2.42002e-05
2.37785e-05
2.33414e-05
2.28899e-05
2.24253e-05
2.19486e-05
2.14611e-05
2.0964e-05
2.04584e-05
1.99454e-05
1.94264e-05
1.89024e-05
1.83746e-05
1.78441e-05
1.7312e-05
1.67794e-05
1.62472e-05
1.57166e-05
1.51885e-05
1.46638e-05
1.41434e-05
1.36282e-05
1.31189e-05
1.26163e-05
1.21212e-05
1.16341e-05
1.11557e-05
1.06865e-05
1.0227e-05
9.77776e-06
9.33912e-06
8.91145e-06
8.49506e-06
8.09023e-06
7.69717e-06
7.31605e-06
6.94702e-06
6.59017e-06
6.24554e-06
5.91316e-06
5.593e-06
5.28502e-06
4.98912e-06
4.70518e-06
4.43308e-06
4.17263e-06
3.92366e-06
3.68594e-06
3.45924e-06
3.24331e-06
3.0379e-06
2.84271e-06
2.65747e-06
2.48188e-06
2.31563e-06
2.1584e-06
2.00989e-06
1.86977e-06
1.73772e-06
1.61341e-06
1.49654e-06
1.38678e-06
1.28382e-06
1.18734e-06
1.09703e-06
1.01261e-06
9.33772e-07
8.60231e-07
7.91709e-07
7.27933e-07
6.68642e-07
6.1358e-07
5.62503e-07
5.15175e-07
4.71368e-07
4.30865e-07
3.93458e-07
3.58948e-07
3.27145e-07
2.97869e-07
2.70948e-07
2.4622e-07
2.2353e-07
2.02733e-07
1.83691e-07
1.66276e-07
1.50364e-07
1.35843e-07
1.22604e-07
1.10547e-07
9.9579e-08
8.96114e-08
8.05628e-08
7.23572e-08
6.4924e-08
5.81975e-08
5.2117e-08
4.66262e-08
4.16732e-08
3.721e-08
3.31923e-08
2.95796e-08
2.63343e-08
2.34222e-08
2.08118e-08
1.84743e-08
1.63833e-08
1.45148e-08
1.28469e-08
1.13595e-08
1.00345e-08
8.85542e-09
7.80725e-09
6.87643e-09
6.05068e-09
5.31889e-09
4.67104e-09
4.09809e-09
3.59192e-09
3.14519e-09
2.75133e-09
2.40444e-09
2.09924e-09
1.83099e-09
1.59546e-09
1.38887e-09
1.20785e-09
1.0494e-09
9.10843e-10
7.8981e-10
6.84192e-10
5.92118e-10
5.11936e-10
4.42179e-10
3.81554e-10
3.2892e-10
2.8327e-10
2.43718e-10
2.09483e-10
1.79882e-10
1.54313e-10
1.32249e-10
1.13229e-10
9.68497e-11
8.2759e-11
7.06494e-11
6.02529e-11
5.13361e-11
4.36962e-11
3.7157e-11
3.15655e-11
2.67893e-11
2.27136e-11
1.92392e-11
1.62803e-11
1.37631e-11
1.16237e-11
9.80724e-12
8.26659e-12
6.96117e-12
5.85617e-12
4.92177e-12
4.13242e-12
3.46628e-12
2.90468e-12
2.4317e-12
2.03374e-12
1.69926e-12
1.4184e-12
1.1828e-12
9.85377e-13
8.20104e-13
6.81885e-13
5.66407e-13
4.70027e-13
4.52493e-06
4.81206e-06
5.11242e-06
5.42622e-06
5.75366e-06
6.09491e-06
6.45009e-06
6.81931e-06
7.20263e-06
7.60007e-06
8.01161e-06
8.43719e-06
8.87671e-06
9.33e-06
9.79687e-06
1.02771e-05
1.07703e-05
1.12761e-05
1.17942e-05
1.23241e-05
1.28652e-05
1.34169e-05
1.39787e-05
1.45497e-05
1.51293e-05
1.57166e-05
1.63108e-05
1.6911e-05
1.75161e-05
1.81251e-05
1.8737e-05
1.93507e-05
1.99649e-05
2.05786e-05
2.11904e-05
2.17991e-05
2.24034e-05
2.30019e-05
2.35935e-05
2.41766e-05
2.47499e-05
2.53121e-05
2.58618e-05
2.63976e-05
2.69183e-05
2.74224e-05
2.79087e-05
2.83759e-05
2.88227e-05
2.92481e-05
2.96507e-05
3.00295e-05
3.03835e-05
3.07116e-05
3.1013e-05
3.12868e-05
3.15322e-05
3.17485e-05
3.1935e-05
3.20914e-05
3.2217e-05
3.23115e-05
3.23747e-05
3.24063e-05
3.24063e-05
3.23747e-05
3.23115e-05
3.2217e-05
3.20914e-05
3.1935e-05
3.17485e-05
3.15322e-05
3.12868e-05
3.1013e-05
3.07116e-05
3.03835e-05
3.00295e-05
2.96507e-05
2.92481e-05
2.88227e-05
2.83759e-05
2.79087e-05
2.74224e-05
2.69183e-05
2.63976e-05
2.58618e-05
2.53121e-05
2.47499e-05
2.41766e-05
2.35935e-05
2.30019e-05
2.24034e-05
2.17991e-05
2.11904e-05
2.05786e-05
1.99649e-05
1.93507e-05
1.8737e-05
1.81251e-05
1.75161e-05
1.6911e-05
1.63108e-05
1.57166e-05
1.51293e-05
1.45497e-05
1.39787e-05
1.34169e-05
1.28652e-05
1.23241e-05
1.17942e-05
1.12761e-05
1.07703e-05
1.02771e-05
9.79687e-06
9.33e-06
8.87671e-06
8.43719e-06
8.01161e-06
7.60007e-06
7.20263e-06
6.81931e-06
6.45009e-06
6.09491e-06
5.75366e-06
5.42622e-06
5.11242e-06
4.81206e-06
4.52493e-06
4.25078e-06
3.98934e-06
3.74033e-06
3.50343e-06
3.27834e-06
3.06471e-06
2.86221e-06
2.67048e-06
2.48916e-06
2.31789e-06
2.15629e-06
2.00401e-06
1.86066e-06
1.72588e-06
1.5993e-06
1.48055e-06
1.36929e-06
1.26515e-06
1.16779e-06
1.07687e-06
9.92056e-07
9.13033e-07
8.39484e-07
7.71106e-07
7.07607e-07
6.48703e-07
5.94122e-07
5.43602e-07
4.96892e-07
4.53753e-07
4.13955e-07
3.77278e-07
3.43516e-07
3.12469e-07
2.83951e-07
2.57784e-07
2.338e-07
2.11841e-07
1.91756e-07
1.73407e-07
1.5666e-07
1.41392e-07
1.27488e-07
1.14839e-07
1.03344e-07
9.29085e-08
8.34455e-08
7.48731e-08
6.71158e-08
6.01035e-08
5.37713e-08
4.80593e-08
4.29121e-08
3.82788e-08
3.41124e-08
3.03699e-08
2.70115e-08
2.40011e-08
2.13054e-08
1.8894e-08
1.67391e-08
1.48156e-08
1.31002e-08
1.15722e-08
1.02125e-08
9.00366e-09
7.9302e-09
6.9779e-09
6.13397e-09
5.38684e-09
4.7261e-09
4.14235e-09
3.62717e-09
3.17295e-09
2.77291e-09
2.42094e-09
2.11158e-09
1.83995e-09
1.6017e-09
1.39294e-09
1.21021e-09
1.05042e-09
9.10843e-10
7.89039e-10
6.82857e-10
5.90386e-10
5.0994e-10
4.40025e-10
3.79325e-10
3.2668e-10
2.81066e-10
2.41585e-10
2.07448e-10
1.7796e-10
1.52515e-10
1.3058e-10
1.11691e-10
9.54413e-11
8.1476e-11
6.94862e-11
5.9203e-11
5.03924e-11
4.2851e-11
3.64027e-11
3.08946e-11
2.61943e-11
2.21875e-11
1.87752e-11
1.58722e-11
1.34049e-11
1.13101e-11
9.53339e-12
8.02792e-12
6.75359e-12
5.67599e-12
4.76568e-12
3.99746e-12
3.3498e-12
2.80434e-12
2.3454e-12
1.95966e-12
1.63576e-12
1.36406e-12
1.13638e-12
9.45779e-13
7.86379e-13
6.53205e-13
5.42055e-13
5.21325e-06
5.54406e-06
5.89011e-06
6.25164e-06
6.6289e-06
7.02205e-06
7.43127e-06
7.85665e-06
8.29828e-06
8.75617e-06
9.23031e-06
9.72063e-06
1.0227e-05
1.07493e-05
1.12871e-05
1.18404e-05
1.24086e-05
1.29914e-05
1.35883e-05
1.41988e-05
1.48222e-05
1.54579e-05
1.61051e-05
1.6763e-05
1.74307e-05
1.81074e-05
1.8792e-05
1.94834e-05
2.01806e-05
2.08822e-05
2.15872e-05
2.22943e-05
2.30019e-05
2.37089e-05
2.44138e-05
2.51151e-05
2.58113e-05
2.65009e-05
2.71824e-05
2.78542e-05
2.85148e-05
2.91625e-05
2.97958e-05
3.04132e-05
3.1013e-05
3.15938e-05
3.21541e-05
3.26924e-05
3.32072e-05
3.36972e-05
3.41611e-05
3.45975e-05
3.50053e-05
3.53834e-05
3.57306e-05
3.60461e-05
3.63288e-05
3.6578e-05
3.67929e-05
3.6973e-05
3.71177e-05
3.72266e-05
3.72994e-05
3.73358e-05
3.73358e-05
3.72994e-05
3.72266e-05
3.71177e-05
3.6973e-05
3.67929e-05
3.6578e-05
3.63288e-05
3.60461e-05
3.57306e-05
3.53834e-05
3.50053e-05
3.45975e-05
3.41611e-05
3.36972e-05
3.32072e-05
3.26924e-05
3.21541e-05
3.15938e-05
3.1013e-05
3.04132e-05
2.97958e-05
2.91625e-05
2.85148e-05
2.78542e-05
2.71824e-05
2.65009e-05
2.58113e-05
2.51151e-05
2.44138e-05
2.37089e-05
2.30019e-05
2.22943e-05
2.15872e-05
2.08822e-05
2.01806e-05
1.94834e-05
1.8792e-05
1.81074e-05
1.74307e-05
1.6763e-05
1.61051e-05
1.54579e-05
1.48222e-05
1.41988e-05
1.35883e-05
1.29914e-05
1.24086e-05
1.18404e-05
1.12871e-05
1.07493e-05
1.0227e-05
9.72063e-06
9.23031e-06
8.75617e-06
8.29828e-06
7.85665e-06
7.43127e-06
7.02205e-06
6.6289e-06
6.25164e-06
5.89011e-06
5.54406e-06
5.21325e-06
4.8974e-06
4.59619e-06
4.30929e-06
4.03637e-06
3.77703e-06
3.53091e-06
3.2976e-06
3.07671e-06
2.86781e-06
2.67048e-06
2.48431e-06
2.30885e-06
2.1437e-06
1.98841e-06
1.84258e-06
1.70577e-06
1.57758e-06
1.4576e-06
1.34543e-06
1.24068e-06
1.14297e-06
1.05192e-06
9.67184e-07
8.88405e-07
8.15246e-07
7.47382e-07
6.84498e-07
6.26293e-07
5.72478e-07
5.22777e-07
4.76924e-07
4.34669e-07
3.9577e-07
3.60001e-07
3.27145e-07
2.96998e-07
2.69365e-07
2.44065e-07
2.20926e-07
1.99785e-07
1.8049e-07
1.629e-07
1.46881e-07
1.32308e-07
1.19064e-07
1.07042e-07
9.6139e-08
8.62626e-08
7.73253e-08
6.92463e-08
6.19509e-08
5.537e-08
4.94398e-08
4.41017e-08
3.93015e-08
3.49897e-08
3.11205e-08
2.76521e-08
2.45463e-08
2.17681e-08
1.92854e-08
1.70693e-08
1.5093e-08
1.33326e-08
1.17659e-08
1.03733e-08
9.13652e-09
8.03936e-09
7.06705e-09
6.20627e-09
5.44502e-09
4.77248e-09
4.17892e-09
3.65561e-09
3.19472e-09
2.7892e-09
2.43279e-09
2.11984e-09
1.84535e-09
1.60484e-09
1.39431e-09
1.21021e-09
1.0494e-09
9.09066e-10
7.86731e-10
6.80194e-10
5.87511e-10
5.06961e-10
4.37027e-10
3.76373e-10
3.23821e-10
2.78335e-10
2.39004e-10
2.05031e-10
1.75715e-10
1.50444e-10
1.28681e-10
1.0996e-10
9.38699e-11
8.00563e-11
6.82088e-11
5.80579e-11
4.93694e-11
4.19402e-11
3.55942e-11
3.01789e-11
2.55626e-11
2.16312e-11
1.82866e-11
1.5444e-11
1.30306e-11
1.09836e-11
9.24911e-12
7.78093e-12
6.53941e-12
5.49063e-12
4.60555e-12
3.85937e-12
3.23093e-12
2.70218e-12
2.25775e-12
1.88458e-12
1.57156e-12
1.30924e-12
1.08965e-12
9.06001e-13
7.52569e-13
6.24512e-13
6.00042e-06
6.38118e-06
6.77947e-06
7.1956e-06
7.62981e-06
8.08233e-06
8.55333e-06
9.04295e-06
9.55126e-06
1.00783e-05
1.0624e-05
1.11884e-05
1.17712e-05
1.23723e-05
1.29914e-05
1.36282e-05
1.42822e-05
1.4953e-05
1.56401e-05
1.63427e-05
1.70602e-05
1.77919e-05
1.85368e-05
1.92941e-05
2.00627e-05
2.08415e-05
2.16294e-05
2.24253e-05
2.32277e-05
2.40353e-05
2.48468e-05
2.56605e-05
2.64751e-05
2.72888e-05
2.81001e-05
2.89073e-05
2.97087e-05
3.05024e-05
3.12868e-05
3.206e-05
3.28203e-05
3.35658e-05
3.42948e-05
3.50053e-05
3.56958e-05
3.63643e-05
3.70091e-05
3.76287e-05
3.82212e-05
3.87852e-05
3.93192e-05
3.98215e-05
4.02909e-05
4.07261e-05
4.11257e-05
4.14888e-05
4.18142e-05
4.2101e-05
4.23484e-05
4.25557e-05
4.27222e-05
4.28476e-05
4.29314e-05
4.29733e-05
4.29733e-05
4.29314e-05
4.28476e-05
4.27222e-05
4.25557e-05
4.23484e-05
4.2101e-05
4.18142e-05
4.14888e-05
4.11257e-05
4.07261e-05
4.02909e-05
3.98215e-05
3.93192e-05
3.87852e-05
3.82212e-05
3.76287e-05
3.70091e-05
3.63643e-05
3.56958e-05
3.50053e-05
3.42948e-05
3.35658e-05
3.28203e-05
3.206e-05
3.12868e-05
3.05024e-05
2.97087e-05
2.89073e-05
2.81001e-05
2.72888e-05
2.64751e-05
2.56605e-05
2.48468e-05
2.40353e-05
2.32277e-05
2.24253e-05
2.16294e-05
2.08415e-05
2.00627e-05
1.92941e-05
1.85368e-05
1.77919e-05
1.70602e-05
1.63427e-05
1.56401e-05
1.4953e-05
1.42822e-05
1.36282e-05
1.29914e-05
1.23723e-05
1.17712e-05
1.11884e-05
1.0624e-05
1.00783e-05
9.55126e-06
9.04295e-06
8.55333e-06
8.08233e-06
7.62981e-06
7.1956e-06
6.77947e-06
6.38118e-06
6.00042e-06
5.63687e-06
5.29018e-06
4.95997e-06
4.64583e-06
4.34734e-06
4.06405e-06
3.79552e-06
3.54127e-06
3.30083e-06
3.0737e-06
2.85942e-06
2.65747e-06
2.46738e-06
2.28865e-06
2.12079e-06
1.96333e-06
1.81578e-06
1.67768e-06
1.54858e-06
1.42801e-06
1.31554e-06
1.21075e-06
1.11322e-06
1.02255e-06
9.38343e-07
8.60231e-07
7.87852e-07
7.20859e-07
6.58918e-07
6.01712e-07
5.48936e-07
5.00301e-07
4.55529e-07
4.14359e-07
3.76542e-07
3.41842e-07
3.10038e-07
2.80917e-07
2.54284e-07
2.29951e-07
2.07743e-07
1.87497e-07
1.69059e-07
1.52285e-07
1.37042e-07
1.23204e-07
1.10655e-07
9.92877e-08
8.90009e-08
7.9702e-08
7.1305e-08
6.37304e-08
5.69049e-08
5.07607e-08
4.52358e-08
4.02729e-08
3.58194e-08
3.18274e-08
2.82526e-08
2.50549e-08
2.21974e-08
1.96466e-08
1.7372e-08
1.53457e-08
1.35425e-08
1.19396e-08
1.05161e-08
9.25325e-09
8.13413e-09
7.14338e-09
6.26718e-09
5.49309e-09
4.80991e-09
4.20759e-09
3.6771e-09
3.21035e-09
2.80012e-09
2.43992e-09
2.12399e-09
1.84716e-09
1.60484e-09
1.39294e-09
1.20785e-09
1.04633e-09
9.05522e-10
7.82899e-10
6.7622e-10
5.83508e-10
5.03015e-10
4.33203e-10
3.72716e-10
3.20361e-10
2.75092e-10
2.35989e-10
2.02247e-10
1.7316e-10
1.48111e-10
1.26563e-10
1.08044e-10
9.21442e-11
7.85079e-11
6.68242e-11
5.68239e-11
4.82729e-11
4.09687e-11
3.47357e-11
2.94223e-11
2.48973e-11
2.10477e-11
1.7776e-11
1.49981e-11
1.2642e-11
1.06457e-11
8.95579e-12
7.52682e-12
6.31967e-12
5.30095e-12
4.44211e-12
3.71877e-12
3.11019e-12
2.59866e-12
2.16914e-12
1.80885e-12
1.50693e-12
1.25418e-12
1.0428e-12
8.66202e-13
7.18808e-13
6.8997e-06
7.33752e-06
7.79551e-06
8.274e-06
8.77329e-06
9.29363e-06
9.83522e-06
1.03982e-05
1.09827e-05
1.15887e-05
1.22162e-05
1.28652e-05
1.35354e-05
1.42266e-05
1.49384e-05
1.56707e-05
1.64227e-05
1.7194e-05
1.7984e-05
1.8792e-05
1.96171e-05
2.04584e-05
2.13149e-05
2.21857e-05
2.30694e-05
2.3965e-05
2.4871e-05
2.57861e-05
2.67088e-05
2.76375e-05
2.85705e-05
2.95063e-05
3.04429e-05
3.13786e-05
3.23115e-05
3.32396e-05
3.41611e-05
3.50738e-05
3.59757e-05
3.68649e-05
3.77391e-05
3.85963e-05
3.94345e-05
4.02516e-05
4.10455e-05
4.18142e-05
4.25557e-05
4.32681e-05
4.39494e-05
4.4598e-05
4.52119e-05
4.57895e-05
4.63293e-05
4.68296e-05
4.72892e-05
4.77067e-05
4.80808e-05
4.84106e-05
4.86951e-05
4.89335e-05
4.9125e-05
4.92691e-05
4.93655e-05
4.94137e-05
4.94137e-05
4.93655e-05
4.92691e-05
4.9125e-05
4.89335e-05
4.86951e-05
4.84106e-05
4.80808e-05
4.77067e-05
4.72892e-05
4.68296e-05
4.63293e-05
4.57895e-05
4.52119e-05
4.4598e-05
4.39494e-05
4.32681e-05
4.25557e-05
4.18142e-05
4.10455e-05
4.02516e-05
3.94345e-05
3.85963e-05
3.77391e-05
3.68649e-05
3.59757e-05
3.50738e-05
3.41611e-05
3.32396e-05
3.23115e-05
3.13786e-05
3.04429e-05
2.95063e-05
2.85705e-05
2.76375e-05
2.67088e-05
2.57861e-05
2.4871e-05
2.3965e-05
2.30694e-05
2.21857e-05
2.13149e-05
2.04584e-05
1.96171e-05
1.8792e-05
1.7984e-05
1.7194e-05
1.64227e-05
1.56707e-05
1.49384e-05
1.42266e-05
1.35354e-05
1.28652e-05
1.22162e-05
1.15887e-05
1.09827e-05
1.03982e-05
9.83522e-06
9.29363e-06
8.77329e-06
8.274e-06
7.79551e-06
7.33752e-06
6.8997e-06
6.48166e-06
6.08302e-06
5.70332e-06
5.3421e-06
4.99887e-06
4.67313e-06
4.36435e-06
4.072e-06
3.79552e-06
3.53436e-06
3.28796e-06
3.05575e-06
2.83717e-06
2.63165e-06
2.43863e-06
2.25757e-06
2.08791e-06
1.92912e-06
1.78066e-06
1.64203e-06
1.5127e-06
1.39221e-06
1.28006e-06
1.1758e-06
1.07897e-06
9.89154e-07
9.05927e-07
8.28894e-07
7.5767e-07
6.91891e-07
6.31205e-07
5.7528e-07
5.23799e-07
4.76459e-07
4.32974e-07
3.93074e-07
3.56503e-07
3.23018e-07
2.92393e-07
2.64413e-07
2.38878e-07
2.15597e-07
1.94396e-07
1.75108e-07
1.5758e-07
1.41669e-07
1.27239e-07
1.14168e-07
1.02339e-07
9.16469e-08
8.19915e-08
7.32817e-08
6.54332e-08
5.83682e-08
5.20153e-08
4.63085e-08
4.11877e-08
3.65973e-08
3.24868e-08
2.88098e-08
2.55241e-08
2.2591e-08
1.99755e-08
1.76455e-08
1.55721e-08
1.37289e-08
1.20921e-08
1.064e-08
9.35319e-09
8.21395e-09
7.20644e-09
6.31633e-09
5.53077e-09
4.83817e-09
4.22818e-09
3.69149e-09
3.21977e-09
2.80559e-09
2.44231e-09
2.12399e-09
1.84535e-09
1.6017e-09
1.38887e-09
1.20314e-09
1.04123e-09
9.00232e-10
7.77565e-10
6.70958e-10
5.78402e-10
4.98127e-10
4.28574e-10
3.68373e-10
3.1632e-10
2.71356e-10
2.32557e-10
1.99111e-10
1.70309e-10
1.45531e-10
1.24236e-10
1.05954e-10
9.02738e-11
7.68392e-11
6.534e-11
5.55076e-11
4.71087e-11
3.99416e-11
3.38318e-11
2.86287e-11
2.42021e-11
2.044e-11
1.72459e-11
1.45367e-11
1.22411e-11
1.0298e-11
8.65486e-12
7.2668e-12
6.0954e-12
5.10784e-12
4.27611e-12
3.57631e-12
2.98812e-12
2.49423e-12
2.07994e-12
1.73277e-12
1.44214e-12
1.19908e-12
9.96019e-13
8.26536e-13
7.92601e-06
8.42895e-06
8.95507e-06
9.50473e-06
1.00783e-05
1.0676e-05
1.12982e-05
1.19449e-05
1.26163e-05
1.33125e-05
1.40334e-05
1.47788e-05
1.55487e-05
1.63427e-05
1.71605e-05
1.80016e-05
1.88655e-05
1.97516e-05
2.06591e-05
2.15872e-05
2.2535e-05
2.35015e-05
2.44854e-05
2.54857e-05
2.65009e-05
2.75297e-05
2.85705e-05
2.96217e-05
3.06817e-05
3.17485e-05
3.28203e-05
3.38952e-05
3.49712e-05
3.60461e-05
3.71177e-05
3.81839e-05
3.92424e-05
4.02909e-05
4.1327e-05
4.23484e-05
4.33527e-05
4.43374e-05
4.53003e-05
4.62389e-05
4.71509e-05
4.80339e-05
4.88857e-05
4.97041e-05
5.04868e-05
5.12318e-05
5.1937e-05
5.26006e-05
5.32206e-05
5.37954e-05
5.43233e-05
5.48029e-05
5.52327e-05
5.56116e-05
5.59384e-05
5.62122e-05
5.64322e-05
5.65978e-05
5.67084e-05
5.67638e-05
5.67638e-05
5.67084e-05
5.65978e-05
5.64322e-05
5.62122e-05
5.59384e-05
5.56116e-05
5.52327e-05
5.48029e-05
5.43233e-05
5.37954e-05
5.32206e-05
5.26006e-05
5.1937e-05
5.12318e-05
5.04868e-05
4.97041e-05
4.88857e-05
4.80339e-05
4.71509e-05
4.62389e-05
4.53003e-05
4.43374e-05
4.33527e-05
4.23484e-05
4.1327e-05
4.02909e-05
3.92424e-05
3.81839e-05
3.71177e-05
3.60461e-05
3.49712e-05
3.38952e-05
3.28203e-05
3.17485e-05
3.06817e-05
2.96217e-05
2.85705e-05
2.75297e-05
2.65009e-05
2.54857e-05
2.44854e-05
2.35015e-05
2.2535e-05
2.15872e-05
2.06591e-05
1.97516e-05
1.88655e-05
1.80016e-05
1.71605e-05
1.63427e-05
1.55487e-05
1.47788e-05
1.40334e-05
1.33125e-05
1.26163e-05
1.19449e-05
1.12982e-05
1.0676e-05
1.00783e-05
9.50473e-06
8.95507e-06
8.42895e-06
7.92601e-06
7.44579e-06
6.98785e-06
6.55167e-06
6.13672e-06
5.74244e-06
5.36824e-06
5.01354e-06
4.6777e-06
4.36009e-06
4.06009e-06
3.77703e-06
3.51028e-06
3.25919e-06
3.0231e-06
2.80137e-06
2.59338e-06
2.39848e-06
2.21607e-06
2.04553e-06
1.88627e-06
1.73772e-06
1.5993e-06
1.47047e-06
1.35069e-06
1.23947e-06
1.13629e-06
1.04068e-06
9.52189e-07
8.70372e-07
7.94807e-07
7.25095e-07
6.60852e-07
6.01712e-07
5.47331e-07
4.97378e-07
4.51543e-07
4.09532e-07
3.71066e-07
3.35886e-07
3.03744e-07
2.7441e-07
2.47667e-07
2.23312e-07
2.01155e-07
1.8102e-07
1.62741e-07
1.46166e-07
1.3115e-07
1.17562e-07
1.05279e-07
9.41875e-08
8.41821e-08
7.51662e-08
6.70503e-08
5.97524e-08
5.31968e-08
4.73142e-08
4.20411e-08
3.73191e-08
3.30952e-08
2.93207e-08
2.59514e-08
2.29468e-08
2.02703e-08
1.78884e-08
1.57711e-08
1.38908e-08
1.22227e-08
1.07444e-08
9.43575e-09
8.27838e-09
7.25587e-09
6.35345e-09
5.55784e-09
4.85711e-09
4.24059e-09
3.6987e-09
3.22292e-09
2.80559e-09
2.43992e-09
2.11984e-09
1.83995e-09
1.59546e-09
1.3821e-09
1.19611e-09
1.03414e-09
8.93226e-10
7.70761e-10
6.64438e-10
5.72222e-10
4.92324e-10
4.23168e-10
3.63371e-10
3.1172e-10
2.67149e-10
2.28728e-10
1.95642e-10
1.67178e-10
1.42716e-10
1.21714e-10
1.03702e-10
8.82688e-11
7.50592e-11
6.37641e-11
5.41159e-11
4.58828e-11
3.88642e-11
3.28871e-11
2.78021e-11
2.34804e-11
1.98112e-11
1.6699e-11
1.40619e-11
1.18298e-11
9.94224e-12
8.34772e-12
7.00208e-12
5.86762e-12
4.91216e-12
4.10828e-12
3.43259e-12
2.86524e-12
2.38933e-12
1.99052e-12
1.65665e-12
1.37744e-12
1.14417e-12
9.49481e-13
9.09609e-06
9.67329e-06
1.02771e-05
1.09079e-05
1.15661e-05
1.22521e-05
1.29661e-05
1.37083e-05
1.44788e-05
1.52778e-05
1.61051e-05
1.69606e-05
1.78441e-05
1.87553e-05
1.96938e-05
2.06591e-05
2.16506e-05
2.26675e-05
2.37089e-05
2.47741e-05
2.58618e-05
2.69709e-05
2.81001e-05
2.92481e-05
3.04132e-05
3.15938e-05
3.27883e-05
3.39947e-05
3.52111e-05
3.64354e-05
3.76654e-05
3.8899e-05
4.01338e-05
4.13674e-05
4.25973e-05
4.38209e-05
4.50356e-05
4.62389e-05
4.7428e-05
4.86001e-05
4.97526e-05
5.08828e-05
5.19878e-05
5.30649e-05
5.41116e-05
5.51249e-05
5.61025e-05
5.70417e-05
5.79399e-05
5.87949e-05
5.96043e-05
6.03658e-05
6.10774e-05
6.1737e-05
6.23429e-05
6.28932e-05
6.33865e-05
6.38213e-05
6.41963e-05
6.45106e-05
6.4763e-05
6.49531e-05
6.508e-05
6.51436e-05
6.51436e-05
6.508e-05
6.49531e-05
6.4763e-05
6.45106e-05
6.41963e-05
6.38213e-05
6.33865e-05
6.28932e-05
6.23429e-05
6.1737e-05
6.10774e-05
6.03658e-05
5.96043e-05
5.87949e-05
5.79399e-05
5.70417e-05
5.61025e-05
5.51249e-05
5.41116e-05
5.30649e-05
5.19878e-05
5.08828e-05
4.97526e-05
4.86001e-05
4.7428e-05
4.62389e-05
4.50356e-05
4.38209e-05
4.25973e-05
4.13674e-05
4.01338e-05
3.8899e-05
3.76654e-05
3.64354e-05
3.52111e-05
3.39947e-05
3.27883e-05
3.15938e-05
3.04132e-05
2.92481e-05
2.81001e-05
2.69709e-05
2.58618e-05
2.47741e-05
2.37089e-05
2.26675e-05
2.16506e-05
2.06591e-05
1.96938e-05
1.87553e-05
1.78441e-05
1.69606e-05
1.61051e-05
1.52778e-05
1.44788e-05
1.37083e-05
1.29661e-05
1.22521e-05
1.15661e-05
1.09079e-05
1.02771e-05
9.67329e-06
9.09609e-06
8.54498e-06
8.01944e-06
7.51886e-06
7.04265e-06
6.59017e-06
6.16074e-06
5.75366e-06
5.36824e-06
5.00375e-06
4.65946e-06
4.33462e-06
4.02849e-06
3.74033e-06
3.46939e-06
3.21493e-06
2.97623e-06
2.75256e-06
2.54322e-06
2.3475e-06
2.16473e-06
1.99425e-06
1.83539e-06
1.68754e-06
1.55009e-06
1.42244e-06
1.30403e-06
1.19431e-06
1.09276e-06
9.98861e-07
9.12142e-07
8.32138e-07
7.58411e-07
6.90541e-07
6.28131e-07
5.70804e-07
5.18202e-07
4.69989e-07
4.25845e-07
3.85471e-07
3.48585e-07
3.1492e-07
2.84229e-07
2.56278e-07
2.30851e-07
2.07743e-07
1.86766e-07
1.67743e-07
1.50511e-07
1.34917e-07
1.20821e-07
1.08092e-07
9.66096e-08
8.62626e-08
7.69487e-08
6.85734e-08
6.105e-08
5.4299e-08
4.82474e-08
4.28284e-08
3.79809e-08
3.36492e-08
2.97825e-08
2.63343e-08
2.32627e-08
2.05292e-08
1.80993e-08
1.59414e-08
1.40271e-08
1.23306e-08
1.08287e-08
9.50048e-09
8.32702e-09
7.29139e-09
6.37832e-09
5.57414e-09
4.86661e-09
4.24473e-09
3.6987e-09
3.21977e-09
2.80012e-09
2.43279e-09
2.11158e-09
1.83099e-09
1.58614e-09
1.37269e-09
1.1868e-09
1.02509e-09
8.84545e-10
7.62526e-10
6.56697e-10
5.65003e-10
4.85638e-10
4.17014e-10
3.57738e-10
3.06588e-10
2.62494e-10
2.24523e-10
1.91858e-10
1.63784e-10
1.39682e-10
1.19011e-10
1.013e-10
8.61399e-11
7.31774e-11
6.21048e-11
5.26562e-11
4.46016e-11
3.77421e-11
3.19065e-11
2.69468e-11
2.27358e-11
1.91642e-11
1.61379e-11
1.35762e-11
1.141e-11
9.58005e-12
8.03576e-12
6.73383e-12
5.63733e-12
4.71476e-12
3.93933e-12
3.28822e-12
2.74205e-12
2.28437e-12
1.90122e-12
1.58079e-12
1.31308e-12
1.08965e-12
1.04287e-05
1.10905e-05
1.17827e-05
1.25059e-05
1.32606e-05
1.40471e-05
1.48657e-05
1.57166e-05
1.66001e-05
1.75161e-05
1.84645e-05
1.94454e-05
2.04584e-05
2.15031e-05
2.25791e-05
2.36858e-05
2.48225e-05
2.59884e-05
2.71824e-05
2.84036e-05
2.96507e-05
3.09223e-05
3.2217e-05
3.35331e-05
3.48689e-05
3.62225e-05
3.75919e-05
3.89751e-05
4.03697e-05
4.17734e-05
4.31836e-05
4.4598e-05
4.60137e-05
4.7428e-05
4.8838e-05
5.02409e-05
5.16336e-05
5.30131e-05
5.43764e-05
5.57203e-05
5.70417e-05
5.83374e-05
5.96043e-05
6.08393e-05
6.20392e-05
6.32011e-05
6.43218e-05
6.53986e-05
6.64285e-05
6.74087e-05
6.83366e-05
6.92097e-05
7.00255e-05
7.07818e-05
7.14764e-05
7.21074e-05
7.2673e-05
7.31715e-05
7.36015e-05
7.39617e-05
7.42512e-05
7.44691e-05
7.46146e-05
7.46875e-05
7.46875e-05
7.46146e-05
7.44691e-05
7.42512e-05
7.39617e-05
7.36015e-05
7.31715e-05
7.2673e-05
7.21074e-05
7.14764e-05
7.07818e-05
7.00255e-05
6.92097e-05
6.83366e-05
6.74087e-05
6.64285e-05
6.53986e-05
6.43218e-05
6.32011e-05
6.20392e-05
6.08393e-05
5.96043e-05
5.83374e-05
5.70417e-05
5.57203e-05
5.43764e-05
5.30131e-05
5.16336e-05
5.02409e-05
4.8838e-05
4.7428e-05
4.60137e-05
4.4598e-05
4.31836e-05
4.17734e-05
4.03697e-05
3.89751e-05
3.75919e-05
3.62225e-05
3.48689e-05
3.35331e-05
3.2217e-05
3.09223e-05
2.96507e-05
2.84036e-05
2.71824e-05
2.59884e-05
2.48225e-05
2.36858e-05
2.25791e-05
2.15031e-05
2.04584e-05
1.94454e-05
1.84645e-05
1.75161e-05
1.66001e-05
1.57166e-05
1.48657e-05
1.40471e-05
1.32606e-05
1.25059e-05
1.17827e-05
1.10905e-05
1.04287e-05
9.79687e-06
9.19433e-06
8.62042e-06
8.07444e-06
7.55567e-06
7.06332e-06
6.59661e-06
6.15472e-06
5.73683e-06
5.3421e-06
4.96966e-06
4.61869e-06
4.2883e-06
3.97767e-06
3.68594e-06
3.41226e-06
3.15583e-06
2.91581e-06
2.69143e-06
2.48188e-06
2.28642e-06
2.10429e-06
1.93478e-06
1.77719e-06
1.63084e-06
1.49508e-06
1.36929e-06
1.25285e-06
1.1452e-06
1.04578e-06
9.54051e-07
8.69522e-07
7.91709e-07
7.20155e-07
6.5443e-07
5.94122e-07
5.38845e-07
4.88234e-07
4.41945e-07
3.99654e-07
3.61058e-07
3.2587e-07
2.93824e-07
2.64672e-07
2.38179e-07
2.14129e-07
1.92319e-07
1.72562e-07
1.54683e-07
1.38522e-07
1.23928e-07
1.10763e-07
9.89006e-08
8.82221e-08
7.86198e-08
6.99942e-08
6.22541e-08
5.53159e-08
4.9103e-08
4.35454e-08
3.8579e-08
3.41458e-08
3.01925e-08
2.66708e-08
2.35369e-08
2.07509e-08
1.82769e-08
1.60821e-08
1.41371e-08
1.24152e-08
1.08924e-08
9.54698e-09
8.35961e-09
7.31278e-09
6.39079e-09
5.57959e-09
4.86661e-09
4.24059e-09
3.69149e-09
3.21035e-09
2.7892e-09
2.42094e-09
2.09924e-09
1.81852e-09
1.5738e-09
1.36068e-09
1.17527e-09
1.01414e-09
8.7424e-10
7.52906e-10
6.4778e-10
5.56787e-10
4.78109e-10
4.10148e-10
3.51504e-10
3.00951e-10
2.57417e-10
2.19966e-10
1.8778e-10
1.60147e-10
1.36447e-10
1.1614e-10
9.87598e-11
8.38983e-11
7.12035e-11
6.03707e-11
5.1136e-11
4.32716e-11
3.65809e-11
3.08946e-11
2.60667e-11
2.19718e-11
1.85021e-11
1.55652e-11
1.30816e-11
1.09836e-11
9.21305e-12
7.72037e-12
6.46323e-12
5.4055e-12
4.51647e-12
3.76997e-12
3.14378e-12
2.61904e-12
2.17976e-12
1.81239e-12
1.50546e-12
1.24929e-12
1.19449e-05
1.27029e-05
1.34958e-05
1.43241e-05
1.51885e-05
1.60893e-05
1.7027e-05
1.80016e-05
1.90135e-05
2.00627e-05
2.1149e-05
2.22725e-05
2.34327e-05
2.46293e-05
2.58618e-05
2.71294e-05
2.84314e-05
2.97667e-05
3.11344e-05
3.25331e-05
3.39615e-05
3.5418e-05
3.69009e-05
3.84083e-05
3.99383e-05
4.14888e-05
4.30573e-05
4.46415e-05
4.62389e-05
4.78466e-05
4.9462e-05
5.10819e-05
5.27034e-05
5.43233e-05
5.59384e-05
5.75452e-05
5.91404e-05
6.07205e-05
6.2282e-05
6.38213e-05
6.53348e-05
6.68188e-05
6.82699e-05
6.96845e-05
7.10589e-05
7.23896e-05
7.36734e-05
7.49067e-05
7.60863e-05
7.7209e-05
7.82719e-05
7.92719e-05
8.02063e-05
8.10726e-05
8.18682e-05
8.25909e-05
8.32386e-05
8.38096e-05
8.43021e-05
8.47148e-05
8.50463e-05
8.52958e-05
8.54626e-05
8.55461e-05
8.55461e-05
8.54626e-05
8.52958e-05
8.50463e-05
8.47148e-05
8.43021e-05
8.38096e-05
8.32386e-05
8.25909e-05
8.18682e-05
8.10726e-05
8.02063e-05
7.92719e-05
7.82719e-05
7.7209e-05
7.60863e-05
7.49067e-05
7.36734e-05
7.23896e-05
7.10589e-05
6.96845e-05
6.82699e-05
6.68188e-05
6.53348e-05
6.38213e-05
6.2282e-05
6.07205e-05
5.91404e-05
5.75452e-05
5.59384e-05
5.43233e-05
5.27034e-05
5.10819e-05
4.9462e-05
4.78466e-05
4.62389e-05
4.46415e-05
4.30573e-05
4.14888e-05
3.99383e-05
3.84083e-05
3.69009e-05
3.5418e-05
3.39615e-05
3.25331e-05
3.11344e-05
2.97667e-05
2.84314e-05
2.71294e-05
2.58618e-05
2.46293e-05
2.34327e-05
2.22725e-05
2.1149e-05
2.00627e-05
1.90135e-05
1.80016e-05
1.7027e-05
1.60893e-05
1.51885e-05
1.43241e-05
1.34958e-05
1.27029e-05
1.19449e-05
1.12212e-05
1.05311e-05
9.87371e-06
9.24836e-06
8.65416e-06
8.09023e-06
7.55567e-06
7.04954e-06
6.57089e-06
6.11876e-06
5.69219e-06
5.29018e-06
4.91177e-06
4.55597e-06
4.22182e-06
3.90836e-06
3.61464e-06
3.33973e-06
3.08272e-06
2.84271e-06
2.61883e-06
2.41022e-06
2.21607e-06
2.03557e-06
1.86794e-06
1.71245e-06
1.56836e-06
1.435e-06
1.3117e-06
1.19782e-06
1.09276e-06
9.95939e-07
9.06813e-07
8.24856e-07
7.49575e-07
6.80499e-07
6.17186e-07
5.59217e-07
5.06198e-07
4.57759e-07
4.1355e-07
3.73247e-07
3.36543e-07
3.03151e-07
2.72807e-07
2.4526e-07
2.20279e-07
1.9765e-07
1.77172e-07
1.58661e-07
1.41946e-07
1.26867e-07
1.13279e-07
1.01048e-07
9.005e-08
8.01704e-08
7.1305e-08
6.33581e-08
5.62419e-08
4.98763e-08
4.41879e-08
3.91101e-08
3.4582e-08
3.05484e-08
2.69588e-08
2.37679e-08
2.09341e-08
1.84203e-08
1.61925e-08
1.42202e-08
1.2476e-08
1.0935e-08
9.57499e-09
8.37596e-09
7.31992e-09
6.39079e-09
5.57414e-09
4.85711e-09
4.22818e-09
3.6771e-09
3.19472e-09
2.77291e-09
2.40444e-09
2.08291e-09
1.8026e-09
1.5585e-09
1.34614e-09
1.16158e-09
1.00134e-09
8.62369e-10
7.41958e-10
6.37737e-10
5.4762e-10
4.69779e-10
4.02608e-10
3.44706e-10
2.94842e-10
2.51946e-10
2.1508e-10
1.8343e-10
1.56284e-10
1.33026e-10
1.13118e-10
9.6096e-11
8.15556e-11
6.91478e-11
5.85704e-11
4.95627e-11
4.18993e-11
3.53863e-11
2.98565e-11
2.51662e-11
2.11921e-11
1.78281e-11
1.49835e-11
1.25805e-11
1.05525e-11
8.84281e-12
7.40289e-12
6.19139e-12
5.1731e-12
4.31807e-12
3.60084e-12
2.99981e-12
2.49667e-12
2.07588e-12
1.72433e-12
1.43092e-12
1.36682e-05
1.45355e-05
1.54428e-05
1.63907e-05
1.73797e-05
1.84105e-05
1.94834e-05
2.05987e-05
2.17565e-05
2.29571e-05
2.42002e-05
2.54857e-05
2.68133e-05
2.81826e-05
2.95928e-05
3.10433e-05
3.25331e-05
3.40611e-05
3.56261e-05
3.72266e-05
3.88611e-05
4.05277e-05
4.22245e-05
4.39494e-05
4.57002e-05
4.74743e-05
4.92691e-05
5.10819e-05
5.29097e-05
5.47494e-05
5.65978e-05
5.84514e-05
6.03069e-05
6.21605e-05
6.40085e-05
6.58472e-05
6.76725e-05
6.94806e-05
7.12673e-05
7.30287e-05
7.47605e-05
7.64587e-05
7.81191e-05
7.97377e-05
8.13104e-05
8.28332e-05
8.43021e-05
8.57134e-05
8.70631e-05
8.83479e-05
8.9564e-05
9.07083e-05
9.17776e-05
9.27688e-05
9.36792e-05
9.45061e-05
9.52474e-05
9.59007e-05
9.64643e-05
9.69364e-05
9.73158e-05
9.76014e-05
9.77922e-05
9.78877e-05
9.78877e-05
9.77922e-05
9.76014e-05
9.73158e-05
9.69364e-05
9.64643e-05
9.59007e-05
9.52474e-05
9.45061e-05
9.36792e-05
9.27688e-05
9.17776e-05
9.07083e-05
8.9564e-05
8.83479e-05
8.70631e-05
8.57134e-05
8.43021e-05
8.28332e-05
8.13104e-05
7.97377e-05
7.81191e-05
7.64587e-05
7.47605e-05
7.30287e-05
7.12673e-05
6.94806e-05
6.76725e-05
6.58472e-05
6.40085e-05
6.21605e-05
6.03069e-05
5.84514e-05
5.65978e-05
5.47494e-05
5.29097e-05
5.10819e-05
4.92691e-05
4.74743e-05
4.57002e-05
4.39494e-05
4.22245e-05
4.05277e-05
3.88611e-05
3.72266e-05
3.56261e-05
3.40611e-05
3.25331e-05
3.10433e-05
2.95928e-05
2.81826e-05
2.68133e-05
2.54857e-05
2.42002e-05
2.29571e-05
2.17565e-05
2.05987e-05
1.94834e-05
1.84105e-05
1.73797e-05
1.63907e-05
1.54428e-05
1.45355e-05
1.36682e-05
1.28401e-05
1.20504e-05
1.12982e-05
1.05826e-05
9.90268e-06
9.25739e-06
8.64571e-06
8.06656e-06
7.51886e-06
7.00151e-06
6.51339e-06
6.05339e-06
5.62038e-06
5.21325e-06
4.8309e-06
4.47221e-06
4.13612e-06
3.82155e-06
3.52746e-06
3.25283e-06
2.99664e-06
2.75794e-06
2.53578e-06
2.32923e-06
2.13743e-06
1.9595e-06
1.79463e-06
1.64203e-06
1.50093e-06
1.37062e-06
1.25041e-06
1.13962e-06
1.03764e-06
9.43857e-07
8.57715e-07
7.78674e-07
7.06226e-07
6.39894e-07
5.79226e-07
5.23799e-07
4.73213e-07
4.27095e-07
3.85095e-07
3.46887e-07
3.12164e-07
2.80643e-07
2.52059e-07
2.26165e-07
2.02733e-07
1.81551e-07
1.62424e-07
1.4517e-07
1.29622e-07
1.15627e-07
1.03041e-07
9.17365e-08
8.15921e-08
7.24987e-08
6.43559e-08
5.70718e-08
5.05628e-08
4.47525e-08
3.95711e-08
3.49555e-08
3.08481e-08
2.71968e-08
2.39543e-08
2.10777e-08
1.85285e-08
1.62717e-08
1.42758e-08
1.25126e-08
1.09564e-08
9.58435e-09
8.37596e-09
7.31278e-09
6.37832e-09
5.55784e-09
4.83817e-09
4.20759e-09
3.65561e-09
3.17295e-09
2.75133e-09
2.3834e-09
2.06266e-09
1.78334e-09
1.54034e-09
1.32916e-09
1.14581e-09
9.86782e-10
8.48999e-10
7.29742e-10
6.26624e-10
5.37553e-10
4.60692e-10
3.94436e-10
3.37379e-10
2.88294e-10
2.4611e-10
2.09893e-10
1.78831e-10
1.52217e-10
1.29438e-10
1.0996e-10
9.33215e-11
7.91236e-11
6.70203e-11
5.6713e-11
4.79441e-11
4.04914e-11
3.41638e-11
2.87969e-11
2.42495e-11
2.04002e-11
1.71451e-11
1.43954e-11
1.20749e-11
1.01186e-11
8.4709e-12
7.08461e-12
5.91942e-12
4.94103e-12
4.12033e-12
3.43259e-12
2.85686e-12
2.37537e-12
1.9731e-12
1.63735e-12
1.56248e-05
1.66163e-05
1.76534e-05
1.8737e-05
1.98677e-05
2.1046e-05
2.22725e-05
2.35474e-05
2.4871e-05
2.62434e-05
2.76645e-05
2.9134e-05
3.06517e-05
3.2217e-05
3.38291e-05
3.54872e-05
3.71903e-05
3.8937e-05
4.07261e-05
4.25557e-05
4.44241e-05
4.63293e-05
4.8269e-05
5.02409e-05
5.22422e-05
5.42703e-05
5.63221e-05
5.83944e-05
6.04838e-05
6.25869e-05
6.46998e-05
6.68188e-05
6.89399e-05
7.10589e-05
7.31715e-05
7.52733e-05
7.736e-05
7.94269e-05
8.14694e-05
8.34829e-05
8.54626e-05
8.74039e-05
8.9302e-05
9.11523e-05
9.29501e-05
9.46909e-05
9.63701e-05
9.79834e-05
9.95264e-05
0.000100995
0.000102385
0.000103693
0.000104916
0.000106049
0.000107089
0.000108035
0.000108882
0.000109629
0.000110273
0.000110813
0.000111247
0.000111573
0.000111791
0.000111901
0.000111901
0.000111791
0.000111573
0.000111247
0.000110813
0.000110273
0.000109629
0.000108882
0.000108035
0.000107089
0.000106049
0.000104916
0.000103693
0.000102385
0.000100995
9.95264e-05
9.79834e-05
9.63701e-05
9.46909e-05
9.29501e-05
9.11523e-05
8.9302e-05
8.74039e-05
8.54626e-05
8.34829e-05
8.14694e-05
7.94269e-05
7.736e-05
7.52733e-05
7.31715e-05
7.10589e-05
6.89399e-05
6.68188e-05
6.46998e-05
6.25869e-05
6.04838e-05
5.83944e-05
5.63221e-05
5.42703e-05
5.22422e-05
5.02409e-05
4.8269e-05
4.63293e-05
4.44241e-05
4.25557e-05
4.07261e-05
3.8937e-05
3.71903e-05
3.54872e-05
3.38291e-05
3.2217e-05
3.06517e-05
2.9134e-05
2.76645e-05
2.62434e-05
2.4871e-05
2.35474e-05
2.22725e-05
2.1046e-05
1.98677e-05
1.8737e-05
1.76534e-05
1.66163e-05
1.56248e-05
1.46782e-05
1.37754e-05
1.29155e-05
1.20975e-05
1.13203e-05
1.05826e-05
9.88336e-06
9.2213e-06
8.5952e-06
8.00379e-06
7.44579e-06
6.91994e-06
6.42495e-06
5.95954e-06
5.52245e-06
5.11242e-06
4.72821e-06
4.36862e-06
4.03243e-06
3.71847e-06
3.42562e-06
3.15275e-06
2.89878e-06
2.66267e-06
2.4434e-06
2.24e-06
2.05153e-06
1.87708e-06
1.71579e-06
1.56683e-06
1.42941e-06
1.30276e-06
1.18618e-06
1.07897e-06
9.80498e-07
8.90142e-07
8.07324e-07
7.31496e-07
6.62144e-07
5.98781e-07
5.40954e-07
4.88234e-07
4.40222e-07
3.96544e-07
3.56851e-07
3.20818e-07
2.88141e-07
2.58541e-07
2.31754e-07
2.0754e-07
1.85675e-07
1.65951e-07
1.48178e-07
1.32179e-07
1.17792e-07
1.04869e-07
9.32722e-08
8.2877e-08
7.35685e-08
6.52418e-08
5.7801e-08
5.11589e-08
4.52358e-08
3.99595e-08
3.52641e-08
3.10901e-08
2.73834e-08
2.4095e-08
2.11809e-08
1.8601e-08
1.63194e-08
1.43037e-08
1.25248e-08
1.09564e-08
9.57499e-09
8.35961e-09
7.29139e-09
6.35345e-09
5.53077e-09
4.80991e-09
4.17892e-09
3.62717e-09
3.14519e-09
2.72459e-09
2.35794e-09
2.03863e-09
1.76085e-09
1.51943e-09
1.30983e-09
1.12804e-09
9.70535e-10
8.34206e-10
7.16327e-10
6.14504e-10
5.26641e-10
4.509e-10
3.85675e-10
3.29564e-10
2.81341e-10
2.39939e-10
2.04431e-10
1.74007e-10
1.47967e-10
1.257e-10
1.06681e-10
9.04503e-11
7.66144e-11
6.48316e-11
5.48073e-11
4.62878e-11
3.90544e-11
3.29193e-11
2.77208e-11
2.33205e-11
1.95995e-11
1.64561e-11
1.38034e-11
1.1567e-11
9.68352e-12
8.09879e-12
6.76679e-12
5.64835e-12
4.71016e-12
3.92397e-12
3.26582e-12
2.7154e-12
2.25555e-12
1.87174e-12
1.78441e-05
1.89764e-05
2.01609e-05
2.13983e-05
2.26896e-05
2.40353e-05
2.5436e-05
2.6892e-05
2.84036e-05
2.99709e-05
3.15938e-05
3.32721e-05
3.50053e-05
3.67929e-05
3.8634e-05
4.05277e-05
4.24726e-05
4.44675e-05
4.65106e-05
4.86001e-05
5.07339e-05
5.29097e-05
5.51249e-05
5.73769e-05
5.96625e-05
6.19786e-05
6.43218e-05
6.66885e-05
6.90747e-05
7.14764e-05
7.38895e-05
7.63095e-05
7.87318e-05
8.11518e-05
8.35644e-05
8.59648e-05
8.83479e-05
9.07083e-05
9.3041e-05
9.53404e-05
9.76014e-05
9.98184e-05
0.000101986
0.000104099
0.000106152
0.00010814
0.000110058
0.000111901
0.000113663
0.00011534
0.000116928
0.000118422
0.000119817
0.000121112
0.0001223
0.00012338
0.000124347
0.0001252
0.000125936
0.000126552
0.000127048
0.000127421
0.00012767
0.000127794
0.000127794
0.00012767
0.000127421
0.000127048
0.000126552
0.000125936
0.0001252
0.000124347
0.00012338
0.0001223
0.000121112
0.000119817
0.000118422
0.000116928
0.00011534
0.000113663
0.000111901
0.000110058
0.00010814
0.000106152
0.000104099
0.000101986
9.98184e-05
9.76014e-05
9.53404e-05
9.3041e-05
9.07083e-05
8.83479e-05
8.59648e-05
8.35644e-05
8.11518e-05
7.87318e-05
7.63095e-05
7.38895e-05
7.14764e-05
6.90747e-05
6.66885e-05
6.43218e-05
6.19786e-05
5.96625e-05
5.73769e-05
5.51249e-05
5.29097e-05
5.07339e-05
4.86001e-05
4.65106e-05
4.44675e-05
4.24726e-05
4.05277e-05
3.8634e-05
3.67929e-05
3.50053e-05
3.32721e-05
3.15938e-05
2.99709e-05
2.84036e-05
2.6892e-05
2.5436e-05
2.40353e-05
2.26896e-05
2.13983e-05
2.01609e-05
1.89764e-05
1.78441e-05
1.6763e-05
1.5732e-05
1.475e-05
1.38158e-05
1.29281e-05
1.20857e-05
1.12871e-05
1.05311e-05
9.81603e-06
9.14061e-06
8.50336e-06
7.90282e-06
7.33752e-06
6.80601e-06
6.30683e-06
5.83857e-06
5.39979e-06
4.98912e-06
4.60517e-06
4.24663e-06
3.91218e-06
3.60055e-06
3.31051e-06
3.04086e-06
2.79045e-06
2.55816e-06
2.34292e-06
2.1437e-06
1.9595e-06
1.78938e-06
1.63243e-06
1.4878e-06
1.35466e-06
1.23222e-06
1.11976e-06
1.01657e-06
9.21993e-07
8.35395e-07
7.56192e-07
6.8383e-07
6.17789e-07
5.57581e-07
5.02749e-07
4.52868e-07
4.07537e-07
3.66385e-07
3.29068e-07
2.95263e-07
2.64672e-07
2.37019e-07
2.12048e-07
1.89522e-07
1.69224e-07
1.50953e-07
1.34523e-07
1.19764e-07
1.0652e-07
9.46485e-08
8.40179e-08
7.45084e-08
6.60108e-08
5.84253e-08
5.16609e-08
4.56351e-08
4.02729e-08
3.5506e-08
3.12728e-08
2.75174e-08
2.41893e-08
2.1243e-08
1.86374e-08
1.63354e-08
1.43037e-08
1.25126e-08
1.0935e-08
9.54698e-09
8.32702e-09
7.25587e-09
6.31633e-09
5.49309e-09
4.77248e-09
4.14235e-09
3.59192e-09
3.11158e-09
2.69285e-09
2.32819e-09
2.01095e-09
1.73524e-09
1.49587e-09
1.28826e-09
1.10839e-09
9.52693e-10
8.18071e-10
7.01786e-10
6.01443e-10
5.14944e-10
4.40455e-10
3.76373e-10
3.21301e-10
2.74019e-10
2.33467e-10
1.98723e-10
1.68983e-10
1.43554e-10
1.21833e-10
1.03297e-10
8.74964e-11
7.404e-11
6.25919e-11
5.28623e-11
4.46016e-11
3.7595e-11
3.16582e-11
2.66328e-11
2.23833e-11
1.87935e-11
1.5764e-11
1.321e-11
1.10589e-11
9.24911e-12
7.72792e-12
6.45061e-12
5.37917e-12
4.48132e-12
3.72969e-12
3.10109e-12
2.57592e-12
2.1376e-12
2.03587e-05
2.16506e-05
2.30019e-05
2.44138e-05
2.58871e-05
2.74224e-05
2.90205e-05
3.06817e-05
3.24063e-05
3.41944e-05
3.60461e-05
3.79609e-05
3.99383e-05
4.19778e-05
4.40784e-05
4.62389e-05
4.84579e-05
5.07339e-05
5.30649e-05
5.54489e-05
5.78834e-05
6.03658e-05
6.28932e-05
6.54625e-05
6.80702e-05
7.07127e-05
7.33861e-05
7.60863e-05
7.88088e-05
8.1549e-05
8.43021e-05
8.70631e-05
8.98268e-05
9.25878e-05
9.53404e-05
9.80791e-05
0.000100798
0.000103491
0.000106152
0.000108776
0.000111355
0.000113885
0.000116358
0.000118769
0.000121112
0.00012338
0.000125568
0.00012767
0.00012968
0.000131594
0.000133405
0.00013511
0.000136702
0.000138179
0.000139535
0.000140766
0.000141871
0.000142844
0.000143683
0.000144386
0.000144952
0.000145377
0.000145661
0.000145803
0.000145803
0.000145661
0.000145377
0.000144952
0.000144386
0.000143683
0.000142844
0.000141871
0.000140766
0.000139535
0.000138179
0.000136702
0.00013511
0.000133405
0.000131594
0.00012968
0.00012767
0.000125568
0.00012338
0.000121112
0.000118769
0.000116358
0.000113885
0.000111355
0.000108776
0.000106152
0.000103491
0.000100798
9.80791e-05
9.53404e-05
9.25878e-05
8.98268e-05
8.70631e-05
8.43021e-05
8.1549e-05
7.88088e-05
7.60863e-05
7.33861e-05
7.07127e-05
6.80702e-05
6.54625e-05
6.28932e-05
6.03658e-05
5.78834e-05
5.54489e-05
5.30649e-05
5.07339e-05
4.84579e-05
4.62389e-05
4.40784e-05
4.19778e-05
3.99383e-05
3.79609e-05
3.60461e-05
3.41944e-05
3.24063e-05
3.06817e-05
2.90205e-05
2.74224e-05
2.58871e-05
2.44138e-05
2.30019e-05
2.16506e-05
2.03587e-05
1.91252e-05
1.7949e-05
1.68286e-05
1.57627e-05
1.475e-05
1.37888e-05
1.28777e-05
1.20151e-05
1.11993e-05
1.04287e-05
9.70167e-06
9.01649e-06
8.37153e-06
7.76512e-06
7.1956e-06
6.66134e-06
6.16074e-06
5.69219e-06
5.25414e-06
4.84507e-06
4.46349e-06
4.10794e-06
3.77703e-06
3.46939e-06
3.18369e-06
2.91866e-06
2.67309e-06
2.44579e-06
2.23563e-06
2.04154e-06
1.86248e-06
1.69746e-06
1.54556e-06
1.40587e-06
1.27756e-06
1.15983e-06
1.05192e-06
9.5312e-07
8.62755e-07
7.80196e-07
7.04848e-07
6.36156e-07
5.73598e-07
5.16686e-07
4.64967e-07
4.18017e-07
3.7544e-07
3.36871e-07
3.0197e-07
2.7042e-07
2.4193e-07
2.1623e-07
1.93072e-07
1.72225e-07
1.5348e-07
1.36641e-07
1.21531e-07
1.07986e-07
9.58578e-08
8.50082e-08
7.53131e-08
6.66586e-08
5.8941e-08
5.20661e-08
4.59482e-08
4.05095e-08
3.56798e-08
3.13952e-08
2.75981e-08
2.42366e-08
2.12638e-08
1.86374e-08
1.63194e-08
1.42758e-08
1.2476e-08
1.08924e-08
9.50048e-09
8.27838e-09
7.20644e-09
6.26718e-09
5.44502e-09
4.7261e-09
4.09809e-09
3.55007e-09
3.07233e-09
2.65628e-09
2.29434e-09
1.97977e-09
1.70667e-09
1.46981e-09
1.26458e-09
1.08695e-09
9.33354e-10
8.00682e-10
6.86199e-10
5.87511e-10
5.02524e-10
4.29412e-10
3.66579e-10
3.12635e-10
2.66368e-10
2.26727e-10
1.92797e-10
1.63784e-10
1.39002e-10
1.17854e-10
9.98265e-11
8.44738e-11
7.14125e-11
6.03118e-11
5.08869e-11
4.28929e-11
3.61195e-11
3.03859e-11
2.55376e-11
2.14419e-11
1.79855e-11
1.50715e-11
1.26174e-11
1.05525e-11
8.81694e-12
7.35964e-12
6.13721e-12
5.11283e-12
4.25528e-12
3.5381e-12
2.93892e-12
2.43883e-12
2.3205e-05
2.46775e-05
2.62178e-05
2.78271e-05
2.95063e-05
3.12563e-05
3.30777e-05
3.49712e-05
3.69369e-05
3.89751e-05
4.10856e-05
4.32681e-05
4.5522e-05
4.78466e-05
5.02409e-05
5.27034e-05
5.52327e-05
5.78269e-05
6.04838e-05
6.32011e-05
6.59759e-05
6.88054e-05
7.16862e-05
7.46146e-05
7.75869e-05
8.05989e-05
8.36461e-05
8.67237e-05
8.98268e-05
9.29501e-05
9.60882e-05
9.92352e-05
0.000102385
0.000105532
0.00010867
0.000111791
0.00011489
0.00011796
0.000120993
0.000123984
0.000126924
0.000129807
0.000132626
0.000135374
0.000138044
0.000140629
0.000143123
0.000145519
0.00014781
0.000149992
0.000152056
0.000153999
0.000155814
0.000157497
0.000159043
0.000160447
0.000161705
0.000162814
0.000163771
0.000164573
0.000165217
0.000165702
0.000166026
0.000166188
0.000166188
0.000166026
0.000165702
0.000165217
0.000164573
0.000163771
0.000162814
0.000161705
0.000160447
0.000159043
0.000157497
0.000155814
0.000153999
0.000152056
0.000149992
0.00014781
0.000145519
0.000143123
0.000140629
0.000138044
0.000135374
0.000132626
0.000129807
0.000126924
0.000123984
0.000120993
0.00011796
0.00011489
0.000111791
0.00010867
0.000105532
0.000102385
9.92352e-05
9.60882e-05
9.29501e-05
8.98268e-05
8.67237e-05
8.36461e-05
8.05989e-05
7.75869e-05
7.46146e-05
7.16862e-05
6.88054e-05
6.59759e-05
6.32011e-05
6.04838e-05
5.78269e-05
5.52327e-05
5.27034e-05
5.02409e-05
4.78466e-05
4.5522e-05
4.32681e-05
4.10856e-05
3.89751e-05
3.69369e-05
3.49712e-05
3.30777e-05
3.12563e-05
2.95063e-05
2.78271e-05
2.62178e-05
2.46775e-05
2.3205e-05
2.17991e-05
2.04584e-05
1.91813e-05
1.79665e-05
1.68122e-05
1.57166e-05
1.46782e-05
1.36949e-05
1.27651e-05
1.18867e-05
1.1058e-05
1.02771e-05
9.54193e-06
8.85074e-06
8.2016e-06
7.59265e-06
7.02205e-06
6.488e-06
5.98871e-06
5.52245e-06
5.08752e-06
4.68227e-06
4.30509e-06
3.95443e-06
3.62879e-06
3.32671e-06
3.04681e-06
2.78773e-06
2.54819e-06
2.32696e-06
2.12286e-06
1.93478e-06
1.76164e-06
1.60242e-06
1.45618e-06
1.32198e-06
1.19899e-06
1.08637e-06
9.83375e-07
8.89273e-07
8.03391e-07
7.25095e-07
6.53791e-07
5.88923e-07
5.29973e-07
4.76459e-07
4.2793e-07
3.83969e-07
3.44187e-07
3.08226e-07
2.75753e-07
2.4646e-07
2.20064e-07
1.96304e-07
1.74937e-07
1.55745e-07
1.38522e-07
1.23084e-07
1.09259e-07
9.6893e-08
8.58425e-08
7.5978e-08
6.71814e-08
5.93453e-08
5.23721e-08
4.61731e-08
4.06681e-08
3.57845e-08
3.14566e-08
2.76251e-08
2.42366e-08
2.1243e-08
1.8601e-08
1.62717e-08
1.42202e-08
1.24152e-08
1.08287e-08
9.43575e-09
8.21395e-09
7.14338e-09
6.20627e-09
5.38684e-09
4.67104e-09
4.0464e-09
3.50186e-09
3.02765e-09
2.6151e-09
2.25656e-09
1.94528e-09
1.6753e-09
1.44138e-09
1.23891e-09
1.06384e-09
9.12624e-10
7.82135e-10
6.69649e-10
5.72781e-10
4.89447e-10
4.1783e-10
3.56343e-10
3.03608e-10
2.58425e-10
2.19751e-10
1.86683e-10
1.58435e-10
1.34331e-10
1.13783e-10
9.62838e-11
8.13965e-11
6.87438e-11
5.80012e-11
4.88897e-11
4.11692e-11
3.46341e-11
2.9108e-11
2.44396e-11
2.05e-11
1.71787e-11
1.43814e-11
1.20278e-11
1.00496e-11
8.38858e-12
6.99524e-12
5.82764e-12
4.8502e-12
4.03275e-12
3.3498e-12
2.7798e-12
2.64234e-05
2.81001e-05
2.98541e-05
3.16865e-05
3.35986e-05
3.55913e-05
3.76654e-05
3.98215e-05
4.20599e-05
4.43807e-05
4.67839e-05
4.92691e-05
5.18357e-05
5.44827e-05
5.7209e-05
6.00131e-05
6.28932e-05
6.58472e-05
6.88726e-05
7.19667e-05
7.51264e-05
7.83483e-05
8.16287e-05
8.49633e-05
8.83479e-05
9.17776e-05
9.52474e-05
9.87519e-05
0.000102285
0.000105842
0.000109415
0.000112999
0.000116586
0.000120169
0.000123742
0.000127296
0.000130825
0.00013432
0.000137774
0.000141179
0.000144527
0.00014781
0.00015102
0.000154149
0.00015719
0.000160134
0.000162973
0.000165702
0.000168311
0.000170795
0.000173146
0.000175358
0.000177425
0.000179341
0.000181101
0.0001827
0.000184133
0.000185396
0.000186485
0.000187398
0.000188132
0.000188684
0.000189052
0.000189237
0.000189237
0.000189052
0.000188684
0.000188132
0.000187398
0.000186485
0.000185396
0.000184133
0.0001827
0.000181101
0.000179341
0.000177425
0.000175358
0.000173146
0.000170795
0.000168311
0.000165702
0.000162973
0.000160134
0.00015719
0.000154149
0.00015102
0.00014781
0.000144527
0.000141179
0.000137774
0.00013432
0.000130825
0.000127296
0.000123742
0.000120169
0.000116586
0.000112999
0.000109415
0.000105842
0.000102285
9.87519e-05
9.52474e-05
9.17776e-05
8.83479e-05
8.49633e-05
8.16287e-05
7.83483e-05
7.51264e-05
7.19667e-05
6.88726e-05
6.58472e-05
6.28932e-05
6.00131e-05
5.7209e-05
5.44827e-05
5.18357e-05
4.92691e-05
4.67839e-05
4.43807e-05
4.20599e-05
3.98215e-05
3.76654e-05
3.55913e-05
3.35986e-05
3.16865e-05
2.98541e-05
2.81001e-05
2.64234e-05
2.48225e-05
2.32958e-05
2.18417e-05
2.04584e-05
1.91439e-05
1.78964e-05
1.67139e-05
1.55943e-05
1.45355e-05
1.35354e-05
1.25917e-05
1.17024e-05
1.08654e-05
1.00783e-05
9.33912e-06
8.64571e-06
7.99598e-06
7.38785e-06
6.81931e-06
6.28838e-06
5.79313e-06
5.33167e-06
4.90218e-06
4.50289e-06
4.13208e-06
3.78811e-06
3.46939e-06
3.17437e-06
2.90161e-06
2.6497e-06
2.4173e-06
2.20312e-06
2.00597e-06
1.82467e-06
1.65814e-06
1.50534e-06
1.36528e-06
1.23705e-06
1.11976e-06
1.01261e-06
9.14818e-07
8.25662e-07
7.44468e-07
6.70603e-07
6.03478e-07
5.42541e-07
4.87282e-07
4.37223e-07
3.91924e-07
3.50976e-07
3.13999e-07
2.80643e-07
2.50586e-07
2.2353e-07
1.992e-07
1.77346e-07
1.57734e-07
1.40155e-07
1.24413e-07
1.10332e-07
9.77484e-08
8.65157e-08
7.64991e-08
6.75762e-08
5.96358e-08
5.2577e-08
4.63085e-08
4.07476e-08
3.58194e-08
3.14566e-08
2.75981e-08
2.41893e-08
2.11809e-08
1.85285e-08
1.61925e-08
1.41371e-08
1.23306e-08
1.07444e-08
9.35319e-09
8.13413e-09
7.06705e-09
6.13397e-09
5.31889e-09
4.60761e-09
3.98755e-09
3.44757e-09
2.9778e-09
2.56953e-09
2.21508e-09
1.90765e-09
1.64129e-09
1.41074e-09
1.21139e-09
1.0392e-09
8.90613e-10
7.62526e-10
6.52223e-10
5.57331e-10
4.75781e-10
4.05766e-10
3.45717e-10
2.94267e-10
2.5023e-10
2.12575e-10
1.8041e-10
1.52962e-10
1.29564e-10
1.09638e-10
9.26857e-11
7.82782e-11
6.60457e-11
5.56704e-11
4.68792e-11
3.94377e-11
3.31451e-11
2.78293e-11
2.33433e-11
1.95612e-11
1.6376e-11
1.3696e-11
1.14435e-11
9.55203e-12
7.96545e-12
6.63591e-12
5.52289e-12
4.59207e-12
3.81441e-12
3.16534e-12
3.00588e-05
3.19662e-05
3.39615e-05
3.60461e-05
3.82212e-05
4.04881e-05
4.28476e-05
4.53003e-05
4.78466e-05
5.04868e-05
5.32206e-05
5.60477e-05
5.89674e-05
6.19786e-05
6.508e-05
6.82699e-05
7.15463e-05
7.49067e-05
7.83483e-05
8.18682e-05
8.54626e-05
8.91278e-05
9.28594e-05
9.66529e-05
0.000100503
0.000104405
0.000108352
0.000112338
0.000116358
0.000120404
0.000124469
0.000128545
0.000132626
0.000136702
0.000140766
0.00014481
0.000148824
0.000152801
0.00015673
0.000160603
0.000164412
0.000168147
0.000171798
0.000175358
0.000178817
0.000182165
0.000185396
0.000188499
0.000191468
0.000194293
0.000196968
0.000199484
0.000201836
0.000204016
0.000206018
0.000207836
0.000209466
0.000210903
0.000212143
0.000213181
0.000214015
0.000214643
0.000215063
0.000215273
0.000215273
0.000215063
0.000214643
0.000214015
0.000213181
0.000212143
0.000210903
0.000209466
0.000207836
0.000206018
0.000204016
0.000201836
0.000199484
0.000196968
0.000194293
0.000191468
0.000188499
0.000185396
0.000182165
0.000178817
0.000175358
0.000171798
0.000168147
0.000164412
0.000160603
0.00015673
0.000152801
0.000148824
0.00014481
0.000140766
0.000136702
0.000132626
0.000128545
0.000124469
0.000120404
0.000116358
0.000112338
0.000108352
0.000104405
0.000100503
9.66529e-05
9.28594e-05
8.91278e-05
8.54626e-05
8.18682e-05
7.83483e-05
7.49067e-05
7.15463e-05
6.82699e-05
6.508e-05
6.19786e-05
5.89674e-05
5.60477e-05
5.32206e-05
5.04868e-05
4.78466e-05
4.53003e-05
4.28476e-05
4.04881e-05
3.82212e-05
3.60461e-05
3.39615e-05
3.19662e-05
3.00588e-05
2.82377e-05
2.65009e-05
2.48468e-05
2.32731e-05
2.17778e-05
2.03587e-05
1.90135e-05
1.77398e-05
1.65354e-05
1.53976e-05
1.43241e-05
1.33125e-05
1.23602e-05
1.14649e-05
1.0624e-05
9.83522e-06
9.09609e-06
8.4043e-06
7.75754e-06
7.15356e-06
6.59017e-06
6.06522e-06
5.57664e-06
5.12241e-06
4.70059e-06
4.30929e-06
3.94672e-06
3.61111e-06
3.30083e-06
3.01425e-06
2.74988e-06
2.50624e-06
2.28195e-06
2.07571e-06
1.88627e-06
1.71245e-06
1.55312e-06
1.40724e-06
1.27383e-06
1.15193e-06
1.04068e-06
9.3926e-07
8.46895e-07
7.62867e-07
6.86506e-07
6.17186e-07
5.54323e-07
4.97378e-07
4.45847e-07
3.99264e-07
3.572e-07
3.19255e-07
2.85063e-07
2.54284e-07
2.26607e-07
2.01745e-07
1.79436e-07
1.59438e-07
1.4153e-07
1.25511e-07
1.11197e-07
9.84189e-08
8.70242e-08
7.68736e-08
6.78407e-08
5.98108e-08
5.26798e-08
4.63538e-08
4.07476e-08
3.57845e-08
3.13952e-08
2.75174e-08
2.4095e-08
2.10777e-08
1.84203e-08
1.60821e-08
1.40271e-08
1.22227e-08
1.064e-08
9.25325e-09
8.03936e-09
6.9779e-09
6.05068e-09
5.24154e-09
4.53618e-09
3.9219e-09
3.3875e-09
2.92306e-09
2.51984e-09
2.17011e-09
1.8671e-09
1.60484e-09
1.37806e-09
1.18218e-09
1.01315e-09
8.67437e-10
7.41958e-10
6.34011e-10
5.4124e-10
4.61593e-10
3.93282e-10
3.34753e-10
2.84657e-10
2.41821e-10
2.05231e-10
1.74007e-10
1.4739e-10
1.24722e-10
1.05438e-10
8.9048e-11
7.51325e-11
6.33297e-11
5.3329e-11
4.48637e-11
3.77053e-11
3.16582e-11
2.65549e-11
2.22526e-11
1.86291e-11
1.55804e-11
1.30179e-11
1.08662e-11
9.06136e-12
7.5489e-12
6.28275e-12
5.22387e-12
4.3392e-12
3.60084e-12
3.41611e-05
3.63288e-05
3.85963e-05
4.09654e-05
4.34374e-05
4.60137e-05
4.86951e-05
5.14826e-05
5.43764e-05
5.73769e-05
6.04838e-05
6.36968e-05
6.70149e-05
7.04371e-05
7.39617e-05
7.75869e-05
8.13104e-05
8.51294e-05
8.90408e-05
9.3041e-05
9.7126e-05
0.000101291
0.000105532
0.000109843
0.000114219
0.000118653
0.000123139
0.00012767
0.000132238
0.000136836
0.000141455
0.000146088
0.000150726
0.000155358
0.000159977
0.000164573
0.000169135
0.000173654
0.000178119
0.000182522
0.00018685
0.000191094
0.000195244
0.00019929
0.00020322
0.000207026
0.000210697
0.000214224
0.000217598
0.000220809
0.000223849
0.000226708
0.000229381
0.000231858
0.000234133
0.0002362
0.000238053
0.000239686
0.000241094
0.000242274
0.000243223
0.000243936
0.000244413
0.000244652
0.000244652
0.000244413
0.000243936
0.000243223
0.000242274
0.000241094
0.000239686
0.000238053
0.0002362
0.000234133
0.000231858
0.000229381
0.000226708
0.000223849
0.000220809
0.000217598
0.000214224
0.000210697
0.000207026
0.00020322
0.00019929
0.000195244
0.000191094
0.00018685
0.000182522
0.000178119
0.000173654
0.000169135
0.000164573
0.000159977
0.000155358
0.000150726
0.000146088
0.000141455
0.000136836
0.000132238
0.00012767
0.000123139
0.000118653
0.000114219
0.000109843
0.000105532
0.000101291
9.7126e-05
9.3041e-05
8.90408e-05
8.51294e-05
8.13104e-05
7.75869e-05
7.39617e-05
7.04371e-05
6.70149e-05
6.36968e-05
6.04838e-05
5.73769e-05
5.43764e-05
5.14826e-05
4.86951e-05
4.60137e-05
4.34374e-05
4.09654e-05
3.85963e-05
3.63288e-05
3.41611e-05
3.20914e-05
3.01176e-05
2.82377e-05
2.64492e-05
2.47499e-05
2.31371e-05
2.16083e-05
2.01609e-05
1.8792e-05
1.7499e-05
1.6279e-05
1.51293e-05
1.40471e-05
1.30295e-05
1.20739e-05
1.11775e-05
1.03375e-05
9.55126e-06
8.81623e-06
8.12983e-06
7.48955e-06
6.89296e-06
6.3377e-06
5.82149e-06
5.3421e-06
4.8974e-06
4.48534e-06
4.10393e-06
3.7513e-06
3.42562e-06
3.12516e-06
2.84827e-06
2.59338e-06
2.35899e-06
2.1437e-06
1.94615e-06
1.76508e-06
1.5993e-06
1.44767e-06
1.30914e-06
1.18271e-06
1.06744e-06
9.62473e-07
8.66978e-07
7.80196e-07
7.01415e-07
6.29974e-07
5.65256e-07
5.06693e-07
4.53753e-07
4.05948e-07
3.62825e-07
3.23966e-07
2.88987e-07
2.57533e-07
2.29278e-07
2.03924e-07
1.81197e-07
1.60845e-07
1.4264e-07
1.26372e-07
1.1185e-07
9.89006e-08
8.73648e-08
7.70991e-08
6.79733e-08
5.98692e-08
5.26798e-08
4.63085e-08
4.06681e-08
3.56798e-08
3.12728e-08
2.73834e-08
2.39543e-08
2.09341e-08
1.82769e-08
1.59414e-08
1.38908e-08
1.20921e-08
1.05161e-08
9.13652e-09
7.9302e-09
6.87643e-09
5.95687e-09
5.15524e-09
4.45713e-09
3.8498e-09
3.32198e-09
2.86373e-09
2.46628e-09
2.12191e-09
1.82385e-09
1.56613e-09
1.34351e-09
1.15141e-09
9.85819e-10
8.43215e-10
7.20536e-10
6.15105e-10
5.24588e-10
4.46954e-10
3.80438e-10
3.23505e-10
2.74823e-10
2.3324e-10
1.97755e-10
1.67505e-10
1.41744e-10
1.19827e-10
1.01201e-10
8.53861e-11
7.19725e-11
6.0607e-11
5.09864e-11
4.2851e-11
3.59786e-11
3.01789e-11
2.52894e-11
2.11714e-11
1.77067e-11
1.47945e-11
1.23492e-11
1.0298e-11
8.57912e-12
7.14018e-12
5.93678e-12
4.93139e-12
4.09226e-12
3.87852e-05
4.12464e-05
4.38209e-05
4.65106e-05
4.93173e-05
5.22422e-05
5.52867e-05
5.84514e-05
6.1737e-05
6.51436e-05
6.86711e-05
7.2319e-05
7.60863e-05
7.99717e-05
8.39735e-05
8.80894e-05
9.23169e-05
9.66529e-05
0.000101094
0.000105635
0.000110273
0.000115003
0.000119817
0.000124712
0.00012968
0.000134714
0.000139807
0.000144952
0.000150138
0.000155358
0.000160603
0.000165863
0.000171129
0.000176388
0.000181632
0.00018685
0.00019203
0.00019716
0.00020223
0.000207228
0.000212143
0.000216961
0.000221673
0.000226266
0.000230729
0.00023505
0.000239218
0.000243223
0.000247053
0.000250698
0.000254149
0.000257397
0.000260431
0.000263243
0.000265827
0.000268173
0.000270277
0.000272131
0.00027373
0.00027507
0.000276146
0.000276956
0.000277498
0.000277769
0.000277769
0.000277498
0.000276956
0.000276146
0.00027507
0.00027373
0.000272131
0.000270277
0.000268173
0.000265827
0.000263243
0.000260431
0.000257397
0.000254149
0.000250698
0.000247053
0.000243223
0.000239218
0.00023505
0.000230729
0.000226266
0.000221673
0.000216961
0.000212143
0.000207228
0.00020223
0.00019716
0.00019203
0.00018685
0.000181632
0.000176388
0.000171129
0.000165863
0.000160603
0.000155358
0.000150138
0.000144952
0.000139807
0.000134714
0.00012968
0.000124712
0.000119817
0.000115003
0.000110273
0.000105635
0.000101094
9.66529e-05
9.23169e-05
8.80894e-05
8.39735e-05
7.99717e-05
7.60863e-05
7.2319e-05
6.86711e-05
6.51436e-05
6.1737e-05
5.84514e-05
5.52867e-05
5.22422e-05
4.93173e-05
4.65106e-05
4.38209e-05
4.12464e-05
3.87852e-05
3.64354e-05
3.41944e-05
3.206e-05
3.00295e-05
2.81001e-05
2.6269e-05
2.45333e-05
2.28899e-05
2.13357e-05
1.98677e-05
1.84826e-05
1.71773e-05
1.59486e-05
1.47933e-05
1.37083e-05
1.26905e-05
1.17368e-05
1.08442e-05
1.00096e-05
9.23031e-06
8.50336e-06
7.82602e-06
7.1956e-06
6.6095e-06
6.06522e-06
5.56033e-06
5.09249e-06
4.65946e-06
4.25909e-06
3.88932e-06
3.54819e-06
3.23382e-06
2.94443e-06
2.67832e-06
2.43388e-06
2.20959e-06
2.00401e-06
1.81578e-06
1.64363e-06
1.48635e-06
1.3428e-06
1.21194e-06
1.09276e-06
9.84336e-07
8.85806e-07
7.96361e-07
7.15249e-07
6.41772e-07
5.7528e-07
5.15175e-07
4.60899e-07
4.11938e-07
3.67819e-07
3.28105e-07
2.92393e-07
2.60314e-07
2.31528e-07
2.05724e-07
1.82618e-07
1.61949e-07
1.43479e-07
1.26991e-07
1.12288e-07
9.91908e-08
8.75356e-08
7.71745e-08
6.79733e-08
5.98108e-08
5.2577e-08
4.61731e-08
4.05095e-08
3.5506e-08
3.10901e-08
2.71968e-08
2.37679e-08
2.07509e-08
1.80993e-08
1.57711e-08
1.37289e-08
1.19396e-08
1.03733e-08
9.00366e-09
7.80725e-09
6.76321e-09
5.85307e-09
5.06047e-09
4.37093e-09
3.77165e-09
3.25137e-09
2.80012e-09
2.40914e-09
2.07074e-09
1.77813e-09
1.52538e-09
1.30727e-09
1.11926e-09
9.57356e-10
8.18071e-10
6.98368e-10
5.95598e-10
5.07456e-10
4.31936e-10
3.67296e-10
3.12024e-10
2.64812e-10
2.24523e-10
1.90179e-10
1.6093e-10
1.36047e-10
1.149e-10
9.69443e-11
8.1715e-11
6.8811e-11
5.78881e-11
4.86515e-11
4.08488e-11
3.42641e-11
2.87127e-11
2.40373e-11
2.01035e-11
1.67971e-11
1.40208e-11
1.1692e-11
9.74043e-12
8.1067e-12
6.74041e-12
5.59892e-12
4.6462e-12
4.39924e-05
4.67839e-05
4.97041e-05
5.27549e-05
5.59384e-05
5.92561e-05
6.27092e-05
6.62989e-05
7.00255e-05
7.38895e-05
7.78906e-05
8.20282e-05
8.63013e-05
9.07083e-05
9.52474e-05
9.99159e-05
0.000104711
0.000109629
0.000114666
0.000119817
0.000125078
0.000130442
0.000135904
0.000141455
0.00014709
0.000152801
0.000158577
0.000164412
0.000170295
0.000176216
0.000182165
0.000188132
0.000194103
0.00020007
0.000206018
0.000211936
0.000217811
0.00022363
0.000229381
0.00023505
0.000240624
0.00024609
0.000251434
0.000256644
0.000261705
0.000266607
0.000271334
0.000275877
0.000280221
0.000284356
0.00028827
0.000291953
0.000295395
0.000298585
0.000301515
0.000304177
0.000306563
0.000308666
0.00031048
0.000311999
0.00031322
0.000314139
0.000314754
0.000315061
0.000315061
0.000314754
0.000314139
0.00031322
0.000311999
0.00031048
0.000308666
0.000306563
0.000304177
0.000301515
0.000298585
0.000295395
0.000291953
0.00028827
0.000284356
0.000280221
0.000275877
0.000271334
0.000266607
0.000261705
0.000256644
0.000251434
0.00024609
0.000240624
0.00023505
0.000229381
0.00022363
0.000217811
0.000211936
0.000206018
0.00020007
0.000194103
0.000188132
0.000182165
0.000176216
0.000170295
0.000164412
0.000158577
0.000152801
0.00014709
0.000141455
0.000135904
0.000130442
0.000125078
0.000119817
0.000114666
0.000109629
0.000104711
9.99159e-05
9.52474e-05
9.07083e-05
8.63013e-05
8.20282e-05
7.78906e-05
7.38895e-05
7.00255e-05
6.62989e-05
6.27092e-05
5.92561e-05
5.59384e-05
5.27549e-05
4.97041e-05
4.67839e-05
4.39924e-05
4.1327e-05
3.87852e-05
3.63643e-05
3.40611e-05
3.18727e-05
2.97958e-05
2.78271e-05
2.5963e-05
2.42002e-05
2.2535e-05
2.0964e-05
1.94834e-05
1.80897e-05
1.67794e-05
1.55487e-05
1.43943e-05
1.33125e-05
1.23e-05
1.13535e-05
1.04695e-05
9.64499e-06
8.87671e-06
8.16165e-06
7.49687e-06
6.87951e-06
6.30683e-06
5.77618e-06
5.28502e-06
4.8309e-06
4.41149e-06
4.02456e-06
3.66798e-06
3.33973e-06
3.0379e-06
2.76064e-06
2.50624e-06
2.27306e-06
2.05956e-06
1.8643e-06
1.6859e-06
1.52308e-06
1.37465e-06
1.23947e-06
1.11649e-06
1.00473e-06
9.03277e-07
8.11275e-07
7.27933e-07
6.52515e-07
5.8434e-07
5.22777e-07
4.67243e-07
4.17201e-07
3.72155e-07
3.31649e-07
2.95263e-07
2.62612e-07
2.33344e-07
2.07136e-07
1.83691e-07
1.62741e-07
1.4404e-07
1.27363e-07
1.12508e-07
9.92877e-08
8.75356e-08
7.70991e-08
6.78407e-08
5.96358e-08
5.23721e-08
4.59482e-08
4.02729e-08
3.52641e-08
3.08481e-08
2.69588e-08
2.35369e-08
2.05292e-08
1.78884e-08
1.55721e-08
1.35425e-08
1.17659e-08
1.02125e-08
8.85542e-09
7.67121e-09
6.63888e-09
5.73987e-09
4.95775e-09
4.27802e-09
3.68788e-09
3.17605e-09
2.73259e-09
2.34874e-09
2.01685e-09
1.73017e-09
1.48278e-09
1.26953e-09
1.08589e-09
9.27901e-10
7.92127e-10
6.7556e-10
5.75585e-10
4.89926e-10
4.16607e-10
3.53916e-10
3.00364e-10
2.54667e-10
2.15711e-10
1.82536e-10
1.54313e-10
1.30325e-10
1.0996e-10
9.26857e-11
7.80492e-11
6.56599e-11
5.51833e-11
4.6333e-11
3.88642e-11
3.25675e-11
2.72644e-11
2.28025e-11
1.90522e-11
1.59032e-11
1.32617e-11
1.10481e-11
9.19507e-12
7.64535e-12
6.35061e-12
5.26998e-12
4.98499e-05
5.30131e-05
5.63221e-05
5.97792e-05
6.33865e-05
6.71459e-05
7.10589e-05
7.51264e-05
7.93493e-05
8.37278e-05
8.82616e-05
9.29501e-05
9.77922e-05
0.000102786
0.000107929
0.00011322
0.000118653
0.000124226
0.000129934
0.000135771
0.000141732
0.00014781
0.000153999
0.00016029
0.000166675
0.000173146
0.000179692
0.000186303
0.000192969
0.000199679
0.00020642
0.000213181
0.000219948
0.000226708
0.000233449
0.000240154
0.000246812
0.000253406
0.000259923
0.000266346
0.000272663
0.000278856
0.000284912
0.000290815
0.000296551
0.000302105
0.000307462
0.000312609
0.000317532
0.000322218
0.000326653
0.000330827
0.000334726
0.000338341
0.000341662
0.000344678
0.000347381
0.000349764
0.000351819
0.000353541
0.000354925
0.000355967
0.000356662
0.000357011
0.000357011
0.000356662
0.000355967
0.000354925
0.000353541
0.000351819
0.000349764
0.000347381
0.000344678
0.000341662
0.000338341
0.000334726
0.000330827
0.000326653
0.000322218
0.000317532
0.000312609
0.000307462
0.000302105
0.000296551
0.000290815
0.000284912
0.000278856
0.000272663
0.000266346
0.000259923
0.000253406
0.000246812
0.000240154
0.000233449
0.000226708
0.000219948
0.000213181
0.00020642
0.000199679
0.000192969
0.000186303
0.000179692
0.000173146
0.000166675
0.00016029
0.000153999
0.00014781
0.000141732
0.000135771
0.000129934
0.000124226
0.000118653
0.00011322
0.000107929
0.000102786
9.77922e-05
9.29501e-05
8.82616e-05
8.37278e-05
7.93493e-05
7.51264e-05
7.10589e-05
6.71459e-05
6.33865e-05
5.97792e-05
5.63221e-05
5.30131e-05
4.98499e-05
4.68296e-05
4.39494e-05
4.12061e-05
3.85963e-05
3.61165e-05
3.37631e-05
3.15322e-05
2.94199e-05
2.74224e-05
2.55355e-05
2.37553e-05
2.20776e-05
2.04984e-05
1.90135e-05
1.7619e-05
1.63108e-05
1.5085e-05
1.39378e-05
1.28652e-05
1.18635e-05
1.09292e-05
1.00586e-05
9.24836e-06
8.49506e-06
7.79551e-06
7.14658e-06
6.54527e-06
5.98871e-06
5.47412e-06
4.99887e-06
4.56042e-06
4.15637e-06
3.78442e-06
3.44239e-06
3.12821e-06
2.83994e-06
2.57571e-06
2.33379e-06
2.11252e-06
1.91037e-06
1.72588e-06
1.55768e-06
1.4045e-06
1.26515e-06
1.13851e-06
1.02355e-06
9.19296e-07
8.24856e-07
7.39396e-07
6.62144e-07
5.92384e-07
5.29456e-07
4.72751e-07
4.21707e-07
3.75807e-07
3.34576e-07
2.97578e-07
2.64413e-07
2.34715e-07
2.08149e-07
1.8441e-07
1.63219e-07
1.44322e-07
1.27488e-07
1.12508e-07
9.91908e-08
8.73648e-08
7.68736e-08
6.75762e-08
5.93453e-08
5.20661e-08
4.56351e-08
3.99595e-08
3.49555e-08
3.05484e-08
2.66708e-08
2.32627e-08
2.02703e-08
1.76455e-08
1.53457e-08
1.33326e-08
1.15722e-08
1.00345e-08
8.69262e-09
7.52284e-09
6.50412e-09
5.61786e-09
4.84763e-09
4.17892e-09
3.59894e-09
3.09643e-09
2.66148e-09
2.28539e-09
1.96053e-09
1.68021e-09
1.43857e-09
1.23047e-09
1.05145e-09
8.97598e-10
7.6551e-10
6.52223e-10
5.55158e-10
4.72078e-10
4.01039e-10
3.40357e-10
2.88575e-10
2.44433e-10
2.06841e-10
1.74859e-10
1.47678e-10
1.24601e-10
1.05027e-10
8.84413e-11
7.44024e-11
6.25308e-11
5.25022e-11
4.40389e-11
3.69039e-11
3.08946e-11
2.58386e-11
2.1589e-11
1.80207e-11
1.50275e-11
1.25192e-11
1.04194e-11
8.66331e-12
7.19618e-12
5.97167e-12
5.64322e-05
6.00131e-05
6.3759e-05
6.76725e-05
7.17562e-05
7.6012e-05
8.04416e-05
8.50463e-05
8.98268e-05
9.47834e-05
9.99159e-05
0.000105224
0.000110705
0.000116358
0.000122181
0.000128169
0.00013432
0.000140629
0.00014709
0.000153699
0.000160447
0.000167328
0.000174333
0.000181455
0.000188684
0.000196008
0.000203419
0.000210903
0.00021845
0.000226045
0.000233677
0.00024133
0.000248991
0.000256644
0.000264274
0.000271865
0.000279401
0.000286866
0.000294243
0.000301515
0.000308666
0.000315677
0.000322533
0.000329215
0.000335708
0.000341996
0.00034806
0.000353887
0.00035946
0.000364764
0.000369785
0.00037451
0.000378924
0.000383017
0.000386776
0.00039019
0.00039325
0.000395948
0.000398274
0.000400224
0.00040179
0.000402969
0.000403757
0.000404152
0.000404152
0.000403757
0.000402969
0.00040179
0.000400224
0.000398274
0.000395948
0.00039325
0.00039019
0.000386776
0.000383017
0.000378924
0.00037451
0.000369785
0.000364764
0.00035946
0.000353887
0.00034806
0.000341996
0.000335708
0.000329215
0.000322533
0.000315677
0.000308666
0.000301515
0.000294243
0.000286866
0.000279401
0.000271865
0.000264274
0.000256644
0.000248991
0.00024133
0.000233677
0.000226045
0.00021845
0.000210903
0.000203419
0.000196008
0.000188684
0.000181455
0.000174333
0.000167328
0.000160447
0.000153699
0.00014709
0.000140629
0.00013432
0.000128169
0.000122181
0.000116358
0.000110705
0.000105224
9.99159e-05
9.47834e-05
8.98268e-05
8.50463e-05
8.04416e-05
7.6012e-05
7.17562e-05
6.76725e-05
6.3759e-05
6.00131e-05
5.64322e-05
5.30131e-05
4.97526e-05
4.66471e-05
4.36927e-05
4.08854e-05
3.82212e-05
3.56958e-05
3.33046e-05
3.10433e-05
2.89073e-05
2.6892e-05
2.49928e-05
2.3205e-05
2.15241e-05
1.99454e-05
1.84645e-05
1.70769e-05
1.57781e-05
1.45639e-05
1.343e-05
1.23723e-05
1.13868e-05
1.04695e-05
9.61677e-06
8.82485e-06
8.09023e-06
7.40953e-06
6.77947e-06
6.19694e-06
5.65893e-06
5.16259e-06
4.70518e-06
4.28412e-06
3.89693e-06
3.54127e-06
3.21493e-06
2.91581e-06
2.64195e-06
2.39147e-06
2.16262e-06
1.95377e-06
1.76336e-06
1.58995e-06
1.4322e-06
1.28884e-06
1.1587e-06
1.04068e-06
9.33772e-07
8.37028e-07
7.49575e-07
6.70603e-07
5.99366e-07
5.35174e-07
4.7739e-07
4.2543e-07
3.78755e-07
3.36871e-07
2.99327e-07
2.65708e-07
2.35634e-07
2.0876e-07
1.84771e-07
1.63378e-07
1.44322e-07
1.27363e-07
1.12288e-07
9.89006e-08
8.70242e-08
7.64991e-08
6.71814e-08
5.8941e-08
5.16609e-08
4.52358e-08
3.95711e-08
3.4582e-08
3.01925e-08
2.63343e-08
2.29468e-08
1.99755e-08
1.7372e-08
1.5093e-08
1.31002e-08
1.13595e-08
9.84042e-09
8.51617e-09
7.36294e-09
6.35966e-09
5.48773e-09
4.73072e-09
4.07415e-09
3.50528e-09
3.0129e-09
2.58716e-09
2.21941e-09
1.90207e-09
1.62852e-09
1.39294e-09
1.19029e-09
1.01612e-09
8.6659e-10
7.38344e-10
6.28463e-10
5.34412e-10
4.53993e-10
3.85299e-10
3.2668e-10
2.76708e-10
2.34152e-10
1.97948e-10
1.67178e-10
1.41053e-10
1.18895e-10
1.00119e-10
8.42266e-11
7.07876e-11
5.94347e-11
4.98539e-11
4.17767e-11
3.4974e-11
2.92504e-11
2.44396e-11
2.04002e-11
1.70117e-11
1.41722e-11
1.17952e-11
9.80724e-12
8.14638e-12
6.76019e-12
6.38213e-05
6.78711e-05
7.21074e-05
7.65334e-05
8.11518e-05
8.59648e-05
9.09745e-05
9.61821e-05
0.000101589
0.000107194
0.000112999
0.000119001
0.0001252
0.000131594
0.000138179
0.000144952
0.000151908
0.000159043
0.00016635
0.000173823
0.000181455
0.000189237
0.00019716
0.000205214
0.000213389
0.000221673
0.000230054
0.000238518
0.000247053
0.000255643
0.000264274
0.000272929
0.000281593
0.000290248
0.000298877
0.000307462
0.000315985
0.000324428
0.000332771
0.000340995
0.000349082
0.000357011
0.000364764
0.000372322
0.000379665
0.000386776
0.000393634
0.000400224
0.000406527
0.000412525
0.000418204
0.000423547
0.00042854
0.000433168
0.000437419
0.00044128
0.000444741
0.000447792
0.000450424
0.000452628
0.0004544
0.000455733
0.000456624
0.00045707
0.00045707
0.000456624
0.000455733
0.0004544
0.000452628
0.000450424
0.000447792
0.000444741
0.00044128
0.000437419
0.000433168
0.00042854
0.000423547
0.000418204
0.000412525
0.000406527
0.000400224
0.000393634
0.000386776
0.000379665
0.000372322
0.000364764
0.000357011
0.000349082
0.000340995
0.000332771
0.000324428
0.000315985
0.000307462
0.000298877
0.000290248
0.000281593
0.000272929
0.000264274
0.000255643
0.000247053
0.000238518
0.000230054
0.000221673
0.000213389
0.000205214
0.00019716
0.000189237
0.000181455
0.000173823
0.00016635
0.000159043
0.000151908
0.000144952
0.000138179
0.000131594
0.0001252
0.000119001
0.000112999
0.000107194
0.000101589
9.61821e-05
9.09745e-05
8.59648e-05
8.11518e-05
7.65334e-05
7.21074e-05
6.78711e-05
6.38213e-05
5.99545e-05
5.62671e-05
5.27549e-05
4.94137e-05
4.62389e-05
4.32258e-05
4.03697e-05
3.76654e-05
3.51081e-05
3.26924e-05
3.04132e-05
2.82653e-05
2.62434e-05
2.43424e-05
2.25571e-05
2.08822e-05
1.93129e-05
1.78441e-05
1.64709e-05
1.51885e-05
1.39923e-05
1.28777e-05
1.18404e-05
1.0876e-05
9.98035e-06
9.14954e-06
8.37971e-06
7.66716e-06
7.00835e-06
6.3999e-06
5.83857e-06
5.32127e-06
4.84507e-06
4.40718e-06
4.00495e-06
3.63588e-06
3.2976e-06
2.98788e-06
2.7046e-06
2.44579e-06
2.20959e-06
1.99425e-06
1.79814e-06
1.61973e-06
1.4576e-06
1.31042e-06
1.17695e-06
1.05604e-06
9.46626e-07
8.47722e-07
7.58411e-07
6.77846e-07
6.05248e-07
5.39898e-07
4.81134e-07
4.28348e-07
3.80981e-07
3.3852e-07
3.00499e-07
2.66487e-07
2.36095e-07
2.08964e-07
1.84771e-07
1.63219e-07
1.4404e-07
1.26991e-07
1.1185e-07
9.84189e-08
8.65157e-08
7.5978e-08
6.66586e-08
5.84253e-08
5.11589e-08
4.47525e-08
3.91101e-08
3.41458e-08
2.97825e-08
2.59514e-08
2.2591e-08
1.96466e-08
1.70693e-08
1.48156e-08
1.28469e-08
1.11289e-08
9.63126e-09
8.32702e-09
7.19238e-09
6.20627e-09
5.35014e-09
4.60761e-09
3.96426e-09
3.40741e-09
2.92592e-09
2.51001e-09
2.15112e-09
1.84175e-09
1.57533e-09
1.34614e-09
1.14917e-09
9.80059e-10
8.35021e-10
7.10752e-10
6.04387e-10
5.13438e-10
4.35749e-10
3.69454e-10
3.1294e-10
2.64812e-10
2.23867e-10
1.89068e-10
1.59522e-10
1.34462e-10
1.13229e-10
9.52551e-11
8.00563e-11
6.72169e-11
5.63817e-11
4.72469e-11
3.95534e-11
3.30804e-11
2.76397e-11
2.30713e-11
1.92392e-11
1.60279e-11
1.33396e-11
1.10914e-11
9.21305e-12
7.64535e-12
7.21074e-05
7.6683e-05
8.14694e-05
8.647e-05
9.1688e-05
9.7126e-05
0.000102786
0.00010867
0.000114778
0.000121112
0.00012767
0.000134452
0.000141455
0.000148679
0.000156119
0.000163771
0.000171631
0.000179692
0.000187948
0.000196392
0.000205014
0.000213806
0.000222758
0.000231858
0.000241094
0.000250454
0.000259923
0.000269486
0.000279129
0.000288834
0.000298585
0.000308364
0.000318153
0.000327932
0.000337681
0.000347381
0.000357011
0.00036655
0.000375976
0.000385268
0.000394404
0.000403363
0.000412123
0.000420662
0.000428958
0.000436992
0.000444741
0.000452186
0.000459307
0.000466085
0.000472501
0.000478538
0.000484179
0.000489408
0.000494211
0.000498573
0.000502484
0.00050593
0.000508904
0.000511395
0.000513396
0.000514902
0.000515909
0.000516413
0.000516413
0.000515909
0.000514902
0.000513396
0.000511395
0.000508904
0.00050593
0.000502484
0.000498573
0.000494211
0.000489408
0.000484179
0.000478538
0.000472501
0.000466085
0.000459307
0.000452186
0.000444741
0.000436992
0.000428958
0.000420662
0.000412123
0.000403363
0.000394404
0.000385268
0.000375976
0.00036655
0.000357011
0.000347381
0.000337681
0.000327932
0.000318153
0.000308364
0.000298585
0.000288834
0.000279129
0.000269486
0.000259923
0.000250454
0.000241094
0.000231858
0.000222758
0.000213806
0.000205014
0.000196392
0.000187948
0.000179692
0.000171631
0.000163771
0.000156119
0.000148679
0.000141455
0.000134452
0.00012767
0.000121112
0.000114778
0.00010867
0.000102786
9.7126e-05
9.1688e-05
8.647e-05
8.14694e-05
7.6683e-05
7.21074e-05
6.77387e-05
6.35725e-05
5.96043e-05
5.58292e-05
5.22422e-05
4.8838e-05
4.5611e-05
4.25557e-05
3.96663e-05
3.69369e-05
3.43618e-05
3.1935e-05
2.96507e-05
2.75029e-05
2.54857e-05
2.35935e-05
2.18204e-05
2.01609e-05
1.86094e-05
1.71605e-05
1.5809e-05
1.45497e-05
1.33777e-05
1.2288e-05
1.12761e-05
1.03375e-05
9.46768e-06
8.66261e-06
7.91827e-06
7.23082e-06
6.59661e-06
6.01215e-06
5.47412e-06
4.97938e-06
4.52493e-06
4.10794e-06
3.72574e-06
3.3758e-06
3.05575e-06
2.76334e-06
2.49647e-06
2.25317e-06
2.03159e-06
1.83002e-06
1.64684e-06
1.48055e-06
1.32975e-06
1.19315e-06
1.06953e-06
9.57785e-07
8.56878e-07
7.65853e-07
6.8383e-07
6.09995e-07
5.43602e-07
4.83962e-07
4.30445e-07
3.82472e-07
3.39514e-07
3.01086e-07
2.66748e-07
2.36095e-07
2.0876e-07
1.8441e-07
1.62741e-07
1.43479e-07
1.26372e-07
1.11197e-07
9.77484e-08
8.58425e-08
7.53131e-08
6.60108e-08
5.7801e-08
5.05628e-08
4.41879e-08
3.8579e-08
3.36492e-08
2.93207e-08
2.55241e-08
2.21974e-08
1.92854e-08
1.67391e-08
1.45148e-08
1.25738e-08
1.08817e-08
9.40815e-09
8.12619e-09
7.01206e-09
6.04477e-09
5.20583e-09
4.47895e-09
3.8498e-09
3.3058e-09
2.8359e-09
2.43041e-09
2.08087e-09
1.77986e-09
1.52091e-09
1.29837e-09
1.1073e-09
9.43435e-10
8.03032e-10
6.82857e-10
5.80099e-10
4.92324e-10
4.17422e-10
3.5357e-10
2.99193e-10
2.52932e-10
2.13615e-10
1.80234e-10
1.5192e-10
1.2793e-10
1.07622e-10
9.04503e-11
7.5944e-11
6.37019e-11
5.33811e-11
4.46888e-11
3.73753e-11
3.12283e-11
2.60667e-11
2.17371e-11
1.81089e-11
1.50715e-11
1.25314e-11
1.04092e-11
8.63797e-12
8.13899e-05
8.65545e-05
9.1957e-05
9.76014e-05
0.000103491
0.000109629
0.000116018
0.000122659
0.000129554
0.000136702
0.000144105
0.00015176
0.000159665
0.000167819
0.000176216
0.000184853
0.000193725
0.000202824
0.000212143
0.000221673
0.000231406
0.00024133
0.000251434
0.000261705
0.000272131
0.000282695
0.000293383
0.000304177
0.000315061
0.000326016
0.000337022
0.00034806
0.000359109
0.000370147
0.000381151
0.0003921
0.000402969
0.000413736
0.000424375
0.000434863
0.000445176
0.000455288
0.000465176
0.000474814
0.000484179
0.000493246
0.000501993
0.000510397
0.000518434
0.000526084
0.000533326
0.00054014
0.000546507
0.00055241
0.000557831
0.000562755
0.000567169
0.000571059
0.000574415
0.000577227
0.000579486
0.000581186
0.000582322
0.000582891
0.000582891
0.000582322
0.000581186
0.000579486
0.000577227
0.000574415
0.000571059
0.000567169
0.000562755
0.000557831
0.00055241
0.000546507
0.00054014
0.000533326
0.000526084
0.000518434
0.000510397
0.000501993
0.000493246
0.000484179
0.000474814
0.000465176
0.000455288
0.000445176
0.000434863
0.000424375
0.000413736
0.000402969
0.0003921
0.000381151
0.000370147
0.000359109
0.00034806
0.000337022
0.000326016
0.000315061
0.000304177
0.000293383
0.000282695
0.000272131
0.000261705
0.000251434
0.00024133
0.000231406
0.000221673
0.000212143
0.000202824
0.000193725
0.000184853
0.000176216
0.000167819
0.000159665
0.00015176
0.000144105
0.000136702
0.000129554
0.000122659
0.000116018
0.000109629
0.000103491
9.76014e-05
9.1957e-05
8.65545e-05
8.13899e-05
7.64587e-05
7.17562e-05
6.72772e-05
6.30162e-05
5.89674e-05
5.51249e-05
5.14826e-05
4.80339e-05
4.47725e-05
4.16918e-05
3.87852e-05
3.60461e-05
3.34676e-05
3.10433e-05
2.87665e-05
2.66307e-05
2.46293e-05
2.27562e-05
2.1005e-05
1.93696e-05
1.78441e-05
1.64227e-05
1.50998e-05
1.38699e-05
1.27277e-05
1.16682e-05
1.06865e-05
9.77776e-06
8.93759e-06
8.16165e-06
7.44579e-06
6.7861e-06
6.17881e-06
5.62038e-06
5.10743e-06
4.63676e-06
4.20536e-06
3.81037e-06
3.44912e-06
3.11906e-06
2.81784e-06
2.54322e-06
2.29312e-06
2.0656e-06
1.85884e-06
1.67114e-06
1.50093e-06
1.34674e-06
1.20721e-06
1.08108e-06
9.67184e-07
8.64442e-07
7.7186e-07
6.88521e-07
6.1358e-07
5.46263e-07
4.85856e-07
4.31707e-07
3.83219e-07
3.39845e-07
3.01086e-07
2.66487e-07
2.35634e-07
2.08149e-07
1.83691e-07
1.61949e-07
1.4264e-07
1.25511e-07
1.10332e-07
9.6893e-08
8.50082e-08
7.45084e-08
6.52418e-08
5.70718e-08
4.98763e-08
4.35454e-08
3.79809e-08
3.30952e-08
2.88098e-08
2.50549e-08
2.17681e-08
1.8894e-08
1.63833e-08
1.41924e-08
1.22825e-08
1.06193e-08
9.17228e-09
7.91472e-09
6.82292e-09
5.87598e-09
5.05553e-09
4.34539e-09
3.73136e-09
3.20096e-09
2.74328e-09
2.34874e-09
2.00899e-09
1.7167e-09
1.46551e-09
1.24985e-09
1.06488e-09
9.06407e-10
7.70761e-10
6.54776e-10
5.55701e-10
4.71157e-10
3.99085e-10
3.37709e-10
2.85492e-10
2.41114e-10
2.03435e-10
1.71477e-10
1.44398e-10
1.21477e-10
1.02094e-10
8.57203e-11
7.19023e-11
6.02529e-11
5.04416e-11
4.21867e-11
3.52483e-11
2.94223e-11
2.45353e-11
2.044e-11
1.70117e-11
1.41446e-11
1.17492e-11
9.74994e-12
9.17776e-05
9.76014e-05
0.000103693
0.000110058
0.0001167
0.000123621
0.000130825
0.000138314
0.000146088
0.000154149
0.000162497
0.000171129
0.000180043
0.000189237
0.000198707
0.000208446
0.00021845
0.00022871
0.000239218
0.000249965
0.00026094
0.000272131
0.000283524
0.000295107
0.000306862
0.000318775
0.000330827
0.000342999
0.000355272
0.000367625
0.000380036
0.000392483
0.000404942
0.000417388
0.000429797
0.000442143
0.0004544
0.00046654
0.000478538
0.000490365
0.000501993
0.000513396
0.000524545
0.000535414
0.000545974
0.000556199
0.000566062
0.000575538
0.000584602
0.000593228
0.000601394
0.000609078
0.000616257
0.000622913
0.000629026
0.000634579
0.000639556
0.000643943
0.000647727
0.000650898
0.000653445
0.000655362
0.000656644
0.000657285
0.000657285
0.000656644
0.000655362
0.000653445
0.000650898
0.000647727
0.000643943
0.000639556
0.000634579
0.000629026
0.000622913
0.000616257
0.000609078
0.000601394
0.000593228
0.000584602
0.000575538
0.000566062
0.000556199
0.000545974
0.000535414
0.000524545
0.000513396
0.000501993
0.000490365
0.000478538
0.00046654
0.0004544
0.000442143
0.000429797
0.000417388
0.000404942
0.000392483
0.000380036
0.000367625
0.000355272
0.000342999
0.000330827
0.000318775
0.000306862
0.000295107
0.000283524
0.000272131
0.00026094
0.000249965
0.000239218
0.00022871
0.00021845
0.000208446
0.000198707
0.000189237
0.000180043
0.000171129
0.000162497
0.000154149
0.000146088
0.000138314
0.000130825
0.000123621
0.0001167
0.000110058
0.000103693
9.76014e-05
9.17776e-05
8.62171e-05
8.09144e-05
7.58637e-05
7.10589e-05
6.64934e-05
6.21605e-05
5.80532e-05
5.41644e-05
5.04868e-05
4.70129e-05
4.37354e-05
4.06466e-05
3.77391e-05
3.50053e-05
3.24379e-05
3.00295e-05
2.77728e-05
2.56605e-05
2.36858e-05
2.18417e-05
2.01215e-05
1.85187e-05
1.7027e-05
1.56401e-05
1.43521e-05
1.31574e-05
1.20504e-05
1.10257e-05
1.00783e-05
9.20331e-06
8.39609e-06
7.6522e-06
6.96741e-06
6.3377e-06
5.75928e-06
5.22855e-06
4.74209e-06
4.29669e-06
3.88932e-06
3.51714e-06
3.17747e-06
2.86781e-06
2.58579e-06
2.32923e-06
2.09608e-06
1.88443e-06
1.6925e-06
1.51863e-06
1.36129e-06
1.21906e-06
1.09062e-06
9.7477e-07
8.70372e-07
7.76396e-07
6.91891e-07
6.15982e-07
5.47865e-07
4.86806e-07
4.32129e-07
3.83219e-07
3.39514e-07
3.00499e-07
2.65708e-07
2.34715e-07
2.07136e-07
1.82618e-07
1.60845e-07
1.4153e-07
1.24413e-07
1.09259e-07
9.58578e-08
8.40179e-08
7.35685e-08
6.43559e-08
5.62419e-08
4.9103e-08
4.28284e-08
3.73191e-08
3.24868e-08
2.82526e-08
2.45463e-08
2.13054e-08
1.84743e-08
1.60038e-08
1.38501e-08
1.19746e-08
1.03429e-08
8.92487e-09
7.69372e-09
6.62593e-09
5.70076e-09
4.89999e-09
4.20759e-09
3.6095e-09
3.0934e-09
2.64851e-09
2.26539e-09
1.9358e-09
1.65255e-09
1.40936e-09
1.20079e-09
1.02209e-09
8.69133e-10
7.38344e-10
6.26624e-10
5.3129e-10
4.5002e-10
3.8081e-10
3.21929e-10
2.71887e-10
2.29399e-10
1.93362e-10
1.62827e-10
1.36981e-10
1.15124e-10
9.66607e-11
8.10791e-11
6.79429e-11
5.68794e-11
4.7571e-11
3.9747e-11
3.31775e-11
2.76667e-11
2.30488e-11
1.91829e-11
1.59498e-11
1.32487e-11
1.09943e-11
0.00010339
0.000109951
0.000116814
0.000123984
0.000131465
0.000139262
0.000147378
0.000155814
0.000164573
0.000173654
0.000183057
0.000192781
0.000202824
0.000213181
0.000223849
0.00023482
0.00024609
0.000257648
0.000269486
0.000281593
0.000293956
0.000306563
0.000319398
0.000332446
0.000345689
0.000359109
0.000372686
0.000386398
0.000400224
0.00041414
0.000428122
0.000442143
0.000456178
0.000470199
0.000484179
0.000498087
0.000511894
0.000525571
0.000539086
0.00055241
0.00056551
0.000578355
0.000590915
0.000603159
0.000615055
0.000626574
0.000637685
0.00064836
0.00065857
0.000668288
0.000677488
0.000686143
0.000694232
0.000701729
0.000708616
0.000714871
0.000720478
0.00072542
0.000729683
0.000733255
0.000736124
0.000738284
0.000739728
0.00074045
0.00074045
0.000739728
0.000738284
0.000736124
0.000733255
0.000729683
0.00072542
0.000720478
0.000714871
0.000708616
0.000701729
0.000694232
0.000686143
0.000677488
0.000668288
0.00065857
0.00064836
0.000637685
0.000626574
0.000615055
0.000603159
0.000590915
0.000578355
0.00056551
0.00055241
0.000539086
0.000525571
0.000511894
0.000498087
0.000484179
0.000470199
0.000456178
0.000442143
0.000428122
0.00041414
0.000400224
0.000386398
0.000372686
0.000359109
0.000345689
0.000332446
0.000319398
0.000306563
0.000293956
0.000281593
0.000269486
0.000257648
0.00024609
0.00023482
0.000223849
0.000213181
0.000202824
0.000192781
0.000183057
0.000173654
0.000164573
0.000155814
0.000147378
0.000139262
0.000131465
0.000123984
0.000116814
0.000109951
0.00010339
9.7126e-05
9.11523e-05
8.54626e-05
8.00498e-05
7.49067e-05
7.00255e-05
6.53986e-05
6.10178e-05
5.68748e-05
5.29614e-05
4.92691e-05
4.57895e-05
4.25141e-05
3.94345e-05
3.65423e-05
3.38291e-05
3.12868e-05
2.89073e-05
2.66827e-05
2.46053e-05
2.26675e-05
2.08619e-05
1.91813e-05
1.7619e-05
1.61681e-05
1.48222e-05
1.35751e-05
1.24207e-05
1.13535e-05
1.03678e-05
9.45844e-06
8.62042e-06
7.84898e-06
7.1396e-06
6.488e-06
5.89011e-06
5.3421e-06
4.84034e-06
4.38143e-06
3.96216e-06
3.57952e-06
3.23067e-06
2.91297e-06
2.62395e-06
2.3613e-06
2.12286e-06
1.90664e-06
1.71077e-06
1.53353e-06
1.3733e-06
1.22862e-06
1.09811e-06
9.80498e-07
8.74632e-07
7.79434e-07
6.93921e-07
6.17186e-07
5.48401e-07
4.86806e-07
4.31707e-07
3.82472e-07
3.3852e-07
2.99327e-07
2.64413e-07
2.33344e-07
2.05724e-07
1.81197e-07
1.59438e-07
1.40155e-07
1.23084e-07
1.07986e-07
9.46485e-08
8.2877e-08
7.24987e-08
6.33581e-08
5.53159e-08
4.82474e-08
4.20411e-08
3.65973e-08
3.18274e-08
2.76521e-08
2.40011e-08
2.08118e-08
1.80287e-08
1.56026e-08
1.34897e-08
1.16516e-08
1.00541e-08
8.66719e-09
7.4643e-09
6.42207e-09
5.51997e-09
4.73996e-09
4.0662e-09
3.48481e-09
2.98362e-09
2.55203e-09
2.18074e-09
1.86164e-09
1.58769e-09
1.35273e-09
1.15141e-09
9.79103e-10
8.31765e-10
7.0591e-10
5.98513e-10
5.06961e-10
4.28993e-10
3.62662e-10
3.06288e-10
2.58425e-10
2.17828e-10
1.8343e-10
1.54313e-10
1.29691e-10
1.08891e-10
9.13379e-11
7.65396e-11
6.40763e-11
5.359e-11
4.47761e-11
3.73753e-11
3.11673e-11
2.59651e-11
2.16101e-11
1.79679e-11
1.49251e-11
1.23854e-11
0.000116358
0.000123742
0.000131465
0.000139535
0.000147955
0.00015673
0.000165863
0.000175358
0.000185215
0.000195435
0.000206018
0.000216961
0.000228264
0.00023992
0.000251926
0.000264274
0.000276956
0.000289965
0.000303287
0.000316913
0.000330827
0.000345015
0.00035946
0.000374144
0.000389048
0.000404152
0.000419431
0.000434863
0.000450424
0.000466085
0.00048182
0.000497601
0.000513396
0.000529176
0.000544909
0.000560561
0.0005761
0.000591493
0.000606703
0.000621698
0.000636441
0.000650898
0.000665033
0.000678812
0.000692201
0.000705164
0.000717669
0.000729683
0.000741174
0.000752111
0.000762464
0.000772206
0.000781308
0.000789746
0.000797496
0.000804537
0.000810847
0.000816409
0.000821206
0.000825226
0.000828456
0.000830886
0.000832511
0.000833324
0.000833324
0.000832511
0.000830886
0.000828456
0.000825226
0.000821206
0.000816409
0.000810847
0.000804537
0.000797496
0.000789746
0.000781308
0.000772206
0.000762464
0.000752111
0.000741174
0.000729683
0.000717669
0.000705164
0.000692201
0.000678812
0.000665033
0.000650898
0.000636441
0.000621698
0.000606703
0.000591493
0.0005761
0.000560561
0.000544909
0.000529176
0.000513396
0.000497601
0.00048182
0.000466085
0.000450424
0.000434863
0.000419431
0.000404152
0.000389048
0.000374144
0.00035946
0.000345015
0.000330827
0.000316913
0.000303287
0.000289965
0.000276956
0.000264274
0.000251926
0.00023992
0.000228264
0.000216961
0.000206018
0.000195435
0.000185215
0.000175358
0.000165863
0.00015673
0.000147955
0.000139535
0.000131465
0.000123742
0.000116358
0.000109308
0.000102585
9.61821e-05
9.00904e-05
8.43021e-05
7.88088e-05
7.36015e-05
6.86711e-05
6.40085e-05
5.96043e-05
5.54489e-05
5.15329e-05
4.78466e-05
4.43807e-05
4.11257e-05
3.80722e-05
3.52111e-05
3.25331e-05
3.00295e-05
2.76915e-05
2.55106e-05
2.34785e-05
2.15872e-05
1.98289e-05
1.8196e-05
1.66813e-05
1.52778e-05
1.39787e-05
1.27775e-05
1.16682e-05
1.06448e-05
9.70167e-06
8.83347e-06
8.03511e-06
7.30178e-06
6.6289e-06
6.01215e-06
5.44746e-06
4.93099e-06
4.45913e-06
4.02849e-06
3.63588e-06
3.27834e-06
2.95307e-06
2.65747e-06
2.38913e-06
2.14579e-06
1.92535e-06
1.72588e-06
1.54556e-06
1.38272e-06
1.23584e-06
1.10348e-06
9.84336e-07
8.77198e-07
7.80958e-07
6.94599e-07
6.17186e-07
5.47865e-07
4.85856e-07
4.30445e-07
3.80981e-07
3.36871e-07
2.97578e-07
2.62612e-07
2.31528e-07
2.03924e-07
1.79436e-07
1.57734e-07
1.38522e-07
1.21531e-07
1.0652e-07
9.32722e-08
8.15921e-08
7.1305e-08
6.22541e-08
5.4299e-08
4.73142e-08
4.11877e-08
3.58194e-08
3.11205e-08
2.70115e-08
2.34222e-08
2.02901e-08
1.75596e-08
1.51817e-08
1.3113e-08
1.13152e-08
9.75431e-09
8.40053e-09
7.22758e-09
6.21234e-09
5.33449e-09
4.57622e-09
3.9219e-09
3.35786e-09
2.87213e-09
2.45426e-09
2.09515e-09
1.78683e-09
1.5224e-09
1.29583e-09
1.10191e-09
9.36093e-10
7.94452e-10
6.73584e-10
5.70548e-10
4.82801e-10
4.08151e-10
3.44706e-10
2.90839e-10
2.4515e-10
2.06437e-10
1.73668e-10
1.45958e-10
1.22549e-10
1.02794e-10
8.61399e-11
7.21133e-11
6.03118e-11
5.03924e-11
4.20633e-11
3.50766e-11
2.92219e-11
2.43206e-11
2.02216e-11
1.67971e-11
1.39389e-11
0.000130825
0.000139127
0.00014781
0.000156883
0.00016635
0.000176216
0.000186485
0.00019716
0.000208243
0.000219733
0.000231632
0.000243936
0.000256644
0.000269749
0.000283248
0.000297131
0.00031139
0.000326016
0.000340995
0.000356314
0.000371958
0.00038791
0.000404152
0.000420662
0.000437419
0.0004544
0.000471579
0.00048893
0.000506425
0.000524033
0.000541725
0.000559467
0.000577227
0.000594969
0.000612657
0.000630256
0.000647727
0.000665033
0.000682135
0.000698993
0.00071557
0.000731824
0.000747717
0.000763209
0.000778262
0.000792837
0.000806897
0.000820405
0.000833324
0.000845621
0.000857261
0.000868214
0.000878448
0.000887936
0.000896649
0.000904565
0.000911659
0.000917913
0.000923307
0.000927826
0.000931458
0.000934191
0.000936017
0.000936931
0.000936931
0.000936017
0.000934191
0.000931458
0.000927826
0.000923307
0.000917913
0.000911659
0.000904565
0.000896649
0.000887936
0.000878448
0.000868214
0.000857261
0.000845621
0.000833324
0.000820405
0.000806897
0.000792837
0.000778262
0.000763209
0.000747717
0.000731824
0.00071557
0.000698993
0.000682135
0.000665033
0.000647727
0.000630256
0.000612657
0.000594969
0.000577227
0.000559467
0.000541725
0.000524033
0.000506425
0.00048893
0.000471579
0.0004544
0.000437419
0.000420662
0.000404152
0.00038791
0.000371958
0.000356314
0.000340995
0.000326016
0.00031139
0.000297131
0.000283248
0.000269749
0.000256644
0.000243936
0.000231632
0.000219733
0.000208243
0.00019716
0.000186485
0.000176216
0.00016635
0.000156883
0.00014781
0.000139127
0.000130825
0.000122899
0.00011534
0.00010814
0.000101291
9.47834e-05
8.86071e-05
8.27523e-05
7.7209e-05
7.19667e-05
6.70149e-05
6.23429e-05
5.79399e-05
5.37954e-05
4.98986e-05
4.62389e-05
4.28058e-05
3.95889e-05
3.6578e-05
3.37631e-05
3.11344e-05
2.86824e-05
2.63976e-05
2.42712e-05
2.22943e-05
2.04584e-05
1.87553e-05
1.71773e-05
1.57166e-05
1.43662e-05
1.31189e-05
1.19683e-05
1.09079e-05
9.93173e-06
9.03412e-06
8.20961e-06
7.45307e-06
6.75964e-06
6.12474e-06
5.54406e-06
5.01354e-06
4.52935e-06
4.08793e-06
3.68594e-06
3.32022e-06
2.98788e-06
2.68617e-06
2.41258e-06
2.16473e-06
1.94046e-06
1.73772e-06
1.55464e-06
1.38949e-06
1.24068e-06
1.10672e-06
9.8626e-07
8.78055e-07
7.80958e-07
6.93921e-07
6.15982e-07
5.46263e-07
4.83962e-07
4.28348e-07
3.78755e-07
3.34576e-07
2.95263e-07
2.60314e-07
2.29278e-07
2.01745e-07
1.77346e-07
1.55745e-07
1.36641e-07
1.19764e-07
1.04869e-07
9.17365e-08
8.01704e-08
6.99942e-08
6.105e-08
5.31968e-08
4.63085e-08
4.02729e-08
3.49897e-08
3.03699e-08
2.63343e-08
2.28127e-08
1.97428e-08
1.70693e-08
1.47434e-08
1.2722e-08
1.09671e-08
9.44497e-09
8.12619e-09
6.98472e-09
5.99773e-09
5.14518e-09
4.40951e-09
3.77534e-09
3.22922e-09
2.7594e-09
2.35564e-09
2.00899e-09
1.71168e-09
1.45695e-09
1.23891e-09
1.05248e-09
8.93226e-10
7.57331e-10
6.41484e-10
5.42828e-10
4.58896e-10
3.87563e-10
3.26999e-10
2.7563e-10
2.32103e-10
1.9526e-10
1.64105e-10
1.37786e-10
1.15575e-10
9.68497e-11
8.10791e-11
6.78103e-11
5.66576e-11
4.7293e-11
3.94377e-11
3.2855e-11
2.73444e-11
2.27358e-11
1.88855e-11
1.56719e-11
0.000146947
0.000156271
0.000166026
0.000176216
0.00018685
0.000197932
0.000209466
0.000221457
0.000233905
0.000246812
0.000260176
0.000273997
0.00028827
0.000302991
0.000318153
0.000333747
0.000349764
0.000366192
0.000383017
0.000400224
0.000417796
0.000435714
0.000453956
0.000472501
0.000491323
0.000510397
0.000529693
0.000549182
0.000568833
0.000588612
0.000608483
0.000628412
0.00064836
0.000668288
0.000688157
0.000707924
0.000727548
0.000746987
0.000766196
0.000785132
0.000803751
0.000822009
0.00083986
0.000857261
0.000874169
0.000890541
0.000906333
0.000921505
0.000936017
0.000949829
0.000962904
0.000975206
0.000986702
0.000997358
0.00100715
0.00101604
0.00102401
0.00103103
0.00103709
0.00104216
0.00104624
0.00104931
0.00105136
0.00105239
0.00105239
0.00105136
0.00104931
0.00104624
0.00104216
0.00103709
0.00103103
0.00102401
0.00101604
0.00100715
0.000997358
0.000986702
0.000975206
0.000962904
0.000949829
0.000936017
0.000921505
0.000906333
0.000890541
0.000874169
0.000857261
0.00083986
0.000822009
0.000803751
0.000785132
0.000766196
0.000746987
0.000727548
0.000707924
0.000688157
0.000668288
0.00064836
0.000628412
0.000608483
0.000588612
0.000568833
0.000549182
0.000529693
0.000510397
0.000491323
0.000472501
0.000453956
0.000435714
0.000417796
0.000400224
0.000383017
0.000366192
0.000349764
0.000333747
0.000318153
0.000302991
0.00028827
0.000273997
0.000260176
0.000246812
0.000233905
0.000221457
0.000209466
0.000197932
0.00018685
0.000176216
0.000166026
0.000156271
0.000146947
0.000138044
0.000129554
0.000121467
0.000113774
0.000106464
9.95264e-05
9.29501e-05
8.67237e-05
8.08354e-05
7.52733e-05
7.00255e-05
6.508e-05
6.04248e-05
5.60477e-05
5.1937e-05
4.80808e-05
4.44675e-05
4.10856e-05
3.79238e-05
3.49712e-05
3.2217e-05
2.96507e-05
2.72622e-05
2.50416e-05
2.29795e-05
2.10666e-05
1.92941e-05
1.76534e-05
1.61365e-05
1.47356e-05
1.34431e-05
1.22521e-05
1.11557e-05
1.01474e-05
9.2213e-06
8.37153e-06
7.59265e-06
6.87951e-06
6.22727e-06
5.63137e-06
5.08752e-06
4.5917e-06
4.14016e-06
3.72938e-06
3.35608e-06
3.0172e-06
2.70989e-06
2.4315e-06
2.17958e-06
1.95186e-06
1.74622e-06
1.56072e-06
1.39357e-06
1.2431e-06
1.1078e-06
9.8626e-07
8.77198e-07
7.79434e-07
6.91891e-07
6.1358e-07
5.43602e-07
4.81134e-07
4.2543e-07
3.75807e-07
3.31649e-07
2.92393e-07
2.57533e-07
2.26607e-07
1.992e-07
1.74937e-07
1.5348e-07
1.34523e-07
1.17792e-07
1.03041e-07
9.005e-08
7.86198e-08
6.85734e-08
5.97524e-08
5.20153e-08
4.52358e-08
3.93015e-08
3.41124e-08
2.95796e-08
2.5624e-08
2.21757e-08
1.91728e-08
1.65603e-08
1.42898e-08
1.23186e-08
1.06089e-08
9.1276e-09
7.84547e-09
6.73685e-09
5.77924e-09
4.95291e-09
4.24059e-09
3.62717e-09
3.09945e-09
2.64593e-09
2.25656e-09
1.92261e-09
1.63649e-09
1.39159e-09
1.18218e-09
1.0033e-09
8.50659e-10
7.20536e-10
6.09722e-10
5.15447e-10
4.35324e-10
3.67296e-10
3.09596e-10
2.60706e-10
2.19322e-10
1.84328e-10
1.54765e-10
1.29817e-10
1.08785e-10
9.10707e-11
7.61668e-11
6.36397e-11
5.31211e-11
4.42977e-11
3.69039e-11
3.07141e-11
2.55376e-11
2.12128e-11
1.76032e-11
0.000164894
0.000175358
0.000186303
0.000197739
0.000209671
0.000222107
0.00023505
0.000248505
0.000262473
0.000276956
0.000291953
0.000307462
0.000323479
0.000339998
0.000357011
0.00037451
0.000392483
0.000410917
0.000429797
0.000449106
0.000468824
0.00048893
0.000509401
0.000530211
0.000551332
0.000572735
0.000594388
0.000616257
0.000638308
0.000660502
0.000682801
0.000705164
0.000727548
0.000749911
0.000772206
0.000794387
0.000816409
0.000838221
0.000859777
0.000881026
0.000901919
0.000922406
0.000942437
0.000961964
0.000980937
0.000999308
0.00101703
0.00103405
0.00105034
0.00106584
0.00108051
0.00109431
0.00110721
0.00111917
0.00113016
0.00114013
0.00114907
0.00115696
0.00116375
0.00116945
0.00117403
0.00117747
0.00117977
0.00118093
0.00118093
0.00117977
0.00117747
0.00117403
0.00116945
0.00116375
0.00115696
0.00114907
0.00114013
0.00113016
0.00111917
0.00110721
0.00109431
0.00108051
0.00106584
0.00105034
0.00103405
0.00101703
0.000999308
0.000980937
0.000961964
0.000942437
0.000922406
0.000901919
0.000881026
0.000859777
0.000838221
0.000816409
0.000794387
0.000772206
0.000749911
0.000727548
0.000705164
0.000682801
0.000660502
0.000638308
0.000616257
0.000594388
0.000572735
0.000551332
0.000530211
0.000509401
0.00048893
0.000468824
0.000449106
0.000429797
0.000410917
0.000392483
0.00037451
0.000357011
0.000339998
0.000323479
0.000307462
0.000291953
0.000276956
0.000262473
0.000248505
0.00023505
0.000222107
0.000209671
0.000197739
0.000186303
0.000175358
0.000164894
0.000154904
0.000145377
0.000136302
0.00012767
0.000119467
0.000111682
0.000104303
9.73158e-05
9.07083e-05
8.44669e-05
7.85782e-05
7.30287e-05
6.78048e-05
6.28932e-05
5.82804e-05
5.39533e-05
4.98986e-05
4.61036e-05
4.25557e-05
3.92424e-05
3.61518e-05
3.32721e-05
3.05919e-05
2.81001e-05
2.57861e-05
2.36396e-05
2.16506e-05
1.98096e-05
1.81074e-05
1.65354e-05
1.5085e-05
1.37485e-05
1.25182e-05
1.13868e-05
1.03476e-05
9.394e-06
8.51999e-06
7.71975e-06
6.98785e-06
6.31916e-06
5.70889e-06
5.15252e-06
4.64583e-06
4.18488e-06
3.76598e-06
3.38571e-06
3.04086e-06
2.72848e-06
2.44579e-06
2.19025e-06
1.9595e-06
1.75134e-06
1.56377e-06
1.39493e-06
1.2431e-06
1.10672e-06
9.84336e-07
8.74632e-07
7.76396e-07
6.88521e-07
6.09995e-07
5.39898e-07
4.7739e-07
4.21707e-07
3.72155e-07
3.28105e-07
2.88987e-07
2.54284e-07
2.2353e-07
1.96304e-07
1.72225e-07
1.50953e-07
1.32179e-07
1.15627e-07
1.01048e-07
8.82221e-08
7.69487e-08
6.70503e-08
5.83682e-08
5.07607e-08
4.41017e-08
3.82788e-08
3.31923e-08
2.87536e-08
2.48842e-08
2.15145e-08
1.85829e-08
1.60351e-08
1.38231e-08
1.19046e-08
1.02424e-08
8.80368e-09
7.55966e-09
6.48509e-09
5.55784e-09
4.75852e-09
4.07017e-09
3.47801e-09
2.96909e-09
2.53217e-09
2.15744e-09
1.83636e-09
1.56155e-09
1.32656e-09
1.12584e-09
9.54555e-10
8.0854e-10
6.84192e-10
5.78402e-10
4.88492e-10
4.12156e-10
3.47409e-10
2.92548e-10
2.4611e-10
2.06841e-10
1.73668e-10
1.45673e-10
1.22071e-10
1.02194e-10
8.54695e-11
7.14125e-11
5.96091e-11
4.97081e-11
4.14112e-11
3.44654e-11
2.86567e-11
2.38037e-11
1.97532e-11
0.000184853
0.000196583
0.000208854
0.000221673
0.00023505
0.000248991
0.000263501
0.000278584
0.000294243
0.00031048
0.000327292
0.000344678
0.000362633
0.000381151
0.000400224
0.000419841
0.000439989
0.000460655
0.00048182
0.000503466
0.000525571
0.000548111
0.000571059
0.000594388
0.000618066
0.000642059
0.000666333
0.00069085
0.00071557
0.00074045
0.000765448
0.000790518
0.000815612
0.000840681
0.000865674
0.000890541
0.000915227
0.00093968
0.000963845
0.000987666
0.00101109
0.00103405
0.00105651
0.0010784
0.00109967
0.00112027
0.00114013
0.00115922
0.00117747
0.00119485
0.0012113
0.00122677
0.00124123
0.00125464
0.00126695
0.00127813
0.00128816
0.001297
0.00130462
0.001311
0.00131613
0.00132
0.00132258
0.00132387
0.00132387
0.00132258
0.00132
0.00131613
0.001311
0.00130462
0.001297
0.00128816
0.00127813
0.00126695
0.00125464
0.00124123
0.00122677
0.0012113
0.00119485
0.00117747
0.00115922
0.00114013
0.00112027
0.00109967
0.0010784
0.00105651
0.00103405
0.00101109
0.000987666
0.000963845
0.00093968
0.000915227
0.000890541
0.000865674
0.000840681
0.000815612
0.000790518
0.000765448
0.00074045
0.00071557
0.00069085
0.000666333
0.000642059
0.000618066
0.000594388
0.000571059
0.000548111
0.000525571
0.000503466
0.00048182
0.000460655
0.000439989
0.000419841
0.000400224
0.000381151
0.000362633
0.000344678
0.000327292
0.00031048
0.000294243
0.000278584
0.000263501
0.000248991
0.00023505
0.000221673
0.000208854
0.000196583
0.000184853
0.000173654
0.000162973
0.000152801
0.000143123
0.000133927
0.0001252
0.000116928
0.000109095
0.000101688
9.46909e-05
8.80894e-05
8.18682e-05
7.6012e-05
7.05059e-05
6.53348e-05
6.04838e-05
5.59384e-05
5.16841e-05
4.77067e-05
4.39924e-05
4.05277e-05
3.72994e-05
3.42948e-05
3.15014e-05
2.89073e-05
2.65009e-05
2.42712e-05
2.22073e-05
2.02991e-05
1.85368e-05
1.6911e-05
1.54126e-05
1.40334e-05
1.27651e-05
1.16e-05
1.05311e-05
9.55126e-06
8.65416e-06
7.83367e-06
7.08404e-06
6.3999e-06
5.77618e-06
5.20816e-06
4.69142e-06
4.22182e-06
3.79552e-06
3.40893e-06
3.05873e-06
2.74183e-06
2.45536e-06
2.19668e-06
1.96333e-06
1.75306e-06
1.56377e-06
1.39357e-06
1.24068e-06
1.10348e-06
9.80498e-07
8.70372e-07
7.7186e-07
6.8383e-07
6.05248e-07
5.35174e-07
4.72751e-07
4.17201e-07
3.67819e-07
3.23966e-07
2.85063e-07
2.50586e-07
2.20064e-07
1.93072e-07
1.69224e-07
1.48178e-07
1.29622e-07
1.13279e-07
9.89006e-08
8.62626e-08
7.51662e-08
6.54332e-08
5.69049e-08
4.94398e-08
4.29121e-08
3.721e-08
3.2234e-08
2.78962e-08
2.41186e-08
2.08322e-08
1.7976e-08
1.54963e-08
1.33456e-08
1.14822e-08
9.86929e-09
8.47469e-09
7.27006e-09
6.23056e-09
5.33449e-09
4.56283e-09
3.89899e-09
3.32847e-09
2.83867e-09
2.41857e-09
2.05864e-09
1.75056e-09
1.48713e-09
1.26211e-09
1.0701e-09
9.06407e-10
7.67007e-10
6.48412e-10
5.4762e-10
4.62044e-10
3.8946e-10
3.27958e-10
2.75899e-10
2.31877e-10
1.94689e-10
1.63305e-10
1.36847e-10
1.14563e-10
9.58148e-11
8.00563e-11
6.68242e-11
5.57248e-11
4.64236e-11
3.86372e-11
3.21253e-11
2.66849e-11
2.21442e-11
0.000207026
0.000220163
0.000233905
0.000248262
0.000263243
0.000278856
0.000295107
0.000311999
0.000329537
0.000347721
0.00036655
0.000386021
0.00040613
0.000426869
0.00044823
0.000470199
0.000492765
0.000515909
0.000539613
0.000563855
0.000588612
0.000613855
0.000639556
0.000665683
0.000692201
0.000719072
0.000746258
0.000773715
0.0008014
0.000829265
0.000857261
0.000885338
0.000913442
0.000941518
0.000969509
0.000997358
0.00102501
0.00105239
0.00107946
0.00110613
0.00113236
0.00115809
0.00118324
0.00120775
0.00123157
0.00125464
0.00127689
0.00129826
0.00131871
0.00133817
0.00135659
0.00137392
0.00139011
0.00140513
0.00141892
0.00143144
0.00144267
0.00145257
0.0014611
0.00146825
0.001474
0.00147832
0.00148122
0.00148266
0.00148266
0.00148122
0.00147832
0.001474
0.00146825
0.0014611
0.00145257
0.00144267
0.00143144
0.00141892
0.00140513
0.00139011
0.00137392
0.00135659
0.00133817
0.00131871
0.00129826
0.00127689
0.00125464
0.00123157
0.00120775
0.00118324
0.00115809
0.00113236
0.00110613
0.00107946
0.00105239
0.00102501
0.000997358
0.000969509
0.000941518
0.000913442
0.000885338
0.000857261
0.000829265
0.0008014
0.000773715
0.000746258
0.000719072
0.000692201
0.000665683
0.000639556
0.000613855
0.000588612
0.000563855
0.000539613
0.000515909
0.000492765
0.000470199
0.00044823
0.000426869
0.00040613
0.000386021
0.00036655
0.000347721
0.000329537
0.000311999
0.000295107
0.000278856
0.000263243
0.000248262
0.000233905
0.000220163
0.000207026
0.000194483
0.000182522
0.000171129
0.00016029
0.000149992
0.000140218
0.000130953
0.000122181
0.000113885
0.000106049
9.86555e-05
9.1688e-05
8.51294e-05
7.89628e-05
7.31715e-05
6.77387e-05
6.2648e-05
5.78834e-05
5.34289e-05
4.92691e-05
4.53888e-05
4.17734e-05
3.84083e-05
3.52799e-05
3.23747e-05
2.96797e-05
2.71824e-05
2.4871e-05
2.2734e-05
2.07602e-05
1.89394e-05
1.72613e-05
1.57166e-05
1.42962e-05
1.29914e-05
1.17942e-05
1.06969e-05
9.6922e-06
8.77329e-06
7.93375e-06
7.16755e-06
6.46902e-06
5.83287e-06
5.25414e-06
4.72821e-06
4.25078e-06
3.81782e-06
3.42562e-06
3.0707e-06
2.74988e-06
2.46016e-06
2.19882e-06
1.96333e-06
1.75134e-06
1.56072e-06
1.38949e-06
1.23584e-06
1.09811e-06
9.7477e-07
8.64442e-07
7.65853e-07
6.77846e-07
5.99366e-07
5.29456e-07
4.67243e-07
4.11938e-07
3.62825e-07
3.19255e-07
2.80643e-07
2.4646e-07
2.1623e-07
1.89522e-07
1.65951e-07
1.4517e-07
1.26867e-07
1.10763e-07
9.66096e-08
8.41821e-08
7.32817e-08
6.37304e-08
5.537e-08
4.80593e-08
4.16732e-08
3.61004e-08
3.12423e-08
2.70115e-08
2.33309e-08
2.01322e-08
1.7355e-08
1.49463e-08
1.28594e-08
1.10531e-08
9.4912e-09
8.14208e-09
6.9779e-09
5.97435e-09
5.11013e-09
4.36666e-09
3.72771e-09
3.17916e-09
2.70867e-09
2.30557e-09
1.96053e-09
1.66551e-09
1.4135e-09
1.19845e-09
1.01513e-09
8.59007e-10
7.26187e-10
6.13305e-10
5.17465e-10
4.36175e-10
3.67296e-10
3.08992e-10
2.5969e-10
2.18041e-10
1.82893e-10
1.53261e-10
1.28305e-10
1.07308e-10
8.96588e-11
7.48396e-11
6.24088e-11
5.1992e-11
4.32716e-11
3.59786e-11
2.98857e-11
2.48003e-11
0.000231632
0.00024633
0.000261705
0.000277769
0.000294531
0.000311999
0.000330181
0.000349082
0.000368704
0.000389048
0.000410115
0.000431901
0.0004544
0.000477604
0.000501503
0.000526084
0.000551332
0.000577227
0.000603748
0.000630872
0.00065857
0.000686814
0.00071557
0.000744802
0.000774471
0.000804537
0.000834953
0.000865674
0.000896649
0.000927826
0.00095915
0.000990564
0.00102201
0.00105342
0.00108474
0.0011159
0.00114683
0.00117747
0.00120775
0.0012376
0.00126695
0.00129573
0.00132387
0.0013513
0.00137795
0.00140376
0.00142865
0.00145257
0.00147544
0.00149721
0.00151782
0.00153721
0.00155533
0.00157213
0.00158756
0.00160158
0.00161414
0.00162521
0.00163476
0.00164276
0.00164919
0.00165403
0.00165726
0.00165888
0.00165888
0.00165726
0.00165403
0.00164919
0.00164276
0.00163476
0.00162521
0.00161414
0.00160158
0.00158756
0.00157213
0.00155533
0.00153721
0.00151782
0.00149721
0.00147544
0.00145257
0.00142865
0.00140376
0.00137795
0.0013513
0.00132387
0.00129573
0.00126695
0.0012376
0.00120775
0.00117747
0.00114683
0.0011159
0.00108474
0.00105342
0.00102201
0.000990564
0.00095915
0.000927826
0.000896649
0.000865674
0.000834953
0.000804537
0.000774471
0.000744802
0.00071557
0.000686814
0.00065857
0.000630872
0.000603748
0.000577227
0.000551332
0.000526084
0.000501503
0.000477604
0.0004544
0.000431901
0.000410115
0.000389048
0.000368704
0.000349082
0.000330181
0.000311999
0.000294531
0.000277769
0.000261705
0.00024633
0.000231632
0.000217598
0.000204215
0.000191468
0.000179341
0.000167819
0.000156883
0.000146517
0.000136702
0.000127421
0.000118653
0.000110381
0.000102585
9.52474e-05
8.83479e-05
8.18682e-05
7.57896e-05
7.0094e-05
6.4763e-05
5.97792e-05
5.51249e-05
5.07835e-05
4.67383e-05
4.29733e-05
3.9473e-05
3.62225e-05
3.32072e-05
3.04132e-05
2.78271e-05
2.5436e-05
2.32277e-05
2.11904e-05
1.93129e-05
1.75846e-05
1.59953e-05
1.45355e-05
1.3196e-05
1.19683e-05
1.08442e-05
9.81603e-06
8.87671e-06
8.01944e-06
7.23788e-06
6.52612e-06
5.87861e-06
5.29018e-06
4.756e-06
4.27159e-06
3.83277e-06
3.43567e-06
3.07671e-06
2.75256e-06
2.46016e-06
2.19668e-06
1.9595e-06
1.74622e-06
1.55464e-06
1.38272e-06
1.22862e-06
1.09062e-06
9.67184e-07
8.56878e-07
7.58411e-07
6.70603e-07
5.92384e-07
5.22777e-07
4.60899e-07
4.05948e-07
3.572e-07
3.13999e-07
2.75753e-07
2.4193e-07
2.12048e-07
1.85675e-07
1.62424e-07
1.41946e-07
1.23928e-07
1.08092e-07
9.41875e-08
8.19915e-08
7.1305e-08
6.19509e-08
5.37713e-08
4.66262e-08
4.0391e-08
3.49555e-08
3.0222e-08
2.61039e-08
2.25249e-08
1.94177e-08
1.67228e-08
1.43878e-08
1.23668e-08
1.06193e-08
9.10979e-09
7.80725e-09
6.68442e-09
5.71749e-09
4.88565e-09
4.17077e-09
3.55701e-09
3.03061e-09
2.57959e-09
2.19355e-09
1.86346e-09
1.5815e-09
1.34089e-09
1.13578e-09
9.61103e-10
8.12498e-10
6.86199e-10
5.78967e-10
4.88016e-10
4.1095e-10
3.45717e-10
2.90555e-10
2.43956e-10
2.04631e-10
1.71477e-10
1.43554e-10
1.20061e-10
1.00315e-10
8.37346e-11
6.98263e-11
5.81714e-11
4.84146e-11
4.02548e-11
3.34377e-11
2.77479e-11
0.000258909
0.000275338
0.000292524
0.00031048
0.000329215
0.000348741
0.000369064
0.00039019
0.000412123
0.000434863
0.000458411
0.000482762
0.000507911
0.000533847
0.000560561
0.000588037
0.000616257
0.000645202
0.000674846
0.000705164
0.000736124
0.000767694
0.000799836
0.000832511
0.000865674
0.00089928
0.000933279
0.000967617
0.00100224
0.00103709
0.0010721
0.00110721
0.00114236
0.00117747
0.00121248
0.00124731
0.00128188
0.00131613
0.00134998
0.00138334
0.00141615
0.00144832
0.00147977
0.00151043
0.00154022
0.00156906
0.00159689
0.00162362
0.00164919
0.00167353
0.00169656
0.00171824
0.00173849
0.00175727
0.00177451
0.00179018
0.00180422
0.0018166
0.00182727
0.00183622
0.0018434
0.00184881
0.00185242
0.00185423
0.00185423
0.00185242
0.00184881
0.0018434
0.00183622
0.00182727
0.0018166
0.00180422
0.00179018
0.00177451
0.00175727
0.00173849
0.00171824
0.00169656
0.00167353
0.00164919
0.00162362
0.00159689
0.00156906
0.00154022
0.00151043
0.00147977
0.00144832
0.00141615
0.00138334
0.00134998
0.00131613
0.00128188
0.00124731
0.00121248
0.00117747
0.00114236
0.00110721
0.0010721
0.00103709
0.00100224
0.000967617
0.000933279
0.00089928
0.000865674
0.000832511
0.000799836
0.000767694
0.000736124
0.000705164
0.000674846
0.000645202
0.000616257
0.000588037
0.000560561
0.000533847
0.000507911
0.000482762
0.000458411
0.000434863
0.000412123
0.00039019
0.000369064
0.000348741
0.000329215
0.00031048
0.000292524
0.000275338
0.000258909
0.000243223
0.000228264
0.000214015
0.000200461
0.000187581
0.000175358
0.000163771
0.000152801
0.000142426
0.000132626
0.00012338
0.000114666
0.000106464
9.87519e-05
9.15091e-05
8.47148e-05
7.83483e-05
7.23896e-05
6.68188e-05
6.16165e-05
5.67638e-05
5.22422e-05
4.80339e-05
4.41215e-05
4.04881e-05
3.71177e-05
3.39947e-05
3.1104e-05
2.84314e-05
2.5963e-05
2.36858e-05
2.15872e-05
1.96554e-05
1.7879e-05
1.62472e-05
1.475e-05
1.33777e-05
1.21212e-05
1.0972e-05
9.92204e-06
8.96382e-06
8.09023e-06
7.29465e-06
6.57089e-06
5.91316e-06
5.31607e-06
4.77461e-06
4.28412e-06
3.84026e-06
3.43903e-06
3.07671e-06
2.74988e-06
2.45536e-06
2.19025e-06
1.95186e-06
1.73772e-06
1.54556e-06
1.3733e-06
1.21906e-06
1.08108e-06
9.57785e-07
8.47722e-07
7.49575e-07
6.62144e-07
5.8434e-07
5.15175e-07
4.53753e-07
3.99264e-07
3.50976e-07
3.08226e-07
2.7042e-07
2.37019e-07
2.0754e-07
1.81551e-07
1.58661e-07
1.38522e-07
1.20821e-07
1.05279e-07
9.16469e-08
7.9702e-08
6.92463e-08
6.01035e-08
5.2117e-08
4.51475e-08
3.90719e-08
3.37809e-08
2.91779e-08
2.51775e-08
2.17044e-08
1.86921e-08
1.60821e-08
1.38231e-08
1.18698e-08
1.01826e-08
8.72665e-09
7.47159e-09
6.39079e-09
5.461e-09
4.66192e-09
3.97589e-09
3.3875e-09
2.88337e-09
2.45187e-09
2.08291e-09
1.76774e-09
1.4988e-09
1.26953e-09
1.07428e-09
9.08179e-10
7.67007e-10
6.47147e-10
5.45485e-10
4.59344e-10
3.86429e-10
3.24771e-10
2.72685e-10
2.28728e-10
1.9167e-10
1.6046e-10
1.342e-10
1.12128e-10
9.35953e-11
7.80492e-11
6.50218e-11
5.41159e-11
4.49953e-11
3.73753e-11
3.10155e-11
0.000289116
0.000307462
0.000326653
0.000346703
0.000367625
0.000389429
0.000412123
0.000435714
0.000460205
0.000485599
0.000511894
0.000539086
0.000567169
0.000596132
0.000625962
0.000656644
0.000688157
0.000720478
0.000753581
0.000787436
0.000822009
0.000857261
0.000893154
0.00092964
0.000966673
0.0010042
0.00104216
0.00108051
0.00111917
0.00115809
0.00119718
0.00123639
0.00127564
0.00131485
0.00135394
0.00139283
0.00143144
0.00146969
0.00150748
0.00154474
0.00158137
0.00161729
0.00165241
0.00168665
0.00171992
0.00175213
0.0017832
0.00181305
0.0018416
0.00186878
0.0018945
0.00191871
0.00194132
0.00196229
0.00198155
0.00199904
0.00201472
0.00202854
0.00204046
0.00205045
0.00205847
0.00206451
0.00206855
0.00207057
0.00207057
0.00206855
0.00206451
0.00205847
0.00205045
0.00204046
0.00202854
0.00201472
0.00199904
0.00198155
0.00196229
0.00194132
0.00191871
0.0018945
0.00186878
0.0018416
0.00181305
0.0017832
0.00175213
0.00171992
0.00168665
0.00165241
0.00161729
0.00158137
0.00154474
0.00150748
0.00146969
0.00143144
0.00139283
0.00135394
0.00131485
0.00127564
0.00123639
0.00119718
0.00115809
0.00111917
0.00108051
0.00104216
0.0010042
0.000966673
0.00092964
0.000893154
0.000857261
0.000822009
0.000787436
0.000753581
0.000720478
0.000688157
0.000656644
0.000625962
0.000596132
0.000567169
0.000539086
0.000511894
0.000485599
0.000460205
0.000435714
0.000412123
0.000389429
0.000367625
0.000346703
0.000326653
0.000307462
0.000289116
0.0002716
0.000254895
0.000238985
0.000223849
0.000209466
0.000195817
0.000182878
0.000170628
0.000159043
0.000148099
0.000137774
0.000128044
0.000118885
0.000110273
0.000102186
9.45985e-05
8.74893e-05
8.08354e-05
7.46146e-05
6.88054e-05
6.33865e-05
5.83374e-05
5.3638e-05
4.92691e-05
4.52119e-05
4.14483e-05
3.79609e-05
3.47329e-05
3.17485e-05
2.89921e-05
2.64492e-05
2.41058e-05
2.19486e-05
1.99649e-05
1.81428e-05
1.64709e-05
1.49384e-05
1.35354e-05
1.22521e-05
1.10797e-05
1.00096e-05
9.03412e-06
8.14572e-06
7.33752e-06
6.60305e-06
5.9363e-06
5.33167e-06
4.78395e-06
4.2883e-06
3.84026e-06
3.43567e-06
3.0707e-06
2.74183e-06
2.44579e-06
2.17958e-06
1.94046e-06
1.72588e-06
1.53353e-06
1.36129e-06
1.20721e-06
1.06953e-06
9.46626e-07
8.37028e-07
7.39396e-07
6.52515e-07
5.7528e-07
5.06693e-07
4.45847e-07
3.91924e-07
3.44187e-07
3.0197e-07
2.64672e-07
2.31754e-07
2.02733e-07
1.77172e-07
1.54683e-07
1.34917e-07
1.17562e-07
1.02339e-07
8.90009e-08
7.73253e-08
6.71158e-08
5.81975e-08
5.04149e-08
4.36305e-08
3.77222e-08
3.25821e-08
2.8115e-08
2.42366e-08
2.08729e-08
1.79585e-08
1.54359e-08
1.32547e-08
1.13706e-08
9.74479e-09
8.3433e-09
7.13641e-09
6.09813e-09
5.20583e-09
4.43976e-09
3.78272e-09
3.21977e-09
2.73793e-09
2.32592e-09
1.97398e-09
1.67366e-09
1.41765e-09
1.19962e-09
1.01414e-09
8.56494e-10
7.2265e-10
6.09127e-10
5.12936e-10
4.31514e-10
3.62662e-10
3.04499e-10
2.55414e-10
2.14033e-10
1.79181e-10
1.49857e-10
1.2521e-10
1.04515e-10
8.71553e-11
7.26079e-11
6.04297e-11
5.02449e-11
4.1736e-11
3.46341e-11
0.000322533
0.000342999
0.000364408
0.000386776
0.000410115
0.000434439
0.000459756
0.000486074
0.000513396
0.000541725
0.000571059
0.000601394
0.000632723
0.000665033
0.000698311
0.000732539
0.000767694
0.000803751
0.000840681
0.000878448
0.000917017
0.000956344
0.000996385
0.00103709
0.0010784
0.00112027
0.00116262
0.0012054
0.00124853
0.00129194
0.00133556
0.0013793
0.00142308
0.00146682
0.00151043
0.00155382
0.00159689
0.00163956
0.00168172
0.00172328
0.00176415
0.00180422
0.0018434
0.0018816
0.00191871
0.00195464
0.0019893
0.0020226
0.00205446
0.00208477
0.00211347
0.00214047
0.0021657
0.00218909
0.00221058
0.00223009
0.00224758
0.002263
0.0022763
0.00228744
0.00229639
0.00230313
0.00230763
0.00230989
0.00230989
0.00230763
0.00230313
0.00229639
0.00228744
0.0022763
0.002263
0.00224758
0.00223009
0.00221058
0.00218909
0.0021657
0.00214047
0.00211347
0.00208477
0.00205446
0.0020226
0.0019893
0.00195464
0.00191871
0.0018816
0.0018434
0.00180422
0.00176415
0.00172328
0.00168172
0.00163956
0.00159689
0.00155382
0.00151043
0.00146682
0.00142308
0.0013793
0.00133556
0.00129194
0.00124853
0.0012054
0.00116262
0.00112027
0.0010784
0.00103709
0.000996385
0.000956344
0.000917017
0.000878448
0.000840681
0.000803751
0.000767694
0.000732539
0.000698311
0.000665033
0.000632723
0.000601394
0.000571059
0.000541725
0.000513396
0.000486074
0.000459756
0.000434439
0.000410115
0.000386776
0.000364408
0.000342999
0.000322533
0.000302991
0.000284356
0.000266607
0.000249721
0.000233677
0.00021845
0.000204016
0.000190349
0.000177425
0.000165217
0.000153699
0.000142844
0.000132626
0.000123019
0.000113996
0.000105532
9.76014e-05
9.01784e-05
8.32386e-05
7.6758e-05
7.07127e-05
6.508e-05
5.98376e-05
5.49637e-05
5.04375e-05
4.62389e-05
4.23484e-05
3.87474e-05
3.5418e-05
3.23431e-05
2.95063e-05
2.6892e-05
2.44854e-05
2.22725e-05
2.02398e-05
1.83746e-05
1.6665e-05
1.50998e-05
1.36682e-05
1.23602e-05
1.11665e-05
1.00783e-05
9.08721e-06
8.18559e-06
7.36624e-06
6.62243e-06
5.94791e-06
5.33688e-06
4.78395e-06
4.28412e-06
3.83277e-06
3.42562e-06
3.05873e-06
2.72848e-06
2.4315e-06
2.16473e-06
1.92535e-06
1.71077e-06
1.51863e-06
1.34674e-06
1.19315e-06
1.05604e-06
9.33772e-07
8.24856e-07
7.27933e-07
6.41772e-07
5.65256e-07
4.97378e-07
4.37223e-07
3.83969e-07
3.36871e-07
2.95263e-07
2.58541e-07
2.26165e-07
1.9765e-07
1.72562e-07
1.50511e-07
1.3115e-07
1.14168e-07
9.92877e-08
8.62626e-08
7.48731e-08
6.4924e-08
5.62419e-08
4.86733e-08
4.20821e-08
3.6348e-08
3.13645e-08
2.70379e-08
2.32854e-08
2.00341e-08
1.72199e-08
1.47867e-08
1.26848e-08
1.08711e-08
9.30763e-09
7.96124e-09
6.80296e-09
5.80753e-09
4.95291e-09
4.21993e-09
3.59192e-09
3.05438e-09
2.59475e-09
2.20214e-09
1.8671e-09
1.5815e-09
1.33827e-09
1.13135e-09
9.55488e-10
8.06175e-10
6.7953e-10
5.72222e-10
4.81389e-10
4.04579e-10
3.39693e-10
2.84935e-10
2.38771e-10
1.9989e-10
1.67178e-10
1.39682e-10
1.16595e-10
9.72287e-11
8.1e-11
6.74142e-11
5.60523e-11
4.65598e-11
3.86372e-11
0.00035946
0.000382269
0.00040613
0.000431058
0.00045707
0.000484179
0.000512394
0.000541725
0.000572176
0.000603748
0.000636441
0.000670249
0.000705164
0.000741174
0.000778262
0.000816409
0.000855589
0.000895774
0.000936931
0.000979023
0.00102201
0.00106584
0.00111046
0.00115583
0.00120187
0.00124853
0.00129573
0.0013434
0.00139147
0.00143985
0.00148847
0.00153721
0.00158601
0.00163476
0.00168336
0.00173172
0.00177972
0.00182727
0.00187426
0.00192058
0.00196613
0.00201079
0.00205446
0.00209702
0.00213838
0.00217843
0.00221706
0.00225418
0.00228967
0.00232346
0.00235545
0.00238554
0.00241366
0.00243973
0.00246367
0.00248542
0.00250491
0.00252209
0.00253691
0.00254933
0.00255931
0.00256682
0.00257184
0.00257435
0.00257435
0.00257184
0.00256682
0.00255931
0.00254933
0.00253691
0.00252209
0.00250491
0.00248542
0.00246367
0.00243973
0.00241366
0.00238554
0.00235545
0.00232346
0.00228967
0.00225418
0.00221706
0.00217843
0.00213838
0.00209702
0.00205446
0.00201079
0.00196613
0.00192058
0.00187426
0.00182727
0.00177972
0.00173172
0.00168336
0.00163476
0.00158601
0.00153721
0.00148847
0.00143985
0.00139147
0.0013434
0.00129573
0.00124853
0.00120187
0.00115583
0.00111046
0.00106584
0.00102201
0.000979023
0.000936931
0.000895774
0.000855589
0.000816409
0.000778262
0.000741174
0.000705164
0.000670249
0.000636441
0.000603748
0.000572176
0.000541725
0.000512394
0.000484179
0.00045707
0.000431058
0.00040613
0.000382269
0.00035946
0.000337681
0.000316913
0.000297131
0.000278312
0.000260431
0.00024346
0.000227374
0.000212143
0.000197739
0.000184133
0.000171296
0.000159198
0.00014781
0.000137103
0.000127048
0.000117615
0.000108776
0.000100503
9.27688e-05
8.55461e-05
7.88088e-05
7.25312e-05
6.66885e-05
6.12566e-05
5.62122e-05
5.15329e-05
4.71969e-05
4.31836e-05
3.9473e-05
3.60461e-05
3.28845e-05
2.99709e-05
2.72888e-05
2.48225e-05
2.25571e-05
2.04783e-05
1.85731e-05
1.68286e-05
1.52331e-05
1.37754e-05
1.2445e-05
1.12322e-05
1.01276e-05
9.12278e-06
8.20961e-06
7.38064e-06
6.6289e-06
5.94791e-06
5.33167e-06
4.77461e-06
4.27159e-06
3.81782e-06
3.40893e-06
3.04086e-06
2.70989e-06
2.41258e-06
2.14579e-06
1.90664e-06
1.6925e-06
1.50093e-06
1.32975e-06
1.17695e-06
1.04068e-06
9.19296e-07
8.11275e-07
7.15249e-07
6.29974e-07
5.54323e-07
4.87282e-07
4.2793e-07
3.7544e-07
3.29068e-07
2.88141e-07
2.52059e-07
2.20279e-07
1.92319e-07
1.67743e-07
1.46166e-07
1.27239e-07
1.10655e-07
9.6139e-08
8.34455e-08
7.23572e-08
6.26811e-08
5.4246e-08
4.69002e-08
4.05095e-08
3.49555e-08
3.01335e-08
2.59514e-08
2.23278e-08
1.91915e-08
1.64796e-08
1.41371e-08
1.21157e-08
1.03733e-08
8.87273e-09
7.58184e-09
6.47244e-09
5.51997e-09
4.70308e-09
4.00316e-09
3.40408e-09
2.89183e-09
2.45426e-09
2.08087e-09
1.76257e-09
1.4915e-09
1.26088e-09
1.06488e-09
8.98475e-10
7.57331e-10
6.37737e-10
5.36504e-10
4.509e-10
3.78585e-10
3.17558e-10
2.66108e-10
2.22776e-10
1.86318e-10
1.55675e-10
1.29944e-10
1.08361e-10
9.02738e-11
7.51325e-11
6.24698e-11
5.18905e-11
4.30608e-11
0.000400224
0.00042562
0.000452186
0.000479942
0.000508904
0.000539086
0.000570502
0.000603159
0.000637063
0.000672215
0.000708616
0.000746258
0.000785132
0.000825226
0.00086652
0.000908992
0.000952616
0.000997358
0.00104318
0.00109005
0.00113791
0.00118671
0.00123639
0.0012869
0.00133817
0.00139011
0.00144267
0.00149575
0.00154927
0.00160314
0.00165726
0.00171154
0.00176587
0.00182015
0.00187426
0.0019281
0.00198155
0.00203449
0.00208681
0.00213838
0.00218909
0.00223882
0.00228744
0.00233483
0.00238088
0.00242547
0.00246849
0.00250981
0.00254933
0.00258695
0.00262256
0.00265607
0.00268738
0.0027164
0.00274306
0.00276727
0.00278898
0.00280811
0.00282461
0.00283844
0.00284955
0.00285791
0.00286349
0.00286629
0.00286629
0.00286349
0.00285791
0.00284955
0.00283844
0.00282461
0.00280811
0.00278898
0.00276727
0.00274306
0.0027164
0.00268738
0.00265607
0.00262256
0.00258695
0.00254933
0.00250981
0.00246849
0.00242547
0.00238088
0.00233483
0.00228744
0.00223882
0.00218909
0.00213838
0.00208681
0.00203449
0.00198155
0.0019281
0.00187426
0.00182015
0.00176587
0.00171154
0.00165726
0.00160314
0.00154927
0.00149575
0.00144267
0.00139011
0.00133817
0.0012869
0.00123639
0.00118671
0.00113791
0.00109005
0.00104318
0.000997358
0.000952616
0.000908992
0.00086652
0.000825226
0.000785132
0.000746258
0.000708616
0.000672215
0.000637063
0.000603159
0.000570502
0.000539086
0.000508904
0.000479942
0.000452186
0.00042562
0.000400224
0.000375976
0.000352852
0.000330827
0.000309874
0.000289965
0.00027107
0.000253159
0.0002362
0.000220163
0.000205014
0.000190721
0.000177252
0.000164573
0.000152651
0.000141455
0.000130953
0.000121112
0.000111901
0.000103289
9.52474e-05
8.7746e-05
8.07565e-05
7.42512e-05
6.82033e-05
6.25869e-05
5.73769e-05
5.25492e-05
4.80808e-05
4.39494e-05
4.01338e-05
3.66137e-05
3.33697e-05
3.03835e-05
2.76375e-05
2.51151e-05
2.28007e-05
2.06793e-05
1.8737e-05
1.69606e-05
1.53376e-05
1.38563e-05
1.25059e-05
1.12761e-05
1.01573e-05
9.14061e-06
8.21763e-06
7.38064e-06
6.62243e-06
5.9363e-06
5.31607e-06
4.756e-06
4.25078e-06
3.79552e-06
3.38571e-06
3.0172e-06
2.68617e-06
2.38913e-06
2.12286e-06
1.88443e-06
1.67114e-06
1.48055e-06
1.31042e-06
1.1587e-06
1.02355e-06
9.03277e-07
7.96361e-07
7.01415e-07
6.17186e-07
5.42541e-07
4.76459e-07
4.18017e-07
3.66385e-07
3.20818e-07
2.80643e-07
2.4526e-07
2.14129e-07
1.86766e-07
1.62741e-07
1.41669e-07
1.23204e-07
1.07042e-07
9.29085e-08
8.05628e-08
6.97894e-08
6.03977e-08
5.22189e-08
4.51035e-08
3.89196e-08
3.35508e-08
2.88944e-08
2.48599e-08
2.13679e-08
1.83485e-08
1.57403e-08
1.34897e-08
1.15496e-08
9.87893e-09
8.44165e-09
7.20644e-09
6.14596e-09
5.23642e-09
4.45713e-09
3.79012e-09
3.21977e-09
2.73259e-09
2.31685e-09
1.96245e-09
1.66064e-09
1.40387e-09
1.18565e-09
1.00037e-09
8.43215e-10
7.10058e-10
5.97346e-10
5.02034e-10
4.21518e-10
3.5357e-10
2.96286e-10
2.4804e-10
2.07448e-10
1.73329e-10
1.4468e-10
1.20649e-10
1.00511e-10
8.36528e-11
6.95541e-11
5.77751e-11
4.79441e-11
0.000445176
0.000473425
0.000502975
0.000533847
0.000566062
0.000599635
0.000634579
0.000670904
0.000708616
0.000747717
0.000788205
0.000830075
0.000873316
0.000917913
0.000963845
0.00101109
0.00105961
0.00110938
0.00116035
0.00121248
0.00126571
0.00132
0.00137526
0.00143144
0.00148847
0.00154625
0.00160471
0.00166375
0.00172328
0.0017832
0.0018434
0.00190378
0.00196421
0.00202458
0.00208477
0.00214466
0.00220411
0.002263
0.00232119
0.00237856
0.00243497
0.00249028
0.00254436
0.00259708
0.0026483
0.0026979
0.00274574
0.0027917
0.00283567
0.00287751
0.00291712
0.00295439
0.00298922
0.0030215
0.00305115
0.00307809
0.00310223
0.00312351
0.00314186
0.00315724
0.0031696
0.0031789
0.00318511
0.00318822
0.00318822
0.00318511
0.0031789
0.0031696
0.00315724
0.00314186
0.00312351
0.00310223
0.00307809
0.00305115
0.0030215
0.00298922
0.00295439
0.00291712
0.00287751
0.00283567
0.0027917
0.00274574
0.0026979
0.0026483
0.00259708
0.00254436
0.00249028
0.00243497
0.00237856
0.00232119
0.002263
0.00220411
0.00214466
0.00208477
0.00202458
0.00196421
0.00190378
0.0018434
0.0017832
0.00172328
0.00166375
0.00160471
0.00154625
0.00148847
0.00143144
0.00137526
0.00132
0.00126571
0.00121248
0.00116035
0.00110938
0.00105961
0.00101109
0.000963845
0.000917913
0.000873316
0.000830075
0.000788205
0.000747717
0.000708616
0.000670904
0.000634579
0.000599635
0.000566062
0.000533847
0.000502975
0.000473425
0.000445176
0.000418204
0.000392483
0.000367984
0.000344678
0.000322533
0.000301515
0.000281593
0.00026273
0.000244891
0.000228041
0.000212143
0.00019716
0.000183057
0.000169797
0.000157343
0.000145661
0.000134714
0.000124469
0.00011489
0.000105945
9.76014e-05
8.98268e-05
8.25909e-05
7.58637e-05
6.96164e-05
6.38213e-05
5.84514e-05
5.34811e-05
4.88857e-05
4.46415e-05
4.07261e-05
3.71177e-05
3.37961e-05
3.07416e-05
2.7936e-05
2.53616e-05
2.30019e-05
2.08415e-05
1.88655e-05
1.70602e-05
1.54126e-05
1.39106e-05
1.25426e-05
1.12982e-05
1.01673e-05
9.14061e-06
8.20961e-06
7.36624e-06
6.60305e-06
5.91316e-06
5.29018e-06
4.72821e-06
4.22182e-06
3.76598e-06
3.35608e-06
2.98788e-06
2.65747e-06
2.3613e-06
2.09608e-06
1.85884e-06
1.64684e-06
1.4576e-06
1.28884e-06
1.13851e-06
1.00473e-06
8.85806e-07
7.80196e-07
6.86506e-07
6.03478e-07
5.29973e-07
4.64967e-07
4.07537e-07
3.56851e-07
3.12164e-07
2.72807e-07
2.38179e-07
2.07743e-07
1.8102e-07
1.5758e-07
1.37042e-07
1.19064e-07
1.03344e-07
8.96114e-08
7.7628e-08
6.71814e-08
5.80839e-08
5.01694e-08
4.32909e-08
3.73191e-08
3.21397e-08
2.76521e-08
2.37679e-08
2.04093e-08
1.75082e-08
1.50048e-08
1.28469e-08
1.09885e-08
9.38979e-09
8.01584e-09
6.83626e-09
5.82456e-09
4.95775e-09
4.21581e-09
3.58141e-09
3.0395e-09
2.57707e-09
2.18287e-09
1.84716e-09
1.56155e-09
1.31881e-09
1.11272e-09
9.37923e-10
7.8981e-10
6.64438e-10
5.58421e-10
4.68862e-10
3.93282e-10
3.29564e-10
2.75899e-10
2.30747e-10
1.92797e-10
1.6093e-10
1.342e-10
1.118e-10
9.30485e-11
7.73662e-11
6.42643e-11
5.3329e-11
0.000494693
0.000526084
0.000558921
0.000593228
0.000629026
0.000666333
0.000705164
0.000745529
0.000787436
0.000830886
0.000875878
0.000922406
0.000970456
0.00102001
0.00107105
0.00112355
0.00117747
0.00123278
0.00128942
0.00134735
0.0014065
0.00146682
0.00152823
0.00159066
0.00165403
0.00171824
0.0017832
0.00184881
0.00191496
0.00198155
0.00204845
0.00211554
0.00218269
0.00224978
0.00231666
0.00238321
0.00244928
0.00251472
0.00257938
0.00264313
0.00270581
0.00276727
0.00282737
0.00288595
0.00294287
0.00299799
0.00305115
0.00310223
0.00315108
0.00319758
0.0032416
0.00328301
0.00332171
0.00335759
0.00339053
0.00342047
0.00344729
0.00347094
0.00349134
0.00350843
0.00352216
0.00353249
0.0035394
0.00354286
0.00354286
0.0035394
0.00353249
0.00352216
0.00350843
0.00349134
0.00347094
0.00344729
0.00342047
0.00339053
0.00335759
0.00332171
0.00328301
0.0032416
0.00319758
0.00315108
0.00310223
0.00305115
0.00299799
0.00294287
0.00288595
0.00282737
0.00276727
0.00270581
0.00264313
0.00257938
0.00251472
0.00244928
0.00238321
0.00231666
0.00224978
0.00218269
0.00211554
0.00204845
0.00198155
0.00191496
0.00184881
0.0017832
0.00171824
0.00165403
0.00159066
0.00152823
0.00146682
0.0014065
0.00134735
0.00128942
0.00123278
0.00117747
0.00112355
0.00107105
0.00102001
0.000970456
0.000922406
0.000875878
0.000830886
0.000787436
0.000745529
0.000705164
0.000666333
0.000629026
0.000593228
0.000558921
0.000526084
0.000494693
0.000464721
0.000436139
0.000408916
0.000383017
0.000358408
0.000335053
0.000312915
0.000291953
0.000272131
0.000253406
0.000235739
0.000219091
0.000203419
0.000188684
0.000174845
0.000161863
0.000149699
0.000138314
0.00012767
0.00011773
0.000108458
9.98184e-05
9.17776e-05
8.43021e-05
7.736e-05
7.09202e-05
6.49531e-05
5.94299e-05
5.43233e-05
4.96071e-05
4.52561e-05
4.12464e-05
3.75553e-05
3.41611e-05
3.10433e-05
2.81826e-05
2.55605e-05
2.31597e-05
2.0964e-05
1.89579e-05
1.7127e-05
1.54579e-05
1.39378e-05
1.25549e-05
1.12982e-05
1.01573e-05
9.12278e-06
8.18559e-06
7.33752e-06
6.57089e-06
5.87861e-06
5.25414e-06
4.69142e-06
4.18488e-06
3.72938e-06
3.32022e-06
2.95307e-06
2.62395e-06
2.32923e-06
2.0656e-06
1.83002e-06
1.61973e-06
1.4322e-06
1.26515e-06
1.11649e-06
9.84336e-07
8.66978e-07
7.62867e-07
6.70603e-07
5.88923e-07
5.16686e-07
4.52868e-07
3.96544e-07
3.46887e-07
3.03151e-07
2.64672e-07
2.30851e-07
2.01155e-07
1.75108e-07
1.52285e-07
1.32308e-07
1.14839e-07
9.9579e-08
8.62626e-08
7.46541e-08
6.45447e-08
5.57498e-08
4.81063e-08
4.14702e-08
3.57146e-08
3.07279e-08
2.64116e-08
2.26794e-08
1.94557e-08
1.66739e-08
1.42758e-08
1.22108e-08
1.04342e-08
8.90746e-09
7.59666e-09
6.47244e-09
5.5092e-09
4.68474e-09
3.97977e-09
3.37759e-09
2.86373e-09
2.42567e-09
2.05262e-09
1.73524e-09
1.46551e-09
1.23649e-09
1.04225e-09
8.77662e-10
7.38344e-10
6.20535e-10
5.21014e-10
4.37027e-10
3.66221e-10
3.06588e-10
2.56414e-10
2.14242e-10
1.78831e-10
1.49127e-10
1.24236e-10
1.03398e-10
8.59718e-11
7.14125e-11
5.92608e-11
0.000549182
0.000584031
0.000620485
0.00065857
0.000698311
0.000739728
0.000782836
0.000827647
0.000874169
0.000922406
0.000972354
0.00102401
0.00107735
0.00113236
0.00118903
0.00124731
0.00130717
0.00136856
0.00143144
0.00149575
0.00156142
0.00162839
0.00169656
0.00176587
0.00183622
0.0019075
0.00197961
0.00205245
0.00212589
0.00219981
0.00227408
0.00234855
0.00242311
0.00249758
0.00257184
0.00264571
0.00271906
0.0027917
0.00286349
0.00293426
0.00300385
0.00307208
0.0031388
0.00320383
0.00326702
0.0033282
0.00338723
0.00344393
0.00349816
0.00354978
0.00359865
0.00364462
0.00368759
0.00372741
0.00376399
0.00379722
0.003827
0.00385325
0.0038759
0.00389487
0.00391011
0.00392158
0.00392925
0.00393309
0.00393309
0.00392925
0.00392158
0.00391011
0.00389487
0.0038759
0.00385325
0.003827
0.00379722
0.00376399
0.00372741
0.00368759
0.00364462
0.00359865
0.00354978
0.00349816
0.00344393
0.00338723
0.0033282
0.00326702
0.00320383
0.0031388
0.00307208
0.00300385
0.00293426
0.00286349
0.0027917
0.00271906
0.00264571
0.00257184
0.00249758
0.00242311
0.00234855
0.00227408
0.00219981
0.00212589
0.00205245
0.00197961
0.0019075
0.00183622
0.00176587
0.00169656
0.00162839
0.00156142
0.00149575
0.00143144
0.00136856
0.00130717
0.00124731
0.00118903
0.00113236
0.00107735
0.00102401
0.000972354
0.000922406
0.000874169
0.000827647
0.000782836
0.000739728
0.000698311
0.00065857
0.000620485
0.000584031
0.000549182
0.000515909
0.000484179
0.000453956
0.000425205
0.000397886
0.000371958
0.000347381
0.000324111
0.000302105
0.000281318
0.000261705
0.000243223
0.000225825
0.000209466
0.000194103
0.000179692
0.000166188
0.000153548
0.000141732
0.000130697
0.000120404
0.000110813
0.000101887
9.35877e-05
8.58809e-05
7.87318e-05
7.21074e-05
6.59759e-05
6.03069e-05
5.50711e-05
5.02409e-05
4.57895e-05
4.16918e-05
3.79238e-05
3.44626e-05
3.12868e-05
2.83759e-05
2.57107e-05
2.32731e-05
2.1046e-05
1.90135e-05
1.71605e-05
1.5473e-05
1.39378e-05
1.25426e-05
1.12761e-05
1.01276e-05
9.08721e-06
8.14572e-06
7.29465e-06
6.52612e-06
5.83287e-06
5.20816e-06
4.64583e-06
4.14016e-06
3.68594e-06
3.27834e-06
2.91297e-06
2.58579e-06
2.29312e-06
2.03159e-06
1.79814e-06
1.58995e-06
1.4045e-06
1.23947e-06
1.09276e-06
9.62473e-07
8.46895e-07
7.44468e-07
6.53791e-07
5.73598e-07
5.02749e-07
4.40222e-07
3.85095e-07
3.36543e-07
2.93824e-07
2.56278e-07
2.23312e-07
1.94396e-07
1.69059e-07
1.46881e-07
1.27488e-07
1.10547e-07
9.57642e-08
8.2877e-08
7.16541e-08
6.18904e-08
5.3405e-08
4.6038e-08
3.96485e-08
3.41124e-08
2.93207e-08
2.51775e-08
2.15987e-08
1.85104e-08
1.58483e-08
1.35557e-08
1.15835e-08
9.88859e-09
8.43341e-09
7.18536e-09
6.11602e-09
5.20075e-09
4.41813e-09
3.74962e-09
3.17916e-09
2.69285e-09
2.27871e-09
1.92637e-09
1.62693e-09
1.37269e-09
1.15705e-09
9.74333e-10
8.1967e-10
6.88885e-10
5.78402e-10
4.85164e-10
4.06559e-10
3.40357e-10
2.84657e-10
2.3784e-10
1.98529e-10
1.65553e-10
1.3792e-10
1.14787e-10
9.54413e-11
7.92783e-11
6.57882e-11
0.000609078
0.000647727
0.000688157
0.000730396
0.000774471
0.000820405
0.000868214
0.000917913
0.000969509
0.00102301
0.0010784
0.00113569
0.00119485
0.00125586
0.00131871
0.00138334
0.00144973
0.00151782
0.00158756
0.00165888
0.00173172
0.00180598
0.0018816
0.00195846
0.00203648
0.00211554
0.00219552
0.0022763
0.00235775
0.00243973
0.00252209
0.0026047
0.00268738
0.00276998
0.00285233
0.00293426
0.0030156
0.00309617
0.0031758
0.00325428
0.00333146
0.00340713
0.00348112
0.00355325
0.00362333
0.00369119
0.00375665
0.00381953
0.00387968
0.00393693
0.00399113
0.00404212
0.00408977
0.00413394
0.0041745
0.00421136
0.00424439
0.0042735
0.00429861
0.00431965
0.00433656
0.00434928
0.00435779
0.00436204
0.00436204
0.00435779
0.00434928
0.00433656
0.00431965
0.00429861
0.0042735
0.00424439
0.00421136
0.0041745
0.00413394
0.00408977
0.00404212
0.00399113
0.00393693
0.00387968
0.00381953
0.00375665
0.00369119
0.00362333
0.00355325
0.00348112
0.00340713
0.00333146
0.00325428
0.0031758
0.00309617
0.0030156
0.00293426
0.00285233
0.00276998
0.00268738
0.0026047
0.00252209
0.00243973
0.00235775
0.0022763
0.00219552
0.00211554
0.00203648
0.00195846
0.0018816
0.00180598
0.00173172
0.00165888
0.00158756
0.00151782
0.00144973
0.00138334
0.00131871
0.00125586
0.00119485
0.00113569
0.0010784
0.00102301
0.000969509
0.000917913
0.000868214
0.000820405
0.000774471
0.000730396
0.000688157
0.000647727
0.000609078
0.000572176
0.000536985
0.000503466
0.000471579
0.00044128
0.000412525
0.000385268
0.00035946
0.000335053
0.000311999
0.000290248
0.000269749
0.000250454
0.000232311
0.000215273
0.00019929
0.000184313
0.000170295
0.00015719
0.000144952
0.000133536
0.000122899
0.000112999
0.000103795
9.52474e-05
8.73186e-05
7.99717e-05
7.31715e-05
6.68841e-05
6.10774e-05
5.57203e-05
5.07835e-05
4.62389e-05
4.20599e-05
3.82212e-05
3.4699e-05
3.14707e-05
2.85148e-05
2.58113e-05
2.33414e-05
2.10872e-05
1.90321e-05
1.71605e-05
1.54579e-05
1.39106e-05
1.25059e-05
1.12322e-05
1.00783e-05
9.03412e-06
8.09023e-06
7.23788e-06
6.46902e-06
5.77618e-06
5.15252e-06
4.5917e-06
4.08793e-06
3.63588e-06
3.23067e-06
2.86781e-06
2.54322e-06
2.25317e-06
1.99425e-06
1.76336e-06
1.55768e-06
1.37465e-06
1.21194e-06
1.06744e-06
9.3926e-07
8.25662e-07
7.25095e-07
6.36156e-07
5.57581e-07
4.88234e-07
4.27095e-07
3.73247e-07
3.2587e-07
2.84229e-07
2.47667e-07
2.15597e-07
1.87497e-07
1.629e-07
1.41392e-07
1.22604e-07
1.06209e-07
9.19158e-08
7.94689e-08
6.86404e-08
5.92295e-08
5.1059e-08
4.39727e-08
3.78329e-08
3.25186e-08
2.79235e-08
2.39543e-08
2.05292e-08
1.75767e-08
1.50342e-08
1.28469e-08
1.09671e-08
9.35319e-09
7.96901e-09
6.78306e-09
5.76796e-09
4.89999e-09
4.15857e-09
3.52588e-09
2.98654e-09
2.52723e-09
2.13647e-09
1.80437e-09
1.5224e-09
1.28324e-09
1.0806e-09
9.09066e-10
7.64017e-10
6.41484e-10
5.38078e-10
4.509e-10
3.77478e-10
3.15703e-10
2.63779e-10
2.20181e-10
1.83609e-10
1.52962e-10
1.27306e-10
1.0585e-10
8.79246e-11
7.29633e-11
0.000674846
0.000717669
0.000762464
0.000809264
0.000858099
0.000908992
0.000961964
0.00101703
0.0010742
0.00113347
0.00119485
0.00125832
0.00132387
0.00139147
0.0014611
0.00153272
0.00160627
0.00168172
0.00175899
0.00183801
0.00191871
0.00200099
0.00208477
0.00216994
0.00225638
0.00234397
0.00243259
0.00252209
0.00261234
0.00270317
0.00279443
0.00288595
0.00297756
0.00306908
0.00316033
0.00325111
0.00334123
0.0034305
0.00351872
0.00360568
0.00369119
0.00377503
0.00385702
0.00393693
0.00401458
0.00408977
0.00416229
0.00423197
0.00429861
0.00436204
0.00442209
0.00447859
0.00453138
0.00458032
0.00462527
0.0046661
0.0047027
0.00473495
0.00476278
0.00478609
0.00480482
0.00481892
0.00482834
0.00483306
0.00483306
0.00482834
0.00481892
0.00480482
0.00478609
0.00476278
0.00473495
0.0047027
0.0046661
0.00462527
0.00458032
0.00453138
0.00447859
0.00442209
0.00436204
0.00429861
0.00423197
0.00416229
0.00408977
0.00401458
0.00393693
0.00385702
0.00377503
0.00369119
0.00360568
0.00351872
0.0034305
0.00334123
0.00325111
0.00316033
0.00306908
0.00297756
0.00288595
0.00279443
0.00270317
0.00261234
0.00252209
0.00243259
0.00234397
0.00225638
0.00216994
0.00208477
0.00200099
0.00191871
0.00183801
0.00175899
0.00168172
0.00160627
0.00153272
0.0014611
0.00139147
0.00132387
0.00125832
0.00119485
0.00113347
0.0010742
0.00101703
0.000961964
0.000908992
0.000858099
0.000809264
0.000762464
0.000717669
0.000674846
0.00063396
0.000594969
0.000557831
0.0005225
0.00048893
0.00045707
0.000426869
0.000398274
0.000371233
0.000345689
0.000321589
0.000298877
0.000277498
0.000257397
0.000238518
0.000220809
0.000204215
0.000188684
0.000174163
0.000160603
0.000147955
0.000136169
0.0001252
0.000115003
0.000105532
9.67473e-05
8.86071e-05
8.10726e-05
7.41063e-05
6.76725e-05
6.1737e-05
5.62671e-05
5.12318e-05
4.66015e-05
4.23484e-05
3.84459e-05
3.48689e-05
3.15938e-05
2.85984e-05
2.58618e-05
2.33642e-05
2.10872e-05
1.90135e-05
1.7127e-05
1.54126e-05
1.38563e-05
1.2445e-05
1.11665e-05
1.00096e-05
8.96382e-06
8.01944e-06
7.16755e-06
6.3999e-06
5.70889e-06
5.08752e-06
4.52935e-06
4.02849e-06
3.57952e-06
3.17747e-06
2.81784e-06
2.49647e-06
2.20959e-06
1.95377e-06
1.72588e-06
1.52308e-06
1.3428e-06
1.18271e-06
1.04068e-06
9.14818e-07
8.03391e-07
7.04848e-07
6.17789e-07
5.40954e-07
4.73213e-07
4.1355e-07
3.61058e-07
3.1492e-07
2.7441e-07
2.38878e-07
2.07743e-07
1.8049e-07
1.5666e-07
1.35843e-07
1.17677e-07
1.01841e-07
8.805e-08
7.60522e-08
6.56252e-08
5.65724e-08
4.87209e-08
4.19181e-08
3.60299e-08
3.09386e-08
2.65409e-08
2.2746e-08
1.94747e-08
1.66576e-08
1.42341e-08
1.21513e-08
1.03631e-08
8.82951e-09
7.5155e-09
6.39079e-09
5.42909e-09
4.60761e-09
3.90661e-09
3.30903e-09
2.80012e-09
2.36717e-09
1.9992e-09
1.68679e-09
1.42181e-09
1.19728e-09
1.00723e-09
8.46516e-10
7.10752e-10
5.9618e-10
4.99589e-10
4.18238e-10
3.49792e-10
2.92262e-10
2.43956e-10
2.03435e-10
1.69479e-10
1.41053e-10
1.1728e-10
9.74188e-11
8.08419e-11
0.000746987
0.000794387
0.000843971
0.000895774
0.000949829
0.00100616
0.0010648
0.00112575
0.00118903
0.00125464
0.00132258
0.00139283
0.00146539
0.00154022
0.00161729
0.00169656
0.00177798
0.00186149
0.00194702
0.00203449
0.00212382
0.0022149
0.00230763
0.0024019
0.00249758
0.00259454
0.00269263
0.0027917
0.00289159
0.00299214
0.00309315
0.00319446
0.00329586
0.00339716
0.00349816
0.00359865
0.00369841
0.00379722
0.00389487
0.00399113
0.00408577
0.00417858
0.00426933
0.00435779
0.00444374
0.00452696
0.00460724
0.00468436
0.00475813
0.00482834
0.00489481
0.00495735
0.00501578
0.00506995
0.00511971
0.0051649
0.00520541
0.00524112
0.00527192
0.00529772
0.00531846
0.00533406
0.00534449
0.00534971
0.00534971
0.00534449
0.00533406
0.00531846
0.00529772
0.00527192
0.00524112
0.00520541
0.0051649
0.00511971
0.00506995
0.00501578
0.00495735
0.00489481
0.00482834
0.00475813
0.00468436
0.00460724
0.00452696
0.00444374
0.00435779
0.00426933
0.00417858
0.00408577
0.00399113
0.00389487
0.00379722
0.00369841
0.00359865
0.00349816
0.00339716
0.00329586
0.00319446
0.00309315
0.00299214
0.00289159
0.0027917
0.00269263
0.00259454
0.00249758
0.0024019
0.00230763
0.0022149
0.00212382
0.00203449
0.00194702
0.00186149
0.00177798
0.00169656
0.00161729
0.00154022
0.00146539
0.00139283
0.00132258
0.00125464
0.00118903
0.00112575
0.0010648
0.00100616
0.000949829
0.000895774
0.000843971
0.000794387
0.000746987
0.000701729
0.00065857
0.000617462
0.000578355
0.000541196
0.00050593
0.000472501
0.00044085
0.000410917
0.000382643
0.000355967
0.000330827
0.000307162
0.000284912
0.000264016
0.000244413
0.000226045
0.000208854
0.000192781
0.000177772
0.000163771
0.000150726
0.000138584
0.000127296
0.000116814
0.000107089
9.80791e-05
8.97391e-05
8.20282e-05
7.49067e-05
6.83366e-05
6.2282e-05
5.67084e-05
5.15832e-05
4.68754e-05
4.25557e-05
3.85963e-05
3.49712e-05
3.16556e-05
2.86264e-05
2.58618e-05
2.33414e-05
2.1046e-05
1.89579e-05
1.70602e-05
1.53376e-05
1.37754e-05
1.23602e-05
1.10797e-05
9.92204e-06
8.87671e-06
7.93375e-06
7.08404e-06
6.31916e-06
5.63137e-06
5.01354e-06
4.45913e-06
3.96216e-06
3.51714e-06
3.11906e-06
2.76334e-06
2.44579e-06
2.16262e-06
1.91037e-06
1.6859e-06
1.48635e-06
1.30914e-06
1.15193e-06
1.01261e-06
8.89273e-07
7.80196e-07
6.8383e-07
5.98781e-07
5.23799e-07
4.57759e-07
3.99654e-07
3.48585e-07
3.03744e-07
2.64413e-07
2.29951e-07
1.99785e-07
1.73407e-07
1.50364e-07
1.30257e-07
1.12728e-07
9.74624e-08
8.41821e-08
7.26404e-08
6.262e-08
5.39291e-08
4.63991e-08
3.98815e-08
3.4246e-08
2.93781e-08
2.51775e-08
2.15565e-08
1.84383e-08
1.57557e-08
1.34503e-08
1.1471e-08
9.77338e-09
8.3189e-09
7.07396e-09
6.00946e-09
5.10016e-09
4.32422e-09
3.66276e-09
3.09945e-09
2.62021e-09
2.21292e-09
1.8671e-09
1.5738e-09
1.32527e-09
1.1149e-09
9.37007e-10
7.86731e-10
6.59911e-10
5.52994e-10
4.62947e-10
3.87185e-10
3.23505e-10
2.70035e-10
2.25182e-10
1.87596e-10
1.56132e-10
1.29817e-10
1.07833e-10
8.94839e-11
0.000826032
0.000878448
0.000933279
0.000990564
0.00105034
0.00111263
0.00117747
0.00124487
0.00131485
0.0013874
0.00146253
0.00154022
0.00162045
0.0017032
0.00178843
0.00187609
0.00196613
0.00205847
0.00215305
0.00224978
0.00234855
0.00244928
0.00255182
0.00265607
0.00276187
0.00286909
0.00297756
0.00308712
0.00319758
0.00330876
0.00342047
0.00353249
0.00364462
0.00375665
0.00386833
0.00397945
0.00408977
0.00419904
0.00430702
0.00441346
0.00451812
0.00462075
0.0047211
0.00481892
0.00491397
0.00500599
0.00509477
0.00518006
0.00526163
0.00533927
0.00541277
0.00548193
0.00554654
0.00560645
0.00566147
0.00571145
0.00575624
0.00579572
0.00582978
0.00585832
0.00588125
0.0058985
0.00591004
0.00591581
0.00591581
0.00591004
0.0058985
0.00588125
0.00585832
0.00582978
0.00579572
0.00575624
0.00571145
0.00566147
0.00560645
0.00554654
0.00548193
0.00541277
0.00533927
0.00526163
0.00518006
0.00509477
0.00500599
0.00491397
0.00481892
0.0047211
0.00462075
0.00451812
0.00441346
0.00430702
0.00419904
0.00408977
0.00397945
0.00386833
0.00375665
0.00364462
0.00353249
0.00342047
0.00330876
0.00319758
0.00308712
0.00297756
0.00286909
0.00276187
0.00265607
0.00255182
0.00244928
0.00234855
0.00224978
0.00215305
0.00205847
0.00196613
0.00187609
0.00178843
0.0017032
0.00162045
0.00154022
0.00146253
0.0013874
0.00131485
0.00124487
0.00117747
0.00111263
0.00105034
0.000990564
0.000933279
0.000878448
0.000826032
0.000775985
0.000728259
0.000682801
0.000639556
0.000598465
0.000559467
0.0005225
0.0004875
0.0004544
0.000423134
0.000393634
0.000365834
0.000339666
0.000315061
0.000291953
0.000270277
0.000249965
0.000230954
0.000213181
0.000196583
0.000181101
0.000166675
0.000153249
0.000140766
0.000129175
0.000118422
0.000108458
9.92352e-05
9.07083e-05
8.28332e-05
7.55679e-05
6.88726e-05
6.27092e-05
5.70417e-05
5.18357e-05
4.70589e-05
4.26805e-05
3.86718e-05
3.50053e-05
3.16556e-05
2.85984e-05
2.58113e-05
2.32731e-05
2.0964e-05
1.88655e-05
1.69606e-05
1.52331e-05
1.36682e-05
1.22521e-05
1.0972e-05
9.81603e-06
8.77329e-06
7.83367e-06
6.98785e-06
6.22727e-06
5.54406e-06
4.93099e-06
4.38143e-06
3.88932e-06
3.44912e-06
3.05575e-06
2.7046e-06
2.39147e-06
2.11252e-06
1.8643e-06
1.64363e-06
1.44767e-06
1.27383e-06
1.11976e-06
9.83375e-07
8.62755e-07
7.56192e-07
6.62144e-07
5.79226e-07
5.06198e-07
4.41945e-07
3.85471e-07
3.35886e-07
2.92393e-07
2.54284e-07
2.20926e-07
1.91756e-07
1.66276e-07
1.4404e-07
1.24656e-07
1.07776e-07
9.30902e-08
8.03271e-08
6.92463e-08
5.96358e-08
5.1309e-08
4.41017e-08
3.78698e-08
3.24868e-08
2.78418e-08
2.38376e-08
2.03894e-08
1.74229e-08
1.48735e-08
1.26848e-08
1.08076e-08
9.19919e-09
7.82251e-09
6.64537e-09
5.63985e-09
4.78181e-09
4.05035e-09
3.42743e-09
2.89748e-09
2.44708e-09
2.06468e-09
1.74033e-09
1.46551e-09
1.23288e-09
1.03616e-09
8.69982e-10
7.29742e-10
6.11511e-10
5.11936e-10
4.28156e-10
3.57738e-10
2.98609e-10
2.49011e-10
2.07448e-10
1.72653e-10
1.43554e-10
1.19243e-10
9.89529e-11
0.00091255
0.000970456
0.00103103
0.00109431
0.00116035
0.00122917
0.0013008
0.00137526
0.00145257
0.00153272
0.00161571
0.00170154
0.00179018
0.0018816
0.00197575
0.00207259
0.00217206
0.00227408
0.00237856
0.00248542
0.00259454
0.00270581
0.0028191
0.00293426
0.00305115
0.0031696
0.00328943
0.00341046
0.00353249
0.00365532
0.00377872
0.00390248
0.00402636
0.00415012
0.0042735
0.00439626
0.00451812
0.00463884
0.00475813
0.00487573
0.00499135
0.00510473
0.00521559
0.00532365
0.00542865
0.00553032
0.00562839
0.00572261
0.00581273
0.0058985
0.0059797
0.0060561
0.00612749
0.00619366
0.00625444
0.00630966
0.00635915
0.00640276
0.00644039
0.00647192
0.00649725
0.00651631
0.00652905
0.00653543
0.00653543
0.00652905
0.00651631
0.00649725
0.00647192
0.00644039
0.00640276
0.00635915
0.00630966
0.00625444
0.00619366
0.00612749
0.0060561
0.0059797
0.0058985
0.00581273
0.00572261
0.00562839
0.00553032
0.00542865
0.00532365
0.00521559
0.00510473
0.00499135
0.00487573
0.00475813
0.00463884
0.00451812
0.00439626
0.0042735
0.00415012
0.00402636
0.00390248
0.00377872
0.00365532
0.00353249
0.00341046
0.00328943
0.0031696
0.00305115
0.00293426
0.0028191
0.00270581
0.00259454
0.00248542
0.00237856
0.00227408
0.00217206
0.00207259
0.00197575
0.0018816
0.00179018
0.00170154
0.00161571
0.00153272
0.00145257
0.00137526
0.0013008
0.00122917
0.00116035
0.00109431
0.00103103
0.000970456
0.00091255
0.000857261
0.000804537
0.000754317
0.000706543
0.000661148
0.000618066
0.000577227
0.00053856
0.000501993
0.000467452
0.000434863
0.000404152
0.000375242
0.00034806
0.000322533
0.000298585
0.000276146
0.000255144
0.000235509
0.000217173
0.00020007
0.000184133
0.0001693
0.00015551
0.000142704
0.000130825
0.000119817
0.000109629
0.000100209
9.15091e-05
8.34829e-05
7.60863e-05
6.92773e-05
6.30162e-05
5.72649e-05
5.19878e-05
4.71509e-05
4.27222e-05
3.86718e-05
3.49712e-05
3.15938e-05
2.85148e-05
2.57107e-05
2.31597e-05
2.08415e-05
1.8737e-05
1.68286e-05
1.50998e-05
1.35354e-05
1.21212e-05
1.08442e-05
9.6922e-06
8.65416e-06
7.71975e-06
6.87951e-06
6.12474e-06
5.44746e-06
4.84034e-06
4.29669e-06
3.81037e-06
3.3758e-06
2.98788e-06
2.64195e-06
2.33379e-06
2.05956e-06
1.81578e-06
1.5993e-06
1.40724e-06
1.23705e-06
1.08637e-06
9.5312e-07
8.35395e-07
7.31496e-07
6.39894e-07
5.59217e-07
4.88234e-07
4.25845e-07
3.71066e-07
3.23018e-07
2.80917e-07
2.44065e-07
2.11841e-07
1.83691e-07
1.59127e-07
1.37713e-07
1.19064e-07
1.0284e-07
8.87406e-08
7.64991e-08
6.5882e-08
5.6683e-08
4.87209e-08
4.18363e-08
3.58895e-08
3.07579e-08
2.63343e-08
2.25249e-08
1.92478e-08
1.64314e-08
1.40134e-08
1.19396e-08
1.01627e-08
8.64184e-09
7.3414e-09
6.23056e-09
5.28265e-09
4.47458e-09
3.78642e-09
3.20096e-09
2.70339e-09
2.28093e-09
1.92261e-09
1.619e-09
1.36201e-09
1.14469e-09
9.61103e-10
8.06175e-10
6.7556e-10
5.65555e-10
4.73001e-10
3.95207e-10
3.29886e-10
2.75092e-10
2.29175e-10
1.90737e-10
1.5859e-10
1.31733e-10
1.09317e-10
0.00100715
0.00107105
0.00113791
0.00120775
0.00128063
0.00135659
0.00143564
0.00151782
0.00160314
0.0016916
0.0017832
0.00187792
0.00197575
0.00207664
0.00218056
0.00228744
0.00239722
0.00250981
0.00262512
0.00274306
0.00286349
0.0029863
0.00311133
0.00323843
0.00336744
0.00349816
0.00363042
0.00376399
0.00389867
0.00403423
0.00417043
0.00430702
0.00444374
0.00458032
0.00471649
0.00485198
0.00498648
0.00511971
0.00525136
0.00538115
0.00550876
0.00563389
0.00575624
0.00587551
0.00599139
0.0061036
0.00621184
0.00631582
0.00641528
0.00650995
0.00659956
0.00668388
0.00676267
0.0068357
0.00690279
0.00696372
0.00701834
0.00706648
0.00710801
0.0071428
0.00717076
0.0071918
0.00720586
0.0072129
0.0072129
0.00720586
0.0071918
0.00717076
0.0071428
0.00710801
0.00706648
0.00701834
0.00696372
0.00690279
0.0068357
0.00676267
0.00668388
0.00659956
0.00650995
0.00641528
0.00631582
0.00621184
0.0061036
0.00599139
0.00587551
0.00575624
0.00563389
0.00550876
0.00538115
0.00525136
0.00511971
0.00498648
0.00485198
0.00471649
0.00458032
0.00444374
0.00430702
0.00417043
0.00403423
0.00389867
0.00376399
0.00363042
0.00349816
0.00336744
0.00323843
0.00311133
0.0029863
0.00286349
0.00274306
0.00262512
0.00250981
0.00239722
0.00228744
0.00218056
0.00207664
0.00197575
0.00187792
0.0017832
0.0016916
0.00160314
0.00151782
0.00143564
0.00135659
0.00128063
0.00120775
0.00113791
0.00107105
0.00100715
0.000946126
0.000887936
0.000832511
0.000779784
0.000729683
0.000682135
0.000637063
0.000594388
0.00055403
0.000515909
0.000479942
0.000446046
0.00041414
0.000384141
0.000355967
0.000329537
0.000304772
0.000281593
0.000259923
0.000239686
0.000220809
0.00020322
0.00018685
0.000171631
0.000157497
0.000144386
0.000132238
0.000120993
0.000110597
0.000100995
9.21368e-05
8.39735e-05
7.64587e-05
6.95485e-05
6.32011e-05
5.73769e-05
5.20386e-05
4.71509e-05
4.26805e-05
3.85963e-05
3.48689e-05
3.14707e-05
2.83759e-05
2.55605e-05
2.30019e-05
2.06793e-05
1.85731e-05
1.6665e-05
1.49384e-05
1.33777e-05
1.19683e-05
1.06969e-05
9.55126e-06
8.51999e-06
7.59265e-06
6.75964e-06
6.01215e-06
5.3421e-06
4.74209e-06
4.20536e-06
3.72574e-06
3.2976e-06
2.91581e-06
2.57571e-06
2.27306e-06
2.00401e-06
1.76508e-06
1.55312e-06
1.36528e-06
1.19899e-06
1.05192e-06
9.21993e-07
8.07324e-07
7.06226e-07
6.17186e-07
5.38845e-07
4.69989e-07
4.09532e-07
3.56503e-07
3.10038e-07
2.69365e-07
2.338e-07
2.02733e-07
1.75622e-07
1.51988e-07
1.31406e-07
1.13501e-07
9.79395e-08
8.44291e-08
7.27114e-08
6.25588e-08
5.37713e-08
4.61731e-08
3.96098e-08
3.39463e-08
2.90642e-08
2.48599e-08
2.1243e-08
1.81347e-08
1.5466e-08
1.31772e-08
1.12162e-08
9.53766e-09
8.10242e-09
6.87643e-09
5.83026e-09
4.93842e-09
4.17892e-09
3.53278e-09
2.98362e-09
2.51738e-09
2.12191e-09
1.78683e-09
1.50319e-09
1.26335e-09
1.06073e-09
8.89744e-10
7.4559e-10
6.24181e-10
5.22033e-10
4.36175e-10
3.64082e-10
3.03608e-10
2.52932e-10
2.10509e-10
1.7503e-10
1.45389e-10
1.20649e-10
0.00111046
0.00118093
0.00125464
0.00133165
0.00141201
0.00149575
0.00158292
0.00167353
0.0017676
0.00186513
0.00196613
0.00207057
0.00217843
0.00228967
0.00240425
0.00252209
0.00264313
0.00276727
0.00289442
0.00302445
0.00315724
0.00329264
0.0034305
0.00357064
0.00371288
0.00385702
0.00400284
0.00415012
0.00429861
0.00444808
0.00459825
0.00474885
0.00489959
0.00505019
0.00520033
0.00534971
0.00549801
0.0056449
0.00579007
0.00593317
0.00607387
0.00621184
0.00634674
0.00647824
0.00660601
0.00672973
0.00684907
0.00696372
0.00707339
0.00717776
0.00727657
0.00736954
0.00745641
0.00753694
0.0076109
0.00767809
0.00773831
0.00779139
0.00783717
0.00787554
0.00790636
0.00792956
0.00794506
0.00795282
0.00795282
0.00794506
0.00792956
0.00790636
0.00787554
0.00783717
0.00779139
0.00773831
0.00767809
0.0076109
0.00753694
0.00745641
0.00736954
0.00727657
0.00717776
0.00707339
0.00696372
0.00684907
0.00672973
0.00660601
0.00647824
0.00634674
0.00621184
0.00607387
0.00593317
0.00579007
0.0056449
0.00549801
0.00534971
0.00520033
0.00505019
0.00489959
0.00474885
0.00459825
0.00444808
0.00429861
0.00415012
0.00400284
0.00385702
0.00371288
0.00357064
0.0034305
0.00329264
0.00315724
0.00302445
0.00289442
0.00276727
0.00264313
0.00252209
0.00240425
0.00228967
0.00217843
0.00207057
0.00196613
0.00186513
0.0017676
0.00167353
0.00158292
0.00149575
0.00141201
0.00133165
0.00125464
0.00118093
0.00111046
0.00104318
0.000979023
0.000917913
0.000859777
0.000804537
0.000752111
0.000702415
0.000655362
0.000610865
0.000568833
0.000529176
0.000491803
0.000456624
0.000423547
0.000392483
0.000363342
0.000336036
0.00031048
0.000286586
0.000264274
0.00024346
0.000224067
0.000206018
0.000189237
0.000173654
0.000159198
0.000145803
0.000133405
0.000121942
0.000111355
0.000101589
9.25878e-05
8.43021e-05
7.6683e-05
6.96845e-05
6.32628e-05
5.73769e-05
5.19878e-05
4.70589e-05
4.25557e-05
3.84459e-05
3.4699e-05
3.12868e-05
2.81826e-05
2.53616e-05
2.28007e-05
2.04783e-05
1.83746e-05
1.64709e-05
1.475e-05
1.3196e-05
1.17942e-05
1.05311e-05
9.394e-06
8.37153e-06
7.45307e-06
6.6289e-06
5.89011e-06
5.22855e-06
4.63676e-06
4.10794e-06
3.63588e-06
3.21493e-06
2.83994e-06
2.50624e-06
2.20959e-06
1.94615e-06
1.71245e-06
1.50534e-06
1.32198e-06
1.15983e-06
1.01657e-06
8.90142e-07
7.78674e-07
6.80499e-07
5.94122e-07
5.18202e-07
4.51543e-07
3.93074e-07
3.41842e-07
2.96998e-07
2.57784e-07
2.2353e-07
1.93638e-07
1.6758e-07
1.44887e-07
1.25144e-07
1.07986e-07
9.30902e-08
8.01704e-08
6.89764e-08
5.92874e-08
5.09097e-08
4.36731e-08
3.74286e-08
3.20457e-08
2.74101e-08
2.34222e-08
1.9995e-08
1.70526e-08
1.4529e-08
1.23668e-08
1.05161e-08
8.93359e-09
7.58184e-09
6.42834e-09
5.44502e-09
4.60761e-09
3.89518e-09
3.2897e-09
2.77562e-09
2.33959e-09
1.97013e-09
1.6574e-09
1.39294e-09
1.16955e-09
9.81017e-10
8.22075e-10
6.88212e-10
5.75585e-10
4.80919e-10
4.01431e-10
3.34753e-10
2.78879e-10
2.32103e-10
1.92985e-10
1.60303e-10
1.33026e-10
0.00122318
0.0013008
0.00138199
0.00146682
0.00155533
0.00164758
0.00174359
0.0018434
0.00194702
0.00205446
0.0021657
0.00228075
0.00239956
0.00252209
0.0026483
0.0027781
0.00291143
0.00304817
0.00318822
0.00333146
0.00347772
0.00362687
0.00377872
0.00393309
0.00408977
0.00424853
0.00440915
0.00457138
0.00473495
0.00489959
0.005065
0.00523089
0.00539694
0.00556282
0.0057282
0.00589275
0.0060561
0.0062179
0.0063778
0.00653543
0.00669041
0.00684238
0.00699098
0.00713583
0.00727657
0.00741284
0.0075443
0.00767059
0.00779139
0.00790636
0.0080152
0.0081176
0.00821329
0.00830199
0.00838346
0.00845747
0.0085238
0.00858227
0.00863271
0.00867496
0.00870891
0.00873447
0.00875154
0.00876009
0.00876009
0.00875154
0.00873447
0.00870891
0.00867496
0.00863271
0.00858227
0.0085238
0.00845747
0.00838346
0.00830199
0.00821329
0.0081176
0.0080152
0.00790636
0.00779139
0.00767059
0.0075443
0.00741284
0.00727657
0.00713583
0.00699098
0.00684238
0.00669041
0.00653543
0.0063778
0.0062179
0.0060561
0.00589275
0.0057282
0.00556282
0.00539694
0.00523089
0.005065
0.00489959
0.00473495
0.00457138
0.00440915
0.00424853
0.00408977
0.00393309
0.00377872
0.00362687
0.00347772
0.00333146
0.00318822
0.00304817
0.00291143
0.0027781
0.0026483
0.00252209
0.00239956
0.00228075
0.0021657
0.00205446
0.00194702
0.0018434
0.00174359
0.00164758
0.00155533
0.00146682
0.00138199
0.0013008
0.00122318
0.00114907
0.0010784
0.00101109
0.00094705
0.000886203
0.000828456
0.000773715
0.000721887
0.000672872
0.000626574
0.000582891
0.000541725
0.000502975
0.00046654
0.000432323
0.000400224
0.000370147
0.000341996
0.000315677
0.000291099
0.000268173
0.000246812
0.00022693
0.000208446
0.000191281
0.000175358
0.000160603
0.000146947
0.00013432
0.000122659
0.000111901
0.000101986
9.28594e-05
8.44669e-05
7.6758e-05
6.96845e-05
6.32011e-05
5.72649e-05
5.18357e-05
4.68754e-05
4.23484e-05
3.82212e-05
3.44626e-05
3.10433e-05
2.7936e-05
2.51151e-05
2.25571e-05
2.02398e-05
1.81428e-05
1.62472e-05
1.45355e-05
1.29914e-05
1.16e-05
1.03476e-05
9.2213e-06
8.20961e-06
7.30178e-06
6.488e-06
5.75928e-06
5.10743e-06
4.52493e-06
4.00495e-06
3.54127e-06
3.12821e-06
2.76064e-06
2.43388e-06
2.1437e-06
1.88627e-06
1.65814e-06
1.45618e-06
1.27756e-06
1.11976e-06
9.80498e-07
8.57715e-07
7.49575e-07
6.5443e-07
5.70804e-07
4.97378e-07
4.32974e-07
3.76542e-07
3.27145e-07
2.83951e-07
2.4622e-07
2.13294e-07
1.8459e-07
1.59594e-07
1.37847e-07
1.18948e-07
1.0254e-07
8.83083e-08
7.5978e-08
6.53055e-08
5.60774e-08
4.81063e-08
4.12279e-08
3.52986e-08
3.01925e-08
2.57998e-08
2.20247e-08
1.87836e-08
1.60038e-08
1.36221e-08
1.15835e-08
9.84042e-09
8.35145e-09
7.08087e-09
5.99773e-09
5.07532e-09
4.29057e-09
3.62362e-09
3.05736e-09
2.57707e-09
2.17011e-09
1.82564e-09
1.53434e-09
1.28826e-09
1.0806e-09
9.05522e-10
7.58071e-10
6.34011e-10
5.29736e-10
4.42179e-10
3.68733e-10
3.07187e-10
2.55664e-10
2.12575e-10
1.76575e-10
1.46529e-10
0.00134603
0.00143144
0.00152079
0.00161414
0.00171154
0.00181305
0.00191871
0.00202854
0.00214256
0.00226079
0.00238321
0.00250981
0.00264055
0.00277539
0.00291427
0.00305712
0.00320383
0.00335431
0.00350843
0.00366604
0.003827
0.00399113
0.00415823
0.0043281
0.00450051
0.00467522
0.00485198
0.0050305
0.0052105
0.00539167
0.00557369
0.00575624
0.00593896
0.00612151
0.0063035
0.00648457
0.00666433
0.00684238
0.00701834
0.0071918
0.00736234
0.00752958
0.0076931
0.0078525
0.00800737
0.00815733
0.00830199
0.00844097
0.00857389
0.00870041
0.00882018
0.00893287
0.00903817
0.00913578
0.00922543
0.00930687
0.00937987
0.00944421
0.00949971
0.00954621
0.00958357
0.00961169
0.00963048
0.00963989
0.00963989
0.00963048
0.00961169
0.00958357
0.00954621
0.00949971
0.00944421
0.00937987
0.00930687
0.00922543
0.00913578
0.00903817
0.00893287
0.00882018
0.00870041
0.00857389
0.00844097
0.00830199
0.00815733
0.00800737
0.0078525
0.0076931
0.00752958
0.00736234
0.0071918
0.00701834
0.00684238
0.00666433
0.00648457
0.0063035
0.00612151
0.00593896
0.00575624
0.00557369
0.00539167
0.0052105
0.0050305
0.00485198
0.00467522
0.00450051
0.0043281
0.00415823
0.00399113
0.003827
0.00366604
0.00350843
0.00335431
0.00320383
0.00305712
0.00291427
0.00277539
0.00264055
0.00250981
0.00238321
0.00226079
0.00214256
0.00202854
0.00191871
0.00181305
0.00171154
0.00161414
0.00152079
0.00143144
0.00134603
0.00126448
0.00118671
0.00111263
0.00104216
0.000975206
0.000911659
0.000851421
0.000794387
0.00074045
0.000689502
0.000641432
0.000596132
0.00055349
0.000513396
0.000475742
0.000440419
0.000407321
0.000376343
0.000347381
0.000320335
0.000295107
0.0002716
0.000249721
0.000229381
0.000210492
0.000192969
0.000176733
0.000161705
0.00014781
0.000134978
0.000123139
0.000112229
0.000102186
9.29501e-05
8.44669e-05
7.6683e-05
6.95485e-05
6.30162e-05
5.70417e-05
5.15832e-05
4.66015e-05
4.20599e-05
3.79238e-05
3.41611e-05
3.07416e-05
2.76375e-05
2.48225e-05
2.22725e-05
1.99649e-05
1.7879e-05
1.59953e-05
1.42962e-05
1.27651e-05
1.13868e-05
1.01474e-05
9.03412e-06
8.03511e-06
7.1396e-06
6.3377e-06
5.62038e-06
4.97938e-06
4.40718e-06
3.89693e-06
3.44239e-06
3.0379e-06
2.67832e-06
2.35899e-06
2.07571e-06
1.82467e-06
1.60242e-06
1.40587e-06
1.23222e-06
1.07897e-06
9.43857e-07
8.24856e-07
7.20155e-07
6.28131e-07
5.47331e-07
4.76459e-07
4.14359e-07
3.60001e-07
3.12469e-07
2.70948e-07
2.34715e-07
2.03129e-07
1.75622e-07
1.51692e-07
1.30894e-07
1.12838e-07
9.71773e-08
8.36086e-08
7.18643e-08
6.17094e-08
5.29377e-08
4.53685e-08
3.88437e-08
3.32248e-08
2.83909e-08
2.42366e-08
2.067e-08
1.76111e-08
1.49902e-08
1.27469e-08
1.08287e-08
9.19021e-09
7.79202e-09
6.6001e-09
5.58504e-09
4.72148e-09
3.98755e-09
3.36442e-09
2.8359e-09
2.38806e-09
2.00899e-09
1.68844e-09
1.41765e-09
1.18912e-09
9.96465e-10
8.34206e-10
6.97686e-10
5.82938e-10
4.86588e-10
4.05766e-10
3.38038e-10
2.81341e-10
2.33924e-10
1.94309e-10
1.61245e-10
0.00147977
0.00157367
0.00167189
0.00177451
0.0018816
0.00199319
0.00210935
0.00223009
0.00235545
0.00248542
0.00262
0.00275918
0.00290291
0.00305115
0.00320383
0.00336087
0.00352216
0.00368759
0.00385702
0.00403029
0.00420724
0.00438768
0.00457138
0.00475813
0.00494767
0.00513974
0.00533406
0.00553032
0.0057282
0.00592738
0.00612749
0.00632817
0.00652905
0.00672973
0.0069298
0.00712886
0.00732648
0.00752223
0.00771567
0.00790636
0.00809385
0.00827771
0.00845747
0.00863271
0.00880297
0.00896783
0.00912686
0.00927965
0.00942578
0.00956487
0.00969654
0.00982042
0.00993618
0.0100435
0.0101421
0.0102316
0.0103118
0.0103826
0.0104436
0.0104947
0.0105358
0.0105667
0.0105873
0.0105977
0.0105977
0.0105873
0.0105667
0.0105358
0.0104947
0.0104436
0.0103826
0.0103118
0.0102316
0.0101421
0.0100435
0.00993618
0.00982042
0.00969654
0.00956487
0.00942578
0.00927965
0.00912686
0.00896783
0.00880297
0.00863271
0.00845747
0.00827771
0.00809385
0.00790636
0.00771567
0.00752223
0.00732648
0.00712886
0.0069298
0.00672973
0.00652905
0.00632817
0.00612749
0.00592738
0.0057282
0.00553032
0.00533406
0.00513974
0.00494767
0.00475813
0.00457138
0.00438768
0.00420724
0.00403029
0.00385702
0.00368759
0.00352216
0.00336087
0.00320383
0.00305115
0.00290291
0.00275918
0.00262
0.00248542
0.00235545
0.00223009
0.00210935
0.00199319
0.0018816
0.00177451
0.00167189
0.00157367
0.00147977
0.00139011
0.00130462
0.00122318
0.00114571
0.0010721
0.00100224
0.000936017
0.000873316
0.00081402
0.00075801
0.000705164
0.000655362
0.000608483
0.000564406
0.000523011
0.000484179
0.000447792
0.000413736
0.000381896
0.000352163
0.000324428
0.000298585
0.000274533
0.000252172
0.000231406
0.000212143
0.000194293
0.000177772
0.000162497
0.000148389
0.000135374
0.00012338
0.000112338
0.000102186
9.28594e-05
8.43021e-05
7.64587e-05
6.92773e-05
6.27092e-05
5.67084e-05
5.12318e-05
4.62389e-05
4.16918e-05
3.75553e-05
3.37961e-05
3.03835e-05
2.72888e-05
2.44854e-05
2.19486e-05
1.96554e-05
1.75846e-05
1.57166e-05
1.40334e-05
1.25182e-05
1.11557e-05
9.93173e-06
8.83347e-06
7.84898e-06
6.96741e-06
6.17881e-06
5.47412e-06
4.84507e-06
4.28412e-06
3.78442e-06
3.33973e-06
2.94443e-06
2.59338e-06
2.28195e-06
2.00597e-06
1.76164e-06
1.54556e-06
1.35466e-06
1.18618e-06
1.03764e-06
9.06813e-07
7.91709e-07
6.90541e-07
6.01712e-07
5.23799e-07
4.55529e-07
3.9577e-07
3.43516e-07
2.97869e-07
2.58036e-07
2.23312e-07
1.93072e-07
1.66763e-07
1.439e-07
1.24049e-07
1.06833e-07
9.19158e-08
7.90046e-08
6.78407e-08
5.81975e-08
4.98763e-08
4.27031e-08
3.65259e-08
3.12118e-08
2.66447e-08
2.27238e-08
1.93609e-08
1.64796e-08
1.40134e-08
1.19046e-08
1.01033e-08
8.56622e-09
7.25587e-09
6.13996e-09
5.1906e-09
4.38375e-09
3.6987e-09
3.11766e-09
2.62534e-09
2.2086e-09
1.8562e-09
1.5585e-09
1.30727e-09
1.09547e-09
9.17091e-10
7.67007e-10
6.40858e-10
5.34934e-10
4.46082e-10
3.71625e-10
3.09294e-10
2.57166e-10
2.13615e-10
1.77266e-10
0.00162521
0.00172834
0.00183622
0.00194892
0.00206653
0.00218909
0.00231666
0.00244928
0.00258695
0.0027297
0.00287751
0.00303036
0.00318822
0.00335103
0.00351872
0.00369119
0.00386833
0.00405002
0.0042361
0.00442641
0.00462075
0.00481892
0.00502068
0.00522578
0.00543396
0.0056449
0.00585832
0.00607387
0.0062912
0.00650995
0.00672973
0.00695014
0.00717076
0.00739116
0.0076109
0.00782952
0.00804657
0.00826155
0.00847401
0.00868344
0.00888936
0.00909128
0.00928871
0.00948117
0.00966817
0.00984924
0.0100239
0.0101917
0.0103522
0.010505
0.0106496
0.0107856
0.0109128
0.0110306
0.0111389
0.0112372
0.0113253
0.011403
0.01147
0.0115262
0.0115713
0.0116052
0.0116279
0.0116393
0.0116393
0.0116279
0.0116052
0.0115713
0.0115262
0.01147
0.011403
0.0113253
0.0112372
0.0111389
0.0110306
0.0109128
0.0107856
0.0106496
0.010505
0.0103522
0.0101917
0.0100239
0.00984924
0.00966817
0.00948117
0.00928871
0.00909128
0.00888936
0.00868344
0.00847401
0.00826155
0.00804657
0.00782952
0.0076109
0.00739116
0.00717076
0.00695014
0.00672973
0.00650995
0.0062912
0.00607387
0.00585832
0.0056449
0.00543396
0.00522578
0.00502068
0.00481892
0.00462075
0.00442641
0.0042361
0.00405002
0.00386833
0.00369119
0.00351872
0.00335103
0.00318822
0.00303036
0.00287751
0.0027297
0.00258695
0.00244928
0.00231666
0.00218909
0.00206653
0.00194892
0.00183622
0.00172834
0.00162521
0.00152674
0.00143284
0.0013434
0.00125832
0.00117747
0.00110075
0.00102801
0.00095915
0.000894026
0.000832511
0.000774471
0.000719775
0.000668288
0.000619879
0.000574415
0.000531766
0.000491803
0.0004544
0.000419431
0.000386776
0.000356314
0.000327932
0.000301515
0.000276956
0.000254149
0.000232993
0.000213389
0.000195244
0.000178468
0.000162973
0.000148679
0.000135506
0.00012338
0.000112229
0.000101986
9.25878e-05
8.39735e-05
7.60863e-05
6.88726e-05
6.2282e-05
5.62671e-05
5.07835e-05
4.57895e-05
4.12464e-05
3.71177e-05
3.33697e-05
2.99709e-05
2.6892e-05
2.41058e-05
2.15872e-05
1.93129e-05
1.72613e-05
1.54126e-05
1.37485e-05
1.22521e-05
1.09079e-05
9.70167e-06
8.62042e-06
7.6522e-06
6.7861e-06
6.01215e-06
5.32127e-06
4.70518e-06
4.15637e-06
3.66798e-06
3.23382e-06
2.84827e-06
2.50624e-06
2.20312e-06
1.93478e-06
1.69746e-06
1.4878e-06
1.30276e-06
1.13962e-06
9.95939e-07
8.69522e-07
7.58411e-07
6.60852e-07
5.7528e-07
5.00301e-07
4.34669e-07
3.77278e-07
3.27145e-07
2.83397e-07
2.4526e-07
2.12048e-07
1.83154e-07
1.58043e-07
1.36241e-07
1.17333e-07
1.0095e-07
8.67696e-08
7.45084e-08
6.39174e-08
5.47784e-08
4.69002e-08
4.01159e-08
3.42794e-08
2.92635e-08
2.49572e-08
2.12638e-08
1.80993e-08
1.53907e-08
1.30747e-08
1.10963e-08
9.40815e-09
7.96901e-09
6.74343e-09
5.70076e-09
4.81461e-09
4.06223e-09
3.42408e-09
2.88337e-09
2.42567e-09
2.03863e-09
1.71168e-09
1.43576e-09
1.20314e-09
1.00723e-09
8.42392e-10
7.03845e-10
5.87511e-10
4.89926e-10
4.08151e-10
3.39693e-10
2.82442e-10
2.3461e-10
1.94689e-10
0.0017832
0.00189635
0.00201472
0.00213838
0.00226742
0.0024019
0.00254187
0.00268738
0.00283844
0.00299506
0.00315724
0.00332496
0.00349816
0.0036768
0.00386078
0.00405002
0.00424439
0.00444374
0.00464791
0.00485672
0.00506995
0.00528738
0.00550876
0.0057338
0.00596221
0.00619366
0.00642782
0.00666433
0.00690279
0.0071428
0.00738394
0.00762578
0.00786785
0.00810968
0.00835078
0.00859066
0.0088288
0.00906469
0.00929779
0.00952758
0.00975352
0.00997507
0.0101917
0.0104029
0.010608
0.0108067
0.0109984
0.0111825
0.0113586
0.0115262
0.0116848
0.0118341
0.0119736
0.0121029
0.0122217
0.0123296
0.0124263
0.0125115
0.0125851
0.0126467
0.0126962
0.0127334
0.0127583
0.0127708
0.0127708
0.0127583
0.0127334
0.0126962
0.0126467
0.0125851
0.0125115
0.0124263
0.0123296
0.0122217
0.0121029
0.0119736
0.0118341
0.0116848
0.0115262
0.0113586
0.0111825
0.0109984
0.0108067
0.010608
0.0104029
0.0101917
0.00997507
0.00975352
0.00952758
0.00929779
0.00906469
0.0088288
0.00859066
0.00835078
0.00810968
0.00786785
0.00762578
0.00738394
0.0071428
0.00690279
0.00666433
0.00642782
0.00619366
0.00596221
0.0057338
0.00550876
0.00528738
0.00506995
0.00485672
0.00464791
0.00444374
0.00424439
0.00405002
0.00386078
0.0036768
0.00349816
0.00332496
0.00315724
0.00299506
0.00283844
0.00268738
0.00254187
0.0024019
0.00226742
0.00213838
0.00201472
0.00189635
0.0017832
0.00167516
0.00157213
0.001474
0.00138064
0.00129194
0.00120775
0.00112795
0.00105239
0.000980937
0.000913442
0.00084976
0.000789746
0.000733255
0.000680139
0.000630256
0.000583461
0.000539613
0.000498573
0.000460205
0.000424375
0.000390953
0.000359811
0.000330827
0.00030388
0.000278856
0.000255643
0.000234133
0.000214224
0.000195817
0.000178817
0.000163133
0.000148679
0.000135374
0.000123139
0.000111901
0.000101589
9.21368e-05
8.34829e-05
7.55679e-05
6.83366e-05
6.1737e-05
5.57203e-05
5.02409e-05
4.52561e-05
4.07261e-05
3.66137e-05
3.28845e-05
2.95063e-05
2.64492e-05
2.36858e-05
2.11904e-05
1.89394e-05
1.6911e-05
1.5085e-05
1.34431e-05
1.19683e-05
1.06448e-05
9.45844e-06
8.39609e-06
7.44579e-06
6.59661e-06
5.83857e-06
5.16259e-06
4.56042e-06
4.02456e-06
3.54819e-06
3.12516e-06
2.74988e-06
2.4173e-06
2.12286e-06
1.86248e-06
1.63243e-06
1.42941e-06
1.25041e-06
1.09276e-06
9.54051e-07
8.32138e-07
7.25095e-07
6.31205e-07
5.48936e-07
4.76924e-07
4.13955e-07
3.58948e-07
3.10947e-07
2.69102e-07
2.32661e-07
2.00959e-07
1.73407e-07
1.49486e-07
1.28739e-07
1.10763e-07
9.52047e-08
8.17516e-08
7.0131e-08
6.01035e-08
5.14595e-08
4.40156e-08
3.76118e-08
3.21083e-08
2.73834e-08
2.33309e-08
1.98588e-08
1.68869e-08
1.43457e-08
1.21751e-08
1.03227e-08
8.74371e-09
7.39898e-09
6.25495e-09
5.28265e-09
4.45713e-09
3.75695e-09
3.16367e-09
2.66148e-09
2.23681e-09
1.87808e-09
1.57533e-09
1.3201e-09
1.10514e-09
9.24284e-10
7.72268e-10
6.44624e-10
5.37553e-10
4.47828e-10
3.72716e-10
3.09899e-10
2.57417e-10
2.13615e-10
0.00195464
0.00207867
0.00220842
0.00234397
0.00248542
0.00263283
0.00278626
0.00294575
0.00311133
0.00328301
0.00346079
0.00364462
0.00383448
0.00403029
0.00423197
0.0044394
0.00465245
0.00487097
0.00509477
0.00532365
0.00555739
0.00579572
0.00603838
0.00628506
0.00653543
0.00678914
0.00704581
0.00730505
0.00756644
0.00782952
0.00809385
0.00835894
0.00862428
0.00888936
0.00915364
0.00941658
0.00967762
0.00993618
0.0101917
0.0104436
0.0106912
0.0109341
0.0111716
0.011403
0.0116279
0.0118457
0.0120558
0.0122576
0.0124506
0.0126343
0.0128082
0.0129719
0.0131248
0.0132665
0.0133967
0.013515
0.013621
0.0137144
0.013795
0.0138625
0.0139168
0.0139576
0.0139849
0.0139986
0.0139986
0.0139849
0.0139576
0.0139168
0.0138625
0.013795
0.0137144
0.013621
0.013515
0.0133967
0.0132665
0.0131248
0.0129719
0.0128082
0.0126343
0.0124506
0.0122576
0.0120558
0.0118457
0.0116279
0.011403
0.0111716
0.0109341
0.0106912
0.0104436
0.0101917
0.00993618
0.00967762
0.00941658
0.00915364
0.00888936
0.00862428
0.00835894
0.00809385
0.00782952
0.00756644
0.00730505
0.00704581
0.00678914
0.00653543
0.00628506
0.00603838
0.00579572
0.00555739
0.00532365
0.00509477
0.00487097
0.00465245
0.0044394
0.00423197
0.00403029
0.00383448
0.00364462
0.00346079
0.00328301
0.00311133
0.00294575
0.00278626
0.00263283
0.00248542
0.00234397
0.00220842
0.00207867
0.00195464
0.00183622
0.00172328
0.00161571
0.00151338
0.00141615
0.00132387
0.00123639
0.00115357
0.00107525
0.00100126
0.000931458
0.000865674
0.000803751
0.000745529
0.00069085
0.000639556
0.000591493
0.000546507
0.00050445
0.000465176
0.00042854
0.000394404
0.000362633
0.000333096
0.000305666
0.000280221
0.000256644
0.00023482
0.000214643
0.000196008
0.000178817
0.000162973
0.000148389
0.000134978
0.000122659
0.000111355
0.000100995
9.15091e-05
8.28332e-05
7.49067e-05
6.76725e-05
6.10774e-05
5.50711e-05
4.96071e-05
4.46415e-05
4.01338e-05
3.60461e-05
3.23431e-05
2.89921e-05
2.5963e-05
2.32277e-05
2.07602e-05
1.85368e-05
1.65354e-05
1.47356e-05
1.31189e-05
1.16682e-05
1.03678e-05
9.20331e-06
8.16165e-06
7.23082e-06
6.3999e-06
5.65893e-06
4.99887e-06
4.41149e-06
3.88932e-06
3.42562e-06
3.01425e-06
2.6497e-06
2.32696e-06
2.04154e-06
1.78938e-06
1.56683e-06
1.37062e-06
1.19782e-06
1.04578e-06
9.12142e-07
7.94807e-07
6.91891e-07
6.01712e-07
5.22777e-07
4.53753e-07
3.93458e-07
3.40842e-07
2.94974e-07
2.5503e-07
2.20279e-07
1.90078e-07
1.63858e-07
1.41116e-07
1.21412e-07
1.04358e-07
8.96114e-08
7.68736e-08
6.5882e-08
5.64069e-08
4.82474e-08
4.12279e-08
3.51953e-08
3.00161e-08
2.5574e-08
2.17681e-08
1.85104e-08
1.57249e-08
1.33456e-08
1.13152e-08
9.58435e-09
8.11033e-09
6.85632e-09
5.79054e-09
4.88565e-09
4.11815e-09
3.46783e-09
2.91736e-09
2.45187e-09
2.05864e-09
1.72679e-09
1.44702e-09
1.21139e-09
1.01315e-09
8.46516e-10
7.066e-10
5.89234e-10
4.90883e-10
4.08549e-10
3.39693e-10
2.82166e-10
2.34152e-10
0.00214047
0.0022763
0.00241838
0.00256682
0.00272171
0.00288314
0.00305115
0.00322581
0.00340713
0.00359513
0.00378981
0.00399113
0.00419904
0.00441346
0.00463431
0.00486146
0.00509477
0.00533406
0.00557914
0.00582978
0.00608574
0.00634674
0.00661246
0.00688259
0.00715676
0.00743459
0.00771567
0.00799956
0.00828579
0.00857389
0.00886335
0.00915364
0.00944421
0.00973449
0.0100239
0.0103118
0.0105977
0.0108808
0.0111606
0.0114365
0.0117077
0.0119736
0.0122337
0.0124871
0.0127334
0.0129719
0.0132019
0.0134229
0.0136343
0.0138355
0.014026
0.0142052
0.0143726
0.0145278
0.0146704
0.0147999
0.014916
0.0150183
0.0151065
0.0151805
0.0152399
0.0152846
0.0153145
0.0153295
0.0153295
0.0153145
0.0152846
0.0152399
0.0151805
0.0151065
0.0150183
0.014916
0.0147999
0.0146704
0.0145278
0.0143726
0.0142052
0.014026
0.0138355
0.0136343
0.0134229
0.0132019
0.0129719
0.0127334
0.0124871
0.0122337
0.0119736
0.0117077
0.0114365
0.0111606
0.0108808
0.0105977
0.0103118
0.0100239
0.00973449
0.00944421
0.00915364
0.00886335
0.00857389
0.00828579
0.00799956
0.00771567
0.00743459
0.00715676
0.00688259
0.00661246
0.00634674
0.00608574
0.00582978
0.00557914
0.00533406
0.00509477
0.00486146
0.00463431
0.00441346
0.00419904
0.00399113
0.00378981
0.00359513
0.00340713
0.00322581
0.00305115
0.00288314
0.00272171
0.00256682
0.00241838
0.0022763
0.00214047
0.00201079
0.00188712
0.00176932
0.00165726
0.00155078
0.00144973
0.00135394
0.00126324
0.00117747
0.00109645
0.00102001
0.000947976
0.000880166
0.000816409
0.000756531
0.00070036
0.000647727
0.000598465
0.00055241
0.000509401
0.000469282
0.000431901
0.000397109
0.000364764
0.000334726
0.000306862
0.000281043
0.000257145
0.00023505
0.000214643
0.000195817
0.000178468
0.000162497
0.00014781
0.00013432
0.000121942
0.000110597
0.000100209
9.07083e-05
8.20282e-05
7.41063e-05
6.68841e-05
6.03069e-05
5.43233e-05
4.88857e-05
4.39494e-05
3.9473e-05
3.5418e-05
3.17485e-05
2.84314e-05
2.5436e-05
2.2734e-05
2.02991e-05
1.81074e-05
1.61365e-05
1.43662e-05
1.27775e-05
1.13535e-05
1.00783e-05
8.93759e-06
7.91827e-06
7.00835e-06
6.19694e-06
5.47412e-06
4.8309e-06
4.25909e-06
3.7513e-06
3.30083e-06
2.90161e-06
2.54819e-06
2.23563e-06
1.9595e-06
1.71579e-06
1.50093e-06
1.3117e-06
1.1452e-06
9.98861e-07
8.70372e-07
7.5767e-07
6.58918e-07
5.72478e-07
4.96892e-07
4.30865e-07
3.73247e-07
3.23018e-07
2.79276e-07
2.41222e-07
2.08149e-07
1.79436e-07
1.54533e-07
1.32955e-07
1.14279e-07
9.8131e-08
8.41821e-08
7.21456e-08
6.17697e-08
5.28344e-08
4.51475e-08
3.85414e-08
3.28698e-08
2.80054e-08
2.38376e-08
2.02703e-08
1.72199e-08
1.46144e-08
1.2391e-08
1.04956e-08
8.8814e-09
7.50816e-09
6.34105e-09
5.35014e-09
4.50967e-09
3.79753e-09
3.19472e-09
2.68497e-09
2.25436e-09
1.89096e-09
1.58459e-09
1.32656e-09
1.10947e-09
9.26996e-10
7.73778e-10
6.45254e-10
5.37553e-10
4.47391e-10
3.71988e-10
3.08992e-10
2.56414e-10
0.00234168
0.00249028
0.00264571
0.00280811
0.00297756
0.00315416
0.00333797
0.00352904
0.00372741
0.00393309
0.00414606
0.00436631
0.00459376
0.00482834
0.00506995
0.00531846
0.00557369
0.00583548
0.0061036
0.0063778
0.00665782
0.00694335
0.00723406
0.00752958
0.00782952
0.00813347
0.00844097
0.00875154
0.00906469
0.00937987
0.00969654
0.0100141
0.010332
0.0106496
0.0109662
0.0112812
0.0115939
0.0119037
0.0122098
0.0125115
0.0128082
0.0130992
0.0133837
0.013661
0.0139304
0.0141913
0.014443
0.0146847
0.014916
0.0151361
0.0153444
0.0155405
0.0157237
0.0158935
0.0160495
0.0161911
0.0163181
0.0164301
0.0165266
0.0166075
0.0166725
0.0167214
0.0167541
0.0167705
0.0167705
0.0167541
0.0167214
0.0166725
0.0166075
0.0165266
0.0164301
0.0163181
0.0161911
0.0160495
0.0158935
0.0157237
0.0155405
0.0153444
0.0151361
0.014916
0.0146847
0.014443
0.0141913
0.0139304
0.013661
0.0133837
0.0130992
0.0128082
0.0125115
0.0122098
0.0119037
0.0115939
0.0112812
0.0109662
0.0106496
0.010332
0.0100141
0.00969654
0.00937987
0.00906469
0.00875154
0.00844097
0.00813347
0.00782952
0.00752958
0.00723406
0.00694335
0.00665782
0.0063778
0.0061036
0.00583548
0.00557369
0.00531846
0.00506995
0.00482834
0.00459376
0.00436631
0.00414606
0.00393309
0.00372741
0.00352904
0.00333797
0.00315416
0.00297756
0.00280811
0.00264571
0.00249028
0.00234168
0.00219981
0.00206451
0.00193565
0.00181305
0.00169656
0.00158601
0.00148122
0.00138199
0.00128816
0.00119952
0.0011159
0.00103709
0.000962904
0.000893154
0.000827647
0.000766196
0.000708616
0.000654723
0.000604338
0.000557286
0.000513396
0.000472501
0.000434439
0.000399053
0.000366192
0.000335708
0.000307462
0.000281318
0.000257145
0.00023482
0.000214224
0.000195244
0.000177772
0.000161705
0.000146947
0.000133405
0.000120993
0.000109629
9.92352e-05
8.97391e-05
8.10726e-05
7.31715e-05
6.59759e-05
5.94299e-05
5.34811e-05
4.80808e-05
4.31836e-05
3.87474e-05
3.47329e-05
3.1104e-05
2.78271e-05
2.4871e-05
2.22073e-05
1.98096e-05
1.76534e-05
1.57166e-05
1.39787e-05
1.24207e-05
1.10257e-05
9.77776e-06
8.66261e-06
7.66716e-06
6.77947e-06
5.98871e-06
5.28502e-06
4.65946e-06
4.10393e-06
3.61111e-06
3.17437e-06
2.78773e-06
2.44579e-06
2.1437e-06
1.87708e-06
1.64203e-06
1.435e-06
1.25285e-06
1.09276e-06
9.52189e-07
8.28894e-07
7.20859e-07
6.26293e-07
5.43602e-07
4.71368e-07
4.08333e-07
3.53383e-07
3.05529e-07
2.63897e-07
2.27716e-07
1.96304e-07
1.69059e-07
1.45454e-07
1.25022e-07
1.07356e-07
9.20955e-08
7.89275e-08
6.75762e-08
5.7801e-08
4.93916e-08
4.21644e-08
3.59596e-08
3.0638e-08
2.60784e-08
2.21757e-08
1.88387e-08
1.59882e-08
1.35557e-08
1.14822e-08
9.71628e-09
8.21395e-09
6.93714e-09
5.85307e-09
4.9336e-09
4.15451e-09
3.49503e-09
2.93737e-09
2.46628e-09
2.06872e-09
1.73355e-09
1.45127e-09
1.21376e-09
1.01414e-09
8.46516e-10
7.0591e-10
5.88085e-10
4.89447e-10
4.06957e-10
3.38038e-10
2.80518e-10
0.00255931
0.00272171
0.00289159
0.00306908
0.00325428
0.00344729
0.00364819
0.00385702
0.00407382
0.00429861
0.00453138
0.00477209
0.00502068
0.00527707
0.00554113
0.00581273
0.00609169
0.0063778
0.00667084
0.00697053
0.00727657
0.00758864
0.00790636
0.00822935
0.00855717
0.00888936
0.00922543
0.00956487
0.00990712
0.0102516
0.0105977
0.0109448
0.0112922
0.0116393
0.0119853
0.0123296
0.0126714
0.0130099
0.0133445
0.0136743
0.0139986
0.0143166
0.0146275
0.0149306
0.015225
0.0155102
0.0157852
0.0160495
0.0163022
0.0165428
0.0167705
0.0169847
0.017185
0.0173706
0.017541
0.0176959
0.0178347
0.017957
0.0180625
0.0181509
0.018222
0.0182754
0.0183112
0.0183291
0.0183291
0.0183112
0.0182754
0.018222
0.0181509
0.0180625
0.017957
0.0178347
0.0176959
0.017541
0.0173706
0.017185
0.0169847
0.0167705
0.0165428
0.0163022
0.0160495
0.0157852
0.0155102
0.015225
0.0149306
0.0146275
0.0143166
0.0139986
0.0136743
0.0133445
0.0130099
0.0126714
0.0123296
0.0119853
0.0116393
0.0112922
0.0109448
0.0105977
0.0102516
0.00990712
0.00956487
0.00922543
0.00888936
0.00855717
0.00822935
0.00790636
0.00758864
0.00727657
0.00697053
0.00667084
0.0063778
0.00609169
0.00581273
0.00554113
0.00527707
0.00502068
0.00477209
0.00453138
0.00429861
0.00407382
0.00385702
0.00364819
0.00344729
0.00325428
0.00306908
0.00289159
0.00272171
0.00255931
0.00240425
0.00225638
0.00211554
0.00198155
0.00185423
0.00173341
0.00161887
0.00151043
0.00140787
0.001311
0.0012196
0.00113347
0.00105239
0.000976159
0.000904565
0.000837403
0.000774471
0.00071557
0.000660502
0.000609078
0.000561109
0.000516413
0.000474814
0.000436139
0.000400224
0.000366908
0.000336036
0.000307462
0.000281043
0.000256644
0.000234133
0.000213389
0.000194293
0.000176733
0.000160603
0.000145803
0.000132238
0.000119817
0.000108458
9.80791e-05
8.86071e-05
7.99717e-05
7.21074e-05
6.49531e-05
5.84514e-05
5.25492e-05
4.71969e-05
4.23484e-05
3.79609e-05
3.39947e-05
3.04132e-05
2.71824e-05
2.42712e-05
2.16506e-05
1.92941e-05
1.71773e-05
1.52778e-05
1.35751e-05
1.20504e-05
1.06865e-05
9.46768e-06
8.37971e-06
7.40953e-06
6.54527e-06
5.77618e-06
5.09249e-06
4.48534e-06
3.94672e-06
3.46939e-06
3.04681e-06
2.67309e-06
2.34292e-06
2.05153e-06
1.79463e-06
1.56836e-06
1.36929e-06
1.19431e-06
1.04068e-06
9.05927e-07
7.87852e-07
6.84498e-07
5.94122e-07
5.15175e-07
4.46282e-07
3.86225e-07
3.33924e-07
2.88423e-07
2.48879e-07
2.14547e-07
1.84771e-07
1.58971e-07
1.36641e-07
1.17333e-07
1.00654e-07
8.62626e-08
7.38564e-08
6.31728e-08
5.39818e-08
4.6083e-08
3.93015e-08
3.34853e-08
2.8502e-08
2.42366e-08
2.05895e-08
1.74741e-08
1.48156e-08
1.25493e-08
1.06193e-08
8.97732e-09
7.58184e-09
6.39703e-09
5.3921e-09
4.54061e-09
3.81984e-09
3.21035e-09
2.69548e-09
2.26097e-09
1.89466e-09
1.58614e-09
1.32656e-09
1.10839e-09
9.25187e-10
7.71514e-10
6.42738e-10
5.34934e-10
4.44777e-10
3.69454e-10
3.06588e-10
0.00279443
0.00297175
0.00315724
0.00335103
0.00355325
0.00376399
0.00398334
0.00421136
0.00444808
0.00469352
0.00494767
0.0052105
0.00548193
0.00576186
0.00605019
0.00634674
0.00665132
0.00696372
0.00728368
0.0076109
0.00794506
0.00828579
0.00863271
0.00898536
0.0093433
0.00970601
0.010073
0.0104436
0.0108173
0.0111934
0.0115713
0.0119503
0.0123296
0.0127086
0.0130864
0.0134623
0.0138355
0.0142052
0.0145705
0.0149306
0.0152846
0.0156318
0.0159713
0.0163022
0.0166237
0.0169351
0.0172354
0.0175239
0.0177999
0.0180625
0.0183112
0.0185451
0.0187637
0.0189664
0.0191525
0.0193216
0.0194731
0.0196067
0.0197219
0.0198184
0.019896
0.0199544
0.0199934
0.0200129
0.0200129
0.0199934
0.0199544
0.019896
0.0198184
0.0197219
0.0196067
0.0194731
0.0193216
0.0191525
0.0189664
0.0187637
0.0185451
0.0183112
0.0180625
0.0177999
0.0175239
0.0172354
0.0169351
0.0166237
0.0163022
0.0159713
0.0156318
0.0152846
0.0149306
0.0145705
0.0142052
0.0138355
0.0134623
0.0130864
0.0127086
0.0123296
0.0119503
0.0115713
0.0111934
0.0108173
0.0104436
0.010073
0.00970601
0.0093433
0.00898536
0.00863271
0.00828579
0.00794506
0.0076109
0.00728368
0.00696372
0.00665132
0.00634674
0.00605019
0.00576186
0.00548193
0.0052105
0.00494767
0.00469352
0.00444808
0.00421136
0.00398334
0.00376399
0.00355325
0.00335103
0.00315724
0.00297175
0.00279443
0.00262512
0.00246367
0.00230989
0.00216359
0.00202458
0.00189265
0.0017676
0.00164919
0.00153721
0.00143144
0.00133165
0.0012376
0.00114907
0.00106584
0.000987666
0.000914334
0.000845621
0.000781308
0.000721182
0.000665033
0.000612657
0.000563855
0.000518434
0.000476207
0.000436992
0.000400615
0.000366908
0.000335708
0.000306862
0.000280221
0.000255643
0.000232993
0.000212143
0.000192969
0.000175358
0.000159198
0.000144386
0.000130825
0.000118422
0.000107089
9.67473e-05
8.73186e-05
7.87318e-05
7.09202e-05
6.38213e-05
5.73769e-05
5.15329e-05
4.62389e-05
4.14483e-05
3.71177e-05
3.32072e-05
2.96797e-05
2.65009e-05
2.36396e-05
2.10666e-05
1.87553e-05
1.66813e-05
1.48222e-05
1.31574e-05
1.16682e-05
1.03375e-05
9.14954e-06
8.09023e-06
7.14658e-06
6.30683e-06
5.56033e-06
4.8974e-06
4.30929e-06
3.78811e-06
3.32671e-06
2.91866e-06
2.55816e-06
2.24e-06
1.9595e-06
1.71245e-06
1.49508e-06
1.30403e-06
1.13629e-06
9.89154e-07
8.60231e-07
7.47382e-07
6.48703e-07
5.62503e-07
4.87282e-07
4.21707e-07
3.64601e-07
3.1492e-07
2.71743e-07
2.34257e-07
2.01745e-07
1.73576e-07
1.49194e-07
1.28112e-07
1.09901e-07
9.41875e-08
8.06415e-08
6.89764e-08
5.8941e-08
5.03166e-08
4.29121e-08
3.65616e-08
3.11205e-08
2.64632e-08
2.2481e-08
1.90794e-08
1.61766e-08
1.37022e-08
1.15948e-08
9.80205e-09
8.27838e-09
6.98472e-09
5.88747e-09
4.95775e-09
4.17077e-09
3.50528e-09
2.94311e-09
2.46869e-09
2.06872e-09
1.73186e-09
1.44843e-09
1.21021e-09
1.01018e-09
8.42392e-10
7.01786e-10
5.84078e-10
4.85638e-10
4.03396e-10
3.34753e-10
0.00304817
0.0032416
0.00344393
0.00365532
0.0038759
0.00410577
0.00434504
0.00459376
0.00485198
0.00511971
0.00539694
0.00568363
0.0059797
0.00628506
0.00659956
0.00692304
0.00725528
0.00759605
0.00794506
0.00830199
0.00866649
0.00903817
0.00941658
0.00980126
0.0101917
0.0105873
0.0109876
0.0113919
0.0117995
0.0122098
0.012622
0.0130354
0.0134492
0.0138625
0.0142747
0.0146847
0.0150918
0.015495
0.0158935
0.0162863
0.0166725
0.0170512
0.0174215
0.0177825
0.0181332
0.0184728
0.0188004
0.0191151
0.0194161
0.0197027
0.0199739
0.0202291
0.0204675
0.0206886
0.0208916
0.021076
0.0212413
0.021387
0.0215127
0.021618
0.0217026
0.0217663
0.0218088
0.0218302
0.0218302
0.0218088
0.0217663
0.0217026
0.021618
0.0215127
0.021387
0.0212413
0.021076
0.0208916
0.0206886
0.0204675
0.0202291
0.0199739
0.0197027
0.0194161
0.0191151
0.0188004
0.0184728
0.0181332
0.0177825
0.0174215
0.0170512
0.0166725
0.0162863
0.0158935
0.015495
0.0150918
0.0146847
0.0142747
0.0138625
0.0134492
0.0130354
0.012622
0.0122098
0.0117995
0.0113919
0.0109876
0.0105873
0.0101917
0.00980126
0.00941658
0.00903817
0.00866649
0.00830199
0.00794506
0.00759605
0.00725528
0.00692304
0.00659956
0.00628506
0.0059797
0.00568363
0.00539694
0.00511971
0.00485198
0.00459376
0.00434504
0.00410577
0.0038759
0.00365532
0.00344393
0.0032416
0.00304817
0.00286349
0.00268738
0.00251963
0.00236005
0.00220842
0.00206451
0.0019281
0.00179894
0.0016768
0.00156142
0.00145257
0.00134998
0.00125341
0.00116262
0.00107735
0.000997358
0.000922406
0.000852253
0.000786667
0.00072542
0.000668288
0.000615055
0.00056551
0.000519448
0.000476672
0.000436992
0.000400224
0.000366192
0.000334726
0.000305666
0.000278856
0.000254149
0.000231406
0.000210492
0.000191281
0.000173654
0.000157497
0.000142704
0.000129175
0.000116814
0.000105532
9.52474e-05
8.58809e-05
7.736e-05
6.96164e-05
6.25869e-05
5.62122e-05
5.04375e-05
4.52119e-05
4.04881e-05
3.62225e-05
3.23747e-05
2.89073e-05
2.57861e-05
2.29795e-05
2.04584e-05
1.8196e-05
1.61681e-05
1.43521e-05
1.27277e-05
1.12761e-05
9.98035e-06
8.82485e-06
7.79551e-06
6.87951e-06
6.06522e-06
5.3421e-06
4.70059e-06
4.13208e-06
3.62879e-06
3.18369e-06
2.79045e-06
2.4434e-06
2.13743e-06
1.86794e-06
1.63084e-06
1.42244e-06
1.23947e-06
1.07897e-06
9.38343e-07
8.15246e-07
7.07607e-07
6.1358e-07
5.31528e-07
4.59999e-07
3.97708e-07
3.43516e-07
2.96418e-07
2.55529e-07
2.20064e-07
1.89337e-07
1.62741e-07
1.39745e-07
1.19881e-07
1.0274e-07
8.7964e-08
7.52396e-08
6.4293e-08
5.48854e-08
4.68087e-08
3.98815e-08
3.39463e-08
2.88662e-08
2.45223e-08
2.08118e-08
1.76455e-08
1.49463e-08
1.26477e-08
1.06921e-08
9.03008e-09
7.61895e-09
6.42207e-09
5.40792e-09
4.54948e-09
3.82357e-09
3.21035e-09
2.69285e-09
2.25656e-09
1.88911e-09
1.57996e-09
1.3201e-09
1.10191e-09
9.18884e-10
7.6551e-10
6.37114e-10
5.29736e-10
4.40025e-10
3.6515e-10
0.00332171
0.00353249
0.00375298
0.00398334
0.00422371
0.00447422
0.00473495
0.00500599
0.00528738
0.00557914
0.00588125
0.00619366
0.00651631
0.00684907
0.0071918
0.0075443
0.00790636
0.00827771
0.00865803
0.009047
0.00944421
0.00984924
0.0102616
0.0106808
0.0111063
0.0115374
0.0119736
0.0124142
0.0128584
0.0133055
0.0137547
0.0142052
0.0146561
0.0151065
0.0155557
0.0160025
0.0164461
0.0168855
0.0173197
0.0177478
0.0181687
0.0185814
0.0189849
0.0193783
0.0197605
0.0201305
0.0204875
0.0208305
0.0211585
0.0214707
0.0217663
0.0220444
0.0223042
0.0225451
0.0227664
0.0229673
0.0231475
0.0233063
0.0234432
0.023558
0.0236502
0.0237196
0.0237659
0.0237892
0.0237892
0.0237659
0.0237196
0.0236502
0.023558
0.0234432
0.0233063
0.0231475
0.0229673
0.0227664
0.0225451
0.0223042
0.0220444
0.0217663
0.0214707
0.0211585
0.0208305
0.0204875
0.0201305
0.0197605
0.0193783
0.0189849
0.0185814
0.0181687
0.0177478
0.0173197
0.0168855
0.0164461
0.0160025
0.0155557
0.0151065
0.0146561
0.0142052
0.0137547
0.0133055
0.0128584
0.0124142
0.0119736
0.0115374
0.0111063
0.0106808
0.0102616
0.00984924
0.00944421
0.009047
0.00865803
0.00827771
0.00790636
0.0075443
0.0071918
0.00684907
0.00651631
0.00619366
0.00588125
0.00557914
0.00528738
0.00500599
0.00473495
0.00447422
0.00422371
0.00398334
0.00375298
0.00353249
0.00332171
0.00312046
0.00292854
0.00274574
0.00257184
0.0024066
0.00224978
0.00210112
0.00196038
0.00182727
0.00170154
0.00158292
0.00147112
0.00136589
0.00126695
0.00117403
0.00108686
0.00100518
0.000928733
0.000857261
0.000790518
0.000728259
0.000670249
0.000616257
0.000566062
0.000519448
0.000476207
0.000436139
0.000399053
0.000364764
0.000333096
0.00030388
0.000276956
0.000252172
0.000229381
0.000208446
0.000189237
0.000171631
0.00015551
0.000140766
0.000127296
0.000115003
0.000103795
9.35877e-05
8.43021e-05
7.58637e-05
6.82033e-05
6.12566e-05
5.49637e-05
4.92691e-05
4.41215e-05
3.9473e-05
3.52799e-05
3.15014e-05
2.81001e-05
2.50416e-05
2.22943e-05
1.98289e-05
1.7619e-05
1.56401e-05
1.38699e-05
1.2288e-05
1.0876e-05
9.61677e-06
8.49506e-06
7.49687e-06
6.6095e-06
5.82149e-06
5.12241e-06
4.50289e-06
3.95443e-06
3.46939e-06
3.04086e-06
2.66267e-06
2.32923e-06
2.03557e-06
1.77719e-06
1.55009e-06
1.35069e-06
1.1758e-06
1.02255e-06
8.88405e-07
7.71106e-07
6.68642e-07
5.79226e-07
5.01279e-07
4.33397e-07
3.74342e-07
3.23018e-07
2.78459e-07
2.39813e-07
2.06328e-07
1.77346e-07
1.52285e-07
1.30639e-07
1.1196e-07
9.58578e-08
8.19915e-08
7.00626e-08
5.98108e-08
5.10092e-08
4.34604e-08
3.69926e-08
3.14566e-08
2.67229e-08
2.26794e-08
1.9229e-08
1.62876e-08
1.37827e-08
1.16516e-08
9.84042e-09
8.30266e-09
6.99837e-09
5.89322e-09
4.95775e-09
4.1667e-09
3.49844e-09
2.9345e-09
2.45906e-09
2.05864e-09
1.72174e-09
1.43857e-09
1.20079e-09
1.00134e-09
8.34206e-10
6.94288e-10
5.77273e-10
4.79512e-10
3.97918e-10
0.00361626
0.00384573
0.00408577
0.00433656
0.00459825
0.00487097
0.00515482
0.0054499
0.00575624
0.00607387
0.00640276
0.00674288
0.00709414
0.00745641
0.00782952
0.00821329
0.00860745
0.00901173
0.00942578
0.00984924
0.0102817
0.0107226
0.0111716
0.0116279
0.0120911
0.0125605
0.0130354
0.013515
0.0139986
0.0144853
0.0149744
0.0154648
0.0159557
0.0164461
0.0169351
0.0174215
0.0179045
0.0183828
0.0188556
0.0193216
0.0197798
0.0202291
0.0206684
0.0210966
0.0215127
0.0219156
0.0223042
0.0226776
0.0230347
0.0233746
0.0236964
0.0239992
0.0242821
0.0245443
0.0247852
0.025004
0.0252001
0.0253729
0.025522
0.025647
0.0257473
0.0258229
0.0258734
0.0258986
0.0258986
0.0258734
0.0258229
0.0257473
0.025647
0.025522
0.0253729
0.0252001
0.025004
0.0247852
0.0245443
0.0242821
0.0239992
0.0236964
0.0233746
0.0230347
0.0226776
0.0223042
0.0219156
0.0215127
0.0210966
0.0206684
0.0202291
0.0197798
0.0193216
0.0188556
0.0183828
0.0179045
0.0174215
0.0169351
0.0164461
0.0159557
0.0154648
0.0149744
0.0144853
0.0139986
0.013515
0.0130354
0.0125605
0.0120911
0.0116279
0.0111716
0.0107226
0.0102817
0.00984924
0.00942578
0.00901173
0.00860745
0.00821329
0.00782952
0.00745641
0.00709414
0.00674288
0.00640276
0.00607387
0.00575624
0.0054499
0.00515482
0.00487097
0.00459825
0.00433656
0.00408577
0.00384573
0.00361626
0.00339716
0.00318822
0.00298922
0.00279989
0.00262
0.00244928
0.00228744
0.00213421
0.0019893
0.00185242
0.00172328
0.00160158
0.00148701
0.0013793
0.00127813
0.00118324
0.00109431
0.00101109
0.000933279
0.000860617
0.000792837
0.000729683
0.000670904
0.000616257
0.00056551
0.000518434
0.000474814
0.000434439
0.000397109
0.000362633
0.000330827
0.000301515
0.000274533
0.000249721
0.00022693
0.000206018
0.00018685
0.0001693
0.000153249
0.000138584
0.0001252
0.000112999
0.000101887
9.17776e-05
8.25909e-05
7.42512e-05
6.66885e-05
5.98376e-05
5.3638e-05
4.80339e-05
4.29733e-05
3.84083e-05
3.42948e-05
3.05919e-05
2.72622e-05
2.42712e-05
2.15872e-05
1.91813e-05
1.7027e-05
1.50998e-05
1.33777e-05
1.18404e-05
1.04695e-05
9.24836e-06
8.16165e-06
7.1956e-06
6.3377e-06
5.57664e-06
4.90218e-06
4.30509e-06
3.77703e-06
3.31051e-06
2.89878e-06
2.53578e-06
2.21607e-06
1.93478e-06
1.68754e-06
1.47047e-06
1.28006e-06
1.11322e-06
9.67184e-07
8.39484e-07
7.27933e-07
6.30589e-07
5.45729e-07
4.71828e-07
4.07537e-07
3.51662e-07
3.03151e-07
2.61078e-07
2.24624e-07
1.93072e-07
1.65789e-07
1.42223e-07
1.21888e-07
1.04358e-07
8.9262e-08
7.62754e-08
6.51145e-08
5.55324e-08
4.73142e-08
4.02729e-08
3.4246e-08
2.90926e-08
2.46905e-08
2.09341e-08
1.77319e-08
1.50048e-08
1.26848e-08
1.0713e-08
9.0389e-09
7.61895e-09
6.4158e-09
5.39737e-09
4.53618e-09
3.80867e-09
3.19472e-09
2.67712e-09
2.24119e-09
1.87441e-09
1.56613e-09
1.30727e-09
1.09014e-09
9.08179e-10
7.55853e-10
6.28463e-10
5.22033e-10
4.33203e-10
0.00393309
0.00418267
0.00444374
0.00471649
0.00500111
0.00529772
0.00560645
0.00592738
0.00626056
0.00660601
0.00696372
0.00733364
0.00771567
0.00810968
0.00851548
0.00893287
0.00936157
0.00980126
0.0102516
0.0107121
0.0111825
0.011662
0.0121503
0.0126467
0.0131505
0.013661
0.0141774
0.0146991
0.015225
0.0157544
0.0162863
0.0168197
0.0173536
0.017887
0.0184188
0.0189479
0.0194731
0.0199934
0.0205075
0.0210144
0.0215127
0.0220014
0.0224792
0.0229449
0.0233975
0.0238357
0.0242584
0.0246644
0.0250529
0.0254225
0.0257725
0.0261018
0.0264095
0.0266947
0.0269566
0.0271946
0.0274079
0.0275959
0.0277581
0.0278939
0.0280031
0.0280853
0.0281402
0.0281677
0.0281677
0.0281402
0.0280853
0.0280031
0.0278939
0.0277581
0.0275959
0.0274079
0.0271946
0.0269566
0.0266947
0.0264095
0.0261018
0.0257725
0.0254225
0.0250529
0.0246644
0.0242584
0.0238357
0.0233975
0.0229449
0.0224792
0.0220014
0.0215127
0.0210144
0.0205075
0.0199934
0.0194731
0.0189479
0.0184188
0.017887
0.0173536
0.0168197
0.0162863
0.0157544
0.015225
0.0146991
0.0141774
0.013661
0.0131505
0.0126467
0.0121503
0.011662
0.0111825
0.0107121
0.0102516
0.00980126
0.00936157
0.00893287
0.00851548
0.00810968
0.00771567
0.00733364
0.00696372
0.00660601
0.00626056
0.00592738
0.00560645
0.00529772
0.00500111
0.00471649
0.00444374
0.00418267
0.00393309
0.0036948
0.00346755
0.00325111
0.0030452
0.00284955
0.00266386
0.00248785
0.00232119
0.00216359
0.00201472
0.00187426
0.00174189
0.00161729
0.00150014
0.00139011
0.0012869
0.00119019
0.00109967
0.00101505
0.000936017
0.000862299
0.000793612
0.000729683
0.000670249
0.000615055
0.000563855
0.000516413
0.000472501
0.000431901
0.000394404
0.000359811
0.000327932
0.000298585
0.0002716
0.000246812
0.000224067
0.00020322
0.000184133
0.000166675
0.000150726
0.000136169
0.000122899
0.000110813
9.98184e-05
8.98268e-05
8.07565e-05
7.25312e-05
6.508e-05
5.83374e-05
5.22422e-05
4.67383e-05
4.17734e-05
3.72994e-05
3.32721e-05
2.96507e-05
2.63976e-05
2.34785e-05
2.08619e-05
1.85187e-05
1.64227e-05
1.45497e-05
1.28777e-05
1.13868e-05
1.00586e-05
8.87671e-06
7.82602e-06
6.89296e-06
6.06522e-06
5.33167e-06
4.68227e-06
4.10794e-06
3.60055e-06
3.15275e-06
2.75794e-06
2.41022e-06
2.10429e-06
1.83539e-06
1.5993e-06
1.39221e-06
1.21075e-06
1.05192e-06
9.13033e-07
7.91709e-07
6.85836e-07
5.93542e-07
5.13166e-07
4.43242e-07
3.82472e-07
3.29711e-07
2.83951e-07
2.44304e-07
2.09987e-07
1.80314e-07
1.54683e-07
1.32566e-07
1.13501e-07
9.70825e-08
8.2958e-08
7.08193e-08
6.03977e-08
5.14595e-08
4.38012e-08
3.72463e-08
3.16414e-08
2.68537e-08
2.27682e-08
1.92854e-08
1.63194e-08
1.37961e-08
1.16516e-08
9.83081e-09
8.28646e-09
6.9779e-09
5.87025e-09
4.9336e-09
4.14235e-09
3.47461e-09
2.91166e-09
2.43754e-09
2.03863e-09
1.70334e-09
1.42181e-09
1.18565e-09
9.87746e-10
8.22075e-10
6.83524e-10
5.67769e-10
4.71157e-10
0.0042735
0.00454468
0.00482834
0.00512471
0.00543396
0.00575624
0.00609169
0.00644039
0.00680241
0.00717776
0.00756644
0.00796837
0.00838346
0.00881157
0.0092525
0.00970601
0.0101718
0.0106496
0.0111389
0.0116393
0.0121503
0.0126714
0.0132019
0.0137412
0.0142886
0.0148433
0.0154045
0.0159713
0.0165428
0.017118
0.0176959
0.0182754
0.0188556
0.0194351
0.0200129
0.0205878
0.0211585
0.0217238
0.0222825
0.0228332
0.0233746
0.0239056
0.0244248
0.0249308
0.0254225
0.0258986
0.0263579
0.0267992
0.0272212
0.0276229
0.0280031
0.0283609
0.0286952
0.0290051
0.0292898
0.0295483
0.0297801
0.0299843
0.0301605
0.0303082
0.0304268
0.0305161
0.0305757
0.0306056
0.0306056
0.0305757
0.0305161
0.0304268
0.0303082
0.0301605
0.0299843
0.0297801
0.0295483
0.0292898
0.0290051
0.0286952
0.0283609
0.0280031
0.0276229
0.0272212
0.0267992
0.0263579
0.0258986
0.0254225
0.0249308
0.0244248
0.0239056
0.0233746
0.0228332
0.0222825
0.0217238
0.0211585
0.0205878
0.0200129
0.0194351
0.0188556
0.0182754
0.0176959
0.017118
0.0165428
0.0159713
0.0154045
0.0148433
0.0142886
0.0137412
0.0132019
0.0126714
0.0121503
0.0116393
0.0111389
0.0106496
0.0101718
0.00970601
0.0092525
0.00881157
0.00838346
0.00796837
0.00756644
0.00717776
0.00680241
0.00644039
0.00609169
0.00575624
0.00543396
0.00512471
0.00482834
0.00454468
0.0042735
0.00401458
0.00376767
0.00353249
0.00330876
0.00309617
0.00289442
0.00270317
0.00252209
0.00235085
0.00218909
0.00203648
0.00189265
0.00175727
0.00162998
0.00151043
0.00139828
0.0012932
0.00119485
0.0011029
0.00101703
0.000936931
0.000862299
0.000792837
0.000728259
0.000668288
0.000612657
0.000561109
0.000513396
0.000469282
0.00042854
0.000390953
0.000356314
0.000324428
0.000295107
0.000268173
0.00024346
0.000220809
0.00020007
0.000181101
0.000163771
0.000147955
0.000133536
0.000120404
0.000108458
9.76014e-05
8.7746e-05
7.88088e-05
7.07127e-05
6.33865e-05
5.67638e-05
5.07835e-05
4.53888e-05
4.05277e-05
3.61518e-05
3.2217e-05
2.86824e-05
2.55106e-05
2.26675e-05
2.01215e-05
1.78441e-05
1.5809e-05
1.39923e-05
1.23723e-05
1.09292e-05
9.64499e-06
8.50336e-06
7.48955e-06
6.59017e-06
5.79313e-06
5.08752e-06
4.46349e-06
3.91218e-06
3.42562e-06
2.99664e-06
2.61883e-06
2.28642e-06
1.99425e-06
1.73772e-06
1.5127e-06
1.31554e-06
1.14297e-06
9.92056e-07
8.60231e-07
7.45196e-07
6.44913e-07
5.57581e-07
4.81605e-07
4.15575e-07
3.58248e-07
3.08527e-07
2.65448e-07
2.28161e-07
1.95921e-07
1.68071e-07
1.4404e-07
1.23324e-07
1.05485e-07
9.0138e-08
7.69487e-08
6.56252e-08
5.59133e-08
4.75923e-08
4.047e-08
3.438e-08
2.91779e-08
2.47388e-08
2.09546e-08
1.77319e-08
1.49902e-08
1.26601e-08
1.06817e-08
9.00366e-09
7.58184e-09
6.37832e-09
5.3606e-09
4.50087e-09
3.77534e-09
3.16367e-09
2.64851e-09
2.21508e-09
1.85077e-09
1.54486e-09
1.28826e-09
1.07324e-09
8.93226e-10
7.42683e-10
6.16909e-10
5.11936e-10
0.00463884
0.0049332
0.00524112
0.00556282
0.0058985
0.00624834
0.00661246
0.00699098
0.00738394
0.00779139
0.00821329
0.00864958
0.00910016
0.00956487
0.0100435
0.0105358
0.0110414
0.01156
0.0120911
0.0126343
0.013189
0.0137547
0.0143306
0.014916
0.0155102
0.0161123
0.0167214
0.0173367
0.017957
0.0185814
0.0192087
0.0198378
0.0204675
0.0210966
0.0217238
0.0223478
0.0229673
0.023581
0.0241874
0.0247852
0.0253729
0.0259493
0.0265128
0.0270622
0.0275959
0.0281127
0.0286113
0.0290902
0.0295483
0.0299843
0.0303971
0.0307855
0.0311483
0.0314848
0.0317937
0.0320744
0.032326
0.0325477
0.032739
0.0328992
0.033028
0.0331249
0.0331896
0.0332221
0.0332221
0.0331896
0.0331249
0.033028
0.0328992
0.032739
0.0325477
0.032326
0.0320744
0.0317937
0.0314848
0.0311483
0.0307855
0.0303971
0.0299843
0.0295483
0.0290902
0.0286113
0.0281127
0.0275959
0.0270622
0.0265128
0.0259493
0.0253729
0.0247852
0.0241874
0.023581
0.0229673
0.0223478
0.0217238
0.0210966
0.0204675
0.0198378
0.0192087
0.0185814
0.017957
0.0173367
0.0167214
0.0161123
0.0155102
0.014916
0.0143306
0.0137547
0.013189
0.0126343
0.0120911
0.01156
0.0110414
0.0105358
0.0100435
0.00956487
0.00910016
0.00864958
0.00821329
0.00779139
0.00738394
0.00699098
0.00661246
0.00624834
0.0058985
0.00556282
0.00524112
0.0049332
0.00463884
0.00435779
0.00408977
0.00383448
0.00359163
0.00336087
0.00314186
0.00293426
0.00273771
0.00255182
0.00237624
0.00221058
0.00205446
0.0019075
0.00176932
0.00163956
0.00151782
0.00140376
0.001297
0.00119718
0.00110398
0.00101703
0.000936017
0.000860617
0.000790518
0.00072542
0.000665033
0.000609078
0.000557286
0.000509401
0.000465176
0.000424375
0.000386776
0.000352163
0.000320335
0.000291099
0.000264274
0.000239686
0.000217173
0.000196583
0.000177772
0.000160603
0.000144952
0.000130697
0.00011773
0.000105945
9.52474e-05
8.55461e-05
7.6758e-05
6.88054e-05
6.16165e-05
5.51249e-05
4.92691e-05
4.39924e-05
3.92424e-05
3.49712e-05
3.11344e-05
2.76915e-05
2.46053e-05
2.18417e-05
1.93696e-05
1.71605e-05
1.51885e-05
1.343e-05
1.18635e-05
1.04695e-05
9.23031e-06
8.12983e-06
7.15356e-06
6.28838e-06
5.52245e-06
4.84507e-06
4.24663e-06
3.71847e-06
3.25283e-06
2.84271e-06
2.48188e-06
2.16473e-06
1.88627e-06
1.64203e-06
1.42801e-06
1.24068e-06
1.07687e-06
9.33772e-07
8.08902e-07
7.00046e-07
6.05248e-07
5.22777e-07
4.51102e-07
3.88874e-07
3.34903e-07
2.88141e-07
2.47667e-07
2.1267e-07
1.8244e-07
1.56354e-07
1.33867e-07
1.14503e-07
9.78439e-08
8.3527e-08
7.12354e-08
6.06934e-08
5.16609e-08
4.39298e-08
3.73191e-08
3.16723e-08
2.68537e-08
2.2746e-08
1.92478e-08
1.62717e-08
1.37424e-08
1.15948e-08
9.77338e-09
8.23001e-09
6.9236e-09
5.81888e-09
4.88565e-09
4.09809e-09
3.43413e-09
2.87493e-09
2.40444e-09
2.00899e-09
1.67693e-09
1.3984e-09
1.16499e-09
9.69588e-10
8.06175e-10
6.69649e-10
5.55701e-10
0.0050305
0.00534971
0.00568363
0.00603249
0.00639652
0.00677589
0.00717076
0.00758123
0.00800737
0.00844922
0.00890674
0.00937987
0.00986849
0.0103724
0.0108915
0.0114253
0.0119736
0.012536
0.013112
0.013701
0.0143026
0.014916
0.0155405
0.0161753
0.0168197
0.0174726
0.0181332
0.0188004
0.0194731
0.0201502
0.0208305
0.0215127
0.0221956
0.0228778
0.023558
0.0242347
0.0249065
0.0255719
0.0262295
0.0268778
0.0275152
0.0281402
0.0287513
0.029347
0.0299258
0.0304863
0.0310269
0.0315463
0.0320431
0.0325159
0.0329635
0.0333847
0.0337782
0.034143
0.0344781
0.0347824
0.0350552
0.0352957
0.0355031
0.0356769
0.0358165
0.0359216
0.0359918
0.036027
0.036027
0.0359918
0.0359216
0.0358165
0.0356769
0.0355031
0.0352957
0.0350552
0.0347824
0.0344781
0.034143
0.0337782
0.0333847
0.0329635
0.0325159
0.0320431
0.0315463
0.0310269
0.0304863
0.0299258
0.029347
0.0287513
0.0281402
0.0275152
0.0268778
0.0262295
0.0255719
0.0249065
0.0242347
0.023558
0.0228778
0.0221956
0.0215127
0.0208305
0.0201502
0.0194731
0.0188004
0.0181332
0.0174726
0.0168197
0.0161753
0.0155405
0.014916
0.0143026
0.013701
0.013112
0.012536
0.0119736
0.0114253
0.0108915
0.0103724
0.00986849
0.00937987
0.00890674
0.00844922
0.00800737
0.00758123
0.00717076
0.00677589
0.00639652
0.00603249
0.00568363
0.00534971
0.0050305
0.00472572
0.00443507
0.00415823
0.00389487
0.00364462
0.00340713
0.003182
0.00296885
0.00276727
0.00257687
0.00239722
0.00222791
0.00206855
0.00191871
0.00177798
0.00164597
0.00152228
0.0014065
0.00129826
0.00119718
0.0011029
0.00101505
0.000933279
0.000857261
0.000786667
0.000721182
0.000660502
0.000604338
0.00055241
0.00050445
0.000460205
0.000419431
0.000381896
0.000347381
0.000315677
0.000286586
0.000259923
0.000235509
0.000213181
0.000192781
0.000174163
0.00015719
0.000141732
0.00012767
0.00011489
0.000103289
9.27688e-05
8.32386e-05
7.46146e-05
6.68188e-05
5.97792e-05
5.34289e-05
4.77067e-05
4.25557e-05
3.79238e-05
3.37631e-05
3.00295e-05
2.66827e-05
2.36858e-05
2.1005e-05
1.86094e-05
1.64709e-05
1.45639e-05
1.28652e-05
1.13535e-05
1.00096e-05
8.81623e-06
7.75754e-06
6.81931e-06
5.98871e-06
5.25414e-06
4.60517e-06
4.03243e-06
3.52746e-06
3.08272e-06
2.69143e-06
2.3475e-06
2.04553e-06
1.78066e-06
1.54858e-06
1.34543e-06
1.16779e-06
1.01261e-06
8.77198e-07
7.59152e-07
6.5635e-07
5.66915e-07
4.89189e-07
4.21707e-07
3.63179e-07
3.12469e-07
2.68577e-07
2.30625e-07
1.97843e-07
1.69555e-07
1.4517e-07
1.2417e-07
1.06105e-07
9.05792e-08
7.72499e-08
6.58177e-08
5.60226e-08
4.76388e-08
4.047e-08
3.43464e-08
2.9121e-08
2.46664e-08
2.08729e-08
1.76455e-08
1.49026e-08
1.25738e-08
1.05985e-08
8.92487e-09
7.50816e-09
6.31017e-09
5.29815e-09
4.4441e-09
3.72408e-09
3.11766e-09
2.60745e-09
2.17861e-09
1.81852e-09
1.51646e-09
1.26335e-09
1.05145e-09
8.7424e-10
7.26187e-10
6.02619e-10
0.0054499
0.00579572
0.00615748
0.00653543
0.0069298
0.00734081
0.00776859
0.00821329
0.00867496
0.00915364
0.00964931
0.0101619
0.0106912
0.0112372
0.0117995
0.0123779
0.0129719
0.0135812
0.0142052
0.0148433
0.015495
0.0161595
0.0168361
0.0175239
0.018222
0.0189294
0.019645
0.0203678
0.0210966
0.0218302
0.0225672
0.0233063
0.0240461
0.0247852
0.025522
0.0262552
0.026983
0.0277039
0.0284163
0.0291186
0.0298092
0.0304863
0.0311483
0.0317937
0.0324208
0.033028
0.0336137
0.0341764
0.0347146
0.0352268
0.0357118
0.036168
0.0365944
0.0369896
0.0373526
0.0376823
0.0379779
0.0382384
0.0384631
0.0386513
0.0388026
0.0389165
0.0389925
0.0390306
0.0390306
0.0389925
0.0389165
0.0388026
0.0386513
0.0384631
0.0382384
0.0379779
0.0376823
0.0373526
0.0369896
0.0365944
0.036168
0.0357118
0.0352268
0.0347146
0.0341764
0.0336137
0.033028
0.0324208
0.0317937
0.0311483
0.0304863
0.0298092
0.0291186
0.0284163
0.0277039
0.026983
0.0262552
0.025522
0.0247852
0.0240461
0.0233063
0.0225672
0.0218302
0.0210966
0.0203678
0.019645
0.0189294
0.018222
0.0175239
0.0168361
0.0161595
0.015495
0.0148433
0.0142052
0.0135812
0.0129719
0.0123779
0.0117995
0.0112372
0.0106912
0.0101619
0.00964931
0.00915364
0.00867496
0.00821329
0.00776859
0.00734081
0.0069298
0.00653543
0.00615748
0.00579572
0.0054499
0.00511971
0.00480482
0.00450491
0.00421959
0.00394848
0.00369119
0.00344729
0.00321637
0.00299799
0.0027917
0.00259708
0.00241366
0.00224101
0.00207867
0.00192622
0.0017832
0.00164919
0.00152376
0.0014065
0.001297
0.00119485
0.00109967
0.00101109
0.000928733
0.000852253
0.000781308
0.00071557
0.000654723
0.000598465
0.000546507
0.000498573
0.0004544
0.000413736
0.000376343
0.000341996
0.00031048
0.000281593
0.000255144
0.000230954
0.000208854
0.000188684
0.000170295
0.000153548
0.000138314
0.000124469
0.000111901
0.000100503
9.01784e-05
8.08354e-05
7.23896e-05
6.4763e-05
5.78834e-05
5.16841e-05
4.61036e-05
4.10856e-05
3.6578e-05
3.25331e-05
2.89073e-05
2.56605e-05
2.27562e-05
2.01609e-05
1.78441e-05
1.57781e-05
1.39378e-05
1.23e-05
1.08442e-05
9.55126e-06
8.4043e-06
7.38785e-06
6.488e-06
5.69219e-06
4.98912e-06
4.36862e-06
3.82155e-06
3.33973e-06
2.91581e-06
2.54322e-06
2.21607e-06
1.92912e-06
1.67768e-06
1.4576e-06
1.26515e-06
1.09703e-06
9.50331e-07
8.22443e-07
7.11071e-07
6.1418e-07
5.29973e-07
4.56865e-07
3.93458e-07
3.3852e-07
2.90969e-07
2.49853e-07
2.14338e-07
1.83691e-07
1.57273e-07
1.34523e-07
1.14951e-07
9.8131e-08
8.36903e-08
7.1305e-08
6.06934e-08
5.16105e-08
4.3844e-08
3.721e-08
3.15489e-08
2.67229e-08
2.26131e-08
1.91167e-08
1.61451e-08
1.36221e-08
1.14822e-08
9.66895e-09
8.13413e-09
6.83626e-09
5.73987e-09
4.81461e-09
4.03456e-09
3.37759e-09
2.82484e-09
2.36024e-09
1.97013e-09
1.64289e-09
1.36867e-09
1.13911e-09
9.47127e-10
7.86731e-10
6.5286e-10
0.0058985
0.0062728
0.00666433
0.00707339
0.00750022
0.00794506
0.00840806
0.00888936
0.00938903
0.00990712
0.0104436
0.0109984
0.0115713
0.0121622
0.0127708
0.0133967
0.0140397
0.0146991
0.0153744
0.0160651
0.0167705
0.0174897
0.018222
0.0189664
0.0197219
0.0204875
0.0212621
0.0220444
0.0228332
0.0236271
0.0244248
0.0252247
0.0260254
0.0268253
0.0276229
0.0284163
0.0292041
0.0299843
0.0307554
0.0315155
0.0322629
0.0329957
0.0337123
0.0344108
0.0350895
0.0357466
0.0363806
0.0369896
0.0375721
0.0381265
0.0386513
0.0391452
0.0396066
0.0400343
0.0404272
0.0407841
0.041104
0.0413859
0.0416291
0.0418329
0.0419966
0.0421198
0.0422022
0.0422434
0.0422434
0.0422022
0.0421198
0.0419966
0.0418329
0.0416291
0.0413859
0.041104
0.0407841
0.0404272
0.0400343
0.0396066
0.0391452
0.0386513
0.0381265
0.0375721
0.0369896
0.0363806
0.0357466
0.0350895
0.0344108
0.0337123
0.0329957
0.0322629
0.0315155
0.0307554
0.0299843
0.0292041
0.0284163
0.0276229
0.0268253
0.0260254
0.0252247
0.0244248
0.0236271
0.0228332
0.0220444
0.0212621
0.0204875
0.0197219
0.0189664
0.018222
0.0174897
0.0167705
0.0160651
0.0153744
0.0146991
0.0140397
0.0133967
0.0127708
0.0121622
0.0115713
0.0109984
0.0104436
0.00990712
0.00938903
0.00888936
0.00840806
0.00794506
0.00750022
0.00707339
0.00666433
0.0062728
0.0058985
0.00554113
0.00520033
0.00487573
0.00456692
0.0042735
0.00399503
0.00373105
0.00348112
0.00324476
0.0030215
0.00281085
0.00261234
0.00242547
0.00224978
0.00208477
0.00192998
0.00178494
0.00164919
0.00152228
0.00140376
0.0012932
0.00119019
0.00109431
0.00100518
0.000922406
0.000845621
0.000774471
0.000708616
0.000647727
0.000591493
0.000539613
0.000491803
0.000447792
0.000407321
0.000370147
0.000336036
0.000304772
0.000276146
0.000249965
0.000226045
0.000204215
0.000184313
0.000166188
0.000149699
0.000134714
0.000121112
0.000108776
9.76014e-05
8.74893e-05
7.83483e-05
7.0094e-05
6.2648e-05
5.59384e-05
4.98986e-05
4.44675e-05
3.95889e-05
3.52111e-05
3.12868e-05
2.77728e-05
2.46293e-05
2.18204e-05
1.93129e-05
1.70769e-05
1.5085e-05
1.33125e-05
1.17368e-05
1.03375e-05
9.09609e-06
7.99598e-06
7.02205e-06
6.16074e-06
5.39979e-06
4.72821e-06
4.13612e-06
3.61464e-06
3.15583e-06
2.75256e-06
2.39848e-06
2.08791e-06
1.81578e-06
1.57758e-06
1.36929e-06
1.18734e-06
1.02856e-06
8.90142e-07
7.69602e-07
6.64735e-07
5.73598e-07
4.94472e-07
4.25845e-07
3.66385e-07
3.1492e-07
2.7042e-07
2.31981e-07
1.98812e-07
1.70219e-07
1.45596e-07
1.24413e-07
1.06209e-07
9.05792e-08
7.71745e-08
6.56893e-08
5.58588e-08
4.7453e-08
4.02729e-08
3.41458e-08
2.89226e-08
2.44745e-08
2.06902e-08
1.74741e-08
1.47434e-08
1.24273e-08
1.04648e-08
8.80368e-09
7.39898e-09
6.21234e-09
5.21092e-09
4.36666e-09
3.65561e-09
3.05736e-09
2.55452e-09
2.1323e-09
1.77813e-09
1.48133e-09
1.23288e-09
1.02509e-09
8.5149e-10
7.066e-10
0.0063778
0.00678251
0.00720586
0.00764815
0.00810968
0.00859066
0.00909128
0.00961169
0.010152
0.0107121
0.0112922
0.0118921
0.0125115
0.0131505
0.0138085
0.0144853
0.0151805
0.0158935
0.0166237
0.0173706
0.0181332
0.0189109
0.0197027
0.0205075
0.0213245
0.0221523
0.0229898
0.0238357
0.0246885
0.025547
0.0264095
0.0272744
0.0281402
0.0290051
0.0298674
0.0307254
0.0315771
0.0324208
0.0332545
0.0340764
0.0348845
0.0356769
0.0364517
0.0372069
0.0379408
0.0386513
0.0393368
0.0399953
0.0406251
0.0412246
0.0417921
0.042326
0.0428249
0.0432874
0.0437122
0.0440981
0.044444
0.0447489
0.0450118
0.0452321
0.0454092
0.0455424
0.0456314
0.045676
0.045676
0.0456314
0.0455424
0.0454092
0.0452321
0.0450118
0.0447489
0.044444
0.0440981
0.0437122
0.0432874
0.0428249
0.042326
0.0417921
0.0412246
0.0406251
0.0399953
0.0393368
0.0386513
0.0379408
0.0372069
0.0364517
0.0356769
0.0348845
0.0340764
0.0332545
0.0324208
0.0315771
0.0307254
0.0298674
0.0290051
0.0281402
0.0272744
0.0264095
0.025547
0.0246885
0.0238357
0.0229898
0.0221523
0.0213245
0.0205075
0.0197027
0.0189109
0.0181332
0.0173706
0.0166237
0.0158935
0.0151805
0.0144853
0.0138085
0.0131505
0.0125115
0.0118921
0.0112922
0.0107121
0.010152
0.00961169
0.00909128
0.00859066
0.00810968
0.00764815
0.00720586
0.00678251
0.0063778
0.00599139
0.0056229
0.00527192
0.00493802
0.00462075
0.00431965
0.00403423
0.00376399
0.00350843
0.00326702
0.00303926
0.00282461
0.00262256
0.00243259
0.00225418
0.00208681
0.00192998
0.0017832
0.00164597
0.00151782
0.00139828
0.0012869
0.00118324
0.00108686
0.000997358
0.000914334
0.000837403
0.000766196
0.00070036
0.000639556
0.000583461
0.000531766
0.000484179
0.000440419
0.000400224
0.000363342
0.000329537
0.000298585
0.000270277
0.000244413
0.000220809
0.00019929
0.000179692
0.000161863
0.000145661
0.000130953
0.000117615
0.000105532
9.45985e-05
8.47148e-05
7.57896e-05
6.77387e-05
6.04838e-05
5.39533e-05
4.80808e-05
4.28058e-05
3.80722e-05
3.38291e-05
3.00295e-05
2.66307e-05
2.35935e-05
2.08822e-05
1.84645e-05
1.63108e-05
1.43943e-05
1.26905e-05
1.11775e-05
9.83522e-06
8.64571e-06
7.59265e-06
6.66134e-06
5.83857e-06
5.11242e-06
4.47221e-06
3.90836e-06
3.41226e-06
2.97623e-06
2.59338e-06
2.25757e-06
1.96333e-06
1.70577e-06
1.48055e-06
1.28382e-06
1.11214e-06
9.62473e-07
8.32138e-07
7.1875e-07
6.20207e-07
5.34652e-07
4.60449e-07
3.96157e-07
3.4051e-07
2.92393e-07
2.50831e-07
2.14967e-07
1.8405e-07
1.57427e-07
1.34523e-07
1.14839e-07
9.79395e-08
8.34455e-08
7.1027e-08
6.03977e-08
5.1309e-08
4.35454e-08
3.69204e-08
3.12728e-08
2.64632e-08
2.23715e-08
1.8894e-08
1.59414e-08
1.34371e-08
1.13152e-08
9.51905e-09
8.0002e-09
6.71714e-09
5.63435e-09
4.72148e-09
3.95266e-09
3.3058e-09
2.7621e-09
2.30557e-09
1.92261e-09
1.6017e-09
1.33306e-09
1.10839e-09
9.2068e-10
7.64017e-10
0.00688932
0.00732648
0.00778378
0.00826155
0.00876009
0.00927965
0.00982042
0.0103826
0.0109662
0.0115713
0.0121979
0.0128458
0.013515
0.0142052
0.014916
0.0156471
0.016398
0.0171682
0.017957
0.0187637
0.0195875
0.0204276
0.0212829
0.0221523
0.0230347
0.023929
0.0248336
0.0257473
0.0266686
0.0275959
0.0285276
0.0294619
0.0303971
0.0313314
0.0322629
0.0331896
0.0341097
0.035021
0.0359216
0.0368094
0.0376823
0.0385383
0.0393752
0.040191
0.0409837
0.0417513
0.0424917
0.043203
0.0438833
0.0445309
0.0451439
0.0457207
0.0462596
0.0467592
0.0472181
0.0476349
0.0480085
0.0483378
0.0486219
0.0488599
0.0490511
0.049195
0.0492912
0.0493394
0.0493394
0.0492912
0.049195
0.0490511
0.0488599
0.0486219
0.0483378
0.0480085
0.0476349
0.0472181
0.0467592
0.0462596
0.0457207
0.0451439
0.0445309
0.0438833
0.043203
0.0424917
0.0417513
0.0409837
0.040191
0.0393752
0.0385383
0.0376823
0.0368094
0.0359216
0.035021
0.0341097
0.0331896
0.0322629
0.0313314
0.0303971
0.0294619
0.0285276
0.0275959
0.0266686
0.0257473
0.0248336
0.023929
0.0230347
0.0221523
0.0212829
0.0204276
0.0195875
0.0187637
0.017957
0.0171682
0.016398
0.0156471
0.014916
0.0142052
0.013515
0.0128458
0.0121979
0.0115713
0.0109662
0.0103826
0.00982042
0.00927965
0.00876009
0.00826155
0.00778378
0.00732648
0.00688932
0.00647192
0.00607387
0.00569474
0.00533406
0.00499135
0.0046661
0.00435779
0.00406587
0.00378981
0.00352904
0.00328301
0.00305115
0.0028329
0.00262769
0.00243497
0.00225418
0.00208477
0.00192622
0.00177798
0.00163956
0.00151043
0.00139011
0.00127813
0.00117403
0.00107735
0.000987666
0.000904565
0.000827647
0.000756531
0.00069085
0.000630256
0.000574415
0.000523011
0.000475742
0.000432323
0.000392483
0.000355967
0.000322533
0.000291953
0.000264016
0.000238518
0.000215273
0.000194103
0.000174845
0.000157343
0.000141455
0.000127048
0.000113996
0.000102186
9.15091e-05
8.18682e-05
7.31715e-05
6.53348e-05
5.82804e-05
5.1937e-05
4.62389e-05
4.11257e-05
3.65423e-05
3.24379e-05
2.87665e-05
2.54857e-05
2.25571e-05
1.99454e-05
1.7619e-05
1.55487e-05
1.37083e-05
1.20739e-05
1.0624e-05
9.33912e-06
8.2016e-06
7.1956e-06
6.30683e-06
5.52245e-06
4.8309e-06
4.22182e-06
3.68594e-06
3.21493e-06
2.80137e-06
2.43863e-06
2.12079e-06
1.84258e-06
1.5993e-06
1.38678e-06
1.20133e-06
1.03967e-06
8.98877e-07
7.76396e-07
6.69949e-07
5.77532e-07
4.97378e-07
4.2793e-07
3.67819e-07
3.15844e-07
2.70948e-07
2.32207e-07
1.98812e-07
1.70053e-07
1.45312e-07
1.24049e-07
1.05794e-07
9.0138e-08
7.67236e-08
6.52418e-08
5.54241e-08
4.70378e-08
3.98815e-08
3.37809e-08
2.85856e-08
2.41657e-08
2.04093e-08
1.72199e-08
1.45148e-08
1.22227e-08
1.02825e-08
8.64184e-09
7.25587e-09
6.08623e-09
5.10016e-09
4.26967e-09
3.57093e-09
2.98362e-09
2.49048e-09
2.07681e-09
1.73017e-09
1.43997e-09
1.19728e-09
9.94521e-10
8.25293e-10
0.00743459
0.00790636
0.00839985
0.00891544
0.00945344
0.0100141
0.0105977
0.0112043
0.0118341
0.0124871
0.0131633
0.0138625
0.0145847
0.0153295
0.0160965
0.0168855
0.0176959
0.018527
0.0193783
0.0202488
0.0211379
0.0220444
0.0229673
0.0239056
0.0248579
0.0258229
0.0267992
0.0277852
0.0287794
0.0297801
0.0307855
0.0317937
0.032803
0.0338112
0.0348164
0.0358165
0.0368094
0.0377929
0.0387647
0.0397228
0.0406648
0.0415885
0.0424917
0.0433721
0.0442275
0.0450558
0.0458548
0.0466224
0.0473566
0.0480554
0.0487169
0.0493394
0.049921
0.0504601
0.0509553
0.0514051
0.0518083
0.0521637
0.0524702
0.052727
0.0529334
0.0530887
0.0531925
0.0532445
0.0532445
0.0531925
0.0530887
0.0529334
0.052727
0.0524702
0.0521637
0.0518083
0.0514051
0.0509553
0.0504601
0.049921
0.0493394
0.0487169
0.0480554
0.0473566
0.0466224
0.0458548
0.0450558
0.0442275
0.0433721
0.0424917
0.0415885
0.0406648
0.0397228
0.0387647
0.0377929
0.0368094
0.0358165
0.0348164
0.0338112
0.032803
0.0317937
0.0307855
0.0297801
0.0287794
0.0277852
0.0267992
0.0258229
0.0248579
0.0239056
0.0229673
0.0220444
0.0211379
0.0202488
0.0193783
0.018527
0.0176959
0.0168855
0.0160965
0.0153295
0.0145847
0.0138625
0.0131633
0.0124871
0.0118341
0.0112043
0.0105977
0.0100141
0.00945344
0.00891544
0.00839985
0.00790636
0.00743459
0.00698415
0.0065546
0.00614546
0.00575624
0.00538641
0.00503541
0.0047027
0.00438768
0.00408977
0.00380836
0.00354286
0.00329264
0.00305712
0.00283567
0.00262769
0.00243259
0.00224978
0.00207867
0.00191871
0.00176932
0.00162998
0.00150014
0.0013793
0.00126695
0.00116262
0.00106584
0.000976159
0.000893154
0.000816409
0.000745529
0.000680139
0.000619879
0.000564406
0.000513396
0.00046654
0.000423547
0.000384141
0.00034806
0.000315061
0.000284912
0.000257397
0.000232311
0.000209466
0.000188684
0.000169797
0.000152651
0.000137103
0.000123019
0.000110273
9.87519e-05
8.83479e-05
7.89628e-05
7.05059e-05
6.28932e-05
5.60477e-05
4.98986e-05
4.43807e-05
3.94345e-05
3.50053e-05
3.10433e-05
2.75029e-05
2.43424e-05
2.15241e-05
1.90135e-05
1.67794e-05
1.47933e-05
1.30295e-05
1.14649e-05
1.00783e-05
8.85074e-06
7.76512e-06
6.80601e-06
5.95954e-06
5.21325e-06
4.55597e-06
3.97767e-06
3.46939e-06
3.0231e-06
2.63165e-06
2.28865e-06
1.98841e-06
1.72588e-06
1.49654e-06
1.29641e-06
1.12195e-06
9.70022e-07
8.37846e-07
7.22974e-07
6.23243e-07
5.36744e-07
4.618e-07
3.96932e-07
3.40842e-07
2.92393e-07
2.50586e-07
2.14547e-07
1.83512e-07
1.56813e-07
1.33867e-07
1.14168e-07
9.72723e-08
8.27961e-08
7.04055e-08
5.98108e-08
5.07607e-08
4.3038e-08
3.64546e-08
3.08481e-08
2.60784e-08
2.20247e-08
1.85829e-08
1.56636e-08
1.31901e-08
1.10963e-08
9.32582e-09
7.83016e-09
6.56795e-09
5.50383e-09
4.60761e-09
3.85356e-09
3.21977e-09
2.68759e-09
2.24119e-09
1.8671e-09
1.55394e-09
1.29204e-09
1.07324e-09
8.90613e-10
0.0080152
0.0085238
0.00905584
0.00961169
0.0101917
0.0107962
0.0114253
0.0120793
0.0127583
0.0134623
0.0141913
0.0149451
0.0157237
0.0165266
0.0173536
0.0182042
0.0190778
0.0199739
0.0208916
0.0218302
0.0227886
0.0237659
0.024761
0.0257725
0.0267992
0.0278395
0.028892
0.0299551
0.0310269
0.0321057
0.0331896
0.0342766
0.0353647
0.0364517
0.0375354
0.0386136
0.039684
0.0407443
0.0417921
0.0428249
0.0438405
0.0448363
0.04581
0.0467592
0.0476814
0.0485744
0.0494358
0.0502634
0.0510549
0.0518083
0.0525215
0.0531925
0.0538195
0.0544008
0.0549346
0.0554196
0.0558542
0.0562374
0.0565679
0.0568447
0.0570672
0.0572347
0.0573466
0.0574026
0.0574026
0.0573466
0.0572347
0.0570672
0.0568447
0.0565679
0.0562374
0.0558542
0.0554196
0.0549346
0.0544008
0.0538195
0.0531925
0.0525215
0.0518083
0.0510549
0.0502634
0.0494358
0.0485744
0.0476814
0.0467592
0.04581
0.0448363
0.0438405
0.0428249
0.0417921
0.0407443
0.039684
0.0386136
0.0375354
0.0364517
0.0353647
0.0342766
0.0331896
0.0321057
0.0310269
0.0299551
0.028892
0.0278395
0.0267992
0.0257725
0.024761
0.0237659
0.0227886
0.0218302
0.0208916
0.0199739
0.0190778
0.0182042
0.0173536
0.0165266
0.0157237
0.0149451
0.0141913
0.0134623
0.0127583
0.0120793
0.0114253
0.0107962
0.0101917
0.00961169
0.00905584
0.0085238
0.0080152
0.00752958
0.00706648
0.00662539
0.00620577
0.00580706
0.00542865
0.00506995
0.00473033
0.00440915
0.00410577
0.00381953
0.00354978
0.00329586
0.00305712
0.0028329
0.00262256
0.00242547
0.00224101
0.00206855
0.0019075
0.00175727
0.00161729
0.00148701
0.00136589
0.00125341
0.00114907
0.00105239
0.000962904
0.000880166
0.000803751
0.000733255
0.000668288
0.000608483
0.00055349
0.000502975
0.000456624
0.00041414
0.000375242
0.000339666
0.000307162
0.000277498
0.000250454
0.000225825
0.000203419
0.000183057
0.000164573
0.00014781
0.000132626
0.000118885
0.000106464
9.52474e-05
8.51294e-05
7.6012e-05
6.78048e-05
6.04248e-05
5.37954e-05
4.78466e-05
4.25141e-05
3.77391e-05
3.34676e-05
2.96507e-05
2.62434e-05
2.3205e-05
2.04984e-05
1.80897e-05
1.59486e-05
1.40471e-05
1.23602e-05
1.08654e-05
9.54193e-06
8.37153e-06
7.33752e-06
6.42495e-06
5.62038e-06
4.91177e-06
4.2883e-06
3.74033e-06
3.25919e-06
2.83717e-06
2.46738e-06
2.1437e-06
1.86066e-06
1.61341e-06
1.39766e-06
1.20957e-06
1.04578e-06
9.03277e-07
7.79434e-07
6.71914e-07
5.78661e-07
4.97864e-07
4.2793e-07
3.6746e-07
3.15228e-07
2.70156e-07
2.31302e-07
1.97843e-07
1.69059e-07
1.44322e-07
1.23084e-07
1.04869e-07
8.9262e-08
7.59038e-08
6.44817e-08
5.47249e-08
4.63991e-08
3.93015e-08
3.32572e-08
2.8115e-08
2.37447e-08
2.00341e-08
1.68869e-08
1.42202e-08
1.19629e-08
1.00541e-08
8.44165e-09
7.08087e-09
5.93365e-09
4.96744e-09
4.15451e-09
3.47122e-09
2.89748e-09
2.41621e-09
2.01292e-09
1.6753e-09
1.39294e-09
1.15705e-09
9.60165e-10
0.00863271
0.0091805
0.00975352
0.0103522
0.0109769
0.0116279
0.0123055
0.0130099
0.0137412
0.0144995
0.0152846
0.0160965
0.0169351
0.0177999
0.0186906
0.0196067
0.0205476
0.0215127
0.0225011
0.023512
0.0245443
0.0255969
0.0266686
0.0277581
0.0288638
0.0299843
0.0311179
0.0322629
0.0334173
0.0345792
0.0357466
0.0369174
0.0380893
0.03926
0.0404272
0.0415885
0.0427414
0.0438833
0.0450118
0.0461243
0.0472181
0.0482906
0.0493394
0.0503616
0.0513549
0.0523167
0.0532445
0.0541358
0.0549883
0.0557997
0.0565679
0.0572906
0.0579659
0.0585919
0.0591669
0.0596892
0.0601574
0.06057
0.060926
0.0612242
0.0614638
0.0616441
0.0617647
0.061825
0.061825
0.0617647
0.0616441
0.0614638
0.0612242
0.060926
0.06057
0.0601574
0.0596892
0.0591669
0.0585919
0.0579659
0.0572906
0.0565679
0.0557997
0.0549883
0.0541358
0.0532445
0.0523167
0.0513549
0.0503616
0.0493394
0.0482906
0.0472181
0.0461243
0.0450118
0.0438833
0.0427414
0.0415885
0.0404272
0.03926
0.0380893
0.0369174
0.0357466
0.0345792
0.0334173
0.0322629
0.0311179
0.0299843
0.0288638
0.0277581
0.0266686
0.0255969
0.0245443
0.023512
0.0225011
0.0215127
0.0205476
0.0196067
0.0186906
0.0177999
0.0169351
0.0160965
0.0152846
0.0144995
0.0137412
0.0130099
0.0123055
0.0116279
0.0109769
0.0103522
0.00975352
0.0091805
0.00863271
0.00810968
0.0076109
0.00713583
0.00668388
0.00625444
0.00584689
0.00546055
0.00509477
0.00474885
0.00442209
0.0041138
0.00382327
0.00354978
0.00329264
0.00305115
0.00282461
0.00261234
0.00241366
0.00222791
0.00205446
0.00189265
0.00174189
0.00160158
0.00147112
0.00134998
0.0012376
0.00113347
0.00103709
0.000947976
0.000865674
0.000789746
0.000719775
0.000655362
0.000596132
0.000541725
0.000491803
0.000446046
0.000404152
0.000365834
0.000330827
0.000298877
0.000269749
0.000243223
0.000219091
0.00019716
0.000177252
0.000159198
0.000142844
0.000128044
0.000114666
0.000102585
9.1688e-05
8.18682e-05
7.30287e-05
6.508e-05
5.79399e-05
5.15329e-05
4.57895e-05
4.06466e-05
3.60461e-05
3.1935e-05
2.82653e-05
2.49928e-05
2.20776e-05
1.94834e-05
1.71773e-05
1.51293e-05
1.33125e-05
1.17024e-05
1.02771e-05
9.01649e-06
7.90282e-06
6.91994e-06
6.05339e-06
5.29018e-06
4.61869e-06
4.02849e-06
3.51028e-06
3.05575e-06
2.65747e-06
2.30885e-06
2.00401e-06
1.73772e-06
1.50534e-06
1.30276e-06
1.12634e-06
9.72868e-07
8.39484e-07
7.2368e-07
6.23243e-07
5.3622e-07
4.60899e-07
3.9577e-07
3.39514e-07
2.90969e-07
2.49122e-07
2.13086e-07
1.82084e-07
1.55441e-07
1.32566e-07
1.12948e-07
9.6139e-08
8.17516e-08
6.94495e-08
5.8941e-08
4.99738e-08
4.23294e-08
3.58194e-08
3.0281e-08
2.5574e-08
2.15776e-08
1.81879e-08
1.53157e-08
1.28846e-08
1.08287e-08
9.09202e-09
7.6264e-09
6.39079e-09
5.35014e-09
4.47458e-09
3.73865e-09
3.12071e-09
2.60236e-09
2.168e-09
1.80437e-09
1.50026e-09
1.24619e-09
1.03414e-09
0.00928871
0.00987813
0.0104947
0.0111389
0.011811
0.0125115
0.0132407
0.0139986
0.0147855
0.0156013
0.0164461
0.0173197
0.018222
0.0191525
0.0201109
0.0210966
0.0221091
0.0231475
0.024211
0.0252987
0.0264095
0.0275421
0.0286952
0.0298674
0.0310572
0.0322629
0.0334826
0.0347146
0.0359567
0.0372069
0.0384631
0.0397228
0.0409837
0.0422434
0.0434993
0.0447489
0.0459893
0.0472181
0.0484323
0.0496293
0.0508062
0.0519603
0.0530887
0.0541887
0.0552575
0.0562923
0.0572906
0.0582496
0.0591669
0.06004
0.0608665
0.0616441
0.0623708
0.0630444
0.0636631
0.0642251
0.0647288
0.0651728
0.0655558
0.0658767
0.0661345
0.0663286
0.0664582
0.0665232
0.0665232
0.0664582
0.0663286
0.0661345
0.0658767
0.0655558
0.0651728
0.0647288
0.0642251
0.0636631
0.0630444
0.0623708
0.0616441
0.0608665
0.06004
0.0591669
0.0582496
0.0572906
0.0562923
0.0552575
0.0541887
0.0530887
0.0519603
0.0508062
0.0496293
0.0484323
0.0472181
0.0459893
0.0447489
0.0434993
0.0422434
0.0409837
0.0397228
0.0384631
0.0372069
0.0359567
0.0347146
0.0334826
0.0322629
0.0310572
0.0298674
0.0286952
0.0275421
0.0264095
0.0252987
0.024211
0.0231475
0.0221091
0.0210966
0.0201109
0.0191525
0.018222
0.0173197
0.0164461
0.0156013
0.0147855
0.0139986
0.0132407
0.0125115
0.011811
0.0111389
0.0104947
0.00987813
0.00928871
0.00872594
0.00818926
0.00767809
0.0071918
0.00672973
0.0062912
0.00587551
0.00548193
0.00510972
0.00475813
0.00442641
0.0041138
0.00381953
0.00354286
0.00328301
0.00303926
0.00281085
0.00259708
0.00239722
0.00221058
0.00203648
0.00187426
0.00172328
0.00158292
0.00145257
0.00133165
0.0012196
0.0011159
0.00102001
0.000931458
0.00084976
0.000774471
0.000705164
0.000641432
0.000582891
0.000529176
0.000479942
0.000434863
0.000393634
0.000355967
0.000321589
0.000290248
0.000261705
0.000235739
0.000212143
0.000190721
0.000171296
0.000153699
0.000137774
0.00012338
0.000110381
9.86555e-05
8.80894e-05
7.85782e-05
7.00255e-05
6.23429e-05
5.54489e-05
4.92691e-05
4.37354e-05
3.87852e-05
3.43618e-05
3.04132e-05
2.6892e-05
2.37553e-05
2.0964e-05
1.84826e-05
1.6279e-05
1.43241e-05
1.25917e-05
1.1058e-05
9.70167e-06
8.50336e-06
7.44579e-06
6.51339e-06
5.69219e-06
4.96966e-06
4.33462e-06
3.77703e-06
3.28796e-06
2.85942e-06
2.48431e-06
2.15629e-06
1.86977e-06
1.61973e-06
1.40176e-06
1.21194e-06
1.0468e-06
9.03277e-07
7.78674e-07
6.70603e-07
5.76968e-07
4.95923e-07
4.25845e-07
3.65314e-07
3.1308e-07
2.68053e-07
2.29278e-07
1.95921e-07
1.67253e-07
1.4264e-07
1.21531e-07
1.03445e-07
8.7964e-08
7.4727e-08
6.342e-08
5.37713e-08
4.55461e-08
3.85414e-08
3.25821e-08
2.75174e-08
2.32173e-08
1.957e-08
1.64796e-08
1.38637e-08
1.16516e-08
9.78293e-09
8.20593e-09
6.87643e-09
5.75671e-09
4.81461e-09
4.02276e-09
3.35786e-09
2.80012e-09
2.33274e-09
1.94148e-09
1.61427e-09
1.34089e-09
1.11272e-09
0.00998482
0.0106184
0.0112812
0.0119736
0.0126962
0.0134492
0.0142329
0.0150477
0.0158935
0.0167705
0.0176786
0.0186177
0.0195875
0.0205878
0.021618
0.0226776
0.0237659
0.0248822
0.0260254
0.0271946
0.0283886
0.0296061
0.0308456
0.0321057
0.0333847
0.0346807
0.0359918
0.0373161
0.0386513
0.0399953
0.0413455
0.0426997
0.0440551
0.0454092
0.0467592
0.0481024
0.0494358
0.0507566
0.0520619
0.0533486
0.0546137
0.0558542
0.0570672
0.0582496
0.0593985
0.0605109
0.061584
0.0626149
0.0636009
0.0645395
0.0654279
0.0662638
0.0670449
0.067769
0.0684341
0.0690382
0.0695796
0.0700569
0.0704686
0.0708135
0.0710907
0.0712993
0.0714387
0.0715085
0.0715085
0.0714387
0.0712993
0.0710907
0.0708135
0.0704686
0.0700569
0.0695796
0.0690382
0.0684341
0.067769
0.0670449
0.0662638
0.0654279
0.0645395
0.0636009
0.0626149
0.061584
0.0605109
0.0593985
0.0582496
0.0570672
0.0558542
0.0546137
0.0533486
0.0520619
0.0507566
0.0494358
0.0481024
0.0467592
0.0454092
0.0440551
0.0426997
0.0413455
0.0399953
0.0386513
0.0373161
0.0359918
0.0346807
0.0333847
0.0321057
0.0308456
0.0296061
0.0283886
0.0271946
0.0260254
0.0248822
0.0237659
0.0226776
0.021618
0.0205878
0.0195875
0.0186177
0.0176786
0.0167705
0.0158935
0.0150477
0.0142329
0.0134492
0.0126962
0.0119736
0.0112812
0.0106184
0.00998482
0.00937987
0.00880297
0.00825349
0.00773075
0.00723406
0.00676267
0.00631582
0.00589275
0.00549264
0.00511471
0.00475813
0.00442209
0.00410577
0.00380836
0.00352904
0.00326702
0.0030215
0.0027917
0.00257687
0.00237624
0.00218909
0.00201472
0.00185242
0.00170154
0.00156142
0.00143144
0.001311
0.00119952
0.00109645
0.00100126
0.000913442
0.000832511
0.00075801
0.000689502
0.000626574
0.000568833
0.000515909
0.000467452
0.000423134
0.000382643
0.000345689
0.000311999
0.000281318
0.000253406
0.000228041
0.000205014
0.000184133
0.000165217
0.000148099
0.000132626
0.000118653
0.000106049
9.46909e-05
8.44669e-05
7.52733e-05
6.70149e-05
5.96043e-05
5.29614e-05
4.70129e-05
4.16918e-05
3.69369e-05
3.26924e-05
2.89073e-05
2.55355e-05
2.2535e-05
1.98677e-05
1.7499e-05
1.53976e-05
1.35354e-05
1.18867e-05
1.04287e-05
9.14061e-06
8.00379e-06
7.00151e-06
6.11876e-06
5.3421e-06
4.65946e-06
4.06009e-06
3.53436e-06
3.0737e-06
2.67048e-06
2.31789e-06
2.00989e-06
1.74111e-06
1.50681e-06
1.30276e-06
1.12525e-06
9.7097e-07
8.37028e-07
7.20859e-07
6.20207e-07
5.33088e-07
4.57759e-07
3.9269e-07
3.36543e-07
2.88141e-07
2.4646e-07
2.10603e-07
1.79787e-07
1.5333e-07
1.30639e-07
1.11197e-07
9.45561e-08
8.03271e-08
6.81728e-08
5.7801e-08
4.89594e-08
4.14297e-08
3.50239e-08
2.95796e-08
2.49572e-08
2.10366e-08
1.77146e-08
1.49026e-08
1.25248e-08
1.05161e-08
8.82089e-09
7.39176e-09
6.18812e-09
5.17542e-09
4.32422e-09
3.6095e-09
3.00996e-09
2.50756e-09
2.08698e-09
1.73524e-09
1.44138e-09
1.19611e-09
0.0107226
0.011403
0.0121148
0.0128584
0.0136343
0.014443
0.0152846
0.0161595
0.0170679
0.0180097
0.0189849
0.0199934
0.0210349
0.0221091
0.0232154
0.0243533
0.025522
0.0267208
0.0279485
0.0292041
0.0304863
0.0317937
0.0331249
0.0344781
0.0358515
0.0372433
0.0386513
0.0400735
0.0415073
0.0429506
0.0444006
0.0458548
0.0473104
0.0487645
0.0502143
0.0516567
0.0530887
0.0545071
0.0559088
0.0572906
0.0586492
0.0599814
0.061284
0.0625538
0.0637875
0.0649822
0.0661345
0.0672416
0.0683005
0.0693084
0.0702625
0.0711602
0.071999
0.0727766
0.0734908
0.0741395
0.074721
0.0752335
0.0756757
0.0760461
0.0763437
0.0765677
0.0767174
0.0767923
0.0767923
0.0767174
0.0765677
0.0763437
0.0760461
0.0756757
0.0752335
0.074721
0.0741395
0.0734908
0.0727766
0.071999
0.0711602
0.0702625
0.0693084
0.0683005
0.0672416
0.0661345
0.0649822
0.0637875
0.0625538
0.061284
0.0599814
0.0586492
0.0572906
0.0559088
0.0545071
0.0530887
0.0516567
0.0502143
0.0487645
0.0473104
0.0458548
0.0444006
0.0429506
0.0415073
0.0400735
0.0386513
0.0372433
0.0358515
0.0344781
0.0331249
0.0317937
0.0304863
0.0292041
0.0279485
0.0267208
0.025522
0.0243533
0.0232154
0.0221091
0.0210349
0.0199934
0.0189849
0.0180097
0.0170679
0.0161595
0.0152846
0.014443
0.0136343
0.0128584
0.0121148
0.011403
0.0107226
0.010073
0.00945344
0.00886335
0.00830199
0.00776859
0.00726237
0.00678251
0.00632817
0.0058985
0.00549264
0.00510972
0.00474885
0.00440915
0.00408977
0.00378981
0.00350843
0.00324476
0.00299799
0.00276727
0.00255182
0.00235085
0.00216359
0.0019893
0.00182727
0.0016768
0.00153721
0.00140787
0.00128816
0.00117747
0.00107525
0.000980937
0.000894026
0.00081402
0.00074045
0.000672872
0.000610865
0.00055403
0.000501993
0.0004544
0.000410917
0.000371233
0.000335053
0.000302105
0.000272131
0.000244891
0.000220163
0.000197739
0.000177425
0.000159043
0.000142426
0.000127421
0.000113885
0.000101688
9.07083e-05
8.08354e-05
7.19667e-05
6.40085e-05
5.68748e-05
5.04868e-05
4.47725e-05
3.96663e-05
3.51081e-05
3.10433e-05
2.74224e-05
2.42002e-05
2.13357e-05
1.8792e-05
1.65354e-05
1.45355e-05
1.27651e-05
1.11993e-05
9.81603e-06
8.5952e-06
7.51886e-06
6.57089e-06
5.73683e-06
5.00375e-06
4.36009e-06
3.79552e-06
3.30083e-06
2.86781e-06
2.48916e-06
2.1584e-06
1.86977e-06
1.61815e-06
1.39902e-06
1.20839e-06
1.04272e-06
8.98877e-07
7.74124e-07
6.66035e-07
5.72478e-07
4.91583e-07
4.21707e-07
3.6141e-07
3.09433e-07
2.64672e-07
2.26165e-07
1.93072e-07
1.6466e-07
1.40292e-07
1.19413e-07
1.01543e-07
8.62626e-08
7.32102e-08
6.2072e-08
5.2577e-08
4.4491e-08
3.76118e-08
3.17653e-08
2.68013e-08
2.2591e-08
1.90236e-08
1.60038e-08
1.34503e-08
1.12931e-08
9.47268e-09
7.93795e-09
6.64537e-09
5.55784e-09
4.64375e-09
3.87621e-09
3.23237e-09
2.69285e-09
2.24119e-09
1.86346e-09
1.54788e-09
1.28449e-09
0.0115037
0.0122337
0.0129972
0.013795
0.0146275
0.015495
0.016398
0.0173367
0.0183112
0.0193216
0.0203678
0.0214498
0.0225672
0.0237196
0.0249065
0.0261273
0.0273812
0.0286672
0.0299843
0.0313314
0.032707
0.0341097
0.0355378
0.0369896
0.0384631
0.0399562
0.0414668
0.0429925
0.0445309
0.0460792
0.0476349
0.049195
0.0507566
0.0523167
0.0538721
0.0554196
0.0569559
0.0584776
0.0599814
0.0614638
0.0629214
0.0643507
0.0657481
0.0671104
0.0684341
0.0697157
0.070952
0.0721397
0.0732758
0.074357
0.0753806
0.0763437
0.0772436
0.0780779
0.0788441
0.0795401
0.0801639
0.0807138
0.0811881
0.0815855
0.0819048
0.0821451
0.0823057
0.0823862
0.0823862
0.0823057
0.0821451
0.0819048
0.0815855
0.0811881
0.0807138
0.0801639
0.0795401
0.0788441
0.0780779
0.0772436
0.0763437
0.0753806
0.074357
0.0732758
0.0721397
0.070952
0.0697157
0.0684341
0.0671104
0.0657481
0.0643507
0.0629214
0.0614638
0.0599814
0.0584776
0.0569559
0.0554196
0.0538721
0.0523167
0.0507566
0.049195
0.0476349
0.0460792
0.0445309
0.0429925
0.0414668
0.0399562
0.0384631
0.0369896
0.0355378
0.0341097
0.032707
0.0313314
0.0299843
0.0286672
0.0273812
0.0261273
0.0249065
0.0237196
0.0225672
0.0214498
0.0203678
0.0193216
0.0183112
0.0173367
0.016398
0.015495
0.0146275
0.013795
0.0129972
0.0122337
0.0115037
0.0108067
0.0101421
0.00950899
0.00890674
0.00833449
0.00779139
0.00727657
0.00678914
0.00632817
0.00589275
0.00548193
0.00509477
0.00473033
0.00438768
0.00406587
0.00376399
0.00348112
0.00321637
0.00296885
0.00273771
0.00252209
0.00232119
0.00213421
0.00196038
0.00179894
0.00164919
0.00151043
0.00138199
0.00126324
0.00115357
0.00105239
0.00095915
0.000873316
0.000794387
0.000721887
0.000655362
0.000594388
0.00053856
0.0004875
0.00044085
0.000398274
0.00035946
0.000324111
0.000291953
0.00026273
0.0002362
0.000212143
0.000190349
0.000170628
0.000152801
0.000136702
0.000122181
0.000109095
9.73158e-05
8.67237e-05
7.7209e-05
6.86711e-05
6.10178e-05
5.41644e-05
4.80339e-05
4.25557e-05
3.76654e-05
3.33046e-05
2.94199e-05
2.5963e-05
2.28899e-05
2.01609e-05
1.77398e-05
1.55943e-05
1.36949e-05
1.20151e-05
1.05311e-05
9.2213e-06
8.06656e-06
7.04954e-06
6.15472e-06
5.36824e-06
4.6777e-06
4.072e-06
3.54127e-06
3.07671e-06
2.67048e-06
2.31563e-06
2.00597e-06
1.73602e-06
1.50093e-06
1.29641e-06
1.11867e-06
9.64355e-07
8.30514e-07
7.14551e-07
6.1418e-07
5.27392e-07
4.52426e-07
3.87737e-07
3.31973e-07
2.83951e-07
2.42639e-07
2.07136e-07
1.76654e-07
1.50511e-07
1.28112e-07
1.0894e-07
9.25463e-08
7.8543e-08
6.65935e-08
5.64069e-08
4.77319e-08
4.03516e-08
3.40791e-08
2.87536e-08
2.42366e-08
2.04093e-08
1.71696e-08
1.443e-08
1.21157e-08
1.01627e-08
8.51617e-09
7.12944e-09
5.96269e-09
4.98201e-09
4.15857e-09
3.46783e-09
2.88901e-09
2.40444e-09
1.9992e-09
1.66064e-09
1.37806e-09
0.0123296
0.013112
0.0139304
0.0147855
0.0156777
0.0166075
0.0175753
0.0185814
0.0196258
0.0207088
0.0218302
0.0229898
0.0241874
0.0254225
0.0266947
0.0280031
0.029347
0.0307254
0.0321371
0.0335809
0.0350552
0.0365586
0.0380893
0.0396453
0.0412246
0.0428249
0.044444
0.0460792
0.047728
0.0493876
0.0510549
0.052727
0.0544008
0.0560729
0.0577399
0.0593985
0.0610451
0.0626761
0.0642878
0.0658767
0.0674389
0.0689708
0.0704686
0.0719287
0.0733474
0.074721
0.0760461
0.0773191
0.0785367
0.0796956
0.0807927
0.0818249
0.0827894
0.0836835
0.0845048
0.0852508
0.0859194
0.0865087
0.0870171
0.087443
0.0877853
0.0880429
0.088215
0.0883012
0.0883012
0.088215
0.0880429
0.0877853
0.087443
0.0870171
0.0865087
0.0859194
0.0852508
0.0845048
0.0836835
0.0827894
0.0818249
0.0807927
0.0796956
0.0785367
0.0773191
0.0760461
0.074721
0.0733474
0.0719287
0.0704686
0.0689708
0.0674389
0.0658767
0.0642878
0.0626761
0.0610451
0.0593985
0.0577399
0.0560729
0.0544008
0.052727
0.0510549
0.0493876
0.047728
0.0460792
0.044444
0.0428249
0.0412246
0.0396453
0.0380893
0.0365586
0.0350552
0.0335809
0.0321371
0.0307254
0.029347
0.0280031
0.0266947
0.0254225
0.0241874
0.0229898
0.0218302
0.0207088
0.0196258
0.0185814
0.0175753
0.0166075
0.0156777
0.0147855
0.0139304
0.013112
0.0123296
0.0115826
0.0108702
0.0101917
0.00954621
0.00893287
0.00835078
0.007799
0.00727657
0.00678251
0.00631582
0.00587551
0.00546055
0.00506995
0.0047027
0.00435779
0.00403423
0.00373105
0.00344729
0.003182
0.00293426
0.00270317
0.00248785
0.00228744
0.00210112
0.0019281
0.0017676
0.00161887
0.00148122
0.00135394
0.00123639
0.00112795
0.00102801
0.000936017
0.000851421
0.000773715
0.000702415
0.000637063
0.000577227
0.0005225
0.000472501
0.000426869
0.000385268
0.000347381
0.000312915
0.000281593
0.000253159
0.000227374
0.000204016
0.000182878
0.000163771
0.000146517
0.000130953
0.000116928
0.000104303
9.29501e-05
8.27523e-05
7.36015e-05
6.53986e-05
5.80532e-05
5.14826e-05
4.5611e-05
4.03697e-05
3.56958e-05
3.15322e-05
2.78271e-05
2.45333e-05
2.16083e-05
1.90135e-05
1.67139e-05
1.46782e-05
1.28777e-05
1.12871e-05
9.88336e-06
8.64571e-06
7.55567e-06
6.59661e-06
5.75366e-06
5.01354e-06
4.36435e-06
3.79552e-06
3.2976e-06
2.86221e-06
2.48188e-06
2.14999e-06
1.86066e-06
1.60869e-06
1.38949e-06
1.19899e-06
1.03359e-06
8.90142e-07
7.65853e-07
6.58275e-07
5.65256e-07
4.84908e-07
4.15575e-07
3.55807e-07
3.04338e-07
2.6006e-07
2.22007e-07
1.89337e-07
1.61317e-07
1.3731e-07
1.16761e-07
9.91908e-08
8.41821e-08
7.13747e-08
6.04567e-08
5.11589e-08
4.32487e-08
3.65259e-08
3.0818e-08
2.59767e-08
2.18746e-08
1.84023e-08
1.5466e-08
1.29856e-08
1.08924e-08
9.1276e-09
7.64131e-09
6.39079e-09
5.3397e-09
4.45713e-09
3.71681e-09
3.09643e-09
2.57707e-09
2.14274e-09
1.77986e-09
1.477e-09
0.0132019
0.0140397
0.014916
0.0158315
0.0167869
0.0177825
0.0188188
0.019896
0.0210144
0.0221739
0.0233746
0.0246163
0.0258986
0.0272212
0.0285833
0.0299843
0.0314233
0.0328992
0.0344108
0.0359567
0.0375354
0.0391452
0.0407841
0.0424502
0.0441412
0.0458548
0.0475884
0.0493394
0.0511048
0.0528817
0.054667
0.0564575
0.0582496
0.06004
0.061825
0.0636009
0.065364
0.0671104
0.0688362
0.0705375
0.0722102
0.0738505
0.0754543
0.0770176
0.0785367
0.0800075
0.0814263
0.0827894
0.0840932
0.0853341
0.0865087
0.087614
0.0886468
0.0896042
0.0904835
0.0912823
0.0919982
0.0926292
0.0931736
0.0936296
0.0939961
0.0942719
0.0944562
0.0945485
0.0945485
0.0944562
0.0942719
0.0939961
0.0936296
0.0931736
0.0926292
0.0919982
0.0912823
0.0904835
0.0896042
0.0886468
0.087614
0.0865087
0.0853341
0.0840932
0.0827894
0.0814263
0.0800075
0.0785367
0.0770176
0.0754543
0.0738505
0.0722102
0.0705375
0.0688362
0.0671104
0.065364
0.0636009
0.061825
0.06004
0.0582496
0.0564575
0.054667
0.0528817
0.0511048
0.0493394
0.0475884
0.0458548
0.0441412
0.0424502
0.0407841
0.0391452
0.0375354
0.0359567
0.0344108
0.0328992
0.0314233
0.0299843
0.0285833
0.0272212
0.0258986
0.0246163
0.0233746
0.0221739
0.0210144
0.019896
0.0188188
0.0177825
0.0167869
0.0158315
0.014916
0.0140397
0.0132019
0.0124021
0.0116393
0.0109128
0.0102216
0.00956487
0.0089416
0.00835078
0.00779139
0.00726237
0.00676267
0.0062912
0.00584689
0.00542865
0.00503541
0.0046661
0.00431965
0.00399503
0.00369119
0.00340713
0.00314186
0.00289442
0.00266386
0.00244928
0.00224978
0.00206451
0.00189265
0.00173341
0.00158601
0.00144973
0.00132387
0.00120775
0.00110075
0.00100224
0.000911659
0.000828456
0.000752111
0.000682135
0.000618066
0.000559467
0.00050593
0.00045707
0.000412525
0.000371958
0.000335053
0.000301515
0.00027107
0.00024346
0.00021845
0.000195817
0.000175358
0.000156883
0.000140218
0.0001252
0.000111682
9.95264e-05
8.86071e-05
7.88088e-05
7.00255e-05
6.21605e-05
5.51249e-05
4.8838e-05
4.32258e-05
3.82212e-05
3.37631e-05
2.97958e-05
2.6269e-05
2.31371e-05
2.03587e-05
1.78964e-05
1.57166e-05
1.37888e-05
1.20857e-05
1.05826e-05
9.25739e-06
8.09023e-06
7.06332e-06
6.16074e-06
5.36824e-06
4.67313e-06
4.06405e-06
3.53091e-06
3.06471e-06
2.65747e-06
2.3021e-06
1.9923e-06
1.72251e-06
1.4878e-06
1.28382e-06
1.10672e-06
9.5312e-07
8.20037e-07
7.04848e-07
6.05248e-07
5.19215e-07
4.44977e-07
3.80981e-07
3.2587e-07
2.78459e-07
2.37714e-07
2.02733e-07
1.72731e-07
1.47025e-07
1.25022e-07
1.06209e-07
9.0138e-08
7.64245e-08
6.4734e-08
5.47784e-08
4.63085e-08
3.91101e-08
3.29984e-08
2.78146e-08
2.34222e-08
1.97042e-08
1.65603e-08
1.39043e-08
1.1663e-08
9.77338e-09
8.18193e-09
6.84294e-09
5.71749e-09
4.77248e-09
3.97977e-09
3.3155e-09
2.7594e-09
2.29434e-09
1.90579e-09
1.5815e-09
0.0141222
0.0150183
0.0159557
0.0169351
0.017957
0.019022
0.0201305
0.0212829
0.0224792
0.0237196
0.025004
0.0263322
0.0277039
0.0291186
0.0305757
0.0320744
0.0336137
0.0351924
0.0368094
0.0384631
0.0401518
0.0418738
0.043627
0.0454092
0.0472181
0.0490511
0.0509056
0.0527786
0.054667
0.0565679
0.0584776
0.0603928
0.0623099
0.0642251
0.0661345
0.0680342
0.0699202
0.0717883
0.0736344
0.0754543
0.0772436
0.0789982
0.0807138
0.0823862
0.0840111
0.0855844
0.0871021
0.0885602
0.0899549
0.0912823
0.0925388
0.0937211
0.0948259
0.09585
0.0967906
0.0976451
0.0984109
0.099086
0.0996682
0.100156
0.100548
0.100843
0.10104
0.101139
0.101139
0.10104
0.100843
0.100548
0.100156
0.0996682
0.099086
0.0984109
0.0976451
0.0967906
0.09585
0.0948259
0.0937211
0.0925388
0.0912823
0.0899549
0.0885602
0.0871021
0.0855844
0.0840111
0.0823862
0.0807138
0.0789982
0.0772436
0.0754543
0.0736344
0.0717883
0.0699202
0.0680342
0.0661345
0.0642251
0.0623099
0.0603928
0.0584776
0.0565679
0.054667
0.0527786
0.0509056
0.0490511
0.0472181
0.0454092
0.043627
0.0418738
0.0401518
0.0384631
0.0368094
0.0351924
0.0336137
0.0320744
0.0305757
0.0291186
0.0277039
0.0263322
0.025004
0.0237196
0.0224792
0.0212829
0.0201305
0.019022
0.017957
0.0169351
0.0159557
0.0150183
0.0141222
0.0132665
0.0124506
0.0116734
0.0109341
0.0102316
0.00956487
0.00893287
0.00833449
0.00776859
0.00723406
0.00672973
0.00625444
0.00580706
0.00538641
0.00499135
0.00462075
0.0042735
0.00394848
0.00364462
0.00336087
0.00309617
0.00284955
0.00262
0.0024066
0.00220842
0.00202458
0.00185423
0.00169656
0.00155078
0.00141615
0.00129194
0.00117747
0.0010721
0.000975206
0.000886203
0.000804537
0.000729683
0.000661148
0.000598465
0.000541196
0.00048893
0.00044128
0.000397886
0.000358408
0.000322533
0.000289965
0.000260431
0.000233677
0.000209466
0.000187581
0.000167819
0.000149992
0.000133927
0.000119467
0.000106464
9.47834e-05
8.43021e-05
7.49067e-05
6.64934e-05
5.89674e-05
5.22422e-05
4.62389e-05
4.08854e-05
3.61165e-05
3.18727e-05
2.81001e-05
2.47499e-05
2.17778e-05
1.91439e-05
1.68122e-05
1.475e-05
1.29281e-05
1.13203e-05
9.90268e-06
8.65416e-06
7.55567e-06
6.59017e-06
5.74244e-06
4.99887e-06
4.34734e-06
3.77703e-06
3.27834e-06
2.84271e-06
2.46257e-06
2.13117e-06
1.84258e-06
1.59151e-06
1.3733e-06
1.18386e-06
1.01956e-06
8.77198e-07
7.5398e-07
6.47437e-07
5.55407e-07
4.75994e-07
4.07537e-07
3.48585e-07
2.97869e-07
2.54284e-07
2.16864e-07
1.84771e-07
1.57273e-07
1.33737e-07
1.13612e-07
9.64211e-08
8.17516e-08
6.92463e-08
5.85967e-08
4.95365e-08
4.18363e-08
3.52986e-08
2.97534e-08
2.50549e-08
2.10777e-08
1.77146e-08
1.48735e-08
1.2476e-08
1.04546e-08
8.75225e-09
7.31992e-09
6.11602e-09
5.10514e-09
4.25718e-09
3.5466e-09
2.95175e-09
2.45426e-09
2.03863e-09
1.69174e-09
0.0150918
0.0160495
0.0170512
0.0180978
0.0191899
0.0203281
0.0215127
0.0227442
0.0240226
0.0253482
0.0267208
0.0281402
0.0296061
0.0311179
0.0326751
0.0342766
0.0359216
0.0376088
0.0393368
0.041104
0.0429087
0.0447489
0.0466224
0.048527
0.0504601
0.052419
0.0544008
0.0564024
0.0584205
0.0604518
0.0624927
0.0645395
0.0665882
0.0686348
0.0706754
0.0727055
0.074721
0.0767174
0.0786902
0.080635
0.0825472
0.0844223
0.0862557
0.0880429
0.0897793
0.0914607
0.0930826
0.0946409
0.0961312
0.0975498
0.0988926
0.100156
0.101337
0.102431
0.103436
0.104349
0.105168
0.105889
0.106512
0.107033
0.107452
0.107767
0.107978
0.108083
0.108083
0.107978
0.107767
0.107452
0.107033
0.106512
0.105889
0.105168
0.104349
0.103436
0.102431
0.101337
0.100156
0.0988926
0.0975498
0.0961312
0.0946409
0.0930826
0.0914607
0.0897793
0.0880429
0.0862557
0.0844223
0.0825472
0.080635
0.0786902
0.0767174
0.074721
0.0727055
0.0706754
0.0686348
0.0665882
0.0645395
0.0624927
0.0604518
0.0584205
0.0564024
0.0544008
0.052419
0.0504601
0.048527
0.0466224
0.0447489
0.0429087
0.041104
0.0393368
0.0376088
0.0359216
0.0342766
0.0326751
0.0311179
0.0296061
0.0281402
0.0267208
0.0253482
0.0240226
0.0227442
0.0215127
0.0203281
0.0191899
0.0180978
0.0170512
0.0160495
0.0150918
0.0141774
0.0133055
0.0124749
0.0116848
0.0109341
0.0102216
0.00954621
0.00890674
0.00830199
0.00773075
0.0071918
0.00668388
0.00620577
0.00575624
0.00533406
0.00493802
0.00456692
0.00421959
0.00389487
0.00359163
0.00330876
0.0030452
0.00279989
0.00257184
0.00236005
0.00216359
0.00198155
0.00181305
0.00165726
0.00151338
0.00138064
0.00125832
0.00114571
0.00104216
0.00094705
0.000859777
0.000779784
0.000706543
0.000639556
0.000578355
0.0005225
0.000471579
0.000425205
0.000383017
0.000344678
0.000309874
0.000278312
0.000249721
0.000223849
0.000200461
0.000179341
0.00016029
0.000143123
0.00012767
0.000113774
0.000101291
9.00904e-05
8.00498e-05
7.10589e-05
6.30162e-05
5.58292e-05
4.94137e-05
4.36927e-05
3.85963e-05
3.40611e-05
3.00295e-05
2.64492e-05
2.32731e-05
2.04584e-05
1.79665e-05
1.57627e-05
1.38158e-05
1.20975e-05
1.05826e-05
9.24836e-06
8.07444e-06
7.04265e-06
6.13672e-06
5.3421e-06
4.64583e-06
4.03637e-06
3.50343e-06
3.0379e-06
2.63165e-06
2.2775e-06
1.96909e-06
1.70078e-06
1.4676e-06
1.26515e-06
1.08956e-06
9.37427e-07
8.05749e-07
6.91891e-07
5.93542e-07
5.08676e-07
4.35519e-07
3.72519e-07
3.18321e-07
2.71743e-07
2.31754e-07
1.97457e-07
1.68071e-07
1.42919e-07
1.21412e-07
1.03041e-07
8.73648e-08
7.40008e-08
6.262e-08
5.29377e-08
4.47088e-08
3.77222e-08
3.17963e-08
2.67752e-08
2.25249e-08
1.89309e-08
1.58948e-08
1.33326e-08
1.11725e-08
9.35319e-09
7.82251e-09
6.53596e-09
5.45566e-09
4.54948e-09
3.79012e-09
3.15441e-09
2.62277e-09
2.17861e-09
1.80789e-09
0.0161123
0.0171347
0.0182042
0.0193216
0.0204875
0.0217026
0.0229673
0.0242821
0.025647
0.0270622
0.0285276
0.030043
0.031608
0.0332221
0.0348845
0.0365944
0.0383506
0.0401518
0.0419966
0.0438833
0.04581
0.0477747
0.0497749
0.0518083
0.0538721
0.0559634
0.0580792
0.0602162
0.0623708
0.0645395
0.0667183
0.0689035
0.0710907
0.0732758
0.0754543
0.0776217
0.0797735
0.0819048
0.0840111
0.0860874
0.0881289
0.0901307
0.0920881
0.0939961
0.09585
0.0976451
0.0993767
0.10104
0.102631
0.104146
0.10558
0.106928
0.108189
0.109357
0.11043
0.111405
0.112279
0.113049
0.113714
0.11427
0.114717
0.115054
0.115279
0.115392
0.115392
0.115279
0.115054
0.114717
0.11427
0.113714
0.113049
0.112279
0.111405
0.11043
0.109357
0.108189
0.106928
0.10558
0.104146
0.102631
0.10104
0.0993767
0.0976451
0.09585
0.0939961
0.0920881
0.0901307
0.0881289
0.0860874
0.0840111
0.0819048
0.0797735
0.0776217
0.0754543
0.0732758
0.0710907
0.0689035
0.0667183
0.0645395
0.0623708
0.0602162
0.0580792
0.0559634
0.0538721
0.0518083
0.0497749
0.0477747
0.04581
0.0438833
0.0419966
0.0401518
0.0383506
0.0365944
0.0348845
0.0332221
0.031608
0.030043
0.0285276
0.0270622
0.025647
0.0242821
0.0229673
0.0217026
0.0204875
0.0193216
0.0182042
0.0171347
0.0161123
0.0151361
0.0142052
0.0133185
0.0124749
0.0116734
0.0109128
0.0101917
0.00950899
0.00886335
0.00825349
0.00767809
0.00713583
0.00662539
0.00614546
0.00569474
0.00527192
0.00487573
0.00450491
0.00415823
0.00383448
0.00353249
0.00325111
0.00298922
0.00274574
0.00251963
0.00230989
0.00211554
0.00193565
0.00176932
0.00161571
0.001474
0.0013434
0.00122318
0.00111263
0.00101109
0.000917913
0.000832511
0.000754317
0.000682801
0.000617462
0.000557831
0.000503466
0.000453956
0.000408916
0.000367984
0.000330827
0.000297131
0.000266607
0.000238985
0.000214015
0.000191468
0.000171129
0.000152801
0.000136302
0.000121467
0.00010814
9.61821e-05
8.54626e-05
7.58637e-05
6.72772e-05
5.96043e-05
5.27549e-05
4.66471e-05
4.12061e-05
3.63643e-05
3.206e-05
2.82377e-05
2.48468e-05
2.18417e-05
1.91813e-05
1.68286e-05
1.475e-05
1.29155e-05
1.12982e-05
9.87371e-06
8.62042e-06
7.51886e-06
6.55167e-06
5.70332e-06
4.95997e-06
4.30929e-06
3.74033e-06
3.24331e-06
2.80959e-06
2.4315e-06
2.10223e-06
1.81578e-06
1.56683e-06
1.35069e-06
1.16323e-06
1.00081e-06
8.60231e-07
7.38675e-07
6.33676e-07
5.43071e-07
4.64967e-07
3.97708e-07
3.39845e-07
2.90118e-07
2.47425e-07
2.10809e-07
1.79436e-07
1.52583e-07
1.29622e-07
1.10009e-07
9.32722e-08
7.90046e-08
6.68542e-08
5.65172e-08
4.77319e-08
4.02729e-08
3.39463e-08
2.85856e-08
2.4048e-08
2.0211e-08
1.69695e-08
1.42341e-08
1.19279e-08
9.98563e-09
8.35145e-09
6.9779e-09
5.82456e-09
4.85711e-09
4.0464e-09
3.36771e-09
2.80012e-09
2.32592e-09
1.93014e-09
0.017185
0.0182754
0.0194161
0.0206079
0.0218515
0.0231475
0.0244964
0.0258986
0.0273544
0.0288638
0.0304268
0.0320431
0.0337123
0.0354338
0.0372069
0.0390306
0.0409038
0.0428249
0.0447926
0.0468049
0.0488599
0.0509553
0.0530887
0.0552575
0.0574587
0.0596892
0.0619459
0.0642251
0.0665232
0.0688362
0.0711602
0.0734908
0.0758236
0.0781541
0.0804777
0.0827894
0.0850844
0.0873577
0.0896042
0.0918187
0.0939961
0.0961312
0.0982189
0.100254
0.102231
0.104146
0.105993
0.107767
0.109464
0.111079
0.112609
0.114047
0.115392
0.116638
0.117782
0.118822
0.119754
0.120576
0.121284
0.121878
0.122355
0.122714
0.122954
0.123074
0.123074
0.122954
0.122714
0.122355
0.121878
0.121284
0.120576
0.119754
0.118822
0.117782
0.116638
0.115392
0.114047
0.112609
0.111079
0.109464
0.107767
0.105993
0.104146
0.102231
0.100254
0.0982189
0.0961312
0.0939961
0.0918187
0.0896042
0.0873577
0.0850844
0.0827894
0.0804777
0.0781541
0.0758236
0.0734908
0.0711602
0.0688362
0.0665232
0.0642251
0.0619459
0.0596892
0.0574587
0.0552575
0.0530887
0.0509553
0.0488599
0.0468049
0.0447926
0.0428249
0.0409038
0.0390306
0.0372069
0.0354338
0.0337123
0.0320431
0.0304268
0.0288638
0.0273544
0.0258986
0.0244964
0.0231475
0.0218515
0.0206079
0.0194161
0.0182754
0.017185
0.0161438
0.0151509
0.0142052
0.0133055
0.0124506
0.0116393
0.0108702
0.0101421
0.00945344
0.00880297
0.00818926
0.0076109
0.00706648
0.0065546
0.00607387
0.0056229
0.00520033
0.00480482
0.00443507
0.00408977
0.00376767
0.00346755
0.00318822
0.00292854
0.00268738
0.00246367
0.00225638
0.00206451
0.00188712
0.00172328
0.00157213
0.00143284
0.00130462
0.00118671
0.0010784
0.000979023
0.000887936
0.000804537
0.000728259
0.00065857
0.000594969
0.000536985
0.000484179
0.000436139
0.000392483
0.000352852
0.000316913
0.000284356
0.000254895
0.000228264
0.000204215
0.000182522
0.000162973
0.000145377
0.000129554
0.00011534
0.000102585
9.11523e-05
8.09144e-05
7.17562e-05
6.35725e-05
5.62671e-05
4.97526e-05
4.39494e-05
3.87852e-05
3.41944e-05
3.01176e-05
2.65009e-05
2.32958e-05
2.04584e-05
1.7949e-05
1.5732e-05
1.37754e-05
1.20504e-05
1.05311e-05
9.19433e-06
8.01944e-06
6.98785e-06
6.08302e-06
5.29018e-06
4.59619e-06
3.98934e-06
3.45924e-06
2.99664e-06
2.59338e-06
2.24219e-06
1.93667e-06
1.67114e-06
1.44062e-06
1.24068e-06
1.06744e-06
9.17502e-07
7.87852e-07
6.75863e-07
5.79226e-07
4.95923e-07
4.24185e-07
3.62471e-07
3.09433e-07
2.63897e-07
2.24843e-07
1.91382e-07
1.62741e-07
1.38252e-07
1.17333e-07
9.94818e-08
8.42644e-08
7.1305e-08
6.02799e-08
5.09097e-08
4.29541e-08
3.62063e-08
3.04887e-08
2.5649e-08
2.15565e-08
1.80993e-08
1.51817e-08
1.2722e-08
1.06504e-08
8.90746e-09
7.44246e-09
6.21234e-09
5.18047e-09
4.31579e-09
3.59192e-09
2.98654e-09
2.48077e-09
2.05864e-09
0.0183112
0.0194731
0.0206886
0.0219584
0.0232835
0.0246644
0.0261018
0.0275959
0.0291471
0.0307554
0.0324208
0.034143
0.0359216
0.037756
0.0396453
0.0415885
0.0435844
0.0456314
0.047728
0.0498722
0.0520619
0.0542946
0.0565679
0.0588787
0.0612242
0.0636009
0.0660055
0.0684341
0.0708827
0.0733474
0.0758236
0.0783069
0.0807927
0.0832759
0.0857517
0.088215
0.0906604
0.0930826
0.0954763
0.097836
0.100156
0.102431
0.104656
0.106824
0.108931
0.110971
0.112939
0.11483
0.116638
0.118359
0.119988
0.121521
0.122954
0.124282
0.125501
0.126609
0.127602
0.128477
0.129232
0.129865
0.130373
0.130756
0.131011
0.131139
0.131139
0.131011
0.130756
0.130373
0.129865
0.129232
0.128477
0.127602
0.126609
0.125501
0.124282
0.122954
0.121521
0.119988
0.118359
0.116638
0.11483
0.112939
0.110971
0.108931
0.106824
0.104656
0.102431
0.100156
0.097836
0.0954763
0.0930826
0.0906604
0.088215
0.0857517
0.0832759
0.0807927
0.0783069
0.0758236
0.0733474
0.0708827
0.0684341
0.0660055
0.0636009
0.0612242
0.0588787
0.0565679
0.0542946
0.0520619
0.0498722
0.047728
0.0456314
0.0435844
0.0415885
0.0396453
0.037756
0.0359216
0.034143
0.0324208
0.0307554
0.0291471
0.0275959
0.0261018
0.0246644
0.0232835
0.0219584
0.0206886
0.0194731
0.0183112
0.0172018
0.0161438
0.0151361
0.0141774
0.0132665
0.0124021
0.0115826
0.0108067
0.010073
0.00937987
0.00872594
0.00810968
0.00752958
0.00698415
0.00647192
0.00599139
0.00554113
0.00511971
0.00472572
0.00435779
0.00401458
0.0036948
0.00339716
0.00312046
0.00286349
0.00262512
0.00240425
0.00219981
0.00201079
0.00183622
0.00167516
0.00152674
0.00139011
0.00126448
0.00114907
0.00104318
0.000946126
0.000857261
0.000775985
0.000701729
0.00063396
0.000572176
0.000515909
0.000464721
0.000418204
0.000375976
0.000337681
0.000302991
0.0002716
0.000243223
0.000217598
0.000194483
0.000173654
0.000154904
0.000138044
0.000122899
0.000109308
9.7126e-05
8.62171e-05
7.64587e-05
6.77387e-05
5.99545e-05
5.30131e-05
4.68296e-05
4.1327e-05
3.64354e-05
3.20914e-05
2.82377e-05
2.48225e-05
2.17991e-05
1.91252e-05
1.6763e-05
1.46782e-05
1.28401e-05
1.12212e-05
9.79687e-06
8.54498e-06
7.44579e-06
6.48166e-06
5.63687e-06
4.8974e-06
4.25078e-06
3.68594e-06
3.19303e-06
2.76334e-06
2.38913e-06
2.06359e-06
1.78066e-06
1.53503e-06
1.32198e-06
1.1374e-06
9.7763e-07
8.39484e-07
7.20155e-07
6.17186e-07
5.28423e-07
4.51984e-07
3.86225e-07
3.29711e-07
2.81192e-07
2.39578e-07
2.03924e-07
1.73407e-07
1.47312e-07
1.25022e-07
1.06001e-07
8.97866e-08
7.5978e-08
6.42303e-08
5.4246e-08
4.5769e-08
3.8579e-08
3.24868e-08
2.73299e-08
2.29692e-08
1.92854e-08
1.61766e-08
1.35557e-08
1.13484e-08
9.4912e-09
7.9302e-09
6.61946e-09
5.51997e-09
4.59862e-09
3.82731e-09
3.18226e-09
2.64334e-09
2.19355e-09
0.0194921
0.020729
0.0220229
0.0233746
0.0247852
0.0262552
0.0277852
0.0293757
0.0310269
0.032739
0.0345118
0.036345
0.0382384
0.040191
0.0422022
0.0442707
0.0463953
0.0485744
0.0508062
0.0530887
0.0554196
0.0577963
0.0602162
0.0626761
0.0651728
0.0677029
0.0702625
0.0728477
0.0754543
0.0780779
0.0807138
0.0833573
0.0860033
0.0886468
0.0912823
0.0939044
0.0965075
0.099086
0.101634
0.104146
0.106616
0.109037
0.111405
0.113714
0.115956
0.118128
0.120223
0.122235
0.12416
0.125992
0.127727
0.129359
0.130884
0.132297
0.133595
0.134775
0.135832
0.136764
0.137567
0.138241
0.138782
0.139189
0.139461
0.139597
0.139597
0.139461
0.139189
0.138782
0.138241
0.137567
0.136764
0.135832
0.134775
0.133595
0.132297
0.130884
0.129359
0.127727
0.125992
0.12416
0.122235
0.120223
0.118128
0.115956
0.113714
0.111405
0.109037
0.106616
0.104146
0.101634
0.099086
0.0965075
0.0939044
0.0912823
0.0886468
0.0860033
0.0833573
0.0807138
0.0780779
0.0754543
0.0728477
0.0702625
0.0677029
0.0651728
0.0626761
0.0602162
0.0577963
0.0554196
0.0530887
0.0508062
0.0485744
0.0463953
0.0442707
0.0422022
0.040191
0.0382384
0.036345
0.0345118
0.032739
0.0310269
0.0293757
0.0277852
0.0262552
0.0247852
0.0233746
0.0220229
0.020729
0.0194921
0.0183112
0.017185
0.0161123
0.0150918
0.0141222
0.0132019
0.0123296
0.0115037
0.0107226
0.00998482
0.00928871
0.00863271
0.0080152
0.00743459
0.00688932
0.0063778
0.0058985
0.0054499
0.0050305
0.00463884
0.0042735
0.00393309
0.00361626
0.00332171
0.00304817
0.00279443
0.00255931
0.00234168
0.00214047
0.00195464
0.0017832
0.00162521
0.00147977
0.00134603
0.00122318
0.00111046
0.00100715
0.00091255
0.000826032
0.000746987
0.000674846
0.000609078
0.000549182
0.000494693
0.000445176
0.000400224
0.00035946
0.000322533
0.000289116
0.000258909
0.000231632
0.000207026
0.000184853
0.000164894
0.000146947
0.000130825
0.000116358
0.00010339
9.17776e-05
8.13899e-05
7.21074e-05
6.38213e-05
5.64322e-05
4.98499e-05
4.39924e-05
3.87852e-05
3.41611e-05
3.00588e-05
2.64234e-05
2.3205e-05
2.03587e-05
1.78441e-05
1.56248e-05
1.36682e-05
1.19449e-05
1.04287e-05
9.09609e-06
7.92601e-06
6.8997e-06
6.00042e-06
5.21325e-06
4.52493e-06
3.92366e-06
3.39896e-06
2.94155e-06
2.54322e-06
2.19668e-06
1.8955e-06
1.63403e-06
1.40724e-06
1.21075e-06
1.04068e-06
8.93626e-07
7.66601e-07
6.56991e-07
5.62503e-07
4.81134e-07
4.11134e-07
3.50976e-07
2.99327e-07
2.5503e-07
2.17076e-07
1.8459e-07
1.56813e-07
1.33085e-07
1.12838e-07
9.55773e-08
8.08781e-08
6.83728e-08
5.77446e-08
4.87209e-08
4.10672e-08
3.4582e-08
2.90926e-08
2.44506e-08
2.05292e-08
1.72199e-08
1.443e-08
1.20803e-08
1.01033e-08
8.44165e-09
7.04638e-09
5.87598e-09
4.8952e-09
4.07415e-09
3.3875e-09
2.81383e-09
2.33502e-09
0.020729
0.0220444
0.0234203
0.0248579
0.0263579
0.0279212
0.0295483
0.0312397
0.0329957
0.0348164
0.0367017
0.0386513
0.0406648
0.0427414
0.0448801
0.0470799
0.0493394
0.0516567
0.0540302
0.0564575
0.0589363
0.0614638
0.0640372
0.0666532
0.0693084
0.071999
0.074721
0.0774702
0.0802423
0.0830323
0.0858355
0.0886468
0.0914607
0.0942719
0.0970746
0.0998631
0.102631
0.105373
0.108083
0.110754
0.113381
0.115956
0.118475
0.120929
0.123314
0.125624
0.127852
0.129992
0.132039
0.133987
0.135832
0.137567
0.139189
0.140692
0.142073
0.143327
0.144451
0.145442
0.146297
0.147013
0.147588
0.148021
0.14831
0.148455
0.148455
0.14831
0.148021
0.147588
0.147013
0.146297
0.145442
0.144451
0.143327
0.142073
0.140692
0.139189
0.137567
0.135832
0.133987
0.132039
0.129992
0.127852
0.125624
0.123314
0.120929
0.118475
0.115956
0.113381
0.110754
0.108083
0.105373
0.102631
0.0998631
0.0970746
0.0942719
0.0914607
0.0886468
0.0858355
0.0830323
0.0802423
0.0774702
0.074721
0.071999
0.0693084
0.0666532
0.0640372
0.0614638
0.0589363
0.0564575
0.0540302
0.0516567
0.0493394
0.0470799
0.0448801
0.0427414
0.0406648
0.0386513
0.0367017
0.0348164
0.0329957
0.0312397
0.0295483
0.0279212
0.0263579
0.0248579
0.0234203
0.0220444
0.020729
0.0194731
0.0182754
0.0171347
0.0160495
0.0150183
0.0140397
0.013112
0.0122337
0.011403
0.0106184
0.00987813
0.0091805
0.0085238
0.00790636
0.00732648
0.00678251
0.0062728
0.00579572
0.00534971
0.0049332
0.00454468
0.00418267
0.00384573
0.00353249
0.0032416
0.00297175
0.00272171
0.00249028
0.0022763
0.00207867
0.00189635
0.00172834
0.00157367
0.00143144
0.0013008
0.00118093
0.00107105
0.000970456
0.000878448
0.000794387
0.000717669
0.000647727
0.000584031
0.000526084
0.000473425
0.00042562
0.000382269
0.000342999
0.000307462
0.000275338
0.00024633
0.000220163
0.000196583
0.000175358
0.000156271
0.000139127
0.000123742
0.000109951
9.76014e-05
8.65545e-05
7.6683e-05
6.78711e-05
6.00131e-05
5.30131e-05
4.67839e-05
4.12464e-05
3.63288e-05
3.19662e-05
2.81001e-05
2.46775e-05
2.16506e-05
1.89764e-05
1.66163e-05
1.45355e-05
1.27029e-05
1.10905e-05
9.67329e-06
8.42895e-06
7.33752e-06
6.38118e-06
5.54406e-06
4.81206e-06
4.17263e-06
3.61464e-06
3.12821e-06
2.7046e-06
2.33607e-06
2.01578e-06
1.73772e-06
1.49654e-06
1.28758e-06
1.10672e-06
9.50331e-07
8.15246e-07
6.98681e-07
5.98197e-07
5.11665e-07
4.37223e-07
3.73247e-07
3.18321e-07
2.71213e-07
2.30851e-07
1.96304e-07
1.66763e-07
1.4153e-07
1.19998e-07
1.01642e-07
8.60103e-08
7.27114e-08
6.14088e-08
5.18125e-08
4.36731e-08
3.67764e-08
3.09386e-08
2.60021e-08
2.18319e-08
1.83126e-08
1.53457e-08
1.28469e-08
1.07444e-08
8.97732e-09
7.49351e-09
6.24885e-09
5.20583e-09
4.33268e-09
3.60245e-09
2.99238e-09
2.48319e-09
0.0220229
0.0234203
0.0248822
0.0264095
0.0280031
0.029664
0.0313926
0.0331896
0.0350552
0.0369896
0.0389925
0.0410639
0.043203
0.0454092
0.0476814
0.0500186
0.052419
0.054881
0.0574026
0.0599814
0.0626149
0.0653002
0.0680342
0.0708135
0.0736344
0.076493
0.0793849
0.0823057
0.0852508
0.088215
0.0911932
0.0941799
0.0971695
0.100156
0.103134
0.106096
0.109037
0.111951
0.11483
0.117667
0.120458
0.123194
0.125869
0.128477
0.131011
0.133465
0.135832
0.138106
0.14028
0.142351
0.14431
0.146154
0.147877
0.149474
0.150941
0.152273
0.153467
0.15452
0.155428
0.156189
0.1568
0.15726
0.157568
0.157722
0.157722
0.157568
0.15726
0.1568
0.156189
0.155428
0.15452
0.153467
0.152273
0.150941
0.149474
0.147877
0.146154
0.14431
0.142351
0.14028
0.138106
0.135832
0.133465
0.131011
0.128477
0.125869
0.123194
0.120458
0.117667
0.11483
0.111951
0.109037
0.106096
0.103134
0.100156
0.0971695
0.0941799
0.0911932
0.088215
0.0852508
0.0823057
0.0793849
0.076493
0.0736344
0.0708135
0.0680342
0.0653002
0.0626149
0.0599814
0.0574026
0.054881
0.052419
0.0500186
0.0476814
0.0454092
0.043203
0.0410639
0.0389925
0.0369896
0.0350552
0.0331896
0.0313926
0.029664
0.0280031
0.0264095
0.0248822
0.0234203
0.0220229
0.0206886
0.0194161
0.0182042
0.0170512
0.0159557
0.014916
0.0139304
0.0129972
0.0121148
0.0112812
0.0104947
0.00975352
0.00905584
0.00839985
0.00778378
0.00720586
0.00666433
0.00615748
0.00568363
0.00524112
0.00482834
0.00444374
0.00408577
0.00375298
0.00344393
0.00315724
0.00289159
0.00264571
0.00241838
0.00220842
0.00201472
0.00183622
0.00167189
0.00152079
0.00138199
0.00125464
0.00113791
0.00103103
0.000933279
0.000843971
0.000762464
0.000688157
0.000620485
0.000558921
0.000502975
0.000452186
0.00040613
0.000364408
0.000326653
0.000292524
0.000261705
0.000233905
0.000208854
0.000186303
0.000166026
0.00014781
0.000131465
0.000116814
0.000103693
9.1957e-05
8.14694e-05
7.21074e-05
6.3759e-05
5.63221e-05
4.97041e-05
4.38209e-05
3.85963e-05
3.39615e-05
2.98541e-05
2.62178e-05
2.30019e-05
2.01609e-05
1.76534e-05
1.54428e-05
1.34958e-05
1.17827e-05
1.02771e-05
8.95507e-06
7.79551e-06
6.77947e-06
5.89011e-06
5.11242e-06
4.43308e-06
3.84026e-06
3.32347e-06
2.87341e-06
2.48188e-06
2.1416e-06
1.84618e-06
1.58995e-06
1.36795e-06
1.1758e-06
1.00965e-06
8.66132e-07
7.4229e-07
6.35535e-07
5.43602e-07
4.64513e-07
3.96544e-07
3.3819e-07
2.88141e-07
2.4526e-07
2.08556e-07
1.77172e-07
1.50364e-07
1.27488e-07
1.07986e-07
9.13788e-08
7.72499e-08
6.52418e-08
5.50465e-08
4.63991e-08
3.90719e-08
3.28698e-08
2.76251e-08
2.31946e-08
1.94557e-08
1.63035e-08
1.36487e-08
1.14151e-08
9.53766e-09
7.96124e-09
6.63888e-09
5.53077e-09
4.60311e-09
3.82731e-09
3.17916e-09
2.63819e-09
0.0233746
0.0248579
0.0264095
0.0280305
0.029722
0.0314848
0.0333195
0.0352268
0.0372069
0.03926
0.0413859
0.0435844
0.0458548
0.0481964
0.0506082
0.0530887
0.0556365
0.0582496
0.060926
0.0636631
0.0664582
0.0693084
0.0722102
0.0751601
0.0781541
0.0811881
0.0842576
0.0873577
0.0904835
0.0936296
0.0967906
0.0999607
0.103134
0.106304
0.109464
0.112609
0.11573
0.118822
0.121878
0.12489
0.127852
0.130756
0.133595
0.136363
0.139053
0.141657
0.144169
0.146583
0.148891
0.151088
0.153168
0.155125
0.156953
0.158648
0.160205
0.16162
0.162887
0.164005
0.164968
0.165776
0.166425
0.166913
0.167239
0.167403
0.167403
0.167239
0.166913
0.166425
0.165776
0.164968
0.164005
0.162887
0.16162
0.160205
0.158648
0.156953
0.155125
0.153168
0.151088
0.148891
0.146583
0.144169
0.141657
0.139053
0.136363
0.133595
0.130756
0.127852
0.12489
0.121878
0.118822
0.11573
0.112609
0.109464
0.106304
0.103134
0.0999607
0.0967906
0.0936296
0.0904835
0.0873577
0.0842576
0.0811881
0.0781541
0.0751601
0.0722102
0.0693084
0.0664582
0.0636631
0.060926
0.0582496
0.0556365
0.0530887
0.0506082
0.0481964
0.0458548
0.0435844
0.0413859
0.03926
0.0372069
0.0352268
0.0333195
0.0314848
0.029722
0.0280305
0.0264095
0.0248579
0.0233746
0.0219584
0.0206079
0.0193216
0.0180978
0.0169351
0.0158315
0.0147855
0.013795
0.0128584
0.0119736
0.0111389
0.0103522
0.00961169
0.00891544
0.00826155
0.00764815
0.00707339
0.00653543
0.00603249
0.00556282
0.00512471
0.00471649
0.00433656
0.00398334
0.00365532
0.00335103
0.00306908
0.00280811
0.00256682
0.00234397
0.00213838
0.00194892
0.00177451
0.00161414
0.00146682
0.00133165
0.00120775
0.00109431
0.000990564
0.000895774
0.000809264
0.000730396
0.00065857
0.000593228
0.000533847
0.000479942
0.000431058
0.000386776
0.000346703
0.00031048
0.000277769
0.000248262
0.000221673
0.000197739
0.000176216
0.000156883
0.000139535
0.000123984
0.000110058
9.76014e-05
8.647e-05
7.65334e-05
6.76725e-05
5.97792e-05
5.27549e-05
4.65106e-05
4.09654e-05
3.60461e-05
3.16865e-05
2.78271e-05
2.44138e-05
2.13983e-05
1.8737e-05
1.63907e-05
1.43241e-05
1.25059e-05
1.09079e-05
9.50473e-06
8.274e-06
7.1956e-06
6.25164e-06
5.42622e-06
4.70518e-06
4.07598e-06
3.52746e-06
3.04979e-06
2.63422e-06
2.27306e-06
1.9595e-06
1.68754e-06
1.45192e-06
1.24797e-06
1.07162e-06
9.19296e-07
7.87852e-07
6.74544e-07
5.76968e-07
4.93025e-07
4.20884e-07
3.58948e-07
3.05828e-07
2.60314e-07
2.21358e-07
1.88047e-07
1.59594e-07
1.35313e-07
1.14615e-07
9.69877e-08
8.19915e-08
6.92463e-08
5.84253e-08
4.92471e-08
4.14702e-08
3.48873e-08
2.93207e-08
2.46183e-08
2.06499e-08
1.73042e-08
1.44865e-08
1.21157e-08
1.01231e-08
8.4499e-09
7.04638e-09
5.87025e-09
4.88565e-09
4.06223e-09
3.37429e-09
2.80012e-09
0.0247852
0.0263579
0.0280031
0.029722
0.0315155
0.0333847
0.0353302
0.0373526
0.0394522
0.0416291
0.0438833
0.0462144
0.0486219
0.0511048
0.0536621
0.0562923
0.0589938
0.0617647
0.0646025
0.0675048
0.0704686
0.0734908
0.0765677
0.0796956
0.0828703
0.0860874
0.089342
0.0926292
0.0959437
0.0992797
0.102631
0.105993
0.109357
0.112719
0.11607
0.119404
0.122714
0.125992
0.129232
0.132426
0.135567
0.138646
0.141657
0.144592
0.147444
0.150205
0.152869
0.155428
0.157876
0.160205
0.162411
0.164486
0.166425
0.168222
0.169873
0.171372
0.172717
0.173901
0.174923
0.175779
0.176467
0.176985
0.177331
0.177504
0.177504
0.177331
0.176985
0.176467
0.175779
0.174923
0.173901
0.172717
0.171372
0.169873
0.168222
0.166425
0.164486
0.162411
0.160205
0.157876
0.155428
0.152869
0.150205
0.147444
0.144592
0.141657
0.138646
0.135567
0.132426
0.129232
0.125992
0.122714
0.119404
0.11607
0.112719
0.109357
0.105993
0.102631
0.0992797
0.0959437
0.0926292
0.089342
0.0860874
0.0828703
0.0796956
0.0765677
0.0734908
0.0704686
0.0675048
0.0646025
0.0617647
0.0589938
0.0562923
0.0536621
0.0511048
0.0486219
0.0462144
0.0438833
0.0416291
0.0394522
0.0373526
0.0353302
0.0333847
0.0315155
0.029722
0.0280031
0.0263579
0.0247852
0.0232835
0.0218515
0.0204875
0.0191899
0.017957
0.0167869
0.0156777
0.0146275
0.0136343
0.0126962
0.011811
0.0109769
0.0101917
0.00945344
0.00876009
0.00810968
0.00750022
0.0069298
0.00639652
0.0058985
0.00543396
0.00500111
0.00459825
0.00422371
0.0038759
0.00355325
0.00325428
0.00297756
0.00272171
0.00248542
0.00226742
0.00206653
0.0018816
0.00171154
0.00155533
0.00141201
0.00128063
0.00116035
0.00105034
0.000949829
0.000858099
0.000774471
0.000698311
0.000629026
0.000566062
0.000508904
0.00045707
0.000410115
0.000367625
0.000329215
0.000294531
0.000263243
0.00023505
0.000209671
0.00018685
0.00016635
0.000147955
0.000131465
0.0001167
0.000103491
9.1688e-05
8.11518e-05
7.17562e-05
6.33865e-05
5.59384e-05
4.93173e-05
4.34374e-05
3.82212e-05
3.35986e-05
2.95063e-05
2.58871e-05
2.26896e-05
1.98677e-05
1.73797e-05
1.51885e-05
1.32606e-05
1.15661e-05
1.00783e-05
8.77329e-06
7.62981e-06
6.6289e-06
5.75366e-06
4.98912e-06
4.32194e-06
3.74033e-06
3.23382e-06
2.79318e-06
2.41022e-06
2.07774e-06
1.78938e-06
1.53953e-06
1.32328e-06
1.13629e-06
9.7477e-07
8.35395e-07
7.15249e-07
6.11785e-07
5.22777e-07
4.46282e-07
3.80609e-07
3.24283e-07
2.76023e-07
2.34715e-07
1.99395e-07
1.69224e-07
1.43479e-07
1.21531e-07
1.0284e-07
8.69392e-08
7.3425e-08
6.19509e-08
5.22189e-08
4.39727e-08
3.69926e-08
3.10901e-08
2.61039e-08
2.1896e-08
1.83485e-08
1.53607e-08
1.28469e-08
1.0734e-08
8.9598e-09
7.47159e-09
6.22448e-09
5.18047e-09
4.30737e-09
3.57791e-09
2.96909e-09
0.0262552
0.0279212
0.029664
0.0314848
0.0333847
0.0353647
0.0374256
0.0395679
0.0417921
0.0440981
0.046486
0.0489554
0.0515056
0.0541358
0.0568447
0.059631
0.0624927
0.0654279
0.0684341
0.0715085
0.0746481
0.0778494
0.0811089
0.0844223
0.0877853
0.0911932
0.0946409
0.098123
0.101634
0.105168
0.108718
0.112279
0.115843
0.119404
0.122954
0.126486
0.129992
0.133465
0.136897
0.14028
0.143607
0.146869
0.150059
0.153168
0.156189
0.159114
0.161936
0.164646
0.167239
0.169707
0.172043
0.174241
0.176295
0.178199
0.179948
0.181536
0.18296
0.184215
0.185298
0.186205
0.186934
0.187482
0.187849
0.188032
0.188032
0.187849
0.187482
0.186934
0.186205
0.185298
0.184215
0.18296
0.181536
0.179948
0.178199
0.176295
0.174241
0.172043
0.169707
0.167239
0.164646
0.161936
0.159114
0.156189
0.153168
0.150059
0.146869
0.143607
0.14028
0.136897
0.133465
0.129992
0.126486
0.122954
0.119404
0.115843
0.112279
0.108718
0.105168
0.101634
0.098123
0.0946409
0.0911932
0.0877853
0.0844223
0.0811089
0.0778494
0.0746481
0.0715085
0.0684341
0.0654279
0.0624927
0.059631
0.0568447
0.0541358
0.0515056
0.0489554
0.046486
0.0440981
0.0417921
0.0395679
0.0374256
0.0353647
0.0333847
0.0314848
0.029664
0.0279212
0.0262552
0.0246644
0.0231475
0.0217026
0.0203281
0.019022
0.0177825
0.0166075
0.015495
0.014443
0.0134492
0.0125115
0.0116279
0.0107962
0.0100141
0.00927965
0.00859066
0.00794506
0.00734081
0.00677589
0.00624834
0.00575624
0.00529772
0.00487097
0.00447422
0.00410577
0.00376399
0.00344729
0.00315416
0.00288314
0.00263283
0.0024019
0.00218909
0.00199319
0.00181305
0.00164758
0.00149575
0.00135659
0.00122917
0.00111263
0.00100616
0.000908992
0.000820405
0.000739728
0.000666333
0.000599635
0.000539086
0.000484179
0.000434439
0.000389429
0.000348741
0.000311999
0.000278856
0.000248991
0.000222107
0.000197932
0.000176216
0.00015673
0.000139262
0.000123621
0.000109629
9.7126e-05
8.59648e-05
7.6012e-05
6.71459e-05
5.92561e-05
5.22422e-05
4.60137e-05
4.04881e-05
3.55913e-05
3.12563e-05
2.74224e-05
2.40353e-05
2.1046e-05
1.84105e-05
1.60893e-05
1.40471e-05
1.22521e-05
1.0676e-05
9.29363e-06
8.08233e-06
7.02205e-06
6.09491e-06
5.28502e-06
4.57827e-06
3.96216e-06
3.42562e-06
2.95884e-06
2.55317e-06
2.20097e-06
1.8955e-06
1.63084e-06
1.40176e-06
1.20368e-06
1.03258e-06
8.84942e-07
7.5767e-07
6.4807e-07
5.53782e-07
4.72751e-07
4.03182e-07
3.43516e-07
2.92393e-07
2.48636e-07
2.11221e-07
1.79261e-07
1.51988e-07
1.28739e-07
1.0894e-07
9.20955e-08
7.77797e-08
6.56252e-08
5.53159e-08
4.65807e-08
3.91866e-08
3.2934e-08
2.76521e-08
2.31946e-08
1.94367e-08
1.62717e-08
1.36088e-08
1.13706e-08
9.4912e-09
7.91472e-09
6.59365e-09
5.48773e-09
4.56283e-09
3.79012e-09
3.14519e-09
0.0277852
0.0295483
0.0313926
0.0333195
0.0353302
0.0374256
0.0396066
0.0418738
0.0442275
0.046668
0.049195
0.0518083
0.0545071
0.0572906
0.0601574
0.063106
0.0661345
0.0692407
0.0724221
0.0756757
0.0789982
0.0823862
0.0858355
0.089342
0.092901
0.0965075
0.100156
0.103841
0.107557
0.111297
0.115054
0.118822
0.122594
0.126362
0.130119
0.133857
0.137567
0.141243
0.144875
0.148455
0.151976
0.155428
0.158803
0.162094
0.165291
0.168386
0.171372
0.174241
0.176985
0.179597
0.182069
0.184395
0.186569
0.188584
0.190434
0.192116
0.193622
0.19495
0.196096
0.197056
0.197827
0.198408
0.198796
0.19899
0.19899
0.198796
0.198408
0.197827
0.197056
0.196096
0.19495
0.193622
0.192116
0.190434
0.188584
0.186569
0.184395
0.182069
0.179597
0.176985
0.174241
0.171372
0.168386
0.165291
0.162094
0.158803
0.155428
0.151976
0.148455
0.144875
0.141243
0.137567
0.133857
0.130119
0.126362
0.122594
0.118822
0.115054
0.111297
0.107557
0.103841
0.100156
0.0965075
0.092901
0.089342
0.0858355
0.0823862
0.0789982
0.0756757
0.0724221
0.0692407
0.0661345
0.063106
0.0601574
0.0572906
0.0545071
0.0518083
0.049195
0.046668
0.0442275
0.0418738
0.0396066
0.0374256
0.0353302
0.0333195
0.0313926
0.0295483
0.0277852
0.0261018
0.0244964
0.0229673
0.0215127
0.0201305
0.0188188
0.0175753
0.016398
0.0152846
0.0142329
0.0132407
0.0123055
0.0114253
0.0105977
0.00982042
0.00909128
0.00840806
0.00776859
0.00717076
0.00661246
0.00609169
0.00560645
0.00515482
0.00473495
0.00434504
0.00398334
0.00364819
0.00333797
0.00305115
0.00278626
0.00254187
0.00231666
0.00210935
0.00191871
0.00174359
0.00158292
0.00143564
0.0013008
0.00117747
0.0010648
0.000961964
0.000868214
0.000782836
0.000705164
0.000634579
0.000570502
0.000512394
0.000459756
0.000412123
0.000369064
0.000330181
0.000295107
0.000263501
0.00023505
0.000209466
0.000186485
0.000165863
0.000147378
0.000130825
0.000116018
0.000102786
9.09745e-05
8.04416e-05
7.10589e-05
6.27092e-05
5.52867e-05
4.86951e-05
4.28476e-05
3.76654e-05
3.30777e-05
2.90205e-05
2.5436e-05
2.22725e-05
1.94834e-05
1.7027e-05
1.48657e-05
1.29661e-05
1.12982e-05
9.83522e-06
8.55333e-06
7.43127e-06
6.45009e-06
5.593e-06
4.84507e-06
4.19306e-06
3.62525e-06
3.13127e-06
2.70196e-06
2.32923e-06
2.00597e-06
1.72588e-06
1.48345e-06
1.27383e-06
1.09276e-06
9.36512e-07
8.01824e-07
6.85836e-07
5.86054e-07
5.00301e-07
4.26678e-07
3.63534e-07
3.09433e-07
2.63125e-07
2.2353e-07
1.89707e-07
1.60845e-07
1.36241e-07
1.15288e-07
9.74624e-08
8.23124e-08
6.94495e-08
5.85395e-08
4.92952e-08
4.14702e-08
3.48533e-08
2.92635e-08
2.45463e-08
2.05694e-08
1.72199e-08
1.44019e-08
1.20332e-08
1.00443e-08
8.37596e-09
6.9779e-09
5.80753e-09
4.82873e-09
4.01099e-09
3.32847e-09
0.0293757
0.0312397
0.0331896
0.0352268
0.0373526
0.0395679
0.0418738
0.0442707
0.0467592
0.0493394
0.0520111
0.0547739
0.0576272
0.06057
0.0636009
0.0667183
0.0699202
0.0732042
0.0765677
0.0800075
0.0835203
0.0871021
0.090749
0.0944562
0.0982189
0.102032
0.105889
0.109785
0.113714
0.117667
0.12164
0.125624
0.129612
0.133595
0.137567
0.141519
0.145442
0.149328
0.153168
0.156953
0.160675
0.164325
0.167894
0.171372
0.174752
0.178025
0.181182
0.184215
0.187116
0.189877
0.192491
0.19495
0.197248
0.199379
0.201335
0.203113
0.204706
0.20611
0.207321
0.208336
0.209151
0.209765
0.210175
0.21038
0.21038
0.210175
0.209765
0.209151
0.208336
0.207321
0.20611
0.204706
0.203113
0.201335
0.199379
0.197248
0.19495
0.192491
0.189877
0.187116
0.184215
0.181182
0.178025
0.174752
0.171372
0.167894
0.164325
0.160675
0.156953
0.153168
0.149328
0.145442
0.141519
0.137567
0.133595
0.129612
0.125624
0.12164
0.117667
0.113714
0.109785
0.105889
0.102032
0.0982189
0.0944562
0.090749
0.0871021
0.0835203
0.0800075
0.0765677
0.0732042
0.0699202
0.0667183
0.0636009
0.06057
0.0576272
0.0547739
0.0520111
0.0493394
0.0467592
0.0442707
0.0418738
0.0395679
0.0373526
0.0352268
0.0331896
0.0312397
0.0293757
0.0275959
0.0258986
0.0242821
0.0227442
0.0212829
0.019896
0.0185814
0.0173367
0.0161595
0.0150477
0.0139986
0.0130099
0.0120793
0.0112043
0.0103826
0.00961169
0.00888936
0.00821329
0.00758123
0.00699098
0.00644039
0.00592738
0.0054499
0.00500599
0.00459376
0.00421136
0.00385702
0.00352904
0.00322581
0.00294575
0.00268738
0.00244928
0.00223009
0.00202854
0.0018434
0.00167353
0.00151782
0.00137526
0.00124487
0.00112575
0.00101703
0.000917913
0.000827647
0.000745529
0.000670904
0.000603159
0.000541725
0.000486074
0.000435714
0.00039019
0.000349082
0.000311999
0.000278584
0.000248505
0.000221457
0.00019716
0.000175358
0.000155814
0.000138314
0.000122659
0.00010867
9.61821e-05
8.50463e-05
7.51264e-05
6.62989e-05
5.84514e-05
5.14826e-05
4.53003e-05
3.98215e-05
3.49712e-05
3.06817e-05
2.6892e-05
2.35474e-05
2.05987e-05
1.80016e-05
1.57166e-05
1.37083e-05
1.19449e-05
1.03982e-05
9.04295e-06
7.85665e-06
6.81931e-06
5.91316e-06
5.12241e-06
4.43308e-06
3.83277e-06
3.31051e-06
2.85663e-06
2.46257e-06
2.12079e-06
1.82467e-06
1.56836e-06
1.34674e-06
1.15531e-06
9.9012e-07
8.47722e-07
7.25095e-07
6.19601e-07
5.28939e-07
4.51102e-07
3.84344e-07
3.27145e-07
2.78187e-07
2.36325e-07
2.00567e-07
1.70053e-07
1.4404e-07
1.21888e-07
1.03041e-07
8.70242e-08
7.3425e-08
6.18904e-08
5.2117e-08
4.3844e-08
3.68483e-08
3.09386e-08
2.59514e-08
2.17468e-08
1.82057e-08
1.52263e-08
1.2722e-08
1.06193e-08
8.85542e-09
7.37733e-09
6.13996e-09
5.10514e-09
4.24059e-09
3.519e-09
0.0310269
0.0329957
0.0350552
0.0372069
0.0394522
0.0417921
0.0442275
0.0467592
0.0493876
0.0521127
0.0549346
0.0578528
0.0608665
0.0639747
0.067176
0.0704686
0.0738505
0.0773191
0.0808716
0.0845048
0.088215
0.0919982
0.09585
0.0997656
0.10374
0.107767
0.111841
0.115956
0.120105
0.124282
0.128477
0.132685
0.136897
0.141105
0.1453
0.149474
0.153617
0.157722
0.161778
0.165776
0.169707
0.173562
0.177331
0.181005
0.184575
0.188032
0.191367
0.19457
0.197634
0.20055
0.203311
0.205909
0.208336
0.210586
0.212653
0.21453
0.216212
0.217695
0.218975
0.220047
0.220908
0.221556
0.221989
0.222206
0.222206
0.221989
0.221556
0.220908
0.220047
0.218975
0.217695
0.216212
0.21453
0.212653
0.210586
0.208336
0.205909
0.203311
0.20055
0.197634
0.19457
0.191367
0.188032
0.184575
0.181005
0.177331
0.173562
0.169707
0.165776
0.161778
0.157722
0.153617
0.149474
0.1453
0.141105
0.136897
0.132685
0.128477
0.124282
0.120105
0.115956
0.111841
0.107767
0.10374
0.0997656
0.09585
0.0919982
0.088215
0.0845048
0.0808716
0.0773191
0.0738505
0.0704686
0.067176
0.0639747
0.0608665
0.0578528
0.0549346
0.0521127
0.0493876
0.0467592
0.0442275
0.0417921
0.0394522
0.0372069
0.0350552
0.0329957
0.0310269
0.0291471
0.0273544
0.025647
0.0240226
0.0224792
0.0210144
0.0196258
0.0183112
0.0170679
0.0158935
0.0147855
0.0137412
0.0127583
0.0118341
0.0109662
0.010152
0.00938903
0.00867496
0.00800737
0.00738394
0.00680241
0.00626056
0.00575624
0.00528738
0.00485198
0.00444808
0.00407382
0.00372741
0.00340713
0.00311133
0.00283844
0.00258695
0.00235545
0.00214256
0.00194702
0.0017676
0.00160314
0.00145257
0.00131485
0.00118903
0.0010742
0.000969509
0.000874169
0.000787436
0.000708616
0.000637063
0.000572176
0.000513396
0.000460205
0.000412123
0.000368704
0.000329537
0.000294243
0.000262473
0.000233905
0.000208243
0.000185215
0.000164573
0.000146088
0.000129554
0.000114778
0.000101589
8.98268e-05
7.93493e-05
7.00255e-05
6.1737e-05
5.43764e-05
4.78466e-05
4.20599e-05
3.69369e-05
3.24063e-05
2.84036e-05
2.4871e-05
2.17565e-05
1.90135e-05
1.66001e-05
1.44788e-05
1.26163e-05
1.09827e-05
9.55126e-06
8.29828e-06
7.20263e-06
6.24554e-06
5.41035e-06
4.68227e-06
4.04821e-06
3.4966e-06
3.0172e-06
2.60099e-06
2.24e-06
1.92724e-06
1.65652e-06
1.42244e-06
1.22025e-06
1.04578e-06
8.95373e-07
7.65853e-07
6.5443e-07
5.58671e-07
4.76459e-07
4.05948e-07
3.45534e-07
2.93824e-07
2.49609e-07
2.11841e-07
1.79611e-07
1.52137e-07
1.28739e-07
1.08833e-07
9.19158e-08
7.75522e-08
6.53693e-08
5.50465e-08
4.63085e-08
3.89196e-08
3.26777e-08
2.74101e-08
2.29692e-08
1.9229e-08
1.60821e-08
1.34371e-08
1.12162e-08
9.35319e-09
7.79202e-09
6.48509e-09
5.3921e-09
4.47895e-09
3.71681e-09
0.032739
0.0348164
0.0369896
0.03926
0.0416291
0.0440981
0.046668
0.0493394
0.0521127
0.0549883
0.0579659
0.0610451
0.0642251
0.0675048
0.0708827
0.074357
0.0779255
0.0815855
0.0853341
0.0891677
0.0930826
0.0970746
0.101139
0.105271
0.109464
0.113714
0.118013
0.122355
0.126733
0.131139
0.135567
0.140007
0.144451
0.148891
0.153318
0.157722
0.162094
0.166425
0.170704
0.174923
0.179071
0.183139
0.187116
0.190993
0.19476
0.198408
0.201926
0.205306
0.208539
0.211617
0.21453
0.217271
0.219832
0.222206
0.224387
0.226367
0.228143
0.229708
0.231058
0.232189
0.233097
0.233781
0.234238
0.234467
0.234467
0.234238
0.233781
0.233097
0.232189
0.231058
0.229708
0.228143
0.226367
0.224387
0.222206
0.219832
0.217271
0.21453
0.211617
0.208539
0.205306
0.201926
0.198408
0.19476
0.190993
0.187116
0.183139
0.179071
0.174923
0.170704
0.166425
0.162094
0.157722
0.153318
0.148891
0.144451
0.140007
0.135567
0.131139
0.126733
0.122355
0.118013
0.113714
0.109464
0.105271
0.101139
0.0970746
0.0930826
0.0891677
0.0853341
0.0815855
0.0779255
0.074357
0.0708827
0.0675048
0.0642251
0.0610451
0.0579659
0.0549883
0.0521127
0.0493394
0.046668
0.0440981
0.0416291
0.03926
0.0369896
0.0348164
0.032739
0.0307554
0.0288638
0.0270622
0.0253482
0.0237196
0.0221739
0.0207088
0.0193216
0.0180097
0.0167705
0.0156013
0.0144995
0.0134623
0.0124871
0.0115713
0.0107121
0.00990712
0.00915364
0.00844922
0.00779139
0.00717776
0.00660601
0.00607387
0.00557914
0.00511971
0.00469352
0.00429861
0.00393309
0.00359513
0.00328301
0.00299506
0.0027297
0.00248542
0.00226079
0.00205446
0.00186513
0.0016916
0.00153272
0.0013874
0.00125464
0.00113347
0.00102301
0.000922406
0.000830886
0.000747717
0.000672215
0.000603748
0.000541725
0.000485599
0.000434863
0.000389048
0.000347721
0.00031048
0.000276956
0.000246812
0.000219733
0.000195435
0.000173654
0.000154149
0.000136702
0.000121112
0.000107194
9.47834e-05
8.37278e-05
7.38895e-05
6.51436e-05
5.73769e-05
5.04868e-05
4.43807e-05
3.89751e-05
3.41944e-05
2.99709e-05
2.62434e-05
2.29571e-05
2.00627e-05
1.75161e-05
1.52778e-05
1.33125e-05
1.15887e-05
1.00783e-05
8.75617e-06
7.60007e-06
6.59017e-06
5.70889e-06
4.94063e-06
4.27159e-06
3.68954e-06
3.18369e-06
2.74451e-06
2.36361e-06
2.03358e-06
1.74793e-06
1.50093e-06
1.28758e-06
1.10348e-06
9.44779e-07
8.08113e-07
6.90541e-07
5.89498e-07
5.02749e-07
4.28348e-07
3.64601e-07
3.10038e-07
2.63383e-07
2.2353e-07
1.89522e-07
1.60532e-07
1.35843e-07
1.14839e-07
9.69877e-08
8.18315e-08
6.89764e-08
5.80839e-08
4.88638e-08
4.10672e-08
3.44809e-08
2.89226e-08
2.42366e-08
2.02901e-08
1.69695e-08
1.41786e-08
1.18351e-08
9.86929e-09
8.22198e-09
6.84294e-09
5.68964e-09
4.7261e-09
3.9219e-09
0.0345118
0.0367017
0.0389925
0.0413859
0.0438833
0.046486
0.049195
0.0520111
0.0549346
0.0579659
0.0611047
0.0643507
0.0677029
0.0711602
0.074721
0.0783834
0.0821451
0.0860033
0.0899549
0.0939961
0.098123
0.102331
0.106616
0.110971
0.115392
0.119871
0.124403
0.12898
0.133595
0.138241
0.142908
0.147588
0.152273
0.156953
0.16162
0.166262
0.170871
0.175436
0.179948
0.184395
0.188768
0.193056
0.197248
0.201335
0.205306
0.209151
0.21286
0.216424
0.219832
0.223076
0.226146
0.229036
0.231736
0.234238
0.236537
0.238625
0.240497
0.242146
0.243569
0.244762
0.24572
0.24644
0.246922
0.247164
0.247164
0.246922
0.24644
0.24572
0.244762
0.243569
0.242146
0.240497
0.238625
0.236537
0.234238
0.231736
0.229036
0.226146
0.223076
0.219832
0.216424
0.21286
0.209151
0.205306
0.201335
0.197248
0.193056
0.188768
0.184395
0.179948
0.175436
0.170871
0.166262
0.16162
0.156953
0.152273
0.147588
0.142908
0.138241
0.133595
0.12898
0.124403
0.119871
0.115392
0.110971
0.106616
0.102331
0.098123
0.0939961
0.0899549
0.0860033
0.0821451
0.0783834
0.074721
0.0711602
0.0677029
0.0643507
0.0611047
0.0579659
0.0549346
0.0520111
0.049195
0.046486
0.0438833
0.0413859
0.0389925
0.0367017
0.0345118
0.0324208
0.0304268
0.0285276
0.0267208
0.025004
0.0233746
0.0218302
0.0203678
0.0189849
0.0176786
0.0164461
0.0152846
0.0141913
0.0131633
0.0121979
0.0112922
0.0104436
0.00964931
0.00890674
0.00821329
0.00756644
0.00696372
0.00640276
0.00588125
0.00539694
0.00494767
0.00453138
0.00414606
0.00378981
0.00346079
0.00315724
0.00287751
0.00262
0.00238321
0.0021657
0.00196613
0.0017832
0.00161571
0.00146253
0.00132258
0.00119485
0.0010784
0.000972354
0.000875878
0.000788205
0.000708616
0.000636441
0.000571059
0.000511894
0.000458411
0.000410115
0.00036655
0.000327292
0.000291953
0.000260176
0.000231632
0.000206018
0.000183057
0.000162497
0.000144105
0.00012767
0.000112999
9.99159e-05
8.82616e-05
7.78906e-05
6.86711e-05
6.04838e-05
5.32206e-05
4.67839e-05
4.10856e-05
3.60461e-05
3.15938e-05
2.76645e-05
2.42002e-05
2.1149e-05
1.84645e-05
1.61051e-05
1.40334e-05
1.22162e-05
1.0624e-05
9.23031e-06
8.01161e-06
6.94702e-06
6.01802e-06
5.20816e-06
4.50289e-06
3.88932e-06
3.35608e-06
2.89312e-06
2.49159e-06
2.1437e-06
1.84258e-06
1.58221e-06
1.3573e-06
1.16323e-06
9.95939e-07
8.51872e-07
7.27933e-07
6.21419e-07
5.29973e-07
4.51543e-07
3.84344e-07
3.26826e-07
2.77645e-07
2.35634e-07
1.99785e-07
1.69224e-07
1.43199e-07
1.21057e-07
1.0224e-07
8.62626e-08
7.27114e-08
6.12291e-08
5.15098e-08
4.32909e-08
3.6348e-08
3.04887e-08
2.5549e-08
2.13888e-08
1.78884e-08
1.49463e-08
1.2476e-08
1.04037e-08
8.66719e-09
7.21348e-09
5.99773e-09
4.98201e-09
4.13427e-09
0.036345
0.0386513
0.0410639
0.0435844
0.0462144
0.0489554
0.0518083
0.0547739
0.0578528
0.0610451
0.0643507
0.067769
0.0712993
0.0749402
0.0786902
0.0825472
0.0865087
0.0905719
0.0947333
0.0989892
0.103335
0.107767
0.112279
0.116866
0.121521
0.126239
0.131011
0.135832
0.140692
0.145584
0.150499
0.155428
0.160362
0.165291
0.170205
0.175094
0.179948
0.184756
0.189507
0.19419
0.198796
0.203311
0.207726
0.21203
0.216212
0.220262
0.224168
0.22792
0.231509
0.234926
0.23816
0.241202
0.244046
0.246681
0.249102
0.251301
0.253272
0.255009
0.256508
0.257763
0.258772
0.259532
0.260039
0.260293
0.260293
0.260039
0.259532
0.258772
0.257763
0.256508
0.255009
0.253272
0.251301
0.249102
0.246681
0.244046
0.241202
0.23816
0.234926
0.231509
0.22792
0.224168
0.220262
0.216212
0.21203
0.207726
0.203311
0.198796
0.19419
0.189507
0.184756
0.179948
0.175094
0.170205
0.165291
0.160362
0.155428
0.150499
0.145584
0.140692
0.135832
0.131011
0.126239
0.121521
0.116866
0.112279
0.107767
0.103335
0.0989892
0.0947333
0.0905719
0.0865087
0.0825472
0.0786902
0.0749402
0.0712993
0.067769
0.0643507
0.0610451
0.0578528
0.0547739
0.0518083
0.0489554
0.0462144
0.0435844
0.0410639
0.0386513
0.036345
0.034143
0.0320431
0.030043
0.0281402
0.0263322
0.0246163
0.0229898
0.0214498
0.0199934
0.0186177
0.0173197
0.0160965
0.0149451
0.0138625
0.0128458
0.0118921
0.0109984
0.0101619
0.00937987
0.00864958
0.00796837
0.00733364
0.00674288
0.00619366
0.00568363
0.0052105
0.00477209
0.00436631
0.00399113
0.00364462
0.00332496
0.00303036
0.00275918
0.00250981
0.00228075
0.00207057
0.00187792
0.00170154
0.00154022
0.00139283
0.00125832
0.00113569
0.00102401
0.000922406
0.000830075
0.000746258
0.000670249
0.000601394
0.000539086
0.000482762
0.000431901
0.000386021
0.000344678
0.000307462
0.000273997
0.000243936
0.000216961
0.000192781
0.000171129
0.00015176
0.000134452
0.000119001
0.000105224
9.29501e-05
8.20282e-05
7.2319e-05
6.36968e-05
5.60477e-05
4.92691e-05
4.32681e-05
3.79609e-05
3.32721e-05
2.9134e-05
2.54857e-05
2.22725e-05
1.94454e-05
1.69606e-05
1.47788e-05
1.28652e-05
1.11884e-05
9.72063e-06
8.43719e-06
7.31605e-06
6.3377e-06
5.48482e-06
4.74209e-06
4.09593e-06
3.53436e-06
3.04681e-06
2.62395e-06
2.25757e-06
1.94046e-06
1.66626e-06
1.42941e-06
1.22503e-06
1.04884e-06
8.97124e-07
7.66601e-07
6.5443e-07
5.58126e-07
4.75529e-07
4.0476e-07
3.44187e-07
2.92393e-07
2.48151e-07
2.10397e-07
1.78214e-07
1.50805e-07
1.27488e-07
1.07671e-07
9.0845e-08
7.65739e-08
6.44817e-08
5.4246e-08
4.55906e-08
3.82788e-08
3.21083e-08
2.69062e-08
2.25249e-08
1.88387e-08
1.57403e-08
1.31387e-08
1.09564e-08
9.1276e-09
7.59666e-09
6.31633e-09
5.24666e-09
4.35389e-09
0.0382384
0.0406648
0.043203
0.0458548
0.0486219
0.0515056
0.0545071
0.0576272
0.0608665
0.0642251
0.0677029
0.0712993
0.0750134
0.0788441
0.0827894
0.0868473
0.0910152
0.09529
0.0996682
0.104146
0.108718
0.113381
0.118128
0.122954
0.127852
0.132815
0.137836
0.142908
0.148021
0.153168
0.158339
0.163525
0.168716
0.173901
0.179071
0.184215
0.189322
0.19438
0.199379
0.204306
0.209151
0.213902
0.218547
0.223076
0.227475
0.231736
0.235845
0.239793
0.243569
0.247164
0.250566
0.253767
0.256759
0.259532
0.262078
0.264392
0.266466
0.268293
0.26987
0.271191
0.272252
0.273051
0.273585
0.273852
0.273852
0.273585
0.273051
0.272252
0.271191
0.26987
0.268293
0.266466
0.264392
0.262078
0.259532
0.256759
0.253767
0.250566
0.247164
0.243569
0.239793
0.235845
0.231736
0.227475
0.223076
0.218547
0.213902
0.209151
0.204306
0.199379
0.19438
0.189322
0.184215
0.179071
0.173901
0.168716
0.163525
0.158339
0.153168
0.148021
0.142908
0.137836
0.132815
0.127852
0.122954
0.118128
0.113381
0.108718
0.104146
0.0996682
0.09529
0.0910152
0.0868473
0.0827894
0.0788441
0.0750134
0.0712993
0.0677029
0.0642251
0.0608665
0.0576272
0.0545071
0.0515056
0.0486219
0.0458548
0.043203
0.0406648
0.0382384
0.0359216
0.0337123
0.031608
0.0296061
0.0277039
0.0258986
0.0241874
0.0225672
0.0210349
0.0195875
0.018222
0.0169351
0.0157237
0.0145847
0.013515
0.0125115
0.0115713
0.0106912
0.00986849
0.00910016
0.00838346
0.00771567
0.00709414
0.00651631
0.0059797
0.00548193
0.00502068
0.00459376
0.00419904
0.00383448
0.00349816
0.00318822
0.00290291
0.00264055
0.00239956
0.00217843
0.00197575
0.00179018
0.00162045
0.00146539
0.00132387
0.00119485
0.00107735
0.000970456
0.000873316
0.000785132
0.000705164
0.000632723
0.000567169
0.000507911
0.0004544
0.00040613
0.000362633
0.000323479
0.00028827
0.000256644
0.000228264
0.000202824
0.000180043
0.000159665
0.000141455
0.0001252
0.000110705
9.77922e-05
8.63013e-05
7.60863e-05
6.70149e-05
5.89674e-05
5.18357e-05
4.5522e-05
3.99383e-05
3.50053e-05
3.06517e-05
2.68133e-05
2.34327e-05
2.04584e-05
1.78441e-05
1.55487e-05
1.35354e-05
1.17712e-05
1.0227e-05
8.87671e-06
7.69717e-06
6.66785e-06
5.77054e-06
4.98912e-06
4.30929e-06
3.71847e-06
3.20552e-06
2.76064e-06
2.37517e-06
2.04154e-06
1.75306e-06
1.50387e-06
1.28884e-06
1.10348e-06
9.43857e-07
8.06536e-07
6.88521e-07
5.872e-07
5.00301e-07
4.25845e-07
3.62117e-07
3.07625e-07
2.61078e-07
2.21358e-07
1.87497e-07
1.58661e-07
1.34129e-07
1.13279e-07
9.55773e-08
8.05628e-08
6.78407e-08
5.70718e-08
4.79655e-08
4.02729e-08
3.37809e-08
2.83078e-08
2.36983e-08
1.982e-08
1.65603e-08
1.38231e-08
1.15271e-08
9.60308e-09
7.99239e-09
6.64537e-09
5.51997e-09
4.58069e-09
0.040191
0.0427414
0.0454092
0.0481964
0.0511048
0.0541358
0.0572906
0.06057
0.0639747
0.0675048
0.0711602
0.0749402
0.0788441
0.0828703
0.0870171
0.0912823
0.095663
0.100156
0.104758
0.109464
0.11427
0.119171
0.12416
0.129232
0.13438
0.139597
0.144875
0.150205
0.15558
0.16099
0.166425
0.171875
0.177331
0.182782
0.188216
0.193622
0.19899
0.204306
0.20956
0.214739
0.219832
0.224825
0.229708
0.234467
0.239092
0.243569
0.247889
0.252038
0.256007
0.259785
0.263361
0.266726
0.26987
0.272785
0.275462
0.277893
0.280073
0.281994
0.283651
0.28504
0.286155
0.286995
0.287556
0.287837
0.287837
0.287556
0.286995
0.286155
0.28504
0.283651
0.281994
0.280073
0.277893
0.275462
0.272785
0.26987
0.266726
0.263361
0.259785
0.256007
0.252038
0.247889
0.243569
0.239092
0.234467
0.229708
0.224825
0.219832
0.214739
0.20956
0.204306
0.19899
0.193622
0.188216
0.182782
0.177331
0.171875
0.166425
0.16099
0.15558
0.150205
0.144875
0.139597
0.13438
0.129232
0.12416
0.119171
0.11427
0.109464
0.104758
0.100156
0.095663
0.0912823
0.0870171
0.0828703
0.0788441
0.0749402
0.0711602
0.0675048
0.0639747
0.06057
0.0572906
0.0541358
0.0511048
0.0481964
0.0454092
0.0427414
0.040191
0.037756
0.0354338
0.0332221
0.0311179
0.0291186
0.0272212
0.0254225
0.0237196
0.0221091
0.0205878
0.0191525
0.0177999
0.0165266
0.0153295
0.0142052
0.0131505
0.0121622
0.0112372
0.0103724
0.00956487
0.00881157
0.00810968
0.00745641
0.00684907
0.00628506
0.00576186
0.00527707
0.00482834
0.00441346
0.00403029
0.0036768
0.00335103
0.00305115
0.00277539
0.00252209
0.00228967
0.00207664
0.0018816
0.0017032
0.00154022
0.00139147
0.00125586
0.00113236
0.00102001
0.000917913
0.000825226
0.000741174
0.000665033
0.000596132
0.000533847
0.000477604
0.000426869
0.000381151
0.000339998
0.000302991
0.000269749
0.00023992
0.000213181
0.000189237
0.000167819
0.000148679
0.000131594
0.000116358
0.000102786
9.07083e-05
7.99717e-05
7.04371e-05
6.19786e-05
5.44827e-05
4.78466e-05
4.19778e-05
3.67929e-05
3.2217e-05
2.81826e-05
2.46293e-05
2.15031e-05
1.87553e-05
1.63427e-05
1.42266e-05
1.23723e-05
1.07493e-05
9.33e-06
8.09023e-06
7.00835e-06
6.06522e-06
5.24389e-06
4.52935e-06
3.90836e-06
3.36922e-06
2.90161e-06
2.49647e-06
2.14579e-06
1.84258e-06
1.58066e-06
1.35466e-06
1.15983e-06
9.92056e-07
8.47722e-07
7.2368e-07
6.17186e-07
5.25849e-07
4.47592e-07
3.80609e-07
3.23334e-07
2.7441e-07
2.32661e-07
1.97072e-07
1.66763e-07
1.40979e-07
1.19064e-07
1.00458e-07
8.46768e-08
7.1305e-08
5.99863e-08
5.04149e-08
4.23294e-08
3.5506e-08
2.97534e-08
2.49085e-08
2.08322e-08
1.74059e-08
1.4529e-08
1.21157e-08
1.00935e-08
8.40053e-09
6.98472e-09
5.80186e-09
4.81461e-09
0.0422022
0.0448801
0.0476814
0.0506082
0.0536621
0.0568447
0.0601574
0.0636009
0.067176
0.0708827
0.074721
0.0786902
0.0827894
0.0870171
0.0913714
0.09585
0.10045
0.105168
0.11
0.114942
0.119988
0.125134
0.130373
0.135699
0.141105
0.146583
0.152124
0.157722
0.163365
0.169045
0.174752
0.180476
0.186205
0.191928
0.197634
0.203311
0.208947
0.21453
0.220047
0.225485
0.230832
0.236076
0.241202
0.2462
0.251056
0.255758
0.260293
0.26465
0.268818
0.272785
0.27654
0.280073
0.283374
0.286435
0.289246
0.291799
0.294088
0.296105
0.297845
0.299303
0.300474
0.301356
0.301945
0.30224
0.30224
0.301945
0.301356
0.300474
0.299303
0.297845
0.296105
0.294088
0.291799
0.289246
0.286435
0.283374
0.280073
0.27654
0.272785
0.268818
0.26465
0.260293
0.255758
0.251056
0.2462
0.241202
0.236076
0.230832
0.225485
0.220047
0.21453
0.208947
0.203311
0.197634
0.191928
0.186205
0.180476
0.174752
0.169045
0.163365
0.157722
0.152124
0.146583
0.141105
0.135699
0.130373
0.125134
0.119988
0.114942
0.11
0.105168
0.10045
0.09585
0.0913714
0.0870171
0.0827894
0.0786902
0.074721
0.0708827
0.067176
0.0636009
0.0601574
0.0568447
0.0536621
0.0506082
0.0476814
0.0448801
0.0422022
0.0396453
0.0372069
0.0348845
0.0326751
0.0305757
0.0285833
0.0266947
0.0249065
0.0232154
0.021618
0.0201109
0.0186906
0.0173536
0.0160965
0.014916
0.0138085
0.0127708
0.0117995
0.0108915
0.0100435
0.0092525
0.00851548
0.00782952
0.0071918
0.00659956
0.00605019
0.00554113
0.00506995
0.00463431
0.00423197
0.00386078
0.00351872
0.00320383
0.00291427
0.0026483
0.00240425
0.00218056
0.00197575
0.00178843
0.00161729
0.0014611
0.00131871
0.00118903
0.00107105
0.000963845
0.00086652
0.000778262
0.000698311
0.000625962
0.000560561
0.000501503
0.00044823
0.000400224
0.000357011
0.000318153
0.000283248
0.000251926
0.000223849
0.000198707
0.000176216
0.000156119
0.000138179
0.000122181
0.000107929
9.52474e-05
8.39735e-05
7.39617e-05
6.508e-05
5.7209e-05
5.02409e-05
4.40784e-05
3.8634e-05
3.38291e-05
2.95928e-05
2.58618e-05
2.25791e-05
1.96938e-05
1.71605e-05
1.49384e-05
1.29914e-05
1.12871e-05
9.79687e-06
8.49506e-06
7.35905e-06
6.36872e-06
5.50629e-06
4.756e-06
4.10393e-06
3.53781e-06
3.04681e-06
2.62139e-06
2.25317e-06
1.93478e-06
1.65976e-06
1.42244e-06
1.21787e-06
1.0417e-06
8.90142e-07
7.59893e-07
6.4807e-07
5.52162e-07
4.69989e-07
3.99654e-07
3.39514e-07
2.88141e-07
2.44304e-07
2.06933e-07
1.75108e-07
1.48033e-07
1.25022e-07
1.05485e-07
8.8914e-08
7.48731e-08
6.2988e-08
5.29377e-08
4.44476e-08
3.72827e-08
3.12423e-08
2.61549e-08
2.18746e-08
1.82769e-08
1.5256e-08
1.2722e-08
1.05985e-08
8.82089e-09
7.33423e-09
6.09218e-09
5.05553e-09
0.0442707
0.0470799
0.0500186
0.0530887
0.0562923
0.059631
0.063106
0.0667183
0.0704686
0.074357
0.0783834
0.0825472
0.0868473
0.0912823
0.09585
0.100548
0.105373
0.110323
0.115392
0.120576
0.125869
0.131268
0.136764
0.142351
0.148021
0.153767
0.159581
0.165452
0.171372
0.177331
0.183318
0.189322
0.195332
0.201335
0.207321
0.213276
0.219189
0.225045
0.230832
0.236537
0.242146
0.247647
0.253025
0.258267
0.263361
0.268293
0.273051
0.277622
0.281994
0.286155
0.290094
0.293801
0.297264
0.300474
0.303423
0.306102
0.308502
0.310619
0.312444
0.313973
0.315202
0.316127
0.316745
0.317054
0.317054
0.316745
0.316127
0.315202
0.313973
0.312444
0.310619
0.308502
0.306102
0.303423
0.300474
0.297264
0.293801
0.290094
0.286155
0.281994
0.277622
0.273051
0.268293
0.263361
0.258267
0.253025
0.247647
0.242146
0.236537
0.230832
0.225045
0.219189
0.213276
0.207321
0.201335
0.195332
0.189322
0.183318
0.177331
0.171372
0.165452
0.159581
0.153767
0.148021
0.142351
0.136764
0.131268
0.125869
0.120576
0.115392
0.110323
0.105373
0.100548
0.09585
0.0912823
0.0868473
0.0825472
0.0783834
0.074357
0.0704686
0.0667183
0.063106
0.059631
0.0562923
0.0530887
0.0500186
0.0470799
0.0442707
0.0415885
0.0390306
0.0365944
0.0342766
0.0320744
0.0299843
0.0280031
0.0261273
0.0243533
0.0226776
0.0210966
0.0196067
0.0182042
0.0168855
0.0156471
0.0144853
0.0133967
0.0123779
0.0114253
0.0105358
0.00970601
0.00893287
0.00821329
0.0075443
0.00692304
0.00634674
0.00581273
0.00531846
0.00486146
0.0044394
0.00405002
0.00369119
0.00336087
0.00305712
0.0027781
0.00252209
0.00228744
0.00207259
0.00187609
0.00169656
0.00153272
0.00138334
0.00124731
0.00112355
0.00101109
0.000908992
0.000816409
0.000732539
0.000656644
0.000588037
0.000526084
0.000470199
0.000419841
0.00037451
0.000333747
0.000297131
0.000264274
0.00023482
0.000208446
0.000184853
0.000163771
0.000144952
0.000128169
0.00011322
9.99159e-05
8.80894e-05
7.75869e-05
6.82699e-05
6.00131e-05
5.27034e-05
4.62389e-05
4.05277e-05
3.54872e-05
3.10433e-05
2.71294e-05
2.36858e-05
2.06591e-05
1.80016e-05
1.56707e-05
1.36282e-05
1.18404e-05
1.02771e-05
8.91145e-06
7.71975e-06
6.68089e-06
5.77618e-06
4.98912e-06
4.30509e-06
3.71122e-06
3.19615e-06
2.74988e-06
2.36361e-06
2.02961e-06
1.74111e-06
1.49216e-06
1.27756e-06
1.09276e-06
9.33772e-07
7.97139e-07
6.79835e-07
5.79226e-07
4.93025e-07
4.19243e-07
3.56155e-07
3.02265e-07
2.56278e-07
2.17076e-07
1.83691e-07
1.55289e-07
1.3115e-07
1.10655e-07
9.32722e-08
7.8543e-08
6.60753e-08
5.55324e-08
4.66262e-08
3.91101e-08
3.27736e-08
2.74369e-08
2.29468e-08
1.91728e-08
1.60038e-08
1.33456e-08
1.1118e-08
9.25325e-09
7.69372e-09
6.39079e-09
5.30333e-09
0.0463953
0.0493394
0.052419
0.0556365
0.0589938
0.0624927
0.0661345
0.0699202
0.0738505
0.0779255
0.0821451
0.0865087
0.0910152
0.095663
0.10045
0.105373
0.11043
0.115617
0.120929
0.126362
0.13191
0.137567
0.143327
0.149182
0.155125
0.161147
0.167239
0.173393
0.179597
0.185841
0.192116
0.198408
0.204706
0.210998
0.217271
0.223512
0.229708
0.235845
0.24191
0.247889
0.253767
0.259532
0.265168
0.270662
0.276
0.281169
0.286155
0.290946
0.295527
0.299888
0.304016
0.307901
0.31153
0.314895
0.317985
0.320792
0.323308
0.325526
0.327438
0.329041
0.330329
0.331298
0.331946
0.33227
0.33227
0.331946
0.331298
0.330329
0.329041
0.327438
0.325526
0.323308
0.320792
0.317985
0.314895
0.31153
0.307901
0.304016
0.299888
0.295527
0.290946
0.286155
0.281169
0.276
0.270662
0.265168
0.259532
0.253767
0.247889
0.24191
0.235845
0.229708
0.223512
0.217271
0.210998
0.204706
0.198408
0.192116
0.185841
0.179597
0.173393
0.167239
0.161147
0.155125
0.149182
0.143327
0.137567
0.13191
0.126362
0.120929
0.115617
0.11043
0.105373
0.10045
0.095663
0.0910152
0.0865087
0.0821451
0.0779255
0.0738505
0.0699202
0.0661345
0.0624927
0.0589938
0.0556365
0.052419
0.0493394
0.0463953
0.0435844
0.0409038
0.0383506
0.0359216
0.0336137
0.0314233
0.029347
0.0273812
0.025522
0.0237659
0.0221091
0.0205476
0.0190778
0.0176959
0.016398
0.0151805
0.0140397
0.0129719
0.0119736
0.0110414
0.0101718
0.00936157
0.00860745
0.00790636
0.00725528
0.00665132
0.00609169
0.00557369
0.00509477
0.00465245
0.00424439
0.00386833
0.00352216
0.00320383
0.00291143
0.00264313
0.00239722
0.00217206
0.00196613
0.00177798
0.00160627
0.00144973
0.00130717
0.00117747
0.00105961
0.000952616
0.000855589
0.000767694
0.000688157
0.000616257
0.000551332
0.000492765
0.000439989
0.000392483
0.000349764
0.00031139
0.000276956
0.00024609
0.00021845
0.000193725
0.000171631
0.000151908
0.00013432
0.000118653
0.000104711
9.23169e-05
8.13104e-05
7.15463e-05
6.28932e-05
5.52327e-05
4.84579e-05
4.24726e-05
3.71903e-05
3.25331e-05
2.84314e-05
2.48225e-05
2.16506e-05
1.88655e-05
1.64227e-05
1.42822e-05
1.24086e-05
1.07703e-05
9.33912e-06
8.09023e-06
7.00151e-06
6.05339e-06
5.22855e-06
4.51169e-06
3.88932e-06
3.34953e-06
2.88184e-06
2.47704e-06
2.12701e-06
1.82467e-06
1.56377e-06
1.33887e-06
1.1452e-06
9.78585e-07
8.35395e-07
7.12461e-07
6.07024e-07
5.16686e-07
4.39363e-07
3.73247e-07
3.16771e-07
2.68577e-07
2.27494e-07
1.92507e-07
1.62741e-07
1.37444e-07
1.15966e-07
9.77484e-08
8.23124e-08
6.92463e-08
5.81975e-08
4.88638e-08
4.0987e-08
3.43464e-08
2.87536e-08
2.4048e-08
2.00929e-08
1.67718e-08
1.39861e-08
1.16516e-08
9.69732e-09
8.06295e-09
6.69749e-09
5.55784e-09
0.0485744
0.0516567
0.054881
0.0582496
0.0617647
0.0654279
0.0692407
0.0732042
0.0773191
0.0815855
0.0860033
0.0905719
0.09529
0.100156
0.105168
0.110323
0.115617
0.121047
0.126609
0.132297
0.138106
0.144028
0.150059
0.156189
0.162411
0.168716
0.175094
0.181536
0.188032
0.19457
0.201139
0.207726
0.21432
0.220908
0.227475
0.23401
0.240497
0.246922
0.253272
0.259532
0.265686
0.271721
0.277622
0.283374
0.288963
0.294375
0.299595
0.304611
0.309408
0.313973
0.318295
0.322362
0.326162
0.329685
0.33292
0.335859
0.338493
0.340815
0.342818
0.344496
0.345844
0.346859
0.347537
0.347876
0.347876
0.347537
0.346859
0.345844
0.344496
0.342818
0.340815
0.338493
0.335859
0.33292
0.329685
0.326162
0.322362
0.318295
0.313973
0.309408
0.304611
0.299595
0.294375
0.288963
0.283374
0.277622
0.271721
0.265686
0.259532
0.253272
0.246922
0.240497
0.23401
0.227475
0.220908
0.21432
0.207726
0.201139
0.19457
0.188032
0.181536
0.175094
0.168716
0.162411
0.156189
0.150059
0.144028
0.138106
0.132297
0.126609
0.121047
0.115617
0.110323
0.105168
0.100156
0.09529
0.0905719
0.0860033
0.0815855
0.0773191
0.0732042
0.0692407
0.0654279
0.0617647
0.0582496
0.054881
0.0516567
0.0485744
0.0456314
0.0428249
0.0401518
0.0376088
0.0351924
0.0328992
0.0307254
0.0286672
0.0267208
0.0248822
0.0231475
0.0215127
0.0199739
0.018527
0.0171682
0.0158935
0.0146991
0.0135812
0.012536
0.01156
0.0106496
0.00980126
0.00901173
0.00827771
0.00759605
0.00696372
0.0063778
0.00583548
0.00533406
0.00487097
0.00444374
0.00405002
0.00368759
0.00335431
0.00304817
0.00276727
0.00250981
0.00227408
0.00205847
0.00186149
0.00168172
0.00151782
0.00136856
0.00123278
0.00110938
0.000997358
0.000895774
0.000803751
0.000720478
0.000645202
0.000577227
0.000515909
0.000460655
0.000410917
0.000366192
0.000326016
0.000289965
0.000257648
0.00022871
0.000202824
0.000179692
0.000159043
0.000140629
0.000124226
0.000109629
9.66529e-05
8.51294e-05
7.49067e-05
6.58472e-05
5.78269e-05
5.07339e-05
4.44675e-05
3.8937e-05
3.40611e-05
2.97667e-05
2.59884e-05
2.26675e-05
1.97516e-05
1.7194e-05
1.4953e-05
1.29914e-05
1.12761e-05
9.77776e-06
8.47021e-06
7.33036e-06
6.3377e-06
5.47412e-06
4.7236e-06
4.072e-06
3.50685e-06
3.0172e-06
2.59338e-06
2.22692e-06
1.91037e-06
1.63722e-06
1.40176e-06
1.19899e-06
1.02455e-06
8.74632e-07
7.45924e-07
6.35535e-07
5.40954e-07
4.59999e-07
3.90778e-07
3.31649e-07
2.81192e-07
2.38179e-07
2.01548e-07
1.70385e-07
1.439e-07
1.21412e-07
1.02339e-07
8.61784e-08
7.24987e-08
6.09309e-08
5.11589e-08
4.29121e-08
3.59596e-08
3.01041e-08
2.51775e-08
2.10366e-08
1.75596e-08
1.4643e-08
1.21989e-08
1.01528e-08
8.44165e-09
7.01206e-09
5.81888e-09
0.0508062
0.0540302
0.0574026
0.060926
0.0646025
0.0684341
0.0724221
0.0765677
0.0808716
0.0853341
0.0899549
0.0947333
0.0996682
0.104758
0.11
0.115392
0.120929
0.126609
0.132426
0.138376
0.144451
0.150646
0.156953
0.163365
0.169873
0.176467
0.183139
0.189877
0.196671
0.20351
0.21038
0.217271
0.224168
0.231058
0.237927
0.244762
0.251547
0.258267
0.264909
0.271456
0.277893
0.284206
0.290378
0.296394
0.30224
0.307901
0.313361
0.318606
0.323624
0.328399
0.33292
0.337173
0.341148
0.344832
0.348216
0.35129
0.354045
0.356474
0.358569
0.360324
0.361734
0.362795
0.363505
0.36386
0.36386
0.363505
0.362795
0.361734
0.360324
0.358569
0.356474
0.354045
0.35129
0.348216
0.344832
0.341148
0.337173
0.33292
0.328399
0.323624
0.318606
0.313361
0.307901
0.30224
0.296394
0.290378
0.284206
0.277893
0.271456
0.264909
0.258267
0.251547
0.244762
0.237927
0.231058
0.224168
0.217271
0.21038
0.20351
0.196671
0.189877
0.183139
0.176467
0.169873
0.163365
0.156953
0.150646
0.144451
0.138376
0.132426
0.126609
0.120929
0.115392
0.11
0.104758
0.0996682
0.0947333
0.0899549
0.0853341
0.0808716
0.0765677
0.0724221
0.0684341
0.0646025
0.060926
0.0574026
0.0540302
0.0508062
0.047728
0.0447926
0.0419966
0.0393368
0.0368094
0.0344108
0.0321371
0.0299843
0.0279485
0.0260254
0.024211
0.0225011
0.0208916
0.0193783
0.017957
0.0166237
0.0153744
0.0142052
0.013112
0.0120911
0.0111389
0.0102516
0.00942578
0.00865803
0.00794506
0.00728368
0.00667084
0.0061036
0.00557914
0.00509477
0.00464791
0.0042361
0.00385702
0.00350843
0.00318822
0.00289442
0.00262512
0.00237856
0.00215305
0.00194702
0.00175899
0.00158756
0.00143144
0.00128942
0.00116035
0.00104318
0.000936931
0.000840681
0.000753581
0.000674846
0.000603748
0.000539613
0.00048182
0.000429797
0.000383017
0.000340995
0.000303287
0.000269486
0.000239218
0.000212143
0.000187948
0.00016635
0.00014709
0.000129934
0.000114666
0.000101094
8.90408e-05
7.83483e-05
6.88726e-05
6.04838e-05
5.30649e-05
4.65106e-05
4.07261e-05
3.56261e-05
3.11344e-05
2.71824e-05
2.37089e-05
2.06591e-05
1.7984e-05
1.56401e-05
1.35883e-05
1.17942e-05
1.0227e-05
8.85939e-06
7.66716e-06
6.6289e-06
5.72564e-06
4.94063e-06
4.25909e-06
3.66798e-06
3.15583e-06
2.71253e-06
2.32923e-06
1.99815e-06
1.71245e-06
1.46616e-06
1.25408e-06
1.07162e-06
9.14818e-07
7.80196e-07
6.64735e-07
5.65809e-07
4.81134e-07
4.08732e-07
3.46887e-07
2.94112e-07
2.49122e-07
2.10809e-07
1.78214e-07
1.50511e-07
1.26991e-07
1.07042e-07
9.0138e-08
7.58297e-08
6.37304e-08
5.35094e-08
4.48838e-08
3.76118e-08
3.14873e-08
2.63343e-08
2.20032e-08
1.83664e-08
1.53157e-08
1.27593e-08
1.06193e-08
8.82951e-09
7.33423e-09
6.08623e-09
0.0530887
0.0564575
0.0599814
0.0636631
0.0675048
0.0715085
0.0756757
0.0800075
0.0845048
0.0891677
0.0939961
0.0989892
0.104146
0.109464
0.114942
0.120576
0.126362
0.132297
0.138376
0.144592
0.150941
0.157414
0.164005
0.170704
0.177504
0.184395
0.191367
0.198408
0.205507
0.212653
0.219832
0.227032
0.234238
0.241438
0.248616
0.255758
0.262847
0.26987
0.27681
0.283651
0.290378
0.296974
0.303423
0.30971
0.315818
0.321733
0.327438
0.33292
0.338163
0.343153
0.347876
0.352321
0.356474
0.360324
0.36386
0.367072
0.369951
0.372489
0.374678
0.376512
0.377985
0.379094
0.379835
0.380206
0.380206
0.379835
0.379094
0.377985
0.376512
0.374678
0.372489
0.369951
0.367072
0.36386
0.360324
0.356474
0.352321
0.347876
0.343153
0.338163
0.33292
0.327438
0.321733
0.315818
0.30971
0.303423
0.296974
0.290378
0.283651
0.27681
0.26987
0.262847
0.255758
0.248616
0.241438
0.234238
0.227032
0.219832
0.212653
0.205507
0.198408
0.191367
0.184395
0.177504
0.170704
0.164005
0.157414
0.150941
0.144592
0.138376
0.132297
0.126362
0.120576
0.114942
0.109464
0.104146
0.0989892
0.0939961
0.0891677
0.0845048
0.0800075
0.0756757
0.0715085
0.0675048
0.0636631
0.0599814
0.0564575
0.0530887
0.0498722
0.0468049
0.0438833
0.041104
0.0384631
0.0359567
0.0335809
0.0313314
0.0292041
0.0271946
0.0252987
0.023512
0.0218302
0.0202488
0.0187637
0.0173706
0.0160651
0.0148433
0.013701
0.0126343
0.0116393
0.0107121
0.00984924
0.009047
0.00830199
0.0076109
0.00697053
0.0063778
0.00582978
0.00532365
0.00485672
0.00442641
0.00403029
0.00366604
0.00333146
0.00302445
0.00274306
0.00248542
0.00224978
0.00203449
0.00183801
0.00165888
0.00149575
0.00134735
0.00121248
0.00109005
0.000979023
0.000878448
0.000787436
0.000705164
0.000630872
0.000563855
0.000503466
0.000449106
0.000400224
0.000356314
0.000316913
0.000281593
0.000249965
0.000221673
0.000196392
0.000173823
0.000153699
0.000135771
0.000119817
0.000105635
9.3041e-05
8.18682e-05
7.19667e-05
6.32011e-05
5.54489e-05
4.86001e-05
4.25557e-05
3.72266e-05
3.25331e-05
2.84036e-05
2.47741e-05
2.15872e-05
1.8792e-05
1.63427e-05
1.41988e-05
1.23241e-05
1.06865e-05
9.25739e-06
8.01161e-06
6.9267e-06
5.98286e-06
5.16259e-06
4.45043e-06
3.83277e-06
3.2976e-06
2.8344e-06
2.43388e-06
2.08791e-06
1.78938e-06
1.53203e-06
1.31042e-06
1.11976e-06
9.55916e-07
8.15246e-07
6.94599e-07
5.91228e-07
5.02749e-07
4.27095e-07
3.62471e-07
3.07325e-07
2.60314e-07
2.20279e-07
1.8622e-07
1.57273e-07
1.32696e-07
1.1185e-07
9.41875e-08
7.92364e-08
6.65935e-08
5.59133e-08
4.69002e-08
3.93015e-08
3.29019e-08
2.75174e-08
2.29916e-08
1.91915e-08
1.60038e-08
1.33326e-08
1.10963e-08
9.22618e-09
7.66373e-09
6.35966e-09
0.0554196
0.0589363
0.0626149
0.0664582
0.0704686
0.0746481
0.0789982
0.0835203
0.088215
0.0930826
0.098123
0.103335
0.108718
0.11427
0.119988
0.125869
0.13191
0.138106
0.144451
0.150941
0.157568
0.164325
0.171205
0.178199
0.185298
0.192491
0.199769
0.207119
0.21453
0.221989
0.229484
0.236999
0.244523
0.252038
0.259532
0.266987
0.274388
0.281719
0.288963
0.296105
0.303127
0.310013
0.316745
0.323308
0.329685
0.335859
0.341815
0.347537
0.35301
0.358219
0.36315
0.36779
0.372125
0.376144
0.379835
0.383188
0.386194
0.388843
0.391128
0.393042
0.394581
0.395738
0.396512
0.396899
0.396899
0.396512
0.395738
0.394581
0.393042
0.391128
0.388843
0.386194
0.383188
0.379835
0.376144
0.372125
0.36779
0.36315
0.358219
0.35301
0.347537
0.341815
0.335859
0.329685
0.323308
0.316745
0.310013
0.303127
0.296105
0.288963
0.281719
0.274388
0.266987
0.259532
0.252038
0.244523
0.236999
0.229484
0.221989
0.21453
0.207119
0.199769
0.192491
0.185298
0.178199
0.171205
0.164325
0.157568
0.150941
0.144451
0.138106
0.13191
0.125869
0.119988
0.11427
0.108718
0.103335
0.098123
0.0930826
0.088215
0.0835203
0.0789982
0.0746481
0.0704686
0.0664582
0.0626149
0.0589363
0.0554196
0.0520619
0.0488599
0.04581
0.0429087
0.0401518
0.0375354
0.0350552
0.032707
0.0304863
0.0283886
0.0264095
0.0245443
0.0227886
0.0211379
0.0195875
0.0181332
0.0167705
0.015495
0.0143026
0.013189
0.0121503
0.0111825
0.0102817
0.00944421
0.00866649
0.00794506
0.00727657
0.00665782
0.00608574
0.00555739
0.00506995
0.00462075
0.00420724
0.003827
0.00347772
0.00315724
0.00286349
0.00259454
0.00234855
0.00212382
0.00191871
0.00173172
0.00156142
0.0014065
0.00126571
0.00113791
0.00102201
0.000917017
0.000822009
0.000736124
0.00065857
0.000588612
0.000525571
0.000468824
0.000417796
0.000371958
0.000330827
0.000293956
0.00026094
0.000231406
0.000205014
0.000181455
0.000160447
0.000141732
0.000125078
0.000110273
9.7126e-05
8.54626e-05
7.51264e-05
6.59759e-05
5.78834e-05
5.07339e-05
4.44241e-05
3.88611e-05
3.39615e-05
2.96507e-05
2.58618e-05
2.2535e-05
1.96171e-05
1.70602e-05
1.48222e-05
1.28652e-05
1.11557e-05
9.66384e-06
8.36336e-06
7.23082e-06
6.24554e-06
5.38925e-06
4.64583e-06
4.00104e-06
3.44239e-06
2.95884e-06
2.54074e-06
2.17958e-06
1.86794e-06
1.5993e-06
1.36795e-06
1.16893e-06
9.97886e-07
8.5104e-07
7.25095e-07
6.17186e-07
5.24823e-07
4.45847e-07
3.78385e-07
3.20818e-07
2.71743e-07
2.29951e-07
1.94396e-07
1.64178e-07
1.38522e-07
1.16761e-07
9.83228e-08
8.27153e-08
6.95174e-08
5.83682e-08
4.89594e-08
4.10271e-08
3.43464e-08
2.87256e-08
2.40011e-08
2.00341e-08
1.67065e-08
1.39179e-08
1.15835e-08
9.63126e-09
8.0002e-09
6.63888e-09
0.0577963
0.0614638
0.0653002
0.0693084
0.0734908
0.0778494
0.0823862
0.0871021
0.0919982
0.0970746
0.102331
0.107767
0.113381
0.119171
0.125134
0.131268
0.137567
0.144028
0.150646
0.157414
0.164325
0.171372
0.178548
0.185841
0.193245
0.200746
0.208336
0.216001
0.22373
0.231509
0.239325
0.247164
0.255009
0.262847
0.270662
0.278437
0.286155
0.293801
0.301356
0.308804
0.316127
0.323308
0.330329
0.337173
0.343823
0.350263
0.356474
0.362441
0.368149
0.373581
0.378724
0.383563
0.388084
0.392275
0.396125
0.399622
0.402756
0.405519
0.407902
0.409899
0.411503
0.41271
0.413517
0.413921
0.413921
0.413517
0.41271
0.411503
0.409899
0.407902
0.405519
0.402756
0.399622
0.396125
0.392275
0.388084
0.383563
0.378724
0.373581
0.368149
0.362441
0.356474
0.350263
0.343823
0.337173
0.330329
0.323308
0.316127
0.308804
0.301356
0.293801
0.286155
0.278437
0.270662
0.262847
0.255009
0.247164
0.239325
0.231509
0.22373
0.216001
0.208336
0.200746
0.193245
0.185841
0.178548
0.171372
0.164325
0.157414
0.150646
0.144028
0.137567
0.131268
0.125134
0.119171
0.113381
0.107767
0.102331
0.0970746
0.0919982
0.0871021
0.0823862
0.0778494
0.0734908
0.0693084
0.0653002
0.0614638
0.0577963
0.0542946
0.0509553
0.0477747
0.0447489
0.0418738
0.0391452
0.0365586
0.0341097
0.0317937
0.0296061
0.0275421
0.0255969
0.0237659
0.0220444
0.0204276
0.0189109
0.0174897
0.0161595
0.014916
0.0137547
0.0126714
0.011662
0.0107226
0.00984924
0.00903817
0.00828579
0.00758864
0.00694335
0.00634674
0.00579572
0.00528738
0.00481892
0.00438768
0.00399113
0.00362687
0.00329264
0.0029863
0.00270581
0.00244928
0.0022149
0.00200099
0.00180598
0.00162839
0.00146682
0.00132
0.00118671
0.00106584
0.000956344
0.000857261
0.000767694
0.000686814
0.000613855
0.000548111
0.00048893
0.000435714
0.00038791
0.000345015
0.000306563
0.000272131
0.00024133
0.000213806
0.000189237
0.000167328
0.00014781
0.000130442
0.000115003
0.000101291
8.91278e-05
7.83483e-05
6.88054e-05
6.03658e-05
5.29097e-05
4.63293e-05
4.05277e-05
3.5418e-05
3.09223e-05
2.69709e-05
2.35015e-05
2.04584e-05
1.77919e-05
1.54579e-05
1.34169e-05
1.16341e-05
1.00783e-05
8.72203e-06
7.54092e-06
6.51339e-06
5.62038e-06
4.84507e-06
4.17263e-06
3.59002e-06
3.08573e-06
2.6497e-06
2.27306e-06
1.94805e-06
1.66788e-06
1.42662e-06
1.21906e-06
1.04068e-06
8.87538e-07
7.56192e-07
6.43655e-07
5.47331e-07
4.64967e-07
3.94613e-07
3.34576e-07
2.83397e-07
2.39813e-07
2.02733e-07
1.71219e-07
1.44463e-07
1.21769e-07
1.0254e-07
8.62626e-08
7.24987e-08
6.08714e-08
5.1059e-08
4.27866e-08
3.58194e-08
2.99575e-08
2.50304e-08
2.08933e-08
1.74229e-08
1.45148e-08
1.20803e-08
1.00443e-08
8.3433e-09
6.9236e-09
0.0602162
0.0640372
0.0680342
0.0722102
0.0765677
0.0811089
0.0858355
0.090749
0.09585
0.101139
0.106616
0.112279
0.118128
0.12416
0.130373
0.136764
0.143327
0.150059
0.156953
0.164005
0.171205
0.178548
0.186023
0.193622
0.201335
0.209151
0.217059
0.225045
0.233097
0.241202
0.249345
0.257512
0.265686
0.273852
0.281994
0.290094
0.298136
0.306102
0.313973
0.321733
0.329363
0.336844
0.344159
0.35129
0.358219
0.364927
0.371399
0.377616
0.383563
0.389223
0.394581
0.399622
0.404333
0.408699
0.41271
0.416353
0.419619
0.422497
0.42498
0.42706
0.428732
0.42999
0.43083
0.431251
0.431251
0.43083
0.42999
0.428732
0.42706
0.42498
0.422497
0.419619
0.416353
0.41271
0.408699
0.404333
0.399622
0.394581
0.389223
0.383563
0.377616
0.371399
0.364927
0.358219
0.35129
0.344159
0.336844
0.329363
0.321733
0.313973
0.306102
0.298136
0.290094
0.281994
0.273852
0.265686
0.257512
0.249345
0.241202
0.233097
0.225045
0.217059
0.209151
0.201335
0.193622
0.186023
0.178548
0.171205
0.164005
0.156953
0.150059
0.143327
0.136764
0.130373
0.12416
0.118128
0.112279
0.106616
0.101139
0.09585
0.090749
0.0858355
0.0811089
0.0765677
0.0722102
0.0680342
0.0640372
0.0602162
0.0565679
0.0530887
0.0497749
0.0466224
0.043627
0.0407841
0.0380893
0.0355378
0.0331249
0.0308456
0.0286952
0.0266686
0.024761
0.0229673
0.0212829
0.0197027
0.018222
0.0168361
0.0155405
0.0143306
0.0132019
0.0121503
0.0111716
0.0102616
0.00941658
0.00863271
0.00790636
0.00723406
0.00661246
0.00603838
0.00550876
0.00502068
0.00457138
0.00415823
0.00377872
0.0034305
0.00311133
0.0028191
0.00255182
0.00230763
0.00208477
0.0018816
0.00169656
0.00152823
0.00137526
0.00123639
0.00111046
0.000996385
0.000893154
0.000799836
0.00071557
0.000639556
0.000571059
0.000509401
0.000453956
0.000404152
0.00035946
0.000319398
0.000283524
0.000251434
0.000222758
0.00019716
0.000174333
0.000153999
0.000135904
0.000119817
0.000105532
9.28594e-05
8.16287e-05
7.16862e-05
6.28932e-05
5.51249e-05
4.8269e-05
4.22245e-05
3.69009e-05
3.2217e-05
2.81001e-05
2.44854e-05
2.13149e-05
1.85368e-05
1.61051e-05
1.39787e-05
1.21212e-05
1.05003e-05
9.08721e-06
7.85665e-06
6.7861e-06
5.8557e-06
5.04793e-06
4.34734e-06
3.74033e-06
3.21493e-06
2.76064e-06
2.36823e-06
2.02961e-06
1.73772e-06
1.48635e-06
1.2701e-06
1.08425e-06
9.24698e-07
7.87852e-07
6.70603e-07
5.70246e-07
4.84435e-07
4.11134e-07
3.48585e-07
2.95263e-07
2.49853e-07
2.11221e-07
1.78388e-07
1.50511e-07
1.26867e-07
1.06833e-07
8.98743e-08
7.55341e-08
6.342e-08
5.31968e-08
4.4578e-08
3.73191e-08
3.12118e-08
2.60784e-08
2.17681e-08
1.81524e-08
1.51225e-08
1.25861e-08
1.04648e-08
8.69262e-09
7.21348e-09
0.0626761
0.0666532
0.0708135
0.0751601
0.0796956
0.0844223
0.089342
0.0944562
0.0997656
0.105271
0.110971
0.116866
0.122954
0.129232
0.135699
0.142351
0.149182
0.156189
0.163365
0.170704
0.178199
0.185841
0.193622
0.201532
0.20956
0.217695
0.225926
0.234238
0.24262
0.251056
0.259532
0.268032
0.27654
0.28504
0.293514
0.301945
0.310315
0.318606
0.3268
0.334876
0.342818
0.350605
0.358219
0.365641
0.372853
0.379835
0.386571
0.393042
0.399232
0.405123
0.4107
0.415947
0.42085
0.425395
0.42957
0.433362
0.436761
0.439757
0.442341
0.444506
0.446246
0.447555
0.44843
0.448868
0.448868
0.44843
0.447555
0.446246
0.444506
0.442341
0.439757
0.436761
0.433362
0.42957
0.425395
0.42085
0.415947
0.4107
0.405123
0.399232
0.393042
0.386571
0.379835
0.372853
0.365641
0.358219
0.350605
0.342818
0.334876
0.3268
0.318606
0.310315
0.301945
0.293514
0.28504
0.27654
0.268032
0.259532
0.251056
0.24262
0.234238
0.225926
0.217695
0.20956
0.201532
0.193622
0.185841
0.178199
0.170704
0.163365
0.156189
0.149182
0.142351
0.135699
0.129232
0.122954
0.116866
0.110971
0.105271
0.0997656
0.0944562
0.089342
0.0844223
0.0796956
0.0751601
0.0708135
0.0666532
0.0626761
0.0588787
0.0552575
0.0518083
0.048527
0.0454092
0.0424502
0.0396453
0.0369896
0.0344781
0.0321057
0.0298674
0.0277581
0.0257725
0.0239056
0.0221523
0.0205075
0.0189664
0.0175239
0.0161753
0.014916
0.0137412
0.0126467
0.0116279
0.0106808
0.00980126
0.00898536
0.00822935
0.00752958
0.00688259
0.00628506
0.0057338
0.00522578
0.00475813
0.0043281
0.00393309
0.00357064
0.00323843
0.00293426
0.00265607
0.0024019
0.00216994
0.00195846
0.00176587
0.00159066
0.00143144
0.0012869
0.00115583
0.00103709
0.00092964
0.000832511
0.000744802
0.000665683
0.000594388
0.000530211
0.000472501
0.000420662
0.000374144
0.000332446
0.000295107
0.000261705
0.000231858
0.000205214
0.000181455
0.00016029
0.000141455
0.000124712
0.000109843
9.66529e-05
8.49633e-05
7.46146e-05
6.54625e-05
5.73769e-05
5.02409e-05
4.39494e-05
3.84083e-05
3.35331e-05
2.92481e-05
2.54857e-05
2.21857e-05
1.92941e-05
1.6763e-05
1.45497e-05
1.26163e-05
1.09292e-05
9.45844e-06
8.1776e-06
7.06332e-06
6.09491e-06
5.25414e-06
4.52493e-06
3.89312e-06
3.34626e-06
2.87341e-06
2.46497e-06
2.11252e-06
1.8087e-06
1.54707e-06
1.32198e-06
1.12855e-06
9.62473e-07
8.20037e-07
6.97999e-07
5.93542e-07
5.04225e-07
4.2793e-07
3.62825e-07
3.07325e-07
2.6006e-07
2.1985e-07
1.85675e-07
1.5666e-07
1.3205e-07
1.11197e-07
9.35458e-08
7.86198e-08
6.60108e-08
5.537e-08
4.63991e-08
3.88437e-08
3.24868e-08
2.71437e-08
2.26573e-08
1.8894e-08
1.57403e-08
1.31002e-08
1.08924e-08
9.04773e-09
7.50816e-09
0.0651728
0.0693084
0.0736344
0.0781541
0.0828703
0.0877853
0.092901
0.0982189
0.10374
0.109464
0.115392
0.121521
0.127852
0.13438
0.141105
0.148021
0.155125
0.162411
0.169873
0.177504
0.185298
0.193245
0.201335
0.20956
0.217908
0.226367
0.234926
0.243569
0.252285
0.261057
0.26987
0.278709
0.287556
0.296394
0.305206
0.313973
0.322677
0.331298
0.339818
0.348216
0.356474
0.364571
0.372489
0.380206
0.387705
0.394966
0.40197
0.408699
0.415135
0.421261
0.42706
0.432517
0.437615
0.442341
0.446682
0.450625
0.45416
0.457275
0.459962
0.462213
0.464022
0.465384
0.466294
0.466749
0.466749
0.466294
0.465384
0.464022
0.462213
0.459962
0.457275
0.45416
0.450625
0.446682
0.442341
0.437615
0.432517
0.42706
0.421261
0.415135
0.408699
0.40197
0.394966
0.387705
0.380206
0.372489
0.364571
0.356474
0.348216
0.339818
0.331298
0.322677
0.313973
0.305206
0.296394
0.287556
0.278709
0.26987
0.261057
0.252285
0.243569
0.234926
0.226367
0.217908
0.20956
0.201335
0.193245
0.185298
0.177504
0.169873
0.162411
0.155125
0.148021
0.141105
0.13438
0.127852
0.121521
0.115392
0.109464
0.10374
0.0982189
0.092901
0.0877853
0.0828703
0.0781541
0.0736344
0.0693084
0.0651728
0.0612242
0.0574587
0.0538721
0.0504601
0.0472181
0.0441412
0.0412246
0.0384631
0.0358515
0.0333847
0.0310572
0.0288638
0.0267992
0.0248579
0.0230347
0.0213245
0.0197219
0.018222
0.0168197
0.0155102
0.0142886
0.0131505
0.0120911
0.0111063
0.0101917
0.0093433
0.00855717
0.00782952
0.00715676
0.00653543
0.00596221
0.00543396
0.00494767
0.00450051
0.00408977
0.00371288
0.00336744
0.00305115
0.00276187
0.00249758
0.00225638
0.00203648
0.00183622
0.00165403
0.00148847
0.00133817
0.00120187
0.0010784
0.000966673
0.000865674
0.000774471
0.000692201
0.000618066
0.000551332
0.000491323
0.000437419
0.000389048
0.000345689
0.000306862
0.000272131
0.000241094
0.000213389
0.000188684
0.000166675
0.00014709
0.00012968
0.000114219
0.000100503
8.83479e-05
7.75869e-05
6.80702e-05
5.96625e-05
5.22422e-05
4.57002e-05
3.99383e-05
3.48689e-05
3.04132e-05
2.65009e-05
2.30694e-05
2.00627e-05
1.74307e-05
1.51293e-05
1.31189e-05
1.13646e-05
9.83522e-06
8.50336e-06
7.34469e-06
6.3377e-06
5.46344e-06
4.70518e-06
4.04821e-06
3.47956e-06
2.98788e-06
2.56317e-06
2.19668e-06
1.88075e-06
1.60869e-06
1.37465e-06
1.1735e-06
1.00081e-06
8.52704e-07
7.25804e-07
6.17186e-07
5.24311e-07
4.44977e-07
3.77278e-07
3.19567e-07
2.7042e-07
2.28607e-07
1.93072e-07
1.629e-07
1.3731e-07
1.15627e-07
9.72723e-08
8.17516e-08
6.86404e-08
5.75757e-08
4.82474e-08
4.0391e-08
3.37809e-08
2.8225e-08
2.35599e-08
1.96466e-08
1.63673e-08
1.36221e-08
1.13263e-08
9.40815e-09
7.80725e-09
0.0677029
0.071999
0.076493
0.0811881
0.0860874
0.0911932
0.0965075
0.102032
0.107767
0.113714
0.119871
0.126239
0.132815
0.139597
0.146583
0.153767
0.161147
0.168716
0.176467
0.184395
0.192491
0.200746
0.209151
0.217695
0.226367
0.235155
0.244046
0.253025
0.262078
0.271191
0.280347
0.289528
0.298719
0.307901
0.317054
0.326162
0.335203
0.344159
0.35301
0.361734
0.370312
0.378724
0.386949
0.394966
0.402756
0.410299
0.417575
0.424565
0.431251
0.437615
0.443639
0.449307
0.454603
0.459513
0.464022
0.468119
0.47179
0.475026
0.477818
0.480157
0.482036
0.48345
0.484396
0.484869
0.484869
0.484396
0.48345
0.482036
0.480157
0.477818
0.475026
0.47179
0.468119
0.464022
0.459513
0.454603
0.449307
0.443639
0.437615
0.431251
0.424565
0.417575
0.410299
0.402756
0.394966
0.386949
0.378724
0.370312
0.361734
0.35301
0.344159
0.335203
0.326162
0.317054
0.307901
0.298719
0.289528
0.280347
0.271191
0.262078
0.253025
0.244046
0.235155
0.226367
0.217695
0.209151
0.200746
0.192491
0.184395
0.176467
0.168716
0.161147
0.153767
0.146583
0.139597
0.132815
0.126239
0.119871
0.113714
0.107767
0.102032
0.0965075
0.0911932
0.0860874
0.0811881
0.076493
0.071999
0.0677029
0.0636009
0.0596892
0.0559634
0.052419
0.0490511
0.0458548
0.0428249
0.0399562
0.0372433
0.0346807
0.0322629
0.0299843
0.0278395
0.0258229
0.023929
0.0221523
0.0204875
0.0189294
0.0174726
0.0161123
0.0148433
0.013661
0.0125605
0.0115374
0.0105873
0.00970601
0.00888936
0.00813347
0.00743459
0.00678914
0.00619366
0.0056449
0.00513974
0.00467522
0.00424853
0.00385702
0.00349816
0.0031696
0.00286909
0.00259454
0.00234397
0.00211554
0.0019075
0.00171824
0.00154625
0.00139011
0.00124853
0.00112027
0.0010042
0.00089928
0.000804537
0.000719072
0.000642059
0.000572735
0.000510397
0.0004544
0.000404152
0.000359109
0.000318775
0.000282695
0.000250454
0.000221673
0.000196008
0.000173146
0.000152801
0.000134714
0.000118653
0.000104405
9.17776e-05
8.05989e-05
7.07127e-05
6.19786e-05
5.42703e-05
4.74743e-05
4.14888e-05
3.62225e-05
3.15938e-05
2.75297e-05
2.3965e-05
2.08415e-05
1.81074e-05
1.57166e-05
1.36282e-05
1.18058e-05
1.0217e-05
8.83347e-06
7.62981e-06
6.58374e-06
5.67554e-06
4.88784e-06
4.20536e-06
3.61464e-06
3.10387e-06
2.66267e-06
2.28195e-06
1.95377e-06
1.67114e-06
1.42801e-06
1.21906e-06
1.03967e-06
8.85806e-07
7.5398e-07
6.41145e-07
5.44665e-07
4.62251e-07
3.91924e-07
3.31973e-07
2.80917e-07
2.37482e-07
2.00567e-07
1.69224e-07
1.4264e-07
1.20115e-07
1.01048e-07
8.49253e-08
7.1305e-08
5.98108e-08
5.01204e-08
4.1959e-08
3.50923e-08
2.93207e-08
2.44745e-08
2.04093e-08
1.70027e-08
1.41509e-08
1.17659e-08
9.77338e-09
8.11033e-09
0.0702625
0.074721
0.0793849
0.0842576
0.089342
0.0946409
0.100156
0.105889
0.111841
0.118013
0.124403
0.131011
0.137836
0.144875
0.152124
0.159581
0.167239
0.175094
0.183139
0.191367
0.199769
0.208336
0.217059
0.225926
0.234926
0.244046
0.253272
0.262591
0.271987
0.281444
0.290946
0.300474
0.310013
0.319541
0.329041
0.338493
0.347876
0.357171
0.366356
0.37541
0.384313
0.393042
0.401578
0.409899
0.417983
0.425811
0.433362
0.440617
0.447555
0.45416
0.460411
0.466294
0.47179
0.476886
0.481566
0.485817
0.489627
0.492986
0.495883
0.49831
0.50026
0.501728
0.502709
0.5032
0.5032
0.502709
0.501728
0.50026
0.49831
0.495883
0.492986
0.489627
0.485817
0.481566
0.476886
0.47179
0.466294
0.460411
0.45416
0.447555
0.440617
0.433362
0.425811
0.417983
0.409899
0.401578
0.393042
0.384313
0.37541
0.366356
0.357171
0.347876
0.338493
0.329041
0.319541
0.310013
0.300474
0.290946
0.281444
0.271987
0.262591
0.253272
0.244046
0.234926
0.225926
0.217059
0.208336
0.199769
0.191367
0.183139
0.175094
0.167239
0.159581
0.152124
0.144875
0.137836
0.131011
0.124403
0.118013
0.111841
0.105889
0.100156
0.0946409
0.089342
0.0842576
0.0793849
0.074721
0.0702625
0.0660055
0.0619459
0.0580792
0.0544008
0.0509056
0.0475884
0.044444
0.0414668
0.0386513
0.0359918
0.0334826
0.0311179
0.028892
0.0267992
0.0248336
0.0229898
0.0212621
0.019645
0.0181332
0.0167214
0.0154045
0.0141774
0.0130354
0.0119736
0.0109876
0.010073
0.00922543
0.00844097
0.00771567
0.00704581
0.00642782
0.00585832
0.00533406
0.00485198
0.00440915
0.00400284
0.00363042
0.00328943
0.00297756
0.00269263
0.00243259
0.00219552
0.00197961
0.0017832
0.00160471
0.00144267
0.00129573
0.00116262
0.00104216
0.000933279
0.000834953
0.000746258
0.000666333
0.000594388
0.000529693
0.000471579
0.000419431
0.000372686
0.000330827
0.000293383
0.000259923
0.000230054
0.000203419
0.000179692
0.000158577
0.000139807
0.000123139
0.000108352
9.52474e-05
8.36461e-05
7.33861e-05
6.43218e-05
5.63221e-05
4.92691e-05
4.30573e-05
3.75919e-05
3.27883e-05
2.85705e-05
2.4871e-05
2.16294e-05
1.8792e-05
1.63108e-05
1.41434e-05
1.22521e-05
1.06033e-05
9.16743e-06
7.91827e-06
6.83264e-06
5.89011e-06
5.07263e-06
4.36435e-06
3.7513e-06
3.22121e-06
2.76334e-06
2.36823e-06
2.02763e-06
1.73432e-06
1.482e-06
1.26515e-06
1.07897e-06
9.19296e-07
7.82485e-07
6.65385e-07
5.65256e-07
4.79727e-07
4.06742e-07
3.44524e-07
2.91538e-07
2.4646e-07
2.08149e-07
1.75622e-07
1.48033e-07
1.24656e-07
1.04869e-07
8.8136e-08
7.40008e-08
6.2072e-08
5.20153e-08
4.35454e-08
3.64191e-08
3.04293e-08
2.53998e-08
2.11809e-08
1.76455e-08
1.46859e-08
1.22108e-08
1.01429e-08
8.41696e-09
0.0728477
0.0774702
0.0823057
0.0873577
0.0926292
0.098123
0.103841
0.109785
0.115956
0.122355
0.12898
0.135832
0.142908
0.150205
0.157722
0.165452
0.173393
0.181536
0.189877
0.198408
0.207119
0.216001
0.225045
0.234238
0.243569
0.253025
0.262591
0.272252
0.281994
0.291799
0.30165
0.31153
0.321419
0.331298
0.341148
0.350947
0.360676
0.370312
0.379835
0.389223
0.398453
0.407504
0.416353
0.42498
0.433362
0.441478
0.449307
0.456828
0.464022
0.47087
0.477352
0.48345
0.489149
0.494432
0.499284
0.503692
0.507642
0.511124
0.514128
0.516644
0.518667
0.520188
0.521205
0.521715
0.521715
0.521205
0.520188
0.518667
0.516644
0.514128
0.511124
0.507642
0.503692
0.499284
0.494432
0.489149
0.48345
0.477352
0.47087
0.464022
0.456828
0.449307
0.441478
0.433362
0.42498
0.416353
0.407504
0.398453
0.389223
0.379835
0.370312
0.360676
0.350947
0.341148
0.331298
0.321419
0.31153
0.30165
0.291799
0.281994
0.272252
0.262591
0.253025
0.243569
0.234238
0.225045
0.216001
0.207119
0.198408
0.189877
0.181536
0.173393
0.165452
0.157722
0.150205
0.142908
0.135832
0.12898
0.122355
0.115956
0.109785
0.103841
0.098123
0.0926292
0.0873577
0.0823057
0.0774702
0.0728477
0.0684341
0.0642251
0.0602162
0.0564024
0.0527786
0.0493394
0.0460792
0.0429925
0.0400735
0.0373161
0.0347146
0.0322629
0.0299551
0.0277852
0.0257473
0.0238357
0.0220444
0.0203678
0.0188004
0.0173367
0.0159713
0.0146991
0.013515
0.0124142
0.0113919
0.0104436
0.00956487
0.00875154
0.00799956
0.00730505
0.00666433
0.00607387
0.00553032
0.0050305
0.00457138
0.00415012
0.00376399
0.00341046
0.00308712
0.0027917
0.00252209
0.0022763
0.00205245
0.00184881
0.00166375
0.00149575
0.0013434
0.0012054
0.00108051
0.000967617
0.000865674
0.000773715
0.00069085
0.000616257
0.000549182
0.00048893
0.000434863
0.000386398
0.000342999
0.000304177
0.000269486
0.000238518
0.000210903
0.000186303
0.000164412
0.000144952
0.00012767
0.000112338
9.87519e-05
8.67237e-05
7.60863e-05
6.66885e-05
5.83944e-05
5.10819e-05
4.46415e-05
3.89751e-05
3.39947e-05
2.96217e-05
2.57861e-05
2.24253e-05
1.94834e-05
1.6911e-05
1.46638e-05
1.27029e-05
1.09934e-05
9.50473e-06
8.20961e-06
7.08404e-06
6.10683e-06
5.25927e-06
4.52493e-06
3.88932e-06
3.33973e-06
2.86501e-06
2.45536e-06
2.10223e-06
1.79814e-06
1.53653e-06
1.3117e-06
1.11867e-06
9.5312e-07
8.11275e-07
6.89867e-07
5.86054e-07
4.97378e-07
4.21707e-07
3.572e-07
3.02265e-07
2.55529e-07
2.15808e-07
1.82084e-07
1.5348e-07
1.29243e-07
1.08727e-07
9.13788e-08
7.67236e-08
6.43559e-08
5.39291e-08
4.51475e-08
3.7759e-08
3.15489e-08
2.63343e-08
2.19602e-08
1.82948e-08
1.52263e-08
1.26601e-08
1.05161e-08
8.72665e-09
0.0754543
0.0802423
0.0852508
0.0904835
0.0959437
0.101634
0.107557
0.113714
0.120105
0.126733
0.133595
0.140692
0.148021
0.15558
0.163365
0.171372
0.179597
0.188032
0.196671
0.205507
0.21453
0.22373
0.233097
0.24262
0.252285
0.262078
0.271987
0.281994
0.292084
0.30224
0.312444
0.322677
0.33292
0.343153
0.353355
0.363505
0.373581
0.383563
0.393426
0.40315
0.41271
0.422085
0.431251
0.440187
0.448868
0.457275
0.465384
0.473175
0.480626
0.487718
0.494432
0.500749
0.506652
0.512124
0.517149
0.521715
0.525806
0.529413
0.532524
0.535131
0.537225
0.538801
0.539855
0.540382
0.540382
0.539855
0.538801
0.537225
0.535131
0.532524
0.529413
0.525806
0.521715
0.517149
0.512124
0.506652
0.500749
0.494432
0.487718
0.480626
0.473175
0.465384
0.457275
0.448868
0.440187
0.431251
0.422085
0.41271
0.40315
0.393426
0.383563
0.373581
0.363505
0.353355
0.343153
0.33292
0.322677
0.312444
0.30224
0.292084
0.281994
0.271987
0.262078
0.252285
0.24262
0.233097
0.22373
0.21453
0.205507
0.196671
0.188032
0.179597
0.171372
0.163365
0.15558
0.148021
0.140692
0.133595
0.126733
0.120105
0.113714
0.107557
0.101634
0.0959437
0.0904835
0.0852508
0.0802423
0.0754543
0.0708827
0.0665232
0.0623708
0.0584205
0.054667
0.0511048
0.047728
0.0445309
0.0415073
0.0386513
0.0359567
0.0334173
0.0310269
0.0287794
0.0266686
0.0246885
0.0228332
0.0210966
0.0194731
0.017957
0.0165428
0.015225
0.0139986
0.0128584
0.0117995
0.0108173
0.00990712
0.00906469
0.00828579
0.00756644
0.00690279
0.0062912
0.0057282
0.0052105
0.00473495
0.00429861
0.00389867
0.00353249
0.00319758
0.00289159
0.00261234
0.00235775
0.00212589
0.00191496
0.00172328
0.00154927
0.00139147
0.00124853
0.00111917
0.00100224
0.000896649
0.0008014
0.00071557
0.000638308
0.000568833
0.000506425
0.000450424
0.000400224
0.000355272
0.000315061
0.000279129
0.000247053
0.00021845
0.000192969
0.000170295
0.000150138
0.000132238
0.000116358
0.000102285
8.98268e-05
7.88088e-05
6.90747e-05
6.04838e-05
5.29097e-05
4.62389e-05
4.03697e-05
3.52111e-05
3.06817e-05
2.67088e-05
2.32277e-05
2.01806e-05
1.75161e-05
1.51885e-05
1.31574e-05
1.13868e-05
9.84483e-06
8.50336e-06
7.33752e-06
6.32534e-06
5.44746e-06
4.68684e-06
4.02849e-06
3.45924e-06
2.96752e-06
2.54322e-06
2.17746e-06
1.86248e-06
1.59151e-06
1.35863e-06
1.1587e-06
9.87224e-07
8.40304e-07
7.14551e-07
6.07024e-07
5.15175e-07
4.36796e-07
3.69981e-07
3.1308e-07
2.64672e-07
2.2353e-07
1.88599e-07
1.58971e-07
1.33867e-07
1.12618e-07
9.46485e-08
7.94689e-08
6.66586e-08
5.58588e-08
4.6763e-08
3.91101e-08
3.26777e-08
2.72766e-08
2.2746e-08
1.89494e-08
1.57711e-08
1.3113e-08
1.08924e-08
9.0389e-09
0.0780779
0.0830323
0.088215
0.0936296
0.0992797
0.105168
0.111297
0.117667
0.124282
0.131139
0.138241
0.145584
0.153168
0.16099
0.169045
0.177331
0.185841
0.19457
0.20351
0.212653
0.221989
0.231509
0.241202
0.251056
0.261057
0.271191
0.281444
0.291799
0.30224
0.312749
0.323308
0.333897
0.344496
0.355084
0.365641
0.376144
0.386571
0.396899
0.407106
0.417167
0.42706
0.436761
0.446246
0.455492
0.464476
0.473175
0.481566
0.489627
0.497338
0.504676
0.511624
0.51816
0.524268
0.52993
0.535131
0.539855
0.544089
0.547821
0.55104
0.553738
0.555905
0.557536
0.558626
0.559172
0.559172
0.558626
0.557536
0.555905
0.553738
0.55104
0.547821
0.544089
0.539855
0.535131
0.52993
0.524268
0.51816
0.511624
0.504676
0.497338
0.489627
0.481566
0.473175
0.464476
0.455492
0.446246
0.436761
0.42706
0.417167
0.407106
0.396899
0.386571
0.376144
0.365641
0.355084
0.344496
0.333897
0.323308
0.312749
0.30224
0.291799
0.281444
0.271191
0.261057
0.251056
0.241202
0.231509
0.221989
0.212653
0.20351
0.19457
0.185841
0.177331
0.169045
0.16099
0.153168
0.145584
0.138241
0.131139
0.124282
0.117667
0.111297
0.105168
0.0992797
0.0936296
0.088215
0.0830323
0.0780779
0.0733474
0.0688362
0.0645395
0.0604518
0.0565679
0.0528817
0.0493876
0.0460792
0.0429506
0.0399953
0.0372069
0.0345792
0.0321057
0.0297801
0.0275959
0.025547
0.0236271
0.0218302
0.0201502
0.0185814
0.017118
0.0157544
0.0144853
0.0133055
0.0122098
0.0111934
0.0102516
0.00937987
0.00857389
0.00782952
0.0071428
0.00650995
0.00592738
0.00539167
0.00489959
0.00444808
0.00403423
0.00365532
0.00330876
0.00299214
0.00270317
0.00243973
0.00219981
0.00198155
0.0017832
0.00160314
0.00143985
0.00129194
0.00115809
0.00103709
0.000927826
0.000829265
0.00074045
0.000660502
0.000588612
0.000524033
0.000466085
0.00041414
0.000367625
0.000326016
0.000288834
0.000255643
0.000226045
0.000199679
0.000176216
0.000155358
0.000136836
0.000120404
0.000105842
9.29501e-05
8.1549e-05
7.14764e-05
6.25869e-05
5.47494e-05
4.78466e-05
4.17734e-05
3.64354e-05
3.17485e-05
2.76375e-05
2.40353e-05
2.08822e-05
1.81251e-05
1.57166e-05
1.36149e-05
1.17827e-05
1.01871e-05
8.79903e-06
7.59265e-06
6.54527e-06
5.63687e-06
4.8498e-06
4.16856e-06
3.57952e-06
3.0707e-06
2.63165e-06
2.25317e-06
1.92724e-06
1.64684e-06
1.40587e-06
1.19899e-06
1.02155e-06
8.69522e-07
7.39396e-07
6.28131e-07
5.33088e-07
4.51984e-07
3.82845e-07
3.23966e-07
2.73875e-07
2.31302e-07
1.95157e-07
1.64499e-07
1.38522e-07
1.16533e-07
9.79395e-08
8.22321e-08
6.89764e-08
5.7801e-08
4.8389e-08
4.047e-08
3.38139e-08
2.8225e-08
2.35369e-08
1.96083e-08
1.63194e-08
1.3569e-08
1.12711e-08
9.35319e-09
0.0807138
0.0858355
0.0911932
0.0967906
0.102631
0.108718
0.115054
0.12164
0.128477
0.135567
0.142908
0.150499
0.158339
0.166425
0.174752
0.183318
0.192116
0.201139
0.21038
0.219832
0.229484
0.239325
0.249345
0.259532
0.26987
0.280347
0.290946
0.30165
0.312444
0.323308
0.334223
0.345169
0.356126
0.367072
0.377985
0.388843
0.399622
0.410299
0.42085
0.431251
0.441478
0.451506
0.461312
0.47087
0.480157
0.489149
0.497823
0.506157
0.514128
0.521715
0.528896
0.535654
0.541968
0.547821
0.553197
0.558081
0.562458
0.566316
0.569644
0.572432
0.574672
0.576359
0.577485
0.57805
0.57805
0.577485
0.576359
0.574672
0.572432
0.569644
0.566316
0.562458
0.558081
0.553197
0.547821
0.541968
0.535654
0.528896
0.521715
0.514128
0.506157
0.497823
0.489149
0.480157
0.47087
0.461312
0.451506
0.441478
0.431251
0.42085
0.410299
0.399622
0.388843
0.377985
0.367072
0.356126
0.345169
0.334223
0.323308
0.312444
0.30165
0.290946
0.280347
0.26987
0.259532
0.249345
0.239325
0.229484
0.219832
0.21038
0.201139
0.192116
0.183318
0.174752
0.166425
0.158339
0.150499
0.142908
0.135567
0.128477
0.12164
0.115054
0.108718
0.102631
0.0967906
0.0911932
0.0858355
0.0807138
0.0758236
0.0711602
0.0667183
0.0624927
0.0584776
0.054667
0.0510549
0.0476349
0.0444006
0.0413455
0.0384631
0.0357466
0.0331896
0.0307855
0.0285276
0.0264095
0.0244248
0.0225672
0.0208305
0.0192087
0.0176959
0.0162863
0.0149744
0.0137547
0.012622
0.0115713
0.0105977
0.00969654
0.00886335
0.00809385
0.00738394
0.00672973
0.00612749
0.00557369
0.005065
0.00459825
0.00417043
0.00377872
0.00342047
0.00309315
0.00279443
0.00252209
0.00227408
0.00204845
0.0018434
0.00165726
0.00148847
0.00133556
0.00119718
0.0010721
0.00095915
0.000857261
0.000765448
0.000682801
0.000608483
0.000541725
0.00048182
0.000428122
0.000380036
0.000337022
0.000298585
0.000264274
0.000233677
0.00020642
0.000182165
0.000160603
0.000141455
0.000124469
0.000109415
9.60882e-05
8.43021e-05
7.38895e-05
6.46998e-05
5.65978e-05
4.9462e-05
4.31836e-05
3.76654e-05
3.28203e-05
2.85705e-05
2.48468e-05
2.15872e-05
1.8737e-05
1.62472e-05
1.40745e-05
1.21805e-05
1.05311e-05
9.09609e-06
7.84898e-06
6.76624e-06
5.82717e-06
5.01354e-06
4.30929e-06
3.70036e-06
3.17437e-06
2.72049e-06
2.32923e-06
1.9923e-06
1.70244e-06
1.45333e-06
1.23947e-06
1.05604e-06
8.98877e-07
7.64359e-07
6.49337e-07
5.51085e-07
4.67243e-07
3.9577e-07
3.34903e-07
2.83121e-07
2.39111e-07
2.01745e-07
1.70053e-07
1.43199e-07
1.20468e-07
1.01246e-07
8.50082e-08
7.1305e-08
5.97524e-08
5.00226e-08
4.18363e-08
3.49555e-08
2.91779e-08
2.43315e-08
2.02703e-08
1.68704e-08
1.40271e-08
1.16516e-08
9.66895e-09
0.0833573
0.0886468
0.0941799
0.0999607
0.105993
0.112279
0.118822
0.125624
0.132685
0.140007
0.147588
0.155428
0.163525
0.171875
0.180476
0.189322
0.198408
0.207726
0.217271
0.227032
0.236999
0.247164
0.257512
0.268032
0.278709
0.289528
0.300474
0.31153
0.322677
0.333897
0.345169
0.356474
0.36779
0.379094
0.390365
0.401578
0.41271
0.423737
0.434634
0.445375
0.455937
0.466294
0.47642
0.486291
0.495883
0.505169
0.514128
0.522734
0.530966
0.538801
0.546218
0.553197
0.559718
0.565763
0.571315
0.576359
0.580879
0.584863
0.5883
0.59118
0.593494
0.595235
0.596399
0.596982
0.596982
0.596399
0.595235
0.593494
0.59118
0.5883
0.584863
0.580879
0.576359
0.571315
0.565763
0.559718
0.553197
0.546218
0.538801
0.530966
0.522734
0.514128
0.505169
0.495883
0.486291
0.47642
0.466294
0.455937
0.445375
0.434634
0.423737
0.41271
0.401578
0.390365
0.379094
0.36779
0.356474
0.345169
0.333897
0.322677
0.31153
0.300474
0.289528
0.278709
0.268032
0.257512
0.247164
0.236999
0.227032
0.217271
0.207726
0.198408
0.189322
0.180476
0.171875
0.163525
0.155428
0.147588
0.140007
0.132685
0.125624
0.118822
0.112279
0.105993
0.0999607
0.0941799
0.0886468
0.0833573
0.0783069
0.0734908
0.0689035
0.0645395
0.0603928
0.0564575
0.052727
0.049195
0.0458548
0.0426997
0.0397228
0.0369174
0.0342766
0.0317937
0.0294619
0.0272744
0.0252247
0.0233063
0.0215127
0.0198378
0.0182754
0.0168197
0.0154648
0.0142052
0.0130354
0.0119503
0.0109448
0.0100141
0.00915364
0.00835894
0.00762578
0.00695014
0.00632817
0.00575624
0.00523089
0.00474885
0.00430702
0.00390248
0.00353249
0.00319446
0.00288595
0.0026047
0.00234855
0.00211554
0.00190378
0.00171154
0.00153721
0.0013793
0.00123639
0.00110721
0.000990564
0.000885338
0.000790518
0.000705164
0.000628412
0.000559467
0.000497601
0.000442143
0.000392483
0.00034806
0.000308364
0.000272929
0.00024133
0.000213181
0.000188132
0.000165863
0.000146088
0.000128545
0.000112999
9.92352e-05
8.70631e-05
7.63095e-05
6.68188e-05
5.84514e-05
5.10819e-05
4.4598e-05
3.8899e-05
3.38952e-05
2.95063e-05
2.56605e-05
2.22943e-05
1.93507e-05
1.67794e-05
1.45355e-05
1.25794e-05
1.0876e-05
9.394e-06
8.10605e-06
6.98785e-06
6.01802e-06
5.17774e-06
4.45043e-06
3.82155e-06
3.27834e-06
2.80959e-06
2.40552e-06
2.05755e-06
1.7582e-06
1.50093e-06
1.28006e-06
1.09062e-06
9.28317e-07
7.89393e-07
6.70603e-07
5.69134e-07
4.82546e-07
4.08732e-07
3.45872e-07
2.92393e-07
2.46942e-07
2.08353e-07
1.75622e-07
1.47889e-07
1.24413e-07
1.04562e-07
8.77924e-08
7.36404e-08
6.17094e-08
5.16609e-08
4.32065e-08
3.61004e-08
3.01335e-08
2.51284e-08
2.09341e-08
1.74229e-08
1.44865e-08
1.20332e-08
9.98563e-09
0.0860033
0.0914607
0.0971695
0.103134
0.109357
0.115843
0.122594
0.129612
0.136897
0.144451
0.152273
0.160362
0.168716
0.177331
0.186205
0.195332
0.204706
0.21432
0.224168
0.234238
0.244523
0.255009
0.265686
0.27654
0.287556
0.298719
0.310013
0.321419
0.33292
0.344496
0.356126
0.36779
0.379465
0.391128
0.402756
0.414325
0.425811
0.437188
0.44843
0.459513
0.47041
0.481096
0.491543
0.501728
0.511624
0.521205
0.530448
0.539328
0.547821
0.555905
0.563557
0.570757
0.577485
0.583722
0.589451
0.594654
0.599318
0.603429
0.606975
0.609946
0.612333
0.61413
0.615331
0.615932
0.615932
0.615331
0.61413
0.612333
0.609946
0.606975
0.603429
0.599318
0.594654
0.589451
0.583722
0.577485
0.570757
0.563557
0.555905
0.547821
0.539328
0.530448
0.521205
0.511624
0.501728
0.491543
0.481096
0.47041
0.459513
0.44843
0.437188
0.425811
0.414325
0.402756
0.391128
0.379465
0.36779
0.356126
0.344496
0.33292
0.321419
0.310013
0.298719
0.287556
0.27654
0.265686
0.255009
0.244523
0.234238
0.224168
0.21432
0.204706
0.195332
0.186205
0.177331
0.168716
0.160362
0.152273
0.144451
0.136897
0.129612
0.122594
0.115843
0.109357
0.103134
0.0971695
0.0914607
0.0860033
0.0807927
0.0758236
0.0710907
0.0665882
0.0623099
0.0582496
0.0544008
0.0507566
0.0473104
0.0440551
0.0409837
0.0380893
0.0353647
0.032803
0.0303971
0.0281402
0.0260254
0.0240461
0.0221956
0.0204675
0.0188556
0.0173536
0.0159557
0.0146561
0.0134492
0.0123296
0.0112922
0.010332
0.00944421
0.00862428
0.00786785
0.00717076
0.00652905
0.00593896
0.00539694
0.00489959
0.00444374
0.00402636
0.00364462
0.00329586
0.00297756
0.00268738
0.00242311
0.00218269
0.00196421
0.00176587
0.00158601
0.00142308
0.00127564
0.00114236
0.00102201
0.000913442
0.000815612
0.000727548
0.00064836
0.000577227
0.000513396
0.000456178
0.000404942
0.000359109
0.000318153
0.000281593
0.000248991
0.000219948
0.000194103
0.000171129
0.000150726
0.000132626
0.000116586
0.000102385
8.98268e-05
7.87318e-05
6.89399e-05
6.03069e-05
5.27034e-05
4.60137e-05
4.01338e-05
3.49712e-05
3.04429e-05
2.64751e-05
2.30019e-05
1.99649e-05
1.7312e-05
1.49969e-05
1.29787e-05
1.12212e-05
9.6922e-06
8.36336e-06
7.20967e-06
6.20905e-06
5.3421e-06
4.5917e-06
3.94286e-06
3.3824e-06
2.89878e-06
2.48188e-06
2.12286e-06
1.81401e-06
1.54858e-06
1.32069e-06
1.12525e-06
9.57785e-07
8.14451e-07
6.91891e-07
5.872e-07
4.97864e-07
4.21707e-07
3.56851e-07
3.01675e-07
2.54781e-07
2.14967e-07
1.81197e-07
1.52583e-07
1.28362e-07
1.07881e-07
9.05792e-08
7.5978e-08
6.36682e-08
5.33008e-08
4.4578e-08
3.72463e-08
3.10901e-08
2.59261e-08
2.15987e-08
1.7976e-08
1.49463e-08
1.24152e-08
1.03026e-08
0.0886468
0.0942719
0.100156
0.106304
0.112719
0.119404
0.126362
0.133595
0.141105
0.148891
0.156953
0.165291
0.173901
0.182782
0.191928
0.201335
0.210998
0.220908
0.231058
0.241438
0.252038
0.262847
0.273852
0.28504
0.296394
0.307901
0.319541
0.331298
0.343153
0.355084
0.367072
0.379094
0.391128
0.40315
0.415135
0.42706
0.438899
0.450625
0.462213
0.473637
0.484869
0.495883
0.506652
0.517149
0.527349
0.537225
0.546752
0.555905
0.564659
0.572991
0.580879
0.5883
0.595235
0.601664
0.607568
0.612932
0.617739
0.621976
0.625631
0.628694
0.631154
0.633006
0.634244
0.634863
0.634863
0.634244
0.633006
0.631154
0.628694
0.625631
0.621976
0.617739
0.612932
0.607568
0.601664
0.595235
0.5883
0.580879
0.572991
0.564659
0.555905
0.546752
0.537225
0.527349
0.517149
0.506652
0.495883
0.484869
0.473637
0.462213
0.450625
0.438899
0.42706
0.415135
0.40315
0.391128
0.379094
0.367072
0.355084
0.343153
0.331298
0.319541
0.307901
0.296394
0.28504
0.273852
0.262847
0.252038
0.241438
0.231058
0.220908
0.210998
0.201335
0.191928
0.182782
0.173901
0.165291
0.156953
0.148891
0.141105
0.133595
0.126362
0.119404
0.112719
0.106304
0.100156
0.0942719
0.0886468
0.0832759
0.0781541
0.0732758
0.0686348
0.0642251
0.06004
0.0560729
0.0523167
0.0487645
0.0454092
0.0422434
0.03926
0.0364517
0.0338112
0.0313314
0.0290051
0.0268253
0.0247852
0.0228778
0.0210966
0.0194351
0.017887
0.0164461
0.0151065
0.0138625
0.0127086
0.0116393
0.0106496
0.00973449
0.00888936
0.00810968
0.00739116
0.00672973
0.00612151
0.00556282
0.00505019
0.00458032
0.00415012
0.00375665
0.00339716
0.00306908
0.00276998
0.00249758
0.00224978
0.00202458
0.00182015
0.00163476
0.00146682
0.00131485
0.00117747
0.00105342
0.000941518
0.000840681
0.000749911
0.000668288
0.000594969
0.000529176
0.000470199
0.000417388
0.000370147
0.000327932
0.000290248
0.000256644
0.000226708
0.00020007
0.000176388
0.000155358
0.000136702
0.000120169
0.000105532
9.25878e-05
8.11518e-05
7.10589e-05
6.21605e-05
5.43233e-05
4.7428e-05
4.13674e-05
3.60461e-05
3.13786e-05
2.72888e-05
2.37089e-05
2.05786e-05
1.78441e-05
1.54579e-05
1.33777e-05
1.15661e-05
9.9901e-06
8.62042e-06
7.43127e-06
6.3999e-06
5.50629e-06
4.73283e-06
4.06405e-06
3.48637e-06
2.98788e-06
2.55816e-06
2.18811e-06
1.86977e-06
1.59618e-06
1.36129e-06
1.15983e-06
9.87224e-07
8.39484e-07
7.13157e-07
6.05248e-07
5.13166e-07
4.34669e-07
3.67819e-07
3.10947e-07
2.62612e-07
2.21574e-07
1.86766e-07
1.57273e-07
1.32308e-07
1.11197e-07
9.33633e-08
7.83133e-08
6.56252e-08
5.49391e-08
4.59482e-08
3.83911e-08
3.20457e-08
2.67229e-08
2.22625e-08
1.85285e-08
1.54057e-08
1.27968e-08
1.06193e-08
0.0912823
0.0970746
0.103134
0.109464
0.11607
0.122954
0.130119
0.137567
0.1453
0.153318
0.16162
0.170205
0.179071
0.188216
0.197634
0.207321
0.217271
0.227475
0.237927
0.248616
0.259532
0.270662
0.281994
0.293514
0.305206
0.317054
0.329041
0.341148
0.353355
0.365641
0.377985
0.390365
0.402756
0.415135
0.427478
0.439757
0.451947
0.464022
0.475955
0.487718
0.499284
0.510625
0.521715
0.532524
0.543027
0.553197
0.563007
0.572432
0.581446
0.590026
0.598149
0.605791
0.612932
0.619551
0.625631
0.631154
0.636104
0.640468
0.644231
0.647385
0.649919
0.651825
0.6531
0.653738
0.653738
0.6531
0.651825
0.649919
0.647385
0.644231
0.640468
0.636104
0.631154
0.625631
0.619551
0.612932
0.605791
0.598149
0.590026
0.581446
0.572432
0.563007
0.553197
0.543027
0.532524
0.521715
0.510625
0.499284
0.487718
0.475955
0.464022
0.451947
0.439757
0.427478
0.415135
0.402756
0.390365
0.377985
0.365641
0.353355
0.341148
0.329041
0.317054
0.305206
0.293514
0.281994
0.270662
0.259532
0.248616
0.237927
0.227475
0.217271
0.207321
0.197634
0.188216
0.179071
0.170205
0.16162
0.153318
0.1453
0.137567
0.130119
0.122954
0.11607
0.109464
0.103134
0.0970746
0.0912823
0.0857517
0.0804777
0.0754543
0.0706754
0.0661345
0.061825
0.0577399
0.0538721
0.0502143
0.0467592
0.0434993
0.0404272
0.0375354
0.0348164
0.0322629
0.0298674
0.0276229
0.025522
0.023558
0.0217238
0.0200129
0.0184188
0.0169351
0.0155557
0.0142747
0.0130864
0.0119853
0.0109662
0.0100239
0.00915364
0.00835078
0.0076109
0.0069298
0.0063035
0.0057282
0.00520033
0.00471649
0.0042735
0.00386833
0.00349816
0.00316033
0.00285233
0.00257184
0.00231666
0.00208477
0.00187426
0.00168336
0.00151043
0.00135394
0.00121248
0.00108474
0.000969509
0.000865674
0.000772206
0.000688157
0.000612657
0.000544909
0.000484179
0.000429797
0.000381151
0.000337681
0.000298877
0.000264274
0.000233449
0.000206018
0.000181632
0.000159977
0.000140766
0.000123742
0.00010867
9.53404e-05
8.35644e-05
7.31715e-05
6.40085e-05
5.59384e-05
4.8838e-05
4.25973e-05
3.71177e-05
3.23115e-05
2.81001e-05
2.44138e-05
2.11904e-05
1.83746e-05
1.59174e-05
1.37754e-05
1.191e-05
1.02871e-05
8.87671e-06
7.6522e-06
6.59017e-06
5.67e-06
4.87354e-06
4.18488e-06
3.59002e-06
3.07671e-06
2.63422e-06
2.25317e-06
1.92535e-06
1.64363e-06
1.40176e-06
1.19431e-06
1.01657e-06
8.64442e-07
7.34359e-07
6.23243e-07
5.28423e-07
4.47592e-07
3.78755e-07
3.20192e-07
2.7042e-07
2.28161e-07
1.92319e-07
1.61949e-07
1.36241e-07
1.14503e-07
9.6139e-08
8.06415e-08
6.75762e-08
5.65724e-08
4.73142e-08
3.95325e-08
3.29984e-08
2.75174e-08
2.29244e-08
1.90794e-08
1.58638e-08
1.31772e-08
1.0935e-08
0.0939044
0.0998631
0.106096
0.112609
0.119404
0.126486
0.133857
0.141519
0.149474
0.157722
0.166262
0.175094
0.184215
0.193622
0.203311
0.213276
0.223512
0.23401
0.244762
0.255758
0.266987
0.278437
0.290094
0.301945
0.313973
0.326162
0.338493
0.350947
0.363505
0.376144
0.388843
0.401578
0.414325
0.42706
0.439757
0.452389
0.46493
0.477352
0.489627
0.501728
0.513626
0.525293
0.536701
0.547821
0.558626
0.569088
0.57918
0.588875
0.598149
0.606975
0.615331
0.623192
0.630538
0.637348
0.643603
0.649284
0.654377
0.658865
0.662737
0.665981
0.668588
0.670549
0.67186
0.672517
0.672517
0.67186
0.670549
0.668588
0.665981
0.662737
0.658865
0.654377
0.649284
0.643603
0.637348
0.630538
0.623192
0.615331
0.606975
0.598149
0.588875
0.57918
0.569088
0.558626
0.547821
0.536701
0.525293
0.513626
0.501728
0.489627
0.477352
0.46493
0.452389
0.439757
0.42706
0.414325
0.401578
0.388843
0.376144
0.363505
0.350947
0.338493
0.326162
0.313973
0.301945
0.290094
0.278437
0.266987
0.255758
0.244762
0.23401
0.223512
0.213276
0.203311
0.193622
0.184215
0.175094
0.166262
0.157722
0.149474
0.141519
0.133857
0.126486
0.119404
0.112609
0.106096
0.0998631
0.0939044
0.088215
0.0827894
0.0776217
0.0727055
0.0680342
0.0636009
0.0593985
0.0554196
0.0516567
0.0481024
0.0447489
0.0415885
0.0386136
0.0358165
0.0331896
0.0307254
0.0284163
0.0262552
0.0242347
0.0223478
0.0205878
0.0189479
0.0174215
0.0160025
0.0146847
0.0134623
0.0123296
0.0112812
0.0103118
0.00941658
0.00859066
0.00782952
0.00712886
0.00648457
0.00589275
0.00534971
0.00485198
0.00439626
0.00397945
0.00359865
0.00325111
0.00293426
0.00264571
0.00238321
0.00214466
0.0019281
0.00173172
0.00155382
0.00139283
0.00124731
0.0011159
0.000997358
0.000890541
0.000794387
0.000707924
0.000630256
0.000560561
0.000498087
0.000442143
0.0003921
0.000347381
0.000307462
0.000271865
0.000240154
0.000211936
0.00018685
0.000164573
0.00014481
0.000127296
0.000111791
9.80791e-05
8.59648e-05
7.52733e-05
6.58472e-05
5.75452e-05
5.02409e-05
4.38209e-05
3.81839e-05
3.32396e-05
2.89073e-05
2.51151e-05
2.17991e-05
1.89024e-05
1.63747e-05
1.41711e-05
1.22521e-05
1.05826e-05
9.13169e-06
7.87201e-06
6.77947e-06
5.83287e-06
5.01354e-06
4.30509e-06
3.69314e-06
3.16509e-06
2.70989e-06
2.31789e-06
1.98066e-06
1.69084e-06
1.44202e-06
1.22862e-06
1.04578e-06
8.89273e-07
7.55454e-07
6.41145e-07
5.43602e-07
4.60449e-07
3.89635e-07
3.29389e-07
2.78187e-07
2.34715e-07
1.97843e-07
1.66601e-07
1.40155e-07
1.17792e-07
9.89006e-08
8.2958e-08
6.95174e-08
5.81975e-08
4.86733e-08
4.06681e-08
3.39463e-08
2.83078e-08
2.35829e-08
1.96274e-08
1.63194e-08
1.35557e-08
1.12491e-08
0.0965075
0.102631
0.109037
0.11573
0.122714
0.129992
0.137567
0.145442
0.153617
0.162094
0.170871
0.179948
0.189322
0.19899
0.208947
0.219189
0.229708
0.240497
0.251547
0.262847
0.274388
0.286155
0.298136
0.310315
0.322677
0.335203
0.347876
0.360676
0.373581
0.386571
0.399622
0.41271
0.425811
0.438899
0.451947
0.46493
0.477818
0.490584
0.5032
0.515636
0.527864
0.539855
0.551579
0.563007
0.574112
0.584863
0.595235
0.605199
0.61473
0.623801
0.632388
0.640468
0.648017
0.655016
0.661444
0.667283
0.672517
0.67713
0.681109
0.684443
0.687122
0.689138
0.690485
0.691159
0.691159
0.690485
0.689138
0.687122
0.684443
0.681109
0.67713
0.672517
0.667283
0.661444
0.655016
0.648017
0.640468
0.632388
0.623801
0.61473
0.605199
0.595235
0.584863
0.574112
0.563007
0.551579
0.539855
0.527864
0.515636
0.5032
0.490584
0.477818
0.46493
0.451947
0.438899
0.425811
0.41271
0.399622
0.386571
0.373581
0.360676
0.347876
0.335203
0.322677
0.310315
0.298136
0.286155
0.274388
0.262847
0.251547
0.240497
0.229708
0.219189
0.208947
0.19899
0.189322
0.179948
0.170871
0.162094
0.153617
0.145442
0.137567
0.129992
0.122714
0.11573
0.109037
0.102631
0.0965075
0.0906604
0.0850844
0.0797735
0.074721
0.0699202
0.065364
0.0610451
0.0569559
0.0530887
0.0494358
0.0459893
0.0427414
0.039684
0.0368094
0.0341097
0.0315771
0.0292041
0.026983
0.0249065
0.0229673
0.0211585
0.0194731
0.0179045
0.0164461
0.0150918
0.0138355
0.0126714
0.0115939
0.0105977
0.00967762
0.0088288
0.00804657
0.00732648
0.00666433
0.0060561
0.00549801
0.00498648
0.00451812
0.00408977
0.00369841
0.00334123
0.0030156
0.00271906
0.00244928
0.00220411
0.00198155
0.00177972
0.00159689
0.00143144
0.00128188
0.00114683
0.00102501
0.000915227
0.000816409
0.000727548
0.000647727
0.0005761
0.000511894
0.0004544
0.000402969
0.000357011
0.000315985
0.000279401
0.000246812
0.000217811
0.00019203
0.000169135
0.000148824
0.000130825
0.00011489
0.000100798
8.83479e-05
7.736e-05
6.76725e-05
5.91404e-05
5.16336e-05
4.50356e-05
3.92424e-05
3.41611e-05
2.97087e-05
2.58113e-05
2.24034e-05
1.94264e-05
1.68286e-05
1.45639e-05
1.25917e-05
1.0876e-05
9.38483e-06
8.09023e-06
6.96741e-06
5.99456e-06
5.15252e-06
4.42443e-06
3.79552e-06
3.25283e-06
2.78501e-06
2.38214e-06
2.03557e-06
1.73772e-06
1.482e-06
1.26268e-06
1.07477e-06
9.13925e-07
7.76396e-07
6.58918e-07
5.58671e-07
4.73213e-07
4.00436e-07
3.3852e-07
2.85899e-07
2.41222e-07
2.03328e-07
1.71219e-07
1.4404e-07
1.21057e-07
1.01642e-07
8.52577e-08
7.14444e-08
5.98108e-08
5.00226e-08
4.17954e-08
3.48873e-08
2.90926e-08
2.42366e-08
2.01715e-08
1.67718e-08
1.39315e-08
1.15609e-08
0.099086
0.105373
0.111951
0.118822
0.125992
0.133465
0.141243
0.149328
0.157722
0.166425
0.175436
0.184756
0.19438
0.204306
0.21453
0.225045
0.235845
0.246922
0.258267
0.26987
0.281719
0.293801
0.306102
0.318606
0.331298
0.344159
0.357171
0.370312
0.383563
0.396899
0.410299
0.423737
0.437188
0.450625
0.464022
0.477352
0.490584
0.503692
0.516644
0.529413
0.541968
0.554279
0.566316
0.57805
0.589451
0.60049
0.611139
0.621369
0.631154
0.640468
0.649284
0.65758
0.665331
0.672517
0.679116
0.685111
0.690485
0.695221
0.699307
0.70273
0.70548
0.70755
0.708933
0.709626
0.709626
0.708933
0.70755
0.70548
0.70273
0.699307
0.695221
0.690485
0.685111
0.679116
0.672517
0.665331
0.65758
0.649284
0.640468
0.631154
0.621369
0.611139
0.60049
0.589451
0.57805
0.566316
0.554279
0.541968
0.529413
0.516644
0.503692
0.490584
0.477352
0.464022
0.450625
0.437188
0.423737
0.410299
0.396899
0.383563
0.370312
0.357171
0.344159
0.331298
0.318606
0.306102
0.293801
0.281719
0.26987
0.258267
0.246922
0.235845
0.225045
0.21453
0.204306
0.19438
0.184756
0.175436
0.166425
0.157722
0.149328
0.141243
0.133465
0.125992
0.118822
0.111951
0.105373
0.099086
0.0930826
0.0873577
0.0819048
0.0767174
0.0717883
0.0671104
0.0626761
0.0584776
0.0545071
0.0507566
0.0472181
0.0438833
0.0407443
0.0377929
0.035021
0.0324208
0.0299843
0.0277039
0.0255719
0.023581
0.0217238
0.0199934
0.0183828
0.0168855
0.015495
0.0142052
0.0130099
0.0119037
0.0108808
0.00993618
0.00906469
0.00826155
0.00752223
0.00684238
0.0062179
0.0056449
0.00511971
0.00463884
0.00419904
0.00379722
0.0034305
0.00309617
0.0027917
0.00251472
0.002263
0.00203449
0.00182727
0.00163956
0.00146969
0.00131613
0.00117747
0.00105239
0.00093968
0.000838221
0.000746987
0.000665033
0.000591493
0.000525571
0.00046654
0.000413736
0.00036655
0.000324428
0.000286866
0.000253406
0.00022363
0.00019716
0.000173654
0.000152801
0.00013432
0.00011796
0.000103491
9.07083e-05
7.94269e-05
6.94806e-05
6.07205e-05
5.30131e-05
4.62389e-05
4.02909e-05
3.50738e-05
3.05024e-05
2.65009e-05
2.30019e-05
1.99454e-05
1.72782e-05
1.4953e-05
1.29281e-05
1.11665e-05
9.63557e-06
8.30638e-06
7.15356e-06
6.15472e-06
5.29018e-06
4.54264e-06
3.89693e-06
3.33973e-06
2.85942e-06
2.44579e-06
2.08995e-06
1.78414e-06
1.52159e-06
1.29641e-06
1.10348e-06
9.38343e-07
7.97139e-07
6.76523e-07
5.73598e-07
4.85856e-07
4.11134e-07
3.47565e-07
2.93538e-07
2.47667e-07
2.0876e-07
1.75794e-07
1.47889e-07
1.24292e-07
1.04358e-07
8.75356e-08
7.33533e-08
6.14088e-08
5.13591e-08
4.29121e-08
3.58194e-08
2.98699e-08
2.48842e-08
2.07105e-08
1.72199e-08
1.43037e-08
1.18698e-08
0.101634
0.108083
0.11483
0.121878
0.129232
0.136897
0.144875
0.153168
0.161778
0.170704
0.179948
0.189507
0.199379
0.20956
0.220047
0.230832
0.24191
0.253272
0.264909
0.27681
0.288963
0.301356
0.313973
0.3268
0.339818
0.35301
0.366356
0.379835
0.393426
0.407106
0.42085
0.434634
0.44843
0.462213
0.475955
0.489627
0.5032
0.516644
0.52993
0.543027
0.555905
0.568532
0.580879
0.592914
0.604609
0.615932
0.626854
0.637348
0.647385
0.656938
0.665981
0.67449
0.68244
0.689811
0.69658
0.70273
0.708241
0.713099
0.71729
0.720801
0.723622
0.725745
0.727164
0.727874
0.727874
0.727164
0.725745
0.723622
0.720801
0.71729
0.713099
0.708241
0.70273
0.69658
0.689811
0.68244
0.67449
0.665981
0.656938
0.647385
0.637348
0.626854
0.615932
0.604609
0.592914
0.580879
0.568532
0.555905
0.543027
0.52993
0.516644
0.5032
0.489627
0.475955
0.462213
0.44843
0.434634
0.42085
0.407106
0.393426
0.379835
0.366356
0.35301
0.339818
0.3268
0.313973
0.301356
0.288963
0.27681
0.264909
0.253272
0.24191
0.230832
0.220047
0.20956
0.199379
0.189507
0.179948
0.170704
0.161778
0.153168
0.144875
0.136897
0.129232
0.121878
0.11483
0.108083
0.101634
0.0954763
0.0896042
0.0840111
0.0786902
0.0736344
0.0688362
0.0642878
0.0599814
0.0559088
0.0520619
0.0484323
0.0450118
0.0417921
0.0387647
0.0359216
0.0332545
0.0307554
0.0284163
0.0262295
0.0241874
0.0222825
0.0205075
0.0188556
0.0173197
0.0158935
0.0145705
0.0133445
0.0122098
0.0111606
0.0101917
0.00929779
0.00847401
0.00771567
0.00701834
0.0063778
0.00579007
0.00525136
0.00475813
0.00430702
0.00389487
0.00351872
0.0031758
0.00286349
0.00257938
0.00232119
0.00208681
0.00187426
0.00168172
0.00150748
0.00134998
0.00120775
0.00107946
0.000963845
0.000859777
0.000766196
0.000682135
0.000606703
0.000539086
0.000478538
0.000424375
0.000375976
0.000332771
0.000294243
0.000259923
0.000229381
0.00020223
0.000178119
0.00015673
0.000137774
0.000120993
0.000106152
9.3041e-05
8.14694e-05
7.12673e-05
6.2282e-05
5.43764e-05
4.7428e-05
4.1327e-05
3.59757e-05
3.12868e-05
2.71824e-05
2.35935e-05
2.04584e-05
1.77225e-05
1.53376e-05
1.32606e-05
1.14537e-05
9.88336e-06
8.51999e-06
7.33752e-06
6.31299e-06
5.42622e-06
4.65946e-06
3.99714e-06
3.42562e-06
2.93295e-06
2.50868e-06
2.1437e-06
1.83002e-06
1.56072e-06
1.32975e-06
1.13186e-06
9.62473e-07
8.17638e-07
6.93921e-07
5.88348e-07
4.9835e-07
4.21707e-07
3.56503e-07
3.01086e-07
2.54036e-07
2.14129e-07
1.80314e-07
1.51692e-07
1.27488e-07
1.07042e-07
8.97866e-08
7.52396e-08
6.2988e-08
5.26798e-08
4.40156e-08
3.67406e-08
3.0638e-08
2.55241e-08
2.1243e-08
1.76628e-08
1.46716e-08
1.21751e-08
0.104146
0.110754
0.117667
0.12489
0.132426
0.14028
0.148455
0.156953
0.165776
0.174923
0.184395
0.19419
0.204306
0.214739
0.225485
0.236537
0.247889
0.259532
0.271456
0.283651
0.296105
0.308804
0.321733
0.334876
0.348216
0.361734
0.37541
0.389223
0.40315
0.417167
0.431251
0.445375
0.459513
0.473637
0.487718
0.501728
0.515636
0.529413
0.543027
0.556448
0.569644
0.582583
0.595235
0.607568
0.619551
0.631154
0.642347
0.6531
0.663385
0.673174
0.68244
0.691159
0.699307
0.706859
0.713796
0.720097
0.725745
0.730723
0.735017
0.738615
0.741506
0.743681
0.745135
0.745863
0.745863
0.745135
0.743681
0.741506
0.738615
0.735017
0.730723
0.725745
0.720097
0.713796
0.706859
0.699307
0.691159
0.68244
0.673174
0.663385
0.6531
0.642347
0.631154
0.619551
0.607568
0.595235
0.582583
0.569644
0.556448
0.543027
0.529413
0.515636
0.501728
0.487718
0.473637
0.459513
0.445375
0.431251
0.417167
0.40315
0.389223
0.37541
0.361734
0.348216
0.334876
0.321733
0.308804
0.296105
0.283651
0.271456
0.259532
0.247889
0.236537
0.225485
0.214739
0.204306
0.19419
0.184395
0.174923
0.165776
0.156953
0.148455
0.14028
0.132426
0.12489
0.117667
0.110754
0.104146
0.097836
0.0918187
0.0860874
0.080635
0.0754543
0.0705375
0.0658767
0.0614638
0.0572906
0.0533486
0.0496293
0.0461243
0.0428249
0.0397228
0.0368094
0.0340764
0.0315155
0.0291186
0.0268778
0.0247852
0.0228332
0.0210144
0.0193216
0.0177478
0.0162863
0.0149306
0.0136743
0.0125115
0.0114365
0.0104436
0.00952758
0.00868344
0.00790636
0.0071918
0.00653543
0.00593317
0.00538115
0.00487573
0.00441346
0.00399113
0.00360568
0.00325428
0.00293426
0.00264313
0.00237856
0.00213838
0.00192058
0.00172328
0.00154474
0.00138334
0.0012376
0.00110613
0.000987666
0.000881026
0.000785132
0.000698993
0.000621698
0.00055241
0.000490365
0.000434863
0.000385268
0.000340995
0.000301515
0.000266346
0.00023505
0.000207228
0.000182522
0.000160603
0.000141179
0.000123984
0.000108776
9.53404e-05
8.34829e-05
7.30287e-05
6.38213e-05
5.57203e-05
4.86001e-05
4.23484e-05
3.68649e-05
3.206e-05
2.78542e-05
2.41766e-05
2.0964e-05
1.81605e-05
1.57166e-05
1.35883e-05
1.17368e-05
1.01276e-05
8.73055e-06
7.51886e-06
6.46902e-06
5.56033e-06
4.77461e-06
4.09593e-06
3.51028e-06
3.00544e-06
2.57069e-06
2.19668e-06
1.87525e-06
1.5993e-06
1.36262e-06
1.15983e-06
9.8626e-07
8.37846e-07
7.11071e-07
6.02889e-07
5.10667e-07
4.32129e-07
3.65314e-07
3.08527e-07
2.60314e-07
2.19421e-07
1.84771e-07
1.55441e-07
1.30639e-07
1.09687e-07
9.20056e-08
7.70991e-08
6.45447e-08
5.39818e-08
4.51035e-08
3.76486e-08
3.13952e-08
2.61549e-08
2.17681e-08
1.80993e-08
1.50342e-08
1.2476e-08
0.106616
0.113381
0.120458
0.127852
0.135567
0.143607
0.151976
0.160675
0.169707
0.179071
0.188768
0.198796
0.209151
0.219832
0.230832
0.242146
0.253767
0.265686
0.277893
0.290378
0.303127
0.316127
0.329363
0.342818
0.356474
0.370312
0.384313
0.398453
0.41271
0.42706
0.441478
0.455937
0.47041
0.484869
0.499284
0.513626
0.527864
0.541968
0.555905
0.569644
0.583152
0.596399
0.609351
0.621976
0.634244
0.646122
0.65758
0.668588
0.679116
0.689138
0.698624
0.70755
0.71589
0.723622
0.730723
0.737174
0.742955
0.748052
0.752448
0.756131
0.75909
0.761317
0.762806
0.763551
0.763551
0.762806
0.761317
0.75909
0.756131
0.752448
0.748052
0.742955
0.737174
0.730723
0.723622
0.71589
0.70755
0.698624
0.689138
0.679116
0.668588
0.65758
0.646122
0.634244
0.621976
0.609351
0.596399
0.583152
0.569644
0.555905
0.541968
0.527864
0.513626
0.499284
0.484869
0.47041
0.455937
0.441478
0.42706
0.41271
0.398453
0.384313
0.370312
0.356474
0.342818
0.329363
0.316127
0.303127
0.290378
0.277893
0.265686
0.253767
0.242146
0.230832
0.219832
0.209151
0.198796
0.188768
0.179071
0.169707
0.160675
0.151976
0.143607
0.135567
0.127852
0.120458
0.113381
0.106616
0.100156
0.0939961
0.0881289
0.0825472
0.0772436
0.0722102
0.0674389
0.0629214
0.0586492
0.0546137
0.0508062
0.0472181
0.0438405
0.0406648
0.0376823
0.0348845
0.0322629
0.0298092
0.0275152
0.0253729
0.0233746
0.0215127
0.0197798
0.0181687
0.0166725
0.0152846
0.0139986
0.0128082
0.0117077
0.0106912
0.00975352
0.00888936
0.00809385
0.00736234
0.00669041
0.00607387
0.00550876
0.00499135
0.00451812
0.00408577
0.00369119
0.00333146
0.00300385
0.00270581
0.00243497
0.00218909
0.00196613
0.00176415
0.00158137
0.00141615
0.00126695
0.00113236
0.00101109
0.000901919
0.000803751
0.00071557
0.000636441
0.00056551
0.000501993
0.000445176
0.000394404
0.000349082
0.000308666
0.000272663
0.000240624
0.000212143
0.00018685
0.000164412
0.000144527
0.000126924
0.000111355
9.76014e-05
8.54626e-05
7.47605e-05
6.53348e-05
5.70417e-05
4.97526e-05
4.33527e-05
3.77391e-05
3.28203e-05
2.85148e-05
2.47499e-05
2.14611e-05
1.85912e-05
1.60893e-05
1.39106e-05
1.20151e-05
1.03678e-05
8.93759e-06
7.69717e-06
6.62243e-06
5.69219e-06
4.88784e-06
4.19306e-06
3.59352e-06
3.07671e-06
2.63165e-06
2.24877e-06
1.91972e-06
1.63722e-06
1.39493e-06
1.18734e-06
1.00965e-06
8.57715e-07
7.27933e-07
6.17186e-07
5.22777e-07
4.42377e-07
3.73977e-07
3.15844e-07
2.66487e-07
2.24624e-07
1.89152e-07
1.59127e-07
1.33737e-07
1.12288e-07
9.41875e-08
7.89275e-08
6.60753e-08
5.52619e-08
4.61731e-08
3.85414e-08
3.21397e-08
2.67752e-08
2.22843e-08
1.85285e-08
1.53907e-08
1.27718e-08
0.109037
0.115956
0.123194
0.130756
0.138646
0.146869
0.155428
0.164325
0.173562
0.183139
0.193056
0.203311
0.213902
0.224825
0.236076
0.247647
0.259532
0.271721
0.284206
0.296974
0.310013
0.323308
0.336844
0.350605
0.364571
0.378724
0.393042
0.407504
0.422085
0.436761
0.451506
0.466294
0.481096
0.495883
0.510625
0.525293
0.539855
0.554279
0.568532
0.582583
0.596399
0.609946
0.623192
0.636104
0.64865
0.660798
0.672517
0.683775
0.694542
0.704791
0.714493
0.723622
0.732152
0.740059
0.747322
0.753919
0.759832
0.765044
0.76954
0.773306
0.776333
0.778611
0.780133
0.780895
0.780895
0.780133
0.778611
0.776333
0.773306
0.76954
0.765044
0.759832
0.753919
0.747322
0.740059
0.732152
0.723622
0.714493
0.704791
0.694542
0.683775
0.672517
0.660798
0.64865
0.636104
0.623192
0.609946
0.596399
0.582583
0.568532
0.554279
0.539855
0.525293
0.510625
0.495883
0.481096
0.466294
0.451506
0.436761
0.422085
0.407504
0.393042
0.378724
0.364571
0.350605
0.336844
0.323308
0.310013
0.296974
0.284206
0.271721
0.259532
0.247647
0.236076
0.224825
0.213902
0.203311
0.193056
0.183139
0.173562
0.164325
0.155428
0.146869
0.138646
0.130756
0.123194
0.115956
0.109037
0.102431
0.0961312
0.0901307
0.0844223
0.0789982
0.0738505
0.0689708
0.0643507
0.0599814
0.0558542
0.0519603
0.0482906
0.0448363
0.0415885
0.0385383
0.0356769
0.0329957
0.0304863
0.0281402
0.0259493
0.0239056
0.0220014
0.0202291
0.0185814
0.0170512
0.0156318
0.0143166
0.0130992
0.0119736
0.0109341
0.00997507
0.00909128
0.00827771
0.00752958
0.00684238
0.00621184
0.00563389
0.00510473
0.00462075
0.00417858
0.00377503
0.00340713
0.00307208
0.00276727
0.00249028
0.00223882
0.00201079
0.00180422
0.00161729
0.00144832
0.00129573
0.00115809
0.00103405
0.000922406
0.000822009
0.000731824
0.000650898
0.000578355
0.000513396
0.000455288
0.000403363
0.000357011
0.000315677
0.000278856
0.00024609
0.000216961
0.000191094
0.000168147
0.00014781
0.000129807
0.000113885
9.98184e-05
8.74039e-05
7.64587e-05
6.68188e-05
5.83374e-05
5.08828e-05
4.43374e-05
3.85963e-05
3.35658e-05
2.91625e-05
2.53121e-05
2.19486e-05
1.90135e-05
1.64548e-05
1.42266e-05
1.2288e-05
1.06033e-05
9.14061e-06
7.87201e-06
6.77285e-06
5.82149e-06
4.99887e-06
4.2883e-06
3.67515e-06
3.1466e-06
2.69143e-06
2.29985e-06
1.96333e-06
1.67441e-06
1.42662e-06
1.21431e-06
1.03258e-06
8.77198e-07
7.44468e-07
6.31205e-07
5.34652e-07
4.52426e-07
3.82472e-07
3.23018e-07
2.72541e-07
2.29726e-07
1.93449e-07
1.62741e-07
1.36775e-07
1.14839e-07
9.6327e-08
8.07203e-08
6.75762e-08
5.65172e-08
4.72219e-08
3.94169e-08
3.28698e-08
2.73834e-08
2.27905e-08
1.89494e-08
1.57403e-08
1.30619e-08
0.111405
0.118475
0.125869
0.133595
0.141657
0.150059
0.158803
0.167894
0.177331
0.187116
0.197248
0.207726
0.218547
0.229708
0.241202
0.253025
0.265168
0.277622
0.290378
0.303423
0.316745
0.330329
0.344159
0.358219
0.372489
0.386949
0.401578
0.416353
0.431251
0.446246
0.461312
0.47642
0.491543
0.506652
0.521715
0.536701
0.551579
0.566316
0.580879
0.595235
0.609351
0.623192
0.636726
0.649919
0.662737
0.675149
0.687122
0.698624
0.709626
0.720097
0.73001
0.739337
0.748052
0.756131
0.763551
0.770291
0.776333
0.781658
0.786252
0.7901
0.793192
0.79552
0.797075
0.797854
0.797854
0.797075
0.79552
0.793192
0.7901
0.786252
0.781658
0.776333
0.770291
0.763551
0.756131
0.748052
0.739337
0.73001
0.720097
0.709626
0.698624
0.687122
0.675149
0.662737
0.649919
0.636726
0.623192
0.609351
0.595235
0.580879
0.566316
0.551579
0.536701
0.521715
0.506652
0.491543
0.47642
0.461312
0.446246
0.431251
0.416353
0.401578
0.386949
0.372489
0.358219
0.344159
0.330329
0.316745
0.303423
0.290378
0.277622
0.265168
0.253025
0.241202
0.229708
0.218547
0.207726
0.197248
0.187116
0.177331
0.167894
0.158803
0.150059
0.141657
0.133595
0.125869
0.118475
0.111405
0.104656
0.0982189
0.0920881
0.0862557
0.0807138
0.0754543
0.0704686
0.0657481
0.061284
0.0570672
0.0530887
0.0493394
0.04581
0.0424917
0.0393752
0.0364517
0.0337123
0.0311483
0.0287513
0.0265128
0.0244248
0.0224792
0.0206684
0.0189849
0.0174215
0.0159713
0.0146275
0.0133837
0.0122337
0.0111716
0.0101917
0.00928871
0.00845747
0.0076931
0.00699098
0.00634674
0.00575624
0.00521559
0.0047211
0.00426933
0.00385702
0.00348112
0.0031388
0.00282737
0.00254436
0.00228744
0.00205446
0.0018434
0.00165241
0.00147977
0.00132387
0.00118324
0.00105651
0.000942437
0.00083986
0.000747717
0.000665033
0.000590915
0.000524545
0.000465176
0.000412123
0.000364764
0.000322533
0.000284912
0.000251434
0.000221673
0.000195244
0.000171798
0.00015102
0.000132626
0.000116358
0.000101986
8.9302e-05
7.81191e-05
6.82699e-05
5.96043e-05
5.19878e-05
4.53003e-05
3.94345e-05
3.42948e-05
2.97958e-05
2.58618e-05
2.24253e-05
1.94264e-05
1.68122e-05
1.45355e-05
1.25549e-05
1.08336e-05
9.33912e-06
8.04296e-06
6.91994e-06
5.94791e-06
5.10743e-06
4.38143e-06
3.75496e-06
3.21493e-06
2.74988e-06
2.3498e-06
2.00597e-06
1.71077e-06
1.4576e-06
1.24068e-06
1.05501e-06
8.96248e-07
7.60636e-07
6.44913e-07
5.46263e-07
4.62251e-07
3.90778e-07
3.30033e-07
2.78459e-07
2.34715e-07
1.9765e-07
1.66276e-07
1.39745e-07
1.17333e-07
9.84189e-08
8.24733e-08
6.90438e-08
5.77446e-08
4.82474e-08
4.02729e-08
3.35836e-08
2.7978e-08
2.32854e-08
1.93609e-08
1.60821e-08
1.33456e-08
0.113714
0.120929
0.128477
0.136363
0.144592
0.153168
0.162094
0.171372
0.181005
0.190993
0.201335
0.21203
0.223076
0.234467
0.2462
0.258267
0.270662
0.283374
0.296394
0.30971
0.323308
0.337173
0.35129
0.365641
0.380206
0.394966
0.409899
0.42498
0.440187
0.455492
0.47087
0.486291
0.501728
0.517149
0.532524
0.547821
0.563007
0.57805
0.592914
0.607568
0.621976
0.636104
0.649919
0.663385
0.676469
0.689138
0.701358
0.713099
0.724329
0.735017
0.745135
0.754655
0.763551
0.771797
0.779371
0.786252
0.792418
0.797854
0.802542
0.806471
0.809627
0.812002
0.81359
0.814385
0.814385
0.81359
0.812002
0.809627
0.806471
0.802542
0.797854
0.792418
0.786252
0.779371
0.771797
0.763551
0.754655
0.745135
0.735017
0.724329
0.713099
0.701358
0.689138
0.676469
0.663385
0.649919
0.636104
0.621976
0.607568
0.592914
0.57805
0.563007
0.547821
0.532524
0.517149
0.501728
0.486291
0.47087
0.455492
0.440187
0.42498
0.409899
0.394966
0.380206
0.365641
0.35129
0.337173
0.323308
0.30971
0.296394
0.283374
0.270662
0.258267
0.2462
0.234467
0.223076
0.21203
0.201335
0.190993
0.181005
0.171372
0.162094
0.153168
0.144592
0.136363
0.128477
0.120929
0.113714
0.106824
0.100254
0.0939961
0.0880429
0.0823862
0.0770176
0.0719287
0.0671104
0.0625538
0.0582496
0.0541887
0.0503616
0.0467592
0.0433721
0.040191
0.0372069
0.0344108
0.0317937
0.029347
0.0270622
0.0249308
0.0229449
0.0210966
0.0193783
0.0177825
0.0163022
0.0149306
0.013661
0.0124871
0.011403
0.0104029
0.00948117
0.00863271
0.0078525
0.00713583
0.00647824
0.00587551
0.00532365
0.00481892
0.00435779
0.00393693
0.00355325
0.00320383
0.00288595
0.00259708
0.00233483
0.00209702
0.0018816
0.00168665
0.00151043
0.0013513
0.00120775
0.0010784
0.000961964
0.000857261
0.000763209
0.000678812
0.000603159
0.000535414
0.000474814
0.000420662
0.000372322
0.000329215
0.000290815
0.000256644
0.000226266
0.00019929
0.000175358
0.000154149
0.000135374
0.000118769
0.000104099
9.11523e-05
7.97377e-05
6.96845e-05
6.08393e-05
5.30649e-05
4.62389e-05
4.02516e-05
3.50053e-05
3.04132e-05
2.63976e-05
2.28899e-05
1.98289e-05
1.71605e-05
1.48367e-05
1.2815e-05
1.1058e-05
9.53262e-06
8.20961e-06
7.06332e-06
6.07115e-06
5.21325e-06
4.47221e-06
3.83277e-06
3.28154e-06
2.80685e-06
2.39848e-06
2.04753e-06
1.74622e-06
1.4878e-06
1.26638e-06
1.07687e-06
9.14818e-07
7.76396e-07
6.58275e-07
5.57581e-07
4.71828e-07
3.98874e-07
3.36871e-07
2.84229e-07
2.39578e-07
2.01745e-07
1.69721e-07
1.4264e-07
1.19764e-07
1.00458e-07
8.41821e-08
7.04743e-08
5.8941e-08
4.92471e-08
4.11073e-08
3.42794e-08
2.85577e-08
2.37679e-08
1.97621e-08
1.64154e-08
1.36221e-08
0.115956
0.123314
0.131011
0.139053
0.147444
0.156189
0.165291
0.174752
0.184575
0.19476
0.205306
0.216212
0.227475
0.239092
0.251056
0.263361
0.276
0.288963
0.30224
0.315818
0.329685
0.343823
0.358219
0.372853
0.387705
0.402756
0.417983
0.433362
0.448868
0.464476
0.480157
0.495883
0.511624
0.527349
0.543027
0.558626
0.574112
0.589451
0.604609
0.619551
0.634244
0.64865
0.662737
0.676469
0.689811
0.70273
0.715191
0.727164
0.738615
0.749514
0.759832
0.76954
0.778611
0.78702
0.794743
0.801759
0.808047
0.81359
0.818371
0.822377
0.825595
0.828018
0.829637
0.830447
0.830447
0.829637
0.828018
0.825595
0.822377
0.818371
0.81359
0.808047
0.801759
0.794743
0.78702
0.778611
0.76954
0.759832
0.749514
0.738615
0.727164
0.715191
0.70273
0.689811
0.676469
0.662737
0.64865
0.634244
0.619551
0.604609
0.589451
0.574112
0.558626
0.543027
0.527349
0.511624
0.495883
0.480157
0.464476
0.448868
0.433362
0.417983
0.402756
0.387705
0.372853
0.358219
0.343823
0.329685
0.315818
0.30224
0.288963
0.276
0.263361
0.251056
0.239092
0.227475
0.216212
0.205306
0.19476
0.184575
0.174752
0.165291
0.156189
0.147444
0.139053
0.131011
0.123314
0.115956
0.108931
0.102231
0.09585
0.0897793
0.0840111
0.0785367
0.0733474
0.0684341
0.0637875
0.0593985
0.0552575
0.0513549
0.0476814
0.0442275
0.0409837
0.0379408
0.0350895
0.0324208
0.0299258
0.0275959
0.0254225
0.0233975
0.0215127
0.0197605
0.0181332
0.0166237
0.015225
0.0139304
0.0127334
0.0116279
0.010608
0.00966817
0.00880297
0.00800737
0.00727657
0.00660601
0.00599139
0.00542865
0.00491397
0.00444374
0.00401458
0.00362333
0.00326702
0.00294287
0.0026483
0.00238088
0.00213838
0.00191871
0.00171992
0.00154022
0.00137795
0.00123157
0.00109967
0.000980937
0.000874169
0.000778262
0.000692201
0.000615055
0.000545974
0.000484179
0.000428958
0.000379665
0.000335708
0.000296551
0.000261705
0.000230729
0.00020322
0.000178817
0.00015719
0.000138044
0.000121112
0.000106152
9.29501e-05
8.13104e-05
7.10589e-05
6.20392e-05
5.41116e-05
4.71509e-05
4.10455e-05
3.56958e-05
3.1013e-05
2.69183e-05
2.33414e-05
2.022e-05
1.7499e-05
1.51293e-05
1.30678e-05
1.12761e-05
9.72063e-06
8.37153e-06
7.20263e-06
6.19089e-06
5.31607e-06
4.56042e-06
3.90836e-06
3.34626e-06
2.86221e-06
2.44579e-06
2.08791e-06
1.78066e-06
1.51714e-06
1.29136e-06
1.09811e-06
9.32861e-07
7.91709e-07
6.71259e-07
5.68578e-07
4.81134e-07
4.06742e-07
3.43516e-07
2.89835e-07
2.44304e-07
2.05724e-07
1.73068e-07
1.45454e-07
1.22126e-07
1.02439e-07
8.58425e-08
7.18643e-08
6.01035e-08
5.02184e-08
4.19181e-08
3.49555e-08
2.9121e-08
2.42366e-08
2.01518e-08
1.67391e-08
1.38908e-08
0.118128
0.125624
0.133465
0.141657
0.150205
0.159114
0.168386
0.178025
0.188032
0.198408
0.209151
0.220262
0.231736
0.243569
0.255758
0.268293
0.281169
0.294375
0.307901
0.321733
0.335859
0.350263
0.364927
0.379835
0.394966
0.410299
0.425811
0.441478
0.457275
0.473175
0.489149
0.505169
0.521205
0.537225
0.553197
0.569088
0.584863
0.60049
0.615932
0.631154
0.646122
0.660798
0.675149
0.689138
0.70273
0.71589
0.728585
0.740782
0.752448
0.763551
0.774062
0.783951
0.793192
0.801759
0.809627
0.816774
0.82318
0.828827
0.833697
0.837778
0.841057
0.843525
0.845174
0.846
0.846
0.845174
0.843525
0.841057
0.837778
0.833697
0.828827
0.82318
0.816774
0.809627
0.801759
0.793192
0.783951
0.774062
0.763551
0.752448
0.740782
0.728585
0.71589
0.70273
0.689138
0.675149
0.660798
0.646122
0.631154
0.615932
0.60049
0.584863
0.569088
0.553197
0.537225
0.521205
0.505169
0.489149
0.473175
0.457275
0.441478
0.425811
0.410299
0.394966
0.379835
0.364927
0.350263
0.335859
0.321733
0.307901
0.294375
0.281169
0.268293
0.255758
0.243569
0.231736
0.220262
0.209151
0.198408
0.188032
0.178025
0.168386
0.159114
0.150205
0.141657
0.133465
0.125624
0.118128
0.110971
0.104146
0.0976451
0.0914607
0.0855844
0.0800075
0.074721
0.0697157
0.0649822
0.0605109
0.0562923
0.0523167
0.0485744
0.0450558
0.0417513
0.0386513
0.0357466
0.033028
0.0304863
0.0281127
0.0258986
0.0238357
0.0219156
0.0201305
0.0184728
0.0169351
0.0155102
0.0141913
0.0129719
0.0118457
0.0108067
0.00984924
0.00896783
0.00815733
0.00741284
0.00672973
0.0061036
0.00553032
0.00500599
0.00452696
0.00408977
0.00369119
0.0033282
0.00299799
0.0026979
0.00242547
0.00217843
0.00195464
0.00175213
0.00156906
0.00140376
0.00125464
0.00112027
0.000999308
0.000890541
0.000792837
0.000705164
0.000626574
0.000556199
0.000493246
0.000436992
0.000386776
0.000341996
0.000302105
0.000266607
0.00023505
0.000207026
0.000182165
0.000160134
0.000140629
0.00012338
0.00010814
9.46909e-05
8.28332e-05
7.23896e-05
6.32011e-05
5.51249e-05
4.80339e-05
4.18142e-05
3.63643e-05
3.15938e-05
2.74224e-05
2.37785e-05
2.05987e-05
1.78267e-05
1.54126e-05
1.33125e-05
1.14873e-05
9.90268e-06
8.52831e-06
7.33752e-06
6.30683e-06
5.41563e-06
4.64583e-06
3.98156e-06
3.40893e-06
2.91581e-06
2.49159e-06
2.12701e-06
1.81401e-06
1.54556e-06
1.31554e-06
1.11867e-06
9.50331e-07
8.06536e-07
6.8383e-07
5.79226e-07
4.90145e-07
4.14359e-07
3.49949e-07
2.95263e-07
2.48879e-07
2.09577e-07
1.76309e-07
1.48178e-07
1.24413e-07
1.04358e-07
8.74501e-08
7.32102e-08
6.12291e-08
5.11589e-08
4.27031e-08
3.56102e-08
2.96664e-08
2.46905e-08
2.05292e-08
1.70526e-08
1.41509e-08
0.120223
0.127852
0.135832
0.144169
0.152869
0.161936
0.171372
0.181182
0.191367
0.201926
0.21286
0.224168
0.235845
0.247889
0.260293
0.273051
0.286155
0.299595
0.313361
0.327438
0.341815
0.356474
0.371399
0.386571
0.40197
0.417575
0.433362
0.449307
0.465384
0.481566
0.497823
0.514128
0.530448
0.546752
0.563007
0.57918
0.595235
0.611139
0.626854
0.642347
0.65758
0.672517
0.687122
0.701358
0.715191
0.728585
0.741506
0.753919
0.765791
0.777091
0.787789
0.797854
0.807259
0.815977
0.823985
0.831259
0.837778
0.843525
0.848482
0.852635
0.855972
0.858483
0.860162
0.861002
0.861002
0.860162
0.858483
0.855972
0.852635
0.848482
0.843525
0.837778
0.831259
0.823985
0.815977
0.807259
0.797854
0.787789
0.777091
0.765791
0.753919
0.741506
0.728585
0.715191
0.701358
0.687122
0.672517
0.65758
0.642347
0.626854
0.611139
0.595235
0.57918
0.563007
0.546752
0.530448
0.514128
0.497823
0.481566
0.465384
0.449307
0.433362
0.417575
0.40197
0.386571
0.371399
0.356474
0.341815
0.327438
0.313361
0.299595
0.286155
0.273051
0.260293
0.247889
0.235845
0.224168
0.21286
0.201926
0.191367
0.181182
0.171372
0.161936
0.152869
0.144169
0.135832
0.127852
0.120223
0.112939
0.105993
0.0993767
0.0930826
0.0871021
0.0814263
0.0760461
0.070952
0.0661345
0.061584
0.0572906
0.0532445
0.0494358
0.0458548
0.0424917
0.0393368
0.0363806
0.0336137
0.0310269
0.0286113
0.0263579
0.0242584
0.0223042
0.0204875
0.0188004
0.0172354
0.0157852
0.014443
0.0132019
0.0120558
0.0109984
0.0100239
0.00912686
0.00830199
0.0075443
0.00684907
0.00621184
0.00562839
0.00509477
0.00460724
0.00416229
0.00375665
0.00338723
0.00305115
0.00274574
0.00246849
0.00221706
0.0019893
0.0017832
0.00159689
0.00142865
0.00127689
0.00114013
0.00101703
0.000906333
0.000806897
0.000717669
0.000637685
0.000566062
0.000501993
0.000444741
0.000393634
0.00034806
0.000307462
0.000271334
0.000239218
0.000210697
0.000185396
0.000162973
0.000143123
0.000125568
0.000110058
9.63701e-05
8.43021e-05
7.36734e-05
6.43218e-05
5.61025e-05
4.88857e-05
4.25557e-05
3.70091e-05
3.21541e-05
2.79087e-05
2.42002e-05
2.0964e-05
1.81428e-05
1.5686e-05
1.35486e-05
1.1691e-05
1.00783e-05
8.67955e-06
7.46764e-06
6.41868e-06
5.51167e-06
4.72821e-06
4.05216e-06
3.46939e-06
2.96752e-06
2.53578e-06
2.16473e-06
1.84618e-06
1.57296e-06
1.33887e-06
1.13851e-06
9.67184e-07
8.20839e-07
6.95957e-07
5.89498e-07
4.98837e-07
4.21707e-07
3.56155e-07
3.00499e-07
2.53293e-07
2.13294e-07
1.79436e-07
1.50805e-07
1.26619e-07
1.06209e-07
8.90009e-08
7.45084e-08
6.2315e-08
5.20661e-08
4.34604e-08
3.62417e-08
3.01925e-08
2.51284e-08
2.08933e-08
1.7355e-08
1.44019e-08
0.122235
0.129992
0.138106
0.146583
0.155428
0.164646
0.174241
0.184215
0.19457
0.205306
0.216424
0.22792
0.239793
0.252038
0.26465
0.277622
0.290946
0.304611
0.318606
0.33292
0.347537
0.362441
0.377616
0.393042
0.408699
0.424565
0.440617
0.456828
0.473175
0.489627
0.506157
0.522734
0.539328
0.555905
0.572432
0.588875
0.605199
0.621369
0.637348
0.6531
0.668588
0.683775
0.698624
0.713099
0.727164
0.740782
0.753919
0.766539
0.778611
0.7901
0.800976
0.81121
0.820772
0.829637
0.837778
0.845174
0.851803
0.857645
0.862686
0.866908
0.870301
0.872855
0.874561
0.875416
0.875416
0.874561
0.872855
0.870301
0.866908
0.862686
0.857645
0.851803
0.845174
0.837778
0.829637
0.820772
0.81121
0.800976
0.7901
0.778611
0.766539
0.753919
0.740782
0.727164
0.713099
0.698624
0.683775
0.668588
0.6531
0.637348
0.621369
0.605199
0.588875
0.572432
0.555905
0.539328
0.522734
0.506157
0.489627
0.473175
0.456828
0.440617
0.424565
0.408699
0.393042
0.377616
0.362441
0.347537
0.33292
0.318606
0.304611
0.290946
0.277622
0.26465
0.252038
0.239793
0.22792
0.216424
0.205306
0.19457
0.184215
0.174241
0.164646
0.155428
0.146583
0.138106
0.129992
0.122235
0.11483
0.107767
0.10104
0.0946409
0.0885602
0.0827894
0.0773191
0.0721397
0.0672416
0.0626149
0.0582496
0.0541358
0.0502634
0.0466224
0.043203
0.0399953
0.0369896
0.0341764
0.0315463
0.0290902
0.0267992
0.0246644
0.0226776
0.0208305
0.0191151
0.0175239
0.0160495
0.0146847
0.0134229
0.0122576
0.0111825
0.0101917
0.00927965
0.00844097
0.00767059
0.00696372
0.00631582
0.00572261
0.00518006
0.00468436
0.00423197
0.00381953
0.00344393
0.00310223
0.0027917
0.00250981
0.00225418
0.0020226
0.00181305
0.00162362
0.00145257
0.00129826
0.00115922
0.00103405
0.000921505
0.000820405
0.000729683
0.00064836
0.000575538
0.000510397
0.000452186
0.000400224
0.000353887
0.000312609
0.000275877
0.000243223
0.000214224
0.000188499
0.000165702
0.000145519
0.00012767
0.000111901
9.79834e-05
8.57134e-05
7.49067e-05
6.53986e-05
5.70417e-05
4.97041e-05
4.32681e-05
3.76287e-05
3.26924e-05
2.83759e-05
2.46053e-05
2.13149e-05
1.84465e-05
1.59486e-05
1.37754e-05
1.18867e-05
1.0247e-05
8.82485e-06
7.59265e-06
6.52612e-06
5.60394e-06
4.80737e-06
4.12e-06
3.52746e-06
3.0172e-06
2.57823e-06
2.20097e-06
1.87708e-06
1.5993e-06
1.36129e-06
1.15757e-06
9.83375e-07
8.34579e-07
7.07607e-07
5.99366e-07
5.07188e-07
4.28766e-07
3.62117e-07
3.05529e-07
2.57533e-07
2.16864e-07
1.8244e-07
1.5333e-07
1.28739e-07
1.07986e-07
9.04908e-08
7.57557e-08
6.33581e-08
5.29377e-08
4.41879e-08
3.68483e-08
3.06979e-08
2.5549e-08
2.1243e-08
1.76455e-08
1.4643e-08
0.12416
0.132039
0.14028
0.148891
0.157876
0.167239
0.176985
0.187116
0.197634
0.208539
0.219832
0.231509
0.243569
0.256007
0.268818
0.281994
0.295527
0.309408
0.323624
0.338163
0.35301
0.368149
0.383563
0.399232
0.415135
0.431251
0.447555
0.464022
0.480626
0.497338
0.514128
0.530966
0.547821
0.564659
0.581446
0.598149
0.61473
0.631154
0.647385
0.663385
0.679116
0.694542
0.709626
0.724329
0.738615
0.752448
0.765791
0.778611
0.790872
0.802542
0.81359
0.823985
0.833697
0.842701
0.850971
0.858483
0.865217
0.871151
0.876271
0.88056
0.884006
0.8866
0.888333
0.889201
0.889201
0.888333
0.8866
0.884006
0.88056
0.876271
0.871151
0.865217
0.858483
0.850971
0.842701
0.833697
0.823985
0.81359
0.802542
0.790872
0.778611
0.765791
0.752448
0.738615
0.724329
0.709626
0.694542
0.679116
0.663385
0.647385
0.631154
0.61473
0.598149
0.581446
0.564659
0.547821
0.530966
0.514128
0.497338
0.480626
0.464022
0.447555
0.431251
0.415135
0.399232
0.383563
0.368149
0.35301
0.338163
0.323624
0.309408
0.295527
0.281994
0.268818
0.256007
0.243569
0.231509
0.219832
0.208539
0.197634
0.187116
0.176985
0.167239
0.157876
0.148891
0.14028
0.132039
0.12416
0.116638
0.109464
0.102631
0.0961312
0.0899549
0.0840932
0.0785367
0.0732758
0.0683005
0.0636009
0.0591669
0.0549883
0.0510549
0.0473566
0.0438833
0.0406251
0.0375721
0.0347146
0.0320431
0.0295483
0.0272212
0.0250529
0.0230347
0.0211585
0.0194161
0.0177999
0.0163022
0.014916
0.0136343
0.0124506
0.0113586
0.0103522
0.00942578
0.00857389
0.00779139
0.00707339
0.00641528
0.00581273
0.00526163
0.00475813
0.00429861
0.00387968
0.00349816
0.00315108
0.00283567
0.00254933
0.00228967
0.00205446
0.0018416
0.00164919
0.00147544
0.00131871
0.00117747
0.00105034
0.000936017
0.000833324
0.000741174
0.00065857
0.000584602
0.000518434
0.000459307
0.000406527
0.00035946
0.000317532
0.000280221
0.000247053
0.000217598
0.000191468
0.000168311
0.00014781
0.00012968
0.000113663
9.95264e-05
8.70631e-05
7.60863e-05
6.64285e-05
5.79399e-05
5.04868e-05
4.39494e-05
3.82212e-05
3.32072e-05
2.88227e-05
2.49928e-05
2.16506e-05
1.8737e-05
1.61997e-05
1.39923e-05
1.20739e-05
1.04084e-05
8.96382e-06
7.71222e-06
6.6289e-06
5.69219e-06
4.88307e-06
4.18488e-06
3.58301e-06
3.06471e-06
2.61883e-06
2.23563e-06
1.90664e-06
1.62448e-06
1.38272e-06
1.1758e-06
9.98861e-07
8.47722e-07
7.1875e-07
6.08805e-07
5.15175e-07
4.35519e-07
3.67819e-07
3.10341e-07
2.61588e-07
2.20279e-07
1.85313e-07
1.55745e-07
1.30766e-07
1.09687e-07
9.19158e-08
7.69487e-08
6.43559e-08
5.37713e-08
4.48838e-08
3.74286e-08
3.11813e-08
2.59514e-08
2.15776e-08
1.79234e-08
1.48735e-08
0.125992
0.133987
0.142351
0.151088
0.160205
0.169707
0.179597
0.189877
0.20055
0.211617
0.223076
0.234926
0.247164
0.259785
0.272785
0.286155
0.299888
0.313973
0.328399
0.343153
0.358219
0.373581
0.389223
0.405123
0.421261
0.437615
0.45416
0.47087
0.487718
0.504676
0.521715
0.538801
0.555905
0.572991
0.590026
0.606975
0.623801
0.640468
0.656938
0.673174
0.689138
0.704791
0.720097
0.735017
0.749514
0.763551
0.777091
0.7901
0.802542
0.814385
0.825595
0.836143
0.846
0.855137
0.863528
0.871151
0.877984
0.884006
0.889201
0.893554
0.897051
0.899683
0.901442
0.902323
0.902323
0.901442
0.899683
0.897051
0.893554
0.889201
0.884006
0.877984
0.871151
0.863528
0.855137
0.846
0.836143
0.825595
0.814385
0.802542
0.7901
0.777091
0.763551
0.749514
0.735017
0.720097
0.704791
0.689138
0.673174
0.656938
0.640468
0.623801
0.606975
0.590026
0.572991
0.555905
0.538801
0.521715
0.504676
0.487718
0.47087
0.45416
0.437615
0.421261
0.405123
0.389223
0.373581
0.358219
0.343153
0.328399
0.313973
0.299888
0.286155
0.272785
0.259785
0.247164
0.234926
0.223076
0.211617
0.20055
0.189877
0.179597
0.169707
0.160205
0.151088
0.142351
0.133987
0.125992
0.118359
0.111079
0.104146
0.0975498
0.0912823
0.0853341
0.0796956
0.074357
0.0693084
0.0645395
0.06004
0.0557997
0.0518083
0.0480554
0.0445309
0.0412246
0.0381265
0.0352268
0.0325159
0.0299843
0.0276229
0.0254225
0.0233746
0.0214707
0.0197027
0.0180625
0.0165428
0.0151361
0.0138355
0.0126343
0.0115262
0.010505
0.00956487
0.00870041
0.00790636
0.00717776
0.00650995
0.0058985
0.00533927
0.00482834
0.00436204
0.00393693
0.00354978
0.00319758
0.00287751
0.00258695
0.00232346
0.00208477
0.00186878
0.00167353
0.00149721
0.00133817
0.00119485
0.00106584
0.000949829
0.000845621
0.000752111
0.000668288
0.000593228
0.000526084
0.000466085
0.000412525
0.000364764
0.000322218
0.000284356
0.000250698
0.000220809
0.000194293
0.000170795
0.000149992
0.000131594
0.00011534
0.000100995
8.83479e-05
7.7209e-05
6.74087e-05
5.87949e-05
5.12318e-05
4.4598e-05
3.87852e-05
3.36972e-05
2.92481e-05
2.53616e-05
2.19701e-05
1.90135e-05
1.64388e-05
1.41988e-05
1.22521e-05
1.0562e-05
9.09609e-06
7.82602e-06
6.72671e-06
5.77618e-06
4.95513e-06
4.24663e-06
3.63588e-06
3.10994e-06
2.65747e-06
2.26862e-06
1.93478e-06
1.64845e-06
1.40313e-06
1.19315e-06
1.0136e-06
8.60231e-07
7.29356e-07
6.17789e-07
5.22777e-07
4.41945e-07
3.73247e-07
3.1492e-07
2.65448e-07
2.2353e-07
1.88047e-07
1.58043e-07
1.32696e-07
1.11306e-07
9.32722e-08
7.80842e-08
6.53055e-08
5.45648e-08
4.55461e-08
3.79809e-08
3.16414e-08
2.63343e-08
2.1896e-08
1.81879e-08
1.5093e-08
0.127727
0.135832
0.14431
0.153168
0.162411
0.172043
0.182069
0.192491
0.203311
0.21453
0.226146
0.23816
0.250566
0.263361
0.27654
0.290094
0.304016
0.318295
0.33292
0.347876
0.36315
0.378724
0.394581
0.4107
0.42706
0.443639
0.460411
0.477352
0.494432
0.511624
0.528896
0.546218
0.563557
0.580879
0.598149
0.615331
0.632388
0.649284
0.665981
0.68244
0.698624
0.714493
0.73001
0.745135
0.759832
0.774062
0.787789
0.800976
0.81359
0.825595
0.83696
0.847654
0.857645
0.866908
0.875416
0.883143
0.89007
0.896175
0.901442
0.905854
0.9094
0.912068
0.913851
0.914744
0.914744
0.913851
0.912068
0.9094
0.905854
0.901442
0.896175
0.89007
0.883143
0.875416
0.866908
0.857645
0.847654
0.83696
0.825595
0.81359
0.800976
0.787789
0.774062
0.759832
0.745135
0.73001
0.714493
0.698624
0.68244
0.665981
0.649284
0.632388
0.615331
0.598149
0.580879
0.563557
0.546218
0.528896
0.511624
0.494432
0.477352
0.460411
0.443639
0.42706
0.4107
0.394581
0.378724
0.36315
0.347876
0.33292
0.318295
0.304016
0.290094
0.27654
0.263361
0.250566
0.23816
0.226146
0.21453
0.203311
0.192491
0.182069
0.172043
0.162411
0.153168
0.14431
0.135832
0.127727
0.119988
0.112609
0.10558
0.0988926
0.0925388
0.0865087
0.0807927
0.0753806
0.0702625
0.0654279
0.0608665
0.0565679
0.0525215
0.0487169
0.0451439
0.0417921
0.0386513
0.0357118
0.0329635
0.0303971
0.0280031
0.0257725
0.0236964
0.0217663
0.0199739
0.0183112
0.0167705
0.0153444
0.014026
0.0128082
0.0116848
0.0106496
0.00969654
0.00882018
0.0080152
0.00727657
0.00659956
0.0059797
0.00541277
0.00489481
0.00442209
0.00399113
0.00359865
0.0032416
0.00291712
0.00262256
0.00235545
0.00211347
0.0018945
0.00169656
0.00151782
0.00135659
0.0012113
0.00108051
0.000962904
0.000857261
0.000762464
0.000677488
0.000601394
0.000533326
0.000472501
0.000418204
0.000369785
0.000326653
0.00028827
0.000254149
0.000223849
0.000196968
0.000173146
0.000152056
0.000133405
0.000116928
0.000102385
8.9564e-05
7.82719e-05
6.83366e-05
5.96043e-05
5.1937e-05
4.52119e-05
3.93192e-05
3.41611e-05
2.96507e-05
2.57107e-05
2.22725e-05
1.92752e-05
1.6665e-05
1.43943e-05
1.24207e-05
1.07074e-05
9.2213e-06
7.93375e-06
6.81931e-06
5.8557e-06
5.02334e-06
4.30509e-06
3.68594e-06
3.15275e-06
2.69406e-06
2.29985e-06
1.96141e-06
1.67114e-06
1.42244e-06
1.20957e-06
1.02755e-06
8.72073e-07
7.39396e-07
6.26293e-07
5.29973e-07
4.48029e-07
3.78385e-07
3.19255e-07
2.69102e-07
2.26607e-07
1.90636e-07
1.60218e-07
1.34523e-07
1.12838e-07
9.45561e-08
7.91591e-08
6.62045e-08
5.53159e-08
4.61731e-08
3.85038e-08
3.2077e-08
2.66968e-08
2.21974e-08
1.84383e-08
1.53008e-08
0.129359
0.137567
0.146154
0.155125
0.164486
0.174241
0.184395
0.19495
0.205909
0.217271
0.229036
0.241202
0.253767
0.266726
0.280073
0.293801
0.307901
0.322362
0.337173
0.352321
0.36779
0.383563
0.399622
0.415947
0.432517
0.449307
0.466294
0.48345
0.500749
0.51816
0.535654
0.553197
0.570757
0.5883
0.605791
0.623192
0.640468
0.65758
0.67449
0.691159
0.70755
0.723622
0.739337
0.754655
0.76954
0.783951
0.797854
0.81121
0.823985
0.836143
0.847654
0.858483
0.868603
0.877984
0.8866
0.894427
0.901442
0.907625
0.912959
0.917428
0.921018
0.923721
0.925526
0.926431
0.926431
0.925526
0.923721
0.921018
0.917428
0.912959
0.907625
0.901442
0.894427
0.8866
0.877984
0.868603
0.858483
0.847654
0.836143
0.823985
0.81121
0.797854
0.783951
0.76954
0.754655
0.739337
0.723622
0.70755
0.691159
0.67449
0.65758
0.640468
0.623192
0.605791
0.5883
0.570757
0.553197
0.535654
0.51816
0.500749
0.48345
0.466294
0.449307
0.432517
0.415947
0.399622
0.383563
0.36779
0.352321
0.337173
0.322362
0.307901
0.293801
0.280073
0.266726
0.253767
0.241202
0.229036
0.217271
0.205909
0.19495
0.184395
0.174241
0.164486
0.155125
0.146154
0.137567
0.129359
0.121521
0.114047
0.106928
0.100156
0.0937211
0.087614
0.0818249
0.0763437
0.0711602
0.0662638
0.0616441
0.0572906
0.0531925
0.0493394
0.0457207
0.042326
0.0391452
0.036168
0.0333847
0.0307855
0.0283609
0.0261018
0.0239992
0.0220444
0.0202291
0.0185451
0.0169847
0.0155405
0.0142052
0.0129719
0.0118341
0.0107856
0.00982042
0.00893287
0.0081176
0.00736954
0.00668388
0.0060561
0.00548193
0.00495735
0.00447859
0.00404212
0.00364462
0.00328301
0.00295439
0.00265607
0.00238554
0.00214047
0.00191871
0.00171824
0.00153721
0.00137392
0.00122677
0.00109431
0.000975206
0.000868214
0.000772206
0.000686143
0.000609078
0.00054014
0.000478538
0.000423547
0.00037451
0.000330827
0.000291953
0.000257397
0.000226708
0.000199484
0.000175358
0.000153999
0.00013511
0.000118422
0.000103693
9.07083e-05
7.92719e-05
6.92097e-05
6.03658e-05
5.26006e-05
4.57895e-05
3.98215e-05
3.45975e-05
3.00295e-05
2.60392e-05
2.25571e-05
1.95215e-05
1.6878e-05
1.45782e-05
1.25794e-05
1.08442e-05
9.33912e-06
8.03511e-06
6.90644e-06
5.93051e-06
5.08752e-06
4.36009e-06
3.73303e-06
3.19303e-06
2.72848e-06
2.32923e-06
1.98647e-06
1.6925e-06
1.44062e-06
1.22503e-06
1.04068e-06
8.83215e-07
7.48843e-07
6.34295e-07
5.36744e-07
4.53753e-07
3.83219e-07
3.23334e-07
2.72541e-07
2.29502e-07
1.93072e-07
1.62265e-07
1.36241e-07
1.14279e-07
9.57642e-08
8.01704e-08
6.70503e-08
5.60226e-08
4.6763e-08
3.89957e-08
3.24868e-08
2.70379e-08
2.2481e-08
1.86738e-08
1.54963e-08
0.130884
0.139189
0.147877
0.156953
0.166425
0.176295
0.186569
0.197248
0.208336
0.219832
0.231736
0.244046
0.256759
0.26987
0.283374
0.297264
0.31153
0.326162
0.341148
0.356474
0.372125
0.388084
0.404333
0.42085
0.437615
0.454603
0.47179
0.489149
0.506652
0.524268
0.541968
0.559718
0.577485
0.595235
0.612932
0.630538
0.648017
0.665331
0.68244
0.699307
0.71589
0.732152
0.748052
0.763551
0.778611
0.793192
0.807259
0.820772
0.833697
0.846
0.857645
0.868603
0.878842
0.888333
0.897051
0.90497
0.912068
0.918324
0.923721
0.928242
0.931875
0.934609
0.936436
0.937351
0.937351
0.936436
0.934609
0.931875
0.928242
0.923721
0.918324
0.912068
0.90497
0.897051
0.888333
0.878842
0.868603
0.857645
0.846
0.833697
0.820772
0.807259
0.793192
0.778611
0.763551
0.748052
0.732152
0.71589
0.699307
0.68244
0.665331
0.648017
0.630538
0.612932
0.595235
0.577485
0.559718
0.541968
0.524268
0.506652
0.489149
0.47179
0.454603
0.437615
0.42085
0.404333
0.388084
0.372125
0.356474
0.341148
0.326162
0.31153
0.297264
0.283374
0.26987
0.256759
0.244046
0.231736
0.219832
0.208336
0.197248
0.186569
0.176295
0.166425
0.156953
0.147877
0.139189
0.130884
0.122954
0.115392
0.108189
0.101337
0.0948259
0.0886468
0.0827894
0.0772436
0.071999
0.0670449
0.0623708
0.0579659
0.0538195
0.049921
0.0462596
0.0428249
0.0396066
0.0365944
0.0337782
0.0311483
0.0286952
0.0264095
0.0242821
0.0223042
0.0204675
0.0187637
0.017185
0.0157237
0.0143726
0.0131248
0.0119736
0.0109128
0.00993618
0.00903817
0.00821329
0.00745641
0.00676267
0.00612749
0.00554654
0.00501578
0.00453138
0.00408977
0.00368759
0.00332171
0.00298922
0.00268738
0.00241366
0.0021657
0.00194132
0.00173849
0.00155533
0.00139011
0.00124123
0.00110721
0.000986702
0.000878448
0.000781308
0.000694232
0.000616257
0.000546507
0.000484179
0.00042854
0.000378924
0.000334726
0.000295395
0.000260431
0.000229381
0.000201836
0.000177425
0.000155814
0.000136702
0.000119817
0.000104916
9.17776e-05
8.02063e-05
7.00255e-05
6.10774e-05
5.32206e-05
4.63293e-05
4.02909e-05
3.50053e-05
3.03835e-05
2.63461e-05
2.28229e-05
1.97516e-05
1.70769e-05
1.475e-05
1.27277e-05
1.0972e-05
9.4492e-06
8.12983e-06
6.98785e-06
6.00042e-06
5.14749e-06
4.41149e-06
3.77703e-06
3.23067e-06
2.76064e-06
2.35669e-06
2.00989e-06
1.71245e-06
1.4576e-06
1.23947e-06
1.05295e-06
8.93626e-07
7.5767e-07
6.41772e-07
5.43071e-07
4.59102e-07
3.87737e-07
3.27145e-07
2.75753e-07
2.32207e-07
1.95347e-07
1.64178e-07
1.37847e-07
1.15627e-07
9.6893e-08
8.11154e-08
6.78407e-08
5.6683e-08
4.73142e-08
3.94554e-08
3.28698e-08
2.73566e-08
2.2746e-08
1.8894e-08
1.56789e-08
0.132297
0.140692
0.149474
0.158648
0.168222
0.178199
0.188584
0.199379
0.210586
0.222206
0.234238
0.246681
0.259532
0.272785
0.286435
0.300474
0.314895
0.329685
0.344832
0.360324
0.376144
0.392275
0.408699
0.425395
0.442341
0.459513
0.476886
0.494432
0.512124
0.52993
0.547821
0.565763
0.583722
0.601664
0.619551
0.637348
0.655016
0.672517
0.689811
0.706859
0.723622
0.740059
0.756131
0.771797
0.78702
0.801759
0.815977
0.829637
0.842701
0.855137
0.866908
0.877984
0.888333
0.897927
0.906739
0.914744
0.921918
0.928242
0.933697
0.938267
0.941939
0.944703
0.94655
0.947475
0.947475
0.94655
0.944703
0.941939
0.938267
0.933697
0.928242
0.921918
0.914744
0.906739
0.897927
0.888333
0.877984
0.866908
0.855137
0.842701
0.829637
0.815977
0.801759
0.78702
0.771797
0.756131
0.740059
0.723622
0.706859
0.689811
0.672517
0.655016
0.637348
0.619551
0.601664
0.583722
0.565763
0.547821
0.52993
0.512124
0.494432
0.476886
0.459513
0.442341
0.425395
0.408699
0.392275
0.376144
0.360324
0.344832
0.329685
0.314895
0.300474
0.286435
0.272785
0.259532
0.246681
0.234238
0.222206
0.210586
0.199379
0.188584
0.178199
0.168222
0.158648
0.149474
0.140692
0.132297
0.124282
0.116638
0.109357
0.102431
0.09585
0.0896042
0.0836835
0.0780779
0.0727766
0.067769
0.0630444
0.0585919
0.0544008
0.0504601
0.0467592
0.0432874
0.0400343
0.0369896
0.034143
0.0314848
0.0290051
0.0266947
0.0245443
0.0225451
0.0206886
0.0189664
0.0173706
0.0158935
0.0145278
0.0132665
0.0121029
0.0110306
0.0100435
0.00913578
0.00830199
0.00753694
0.0068357
0.00619366
0.00560645
0.00506995
0.00458032
0.00413394
0.00372741
0.00335759
0.0030215
0.0027164
0.00243973
0.00218909
0.00196229
0.00175727
0.00157213
0.00140513
0.00125464
0.00111917
0.000997358
0.000887936
0.000789746
0.000701729
0.000622913
0.00055241
0.000489408
0.000433168
0.000383017
0.000338341
0.000298585
0.000263243
0.000231858
0.000204016
0.000179341
0.000157497
0.000138179
0.000121112
0.000106049
9.27688e-05
8.10726e-05
7.07818e-05
6.1737e-05
5.37954e-05
4.68296e-05
4.07261e-05
3.53834e-05
3.07116e-05
2.66307e-05
2.30694e-05
1.99649e-05
1.72613e-05
1.49093e-05
1.28652e-05
1.10905e-05
9.55126e-06
8.21763e-06
7.06332e-06
6.06522e-06
5.20308e-06
4.45913e-06
3.81782e-06
3.26556e-06
2.79045e-06
2.38214e-06
2.03159e-06
1.73094e-06
1.47334e-06
1.25285e-06
1.06432e-06
9.03277e-07
7.65853e-07
6.48703e-07
5.48936e-07
4.6406e-07
3.91924e-07
3.30679e-07
2.78731e-07
2.34715e-07
1.97457e-07
1.65951e-07
1.39336e-07
1.16875e-07
9.79395e-08
8.19915e-08
6.85734e-08
5.72952e-08
4.78252e-08
3.98815e-08
3.32248e-08
2.76521e-08
2.29916e-08
1.9098e-08
1.58483e-08
0.133595
0.142073
0.150941
0.160205
0.169873
0.179948
0.190434
0.201335
0.212653
0.224387
0.236537
0.249102
0.262078
0.275462
0.289246
0.303423
0.317985
0.33292
0.348216
0.36386
0.379835
0.396125
0.41271
0.42957
0.446682
0.464022
0.481566
0.499284
0.517149
0.535131
0.553197
0.571315
0.589451
0.607568
0.625631
0.643603
0.661444
0.679116
0.69658
0.713796
0.730723
0.747322
0.763551
0.779371
0.794743
0.809627
0.823985
0.837778
0.850971
0.863528
0.875416
0.8866
0.897051
0.906739
0.915637
0.923721
0.930965
0.937351
0.94286
0.947475
0.951183
0.953974
0.955839
0.956773
0.956773
0.955839
0.953974
0.951183
0.947475
0.94286
0.937351
0.930965
0.923721
0.915637
0.906739
0.897051
0.8866
0.875416
0.863528
0.850971
0.837778
0.823985
0.809627
0.794743
0.779371
0.763551
0.747322
0.730723
0.713796
0.69658
0.679116
0.661444
0.643603
0.625631
0.607568
0.589451
0.571315
0.553197
0.535131
0.517149
0.499284
0.481566
0.464022
0.446682
0.42957
0.41271
0.396125
0.379835
0.36386
0.348216
0.33292
0.317985
0.303423
0.289246
0.275462
0.262078
0.249102
0.236537
0.224387
0.212653
0.201335
0.190434
0.179948
0.169873
0.160205
0.150941
0.142073
0.133595
0.125501
0.117782
0.11043
0.103436
0.0967906
0.0904835
0.0845048
0.0788441
0.0734908
0.0684341
0.0636631
0.0591669
0.0549346
0.0509553
0.0472181
0.0437122
0.0404272
0.0373526
0.0344781
0.0317937
0.0292898
0.0269566
0.0247852
0.0227664
0.0208916
0.0191525
0.017541
0.0160495
0.0146704
0.0133967
0.0122217
0.0111389
0.0101421
0.00922543
0.00838346
0.0076109
0.00690279
0.00625444
0.00566147
0.00511971
0.00462527
0.0041745
0.00376399
0.00339053
0.00305115
0.00274306
0.00246367
0.00221058
0.00198155
0.00177451
0.00158756
0.00141892
0.00126695
0.00113016
0.00100715
0.000896649
0.000797496
0.000708616
0.000629026
0.000557831
0.000494211
0.000437419
0.000386776
0.000341662
0.000301515
0.000265827
0.000234133
0.000206018
0.000181101
0.000159043
0.000139535
0.0001223
0.000107089
9.36792e-05
8.18682e-05
7.14764e-05
6.23429e-05
5.43233e-05
4.72892e-05
4.11257e-05
3.57306e-05
3.1013e-05
2.6892e-05
2.32958e-05
2.01609e-05
1.74307e-05
1.50556e-05
1.29914e-05
1.11993e-05
9.64499e-06
8.29828e-06
7.13263e-06
6.12474e-06
5.25414e-06
4.50289e-06
3.85529e-06
3.2976e-06
2.81784e-06
2.40552e-06
2.05153e-06
1.74793e-06
1.4878e-06
1.26515e-06
1.07477e-06
9.12142e-07
7.73369e-07
6.55069e-07
5.54323e-07
4.68614e-07
3.9577e-07
3.33924e-07
2.81467e-07
2.37019e-07
1.99395e-07
1.6758e-07
1.40703e-07
1.18022e-07
9.89006e-08
8.27961e-08
6.92463e-08
5.78575e-08
4.82945e-08
4.02729e-08
3.35508e-08
2.79235e-08
2.32173e-08
1.92854e-08
1.60038e-08
0.134775
0.143327
0.152273
0.16162
0.171372
0.181536
0.192116
0.203113
0.21453
0.226367
0.238625
0.251301
0.264392
0.277893
0.291799
0.306102
0.320792
0.335859
0.35129
0.367072
0.383188
0.399622
0.416353
0.433362
0.450625
0.468119
0.485817
0.503692
0.521715
0.539855
0.558081
0.576359
0.594654
0.612932
0.631154
0.649284
0.667283
0.685111
0.70273
0.720097
0.737174
0.753919
0.770291
0.786252
0.801759
0.816774
0.831259
0.845174
0.858483
0.871151
0.883143
0.894427
0.90497
0.914744
0.923721
0.931875
0.939184
0.945626
0.951183
0.955839
0.95958
0.962395
0.964277
0.965219
0.965219
0.964277
0.962395
0.95958
0.955839
0.951183
0.945626
0.939184
0.931875
0.923721
0.914744
0.90497
0.894427
0.883143
0.871151
0.858483
0.845174
0.831259
0.816774
0.801759
0.786252
0.770291
0.753919
0.737174
0.720097
0.70273
0.685111
0.667283
0.649284
0.631154
0.612932
0.594654
0.576359
0.558081
0.539855
0.521715
0.503692
0.485817
0.468119
0.450625
0.433362
0.416353
0.399622
0.383188
0.367072
0.35129
0.335859
0.320792
0.306102
0.291799
0.277893
0.264392
0.251301
0.238625
0.226367
0.21453
0.203113
0.192116
0.181536
0.171372
0.16162
0.152273
0.143327
0.134775
0.126609
0.118822
0.111405
0.104349
0.0976451
0.0912823
0.0852508
0.0795401
0.0741395
0.0690382
0.0642251
0.0596892
0.0554196
0.0514051
0.0476349
0.0440981
0.0407841
0.0376823
0.0347824
0.0320744
0.0295483
0.0271946
0.025004
0.0229673
0.021076
0.0193216
0.0176959
0.0161911
0.0147999
0.013515
0.0123296
0.0112372
0.0102316
0.00930687
0.00845747
0.00767809
0.00696372
0.00630966
0.00571145
0.0051649
0.0046661
0.00421136
0.00379722
0.00342047
0.00307809
0.00276727
0.00248542
0.00223009
0.00199904
0.00179018
0.00160158
0.00143144
0.00127813
0.00114013
0.00101604
0.000904565
0.000804537
0.000714871
0.000634579
0.000562755
0.000498573
0.00044128
0.00039019
0.000344678
0.000304177
0.000268173
0.0002362
0.000207836
0.0001827
0.000160447
0.000140766
0.00012338
0.000108035
9.45061e-05
8.25909e-05
7.21074e-05
6.28932e-05
5.48029e-05
4.77067e-05
4.14888e-05
3.60461e-05
3.12868e-05
2.71294e-05
2.35015e-05
2.03388e-05
1.75846e-05
1.51885e-05
1.31061e-05
1.12982e-05
9.73013e-06
8.37153e-06
7.1956e-06
6.17881e-06
5.30052e-06
4.54264e-06
3.88932e-06
3.32671e-06
2.84271e-06
2.42676e-06
2.06964e-06
1.76336e-06
1.50093e-06
1.27632e-06
1.08425e-06
9.20194e-07
7.80196e-07
6.60852e-07
5.59217e-07
4.72751e-07
3.99264e-07
3.36871e-07
2.83951e-07
2.39111e-07
2.01155e-07
1.69059e-07
1.41946e-07
1.19064e-07
9.97737e-08
8.3527e-08
6.98576e-08
5.83682e-08
4.87209e-08
4.06284e-08
3.3847e-08
2.817e-08
2.34222e-08
1.94557e-08
1.61451e-08
0.135832
0.144451
0.153467
0.162887
0.172717
0.18296
0.193622
0.204706
0.216212
0.228143
0.240497
0.253272
0.266466
0.280073
0.294088
0.308502
0.323308
0.338493
0.354045
0.369951
0.386194
0.402756
0.419619
0.436761
0.45416
0.47179
0.489627
0.507642
0.525806
0.544089
0.562458
0.580879
0.599318
0.617739
0.636104
0.654377
0.672517
0.690485
0.708241
0.725745
0.742955
0.759832
0.776333
0.792418
0.808047
0.82318
0.837778
0.851803
0.865217
0.877984
0.89007
0.901442
0.912068
0.921918
0.930965
0.939184
0.94655
0.953043
0.958643
0.963336
0.967106
0.969943
0.97184
0.972789
0.972789
0.97184
0.969943
0.967106
0.963336
0.958643
0.953043
0.94655
0.939184
0.930965
0.921918
0.912068
0.901442
0.89007
0.877984
0.865217
0.851803
0.837778
0.82318
0.808047
0.792418
0.776333
0.759832
0.742955
0.725745
0.708241
0.690485
0.672517
0.654377
0.636104
0.617739
0.599318
0.580879
0.562458
0.544089
0.525806
0.507642
0.489627
0.47179
0.45416
0.436761
0.419619
0.402756
0.386194
0.369951
0.354045
0.338493
0.323308
0.308502
0.294088
0.280073
0.266466
0.253272
0.240497
0.228143
0.216212
0.204706
0.193622
0.18296
0.172717
0.162887
0.153467
0.144451
0.135832
0.127602
0.119754
0.112279
0.105168
0.0984109
0.0919982
0.0859194
0.0801639
0.074721
0.0695796
0.0647288
0.0601574
0.0558542
0.0518083
0.0480085
0.044444
0.041104
0.0379779
0.0350552
0.032326
0.0297801
0.0274079
0.0252001
0.0231475
0.0212413
0.0194731
0.0178347
0.0163181
0.014916
0.013621
0.0124263
0.0113253
0.0103118
0.00937987
0.0085238
0.00773831
0.00701834
0.00635915
0.00575624
0.00520541
0.0047027
0.00424439
0.003827
0.00344729
0.00310223
0.00278898
0.00250491
0.00224758
0.00201472
0.00180422
0.00161414
0.00144267
0.00128816
0.00114907
0.00102401
0.000911659
0.000810847
0.000720478
0.000639556
0.000567169
0.000502484
0.000444741
0.00039325
0.000347381
0.000306563
0.000270277
0.000238053
0.000209466
0.000184133
0.000161705
0.000141871
0.000124347
0.000108882
9.52474e-05
8.32386e-05
7.2673e-05
6.33865e-05
5.52327e-05
4.80808e-05
4.18142e-05
3.63288e-05
3.15322e-05
2.73422e-05
2.36858e-05
2.04984e-05
1.77225e-05
1.53076e-05
1.32089e-05
1.13868e-05
9.80645e-06
8.43719e-06
7.25203e-06
6.22727e-06
5.3421e-06
4.57827e-06
3.91983e-06
3.35281e-06
2.86501e-06
2.44579e-06
2.08587e-06
1.77719e-06
1.5127e-06
1.28633e-06
1.09276e-06
9.27411e-07
7.86315e-07
6.66035e-07
5.63603e-07
4.76459e-07
4.02396e-07
3.39514e-07
2.86178e-07
2.40986e-07
2.02733e-07
1.70385e-07
1.43059e-07
1.19998e-07
1.00556e-07
8.41821e-08
7.04055e-08
5.8826e-08
4.9103e-08
4.0947e-08
3.41124e-08
2.83909e-08
2.36059e-08
1.96083e-08
1.62717e-08
0.136764
0.145442
0.15452
0.164005
0.173901
0.184215
0.19495
0.20611
0.217695
0.229708
0.242146
0.255009
0.268293
0.281994
0.296105
0.310619
0.325526
0.340815
0.356474
0.372489
0.388843
0.405519
0.422497
0.439757
0.457275
0.475026
0.492986
0.511124
0.529413
0.547821
0.566316
0.584863
0.603429
0.621976
0.640468
0.658865
0.67713
0.695221
0.713099
0.730723
0.748052
0.765044
0.781658
0.797854
0.81359
0.828827
0.843525
0.857645
0.871151
0.884006
0.896175
0.907625
0.918324
0.928242
0.937351
0.945626
0.953043
0.95958
0.965219
0.969943
0.97374
0.976597
0.978506
0.979462
0.979462
0.978506
0.976597
0.97374
0.969943
0.965219
0.95958
0.953043
0.945626
0.937351
0.928242
0.918324
0.907625
0.896175
0.884006
0.871151
0.857645
0.843525
0.828827
0.81359
0.797854
0.781658
0.765044
0.748052
0.730723
0.713099
0.695221
0.67713
0.658865
0.640468
0.621976
0.603429
0.584863
0.566316
0.547821
0.529413
0.511124
0.492986
0.475026
0.457275
0.439757
0.422497
0.405519
0.388843
0.372489
0.356474
0.340815
0.325526
0.310619
0.296105
0.281994
0.268293
0.255009
0.242146
0.229708
0.217695
0.20611
0.19495
0.184215
0.173901
0.164005
0.15452
0.145442
0.136764
0.128477
0.120576
0.113049
0.105889
0.099086
0.0926292
0.0865087
0.0807138
0.0752335
0.0700569
0.0651728
0.06057
0.0562374
0.0521637
0.0483378
0.0447489
0.0413859
0.0382384
0.0352957
0.0325477
0.0299843
0.0275959
0.0253729
0.0233063
0.021387
0.0196067
0.017957
0.0164301
0.0150183
0.0137144
0.0125115
0.011403
0.0103826
0.00944421
0.00858227
0.00779139
0.00706648
0.00640276
0.00579572
0.00524112
0.00473495
0.0042735
0.00385325
0.00347094
0.00312351
0.00280811
0.00252209
0.002263
0.00202854
0.0018166
0.00162521
0.00145257
0.001297
0.00115696
0.00103103
0.000917913
0.000816409
0.00072542
0.000643943
0.000571059
0.00050593
0.000447792
0.000395948
0.000349764
0.000308666
0.000272131
0.000239686
0.000210903
0.000185396
0.000162814
0.000142844
0.0001252
0.000109629
9.59007e-05
8.38096e-05
7.31715e-05
6.38213e-05
5.56116e-05
4.84106e-05
4.2101e-05
3.6578e-05
3.17485e-05
2.75297e-05
2.38483e-05
2.0639e-05
1.78441e-05
1.54126e-05
1.32995e-05
1.14649e-05
9.87371e-06
8.49506e-06
7.30178e-06
6.26999e-06
5.37874e-06
4.60967e-06
3.94672e-06
3.3758e-06
2.88466e-06
2.46257e-06
2.10018e-06
1.78938e-06
1.52308e-06
1.29515e-06
1.10025e-06
9.33772e-07
7.91709e-07
6.70603e-07
5.67469e-07
4.79727e-07
4.05156e-07
3.41842e-07
2.88141e-07
2.42639e-07
2.04123e-07
1.71554e-07
1.4404e-07
1.20821e-07
1.01246e-07
8.47596e-08
7.08885e-08
5.92295e-08
4.94398e-08
4.12279e-08
3.43464e-08
2.85856e-08
2.37679e-08
1.97428e-08
1.63833e-08
0.137567
0.146297
0.155428
0.164968
0.174923
0.185298
0.196096
0.207321
0.218975
0.231058
0.243569
0.256508
0.26987
0.283651
0.297845
0.312444
0.327438
0.342818
0.358569
0.374678
0.391128
0.407902
0.42498
0.442341
0.459962
0.477818
0.495883
0.514128
0.532524
0.55104
0.569644
0.5883
0.606975
0.625631
0.644231
0.662737
0.681109
0.699307
0.71729
0.735017
0.752448
0.76954
0.786252
0.802542
0.818371
0.833697
0.848482
0.862686
0.876271
0.889201
0.901442
0.912959
0.923721
0.933697
0.94286
0.951183
0.958643
0.965219
0.970891
0.975643
0.979462
0.982336
0.984256
0.985218
0.985218
0.984256
0.982336
0.979462
0.975643
0.970891
0.965219
0.958643
0.951183
0.94286
0.933697
0.923721
0.912959
0.901442
0.889201
0.876271
0.862686
0.848482
0.833697
0.818371
0.802542
0.786252
0.76954
0.752448
0.735017
0.71729
0.699307
0.681109
0.662737
0.644231
0.625631
0.606975
0.5883
0.569644
0.55104
0.532524
0.514128
0.495883
0.477818
0.459962
0.442341
0.42498
0.407902
0.391128
0.374678
0.358569
0.342818
0.327438
0.312444
0.297845
0.283651
0.26987
0.256508
0.243569
0.231058
0.218975
0.207321
0.196096
0.185298
0.174923
0.164968
0.155428
0.146297
0.137567
0.129232
0.121284
0.113714
0.106512
0.0996682
0.0931736
0.0870171
0.0811881
0.0756757
0.0704686
0.0655558
0.060926
0.0565679
0.0524702
0.0486219
0.0450118
0.0416291
0.0384631
0.0355031
0.032739
0.0301605
0.0277581
0.025522
0.0234432
0.0215127
0.0197219
0.0180625
0.0165266
0.0151065
0.013795
0.0125851
0.01147
0.0104436
0.00949971
0.00863271
0.00783717
0.00710801
0.00644039
0.00582978
0.00527192
0.00476278
0.00429861
0.0038759
0.00349134
0.00314186
0.00282461
0.00253691
0.0022763
0.00204046
0.00182727
0.00163476
0.0014611
0.00130462
0.00116375
0.00103709
0.000923307
0.000821206
0.000729683
0.000647727
0.000574415
0.000508904
0.000450424
0.000398274
0.000351819
0.00031048
0.00027373
0.000241094
0.000212143
0.000186485
0.000163771
0.000143683
0.000125936
0.000110273
9.64643e-05
8.43021e-05
7.36015e-05
6.41963e-05
5.59384e-05
4.86951e-05
4.23484e-05
3.67929e-05
3.1935e-05
2.76915e-05
2.39884e-05
2.07602e-05
1.7949e-05
1.55032e-05
1.33777e-05
1.15323e-05
9.93173e-06
8.54498e-06
7.34469e-06
6.30683e-06
5.41035e-06
4.63676e-06
3.96991e-06
3.39564e-06
2.90161e-06
2.47704e-06
2.11252e-06
1.79989e-06
1.53203e-06
1.30276e-06
1.10672e-06
9.3926e-07
7.96361e-07
6.74544e-07
5.70804e-07
4.82546e-07
4.07537e-07
3.43851e-07
2.89835e-07
2.44065e-07
2.05323e-07
1.72562e-07
1.44887e-07
1.21531e-07
1.01841e-07
8.52577e-08
7.1305e-08
5.95776e-08
4.97304e-08
4.14702e-08
3.45483e-08
2.87536e-08
2.39075e-08
1.98588e-08
1.64796e-08
0.138241
0.147013
0.156189
0.165776
0.175779
0.186205
0.197056
0.208336
0.220047
0.232189
0.244762
0.257763
0.271191
0.28504
0.299303
0.313973
0.329041
0.344496
0.360324
0.376512
0.393042
0.409899
0.42706
0.444506
0.462213
0.480157
0.49831
0.516644
0.535131
0.553738
0.572432
0.59118
0.609946
0.628694
0.647385
0.665981
0.684443
0.70273
0.720801
0.738615
0.756131
0.773306
0.7901
0.806471
0.822377
0.837778
0.852635
0.866908
0.88056
0.893554
0.905854
0.917428
0.928242
0.938267
0.947475
0.955839
0.963336
0.969943
0.975643
0.980419
0.984256
0.987144
0.989074
0.99004
0.99004
0.989074
0.987144
0.984256
0.980419
0.975643
0.969943
0.963336
0.955839
0.947475
0.938267
0.928242
0.917428
0.905854
0.893554
0.88056
0.866908
0.852635
0.837778
0.822377
0.806471
0.7901
0.773306
0.756131
0.738615
0.720801
0.70273
0.684443
0.665981
0.647385
0.628694
0.609946
0.59118
0.572432
0.553738
0.535131
0.516644
0.49831
0.480157
0.462213
0.444506
0.42706
0.409899
0.393042
0.376512
0.360324
0.344496
0.329041
0.313973
0.299303
0.28504
0.271191
0.257763
0.244762
0.232189
0.220047
0.208336
0.197056
0.186205
0.175779
0.165776
0.156189
0.147013
0.138241
0.129865
0.121878
0.11427
0.107033
0.100156
0.0936296
0.087443
0.0815855
0.0760461
0.0708135
0.0658767
0.0612242
0.0568447
0.052727
0.0488599
0.0452321
0.0418329
0.0386513
0.0356769
0.0328992
0.0303082
0.0278939
0.025647
0.023558
0.021618
0.0198184
0.0181509
0.0166075
0.0151805
0.0138625
0.0126467
0.0115262
0.0104947
0.00954621
0.00867496
0.00787554
0.0071428
0.00647192
0.00585832
0.00529772
0.00478609
0.00431965
0.00389487
0.00350843
0.00315724
0.00283844
0.00254933
0.00228744
0.00205045
0.00183622
0.00164276
0.00146825
0.001311
0.00116945
0.00104216
0.000927826
0.000825226
0.000733255
0.000650898
0.000577227
0.000511395
0.000452628
0.000400224
0.000353541
0.000311999
0.00027507
0.000242274
0.000213181
0.000187398
0.000164573
0.000144386
0.000126552
0.000110813
9.69364e-05
8.47148e-05
7.39617e-05
6.45106e-05
5.62122e-05
4.89335e-05
4.25557e-05
3.6973e-05
3.20914e-05
2.78271e-05
2.41058e-05
2.08619e-05
1.80368e-05
1.55791e-05
1.34431e-05
1.15887e-05
9.98035e-06
8.58681e-06
7.38064e-06
6.3377e-06
5.43683e-06
4.65946e-06
3.98934e-06
3.41226e-06
2.91581e-06
2.48916e-06
2.12286e-06
1.8087e-06
1.53953e-06
1.30914e-06
1.11214e-06
9.43857e-07
8.00259e-07
6.77846e-07
5.73598e-07
4.84908e-07
4.09532e-07
3.45534e-07
2.91253e-07
2.4526e-07
2.06328e-07
1.73407e-07
1.45596e-07
1.22126e-07
1.02339e-07
8.5675e-08
7.16541e-08
5.98692e-08
4.99738e-08
4.16732e-08
3.47174e-08
2.88944e-08
2.40246e-08
1.9956e-08
1.65603e-08
0.138782
0.147588
0.1568
0.166425
0.176467
0.186934
0.197827
0.209151
0.220908
0.233097
0.24572
0.258772
0.272252
0.286155
0.300474
0.315202
0.330329
0.345844
0.361734
0.377985
0.394581
0.411503
0.428732
0.446246
0.464022
0.482036
0.50026
0.518667
0.537225
0.555905
0.574672
0.593494
0.612333
0.631154
0.649919
0.668588
0.687122
0.70548
0.723622
0.741506
0.75909
0.776333
0.793192
0.809627
0.825595
0.841057
0.855972
0.870301
0.884006
0.897051
0.9094
0.921018
0.931875
0.941939
0.951183
0.95958
0.967106
0.97374
0.979462
0.984256
0.988108
0.991007
0.992945
0.993915
0.993915
0.992945
0.991007
0.988108
0.984256
0.979462
0.97374
0.967106
0.95958
0.951183
0.941939
0.931875
0.921018
0.9094
0.897051
0.884006
0.870301
0.855972
0.841057
0.825595
0.809627
0.793192
0.776333
0.75909
0.741506
0.723622
0.70548
0.687122
0.668588
0.649919
0.631154
0.612333
0.593494
0.574672
0.555905
0.537225
0.518667
0.50026
0.482036
0.464022
0.446246
0.428732
0.411503
0.394581
0.377985
0.361734
0.345844
0.330329
0.315202
0.300474
0.286155
0.272252
0.258772
0.24572
0.233097
0.220908
0.209151
0.197827
0.186934
0.176467
0.166425
0.1568
0.147588
0.138782
0.130373
0.122355
0.114717
0.107452
0.100548
0.0939961
0.0877853
0.0819048
0.0763437
0.0710907
0.0661345
0.0614638
0.0570672
0.0529334
0.0490511
0.0454092
0.0419966
0.0388026
0.0358165
0.033028
0.0304268
0.0280031
0.0257473
0.0236502
0.0217026
0.019896
0.018222
0.0166725
0.0152399
0.0139168
0.0126962
0.0115713
0.0105358
0.00958357
0.00870891
0.00790636
0.00717076
0.00649725
0.00588125
0.00531846
0.00480482
0.00433656
0.00391011
0.00352216
0.0031696
0.00284955
0.00255931
0.00229639
0.00205847
0.0018434
0.00164919
0.001474
0.00131613
0.00117403
0.00104624
0.000931458
0.000828456
0.000736124
0.000653445
0.000579486
0.000513396
0.0004544
0.00040179
0.000354925
0.00031322
0.000276146
0.000243223
0.000214015
0.000188132
0.000165217
0.000144952
0.000127048
0.000111247
9.73158e-05
8.50463e-05
7.42512e-05
6.4763e-05
5.64322e-05
4.9125e-05
4.27222e-05
3.71177e-05
3.2217e-05
2.7936e-05
2.42002e-05
2.09435e-05
1.81074e-05
1.56401e-05
1.34958e-05
1.16341e-05
1.00194e-05
8.62042e-06
7.40953e-06
6.36251e-06
5.45811e-06
4.6777e-06
4.00495e-06
3.42562e-06
2.92723e-06
2.4989e-06
2.13117e-06
1.81578e-06
1.54556e-06
1.31426e-06
1.11649e-06
9.47551e-07
8.03391e-07
6.80499e-07
5.75843e-07
4.86806e-07
4.11134e-07
3.46887e-07
2.92393e-07
2.4622e-07
2.07136e-07
1.74085e-07
1.46166e-07
1.22604e-07
1.0274e-07
8.60103e-08
7.19345e-08
6.01035e-08
5.01694e-08
4.18363e-08
3.48533e-08
2.90075e-08
2.41186e-08
2.00341e-08
1.66251e-08
0.139189
0.148021
0.15726
0.166913
0.176985
0.187482
0.198408
0.209765
0.221556
0.233781
0.24644
0.259532
0.273051
0.286995
0.301356
0.316127
0.331298
0.346859
0.362795
0.379094
0.395738
0.41271
0.42999
0.447555
0.465384
0.48345
0.501728
0.520188
0.538801
0.557536
0.576359
0.595235
0.61413
0.633006
0.651825
0.670549
0.689138
0.70755
0.725745
0.743681
0.761317
0.778611
0.79552
0.812002
0.828018
0.843525
0.858483
0.872855
0.8866
0.899683
0.912068
0.923721
0.934609
0.944703
0.953974
0.962395
0.969943
0.976597
0.982336
0.987144
0.991007
0.993915
0.995858
0.996831
0.996831
0.995858
0.993915
0.991007
0.987144
0.982336
0.976597
0.969943
0.962395
0.953974
0.944703
0.934609
0.923721
0.912068
0.899683
0.8866
0.872855
0.858483
0.843525
0.828018
0.812002
0.79552
0.778611
0.761317
0.743681
0.725745
0.70755
0.689138
0.670549
0.651825
0.633006
0.61413
0.595235
0.576359
0.557536
0.538801
0.520188
0.501728
0.48345
0.465384
0.447555
0.42999
0.41271
0.395738
0.379094
0.362795
0.346859
0.331298
0.316127
0.301356
0.286995
0.273051
0.259532
0.24644
0.233781
0.221556
0.209765
0.198408
0.187482
0.176985
0.166913
0.15726
0.148021
0.139189
0.130756
0.122714
0.115054
0.107767
0.100843
0.0942719
0.0880429
0.0821451
0.0765677
0.0712993
0.0663286
0.0616441
0.0572347
0.0530887
0.049195
0.0455424
0.0421198
0.0389165
0.0359216
0.0331249
0.0305161
0.0280853
0.0258229
0.0237196
0.0217663
0.0199544
0.0182754
0.0167214
0.0152846
0.0139576
0.0127334
0.0116052
0.0105667
0.00961169
0.00873447
0.00792956
0.0071918
0.00651631
0.0058985
0.00533406
0.00481892
0.00434928
0.00392158
0.00353249
0.0031789
0.00285791
0.00256682
0.00230313
0.00206451
0.00184881
0.00165403
0.00147832
0.00132
0.00117747
0.00104931
0.000934191
0.000830886
0.000738284
0.000655362
0.000581186
0.000514902
0.000455733
0.000402969
0.000355967
0.000314139
0.000276956
0.000243936
0.000214643
0.000188684
0.000165702
0.000145377
0.000127421
0.000111573
9.76014e-05
8.52958e-05
7.44691e-05
6.49531e-05
5.65978e-05
4.92691e-05
4.28476e-05
3.72266e-05
3.23115e-05
2.80179e-05
2.42712e-05
2.1005e-05
1.81605e-05
1.5686e-05
1.35354e-05
1.16682e-05
1.00488e-05
8.64571e-06
7.43127e-06
6.38118e-06
5.47412e-06
4.69142e-06
4.0167e-06
3.43567e-06
2.93582e-06
2.50624e-06
2.13743e-06
1.82111e-06
1.55009e-06
1.31812e-06
1.11976e-06
9.50331e-07
8.05749e-07
6.82496e-07
5.77532e-07
4.88234e-07
4.12341e-07
3.47904e-07
2.93251e-07
2.46942e-07
2.07743e-07
1.74596e-07
1.46594e-07
1.22964e-07
1.03041e-07
8.62626e-08
7.21456e-08
6.02799e-08
5.03166e-08
4.1959e-08
3.49555e-08
2.90926e-08
2.41893e-08
2.00929e-08
1.66739e-08
0.139461
0.14831
0.157568
0.167239
0.177331
0.187849
0.198796
0.210175
0.221989
0.234238
0.246922
0.260039
0.273585
0.287556
0.301945
0.316745
0.331946
0.347537
0.363505
0.379835
0.396512
0.413517
0.43083
0.44843
0.466294
0.484396
0.502709
0.521205
0.539855
0.558626
0.577485
0.596399
0.615331
0.634244
0.6531
0.67186
0.690485
0.708933
0.727164
0.745135
0.762806
0.780133
0.797075
0.81359
0.829637
0.845174
0.860162
0.874561
0.888333
0.901442
0.913851
0.925526
0.936436
0.94655
0.955839
0.964277
0.97184
0.978506
0.984256
0.989074
0.992945
0.995858
0.997805
0.99878
0.99878
0.997805
0.995858
0.992945
0.989074
0.984256
0.978506
0.97184
0.964277
0.955839
0.94655
0.936436
0.925526
0.913851
0.901442
0.888333
0.874561
0.860162
0.845174
0.829637
0.81359
0.797075
0.780133
0.762806
0.745135
0.727164
0.708933
0.690485
0.67186
0.6531
0.634244
0.615331
0.596399
0.577485
0.558626
0.539855
0.521205
0.502709
0.484396
0.466294
0.44843
0.43083
0.413517
0.396512
0.379835
0.363505
0.347537
0.331946
0.316745
0.301945
0.287556
0.273585
0.260039
0.246922
0.234238
0.221989
0.210175
0.198796
0.187849
0.177331
0.167239
0.157568
0.14831
0.139461
0.131011
0.122954
0.115279
0.107978
0.10104
0.0944562
0.088215
0.0823057
0.0767174
0.0714387
0.0664582
0.0617647
0.0573466
0.0531925
0.0492912
0.0456314
0.0422022
0.0389925
0.0359918
0.0331896
0.0305757
0.0281402
0.0258734
0.0237659
0.0218088
0.0199934
0.0183112
0.0167541
0.0153145
0.0139849
0.0127583
0.0116279
0.0105873
0.00963048
0.00875154
0.00794506
0.00720586
0.00652905
0.00591004
0.00534449
0.00482834
0.00435779
0.00392925
0.0035394
0.00318511
0.00286349
0.00257184
0.00230763
0.00206855
0.00185242
0.00165726
0.00148122
0.00132258
0.00117977
0.00105136
0.000936017
0.000832511
0.000739728
0.000656644
0.000582322
0.000515909
0.000456624
0.000403757
0.000356662
0.000314754
0.000277498
0.000244413
0.000215063
0.000189052
0.000166026
0.000145661
0.00012767
0.000111791
9.77922e-05
8.54626e-05
7.46146e-05
6.508e-05
5.67084e-05
4.93655e-05
4.29314e-05
3.72994e-05
3.23747e-05
2.80727e-05
2.43186e-05
2.1046e-05
1.8196e-05
1.57166e-05
1.35618e-05
1.1691e-05
1.00685e-05
8.66261e-06
7.44579e-06
6.39365e-06
5.48482e-06
4.70059e-06
4.02456e-06
3.44239e-06
2.94155e-06
2.51114e-06
2.1416e-06
1.82467e-06
1.55312e-06
1.32069e-06
1.12195e-06
9.52189e-07
8.07324e-07
6.8383e-07
5.78661e-07
4.89189e-07
4.13147e-07
3.48585e-07
2.93824e-07
2.47425e-07
2.08149e-07
1.74937e-07
1.46881e-07
1.23204e-07
1.03243e-07
8.64313e-08
7.22866e-08
6.03977e-08
5.04149e-08
4.20411e-08
3.50239e-08
2.91494e-08
2.42366e-08
2.01322e-08
1.67065e-08
0.139597
0.148455
0.157722
0.167403
0.177504
0.188032
0.19899
0.21038
0.222206
0.234467
0.247164
0.260293
0.273852
0.287837
0.30224
0.317054
0.33227
0.347876
0.36386
0.380206
0.396899
0.413921
0.431251
0.448868
0.466749
0.484869
0.5032
0.521715
0.540382
0.559172
0.57805
0.596982
0.615932
0.634863
0.653738
0.672517
0.691159
0.709626
0.727874
0.745863
0.763551
0.780895
0.797854
0.814385
0.830447
0.846
0.861002
0.875416
0.889201
0.902323
0.914744
0.926431
0.937351
0.947475
0.956773
0.965219
0.972789
0.979462
0.985218
0.99004
0.993915
0.996831
0.99878
0.999756
0.999756
0.99878
0.996831
0.993915
0.99004
0.985218
0.979462
0.972789
0.965219
0.956773
0.947475
0.937351
0.926431
0.914744
0.902323
0.889201
0.875416
0.861002
0.846
0.830447
0.814385
0.797854
0.780895
0.763551
0.745863
0.727874
0.709626
0.691159
0.672517
0.653738
0.634863
0.615932
0.596982
0.57805
0.559172
0.540382
0.521715
0.5032
0.484869
0.466749
0.448868
0.431251
0.413921
0.396899
0.380206
0.36386
0.347876
0.33227
0.317054
0.30224
0.287837
0.273852
0.260293
0.247164
0.234467
0.222206
0.21038
0.19899
0.188032
0.177504
0.167403
0.157722
0.148455
0.139597
0.131139
0.123074
0.115392
0.108083
0.101139
0.0945485
0.0883012
0.0823862
0.0767923
0.0715085
0.0665232
0.061825
0.0574026
0.0532445
0.0493394
0.045676
0.0422434
0.0390306
0.036027
0.0332221
0.0306056
0.0281677
0.0258986
0.0237892
0.0218302
0.0200129
0.0183291
0.0167705
0.0153295
0.0139986
0.0127708
0.0116393
0.0105977
0.00963989
0.00876009
0.00795282
0.0072129
0.00653543
0.00591581
0.00534971
0.00483306
0.00436204
0.00393309
0.00354286
0.00318822
0.00286629
0.00257435
0.00230989
0.00207057
0.00185423
0.00165888
0.00148266
0.00132387
0.00118093
0.00105239
0.000936931
0.000833324
0.00074045
0.000657285
0.000582891
0.000516413
0.00045707
0.000404152
0.000357011
0.000315061
0.000277769
0.000244652
0.000215273
0.000189237
0.000166188
0.000145803
0.000127794
0.000111901
9.78877e-05
8.55461e-05
7.46875e-05
6.51436e-05
5.67638e-05
4.94137e-05
4.29733e-05
3.73358e-05
3.24063e-05
2.81001e-05
2.43424e-05
2.10666e-05
1.82138e-05
1.5732e-05
1.35751e-05
1.17024e-05
1.00783e-05
8.67108e-06
7.45307e-06
6.3999e-06
5.49018e-06
4.70518e-06
4.02849e-06
3.44575e-06
2.94443e-06
2.51359e-06
2.1437e-06
1.82645e-06
1.55464e-06
1.32198e-06
1.12305e-06
9.5312e-07
8.08113e-07
6.84498e-07
5.79226e-07
4.89667e-07
4.1355e-07
3.48925e-07
2.94112e-07
2.47667e-07
2.08353e-07
1.75108e-07
1.47025e-07
1.23324e-07
1.03344e-07
8.65157e-08
7.23572e-08
6.04567e-08
5.04642e-08
4.20821e-08
3.50581e-08
2.91779e-08
2.42603e-08
2.01518e-08
1.67228e-08
0.139597
0.148455
0.157722
0.167403
0.177504
0.188032
0.19899
0.21038
0.222206
0.234467
0.247164
0.260293
0.273852
0.287837
0.30224
0.317054
0.33227
0.347876
0.36386
0.380206
0.396899
0.413921
0.431251
0.448868
0.466749
0.484869
0.5032
0.521715
0.540382
0.559172
0.57805
0.596982
0.615932
0.634863
0.653738
0.672517
0.691159
0.709626
0.727874
0.745863
0.763551
0.780895
0.797854
0.814385
0.830447
0.846
0.861002
0.875416
0.889201
0.902323
0.914744
0.926431
0.937351
0.947475
0.956773
0.965219
0.972789
0.979462
0.985218
0.99004
0.993915
0.996831
0.99878
0.999756
0.999756
0.99878
0.996831
0.993915
0.99004
0.985218
0.979462
0.972789
0.965219
0.956773
0.947475
0.937351
0.926431
0.914744
0.902323
0.889201
0.875416
0.861002
0.846
0.830447
0.814385
0.797854
0.780895
0.763551
0.745863
0.727874
0.709626
0.691159
0.672517
0.653738
0.634863
0.615932
0.596982
0.57805
0.559172
0.540382
0.521715
0.5032
0.484869
0.466749
0.448868
0.431251
0.413921
0.396899
0.380206
0.36386
0.347876
0.33227
0.317054
0.30224
0.287837
0.273852
0.260293
0.247164
0.234467
0.222206
0.21038
0.19899
0.188032
0.177504
0.167403
0.157722
0.148455
0.139597
0.131139
0.123074
0.115392
0.108083
0.101139
0.0945485
0.0883012
0.0823862
0.0767923
0.0715085
0.0665232
0.061825
0.0574026
0.0532445
0.0493394
0.045676
0.0422434
0.0390306
0.036027
0.0332221
0.0306056
0.0281677
0.0258986
0.0237892
0.0218302
0.0200129
0.0183291
0.0167705
0.0153295
0.0139986
0.0127708
0.0116393
0.0105977
0.00963989
0.00876009
0.00795282
0.0072129
0.00653543
0.00591581
0.00534971
0.00483306
0.00436204
0.00393309
0.00354286
0.00318822
0.00286629
0.00257435
0.00230989
0.00207057
0.00185423
0.00165888
0.00148266
0.00132387
0.00118093
0.00105239
0.000936931
0.000833324
0.00074045
0.000657285
0.000582891
0.000516413
0.00045707
0.000404152
0.000357011
0.000315061
0.000277769
0.000244652
0.000215273
0.000189237
0.000166188
0.000145803
0.000127794
0.000111901
9.78877e-05
8.55461e-05
7.46875e-05
6.51436e-05
5.67638e-05
4.94137e-05
4.29733e-05
3.73358e-05
3.24063e-05
2.81001e-05
2.43424e-05
2.10666e-05
1.82138e-05
1.5732e-05
1.35751e-05
1.17024e-05
1.00783e-05
8.67108e-06
7.45307e-06
6.3999e-06
5.49018e-06
4.70518e-06
4.02849e-06
3.44575e-06
2.94443e-06
2.51359e-06
2.1437e-06
1.82645e-06
1.55464e-06
1.32198e-06
1.12305e-06
9.5312e-07
8.08113e-07
6.84498e-07
5.79226e-07
4.89667e-07
4.1355e-07
3.48925e-07
2.94112e-07
2.47667e-07
2.08353e-07
1.75108e-07
1.47025e-07
1.23324e-07
1.03344e-07
8.65157e-08
7.23572e-08
6.04567e-08
5.04642e-08
4.20821e-08
3.50581e-08
2.91779e-08
2.42603e-08
2.01518e-08
1.67228e-08
0.139461
0.14831
0.157568
0.167239
0.177331
0.187849
0.198796
0.210175
0.221989
0.234238
0.246922
0.260039
0.273585
0.287556
0.301945
0.316745
0.331946
0.347537
0.363505
0.379835
0.396512
0.413517
0.43083
0.44843
0.466294
0.484396
0.502709
0.521205
0.539855
0.558626
0.577485
0.596399
0.615331
0.634244
0.6531
0.67186
0.690485
0.708933
0.727164
0.745135
0.762806
0.780133
0.797075
0.81359
0.829637
0.845174
0.860162
0.874561
0.888333
0.901442
0.913851
0.925526
0.936436
0.94655
0.955839
0.964277
0.97184
0.978506
0.984256
0.989074
0.992945
0.995858
0.997805
0.99878
0.99878
0.997805
0.995858
0.992945
0.989074
0.984256
0.978506
0.97184
0.964277
0.955839
0.94655
0.936436
0.925526
0.913851
0.901442
0.888333
0.874561
0.860162
0.845174
0.829637
0.81359
0.797075
0.780133
0.762806
0.745135
0.727164
0.708933
0.690485
0.67186
0.6531
0.634244
0.615331
0.596399
0.577485
0.558626
0.539855
0.521205
0.502709
0.484396
0.466294
0.44843
0.43083
0.413517
0.396512
0.379835
0.363505
0.347537
0.331946
0.316745
0.301945
0.287556
0.273585
0.260039
0.246922
0.234238
0.221989
0.210175
0.198796
0.187849
0.177331
0.167239
0.157568
0.14831
0.139461
0.131011
0.122954
0.115279
0.107978
0.10104
0.0944562
0.088215
0.0823057
0.0767174
0.0714387
0.0664582
0.0617647
0.0573466
0.0531925
0.0492912
0.0456314
0.0422022
0.0389925
0.0359918
0.0331896
0.0305757
0.0281402
0.0258734
0.0237659
0.0218088
0.0199934
0.0183112
0.0167541
0.0153145
0.0139849
0.0127583
0.0116279
0.0105873
0.00963048
0.00875154
0.00794506
0.00720586
0.00652905
0.00591004
0.00534449
0.00482834
0.00435779
0.00392925
0.0035394
0.00318511
0.00286349
0.00257184
0.00230763
0.00206855
0.00185242
0.00165726
0.00148122
0.00132258
0.00117977
0.00105136
0.000936017
0.000832511
0.000739728
0.000656644
0.000582322
0.000515909
0.000456624
0.000403757
0.000356662
0.000314754
0.000277498
0.000244413
0.000215063
0.000189052
0.000166026
0.000145661
0.00012767
0.000111791
9.77922e-05
8.54626e-05
7.46146e-05
6.508e-05
5.67084e-05
4.93655e-05
4.29314e-05
3.72994e-05
3.23747e-05
2.80727e-05
2.43186e-05
2.1046e-05
1.8196e-05
1.57166e-05
1.35618e-05
1.1691e-05
1.00685e-05
8.66261e-06
7.44579e-06
6.39365e-06
5.48482e-06
4.70059e-06
4.02456e-06
3.44239e-06
2.94155e-06
2.51114e-06
2.1416e-06
1.82467e-06
1.55312e-06
1.32069e-06
1.12195e-06
9.52189e-07
8.07324e-07
6.8383e-07
5.78661e-07
4.89189e-07
4.13147e-07
3.48585e-07
2.93824e-07
2.47425e-07
2.08149e-07
1.74937e-07
1.46881e-07
1.23204e-07
1.03243e-07
8.64313e-08
7.22866e-08
6.03977e-08
5.04149e-08
4.20411e-08
3.50239e-08
2.91494e-08
2.42366e-08
2.01322e-08
1.67065e-08
0.139189
0.148021
0.15726
0.166913
0.176985
0.187482
0.198408
0.209765
0.221556
0.233781
0.24644
0.259532
0.273051
0.286995
0.301356
0.316127
0.331298
0.346859
0.362795
0.379094
0.395738
0.41271
0.42999
0.447555
0.465384
0.48345
0.501728
0.520188
0.538801
0.557536
0.576359
0.595235
0.61413
0.633006
0.651825
0.670549
0.689138
0.70755
0.725745
0.743681
0.761317
0.778611
0.79552
0.812002
0.828018
0.843525
0.858483
0.872855
0.8866
0.899683
0.912068
0.923721
0.934609
0.944703
0.953974
0.962395
0.969943
0.976597
0.982336
0.987144
0.991007
0.993915
0.995858
0.996831
0.996831
0.995858
0.993915
0.991007
0.987144
0.982336
0.976597
0.969943
0.962395
0.953974
0.944703
0.934609
0.923721
0.912068
0.899683
0.8866
0.872855
0.858483
0.843525
0.828018
0.812002
0.79552
0.778611
0.761317
0.743681
0.725745
0.70755
0.689138
0.670549
0.651825
0.633006
0.61413
0.595235
0.576359
0.557536
0.538801
0.520188
0.501728
0.48345
0.465384
0.447555
0.42999
0.41271
0.395738
0.379094
0.362795
0.346859
0.331298
0.316127
0.301356
0.286995
0.273051
0.259532
0.24644
0.233781
0.221556
0.209765
0.198408
0.187482
0.176985
0.166913
0.15726
0.148021
0.139189
0.130756
0.122714
0.115054
0.107767
0.100843
0.0942719
0.0880429
0.0821451
0.0765677
0.0712993
0.0663286
0.0616441
0.0572347
0.0530887
0.049195
0.0455424
0.0421198
0.0389165
0.0359216
0.0331249
0.0305161
0.0280853
0.0258229
0.0237196
0.0217663
0.0199544
0.0182754
0.0167214
0.0152846
0.0139576
0.0127334
0.0116052
0.0105667
0.00961169
0.00873447
0.00792956
0.0071918
0.00651631
0.0058985
0.00533406
0.00481892
0.00434928
0.00392158
0.00353249
0.0031789
0.00285791
0.00256682
0.00230313
0.00206451
0.00184881
0.00165403
0.00147832
0.00132
0.00117747
0.00104931
0.000934191
0.000830886
0.000738284
0.000655362
0.000581186
0.000514902
0.000455733
0.000402969
0.000355967
0.000314139
0.000276956
0.000243936
0.000214643
0.000188684
0.000165702
0.000145377
0.000127421
0.000111573
9.76014e-05
8.52958e-05
7.44691e-05
6.49531e-05
5.65978e-05
4.92691e-05
4.28476e-05
3.72266e-05
3.23115e-05
2.80179e-05
2.42712e-05
2.1005e-05
1.81605e-05
1.5686e-05
1.35354e-05
1.16682e-05
1.00488e-05
8.64571e-06
7.43127e-06
6.38118e-06
5.47412e-06
4.69142e-06
4.0167e-06
3.43567e-06
2.93582e-06
2.50624e-06
2.13743e-06
1.82111e-06
1.55009e-06
1.31812e-06
1.11976e-06
9.50331e-07
8.05749e-07
6.82496e-07
5.77532e-07
4.88234e-07
4.12341e-07
3.47904e-07
2.93251e-07
2.46942e-07
2.07743e-07
1.74596e-07
1.46594e-07
1.22964e-07
1.03041e-07
8.62626e-08
7.21456e-08
6.02799e-08
5.03166e-08
4.1959e-08
3.49555e-08
2.90926e-08
2.41893e-08
2.00929e-08
1.66739e-08
0.138782
0.147588
0.1568
0.166425
0.176467
0.186934
0.197827
0.209151
0.220908
0.233097
0.24572
0.258772
0.272252
0.286155
0.300474
0.315202
0.330329
0.345844
0.361734
0.377985
0.394581
0.411503
0.428732
0.446246
0.464022
0.482036
0.50026
0.518667
0.537225
0.555905
0.574672
0.593494
0.612333
0.631154
0.649919
0.668588
0.687122
0.70548
0.723622
0.741506
0.75909
0.776333
0.793192
0.809627
0.825595
0.841057
0.855972
0.870301
0.884006
0.897051
0.9094
0.921018
0.931875
0.941939
0.951183
0.95958
0.967106
0.97374
0.979462
0.984256
0.988108
0.991007
0.992945
0.993915
0.993915
0.992945
0.991007
0.988108
0.984256
0.979462
0.97374
0.967106
0.95958
0.951183
0.941939
0.931875
0.921018
0.9094
0.897051
0.884006
0.870301
0.855972
0.841057
0.825595
0.809627
0.793192
0.776333
0.75909
0.741506
0.723622
0.70548
0.687122
0.668588
0.649919
0.631154
0.612333
0.593494
0.574672
0.555905
0.537225
0.518667
0.50026
0.482036
0.464022
0.446246
0.428732
0.411503
0.394581
0.377985
0.361734
0.345844
0.330329
0.315202
0.300474
0.286155
0.272252
0.258772
0.24572
0.233097
0.220908
0.209151
0.197827
0.186934
0.176467
0.166425
0.1568
0.147588
0.138782
0.130373
0.122355
0.114717
0.107452
0.100548
0.0939961
0.0877853
0.0819048
0.0763437
0.0710907
0.0661345
0.0614638
0.0570672
0.0529334
0.0490511
0.0454092
0.0419966
0.0388026
0.0358165
0.033028
0.0304268
0.0280031
0.0257473
0.0236502
0.0217026
0.019896
0.018222
0.0166725
0.0152399
0.0139168
0.0126962
0.0115713
0.0105358
0.00958357
0.00870891
0.00790636
0.00717076
0.00649725
0.00588125
0.00531846
0.00480482
0.00433656
0.00391011
0.00352216
0.0031696
0.00284955
0.00255931
0.00229639
0.00205847
0.0018434
0.00164919
0.001474
0.00131613
0.00117403
0.00104624
0.000931458
0.000828456
0.000736124
0.000653445
0.000579486
0.000513396
0.0004544
0.00040179
0.000354925
0.00031322
0.000276146
0.000243223
0.000214015
0.000188132
0.000165217
0.000144952
0.000127048
0.000111247
9.73158e-05
8.50463e-05
7.42512e-05
6.4763e-05
5.64322e-05
4.9125e-05
4.27222e-05
3.71177e-05
3.2217e-05
2.7936e-05
2.42002e-05
2.09435e-05
1.81074e-05
1.56401e-05
1.34958e-05
1.16341e-05
1.00194e-05
8.62042e-06
7.40953e-06
6.36251e-06
5.45811e-06
4.6777e-06
4.00495e-06
3.42562e-06
2.92723e-06
2.4989e-06
2.13117e-06
1.81578e-06
1.54556e-06
1.31426e-06
1.11649e-06
9.47551e-07
8.03391e-07
6.80499e-07
5.75843e-07
4.86806e-07
4.11134e-07
3.46887e-07
2.92393e-07
2.4622e-07
2.07136e-07
1.74085e-07
1.46166e-07
1.22604e-07
1.0274e-07
8.60103e-08
7.19345e-08
6.01035e-08
5.01694e-08
4.18363e-08
3.48533e-08
2.90075e-08
2.41186e-08
2.00341e-08
1.66251e-08
0.138241
0.147013
0.156189
0.165776
0.175779
0.186205
0.197056
0.208336
0.220047
0.232189
0.244762
0.257763
0.271191
0.28504
0.299303
0.313973
0.329041
0.344496
0.360324
0.376512
0.393042
0.409899
0.42706
0.444506
0.462213
0.480157
0.49831
0.516644
0.535131
0.553738
0.572432
0.59118
0.609946
0.628694
0.647385
0.665981
0.684443
0.70273
0.720801
0.738615
0.756131
0.773306
0.7901
0.806471
0.822377
0.837778
0.852635
0.866908
0.88056
0.893554
0.905854
0.917428
0.928242
0.938267
0.947475
0.955839
0.963336
0.969943
0.975643
0.980419
0.984256
0.987144
0.989074
0.99004
0.99004
0.989074
0.987144
0.984256
0.980419
0.975643
0.969943
0.963336
0.955839
0.947475
0.938267
0.928242
0.917428
0.905854
0.893554
0.88056
0.866908
0.852635
0.837778
0.822377
0.806471
0.7901
0.773306
0.756131
0.738615
0.720801
0.70273
0.684443
0.665981
0.647385
0.628694
0.609946
0.59118
0.572432
0.553738
0.535131
0.516644
0.49831
0.480157
0.462213
0.444506
0.42706
0.409899
0.393042
0.376512
0.360324
0.344496
0.329041
0.313973
0.299303
0.28504
0.271191
0.257763
0.244762
0.232189
0.220047
0.208336
0.197056
0.186205
0.175779
0.165776
0.156189
0.147013
0.138241
0.129865
0.121878
0.11427
0.107033
0.100156
0.0936296
0.087443
0.0815855
0.0760461
0.0708135
0.0658767
0.0612242
0.0568447
0.052727
0.0488599
0.0452321
0.0418329
0.0386513
0.0356769
0.0328992
0.0303082
0.0278939
0.025647
0.023558
0.021618
0.0198184
0.0181509
0.0166075
0.0151805
0.0138625
0.0126467
0.0115262
0.0104947
0.00954621
0.00867496
0.00787554
0.0071428
0.00647192
0.00585832
0.00529772
0.00478609
0.00431965
0.00389487
0.00350843
0.00315724
0.00283844
0.00254933
0.00228744
0.00205045
0.00183622
0.00164276
0.00146825
0.001311
0.00116945
0.00104216
0.000927826
0.000825226
0.000733255
0.000650898
0.000577227
0.000511395
0.000452628
0.000400224
0.000353541
0.000311999
0.00027507
0.000242274
0.000213181
0.000187398
0.000164573
0.000144386
0.000126552
0.000110813
9.69364e-05
8.47148e-05
7.39617e-05
6.45106e-05
5.62122e-05
4.89335e-05
4.25557e-05
3.6973e-05
3.20914e-05
2.78271e-05
2.41058e-05
2.08619e-05
1.80368e-05
1.55791e-05
1.34431e-05
1.15887e-05
9.98035e-06
8.58681e-06
7.38064e-06
6.3377e-06
5.43683e-06
4.65946e-06
3.98934e-06
3.41226e-06
2.91581e-06
2.48916e-06
2.12286e-06
1.8087e-06
1.53953e-06
1.30914e-06
1.11214e-06
9.43857e-07
8.00259e-07
6.77846e-07
5.73598e-07
4.84908e-07
4.09532e-07
3.45534e-07
2.91253e-07
2.4526e-07
2.06328e-07
1.73407e-07
1.45596e-07
1.22126e-07
1.02339e-07
8.5675e-08
7.16541e-08
5.98692e-08
4.99738e-08
4.16732e-08
3.47174e-08
2.88944e-08
2.40246e-08
1.9956e-08
1.65603e-08
0.137567
0.146297
0.155428
0.164968
0.174923
0.185298
0.196096
0.207321
0.218975
0.231058
0.243569
0.256508
0.26987
0.283651
0.297845
0.312444
0.327438
0.342818
0.358569
0.374678
0.391128
0.407902
0.42498
0.442341
0.459962
0.477818
0.495883
0.514128
0.532524
0.55104
0.569644
0.5883
0.606975
0.625631
0.644231
0.662737
0.681109
0.699307
0.71729
0.735017
0.752448
0.76954
0.786252
0.802542
0.818371
0.833697
0.848482
0.862686
0.876271
0.889201
0.901442
0.912959
0.923721
0.933697
0.94286
0.951183
0.958643
0.965219
0.970891
0.975643
0.979462
0.982336
0.984256
0.985218
0.985218
0.984256
0.982336
0.979462
0.975643
0.970891
0.965219
0.958643
0.951183
0.94286
0.933697
0.923721
0.912959
0.901442
0.889201
0.876271
0.862686
0.848482
0.833697
0.818371
0.802542
0.786252
0.76954
0.752448
0.735017
0.71729
0.699307
0.681109
0.662737
0.644231
0.625631
0.606975
0.5883
0.569644
0.55104
0.532524
0.514128
0.495883
0.477818
0.459962
0.442341
0.42498
0.407902
0.391128
0.374678
0.358569
0.342818
0.327438
0.312444
0.297845
0.283651
0.26987
0.256508
0.243569
0.231058
0.218975
0.207321
0.196096
0.185298
0.174923
0.164968
0.155428
0.146297
0.137567
0.129232
0.121284
0.113714
0.106512
0.0996682
0.0931736
0.0870171
0.0811881
0.0756757
0.0704686
0.0655558
0.060926
0.0565679
0.0524702
0.0486219
0.0450118
0.0416291
0.0384631
0.0355031
0.032739
0.0301605
0.0277581
0.025522
0.0234432
0.0215127
0.0197219
0.0180625
0.0165266
0.0151065
0.013795
0.0125851
0.01147
0.0104436
0.00949971
0.00863271
0.00783717
0.00710801
0.00644039
0.00582978
0.00527192
0.00476278
0.00429861
0.0038759
0.00349134
0.00314186
0.00282461
0.00253691
0.0022763
0.00204046
0.00182727
0.00163476
0.0014611
0.00130462
0.00116375
0.00103709
0.000923307
0.000821206
0.000729683
0.000647727
0.000574415
0.000508904
0.000450424
0.000398274
0.000351819
0.00031048
0.00027373
0.000241094
0.000212143
0.000186485
0.000163771
0.000143683
0.000125936
0.000110273
9.64643e-05
8.43021e-05
7.36015e-05
6.41963e-05
5.59384e-05
4.86951e-05
4.23484e-05
3.67929e-05
3.1935e-05
2.76915e-05
2.39884e-05
2.07602e-05
1.7949e-05
1.55032e-05
1.33777e-05
1.15323e-05
9.93173e-06
8.54498e-06
7.34469e-06
6.30683e-06
5.41035e-06
4.63676e-06
3.96991e-06
3.39564e-06
2.90161e-06
2.47704e-06
2.11252e-06
1.79989e-06
1.53203e-06
1.30276e-06
1.10672e-06
9.3926e-07
7.96361e-07
6.74544e-07
5.70804e-07
4.82546e-07
4.07537e-07
3.43851e-07
2.89835e-07
2.44065e-07
2.05323e-07
1.72562e-07
1.44887e-07
1.21531e-07
1.01841e-07
8.52577e-08
7.1305e-08
5.95776e-08
4.97304e-08
4.14702e-08
3.45483e-08
2.87536e-08
2.39075e-08
1.98588e-08
1.64796e-08
0.136764
0.145442
0.15452
0.164005
0.173901
0.184215
0.19495
0.20611
0.217695
0.229708
0.242146
0.255009
0.268293
0.281994
0.296105
0.310619
0.325526
0.340815
0.356474
0.372489
0.388843
0.405519
0.422497
0.439757
0.457275
0.475026
0.492986
0.511124
0.529413
0.547821
0.566316
0.584863
0.603429
0.621976
0.640468
0.658865
0.67713
0.695221
0.713099
0.730723
0.748052
0.765044
0.781658
0.797854
0.81359
0.828827
0.843525
0.857645
0.871151
0.884006
0.896175
0.907625
0.918324
0.928242
0.937351
0.945626
0.953043
0.95958
0.965219
0.969943
0.97374
0.976597
0.978506
0.979462
0.979462
0.978506
0.976597
0.97374
0.969943
0.965219
0.95958
0.953043
0.945626
0.937351
0.928242
0.918324
0.907625
0.896175
0.884006
0.871151
0.857645
0.843525
0.828827
0.81359
0.797854
0.781658
0.765044
0.748052
0.730723
0.713099
0.695221
0.67713
0.658865
0.640468
0.621976
0.603429
0.584863
0.566316
0.547821
0.529413
0.511124
0.492986
0.475026
0.457275
0.439757
0.422497
0.405519
0.388843
0.372489
0.356474
0.340815
0.325526
0.310619
0.296105
0.281994
0.268293
0.255009
0.242146
0.229708
0.217695
0.20611
0.19495
0.184215
0.173901
0.164005
0.15452
0.145442
0.136764
0.128477
0.120576
0.113049
0.105889
0.099086
0.0926292
0.0865087
0.0807138
0.0752335
0.0700569
0.0651728
0.06057
0.0562374
0.0521637
0.0483378
0.0447489
0.0413859
0.0382384
0.0352957
0.0325477
0.0299843
0.0275959
0.0253729
0.0233063
0.021387
0.0196067
0.017957
0.0164301
0.0150183
0.0137144
0.0125115
0.011403
0.0103826
0.00944421
0.00858227
0.00779139
0.00706648
0.00640276
0.00579572
0.00524112
0.00473495
0.0042735
0.00385325
0.00347094
0.00312351
0.00280811
0.00252209
0.002263
0.00202854
0.0018166
0.00162521
0.00145257
0.001297
0.00115696
0.00103103
0.000917913
0.000816409
0.00072542
0.000643943
0.000571059
0.00050593
0.000447792
0.000395948
0.000349764
0.000308666
0.000272131
0.000239686
0.000210903
0.000185396
0.000162814
0.000142844
0.0001252
0.000109629
9.59007e-05
8.38096e-05
7.31715e-05
6.38213e-05
5.56116e-05
4.84106e-05
4.2101e-05
3.6578e-05
3.17485e-05
2.75297e-05
2.38483e-05
2.0639e-05
1.78441e-05
1.54126e-05
1.32995e-05
1.14649e-05
9.87371e-06
8.49506e-06
7.30178e-06
6.26999e-06
5.37874e-06
4.60967e-06
3.94672e-06
3.3758e-06
2.88466e-06
2.46257e-06
2.10018e-06
1.78938e-06
1.52308e-06
1.29515e-06
1.10025e-06
9.33772e-07
7.91709e-07
6.70603e-07
5.67469e-07
4.79727e-07
4.05156e-07
3.41842e-07
2.88141e-07
2.42639e-07
2.04123e-07
1.71554e-07
1.4404e-07
1.20821e-07
1.01246e-07
8.47596e-08
7.08885e-08
5.92295e-08
4.94398e-08
4.12279e-08
3.43464e-08
2.85856e-08
2.37679e-08
1.97428e-08
1.63833e-08
0.135832
0.144451
0.153467
0.162887
0.172717
0.18296
0.193622
0.204706
0.216212
0.228143
0.240497
0.253272
0.266466
0.280073
0.294088
0.308502
0.323308
0.338493
0.354045
0.369951
0.386194
0.402756
0.419619
0.436761
0.45416
0.47179
0.489627
0.507642
0.525806
0.544089
0.562458
0.580879
0.599318
0.617739
0.636104
0.654377
0.672517
0.690485
0.708241
0.725745
0.742955
0.759832
0.776333
0.792418
0.808047
0.82318
0.837778
0.851803
0.865217
0.877984
0.89007
0.901442
0.912068
0.921918
0.930965
0.939184
0.94655
0.953043
0.958643
0.963336
0.967106
0.969943
0.97184
0.972789
0.972789
0.97184
0.969943
0.967106
0.963336
0.958643
0.953043
0.94655
0.939184
0.930965
0.921918
0.912068
0.901442
0.89007
0.877984
0.865217
0.851803
0.837778
0.82318
0.808047
0.792418
0.776333
0.759832
0.742955
0.725745
0.708241
0.690485
0.672517
0.654377
0.636104
0.617739
0.599318
0.580879
0.562458
0.544089
0.525806
0.507642
0.489627
0.47179
0.45416
0.436761
0.419619
0.402756
0.386194
0.369951
0.354045
0.338493
0.323308
0.308502
0.294088
0.280073
0.266466
0.253272
0.240497
0.228143
0.216212
0.204706
0.193622
0.18296
0.172717
0.162887
0.153467
0.144451
0.135832
0.127602
0.119754
0.112279
0.105168
0.0984109
0.0919982
0.0859194
0.0801639
0.074721
0.0695796
0.0647288
0.0601574
0.0558542
0.0518083
0.0480085
0.044444
0.041104
0.0379779
0.0350552
0.032326
0.0297801
0.0274079
0.0252001
0.0231475
0.0212413
0.0194731
0.0178347
0.0163181
0.014916
0.013621
0.0124263
0.0113253
0.0103118
0.00937987
0.0085238
0.00773831
0.00701834
0.00635915
0.00575624
0.00520541
0.0047027
0.00424439
0.003827
0.00344729
0.00310223
0.00278898
0.00250491
0.00224758
0.00201472
0.00180422
0.00161414
0.00144267
0.00128816
0.00114907
0.00102401
0.000911659
0.000810847
0.000720478
0.000639556
0.000567169
0.000502484
0.000444741
0.00039325
0.000347381
0.000306563
0.000270277
0.000238053
0.000209466
0.000184133
0.000161705
0.000141871
0.000124347
0.000108882
9.52474e-05
8.32386e-05
7.2673e-05
6.33865e-05
5.52327e-05
4.80808e-05
4.18142e-05
3.63288e-05
3.15322e-05
2.73422e-05
2.36858e-05
2.04984e-05
1.77225e-05
1.53076e-05
1.32089e-05
1.13868e-05
9.80645e-06
8.43719e-06
7.25203e-06
6.22727e-06
5.3421e-06
4.57827e-06
3.91983e-06
3.35281e-06
2.86501e-06
2.44579e-06
2.08587e-06
1.77719e-06
1.5127e-06
1.28633e-06
1.09276e-06
9.27411e-07
7.86315e-07
6.66035e-07
5.63603e-07
4.76459e-07
4.02396e-07
3.39514e-07
2.86178e-07
2.40986e-07
2.02733e-07
1.70385e-07
1.43059e-07
1.19998e-07
1.00556e-07
8.41821e-08
7.04055e-08
5.8826e-08
4.9103e-08
4.0947e-08
3.41124e-08
2.83909e-08
2.36059e-08
1.96083e-08
1.62717e-08
0.134775
0.143327
0.152273
0.16162
0.171372
0.181536
0.192116
0.203113
0.21453
0.226367
0.238625
0.251301
0.264392
0.277893
0.291799
0.306102
0.320792
0.335859
0.35129
0.367072
0.383188
0.399622
0.416353
0.433362
0.450625
0.468119
0.485817
0.503692
0.521715
0.539855
0.558081
0.576359
0.594654
0.612932
0.631154
0.649284
0.667283
0.685111
0.70273
0.720097
0.737174
0.753919
0.770291
0.786252
0.801759
0.816774
0.831259
0.845174
0.858483
0.871151
0.883143
0.894427
0.90497
0.914744
0.923721
0.931875
0.939184
0.945626
0.951183
0.955839
0.95958
0.962395
0.964277
0.965219
0.965219
0.964277
0.962395
0.95958
0.955839
0.951183
0.945626
0.939184
0.931875
0.923721
0.914744
0.90497
0.894427
0.883143
0.871151
0.858483
0.845174
0.831259
0.816774
0.801759
0.786252
0.770291
0.753919
0.737174
0.720097
0.70273
0.685111
0.667283
0.649284
0.631154
0.612932
0.594654
0.576359
0.558081
0.539855
0.521715
0.503692
0.485817
0.468119
0.450625
0.433362
0.416353
0.399622
0.383188
0.367072
0.35129
0.335859
0.320792
0.306102
0.291799
0.277893
0.264392
0.251301
0.238625
0.226367
0.21453
0.203113
0.192116
0.181536
0.171372
0.16162
0.152273
0.143327
0.134775
0.126609
0.118822
0.111405
0.104349
0.0976451
0.0912823
0.0852508
0.0795401
0.0741395
0.0690382
0.0642251
0.0596892
0.0554196
0.0514051
0.0476349
0.0440981
0.0407841
0.0376823
0.0347824
0.0320744
0.0295483
0.0271946
0.025004
0.0229673
0.021076
0.0193216
0.0176959
0.0161911
0.0147999
0.013515
0.0123296
0.0112372
0.0102316
0.00930687
0.00845747
0.00767809
0.00696372
0.00630966
0.00571145
0.0051649
0.0046661
0.00421136
0.00379722
0.00342047
0.00307809
0.00276727
0.00248542
0.00223009
0.00199904
0.00179018
0.00160158
0.00143144
0.00127813
0.00114013
0.00101604
0.000904565
0.000804537
0.000714871
0.000634579
0.000562755
0.000498573
0.00044128
0.00039019
0.000344678
0.000304177
0.000268173
0.0002362
0.000207836
0.0001827
0.000160447
0.000140766
0.00012338
0.000108035
9.45061e-05
8.25909e-05
7.21074e-05
6.28932e-05
5.48029e-05
4.77067e-05
4.14888e-05
3.60461e-05
3.12868e-05
2.71294e-05
2.35015e-05
2.03388e-05
1.75846e-05
1.51885e-05
1.31061e-05
1.12982e-05
9.73013e-06
8.37153e-06
7.1956e-06
6.17881e-06
5.30052e-06
4.54264e-06
3.88932e-06
3.32671e-06
2.84271e-06
2.42676e-06
2.06964e-06
1.76336e-06
1.50093e-06
1.27632e-06
1.08425e-06
9.20194e-07
7.80196e-07
6.60852e-07
5.59217e-07
4.72751e-07
3.99264e-07
3.36871e-07
2.83951e-07
2.39111e-07
2.01155e-07
1.69059e-07
1.41946e-07
1.19064e-07
9.97737e-08
8.3527e-08
6.98576e-08
5.83682e-08
4.87209e-08
4.06284e-08
3.3847e-08
2.817e-08
2.34222e-08
1.94557e-08
1.61451e-08
0.133595
0.142073
0.150941
0.160205
0.169873
0.179948
0.190434
0.201335
0.212653
0.224387
0.236537
0.249102
0.262078
0.275462
0.289246
0.303423
0.317985
0.33292
0.348216
0.36386
0.379835
0.396125
0.41271
0.42957
0.446682
0.464022
0.481566
0.499284
0.517149
0.535131
0.553197
0.571315
0.589451
0.607568
0.625631
0.643603
0.661444
0.679116
0.69658
0.713796
0.730723
0.747322
0.763551
0.779371
0.794743
0.809627
0.823985
0.837778
0.850971
0.863528
0.875416
0.8866
0.897051
0.906739
0.915637
0.923721
0.930965
0.937351
0.94286
0.947475
0.951183
0.953974
0.955839
0.956773
0.956773
0.955839
0.953974
0.951183
0.947475
0.94286
0.937351
0.930965
0.923721
0.915637
0.906739
0.897051
0.8866
0.875416
0.863528
0.850971
0.837778
0.823985
0.809627
0.794743
0.779371
0.763551
0.747322
0.730723
0.713796
0.69658
0.679116
0.661444
0.643603
0.625631
0.607568
0.589451
0.571315
0.553197
0.535131
0.517149
0.499284
0.481566
0.464022
0.446682
0.42957
0.41271
0.396125
0.379835
0.36386
0.348216
0.33292
0.317985
0.303423
0.289246
0.275462
0.262078
0.249102
0.236537
0.224387
0.212653
0.201335
0.190434
0.179948
0.169873
0.160205
0.150941
0.142073
0.133595
0.125501
0.117782
0.11043
0.103436
0.0967906
0.0904835
0.0845048
0.0788441
0.0734908
0.0684341
0.0636631
0.0591669
0.0549346
0.0509553
0.0472181
0.0437122
0.0404272
0.0373526
0.0344781
0.0317937
0.0292898
0.0269566
0.0247852
0.0227664
0.0208916
0.0191525
0.017541
0.0160495
0.0146704
0.0133967
0.0122217
0.0111389
0.0101421
0.00922543
0.00838346
0.0076109
0.00690279
0.00625444
0.00566147
0.00511971
0.00462527
0.0041745
0.00376399
0.00339053
0.00305115
0.00274306
0.00246367
0.00221058
0.00198155
0.00177451
0.00158756
0.00141892
0.00126695
0.00113016
0.00100715
0.000896649
0.000797496
0.000708616
0.000629026
0.000557831
0.000494211
0.000437419
0.000386776
0.000341662
0.000301515
0.000265827
0.000234133
0.000206018
0.000181101
0.000159043
0.000139535
0.0001223
0.000107089
9.36792e-05
8.18682e-05
7.14764e-05
6.23429e-05
5.43233e-05
4.72892e-05
4.11257e-05
3.57306e-05
3.1013e-05
2.6892e-05
2.32958e-05
2.01609e-05
1.74307e-05
1.50556e-05
1.29914e-05
1.11993e-05
9.64499e-06
8.29828e-06
7.13263e-06
6.12474e-06
5.25414e-06
4.50289e-06
3.85529e-06
3.2976e-06
2.81784e-06
2.40552e-06
2.05153e-06
1.74793e-06
1.4878e-06
1.26515e-06
1.07477e-06
9.12142e-07
7.73369e-07
6.55069e-07
5.54323e-07
4.68614e-07
3.9577e-07
3.33924e-07
2.81467e-07
2.37019e-07
1.99395e-07
1.6758e-07
1.40703e-07
1.18022e-07
9.89006e-08
8.27961e-08
6.92463e-08
5.78575e-08
4.82945e-08
4.02729e-08
3.35508e-08
2.79235e-08
2.32173e-08
1.92854e-08
1.60038e-08
0.132297
0.140692
0.149474
0.158648
0.168222
0.178199
0.188584
0.199379
0.210586
0.222206
0.234238
0.246681
0.259532
0.272785
0.286435
0.300474
0.314895
0.329685
0.344832
0.360324
0.376144
0.392275
0.408699
0.425395
0.442341
0.459513
0.476886
0.494432
0.512124
0.52993
0.547821
0.565763
0.583722
0.601664
0.619551
0.637348
0.655016
0.672517
0.689811
0.706859
0.723622
0.740059
0.756131
0.771797
0.78702
0.801759
0.815977
0.829637
0.842701
0.855137
0.866908
0.877984
0.888333
0.897927
0.906739
0.914744
0.921918
0.928242
0.933697
0.938267
0.941939
0.944703
0.94655
0.947475
0.947475
0.94655
0.944703
0.941939
0.938267
0.933697
0.928242
0.921918
0.914744
0.906739
0.897927
0.888333
0.877984
0.866908
0.855137
0.842701
0.829637
0.815977
0.801759
0.78702
0.771797
0.756131
0.740059
0.723622
0.706859
0.689811
0.672517
0.655016
0.637348
0.619551
0.601664
0.583722
0.565763
0.547821
0.52993
0.512124
0.494432
0.476886
0.459513
0.442341
0.425395
0.408699
0.392275
0.376144
0.360324
0.344832
0.329685
0.314895
0.300474
0.286435
0.272785
0.259532
0.246681
0.234238
0.222206
0.210586
0.199379
0.188584
0.178199
0.168222
0.158648
0.149474
0.140692
0.132297
0.124282
0.116638
0.109357
0.102431
0.09585
0.0896042
0.0836835
0.0780779
0.0727766
0.067769
0.0630444
0.0585919
0.0544008
0.0504601
0.0467592
0.0432874
0.0400343
0.0369896
0.034143
0.0314848
0.0290051
0.0266947
0.0245443
0.0225451
0.0206886
0.0189664
0.0173706
0.0158935
0.0145278
0.0132665
0.0121029
0.0110306
0.0100435
0.00913578
0.00830199
0.00753694
0.0068357
0.00619366
0.00560645
0.00506995
0.00458032
0.00413394
0.00372741
0.00335759
0.0030215
0.0027164
0.00243973
0.00218909
0.00196229
0.00175727
0.00157213
0.00140513
0.00125464
0.00111917
0.000997358
0.000887936
0.000789746
0.000701729
0.000622913
0.00055241
0.000489408
0.000433168
0.000383017
0.000338341
0.000298585
0.000263243
0.000231858
0.000204016
0.000179341
0.000157497
0.000138179
0.000121112
0.000106049
9.27688e-05
8.10726e-05
7.07818e-05
6.1737e-05
5.37954e-05
4.68296e-05
4.07261e-05
3.53834e-05
3.07116e-05
2.66307e-05
2.30694e-05
1.99649e-05
1.72613e-05
1.49093e-05
1.28652e-05
1.10905e-05
9.55126e-06
8.21763e-06
7.06332e-06
6.06522e-06
5.20308e-06
4.45913e-06
3.81782e-06
3.26556e-06
2.79045e-06
2.38214e-06
2.03159e-06
1.73094e-06
1.47334e-06
1.25285e-06
1.06432e-06
9.03277e-07
7.65853e-07
6.48703e-07
5.48936e-07
4.6406e-07
3.91924e-07
3.30679e-07
2.78731e-07
2.34715e-07
1.97457e-07
1.65951e-07
1.39336e-07
1.16875e-07
9.79395e-08
8.19915e-08
6.85734e-08
5.72952e-08
4.78252e-08
3.98815e-08
3.32248e-08
2.76521e-08
2.29916e-08
1.9098e-08
1.58483e-08
0.130884
0.139189
0.147877
0.156953
0.166425
0.176295
0.186569
0.197248
0.208336
0.219832
0.231736
0.244046
0.256759
0.26987
0.283374
0.297264
0.31153
0.326162
0.341148
0.356474
0.372125
0.388084
0.404333
0.42085
0.437615
0.454603
0.47179
0.489149
0.506652
0.524268
0.541968
0.559718
0.577485
0.595235
0.612932
0.630538
0.648017
0.665331
0.68244
0.699307
0.71589
0.732152
0.748052
0.763551
0.778611
0.793192
0.807259
0.820772
0.833697
0.846
0.857645
0.868603
0.878842
0.888333
0.897051
0.90497
0.912068
0.918324
0.923721
0.928242
0.931875
0.934609
0.936436
0.937351
0.937351
0.936436
0.934609
0.931875
0.928242
0.923721
0.918324
0.912068
0.90497
0.897051
0.888333
0.878842
0.868603
0.857645
0.846
0.833697
0.820772
0.807259
0.793192
0.778611
0.763551
0.748052
0.732152
0.71589
0.699307
0.68244
0.665331
0.648017
0.630538
0.612932
0.595235
0.577485
0.559718
0.541968
0.524268
0.506652
0.489149
0.47179
0.454603
0.437615
0.42085
0.404333
0.388084
0.372125
0.356474
0.341148
0.326162
0.31153
0.297264
0.283374
0.26987
0.256759
0.244046
0.231736
0.219832
0.208336
0.197248
0.186569
0.176295
0.166425
0.156953
0.147877
0.139189
0.130884
0.122954
0.115392
0.108189
0.101337
0.0948259
0.0886468
0.0827894
0.0772436
0.071999
0.0670449
0.0623708
0.0579659
0.0538195
0.049921
0.0462596
0.0428249
0.0396066
0.0365944
0.0337782
0.0311483
0.0286952
0.0264095
0.0242821
0.0223042
0.0204675
0.0187637
0.017185
0.0157237
0.0143726
0.0131248
0.0119736
0.0109128
0.00993618
0.00903817
0.00821329
0.00745641
0.00676267
0.00612749
0.00554654
0.00501578
0.00453138
0.00408977
0.00368759
0.00332171
0.00298922
0.00268738
0.00241366
0.0021657
0.00194132
0.00173849
0.00155533
0.00139011
0.00124123
0.00110721
0.000986702
0.000878448
0.000781308
0.000694232
0.000616257
0.000546507
0.000484179
0.00042854
0.000378924
0.000334726
0.000295395
0.000260431
0.000229381
0.000201836
0.000177425
0.000155814
0.000136702
0.000119817
0.000104916
9.17776e-05
8.02063e-05
7.00255e-05
6.10774e-05
5.32206e-05
4.63293e-05
4.02909e-05
3.50053e-05
3.03835e-05
2.63461e-05
2.28229e-05
1.97516e-05
1.70769e-05
1.475e-05
1.27277e-05
1.0972e-05
9.4492e-06
8.12983e-06
6.98785e-06
6.00042e-06
5.14749e-06
4.41149e-06
3.77703e-06
3.23067e-06
2.76064e-06
2.35669e-06
2.00989e-06
1.71245e-06
1.4576e-06
1.23947e-06
1.05295e-06
8.93626e-07
7.5767e-07
6.41772e-07
5.43071e-07
4.59102e-07
3.87737e-07
3.27145e-07
2.75753e-07
2.32207e-07
1.95347e-07
1.64178e-07
1.37847e-07
1.15627e-07
9.6893e-08
8.11154e-08
6.78407e-08
5.6683e-08
4.73142e-08
3.94554e-08
3.28698e-08
2.73566e-08
2.2746e-08
1.8894e-08
1.56789e-08
0.129359
0.137567
0.146154
0.155125
0.164486
0.174241
0.184395
0.19495
0.205909
0.217271
0.229036
0.241202
0.253767
0.266726
0.280073
0.293801
0.307901
0.322362
0.337173
0.352321
0.36779
0.383563
0.399622
0.415947
0.432517
0.449307
0.466294
0.48345
0.500749
0.51816
0.535654
0.553197
0.570757
0.5883
0.605791
0.623192
0.640468
0.65758
0.67449
0.691159
0.70755
0.723622
0.739337
0.754655
0.76954
0.783951
0.797854
0.81121
0.823985
0.836143
0.847654
0.858483
0.868603
0.877984
0.8866
0.894427
0.901442
0.907625
0.912959
0.917428
0.921018
0.923721
0.925526
0.926431
0.926431
0.925526
0.923721
0.921018
0.917428
0.912959
0.907625
0.901442
0.894427
0.8866
0.877984
0.868603
0.858483
0.847654
0.836143
0.823985
0.81121
0.797854
0.783951
0.76954
0.754655
0.739337
0.723622
0.70755
0.691159
0.67449
0.65758
0.640468
0.623192
0.605791
0.5883
0.570757
0.553197
0.535654
0.51816
0.500749
0.48345
0.466294
0.449307
0.432517
0.415947
0.399622
0.383563
0.36779
0.352321
0.337173
0.322362
0.307901
0.293801
0.280073
0.266726
0.253767
0.241202
0.229036
0.217271
0.205909
0.19495
0.184395
0.174241
0.164486
0.155125
0.146154
0.137567
0.129359
0.121521
0.114047
0.106928
0.100156
0.0937211
0.087614
0.0818249
0.0763437
0.0711602
0.0662638
0.0616441
0.0572906
0.0531925
0.0493394
0.0457207
0.042326
0.0391452
0.036168
0.0333847
0.0307855
0.0283609
0.0261018
0.0239992
0.0220444
0.0202291
0.0185451
0.0169847
0.0155405
0.0142052
0.0129719
0.0118341
0.0107856
0.00982042
0.00893287
0.0081176
0.00736954
0.00668388
0.0060561
0.00548193
0.00495735
0.00447859
0.00404212
0.00364462
0.00328301
0.00295439
0.00265607
0.00238554
0.00214047
0.00191871
0.00171824
0.00153721
0.00137392
0.00122677
0.00109431
0.000975206
0.000868214
0.000772206
0.000686143
0.000609078
0.00054014
0.000478538
0.000423547
0.00037451
0.000330827
0.000291953
0.000257397
0.000226708
0.000199484
0.000175358
0.000153999
0.00013511
0.000118422
0.000103693
9.07083e-05
7.92719e-05
6.92097e-05
6.03658e-05
5.26006e-05
4.57895e-05
3.98215e-05
3.45975e-05
3.00295e-05
2.60392e-05
2.25571e-05
1.95215e-05
1.6878e-05
1.45782e-05
1.25794e-05
1.08442e-05
9.33912e-06
8.03511e-06
6.90644e-06
5.93051e-06
5.08752e-06
4.36009e-06
3.73303e-06
3.19303e-06
2.72848e-06
2.32923e-06
1.98647e-06
1.6925e-06
1.44062e-06
1.22503e-06
1.04068e-06
8.83215e-07
7.48843e-07
6.34295e-07
5.36744e-07
4.53753e-07
3.83219e-07
3.23334e-07
2.72541e-07
2.29502e-07
1.93072e-07
1.62265e-07
1.36241e-07
1.14279e-07
9.57642e-08
8.01704e-08
6.70503e-08
5.60226e-08
4.6763e-08
3.89957e-08
3.24868e-08
2.70379e-08
2.2481e-08
1.86738e-08
1.54963e-08
0.127727
0.135832
0.14431
0.153168
0.162411
0.172043
0.182069
0.192491
0.203311
0.21453
0.226146
0.23816
0.250566
0.263361
0.27654
0.290094
0.304016
0.318295
0.33292
0.347876
0.36315
0.378724
0.394581
0.4107
0.42706
0.443639
0.460411
0.477352
0.494432
0.511624
0.528896
0.546218
0.563557
0.580879
0.598149
0.615331
0.632388
0.649284
0.665981
0.68244
0.698624
0.714493
0.73001
0.745135
0.759832
0.774062
0.787789
0.800976
0.81359
0.825595
0.83696
0.847654
0.857645
0.866908
0.875416
0.883143
0.89007
0.896175
0.901442
0.905854
0.9094
0.912068
0.913851
0.914744
0.914744
0.913851
0.912068
0.9094
0.905854
0.901442
0.896175
0.89007
0.883143
0.875416
0.866908
0.857645
0.847654
0.83696
0.825595
0.81359
0.800976
0.787789
0.774062
0.759832
0.745135
0.73001
0.714493
0.698624
0.68244
0.665981
0.649284
0.632388
0.615331
0.598149
0.580879
0.563557
0.546218
0.528896
0.511624
0.494432
0.477352
0.460411
0.443639
0.42706
0.4107
0.394581
0.378724
0.36315
0.347876
0.33292
0.318295
0.304016
0.290094
0.27654
0.263361
0.250566
0.23816
0.226146
0.21453
0.203311
0.192491
0.182069
0.172043
0.162411
0.153168
0.14431
0.135832
0.127727
0.119988
0.112609
0.10558
0.0988926
0.0925388
0.0865087
0.0807927
0.0753806
0.0702625
0.0654279
0.0608665
0.0565679
0.0525215
0.0487169
0.0451439
0.0417921
0.0386513
0.0357118
0.0329635
0.0303971
0.0280031
0.0257725
0.0236964
0.0217663
0.0199739
0.0183112
0.0167705
0.0153444
0.014026
0.0128082
0.0116848
0.0106496
0.00969654
0.00882018
0.0080152
0.00727657
0.00659956
0.0059797
0.00541277
0.00489481
0.00442209
0.00399113
0.00359865
0.0032416
0.00291712
0.00262256
0.00235545
0.00211347
0.0018945
0.00169656
0.00151782
0.00135659
0.0012113
0.00108051
0.000962904
0.000857261
0.000762464
0.000677488
0.000601394
0.000533326
0.000472501
0.000418204
0.000369785
0.000326653
0.00028827
0.000254149
0.000223849
0.000196968
0.000173146
0.000152056
0.000133405
0.000116928
0.000102385
8.9564e-05
7.82719e-05
6.83366e-05
5.96043e-05
5.1937e-05
4.52119e-05
3.93192e-05
3.41611e-05
2.96507e-05
2.57107e-05
2.22725e-05
1.92752e-05
1.6665e-05
1.43943e-05
1.24207e-05
1.07074e-05
9.2213e-06
7.93375e-06
6.81931e-06
5.8557e-06
5.02334e-06
4.30509e-06
3.68594e-06
3.15275e-06
2.69406e-06
2.29985e-06
1.96141e-06
1.67114e-06
1.42244e-06
1.20957e-06
1.02755e-06
8.72073e-07
7.39396e-07
6.26293e-07
5.29973e-07
4.48029e-07
3.78385e-07
3.19255e-07
2.69102e-07
2.26607e-07
1.90636e-07
1.60218e-07
1.34523e-07
1.12838e-07
9.45561e-08
7.91591e-08
6.62045e-08
5.53159e-08
4.61731e-08
3.85038e-08
3.2077e-08
2.66968e-08
2.21974e-08
1.84383e-08
1.53008e-08
0.125992
0.133987
0.142351
0.151088
0.160205
0.169707
0.179597
0.189877
0.20055
0.211617
0.223076
0.234926
0.247164
0.259785
0.272785
0.286155
0.299888
0.313973
0.328399
0.343153
0.358219
0.373581
0.389223
0.405123
0.421261
0.437615
0.45416
0.47087
0.487718
0.504676
0.521715
0.538801
0.555905
0.572991
0.590026
0.606975
0.623801
0.640468
0.656938
0.673174
0.689138
0.704791
0.720097
0.735017
0.749514
0.763551
0.777091
0.7901
0.802542
0.814385
0.825595
0.836143
0.846
0.855137
0.863528
0.871151
0.877984
0.884006
0.889201
0.893554
0.897051
0.899683
0.901442
0.902323
0.902323
0.901442
0.899683
0.897051
0.893554
0.889201
0.884006
0.877984
0.871151
0.863528
0.855137
0.846
0.836143
0.825595
0.814385
0.802542
0.7901
0.777091
0.763551
0.749514
0.735017
0.720097
0.704791
0.689138
0.673174
0.656938
0.640468
0.623801
0.606975
0.590026
0.572991
0.555905
0.538801
0.521715
0.504676
0.487718
0.47087
0.45416
0.437615
0.421261
0.405123
0.389223
0.373581
0.358219
0.343153
0.328399
0.313973
0.299888
0.286155
0.272785
0.259785
0.247164
0.234926
0.223076
0.211617
0.20055
0.189877
0.179597
0.169707
0.160205
0.151088
0.142351
0.133987
0.125992
0.118359
0.111079
0.104146
0.0975498
0.0912823
0.0853341
0.0796956
0.074357
0.0693084
0.0645395
0.06004
0.0557997
0.0518083
0.0480554
0.0445309
0.0412246
0.0381265
0.0352268
0.0325159
0.0299843
0.0276229
0.0254225
0.0233746
0.0214707
0.0197027
0.0180625
0.0165428
0.0151361
0.0138355
0.0126343
0.0115262
0.010505
0.00956487
0.00870041
0.00790636
0.00717776
0.00650995
0.0058985
0.00533927
0.00482834
0.00436204
0.00393693
0.00354978
0.00319758
0.00287751
0.00258695
0.00232346
0.00208477
0.00186878
0.00167353
0.00149721
0.00133817
0.00119485
0.00106584
0.000949829
0.000845621
0.000752111
0.000668288
0.000593228
0.000526084
0.000466085
0.000412525
0.000364764
0.000322218
0.000284356
0.000250698
0.000220809
0.000194293
0.000170795
0.000149992
0.000131594
0.00011534
0.000100995
8.83479e-05
7.7209e-05
6.74087e-05
5.87949e-05
5.12318e-05
4.4598e-05
3.87852e-05
3.36972e-05
2.92481e-05
2.53616e-05
2.19701e-05
1.90135e-05
1.64388e-05
1.41988e-05
1.22521e-05
1.0562e-05
9.09609e-06
7.82602e-06
6.72671e-06
5.77618e-06
4.95513e-06
4.24663e-06
3.63588e-06
3.10994e-06
2.65747e-06
2.26862e-06
1.93478e-06
1.64845e-06
1.40313e-06
1.19315e-06
1.0136e-06
8.60231e-07
7.29356e-07
6.17789e-07
5.22777e-07
4.41945e-07
3.73247e-07
3.1492e-07
2.65448e-07
2.2353e-07
1.88047e-07
1.58043e-07
1.32696e-07
1.11306e-07
9.32722e-08
7.80842e-08
6.53055e-08
5.45648e-08
4.55461e-08
3.79809e-08
3.16414e-08
2.63343e-08
2.1896e-08
1.81879e-08
1.5093e-08
0.12416
0.132039
0.14028
0.148891
0.157876
0.167239
0.176985
0.187116
0.197634
0.208539
0.219832
0.231509
0.243569
0.256007
0.268818
0.281994
0.295527
0.309408
0.323624
0.338163
0.35301
0.368149
0.383563
0.399232
0.415135
0.431251
0.447555
0.464022
0.480626
0.497338
0.514128
0.530966
0.547821
0.564659
0.581446
0.598149
0.61473
0.631154
0.647385
0.663385
0.679116
0.694542
0.709626
0.724329
0.738615
0.752448
0.765791
0.778611
0.790872
0.802542
0.81359
0.823985
0.833697
0.842701
0.850971
0.858483
0.865217
0.871151
0.876271
0.88056
0.884006
0.8866
0.888333
0.889201
0.889201
0.888333
0.8866
0.884006
0.88056
0.876271
0.871151
0.865217
0.858483
0.850971
0.842701
0.833697
0.823985
0.81359
0.802542
0.790872
0.778611
0.765791
0.752448
0.738615
0.724329
0.709626
0.694542
0.679116
0.663385
0.647385
0.631154
0.61473
0.598149
0.581446
0.564659
0.547821
0.530966
0.514128
0.497338
0.480626
0.464022
0.447555
0.431251
0.415135
0.399232
0.383563
0.368149
0.35301
0.338163
0.323624
0.309408
0.295527
0.281994
0.268818
0.256007
0.243569
0.231509
0.219832
0.208539
0.197634
0.187116
0.176985
0.167239
0.157876
0.148891
0.14028
0.132039
0.12416
0.116638
0.109464
0.102631
0.0961312
0.0899549
0.0840932
0.0785367
0.0732758
0.0683005
0.0636009
0.0591669
0.0549883
0.0510549
0.0473566
0.0438833
0.0406251
0.0375721
0.0347146
0.0320431
0.0295483
0.0272212
0.0250529
0.0230347
0.0211585
0.0194161
0.0177999
0.0163022
0.014916
0.0136343
0.0124506
0.0113586
0.0103522
0.00942578
0.00857389
0.00779139
0.00707339
0.00641528
0.00581273
0.00526163
0.00475813
0.00429861
0.00387968
0.00349816
0.00315108
0.00283567
0.00254933
0.00228967
0.00205446
0.0018416
0.00164919
0.00147544
0.00131871
0.00117747
0.00105034
0.000936017
0.000833324
0.000741174
0.00065857
0.000584602
0.000518434
0.000459307
0.000406527
0.00035946
0.000317532
0.000280221
0.000247053
0.000217598
0.000191468
0.000168311
0.00014781
0.00012968
0.000113663
9.95264e-05
8.70631e-05
7.60863e-05
6.64285e-05
5.79399e-05
5.04868e-05
4.39494e-05
3.82212e-05
3.32072e-05
2.88227e-05
2.49928e-05
2.16506e-05
1.8737e-05
1.61997e-05
1.39923e-05
1.20739e-05
1.04084e-05
8.96382e-06
7.71222e-06
6.6289e-06
5.69219e-06
4.88307e-06
4.18488e-06
3.58301e-06
3.06471e-06
2.61883e-06
2.23563e-06
1.90664e-06
1.62448e-06
1.38272e-06
1.1758e-06
9.98861e-07
8.47722e-07
7.1875e-07
6.08805e-07
5.15175e-07
4.35519e-07
3.67819e-07
3.10341e-07
2.61588e-07
2.20279e-07
1.85313e-07
1.55745e-07
1.30766e-07
1.09687e-07
9.19158e-08
7.69487e-08
6.43559e-08
5.37713e-08
4.48838e-08
3.74286e-08
3.11813e-08
2.59514e-08
2.15776e-08
1.79234e-08
1.48735e-08
0.122235
0.129992
0.138106
0.146583
0.155428
0.164646
0.174241
0.184215
0.19457
0.205306
0.216424
0.22792
0.239793
0.252038
0.26465
0.277622
0.290946
0.304611
0.318606
0.33292
0.347537
0.362441
0.377616
0.393042
0.408699
0.424565
0.440617
0.456828
0.473175
0.489627
0.506157
0.522734
0.539328
0.555905
0.572432
0.588875
0.605199
0.621369
0.637348
0.6531
0.668588
0.683775
0.698624
0.713099
0.727164
0.740782
0.753919
0.766539
0.778611
0.7901
0.800976
0.81121
0.820772
0.829637
0.837778
0.845174
0.851803
0.857645
0.862686
0.866908
0.870301
0.872855
0.874561
0.875416
0.875416
0.874561
0.872855
0.870301
0.866908
0.862686
0.857645
0.851803
0.845174
0.837778
0.829637
0.820772
0.81121
0.800976
0.7901
0.778611
0.766539
0.753919
0.740782
0.727164
0.713099
0.698624
0.683775
0.668588
0.6531
0.637348
0.621369
0.605199
0.588875
0.572432
0.555905
0.539328
0.522734
0.506157
0.489627
0.473175
0.456828
0.440617
0.424565
0.408699
0.393042
0.377616
0.362441
0.347537
0.33292
0.318606
0.304611
0.290946
0.277622
0.26465
0.252038
0.239793
0.22792
0.216424
0.205306
0.19457
0.184215
0.174241
0.164646
0.155428
0.146583
0.138106
0.129992
0.122235
0.11483
0.107767
0.10104
0.0946409
0.0885602
0.0827894
0.0773191
0.0721397
0.0672416
0.0626149
0.0582496
0.0541358
0.0502634
0.0466224
0.043203
0.0399953
0.0369896
0.0341764
0.0315463
0.0290902
0.0267992
0.0246644
0.0226776
0.0208305
0.0191151
0.0175239
0.0160495
0.0146847
0.0134229
0.0122576
0.0111825
0.0101917
0.00927965
0.00844097
0.00767059
0.00696372
0.00631582
0.00572261
0.00518006
0.00468436
0.00423197
0.00381953
0.00344393
0.00310223
0.0027917
0.00250981
0.00225418
0.0020226
0.00181305
0.00162362
0.00145257
0.00129826
0.00115922
0.00103405
0.000921505
0.000820405
0.000729683
0.00064836
0.000575538
0.000510397
0.000452186
0.000400224
0.000353887
0.000312609
0.000275877
0.000243223
0.000214224
0.000188499
0.000165702
0.000145519
0.00012767
0.000111901
9.79834e-05
8.57134e-05
7.49067e-05
6.53986e-05
5.70417e-05
4.97041e-05
4.32681e-05
3.76287e-05
3.26924e-05
2.83759e-05
2.46053e-05
2.13149e-05
1.84465e-05
1.59486e-05
1.37754e-05
1.18867e-05
1.0247e-05
8.82485e-06
7.59265e-06
6.52612e-06
5.60394e-06
4.80737e-06
4.12e-06
3.52746e-06
3.0172e-06
2.57823e-06
2.20097e-06
1.87708e-06
1.5993e-06
1.36129e-06
1.15757e-06
9.83375e-07
8.34579e-07
7.07607e-07
5.99366e-07
5.07188e-07
4.28766e-07
3.62117e-07
3.05529e-07
2.57533e-07
2.16864e-07
1.8244e-07
1.5333e-07
1.28739e-07
1.07986e-07
9.04908e-08
7.57557e-08
6.33581e-08
5.29377e-08
4.41879e-08
3.68483e-08
3.06979e-08
2.5549e-08
2.1243e-08
1.76455e-08
1.4643e-08
0.120223
0.127852
0.135832
0.144169
0.152869
0.161936
0.171372
0.181182
0.191367
0.201926
0.21286
0.224168
0.235845
0.247889
0.260293
0.273051
0.286155
0.299595
0.313361
0.327438
0.341815
0.356474
0.371399
0.386571
0.40197
0.417575
0.433362
0.449307
0.465384
0.481566
0.497823
0.514128
0.530448
0.546752
0.563007
0.57918
0.595235
0.611139
0.626854
0.642347
0.65758
0.672517
0.687122
0.701358
0.715191
0.728585
0.741506
0.753919
0.765791
0.777091
0.787789
0.797854
0.807259
0.815977
0.823985
0.831259
0.837778
0.843525
0.848482
0.852635
0.855972
0.858483
0.860162
0.861002
0.861002
0.860162
0.858483
0.855972
0.852635
0.848482
0.843525
0.837778
0.831259
0.823985
0.815977
0.807259
0.797854
0.787789
0.777091
0.765791
0.753919
0.741506
0.728585
0.715191
0.701358
0.687122
0.672517
0.65758
0.642347
0.626854
0.611139
0.595235
0.57918
0.563007
0.546752
0.530448
0.514128
0.497823
0.481566
0.465384
0.449307
0.433362
0.417575
0.40197
0.386571
0.371399
0.356474
0.341815
0.327438
0.313361
0.299595
0.286155
0.273051
0.260293
0.247889
0.235845
0.224168
0.21286
0.201926
0.191367
0.181182
0.171372
0.161936
0.152869
0.144169
0.135832
0.127852
0.120223
0.112939
0.105993
0.0993767
0.0930826
0.0871021
0.0814263
0.0760461
0.070952
0.0661345
0.061584
0.0572906
0.0532445
0.0494358
0.0458548
0.0424917
0.0393368
0.0363806
0.0336137
0.0310269
0.0286113
0.0263579
0.0242584
0.0223042
0.0204875
0.0188004
0.0172354
0.0157852
0.014443
0.0132019
0.0120558
0.0109984
0.0100239
0.00912686
0.00830199
0.0075443
0.00684907
0.00621184
0.00562839
0.00509477
0.00460724
0.00416229
0.00375665
0.00338723
0.00305115
0.00274574
0.00246849
0.00221706
0.0019893
0.0017832
0.00159689
0.00142865
0.00127689
0.00114013
0.00101703
0.000906333
0.000806897
0.000717669
0.000637685
0.000566062
0.000501993
0.000444741
0.000393634
0.00034806
0.000307462
0.000271334
0.000239218
0.000210697
0.000185396
0.000162973
0.000143123
0.000125568
0.000110058
9.63701e-05
8.43021e-05
7.36734e-05
6.43218e-05
5.61025e-05
4.88857e-05
4.25557e-05
3.70091e-05
3.21541e-05
2.79087e-05
2.42002e-05
2.0964e-05
1.81428e-05
1.5686e-05
1.35486e-05
1.1691e-05
1.00783e-05
8.67955e-06
7.46764e-06
6.41868e-06
5.51167e-06
4.72821e-06
4.05216e-06
3.46939e-06
2.96752e-06
2.53578e-06
2.16473e-06
1.84618e-06
1.57296e-06
1.33887e-06
1.13851e-06
9.67184e-07
8.20839e-07
6.95957e-07
5.89498e-07
4.98837e-07
4.21707e-07
3.56155e-07
3.00499e-07
2.53293e-07
2.13294e-07
1.79436e-07
1.50805e-07
1.26619e-07
1.06209e-07
8.90009e-08
7.45084e-08
6.2315e-08
5.20661e-08
4.34604e-08
3.62417e-08
3.01925e-08
2.51284e-08
2.08933e-08
1.7355e-08
1.44019e-08
0.118128
0.125624
0.133465
0.141657
0.150205
0.159114
0.168386
0.178025
0.188032
0.198408
0.209151
0.220262
0.231736
0.243569
0.255758
0.268293
0.281169
0.294375
0.307901
0.321733
0.335859
0.350263
0.364927
0.379835
0.394966
0.410299
0.425811
0.441478
0.457275
0.473175
0.489149
0.505169
0.521205
0.537225
0.553197
0.569088
0.584863
0.60049
0.615932
0.631154
0.646122
0.660798
0.675149
0.689138
0.70273
0.71589
0.728585
0.740782
0.752448
0.763551
0.774062
0.783951
0.793192
0.801759
0.809627
0.816774
0.82318
0.828827
0.833697
0.837778
0.841057
0.843525
0.845174
0.846
0.846
0.845174
0.843525
0.841057
0.837778
0.833697
0.828827
0.82318
0.816774
0.809627
0.801759
0.793192
0.783951
0.774062
0.763551
0.752448
0.740782
0.728585
0.71589
0.70273
0.689138
0.675149
0.660798
0.646122
0.631154
0.615932
0.60049
0.584863
0.569088
0.553197
0.537225
0.521205
0.505169
0.489149
0.473175
0.457275
0.441478
0.425811
0.410299
0.394966
0.379835
0.364927
0.350263
0.335859
0.321733
0.307901
0.294375
0.281169
0.268293
0.255758
0.243569
0.231736
0.220262
0.209151
0.198408
0.188032
0.178025
0.168386
0.159114
0.150205
0.141657
0.133465
0.125624
0.118128
0.110971
0.104146
0.0976451
0.0914607
0.0855844
0.0800075
0.074721
0.0697157
0.0649822
0.0605109
0.0562923
0.0523167
0.0485744
0.0450558
0.0417513
0.0386513
0.0357466
0.033028
0.0304863
0.0281127
0.0258986
0.0238357
0.0219156
0.0201305
0.0184728
0.0169351
0.0155102
0.0141913
0.0129719
0.0118457
0.0108067
0.00984924
0.00896783
0.00815733
0.00741284
0.00672973
0.0061036
0.00553032
0.00500599
0.00452696
0.00408977
0.00369119
0.0033282
0.00299799
0.0026979
0.00242547
0.00217843
0.00195464
0.00175213
0.00156906
0.00140376
0.00125464
0.00112027
0.000999308
0.000890541
0.000792837
0.000705164
0.000626574
0.000556199
0.000493246
0.000436992
0.000386776
0.000341996
0.000302105
0.000266607
0.00023505
0.000207026
0.000182165
0.000160134
0.000140629
0.00012338
0.00010814
9.46909e-05
8.28332e-05
7.23896e-05
6.32011e-05
5.51249e-05
4.80339e-05
4.18142e-05
3.63643e-05
3.15938e-05
2.74224e-05
2.37785e-05
2.05987e-05
1.78267e-05
1.54126e-05
1.33125e-05
1.14873e-05
9.90268e-06
8.52831e-06
7.33752e-06
6.30683e-06
5.41563e-06
4.64583e-06
3.98156e-06
3.40893e-06
2.91581e-06
2.49159e-06
2.12701e-06
1.81401e-06
1.54556e-06
1.31554e-06
1.11867e-06
9.50331e-07
8.06536e-07
6.8383e-07
5.79226e-07
4.90145e-07
4.14359e-07
3.49949e-07
2.95263e-07
2.48879e-07
2.09577e-07
1.76309e-07
1.48178e-07
1.24413e-07
1.04358e-07
8.74501e-08
7.32102e-08
6.12291e-08
5.11589e-08
4.27031e-08
3.56102e-08
2.96664e-08
2.46905e-08
2.05292e-08
1.70526e-08
1.41509e-08
0.115956
0.123314
0.131011
0.139053
0.147444
0.156189
0.165291
0.174752
0.184575
0.19476
0.205306
0.216212
0.227475
0.239092
0.251056
0.263361
0.276
0.288963
0.30224
0.315818
0.329685
0.343823
0.358219
0.372853
0.387705
0.402756
0.417983
0.433362
0.448868
0.464476
0.480157
0.495883
0.511624
0.527349
0.543027
0.558626
0.574112
0.589451
0.604609
0.619551
0.634244
0.64865
0.662737
0.676469
0.689811
0.70273
0.715191
0.727164
0.738615
0.749514
0.759832
0.76954
0.778611
0.78702
0.794743
0.801759
0.808047
0.81359
0.818371
0.822377
0.825595
0.828018
0.829637
0.830447
0.830447
0.829637
0.828018
0.825595
0.822377
0.818371
0.81359
0.808047
0.801759
0.794743
0.78702
0.778611
0.76954
0.759832
0.749514
0.738615
0.727164
0.715191
0.70273
0.689811
0.676469
0.662737
0.64865
0.634244
0.619551
0.604609
0.589451
0.574112
0.558626
0.543027
0.527349
0.511624
0.495883
0.480157
0.464476
0.448868
0.433362
0.417983
0.402756
0.387705
0.372853
0.358219
0.343823
0.329685
0.315818
0.30224
0.288963
0.276
0.263361
0.251056
0.239092
0.227475
0.216212
0.205306
0.19476
0.184575
0.174752
0.165291
0.156189
0.147444
0.139053
0.131011
0.123314
0.115956
0.108931
0.102231
0.09585
0.0897793
0.0840111
0.0785367
0.0733474
0.0684341
0.0637875
0.0593985
0.0552575
0.0513549
0.0476814
0.0442275
0.0409837
0.0379408
0.0350895
0.0324208
0.0299258
0.0275959
0.0254225
0.0233975
0.0215127
0.0197605
0.0181332
0.0166237
0.015225
0.0139304
0.0127334
0.0116279
0.010608
0.00966817
0.00880297
0.00800737
0.00727657
0.00660601
0.00599139
0.00542865
0.00491397
0.00444374
0.00401458
0.00362333
0.00326702
0.00294287
0.0026483
0.00238088
0.00213838
0.00191871
0.00171992
0.00154022
0.00137795
0.00123157
0.00109967
0.000980937
0.000874169
0.000778262
0.000692201
0.000615055
0.000545974
0.000484179
0.000428958
0.000379665
0.000335708
0.000296551
0.000261705
0.000230729
0.00020322
0.000178817
0.00015719
0.000138044
0.000121112
0.000106152
9.29501e-05
8.13104e-05
7.10589e-05
6.20392e-05
5.41116e-05
4.71509e-05
4.10455e-05
3.56958e-05
3.1013e-05
2.69183e-05
2.33414e-05
2.022e-05
1.7499e-05
1.51293e-05
1.30678e-05
1.12761e-05
9.72063e-06
8.37153e-06
7.20263e-06
6.19089e-06
5.31607e-06
4.56042e-06
3.90836e-06
3.34626e-06
2.86221e-06
2.44579e-06
2.08791e-06
1.78066e-06
1.51714e-06
1.29136e-06
1.09811e-06
9.32861e-07
7.91709e-07
6.71259e-07
5.68578e-07
4.81134e-07
4.06742e-07
3.43516e-07
2.89835e-07
2.44304e-07
2.05724e-07
1.73068e-07
1.45454e-07
1.22126e-07
1.02439e-07
8.58425e-08
7.18643e-08
6.01035e-08
5.02184e-08
4.19181e-08
3.49555e-08
2.9121e-08
2.42366e-08
2.01518e-08
1.67391e-08
1.38908e-08
0.113714
0.120929
0.128477
0.136363
0.144592
0.153168
0.162094
0.171372
0.181005
0.190993
0.201335
0.21203
0.223076
0.234467
0.2462
0.258267
0.270662
0.283374
0.296394
0.30971
0.323308
0.337173
0.35129
0.365641
0.380206
0.394966
0.409899
0.42498
0.440187
0.455492
0.47087
0.486291
0.501728
0.517149
0.532524
0.547821
0.563007
0.57805
0.592914
0.607568
0.621976
0.636104
0.649919
0.663385
0.676469
0.689138
0.701358
0.713099
0.724329
0.735017
0.745135
0.754655
0.763551
0.771797
0.779371
0.786252
0.792418
0.797854
0.802542
0.806471
0.809627
0.812002
0.81359
0.814385
0.814385
0.81359
0.812002
0.809627
0.806471
0.802542
0.797854
0.792418
0.786252
0.779371
0.771797
0.763551
0.754655
0.745135
0.735017
0.724329
0.713099
0.701358
0.689138
0.676469
0.663385
0.649919
0.636104
0.621976
0.607568
0.592914
0.57805
0.563007
0.547821
0.532524
0.517149
0.501728
0.486291
0.47087
0.455492
0.440187
0.42498
0.409899
0.394966
0.380206
0.365641
0.35129
0.337173
0.323308
0.30971
0.296394
0.283374
0.270662
0.258267
0.2462
0.234467
0.223076
0.21203
0.201335
0.190993
0.181005
0.171372
0.162094
0.153168
0.144592
0.136363
0.128477
0.120929
0.113714
0.106824
0.100254
0.0939961
0.0880429
0.0823862
0.0770176
0.0719287
0.0671104
0.0625538
0.0582496
0.0541887
0.0503616
0.0467592
0.0433721
0.040191
0.0372069
0.0344108
0.0317937
0.029347
0.0270622
0.0249308
0.0229449
0.0210966
0.0193783
0.0177825
0.0163022
0.0149306
0.013661
0.0124871
0.011403
0.0104029
0.00948117
0.00863271
0.0078525
0.00713583
0.00647824
0.00587551
0.00532365
0.00481892
0.00435779
0.00393693
0.00355325
0.00320383
0.00288595
0.00259708
0.00233483
0.00209702
0.0018816
0.00168665
0.00151043
0.0013513
0.00120775
0.0010784
0.000961964
0.000857261
0.000763209
0.000678812
0.000603159
0.000535414
0.000474814
0.000420662
0.000372322
0.000329215
0.000290815
0.000256644
0.000226266
0.00019929
0.000175358
0.000154149
0.000135374
0.000118769
0.000104099
9.11523e-05
7.97377e-05
6.96845e-05
6.08393e-05
5.30649e-05
4.62389e-05
4.02516e-05
3.50053e-05
3.04132e-05
2.63976e-05
2.28899e-05
1.98289e-05
1.71605e-05
1.48367e-05
1.2815e-05
1.1058e-05
9.53262e-06
8.20961e-06
7.06332e-06
6.07115e-06
5.21325e-06
4.47221e-06
3.83277e-06
3.28154e-06
2.80685e-06
2.39848e-06
2.04753e-06
1.74622e-06
1.4878e-06
1.26638e-06
1.07687e-06
9.14818e-07
7.76396e-07
6.58275e-07
5.57581e-07
4.71828e-07
3.98874e-07
3.36871e-07
2.84229e-07
2.39578e-07
2.01745e-07
1.69721e-07
1.4264e-07
1.19764e-07
1.00458e-07
8.41821e-08
7.04743e-08
5.8941e-08
4.92471e-08
4.11073e-08
3.42794e-08
2.85577e-08
2.37679e-08
1.97621e-08
1.64154e-08
1.36221e-08
0.111405
0.118475
0.125869
0.133595
0.141657
0.150059
0.158803
0.167894
0.177331
0.187116
0.197248
0.207726
0.218547
0.229708
0.241202
0.253025
0.265168
0.277622
0.290378
0.303423
0.316745
0.330329
0.344159
0.358219
0.372489
0.386949
0.401578
0.416353
0.431251
0.446246
0.461312
0.47642
0.491543
0.506652
0.521715
0.536701
0.551579
0.566316
0.580879
0.595235
0.609351
0.623192
0.636726
0.649919
0.662737
0.675149
0.687122
0.698624
0.709626
0.720097
0.73001
0.739337
0.748052
0.756131
0.763551
0.770291
0.776333
0.781658
0.786252
0.7901
0.793192
0.79552
0.797075
0.797854
0.797854
0.797075
0.79552
0.793192
0.7901
0.786252
0.781658
0.776333
0.770291
0.763551
0.756131
0.748052
0.739337
0.73001
0.720097
0.709626
0.698624
0.687122
0.675149
0.662737
0.649919
0.636726
0.623192
0.609351
0.595235
0.580879
0.566316
0.551579
0.536701
0.521715
0.506652
0.491543
0.47642
0.461312
0.446246
0.431251
0.416353
0.401578
0.386949
0.372489
0.358219
0.344159
0.330329
0.316745
0.303423
0.290378
0.277622
0.265168
0.253025
0.241202
0.229708
0.218547
0.207726
0.197248
0.187116
0.177331
0.167894
0.158803
0.150059
0.141657
0.133595
0.125869
0.118475
0.111405
0.104656
0.0982189
0.0920881
0.0862557
0.0807138
0.0754543
0.0704686
0.0657481
0.061284
0.0570672
0.0530887
0.0493394
0.04581
0.0424917
0.0393752
0.0364517
0.0337123
0.0311483
0.0287513
0.0265128
0.0244248
0.0224792
0.0206684
0.0189849
0.0174215
0.0159713
0.0146275
0.0133837
0.0122337
0.0111716
0.0101917
0.00928871
0.00845747
0.0076931
0.00699098
0.00634674
0.00575624
0.00521559
0.0047211
0.00426933
0.00385702
0.00348112
0.0031388
0.00282737
0.00254436
0.00228744
0.00205446
0.0018434
0.00165241
0.00147977
0.00132387
0.00118324
0.00105651
0.000942437
0.00083986
0.000747717
0.000665033
0.000590915
0.000524545
0.000465176
0.000412123
0.000364764
0.000322533
0.000284912
0.000251434
0.000221673
0.000195244
0.000171798
0.00015102
0.000132626
0.000116358
0.000101986
8.9302e-05
7.81191e-05
6.82699e-05
5.96043e-05
5.19878e-05
4.53003e-05
3.94345e-05
3.42948e-05
2.97958e-05
2.58618e-05
2.24253e-05
1.94264e-05
1.68122e-05
1.45355e-05
1.25549e-05
1.08336e-05
9.33912e-06
8.04296e-06
6.91994e-06
5.94791e-06
5.10743e-06
4.38143e-06
3.75496e-06
3.21493e-06
2.74988e-06
2.3498e-06
2.00597e-06
1.71077e-06
1.4576e-06
1.24068e-06
1.05501e-06
8.96248e-07
7.60636e-07
6.44913e-07
5.46263e-07
4.62251e-07
3.90778e-07
3.30033e-07
2.78459e-07
2.34715e-07
1.9765e-07
1.66276e-07
1.39745e-07
1.17333e-07
9.84189e-08
8.24733e-08
6.90438e-08
5.77446e-08
4.82474e-08
4.02729e-08
3.35836e-08
2.7978e-08
2.32854e-08
1.93609e-08
1.60821e-08
1.33456e-08
0.109037
0.115956
0.123194
0.130756
0.138646
0.146869
0.155428
0.164325
0.173562
0.183139
0.193056
0.203311
0.213902
0.224825
0.236076
0.247647
0.259532
0.271721
0.284206
0.296974
0.310013
0.323308
0.336844
0.350605
0.364571
0.378724
0.393042
0.407504
0.422085
0.436761
0.451506
0.466294
0.481096
0.495883
0.510625
0.525293
0.539855
0.554279
0.568532
0.582583
0.596399
0.609946
0.623192
0.636104
0.64865
0.660798
0.672517
0.683775
0.694542
0.704791
0.714493
0.723622
0.732152
0.740059
0.747322
0.753919
0.759832
0.765044
0.76954
0.773306
0.776333
0.778611
0.780133
0.780895
0.780895
0.780133
0.778611
0.776333
0.773306
0.76954
0.765044
0.759832
0.753919
0.747322
0.740059
0.732152
0.723622
0.714493
0.704791
0.694542
0.683775
0.672517
0.660798
0.64865
0.636104
0.623192
0.609946
0.596399
0.582583
0.568532
0.554279
0.539855
0.525293
0.510625
0.495883
0.481096
0.466294
0.451506
0.436761
0.422085
0.407504
0.393042
0.378724
0.364571
0.350605
0.336844
0.323308
0.310013
0.296974
0.284206
0.271721
0.259532
0.247647
0.236076
0.224825
0.213902
0.203311
0.193056
0.183139
0.173562
0.164325
0.155428
0.146869
0.138646
0.130756
0.123194
0.115956
0.109037
0.102431
0.0961312
0.0901307
0.0844223
0.0789982
0.0738505
0.0689708
0.0643507
0.0599814
0.0558542
0.0519603
0.0482906
0.0448363
0.0415885
0.0385383
0.0356769
0.0329957
0.0304863
0.0281402
0.0259493
0.0239056
0.0220014
0.0202291
0.0185814
0.0170512
0.0156318
0.0143166
0.0130992
0.0119736
0.0109341
0.00997507
0.00909128
0.00827771
0.00752958
0.00684238
0.00621184
0.00563389
0.00510473
0.00462075
0.00417858
0.00377503
0.00340713
0.00307208
0.00276727
0.00249028
0.00223882
0.00201079
0.00180422
0.00161729
0.00144832
0.00129573
0.00115809
0.00103405
0.000922406
0.000822009
0.000731824
0.000650898
0.000578355
0.000513396
0.000455288
0.000403363
0.000357011
0.000315677
0.000278856
0.00024609
0.000216961
0.000191094
0.000168147
0.00014781
0.000129807
0.000113885
9.98184e-05
8.74039e-05
7.64587e-05
6.68188e-05
5.83374e-05
5.08828e-05
4.43374e-05
3.85963e-05
3.35658e-05
2.91625e-05
2.53121e-05
2.19486e-05
1.90135e-05
1.64548e-05
1.42266e-05
1.2288e-05
1.06033e-05
9.14061e-06
7.87201e-06
6.77285e-06
5.82149e-06
4.99887e-06
4.2883e-06
3.67515e-06
3.1466e-06
2.69143e-06
2.29985e-06
1.96333e-06
1.67441e-06
1.42662e-06
1.21431e-06
1.03258e-06
8.77198e-07
7.44468e-07
6.31205e-07
5.34652e-07
4.52426e-07
3.82472e-07
3.23018e-07
2.72541e-07
2.29726e-07
1.93449e-07
1.62741e-07
1.36775e-07
1.14839e-07
9.6327e-08
8.07203e-08
6.75762e-08
5.65172e-08
4.72219e-08
3.94169e-08
3.28698e-08
2.73834e-08
2.27905e-08
1.89494e-08
1.57403e-08
1.30619e-08
0.106616
0.113381
0.120458
0.127852
0.135567
0.143607
0.151976
0.160675
0.169707
0.179071
0.188768
0.198796
0.209151
0.219832
0.230832
0.242146
0.253767
0.265686
0.277893
0.290378
0.303127
0.316127
0.329363
0.342818
0.356474
0.370312
0.384313
0.398453
0.41271
0.42706
0.441478
0.455937
0.47041
0.484869
0.499284
0.513626
0.527864
0.541968
0.555905
0.569644
0.583152
0.596399
0.609351
0.621976
0.634244
0.646122
0.65758
0.668588
0.679116
0.689138
0.698624
0.70755
0.71589
0.723622
0.730723
0.737174
0.742955
0.748052
0.752448
0.756131
0.75909
0.761317
0.762806
0.763551
0.763551
0.762806
0.761317
0.75909
0.756131
0.752448
0.748052
0.742955
0.737174
0.730723
0.723622
0.71589
0.70755
0.698624
0.689138
0.679116
0.668588
0.65758
0.646122
0.634244
0.621976
0.609351
0.596399
0.583152
0.569644
0.555905
0.541968
0.527864
0.513626
0.499284
0.484869
0.47041
0.455937
0.441478
0.42706
0.41271
0.398453
0.384313
0.370312
0.356474
0.342818
0.329363
0.316127
0.303127
0.290378
0.277893
0.265686
0.253767
0.242146
0.230832
0.219832
0.209151
0.198796
0.188768
0.179071
0.169707
0.160675
0.151976
0.143607
0.135567
0.127852
0.120458
0.113381
0.106616
0.100156
0.0939961
0.0881289
0.0825472
0.0772436
0.0722102
0.0674389
0.0629214
0.0586492
0.0546137
0.0508062
0.0472181
0.0438405
0.0406648
0.0376823
0.0348845
0.0322629
0.0298092
0.0275152
0.0253729
0.0233746
0.0215127
0.0197798
0.0181687
0.0166725
0.0152846
0.0139986
0.0128082
0.0117077
0.0106912
0.00975352
0.00888936
0.00809385
0.00736234
0.00669041
0.00607387
0.00550876
0.00499135
0.00451812
0.00408577
0.00369119
0.00333146
0.00300385
0.00270581
0.00243497
0.00218909
0.00196613
0.00176415
0.00158137
0.00141615
0.00126695
0.00113236
0.00101109
0.000901919
0.000803751
0.00071557
0.000636441
0.00056551
0.000501993
0.000445176
0.000394404
0.000349082
0.000308666
0.000272663
0.000240624
0.000212143
0.00018685
0.000164412
0.000144527
0.000126924
0.000111355
9.76014e-05
8.54626e-05
7.47605e-05
6.53348e-05
5.70417e-05
4.97526e-05
4.33527e-05
3.77391e-05
3.28203e-05
2.85148e-05
2.47499e-05
2.14611e-05
1.85912e-05
1.60893e-05
1.39106e-05
1.20151e-05
1.03678e-05
8.93759e-06
7.69717e-06
6.62243e-06
5.69219e-06
4.88784e-06
4.19306e-06
3.59352e-06
3.07671e-06
2.63165e-06
2.24877e-06
1.91972e-06
1.63722e-06
1.39493e-06
1.18734e-06
1.00965e-06
8.57715e-07
7.27933e-07
6.17186e-07
5.22777e-07
4.42377e-07
3.73977e-07
3.15844e-07
2.66487e-07
2.24624e-07
1.89152e-07
1.59127e-07
1.33737e-07
1.12288e-07
9.41875e-08
7.89275e-08
6.60753e-08
5.52619e-08
4.61731e-08
3.85414e-08
3.21397e-08
2.67752e-08
2.22843e-08
1.85285e-08
1.53907e-08
1.27718e-08
0.104146
0.110754
0.117667
0.12489
0.132426
0.14028
0.148455
0.156953
0.165776
0.174923
0.184395
0.19419
0.204306
0.214739
0.225485
0.236537
0.247889
0.259532
0.271456
0.283651
0.296105
0.308804
0.321733
0.334876
0.348216
0.361734
0.37541
0.389223
0.40315
0.417167
0.431251
0.445375
0.459513
0.473637
0.487718
0.501728
0.515636
0.529413
0.543027
0.556448
0.569644
0.582583
0.595235
0.607568
0.619551
0.631154
0.642347
0.6531
0.663385
0.673174
0.68244
0.691159
0.699307
0.706859
0.713796
0.720097
0.725745
0.730723
0.735017
0.738615
0.741506
0.743681
0.745135
0.745863
0.745863
0.745135
0.743681
0.741506
0.738615
0.735017
0.730723
0.725745
0.720097
0.713796
0.706859
0.699307
0.691159
0.68244
0.673174
0.663385
0.6531
0.642347
0.631154
0.619551
0.607568
0.595235
0.582583
0.569644
0.556448
0.543027
0.529413
0.515636
0.501728
0.487718
0.473637
0.459513
0.445375
0.431251
0.417167
0.40315
0.389223
0.37541
0.361734
0.348216
0.334876
0.321733
0.308804
0.296105
0.283651
0.271456
0.259532
0.247889
0.236537
0.225485
0.214739
0.204306
0.19419
0.184395
0.174923
0.165776
0.156953
0.148455
0.14028
0.132426
0.12489
0.117667
0.110754
0.104146
0.097836
0.0918187
0.0860874
0.080635
0.0754543
0.0705375
0.0658767
0.0614638
0.0572906
0.0533486
0.0496293
0.0461243
0.0428249
0.0397228
0.0368094
0.0340764
0.0315155
0.0291186
0.0268778
0.0247852
0.0228332
0.0210144
0.0193216
0.0177478
0.0162863
0.0149306
0.0136743
0.0125115
0.0114365
0.0104436
0.00952758
0.00868344
0.00790636
0.0071918
0.00653543
0.00593317
0.00538115
0.00487573
0.00441346
0.00399113
0.00360568
0.00325428
0.00293426
0.00264313
0.00237856
0.00213838
0.00192058
0.00172328
0.00154474
0.00138334
0.0012376
0.00110613
0.000987666
0.000881026
0.000785132
0.000698993
0.000621698
0.00055241
0.000490365
0.000434863
0.000385268
0.000340995
0.000301515
0.000266346
0.00023505
0.000207228
0.000182522
0.000160603
0.000141179
0.000123984
0.000108776
9.53404e-05
8.34829e-05
7.30287e-05
6.38213e-05
5.57203e-05
4.86001e-05
4.23484e-05
3.68649e-05
3.206e-05
2.78542e-05
2.41766e-05
2.0964e-05
1.81605e-05
1.57166e-05
1.35883e-05
1.17368e-05
1.01276e-05
8.73055e-06
7.51886e-06
6.46902e-06
5.56033e-06
4.77461e-06
4.09593e-06
3.51028e-06
3.00544e-06
2.57069e-06
2.19668e-06
1.87525e-06
1.5993e-06
1.36262e-06
1.15983e-06
9.8626e-07
8.37846e-07
7.11071e-07
6.02889e-07
5.10667e-07
4.32129e-07
3.65314e-07
3.08527e-07
2.60314e-07
2.19421e-07
1.84771e-07
1.55441e-07
1.30639e-07
1.09687e-07
9.20056e-08
7.70991e-08
6.45447e-08
5.39818e-08
4.51035e-08
3.76486e-08
3.13952e-08
2.61549e-08
2.17681e-08
1.80993e-08
1.50342e-08
1.2476e-08
0.101634
0.108083
0.11483
0.121878
0.129232
0.136897
0.144875
0.153168
0.161778
0.170704
0.179948
0.189507
0.199379
0.20956
0.220047
0.230832
0.24191
0.253272
0.264909
0.27681
0.288963
0.301356
0.313973
0.3268
0.339818
0.35301
0.366356
0.379835
0.393426
0.407106
0.42085
0.434634
0.44843
0.462213
0.475955
0.489627
0.5032
0.516644
0.52993
0.543027
0.555905
0.568532
0.580879
0.592914
0.604609
0.615932
0.626854
0.637348
0.647385
0.656938
0.665981
0.67449
0.68244
0.689811
0.69658
0.70273
0.708241
0.713099
0.71729
0.720801
0.723622
0.725745
0.727164
0.727874
0.727874
0.727164
0.725745
0.723622
0.720801
0.71729
0.713099
0.708241
0.70273
0.69658
0.689811
0.68244
0.67449
0.665981
0.656938
0.647385
0.637348
0.626854
0.615932
0.604609
0.592914
0.580879
0.568532
0.555905
0.543027
0.52993
0.516644
0.5032
0.489627
0.475955
0.462213
0.44843
0.434634
0.42085
0.407106
0.393426
0.379835
0.366356
0.35301
0.339818
0.3268
0.313973
0.301356
0.288963
0.27681
0.264909
0.253272
0.24191
0.230832
0.220047
0.20956
0.199379
0.189507
0.179948
0.170704
0.161778
0.153168
0.144875
0.136897
0.129232
0.121878
0.11483
0.108083
0.101634
0.0954763
0.0896042
0.0840111
0.0786902
0.0736344
0.0688362
0.0642878
0.0599814
0.0559088
0.0520619
0.0484323
0.0450118
0.0417921
0.0387647
0.0359216
0.0332545
0.0307554
0.0284163
0.0262295
0.0241874
0.0222825
0.0205075
0.0188556
0.0173197
0.0158935
0.0145705
0.0133445
0.0122098
0.0111606
0.0101917
0.00929779
0.00847401
0.00771567
0.00701834
0.0063778
0.00579007
0.00525136
0.00475813
0.00430702
0.00389487
0.00351872
0.0031758
0.00286349
0.00257938
0.00232119
0.00208681
0.00187426
0.00168172
0.00150748
0.00134998
0.00120775
0.00107946
0.000963845
0.000859777
0.000766196
0.000682135
0.000606703
0.000539086
0.000478538
0.000424375
0.000375976
0.000332771
0.000294243
0.000259923
0.000229381
0.00020223
0.000178119
0.00015673
0.000137774
0.000120993
0.000106152
9.3041e-05
8.14694e-05
7.12673e-05
6.2282e-05
5.43764e-05
4.7428e-05
4.1327e-05
3.59757e-05
3.12868e-05
2.71824e-05
2.35935e-05
2.04584e-05
1.77225e-05
1.53376e-05
1.32606e-05
1.14537e-05
9.88336e-06
8.51999e-06
7.33752e-06
6.31299e-06
5.42622e-06
4.65946e-06
3.99714e-06
3.42562e-06
2.93295e-06
2.50868e-06
2.1437e-06
1.83002e-06
1.56072e-06
1.32975e-06
1.13186e-06
9.62473e-07
8.17638e-07
6.93921e-07
5.88348e-07
4.9835e-07
4.21707e-07
3.56503e-07
3.01086e-07
2.54036e-07
2.14129e-07
1.80314e-07
1.51692e-07
1.27488e-07
1.07042e-07
8.97866e-08
7.52396e-08
6.2988e-08
5.26798e-08
4.40156e-08
3.67406e-08
3.0638e-08
2.55241e-08
2.1243e-08
1.76628e-08
1.46716e-08
1.21751e-08
0.099086
0.105373
0.111951
0.118822
0.125992
0.133465
0.141243
0.149328
0.157722
0.166425
0.175436
0.184756
0.19438
0.204306
0.21453
0.225045
0.235845
0.246922
0.258267
0.26987
0.281719
0.293801
0.306102
0.318606
0.331298
0.344159
0.357171
0.370312
0.383563
0.396899
0.410299
0.423737
0.437188
0.450625
0.464022
0.477352
0.490584
0.503692
0.516644
0.529413
0.541968
0.554279
0.566316
0.57805
0.589451
0.60049
0.611139
0.621369
0.631154
0.640468
0.649284
0.65758
0.665331
0.672517
0.679116
0.685111
0.690485
0.695221
0.699307
0.70273
0.70548
0.70755
0.708933
0.709626
0.709626
0.708933
0.70755
0.70548
0.70273
0.699307
0.695221
0.690485
0.685111
0.679116
0.672517
0.665331
0.65758
0.649284
0.640468
0.631154
0.621369
0.611139
0.60049
0.589451
0.57805
0.566316
0.554279
0.541968
0.529413
0.516644
0.503692
0.490584
0.477352
0.464022
0.450625
0.437188
0.423737
0.410299
0.396899
0.383563
0.370312
0.357171
0.344159
0.331298
0.318606
0.306102
0.293801
0.281719
0.26987
0.258267
0.246922
0.235845
0.225045
0.21453
0.204306
0.19438
0.184756
0.175436
0.166425
0.157722
0.149328
0.141243
0.133465
0.125992
0.118822
0.111951
0.105373
0.099086
0.0930826
0.0873577
0.0819048
0.0767174
0.0717883
0.0671104
0.0626761
0.0584776
0.0545071
0.0507566
0.0472181
0.0438833
0.0407443
0.0377929
0.035021
0.0324208
0.0299843
0.0277039
0.0255719
0.023581
0.0217238
0.0199934
0.0183828
0.0168855
0.015495
0.0142052
0.0130099
0.0119037
0.0108808
0.00993618
0.00906469
0.00826155
0.00752223
0.00684238
0.0062179
0.0056449
0.00511971
0.00463884
0.00419904
0.00379722
0.0034305
0.00309617
0.0027917
0.00251472
0.002263
0.00203449
0.00182727
0.00163956
0.00146969
0.00131613
0.00117747
0.00105239
0.00093968
0.000838221
0.000746987
0.000665033
0.000591493
0.000525571
0.00046654
0.000413736
0.00036655
0.000324428
0.000286866
0.000253406
0.00022363
0.00019716
0.000173654
0.000152801
0.00013432
0.00011796
0.000103491
9.07083e-05
7.94269e-05
6.94806e-05
6.07205e-05
5.30131e-05
4.62389e-05
4.02909e-05
3.50738e-05
3.05024e-05
2.65009e-05
2.30019e-05
1.99454e-05
1.72782e-05
1.4953e-05
1.29281e-05
1.11665e-05
9.63557e-06
8.30638e-06
7.15356e-06
6.15472e-06
5.29018e-06
4.54264e-06
3.89693e-06
3.33973e-06
2.85942e-06
2.44579e-06
2.08995e-06
1.78414e-06
1.52159e-06
1.29641e-06
1.10348e-06
9.38343e-07
7.97139e-07
6.76523e-07
5.73598e-07
4.85856e-07
4.11134e-07
3.47565e-07
2.93538e-07
2.47667e-07
2.0876e-07
1.75794e-07
1.47889e-07
1.24292e-07
1.04358e-07
8.75356e-08
7.33533e-08
6.14088e-08
5.13591e-08
4.29121e-08
3.58194e-08
2.98699e-08
2.48842e-08
2.07105e-08
1.72199e-08
1.43037e-08
1.18698e-08
0.0965075
0.102631
0.109037
0.11573
0.122714
0.129992
0.137567
0.145442
0.153617
0.162094
0.170871
0.179948
0.189322
0.19899
0.208947
0.219189
0.229708
0.240497
0.251547
0.262847
0.274388
0.286155
0.298136
0.310315
0.322677
0.335203
0.347876
0.360676
0.373581
0.386571
0.399622
0.41271
0.425811
0.438899
0.451947
0.46493
0.477818
0.490584
0.5032
0.515636
0.527864
0.539855
0.551579
0.563007
0.574112
0.584863
0.595235
0.605199
0.61473
0.623801
0.632388
0.640468
0.648017
0.655016
0.661444
0.667283
0.672517
0.67713
0.681109
0.684443
0.687122
0.689138
0.690485
0.691159
0.691159
0.690485
0.689138
0.687122
0.684443
0.681109
0.67713
0.672517
0.667283
0.661444
0.655016
0.648017
0.640468
0.632388
0.623801
0.61473
0.605199
0.595235
0.584863
0.574112
0.563007
0.551579
0.539855
0.527864
0.515636
0.5032
0.490584
0.477818
0.46493
0.451947
0.438899
0.425811
0.41271
0.399622
0.386571
0.373581
0.360676
0.347876
0.335203
0.322677
0.310315
0.298136
0.286155
0.274388
0.262847
0.251547
0.240497
0.229708
0.219189
0.208947
0.19899
0.189322
0.179948
0.170871
0.162094
0.153617
0.145442
0.137567
0.129992
0.122714
0.11573
0.109037
0.102631
0.0965075
0.0906604
0.0850844
0.0797735
0.074721
0.0699202
0.065364
0.0610451
0.0569559
0.0530887
0.0494358
0.0459893
0.0427414
0.039684
0.0368094
0.0341097
0.0315771
0.0292041
0.026983
0.0249065
0.0229673
0.0211585
0.0194731
0.0179045
0.0164461
0.0150918
0.0138355
0.0126714
0.0115939
0.0105977
0.00967762
0.0088288
0.00804657
0.00732648
0.00666433
0.0060561
0.00549801
0.00498648
0.00451812
0.00408977
0.00369841
0.00334123
0.0030156
0.00271906
0.00244928
0.00220411
0.00198155
0.00177972
0.00159689
0.00143144
0.00128188
0.00114683
0.00102501
0.000915227
0.000816409
0.000727548
0.000647727
0.0005761
0.000511894
0.0004544
0.000402969
0.000357011
0.000315985
0.000279401
0.000246812
0.000217811
0.00019203
0.000169135
0.000148824
0.000130825
0.00011489
0.000100798
8.83479e-05
7.736e-05
6.76725e-05
5.91404e-05
5.16336e-05
4.50356e-05
3.92424e-05
3.41611e-05
2.97087e-05
2.58113e-05
2.24034e-05
1.94264e-05
1.68286e-05
1.45639e-05
1.25917e-05
1.0876e-05
9.38483e-06
8.09023e-06
6.96741e-06
5.99456e-06
5.15252e-06
4.42443e-06
3.79552e-06
3.25283e-06
2.78501e-06
2.38214e-06
2.03557e-06
1.73772e-06
1.482e-06
1.26268e-06
1.07477e-06
9.13925e-07
7.76396e-07
6.58918e-07
5.58671e-07
4.73213e-07
4.00436e-07
3.3852e-07
2.85899e-07
2.41222e-07
2.03328e-07
1.71219e-07
1.4404e-07
1.21057e-07
1.01642e-07
8.52577e-08
7.14444e-08
5.98108e-08
5.00226e-08
4.17954e-08
3.48873e-08
2.90926e-08
2.42366e-08
2.01715e-08
1.67718e-08
1.39315e-08
1.15609e-08
0.0939044
0.0998631
0.106096
0.112609
0.119404
0.126486
0.133857
0.141519
0.149474
0.157722
0.166262
0.175094
0.184215
0.193622
0.203311
0.213276
0.223512
0.23401
0.244762
0.255758
0.266987
0.278437
0.290094
0.301945
0.313973
0.326162
0.338493
0.350947
0.363505
0.376144
0.388843
0.401578
0.414325
0.42706
0.439757
0.452389
0.46493
0.477352
0.489627
0.501728
0.513626
0.525293
0.536701
0.547821
0.558626
0.569088
0.57918
0.588875
0.598149
0.606975
0.615331
0.623192
0.630538
0.637348
0.643603
0.649284
0.654377
0.658865
0.662737
0.665981
0.668588
0.670549
0.67186
0.672517
0.672517
0.67186
0.670549
0.668588
0.665981
0.662737
0.658865
0.654377
0.649284
0.643603
0.637348
0.630538
0.623192
0.615331
0.606975
0.598149
0.588875
0.57918
0.569088
0.558626
0.547821
0.536701
0.525293
0.513626
0.501728
0.489627
0.477352
0.46493
0.452389
0.439757
0.42706
0.414325
0.401578
0.388843
0.376144
0.363505
0.350947
0.338493
0.326162
0.313973
0.301945
0.290094
0.278437
0.266987
0.255758
0.244762
0.23401
0.223512
0.213276
0.203311
0.193622
0.184215
0.175094
0.166262
0.157722
0.149474
0.141519
0.133857
0.126486
0.119404
0.112609
0.106096
0.0998631
0.0939044
0.088215
0.0827894
0.0776217
0.0727055
0.0680342
0.0636009
0.0593985
0.0554196
0.0516567
0.0481024
0.0447489
0.0415885
0.0386136
0.0358165
0.0331896
0.0307254
0.0284163
0.0262552
0.0242347
0.0223478
0.0205878
0.0189479
0.0174215
0.0160025
0.0146847
0.0134623
0.0123296
0.0112812
0.0103118
0.00941658
0.00859066
0.00782952
0.00712886
0.00648457
0.00589275
0.00534971
0.00485198
0.00439626
0.00397945
0.00359865
0.00325111
0.00293426
0.00264571
0.00238321
0.00214466
0.0019281
0.00173172
0.00155382
0.00139283
0.00124731
0.0011159
0.000997358
0.000890541
0.000794387
0.000707924
0.000630256
0.000560561
0.000498087
0.000442143
0.0003921
0.000347381
0.000307462
0.000271865
0.000240154
0.000211936
0.00018685
0.000164573
0.00014481
0.000127296
0.000111791
9.80791e-05
8.59648e-05
7.52733e-05
6.58472e-05
5.75452e-05
5.02409e-05
4.38209e-05
3.81839e-05
3.32396e-05
2.89073e-05
2.51151e-05
2.17991e-05
1.89024e-05
1.63747e-05
1.41711e-05
1.22521e-05
1.05826e-05
9.13169e-06
7.87201e-06
6.77947e-06
5.83287e-06
5.01354e-06
4.30509e-06
3.69314e-06
3.16509e-06
2.70989e-06
2.31789e-06
1.98066e-06
1.69084e-06
1.44202e-06
1.22862e-06
1.04578e-06
8.89273e-07
7.55454e-07
6.41145e-07
5.43602e-07
4.60449e-07
3.89635e-07
3.29389e-07
2.78187e-07
2.34715e-07
1.97843e-07
1.66601e-07
1.40155e-07
1.17792e-07
9.89006e-08
8.2958e-08
6.95174e-08
5.81975e-08
4.86733e-08
4.06681e-08
3.39463e-08
2.83078e-08
2.35829e-08
1.96274e-08
1.63194e-08
1.35557e-08
1.12491e-08
0.0912823
0.0970746
0.103134
0.109464
0.11607
0.122954
0.130119
0.137567
0.1453
0.153318
0.16162
0.170205
0.179071
0.188216
0.197634
0.207321
0.217271
0.227475
0.237927
0.248616
0.259532
0.270662
0.281994
0.293514
0.305206
0.317054
0.329041
0.341148
0.353355
0.365641
0.377985
0.390365
0.402756
0.415135
0.427478
0.439757
0.451947
0.464022
0.475955
0.487718
0.499284
0.510625
0.521715
0.532524
0.543027
0.553197
0.563007
0.572432
0.581446
0.590026
0.598149
0.605791
0.612932
0.619551
0.625631
0.631154
0.636104
0.640468
0.644231
0.647385
0.649919
0.651825
0.6531
0.653738
0.653738
0.6531
0.651825
0.649919
0.647385
0.644231
0.640468
0.636104
0.631154
0.625631
0.619551
0.612932
0.605791
0.598149
0.590026
0.581446
0.572432
0.563007
0.553197
0.543027
0.532524
0.521715
0.510625
0.499284
0.487718
0.475955
0.464022
0.451947
0.439757
0.427478
0.415135
0.402756
0.390365
0.377985
0.365641
0.353355
0.341148
0.329041
0.317054
0.305206
0.293514
0.281994
0.270662
0.259532
0.248616
0.237927
0.227475
0.217271
0.207321
0.197634
0.188216
0.179071
0.170205
0.16162
0.153318
0.1453
0.137567
0.130119
0.122954
0.11607
0.109464
0.103134
0.0970746
0.0912823
0.0857517
0.0804777
0.0754543
0.0706754
0.0661345
0.061825
0.0577399
0.0538721
0.0502143
0.0467592
0.0434993
0.0404272
0.0375354
0.0348164
0.0322629
0.0298674
0.0276229
0.025522
0.023558
0.0217238
0.0200129
0.0184188
0.0169351
0.0155557
0.0142747
0.0130864
0.0119853
0.0109662
0.0100239
0.00915364
0.00835078
0.0076109
0.0069298
0.0063035
0.0057282
0.00520033
0.00471649
0.0042735
0.00386833
0.00349816
0.00316033
0.00285233
0.00257184
0.00231666
0.00208477
0.00187426
0.00168336
0.00151043
0.00135394
0.00121248
0.00108474
0.000969509
0.000865674
0.000772206
0.000688157
0.000612657
0.000544909
0.000484179
0.000429797
0.000381151
0.000337681
0.000298877
0.000264274
0.000233449
0.000206018
0.000181632
0.000159977
0.000140766
0.000123742
0.00010867
9.53404e-05
8.35644e-05
7.31715e-05
6.40085e-05
5.59384e-05
4.8838e-05
4.25973e-05
3.71177e-05
3.23115e-05
2.81001e-05
2.44138e-05
2.11904e-05
1.83746e-05
1.59174e-05
1.37754e-05
1.191e-05
1.02871e-05
8.87671e-06
7.6522e-06
6.59017e-06
5.67e-06
4.87354e-06
4.18488e-06
3.59002e-06
3.07671e-06
2.63422e-06
2.25317e-06
1.92535e-06
1.64363e-06
1.40176e-06
1.19431e-06
1.01657e-06
8.64442e-07
7.34359e-07
6.23243e-07
5.28423e-07
4.47592e-07
3.78755e-07
3.20192e-07
2.7042e-07
2.28161e-07
1.92319e-07
1.61949e-07
1.36241e-07
1.14503e-07
9.6139e-08
8.06415e-08
6.75762e-08
5.65724e-08
4.73142e-08
3.95325e-08
3.29984e-08
2.75174e-08
2.29244e-08
1.90794e-08
1.58638e-08
1.31772e-08
1.0935e-08
0.0886468
0.0942719
0.100156
0.106304
0.112719
0.119404
0.126362
0.133595
0.141105
0.148891
0.156953
0.165291
0.173901
0.182782
0.191928
0.201335
0.210998
0.220908
0.231058
0.241438
0.252038
0.262847
0.273852
0.28504
0.296394
0.307901
0.319541
0.331298
0.343153
0.355084
0.367072
0.379094
0.391128
0.40315
0.415135
0.42706
0.438899
0.450625
0.462213
0.473637
0.484869
0.495883
0.506652
0.517149
0.527349
0.537225
0.546752
0.555905
0.564659
0.572991
0.580879
0.5883
0.595235
0.601664
0.607568
0.612932
0.617739
0.621976
0.625631
0.628694
0.631154
0.633006
0.634244
0.634863
0.634863
0.634244
0.633006
0.631154
0.628694
0.625631
0.621976
0.617739
0.612932
0.607568
0.601664
0.595235
0.5883
0.580879
0.572991
0.564659
0.555905
0.546752
0.537225
0.527349
0.517149
0.506652
0.495883
0.484869
0.473637
0.462213
0.450625
0.438899
0.42706
0.415135
0.40315
0.391128
0.379094
0.367072
0.355084
0.343153
0.331298
0.319541
0.307901
0.296394
0.28504
0.273852
0.262847
0.252038
0.241438
0.231058
0.220908
0.210998
0.201335
0.191928
0.182782
0.173901
0.165291
0.156953
0.148891
0.141105
0.133595
0.126362
0.119404
0.112719
0.106304
0.100156
0.0942719
0.0886468
0.0832759
0.0781541
0.0732758
0.0686348
0.0642251
0.06004
0.0560729
0.0523167
0.0487645
0.0454092
0.0422434
0.03926
0.0364517
0.0338112
0.0313314
0.0290051
0.0268253
0.0247852
0.0228778
0.0210966
0.0194351
0.017887
0.0164461
0.0151065
0.0138625
0.0127086
0.0116393
0.0106496
0.00973449
0.00888936
0.00810968
0.00739116
0.00672973
0.00612151
0.00556282
0.00505019
0.00458032
0.00415012
0.00375665
0.00339716
0.00306908
0.00276998
0.00249758
0.00224978
0.00202458
0.00182015
0.00163476
0.00146682
0.00131485
0.00117747
0.00105342
0.000941518
0.000840681
0.000749911
0.000668288
0.000594969
0.000529176
0.000470199
0.000417388
0.000370147
0.000327932
0.000290248
0.000256644
0.000226708
0.00020007
0.000176388
0.000155358
0.000136702
0.000120169
0.000105532
9.25878e-05
8.11518e-05
7.10589e-05
6.21605e-05
5.43233e-05
4.7428e-05
4.13674e-05
3.60461e-05
3.13786e-05
2.72888e-05
2.37089e-05
2.05786e-05
1.78441e-05
1.54579e-05
1.33777e-05
1.15661e-05
9.9901e-06
8.62042e-06
7.43127e-06
6.3999e-06
5.50629e-06
4.73283e-06
4.06405e-06
3.48637e-06
2.98788e-06
2.55816e-06
2.18811e-06
1.86977e-06
1.59618e-06
1.36129e-06
1.15983e-06
9.87224e-07
8.39484e-07
7.13157e-07
6.05248e-07
5.13166e-07
4.34669e-07
3.67819e-07
3.10947e-07
2.62612e-07
2.21574e-07
1.86766e-07
1.57273e-07
1.32308e-07
1.11197e-07
9.33633e-08
7.83133e-08
6.56252e-08
5.49391e-08
4.59482e-08
3.83911e-08
3.20457e-08
2.67229e-08
2.22625e-08
1.85285e-08
1.54057e-08
1.27968e-08
1.06193e-08
0.0860033
0.0914607
0.0971695
0.103134
0.109357
0.115843
0.122594
0.129612
0.136897
0.144451
0.152273
0.160362
0.168716
0.177331
0.186205
0.195332
0.204706
0.21432
0.224168
0.234238
0.244523
0.255009
0.265686
0.27654
0.287556
0.298719
0.310013
0.321419
0.33292
0.344496
0.356126
0.36779
0.379465
0.391128
0.402756
0.414325
0.425811
0.437188
0.44843
0.459513
0.47041
0.481096
0.491543
0.501728
0.511624
0.521205
0.530448
0.539328
0.547821
0.555905
0.563557
0.570757
0.577485
0.583722
0.589451
0.594654
0.599318
0.603429
0.606975
0.609946
0.612333
0.61413
0.615331
0.615932
0.615932
0.615331
0.61413
0.612333
0.609946
0.606975
0.603429
0.599318
0.594654
0.589451
0.583722
0.577485
0.570757
0.563557
0.555905
0.547821
0.539328
0.530448
0.521205
0.511624
0.501728
0.491543
0.481096
0.47041
0.459513
0.44843
0.437188
0.425811
0.414325
0.402756
0.391128
0.379465
0.36779
0.356126
0.344496
0.33292
0.321419
0.310013
0.298719
0.287556
0.27654
0.265686
0.255009
0.244523
0.234238
0.224168
0.21432
0.204706
0.195332
0.186205
0.177331
0.168716
0.160362
0.152273
0.144451
0.136897
0.129612
0.122594
0.115843
0.109357
0.103134
0.0971695
0.0914607
0.0860033
0.0807927
0.0758236
0.0710907
0.0665882
0.0623099
0.0582496
0.0544008
0.0507566
0.0473104
0.0440551
0.0409837
0.0380893
0.0353647
0.032803
0.0303971
0.0281402
0.0260254
0.0240461
0.0221956
0.0204675
0.0188556
0.0173536
0.0159557
0.0146561
0.0134492
0.0123296
0.0112922
0.010332
0.00944421
0.00862428
0.00786785
0.00717076
0.00652905
0.00593896
0.00539694
0.00489959
0.00444374
0.00402636
0.00364462
0.00329586
0.00297756
0.00268738
0.00242311
0.00218269
0.00196421
0.00176587
0.00158601
0.00142308
0.00127564
0.00114236
0.00102201
0.000913442
0.000815612
0.000727548
0.00064836
0.000577227
0.000513396
0.000456178
0.000404942
0.000359109
0.000318153
0.000281593
0.000248991
0.000219948
0.000194103
0.000171129
0.000150726
0.000132626
0.000116586
0.000102385
8.98268e-05
7.87318e-05
6.89399e-05
6.03069e-05
5.27034e-05
4.60137e-05
4.01338e-05
3.49712e-05
3.04429e-05
2.64751e-05
2.30019e-05
1.99649e-05
1.7312e-05
1.49969e-05
1.29787e-05
1.12212e-05
9.6922e-06
8.36336e-06
7.20967e-06
6.20905e-06
5.3421e-06
4.5917e-06
3.94286e-06
3.3824e-06
2.89878e-06
2.48188e-06
2.12286e-06
1.81401e-06
1.54858e-06
1.32069e-06
1.12525e-06
9.57785e-07
8.14451e-07
6.91891e-07
5.872e-07
4.97864e-07
4.21707e-07
3.56851e-07
3.01675e-07
2.54781e-07
2.14967e-07
1.81197e-07
1.52583e-07
1.28362e-07
1.07881e-07
9.05792e-08
7.5978e-08
6.36682e-08
5.33008e-08
4.4578e-08
3.72463e-08
3.10901e-08
2.59261e-08
2.15987e-08
1.7976e-08
1.49463e-08
1.24152e-08
1.03026e-08
0.0833573
0.0886468
0.0941799
0.0999607
0.105993
0.112279
0.118822
0.125624
0.132685
0.140007
0.147588
0.155428
0.163525
0.171875
0.180476
0.189322
0.198408
0.207726
0.217271
0.227032
0.236999
0.247164
0.257512
0.268032
0.278709
0.289528
0.300474
0.31153
0.322677
0.333897
0.345169
0.356474
0.36779
0.379094
0.390365
0.401578
0.41271
0.423737
0.434634
0.445375
0.455937
0.466294
0.47642
0.486291
0.495883
0.505169
0.514128
0.522734
0.530966
0.538801
0.546218
0.553197
0.559718
0.565763
0.571315
0.576359
0.580879
0.584863
0.5883
0.59118
0.593494
0.595235
0.596399
0.596982
0.596982
0.596399
0.595235
0.593494
0.59118
0.5883
0.584863
0.580879
0.576359
0.571315
0.565763
0.559718
0.553197
0.546218
0.538801
0.530966
0.522734
0.514128
0.505169
0.495883
0.486291
0.47642
0.466294
0.455937
0.445375
0.434634
0.423737
0.41271
0.401578
0.390365
0.379094
0.36779
0.356474
0.345169
0.333897
0.322677
0.31153
0.300474
0.289528
0.278709
0.268032
0.257512
0.247164
0.236999
0.227032
0.217271
0.207726
0.198408
0.189322
0.180476
0.171875
0.163525
0.155428
0.147588
0.140007
0.132685
0.125624
0.118822
0.112279
0.105993
0.0999607
0.0941799
0.0886468
0.0833573
0.0783069
0.0734908
0.0689035
0.0645395
0.0603928
0.0564575
0.052727
0.049195
0.0458548
0.0426997
0.0397228
0.0369174
0.0342766
0.0317937
0.0294619
0.0272744
0.0252247
0.0233063
0.0215127
0.0198378
0.0182754
0.0168197
0.0154648
0.0142052
0.0130354
0.0119503
0.0109448
0.0100141
0.00915364
0.00835894
0.00762578
0.00695014
0.00632817
0.00575624
0.00523089
0.00474885
0.00430702
0.00390248
0.00353249
0.00319446
0.00288595
0.0026047
0.00234855
0.00211554
0.00190378
0.00171154
0.00153721
0.0013793
0.00123639
0.00110721
0.000990564
0.000885338
0.000790518
0.000705164
0.000628412
0.000559467
0.000497601
0.000442143
0.000392483
0.00034806
0.000308364
0.000272929
0.00024133
0.000213181
0.000188132
0.000165863
0.000146088
0.000128545
0.000112999
9.92352e-05
8.70631e-05
7.63095e-05
6.68188e-05
5.84514e-05
5.10819e-05
4.4598e-05
3.8899e-05
3.38952e-05
2.95063e-05
2.56605e-05
2.22943e-05
1.93507e-05
1.67794e-05
1.45355e-05
1.25794e-05
1.0876e-05
9.394e-06
8.10605e-06
6.98785e-06
6.01802e-06
5.17774e-06
4.45043e-06
3.82155e-06
3.27834e-06
2.80959e-06
2.40552e-06
2.05755e-06
1.7582e-06
1.50093e-06
1.28006e-06
1.09062e-06
9.28317e-07
7.89393e-07
6.70603e-07
5.69134e-07
4.82546e-07
4.08732e-07
3.45872e-07
2.92393e-07
2.46942e-07
2.08353e-07
1.75622e-07
1.47889e-07
1.24413e-07
1.04562e-07
8.77924e-08
7.36404e-08
6.17094e-08
5.16609e-08
4.32065e-08
3.61004e-08
3.01335e-08
2.51284e-08
2.09341e-08
1.74229e-08
1.44865e-08
1.20332e-08
9.98563e-09
0.0807138
0.0858355
0.0911932
0.0967906
0.102631
0.108718
0.115054
0.12164
0.128477
0.135567
0.142908
0.150499
0.158339
0.166425
0.174752
0.183318
0.192116
0.201139
0.21038
0.219832
0.229484
0.239325
0.249345
0.259532
0.26987
0.280347
0.290946
0.30165
0.312444
0.323308
0.334223
0.345169
0.356126
0.367072
0.377985
0.388843
0.399622
0.410299
0.42085
0.431251
0.441478
0.451506
0.461312
0.47087
0.480157
0.489149
0.497823
0.506157
0.514128
0.521715
0.528896
0.535654
0.541968
0.547821
0.553197
0.558081
0.562458
0.566316
0.569644
0.572432
0.574672
0.576359
0.577485
0.57805
0.57805
0.577485
0.576359
0.574672
0.572432
0.569644
0.566316
0.562458
0.558081
0.553197
0.547821
0.541968
0.535654
0.528896
0.521715
0.514128
0.506157
0.497823
0.489149
0.480157
0.47087
0.461312
0.451506
0.441478
0.431251
0.42085
0.410299
0.399622
0.388843
0.377985
0.367072
0.356126
0.345169
0.334223
0.323308
0.312444
0.30165
0.290946
0.280347
0.26987
0.259532
0.249345
0.239325
0.229484
0.219832
0.21038
0.201139
0.192116
0.183318
0.174752
0.166425
0.158339
0.150499
0.142908
0.135567
0.128477
0.12164
0.115054
0.108718
0.102631
0.0967906
0.0911932
0.0858355
0.0807138
0.0758236
0.0711602
0.0667183
0.0624927
0.0584776
0.054667
0.0510549
0.0476349
0.0444006
0.0413455
0.0384631
0.0357466
0.0331896
0.0307855
0.0285276
0.0264095
0.0244248
0.0225672
0.0208305
0.0192087
0.0176959
0.0162863
0.0149744
0.0137547
0.012622
0.0115713
0.0105977
0.00969654
0.00886335
0.00809385
0.00738394
0.00672973
0.00612749
0.00557369
0.005065
0.00459825
0.00417043
0.00377872
0.00342047
0.00309315
0.00279443
0.00252209
0.00227408
0.00204845
0.0018434
0.00165726
0.00148847
0.00133556
0.00119718
0.0010721
0.00095915
0.000857261
0.000765448
0.000682801
0.000608483
0.000541725
0.00048182
0.000428122
0.000380036
0.000337022
0.000298585
0.000264274
0.000233677
0.00020642
0.000182165
0.000160603
0.000141455
0.000124469
0.000109415
9.60882e-05
8.43021e-05
7.38895e-05
6.46998e-05
5.65978e-05
4.9462e-05
4.31836e-05
3.76654e-05
3.28203e-05
2.85705e-05
2.48468e-05
2.15872e-05
1.8737e-05
1.62472e-05
1.40745e-05
1.21805e-05
1.05311e-05
9.09609e-06
7.84898e-06
6.76624e-06
5.82717e-06
5.01354e-06
4.30929e-06
3.70036e-06
3.17437e-06
2.72049e-06
2.32923e-06
1.9923e-06
1.70244e-06
1.45333e-06
1.23947e-06
1.05604e-06
8.98877e-07
7.64359e-07
6.49337e-07
5.51085e-07
4.67243e-07
3.9577e-07
3.34903e-07
2.83121e-07
2.39111e-07
2.01745e-07
1.70053e-07
1.43199e-07
1.20468e-07
1.01246e-07
8.50082e-08
7.1305e-08
5.97524e-08
5.00226e-08
4.18363e-08
3.49555e-08
2.91779e-08
2.43315e-08
2.02703e-08
1.68704e-08
1.40271e-08
1.16516e-08
9.66895e-09
0.0780779
0.0830323
0.088215
0.0936296
0.0992797
0.105168
0.111297
0.117667
0.124282
0.131139
0.138241
0.145584
0.153168
0.16099
0.169045
0.177331
0.185841
0.19457
0.20351
0.212653
0.221989
0.231509
0.241202
0.251056
0.261057
0.271191
0.281444
0.291799
0.30224
0.312749
0.323308
0.333897
0.344496
0.355084
0.365641
0.376144
0.386571
0.396899
0.407106
0.417167
0.42706
0.436761
0.446246
0.455492
0.464476
0.473175
0.481566
0.489627
0.497338
0.504676
0.511624
0.51816
0.524268
0.52993
0.535131
0.539855
0.544089
0.547821
0.55104
0.553738
0.555905
0.557536
0.558626
0.559172
0.559172
0.558626
0.557536
0.555905
0.553738
0.55104
0.547821
0.544089
0.539855
0.535131
0.52993
0.524268
0.51816
0.511624
0.504676
0.497338
0.489627
0.481566
0.473175
0.464476
0.455492
0.446246
0.436761
0.42706
0.417167
0.407106
0.396899
0.386571
0.376144
0.365641
0.355084
0.344496
0.333897
0.323308
0.312749
0.30224
0.291799
0.281444
0.271191
0.261057
0.251056
0.241202
0.231509
0.221989
0.212653
0.20351
0.19457
0.185841
0.177331
0.169045
0.16099
0.153168
0.145584
0.138241
0.131139
0.124282
0.117667
0.111297
0.105168
0.0992797
0.0936296
0.088215
0.0830323
0.0780779
0.0733474
0.0688362
0.0645395
0.0604518
0.0565679
0.0528817
0.0493876
0.0460792
0.0429506
0.0399953
0.0372069
0.0345792
0.0321057
0.0297801
0.0275959
0.025547
0.0236271
0.0218302
0.0201502
0.0185814
0.017118
0.0157544
0.0144853
0.0133055
0.0122098
0.0111934
0.0102516
0.00937987
0.00857389
0.00782952
0.0071428
0.00650995
0.00592738
0.00539167
0.00489959
0.00444808
0.00403423
0.00365532
0.00330876
0.00299214
0.00270317
0.00243973
0.00219981
0.00198155
0.0017832
0.00160314
0.00143985
0.00129194
0.00115809
0.00103709
0.000927826
0.000829265
0.00074045
0.000660502
0.000588612
0.000524033
0.000466085
0.00041414
0.000367625
0.000326016
0.000288834
0.000255643
0.000226045
0.000199679
0.000176216
0.000155358
0.000136836
0.000120404
0.000105842
9.29501e-05
8.1549e-05
7.14764e-05
6.25869e-05
5.47494e-05
4.78466e-05
4.17734e-05
3.64354e-05
3.17485e-05
2.76375e-05
2.40353e-05
2.08822e-05
1.81251e-05
1.57166e-05
1.36149e-05
1.17827e-05
1.01871e-05
8.79903e-06
7.59265e-06
6.54527e-06
5.63687e-06
4.8498e-06
4.16856e-06
3.57952e-06
3.0707e-06
2.63165e-06
2.25317e-06
1.92724e-06
1.64684e-06
1.40587e-06
1.19899e-06
1.02155e-06
8.69522e-07
7.39396e-07
6.28131e-07
5.33088e-07
4.51984e-07
3.82845e-07
3.23966e-07
2.73875e-07
2.31302e-07
1.95157e-07
1.64499e-07
1.38522e-07
1.16533e-07
9.79395e-08
8.22321e-08
6.89764e-08
5.7801e-08
4.8389e-08
4.047e-08
3.38139e-08
2.8225e-08
2.35369e-08
1.96083e-08
1.63194e-08
1.3569e-08
1.12711e-08
9.35319e-09
0.0754543
0.0802423
0.0852508
0.0904835
0.0959437
0.101634
0.107557
0.113714
0.120105
0.126733
0.133595
0.140692
0.148021
0.15558
0.163365
0.171372
0.179597
0.188032
0.196671
0.205507
0.21453
0.22373
0.233097
0.24262
0.252285
0.262078
0.271987
0.281994
0.292084
0.30224
0.312444
0.322677
0.33292
0.343153
0.353355
0.363505
0.373581
0.383563
0.393426
0.40315
0.41271
0.422085
0.431251
0.440187
0.448868
0.457275
0.465384
0.473175
0.480626
0.487718
0.494432
0.500749
0.506652
0.512124
0.517149
0.521715
0.525806
0.529413
0.532524
0.535131
0.537225
0.538801
0.539855
0.540382
0.540382
0.539855
0.538801
0.537225
0.535131
0.532524
0.529413
0.525806
0.521715
0.517149
0.512124
0.506652
0.500749
0.494432
0.487718
0.480626
0.473175
0.465384
0.457275
0.448868
0.440187
0.431251
0.422085
0.41271
0.40315
0.393426
0.383563
0.373581
0.363505
0.353355
0.343153
0.33292
0.322677
0.312444
0.30224
0.292084
0.281994
0.271987
0.262078
0.252285
0.24262
0.233097
0.22373
0.21453
0.205507
0.196671
0.188032
0.179597
0.171372
0.163365
0.15558
0.148021
0.140692
0.133595
0.126733
0.120105
0.113714
0.107557
0.101634
0.0959437
0.0904835
0.0852508
0.0802423
0.0754543
0.0708827
0.0665232
0.0623708
0.0584205
0.054667
0.0511048
0.047728
0.0445309
0.0415073
0.0386513
0.0359567
0.0334173
0.0310269
0.0287794
0.0266686
0.0246885
0.0228332
0.0210966
0.0194731
0.017957
0.0165428
0.015225
0.0139986
0.0128584
0.0117995
0.0108173
0.00990712
0.00906469
0.00828579
0.00756644
0.00690279
0.0062912
0.0057282
0.0052105
0.00473495
0.00429861
0.00389867
0.00353249
0.00319758
0.00289159
0.00261234
0.00235775
0.00212589
0.00191496
0.00172328
0.00154927
0.00139147
0.00124853
0.00111917
0.00100224
0.000896649
0.0008014
0.00071557
0.000638308
0.000568833
0.000506425
0.000450424
0.000400224
0.000355272
0.000315061
0.000279129
0.000247053
0.00021845
0.000192969
0.000170295
0.000150138
0.000132238
0.000116358
0.000102285
8.98268e-05
7.88088e-05
6.90747e-05
6.04838e-05
5.29097e-05
4.62389e-05
4.03697e-05
3.52111e-05
3.06817e-05
2.67088e-05
2.32277e-05
2.01806e-05
1.75161e-05
1.51885e-05
1.31574e-05
1.13868e-05
9.84483e-06
8.50336e-06
7.33752e-06
6.32534e-06
5.44746e-06
4.68684e-06
4.02849e-06
3.45924e-06
2.96752e-06
2.54322e-06
2.17746e-06
1.86248e-06
1.59151e-06
1.35863e-06
1.1587e-06
9.87224e-07
8.40304e-07
7.14551e-07
6.07024e-07
5.15175e-07
4.36796e-07
3.69981e-07
3.1308e-07
2.64672e-07
2.2353e-07
1.88599e-07
1.58971e-07
1.33867e-07
1.12618e-07
9.46485e-08
7.94689e-08
6.66586e-08
5.58588e-08
4.6763e-08
3.91101e-08
3.26777e-08
2.72766e-08
2.2746e-08
1.89494e-08
1.57711e-08
1.3113e-08
1.08924e-08
9.0389e-09
0.0728477
0.0774702
0.0823057
0.0873577
0.0926292
0.098123
0.103841
0.109785
0.115956
0.122355
0.12898
0.135832
0.142908
0.150205
0.157722
0.165452
0.173393
0.181536
0.189877
0.198408
0.207119
0.216001
0.225045
0.234238
0.243569
0.253025
0.262591
0.272252
0.281994
0.291799
0.30165
0.31153
0.321419
0.331298
0.341148
0.350947
0.360676
0.370312
0.379835
0.389223
0.398453
0.407504
0.416353
0.42498
0.433362
0.441478
0.449307
0.456828
0.464022
0.47087
0.477352
0.48345
0.489149
0.494432
0.499284
0.503692
0.507642
0.511124
0.514128
0.516644
0.518667
0.520188
0.521205
0.521715
0.521715
0.521205
0.520188
0.518667
0.516644
0.514128
0.511124
0.507642
0.503692
0.499284
0.494432
0.489149
0.48345
0.477352
0.47087
0.464022
0.456828
0.449307
0.441478
0.433362
0.42498
0.416353
0.407504
0.398453
0.389223
0.379835
0.370312
0.360676
0.350947
0.341148
0.331298
0.321419
0.31153
0.30165
0.291799
0.281994
0.272252
0.262591
0.253025
0.243569
0.234238
0.225045
0.216001
0.207119
0.198408
0.189877
0.181536
0.173393
0.165452
0.157722
0.150205
0.142908
0.135832
0.12898
0.122355
0.115956
0.109785
0.103841
0.098123
0.0926292
0.0873577
0.0823057
0.0774702
0.0728477
0.0684341
0.0642251
0.0602162
0.0564024
0.0527786
0.0493394
0.0460792
0.0429925
0.0400735
0.0373161
0.0347146
0.0322629
0.0299551
0.0277852
0.0257473
0.0238357
0.0220444
0.0203678
0.0188004
0.0173367
0.0159713
0.0146991
0.013515
0.0124142
0.0113919
0.0104436
0.00956487
0.00875154
0.00799956
0.00730505
0.00666433
0.00607387
0.00553032
0.0050305
0.00457138
0.00415012
0.00376399
0.00341046
0.00308712
0.0027917
0.00252209
0.0022763
0.00205245
0.00184881
0.00166375
0.00149575
0.0013434
0.0012054
0.00108051
0.000967617
0.000865674
0.000773715
0.00069085
0.000616257
0.000549182
0.00048893
0.000434863
0.000386398
0.000342999
0.000304177
0.000269486
0.000238518
0.000210903
0.000186303
0.000164412
0.000144952
0.00012767
0.000112338
9.87519e-05
8.67237e-05
7.60863e-05
6.66885e-05
5.83944e-05
5.10819e-05
4.46415e-05
3.89751e-05
3.39947e-05
2.96217e-05
2.57861e-05
2.24253e-05
1.94834e-05
1.6911e-05
1.46638e-05
1.27029e-05
1.09934e-05
9.50473e-06
8.20961e-06
7.08404e-06
6.10683e-06
5.25927e-06
4.52493e-06
3.88932e-06
3.33973e-06
2.86501e-06
2.45536e-06
2.10223e-06
1.79814e-06
1.53653e-06
1.3117e-06
1.11867e-06
9.5312e-07
8.11275e-07
6.89867e-07
5.86054e-07
4.97378e-07
4.21707e-07
3.572e-07
3.02265e-07
2.55529e-07
2.15808e-07
1.82084e-07
1.5348e-07
1.29243e-07
1.08727e-07
9.13788e-08
7.67236e-08
6.43559e-08
5.39291e-08
4.51475e-08
3.7759e-08
3.15489e-08
2.63343e-08
2.19602e-08
1.82948e-08
1.52263e-08
1.26601e-08
1.05161e-08
8.72665e-09
0.0702625
0.074721
0.0793849
0.0842576
0.089342
0.0946409
0.100156
0.105889
0.111841
0.118013
0.124403
0.131011
0.137836
0.144875
0.152124
0.159581
0.167239
0.175094
0.183139
0.191367
0.199769
0.208336
0.217059
0.225926
0.234926
0.244046
0.253272
0.262591
0.271987
0.281444
0.290946
0.300474
0.310013
0.319541
0.329041
0.338493
0.347876
0.357171
0.366356
0.37541
0.384313
0.393042
0.401578
0.409899
0.417983
0.425811
0.433362
0.440617
0.447555
0.45416
0.460411
0.466294
0.47179
0.476886
0.481566
0.485817
0.489627
0.492986
0.495883
0.49831
0.50026
0.501728
0.502709
0.5032
0.5032
0.502709
0.501728
0.50026
0.49831
0.495883
0.492986
0.489627
0.485817
0.481566
0.476886
0.47179
0.466294
0.460411
0.45416
0.447555
0.440617
0.433362
0.425811
0.417983
0.409899
0.401578
0.393042
0.384313
0.37541
0.366356
0.357171
0.347876
0.338493
0.329041
0.319541
0.310013
0.300474
0.290946
0.281444
0.271987
0.262591
0.253272
0.244046
0.234926
0.225926
0.217059
0.208336
0.199769
0.191367
0.183139
0.175094
0.167239
0.159581
0.152124
0.144875
0.137836
0.131011
0.124403
0.118013
0.111841
0.105889
0.100156
0.0946409
0.089342
0.0842576
0.0793849
0.074721
0.0702625
0.0660055
0.0619459
0.0580792
0.0544008
0.0509056
0.0475884
0.044444
0.0414668
0.0386513
0.0359918
0.0334826
0.0311179
0.028892
0.0267992
0.0248336
0.0229898
0.0212621
0.019645
0.0181332
0.0167214
0.0154045
0.0141774
0.0130354
0.0119736
0.0109876
0.010073
0.00922543
0.00844097
0.00771567
0.00704581
0.00642782
0.00585832
0.00533406
0.00485198
0.00440915
0.00400284
0.00363042
0.00328943
0.00297756
0.00269263
0.00243259
0.00219552
0.00197961
0.0017832
0.00160471
0.00144267
0.00129573
0.00116262
0.00104216
0.000933279
0.000834953
0.000746258
0.000666333
0.000594388
0.000529693
0.000471579
0.000419431
0.000372686
0.000330827
0.000293383
0.000259923
0.000230054
0.000203419
0.000179692
0.000158577
0.000139807
0.000123139
0.000108352
9.52474e-05
8.36461e-05
7.33861e-05
6.43218e-05
5.63221e-05
4.92691e-05
4.30573e-05
3.75919e-05
3.27883e-05
2.85705e-05
2.4871e-05
2.16294e-05
1.8792e-05
1.63108e-05
1.41434e-05
1.22521e-05
1.06033e-05
9.16743e-06
7.91827e-06
6.83264e-06
5.89011e-06
5.07263e-06
4.36435e-06
3.7513e-06
3.22121e-06
2.76334e-06
2.36823e-06
2.02763e-06
1.73432e-06
1.482e-06
1.26515e-06
1.07897e-06
9.19296e-07
7.82485e-07
6.65385e-07
5.65256e-07
4.79727e-07
4.06742e-07
3.44524e-07
2.91538e-07
2.4646e-07
2.08149e-07
1.75622e-07
1.48033e-07
1.24656e-07
1.04869e-07
8.8136e-08
7.40008e-08
6.2072e-08
5.20153e-08
4.35454e-08
3.64191e-08
3.04293e-08
2.53998e-08
2.11809e-08
1.76455e-08
1.46859e-08
1.22108e-08
1.01429e-08
8.41696e-09
0.0677029
0.071999
0.076493
0.0811881
0.0860874
0.0911932
0.0965075
0.102032
0.107767
0.113714
0.119871
0.126239
0.132815
0.139597
0.146583
0.153767
0.161147
0.168716
0.176467
0.184395
0.192491
0.200746
0.209151
0.217695
0.226367
0.235155
0.244046
0.253025
0.262078
0.271191
0.280347
0.289528
0.298719
0.307901
0.317054
0.326162
0.335203
0.344159
0.35301
0.361734
0.370312
0.378724
0.386949
0.394966
0.402756
0.410299
0.417575
0.424565
0.431251
0.437615
0.443639
0.449307
0.454603
0.459513
0.464022
0.468119
0.47179
0.475026
0.477818
0.480157
0.482036
0.48345
0.484396
0.484869
0.484869
0.484396
0.48345
0.482036
0.480157
0.477818
0.475026
0.47179
0.468119
0.464022
0.459513
0.454603
0.449307
0.443639
0.437615
0.431251
0.424565
0.417575
0.410299
0.402756
0.394966
0.386949
0.378724
0.370312
0.361734
0.35301
0.344159
0.335203
0.326162
0.317054
0.307901
0.298719
0.289528
0.280347
0.271191
0.262078
0.253025
0.244046
0.235155
0.226367
0.217695
0.209151
0.200746
0.192491
0.184395
0.176467
0.168716
0.161147
0.153767
0.146583
0.139597
0.132815
0.126239
0.119871
0.113714
0.107767
0.102032
0.0965075
0.0911932
0.0860874
0.0811881
0.076493
0.071999
0.0677029
0.0636009
0.0596892
0.0559634
0.052419
0.0490511
0.0458548
0.0428249
0.0399562
0.0372433
0.0346807
0.0322629
0.0299843
0.0278395
0.0258229
0.023929
0.0221523
0.0204875
0.0189294
0.0174726
0.0161123
0.0148433
0.013661
0.0125605
0.0115374
0.0105873
0.00970601
0.00888936
0.00813347
0.00743459
0.00678914
0.00619366
0.0056449
0.00513974
0.00467522
0.00424853
0.00385702
0.00349816
0.0031696
0.00286909
0.00259454
0.00234397
0.00211554
0.0019075
0.00171824
0.00154625
0.00139011
0.00124853
0.00112027
0.0010042
0.00089928
0.000804537
0.000719072
0.000642059
0.000572735
0.000510397
0.0004544
0.000404152
0.000359109
0.000318775
0.000282695
0.000250454
0.000221673
0.000196008
0.000173146
0.000152801
0.000134714
0.000118653
0.000104405
9.17776e-05
8.05989e-05
7.07127e-05
6.19786e-05
5.42703e-05
4.74743e-05
4.14888e-05
3.62225e-05
3.15938e-05
2.75297e-05
2.3965e-05
2.08415e-05
1.81074e-05
1.57166e-05
1.36282e-05
1.18058e-05
1.0217e-05
8.83347e-06
7.62981e-06
6.58374e-06
5.67554e-06
4.88784e-06
4.20536e-06
3.61464e-06
3.10387e-06
2.66267e-06
2.28195e-06
1.95377e-06
1.67114e-06
1.42801e-06
1.21906e-06
1.03967e-06
8.85806e-07
7.5398e-07
6.41145e-07
5.44665e-07
4.62251e-07
3.91924e-07
3.31973e-07
2.80917e-07
2.37482e-07
2.00567e-07
1.69224e-07
1.4264e-07
1.20115e-07
1.01048e-07
8.49253e-08
7.1305e-08
5.98108e-08
5.01204e-08
4.1959e-08
3.50923e-08
2.93207e-08
2.44745e-08
2.04093e-08
1.70027e-08
1.41509e-08
1.17659e-08
9.77338e-09
8.11033e-09
0.0651728
0.0693084
0.0736344
0.0781541
0.0828703
0.0877853
0.092901
0.0982189
0.10374
0.109464
0.115392
0.121521
0.127852
0.13438
0.141105
0.148021
0.155125
0.162411
0.169873
0.177504
0.185298
0.193245
0.201335
0.20956
0.217908
0.226367
0.234926
0.243569
0.252285
0.261057
0.26987
0.278709
0.287556
0.296394
0.305206
0.313973
0.322677
0.331298
0.339818
0.348216
0.356474
0.364571
0.372489
0.380206
0.387705
0.394966
0.40197
0.408699
0.415135
0.421261
0.42706
0.432517
0.437615
0.442341
0.446682
0.450625
0.45416
0.457275
0.459962
0.462213
0.464022
0.465384
0.466294
0.466749
0.466749
0.466294
0.465384
0.464022
0.462213
0.459962
0.457275
0.45416
0.450625
0.446682
0.442341
0.437615
0.432517
0.42706
0.421261
0.415135
0.408699
0.40197
0.394966
0.387705
0.380206
0.372489
0.364571
0.356474
0.348216
0.339818
0.331298
0.322677
0.313973
0.305206
0.296394
0.287556
0.278709
0.26987
0.261057
0.252285
0.243569
0.234926
0.226367
0.217908
0.20956
0.201335
0.193245
0.185298
0.177504
0.169873
0.162411
0.155125
0.148021
0.141105
0.13438
0.127852
0.121521
0.115392
0.109464
0.10374
0.0982189
0.092901
0.0877853
0.0828703
0.0781541
0.0736344
0.0693084
0.0651728
0.0612242
0.0574587
0.0538721
0.0504601
0.0472181
0.0441412
0.0412246
0.0384631
0.0358515
0.0333847
0.0310572
0.0288638
0.0267992
0.0248579
0.0230347
0.0213245
0.0197219
0.018222
0.0168197
0.0155102
0.0142886
0.0131505
0.0120911
0.0111063
0.0101917
0.0093433
0.00855717
0.00782952
0.00715676
0.00653543
0.00596221
0.00543396
0.00494767
0.00450051
0.00408977
0.00371288
0.00336744
0.00305115
0.00276187
0.00249758
0.00225638
0.00203648
0.00183622
0.00165403
0.00148847
0.00133817
0.00120187
0.0010784
0.000966673
0.000865674
0.000774471
0.000692201
0.000618066
0.000551332
0.000491323
0.000437419
0.000389048
0.000345689
0.000306862
0.000272131
0.000241094
0.000213389
0.000188684
0.000166675
0.00014709
0.00012968
0.000114219
0.000100503
8.83479e-05
7.75869e-05
6.80702e-05
5.96625e-05
5.22422e-05
4.57002e-05
3.99383e-05
3.48689e-05
3.04132e-05
2.65009e-05
2.30694e-05
2.00627e-05
1.74307e-05
1.51293e-05
1.31189e-05
1.13646e-05
9.83522e-06
8.50336e-06
7.34469e-06
6.3377e-06
5.46344e-06
4.70518e-06
4.04821e-06
3.47956e-06
2.98788e-06
2.56317e-06
2.19668e-06
1.88075e-06
1.60869e-06
1.37465e-06
1.1735e-06
1.00081e-06
8.52704e-07
7.25804e-07
6.17186e-07
5.24311e-07
4.44977e-07
3.77278e-07
3.19567e-07
2.7042e-07
2.28607e-07
1.93072e-07
1.629e-07
1.3731e-07
1.15627e-07
9.72723e-08
8.17516e-08
6.86404e-08
5.75757e-08
4.82474e-08
4.0391e-08
3.37809e-08
2.8225e-08
2.35599e-08
1.96466e-08
1.63673e-08
1.36221e-08
1.13263e-08
9.40815e-09
7.80725e-09
0.0626761
0.0666532
0.0708135
0.0751601
0.0796956
0.0844223
0.089342
0.0944562
0.0997656
0.105271
0.110971
0.116866
0.122954
0.129232
0.135699
0.142351
0.149182
0.156189
0.163365
0.170704
0.178199
0.185841
0.193622
0.201532
0.20956
0.217695
0.225926
0.234238
0.24262
0.251056
0.259532
0.268032
0.27654
0.28504
0.293514
0.301945
0.310315
0.318606
0.3268
0.334876
0.342818
0.350605
0.358219
0.365641
0.372853
0.379835
0.386571
0.393042
0.399232
0.405123
0.4107
0.415947
0.42085
0.425395
0.42957
0.433362
0.436761
0.439757
0.442341
0.444506
0.446246
0.447555
0.44843
0.448868
0.448868
0.44843
0.447555
0.446246
0.444506
0.442341
0.439757
0.436761
0.433362
0.42957
0.425395
0.42085
0.415947
0.4107
0.405123
0.399232
0.393042
0.386571
0.379835
0.372853
0.365641
0.358219
0.350605
0.342818
0.334876
0.3268
0.318606
0.310315
0.301945
0.293514
0.28504
0.27654
0.268032
0.259532
0.251056
0.24262
0.234238
0.225926
0.217695
0.20956
0.201532
0.193622
0.185841
0.178199
0.170704
0.163365
0.156189
0.149182
0.142351
0.135699
0.129232
0.122954
0.116866
0.110971
0.105271
0.0997656
0.0944562
0.089342
0.0844223
0.0796956
0.0751601
0.0708135
0.0666532
0.0626761
0.0588787
0.0552575
0.0518083
0.048527
0.0454092
0.0424502
0.0396453
0.0369896
0.0344781
0.0321057
0.0298674
0.0277581
0.0257725
0.0239056
0.0221523
0.0205075
0.0189664
0.0175239
0.0161753
0.014916
0.0137412
0.0126467
0.0116279
0.0106808
0.00980126
0.00898536
0.00822935
0.00752958
0.00688259
0.00628506
0.0057338
0.00522578
0.00475813
0.0043281
0.00393309
0.00357064
0.00323843
0.00293426
0.00265607
0.0024019
0.00216994
0.00195846
0.00176587
0.00159066
0.00143144
0.0012869
0.00115583
0.00103709
0.00092964
0.000832511
0.000744802
0.000665683
0.000594388
0.000530211
0.000472501
0.000420662
0.000374144
0.000332446
0.000295107
0.000261705
0.000231858
0.000205214
0.000181455
0.00016029
0.000141455
0.000124712
0.000109843
9.66529e-05
8.49633e-05
7.46146e-05
6.54625e-05
5.73769e-05
5.02409e-05
4.39494e-05
3.84083e-05
3.35331e-05
2.92481e-05
2.54857e-05
2.21857e-05
1.92941e-05
1.6763e-05
1.45497e-05
1.26163e-05
1.09292e-05
9.45844e-06
8.1776e-06
7.06332e-06
6.09491e-06
5.25414e-06
4.52493e-06
3.89312e-06
3.34626e-06
2.87341e-06
2.46497e-06
2.11252e-06
1.8087e-06
1.54707e-06
1.32198e-06
1.12855e-06
9.62473e-07
8.20037e-07
6.97999e-07
5.93542e-07
5.04225e-07
4.2793e-07
3.62825e-07
3.07325e-07
2.6006e-07
2.1985e-07
1.85675e-07
1.5666e-07
1.3205e-07
1.11197e-07
9.35458e-08
7.86198e-08
6.60108e-08
5.537e-08
4.63991e-08
3.88437e-08
3.24868e-08
2.71437e-08
2.26573e-08
1.8894e-08
1.57403e-08
1.31002e-08
1.08924e-08
9.04773e-09
7.50816e-09
0.0602162
0.0640372
0.0680342
0.0722102
0.0765677
0.0811089
0.0858355
0.090749
0.09585
0.101139
0.106616
0.112279
0.118128
0.12416
0.130373
0.136764
0.143327
0.150059
0.156953
0.164005
0.171205
0.178548
0.186023
0.193622
0.201335
0.209151
0.217059
0.225045
0.233097
0.241202
0.249345
0.257512
0.265686
0.273852
0.281994
0.290094
0.298136
0.306102
0.313973
0.321733
0.329363
0.336844
0.344159
0.35129
0.358219
0.364927
0.371399
0.377616
0.383563
0.389223
0.394581
0.399622
0.404333
0.408699
0.41271
0.416353
0.419619
0.422497
0.42498
0.42706
0.428732
0.42999
0.43083
0.431251
0.431251
0.43083
0.42999
0.428732
0.42706
0.42498
0.422497
0.419619
0.416353
0.41271
0.408699
0.404333
0.399622
0.394581
0.389223
0.383563
0.377616
0.371399
0.364927
0.358219
0.35129
0.344159
0.336844
0.329363
0.321733
0.313973
0.306102
0.298136
0.290094
0.281994
0.273852
0.265686
0.257512
0.249345
0.241202
0.233097
0.225045
0.217059
0.209151
0.201335
0.193622
0.186023
0.178548
0.171205
0.164005
0.156953
0.150059
0.143327
0.136764
0.130373
0.12416
0.118128
0.112279
0.106616
0.101139
0.09585
0.090749
0.0858355
0.0811089
0.0765677
0.0722102
0.0680342
0.0640372
0.0602162
0.0565679
0.0530887
0.0497749
0.0466224
0.043627
0.0407841
0.0380893
0.0355378
0.0331249
0.0308456
0.0286952
0.0266686
0.024761
0.0229673
0.0212829
0.0197027
0.018222
0.0168361
0.0155405
0.0143306
0.0132019
0.0121503
0.0111716
0.0102616
0.00941658
0.00863271
0.00790636
0.00723406
0.00661246
0.00603838
0.00550876
0.00502068
0.00457138
0.00415823
0.00377872
0.0034305
0.00311133
0.0028191
0.00255182
0.00230763
0.00208477
0.0018816
0.00169656
0.00152823
0.00137526
0.00123639
0.00111046
0.000996385
0.000893154
0.000799836
0.00071557
0.000639556
0.000571059
0.000509401
0.000453956
0.000404152
0.00035946
0.000319398
0.000283524
0.000251434
0.000222758
0.00019716
0.000174333
0.000153999
0.000135904
0.000119817
0.000105532
9.28594e-05
8.16287e-05
7.16862e-05
6.28932e-05
5.51249e-05
4.8269e-05
4.22245e-05
3.69009e-05
3.2217e-05
2.81001e-05
2.44854e-05
2.13149e-05
1.85368e-05
1.61051e-05
1.39787e-05
1.21212e-05
1.05003e-05
9.08721e-06
7.85665e-06
6.7861e-06
5.8557e-06
5.04793e-06
4.34734e-06
3.74033e-06
3.21493e-06
2.76064e-06
2.36823e-06
2.02961e-06
1.73772e-06
1.48635e-06
1.2701e-06
1.08425e-06
9.24698e-07
7.87852e-07
6.70603e-07
5.70246e-07
4.84435e-07
4.11134e-07
3.48585e-07
2.95263e-07
2.49853e-07
2.11221e-07
1.78388e-07
1.50511e-07
1.26867e-07
1.06833e-07
8.98743e-08
7.55341e-08
6.342e-08
5.31968e-08
4.4578e-08
3.73191e-08
3.12118e-08
2.60784e-08
2.17681e-08
1.81524e-08
1.51225e-08
1.25861e-08
1.04648e-08
8.69262e-09
7.21348e-09
0.0577963
0.0614638
0.0653002
0.0693084
0.0734908
0.0778494
0.0823862
0.0871021
0.0919982
0.0970746
0.102331
0.107767
0.113381
0.119171
0.125134
0.131268
0.137567
0.144028
0.150646
0.157414
0.164325
0.171372
0.178548
0.185841
0.193245
0.200746
0.208336
0.216001
0.22373
0.231509
0.239325
0.247164
0.255009
0.262847
0.270662
0.278437
0.286155
0.293801
0.301356
0.308804
0.316127
0.323308
0.330329
0.337173
0.343823
0.350263
0.356474
0.362441
0.368149
0.373581
0.378724
0.383563
0.388084
0.392275
0.396125
0.399622
0.402756
0.405519
0.407902
0.409899
0.411503
0.41271
0.413517
0.413921
0.413921
0.413517
0.41271
0.411503
0.409899
0.407902
0.405519
0.402756
0.399622
0.396125
0.392275
0.388084
0.383563
0.378724
0.373581
0.368149
0.362441
0.356474
0.350263
0.343823
0.337173
0.330329
0.323308
0.316127
0.308804
0.301356
0.293801
0.286155
0.278437
0.270662
0.262847
0.255009
0.247164
0.239325
0.231509
0.22373
0.216001
0.208336
0.200746
0.193245
0.185841
0.178548
0.171372
0.164325
0.157414
0.150646
0.144028
0.137567
0.131268
0.125134
0.119171
0.113381
0.107767
0.102331
0.0970746
0.0919982
0.0871021
0.0823862
0.0778494
0.0734908
0.0693084
0.0653002
0.0614638
0.0577963
0.0542946
0.0509553
0.0477747
0.0447489
0.0418738
0.0391452
0.0365586
0.0341097
0.0317937
0.0296061
0.0275421
0.0255969
0.0237659
0.0220444
0.0204276
0.0189109
0.0174897
0.0161595
0.014916
0.0137547
0.0126714
0.011662
0.0107226
0.00984924
0.00903817
0.00828579
0.00758864
0.00694335
0.00634674
0.00579572
0.00528738
0.00481892
0.00438768
0.00399113
0.00362687
0.00329264
0.0029863
0.00270581
0.00244928
0.0022149
0.00200099
0.00180598
0.00162839
0.00146682
0.00132
0.00118671
0.00106584
0.000956344
0.000857261
0.000767694
0.000686814
0.000613855
0.000548111
0.00048893
0.000435714
0.00038791
0.000345015
0.000306563
0.000272131
0.00024133
0.000213806
0.000189237
0.000167328
0.00014781
0.000130442
0.000115003
0.000101291
8.91278e-05
7.83483e-05
6.88054e-05
6.03658e-05
5.29097e-05
4.63293e-05
4.05277e-05
3.5418e-05
3.09223e-05
2.69709e-05
2.35015e-05
2.04584e-05
1.77919e-05
1.54579e-05
1.34169e-05
1.16341e-05
1.00783e-05
8.72203e-06
7.54092e-06
6.51339e-06
5.62038e-06
4.84507e-06
4.17263e-06
3.59002e-06
3.08573e-06
2.6497e-06
2.27306e-06
1.94805e-06
1.66788e-06
1.42662e-06
1.21906e-06
1.04068e-06
8.87538e-07
7.56192e-07
6.43655e-07
5.47331e-07
4.64967e-07
3.94613e-07
3.34576e-07
2.83397e-07
2.39813e-07
2.02733e-07
1.71219e-07
1.44463e-07
1.21769e-07
1.0254e-07
8.62626e-08
7.24987e-08
6.08714e-08
5.1059e-08
4.27866e-08
3.58194e-08
2.99575e-08
2.50304e-08
2.08933e-08
1.74229e-08
1.45148e-08
1.20803e-08
1.00443e-08
8.3433e-09
6.9236e-09
0.0554196
0.0589363
0.0626149
0.0664582
0.0704686
0.0746481
0.0789982
0.0835203
0.088215
0.0930826
0.098123
0.103335
0.108718
0.11427
0.119988
0.125869
0.13191
0.138106
0.144451
0.150941
0.157568
0.164325
0.171205
0.178199
0.185298
0.192491
0.199769
0.207119
0.21453
0.221989
0.229484
0.236999
0.244523
0.252038
0.259532
0.266987
0.274388
0.281719
0.288963
0.296105
0.303127
0.310013
0.316745
0.323308
0.329685
0.335859
0.341815
0.347537
0.35301
0.358219
0.36315
0.36779
0.372125
0.376144
0.379835
0.383188
0.386194
0.388843
0.391128
0.393042
0.394581
0.395738
0.396512
0.396899
0.396899
0.396512
0.395738
0.394581
0.393042
0.391128
0.388843
0.386194
0.383188
0.379835
0.376144
0.372125
0.36779
0.36315
0.358219
0.35301
0.347537
0.341815
0.335859
0.329685
0.323308
0.316745
0.310013
0.303127
0.296105
0.288963
0.281719
0.274388
0.266987
0.259532
0.252038
0.244523
0.236999
0.229484
0.221989
0.21453
0.207119
0.199769
0.192491
0.185298
0.178199
0.171205
0.164325
0.157568
0.150941
0.144451
0.138106
0.13191
0.125869
0.119988
0.11427
0.108718
0.103335
0.098123
0.0930826
0.088215
0.0835203
0.0789982
0.0746481
0.0704686
0.0664582
0.0626149
0.0589363
0.0554196
0.0520619
0.0488599
0.04581
0.0429087
0.0401518
0.0375354
0.0350552
0.032707
0.0304863
0.0283886
0.0264095
0.0245443
0.0227886
0.0211379
0.0195875
0.0181332
0.0167705
0.015495
0.0143026
0.013189
0.0121503
0.0111825
0.0102817
0.00944421
0.00866649
0.00794506
0.00727657
0.00665782
0.00608574
0.00555739
0.00506995
0.00462075
0.00420724
0.003827
0.00347772
0.00315724
0.00286349
0.00259454
0.00234855
0.00212382
0.00191871
0.00173172
0.00156142
0.0014065
0.00126571
0.00113791
0.00102201
0.000917017
0.000822009
0.000736124
0.00065857
0.000588612
0.000525571
0.000468824
0.000417796
0.000371958
0.000330827
0.000293956
0.00026094
0.000231406
0.000205014
0.000181455
0.000160447
0.000141732
0.000125078
0.000110273
9.7126e-05
8.54626e-05
7.51264e-05
6.59759e-05
5.78834e-05
5.07339e-05
4.44241e-05
3.88611e-05
3.39615e-05
2.96507e-05
2.58618e-05
2.2535e-05
1.96171e-05
1.70602e-05
1.48222e-05
1.28652e-05
1.11557e-05
9.66384e-06
8.36336e-06
7.23082e-06
6.24554e-06
5.38925e-06
4.64583e-06
4.00104e-06
3.44239e-06
2.95884e-06
2.54074e-06
2.17958e-06
1.86794e-06
1.5993e-06
1.36795e-06
1.16893e-06
9.97886e-07
8.5104e-07
7.25095e-07
6.17186e-07
5.24823e-07
4.45847e-07
3.78385e-07
3.20818e-07
2.71743e-07
2.29951e-07
1.94396e-07
1.64178e-07
1.38522e-07
1.16761e-07
9.83228e-08
8.27153e-08
6.95174e-08
5.83682e-08
4.89594e-08
4.10271e-08
3.43464e-08
2.87256e-08
2.40011e-08
2.00341e-08
1.67065e-08
1.39179e-08
1.15835e-08
9.63126e-09
8.0002e-09
6.63888e-09
0.0530887
0.0564575
0.0599814
0.0636631
0.0675048
0.0715085
0.0756757
0.0800075
0.0845048
0.0891677
0.0939961
0.0989892
0.104146
0.109464
0.114942
0.120576
0.126362
0.132297
0.138376
0.144592
0.150941
0.157414
0.164005
0.170704
0.177504
0.184395
0.191367
0.198408
0.205507
0.212653
0.219832
0.227032
0.234238
0.241438
0.248616
0.255758
0.262847
0.26987
0.27681
0.283651
0.290378
0.296974
0.303423
0.30971
0.315818
0.321733
0.327438
0.33292
0.338163
0.343153
0.347876
0.352321
0.356474
0.360324
0.36386
0.367072
0.369951
0.372489
0.374678
0.376512
0.377985
0.379094
0.379835
0.380206
0.380206
0.379835
0.379094
0.377985
0.376512
0.374678
0.372489
0.369951
0.367072
0.36386
0.360324
0.356474
0.352321
0.347876
0.343153
0.338163
0.33292
0.327438
0.321733
0.315818
0.30971
0.303423
0.296974
0.290378
0.283651
0.27681
0.26987
0.262847
0.255758
0.248616
0.241438
0.234238
0.227032
0.219832
0.212653
0.205507
0.198408
0.191367
0.184395
0.177504
0.170704
0.164005
0.157414
0.150941
0.144592
0.138376
0.132297
0.126362
0.120576
0.114942
0.109464
0.104146
0.0989892
0.0939961
0.0891677
0.0845048
0.0800075
0.0756757
0.0715085
0.0675048
0.0636631
0.0599814
0.0564575
0.0530887
0.0498722
0.0468049
0.0438833
0.041104
0.0384631
0.0359567
0.0335809
0.0313314
0.0292041
0.0271946
0.0252987
0.023512
0.0218302
0.0202488
0.0187637
0.0173706
0.0160651
0.0148433
0.013701
0.0126343
0.0116393
0.0107121
0.00984924
0.009047
0.00830199
0.0076109
0.00697053
0.0063778
0.00582978
0.00532365
0.00485672
0.00442641
0.00403029
0.00366604
0.00333146
0.00302445
0.00274306
0.00248542
0.00224978
0.00203449
0.00183801
0.00165888
0.00149575
0.00134735
0.00121248
0.00109005
0.000979023
0.000878448
0.000787436
0.000705164
0.000630872
0.000563855
0.000503466
0.000449106
0.000400224
0.000356314
0.000316913
0.000281593
0.000249965
0.000221673
0.000196392
0.000173823
0.000153699
0.000135771
0.000119817
0.000105635
9.3041e-05
8.18682e-05
7.19667e-05
6.32011e-05
5.54489e-05
4.86001e-05
4.25557e-05
3.72266e-05
3.25331e-05
2.84036e-05
2.47741e-05
2.15872e-05
1.8792e-05
1.63427e-05
1.41988e-05
1.23241e-05
1.06865e-05
9.25739e-06
8.01161e-06
6.9267e-06
5.98286e-06
5.16259e-06
4.45043e-06
3.83277e-06
3.2976e-06
2.8344e-06
2.43388e-06
2.08791e-06
1.78938e-06
1.53203e-06
1.31042e-06
1.11976e-06
9.55916e-07
8.15246e-07
6.94599e-07
5.91228e-07
5.02749e-07
4.27095e-07
3.62471e-07
3.07325e-07
2.60314e-07
2.20279e-07
1.8622e-07
1.57273e-07
1.32696e-07
1.1185e-07
9.41875e-08
7.92364e-08
6.65935e-08
5.59133e-08
4.69002e-08
3.93015e-08
3.29019e-08
2.75174e-08
2.29916e-08
1.91915e-08
1.60038e-08
1.33326e-08
1.10963e-08
9.22618e-09
7.66373e-09
6.35966e-09
0.0508062
0.0540302
0.0574026
0.060926
0.0646025
0.0684341
0.0724221
0.0765677
0.0808716
0.0853341
0.0899549
0.0947333
0.0996682
0.104758
0.11
0.115392
0.120929
0.126609
0.132426
0.138376
0.144451
0.150646
0.156953
0.163365
0.169873
0.176467
0.183139
0.189877
0.196671
0.20351
0.21038
0.217271
0.224168
0.231058
0.237927
0.244762
0.251547
0.258267
0.264909
0.271456
0.277893
0.284206
0.290378
0.296394
0.30224
0.307901
0.313361
0.318606
0.323624
0.328399
0.33292
0.337173
0.341148
0.344832
0.348216
0.35129
0.354045
0.356474
0.358569
0.360324
0.361734
0.362795
0.363505
0.36386
0.36386
0.363505
0.362795
0.361734
0.360324
0.358569
0.356474
0.354045
0.35129
0.348216
0.344832
0.341148
0.337173
0.33292
0.328399
0.323624
0.318606
0.313361
0.307901
0.30224
0.296394
0.290378
0.284206
0.277893
0.271456
0.264909
0.258267
0.251547
0.244762
0.237927
0.231058
0.224168
0.217271
0.21038
0.20351
0.196671
0.189877
0.183139
0.176467
0.169873
0.163365
0.156953
0.150646
0.144451
0.138376
0.132426
0.126609
0.120929
0.115392
0.11
0.104758
0.0996682
0.0947333
0.0899549
0.0853341
0.0808716
0.0765677
0.0724221
0.0684341
0.0646025
0.060926
0.0574026
0.0540302
0.0508062
0.047728
0.0447926
0.0419966
0.0393368
0.0368094
0.0344108
0.0321371
0.0299843
0.0279485
0.0260254
0.024211
0.0225011
0.0208916
0.0193783
0.017957
0.0166237
0.0153744
0.0142052
0.013112
0.0120911
0.0111389
0.0102516
0.00942578
0.00865803
0.00794506
0.00728368
0.00667084
0.0061036
0.00557914
0.00509477
0.00464791
0.0042361
0.00385702
0.00350843
0.00318822
0.00289442
0.00262512
0.00237856
0.00215305
0.00194702
0.00175899
0.00158756
0.00143144
0.00128942
0.00116035
0.00104318
0.000936931
0.000840681
0.000753581
0.000674846
0.000603748
0.000539613
0.00048182
0.000429797
0.000383017
0.000340995
0.000303287
0.000269486
0.000239218
0.000212143
0.000187948
0.00016635
0.00014709
0.000129934
0.000114666
0.000101094
8.90408e-05
7.83483e-05
6.88726e-05
6.04838e-05
5.30649e-05
4.65106e-05
4.07261e-05
3.56261e-05
3.11344e-05
2.71824e-05
2.37089e-05
2.06591e-05
1.7984e-05
1.56401e-05
1.35883e-05
1.17942e-05
1.0227e-05
8.85939e-06
7.66716e-06
6.6289e-06
5.72564e-06
4.94063e-06
4.25909e-06
3.66798e-06
3.15583e-06
2.71253e-06
2.32923e-06
1.99815e-06
1.71245e-06
1.46616e-06
1.25408e-06
1.07162e-06
9.14818e-07
7.80196e-07
6.64735e-07
5.65809e-07
4.81134e-07
4.08732e-07
3.46887e-07
2.94112e-07
2.49122e-07
2.10809e-07
1.78214e-07
1.50511e-07
1.26991e-07
1.07042e-07
9.0138e-08
7.58297e-08
6.37304e-08
5.35094e-08
4.48838e-08
3.76118e-08
3.14873e-08
2.63343e-08
2.20032e-08
1.83664e-08
1.53157e-08
1.27593e-08
1.06193e-08
8.82951e-09
7.33423e-09
6.08623e-09
0.0485744
0.0516567
0.054881
0.0582496
0.0617647
0.0654279
0.0692407
0.0732042
0.0773191
0.0815855
0.0860033
0.0905719
0.09529
0.100156
0.105168
0.110323
0.115617
0.121047
0.126609
0.132297
0.138106
0.144028
0.150059
0.156189
0.162411
0.168716
0.175094
0.181536
0.188032
0.19457
0.201139
0.207726
0.21432
0.220908
0.227475
0.23401
0.240497
0.246922
0.253272
0.259532
0.265686
0.271721
0.277622
0.283374
0.288963
0.294375
0.299595
0.304611
0.309408
0.313973
0.318295
0.322362
0.326162
0.329685
0.33292
0.335859
0.338493
0.340815
0.342818
0.344496
0.345844
0.346859
0.347537
0.347876
0.347876
0.347537
0.346859
0.345844
0.344496
0.342818
0.340815
0.338493
0.335859
0.33292
0.329685
0.326162
0.322362
0.318295
0.313973
0.309408
0.304611
0.299595
0.294375
0.288963
0.283374
0.277622
0.271721
0.265686
0.259532
0.253272
0.246922
0.240497
0.23401
0.227475
0.220908
0.21432
0.207726
0.201139
0.19457
0.188032
0.181536
0.175094
0.168716
0.162411
0.156189
0.150059
0.144028
0.138106
0.132297
0.126609
0.121047
0.115617
0.110323
0.105168
0.100156
0.09529
0.0905719
0.0860033
0.0815855
0.0773191
0.0732042
0.0692407
0.0654279
0.0617647
0.0582496
0.054881
0.0516567
0.0485744
0.0456314
0.0428249
0.0401518
0.0376088
0.0351924
0.0328992
0.0307254
0.0286672
0.0267208
0.0248822
0.0231475
0.0215127
0.0199739
0.018527
0.0171682
0.0158935
0.0146991
0.0135812
0.012536
0.01156
0.0106496
0.00980126
0.00901173
0.00827771
0.00759605
0.00696372
0.0063778
0.00583548
0.00533406
0.00487097
0.00444374
0.00405002
0.00368759
0.00335431
0.00304817
0.00276727
0.00250981
0.00227408
0.00205847
0.00186149
0.00168172
0.00151782
0.00136856
0.00123278
0.00110938
0.000997358
0.000895774
0.000803751
0.000720478
0.000645202
0.000577227
0.000515909
0.000460655
0.000410917
0.000366192
0.000326016
0.000289965
0.000257648
0.00022871
0.000202824
0.000179692
0.000159043
0.000140629
0.000124226
0.000109629
9.66529e-05
8.51294e-05
7.49067e-05
6.58472e-05
5.78269e-05
5.07339e-05
4.44675e-05
3.8937e-05
3.40611e-05
2.97667e-05
2.59884e-05
2.26675e-05
1.97516e-05
1.7194e-05
1.4953e-05
1.29914e-05
1.12761e-05
9.77776e-06
8.47021e-06
7.33036e-06
6.3377e-06
5.47412e-06
4.7236e-06
4.072e-06
3.50685e-06
3.0172e-06
2.59338e-06
2.22692e-06
1.91037e-06
1.63722e-06
1.40176e-06
1.19899e-06
1.02455e-06
8.74632e-07
7.45924e-07
6.35535e-07
5.40954e-07
4.59999e-07
3.90778e-07
3.31649e-07
2.81192e-07
2.38179e-07
2.01548e-07
1.70385e-07
1.439e-07
1.21412e-07
1.02339e-07
8.61784e-08
7.24987e-08
6.09309e-08
5.11589e-08
4.29121e-08
3.59596e-08
3.01041e-08
2.51775e-08
2.10366e-08
1.75596e-08
1.4643e-08
1.21989e-08
1.01528e-08
8.44165e-09
7.01206e-09
5.81888e-09
0.0463953
0.0493394
0.052419
0.0556365
0.0589938
0.0624927
0.0661345
0.0699202
0.0738505
0.0779255
0.0821451
0.0865087
0.0910152
0.095663
0.10045
0.105373
0.11043
0.115617
0.120929
0.126362
0.13191
0.137567
0.143327
0.149182
0.155125
0.161147
0.167239
0.173393
0.179597
0.185841
0.192116
0.198408
0.204706
0.210998
0.217271
0.223512
0.229708
0.235845
0.24191
0.247889
0.253767
0.259532
0.265168
0.270662
0.276
0.281169
0.286155
0.290946
0.295527
0.299888
0.304016
0.307901
0.31153
0.314895
0.317985
0.320792
0.323308
0.325526
0.327438
0.329041
0.330329
0.331298
0.331946
0.33227
0.33227
0.331946
0.331298
0.330329
0.329041
0.327438
0.325526
0.323308
0.320792
0.317985
0.314895
0.31153
0.307901
0.304016
0.299888
0.295527
0.290946
0.286155
0.281169
0.276
0.270662
0.265168
0.259532
0.253767
0.247889
0.24191
0.235845
0.229708
0.223512
0.217271
0.210998
0.204706
0.198408
0.192116
0.185841
0.179597
0.173393
0.167239
0.161147
0.155125
0.149182
0.143327
0.137567
0.13191
0.126362
0.120929
0.115617
0.11043
0.105373
0.10045
0.095663
0.0910152
0.0865087
0.0821451
0.0779255
0.0738505
0.0699202
0.0661345
0.0624927
0.0589938
0.0556365
0.052419
0.0493394
0.0463953
0.0435844
0.0409038
0.0383506
0.0359216
0.0336137
0.0314233
0.029347
0.0273812
0.025522
0.0237659
0.0221091
0.0205476
0.0190778
0.0176959
0.016398
0.0151805
0.0140397
0.0129719
0.0119736
0.0110414
0.0101718
0.00936157
0.00860745
0.00790636
0.00725528
0.00665132
0.00609169
0.00557369
0.00509477
0.00465245
0.00424439
0.00386833
0.00352216
0.00320383
0.00291143
0.00264313
0.00239722
0.00217206
0.00196613
0.00177798
0.00160627
0.00144973
0.00130717
0.00117747
0.00105961
0.000952616
0.000855589
0.000767694
0.000688157
0.000616257
0.000551332
0.000492765
0.000439989
0.000392483
0.000349764
0.00031139
0.000276956
0.00024609
0.00021845
0.000193725
0.000171631
0.000151908
0.00013432
0.000118653
0.000104711
9.23169e-05
8.13104e-05
7.15463e-05
6.28932e-05
5.52327e-05
4.84579e-05
4.24726e-05
3.71903e-05
3.25331e-05
2.84314e-05
2.48225e-05
2.16506e-05
1.88655e-05
1.64227e-05
1.42822e-05
1.24086e-05
1.07703e-05
9.33912e-06
8.09023e-06
7.00151e-06
6.05339e-06
5.22855e-06
4.51169e-06
3.88932e-06
3.34953e-06
2.88184e-06
2.47704e-06
2.12701e-06
1.82467e-06
1.56377e-06
1.33887e-06
1.1452e-06
9.78585e-07
8.35395e-07
7.12461e-07
6.07024e-07
5.16686e-07
4.39363e-07
3.73247e-07
3.16771e-07
2.68577e-07
2.27494e-07
1.92507e-07
1.62741e-07
1.37444e-07
1.15966e-07
9.77484e-08
8.23124e-08
6.92463e-08
5.81975e-08
4.88638e-08
4.0987e-08
3.43464e-08
2.87536e-08
2.4048e-08
2.00929e-08
1.67718e-08
1.39861e-08
1.16516e-08
9.69732e-09
8.06295e-09
6.69749e-09
5.55784e-09
0.0442707
0.0470799
0.0500186
0.0530887
0.0562923
0.059631
0.063106
0.0667183
0.0704686
0.074357
0.0783834
0.0825472
0.0868473
0.0912823
0.09585
0.100548
0.105373
0.110323
0.115392
0.120576
0.125869
0.131268
0.136764
0.142351
0.148021
0.153767
0.159581
0.165452
0.171372
0.177331
0.183318
0.189322
0.195332
0.201335
0.207321
0.213276
0.219189
0.225045
0.230832
0.236537
0.242146
0.247647
0.253025
0.258267
0.263361
0.268293
0.273051
0.277622
0.281994
0.286155
0.290094
0.293801
0.297264
0.300474
0.303423
0.306102
0.308502
0.310619
0.312444
0.313973
0.315202
0.316127
0.316745
0.317054
0.317054
0.316745
0.316127
0.315202
0.313973
0.312444
0.310619
0.308502
0.306102
0.303423
0.300474
0.297264
0.293801
0.290094
0.286155
0.281994
0.277622
0.273051
0.268293
0.263361
0.258267
0.253025
0.247647
0.242146
0.236537
0.230832
0.225045
0.219189
0.213276
0.207321
0.201335
0.195332
0.189322
0.183318
0.177331
0.171372
0.165452
0.159581
0.153767
0.148021
0.142351
0.136764
0.131268
0.125869
0.120576
0.115392
0.110323
0.105373
0.100548
0.09585
0.0912823
0.0868473
0.0825472
0.0783834
0.074357
0.0704686
0.0667183
0.063106
0.059631
0.0562923
0.0530887
0.0500186
0.0470799
0.0442707
0.0415885
0.0390306
0.0365944
0.0342766
0.0320744
0.0299843
0.0280031
0.0261273
0.0243533
0.0226776
0.0210966
0.0196067
0.0182042
0.0168855
0.0156471
0.0144853
0.0133967
0.0123779
0.0114253
0.0105358
0.00970601
0.00893287
0.00821329
0.0075443
0.00692304
0.00634674
0.00581273
0.00531846
0.00486146
0.0044394
0.00405002
0.00369119
0.00336087
0.00305712
0.0027781
0.00252209
0.00228744
0.00207259
0.00187609
0.00169656
0.00153272
0.00138334
0.00124731
0.00112355
0.00101109
0.000908992
0.000816409
0.000732539
0.000656644
0.000588037
0.000526084
0.000470199
0.000419841
0.00037451
0.000333747
0.000297131
0.000264274
0.00023482
0.000208446
0.000184853
0.000163771
0.000144952
0.000128169
0.00011322
9.99159e-05
8.80894e-05
7.75869e-05
6.82699e-05
6.00131e-05
5.27034e-05
4.62389e-05
4.05277e-05
3.54872e-05
3.10433e-05
2.71294e-05
2.36858e-05
2.06591e-05
1.80016e-05
1.56707e-05
1.36282e-05
1.18404e-05
1.02771e-05
8.91145e-06
7.71975e-06
6.68089e-06
5.77618e-06
4.98912e-06
4.30509e-06
3.71122e-06
3.19615e-06
2.74988e-06
2.36361e-06
2.02961e-06
1.74111e-06
1.49216e-06
1.27756e-06
1.09276e-06
9.33772e-07
7.97139e-07
6.79835e-07
5.79226e-07
4.93025e-07
4.19243e-07
3.56155e-07
3.02265e-07
2.56278e-07
2.17076e-07
1.83691e-07
1.55289e-07
1.3115e-07
1.10655e-07
9.32722e-08
7.8543e-08
6.60753e-08
5.55324e-08
4.66262e-08
3.91101e-08
3.27736e-08
2.74369e-08
2.29468e-08
1.91728e-08
1.60038e-08
1.33456e-08
1.1118e-08
9.25325e-09
7.69372e-09
6.39079e-09
5.30333e-09
0.0422022
0.0448801
0.0476814
0.0506082
0.0536621
0.0568447
0.0601574
0.0636009
0.067176
0.0708827
0.074721
0.0786902
0.0827894
0.0870171
0.0913714
0.09585
0.10045
0.105168
0.11
0.114942
0.119988
0.125134
0.130373
0.135699
0.141105
0.146583
0.152124
0.157722
0.163365
0.169045
0.174752
0.180476
0.186205
0.191928
0.197634
0.203311
0.208947
0.21453
0.220047
0.225485
0.230832
0.236076
0.241202
0.2462
0.251056
0.255758
0.260293
0.26465
0.268818
0.272785
0.27654
0.280073
0.283374
0.286435
0.289246
0.291799
0.294088
0.296105
0.297845
0.299303
0.300474
0.301356
0.301945
0.30224
0.30224
0.301945
0.301356
0.300474
0.299303
0.297845
0.296105
0.294088
0.291799
0.289246
0.286435
0.283374
0.280073
0.27654
0.272785
0.268818
0.26465
0.260293
0.255758
0.251056
0.2462
0.241202
0.236076
0.230832
0.225485
0.220047
0.21453
0.208947
0.203311
0.197634
0.191928
0.186205
0.180476
0.174752
0.169045
0.163365
0.157722
0.152124
0.146583
0.141105
0.135699
0.130373
0.125134
0.119988
0.114942
0.11
0.105168
0.10045
0.09585
0.0913714
0.0870171
0.0827894
0.0786902
0.074721
0.0708827
0.067176
0.0636009
0.0601574
0.0568447
0.0536621
0.0506082
0.0476814
0.0448801
0.0422022
0.0396453
0.0372069
0.0348845
0.0326751
0.0305757
0.0285833
0.0266947
0.0249065
0.0232154
0.021618
0.0201109
0.0186906
0.0173536
0.0160965
0.014916
0.0138085
0.0127708
0.0117995
0.0108915
0.0100435
0.0092525
0.00851548
0.00782952
0.0071918
0.00659956
0.00605019
0.00554113
0.00506995
0.00463431
0.00423197
0.00386078
0.00351872
0.00320383
0.00291427
0.0026483
0.00240425
0.00218056
0.00197575
0.00178843
0.00161729
0.0014611
0.00131871
0.00118903
0.00107105
0.000963845
0.00086652
0.000778262
0.000698311
0.000625962
0.000560561
0.000501503
0.00044823
0.000400224
0.000357011
0.000318153
0.000283248
0.000251926
0.000223849
0.000198707
0.000176216
0.000156119
0.000138179
0.000122181
0.000107929
9.52474e-05
8.39735e-05
7.39617e-05
6.508e-05
5.7209e-05
5.02409e-05
4.40784e-05
3.8634e-05
3.38291e-05
2.95928e-05
2.58618e-05
2.25791e-05
1.96938e-05
1.71605e-05
1.49384e-05
1.29914e-05
1.12871e-05
9.79687e-06
8.49506e-06
7.35905e-06
6.36872e-06
5.50629e-06
4.756e-06
4.10393e-06
3.53781e-06
3.04681e-06
2.62139e-06
2.25317e-06
1.93478e-06
1.65976e-06
1.42244e-06
1.21787e-06
1.0417e-06
8.90142e-07
7.59893e-07
6.4807e-07
5.52162e-07
4.69989e-07
3.99654e-07
3.39514e-07
2.88141e-07
2.44304e-07
2.06933e-07
1.75108e-07
1.48033e-07
1.25022e-07
1.05485e-07
8.8914e-08
7.48731e-08
6.2988e-08
5.29377e-08
4.44476e-08
3.72827e-08
3.12423e-08
2.61549e-08
2.18746e-08
1.82769e-08
1.5256e-08
1.2722e-08
1.05985e-08
8.82089e-09
7.33423e-09
6.09218e-09
5.05553e-09
0.040191
0.0427414
0.0454092
0.0481964
0.0511048
0.0541358
0.0572906
0.06057
0.0639747
0.0675048
0.0711602
0.0749402
0.0788441
0.0828703
0.0870171
0.0912823
0.095663
0.100156
0.104758
0.109464
0.11427
0.119171
0.12416
0.129232
0.13438
0.139597
0.144875
0.150205
0.15558
0.16099
0.166425
0.171875
0.177331
0.182782
0.188216
0.193622
0.19899
0.204306
0.20956
0.214739
0.219832
0.224825
0.229708
0.234467
0.239092
0.243569
0.247889
0.252038
0.256007
0.259785
0.263361
0.266726
0.26987
0.272785
0.275462
0.277893
0.280073
0.281994
0.283651
0.28504
0.286155
0.286995
0.287556
0.287837
0.287837
0.287556
0.286995
0.286155
0.28504
0.283651
0.281994
0.280073
0.277893
0.275462
0.272785
0.26987
0.266726
0.263361
0.259785
0.256007
0.252038
0.247889
0.243569
0.239092
0.234467
0.229708
0.224825
0.219832
0.214739
0.20956
0.204306
0.19899
0.193622
0.188216
0.182782
0.177331
0.171875
0.166425
0.16099
0.15558
0.150205
0.144875
0.139597
0.13438
0.129232
0.12416
0.119171
0.11427
0.109464
0.104758
0.100156
0.095663
0.0912823
0.0870171
0.0828703
0.0788441
0.0749402
0.0711602
0.0675048
0.0639747
0.06057
0.0572906
0.0541358
0.0511048
0.0481964
0.0454092
0.0427414
0.040191
0.037756
0.0354338
0.0332221
0.0311179
0.0291186
0.0272212
0.0254225
0.0237196
0.0221091
0.0205878
0.0191525
0.0177999
0.0165266
0.0153295
0.0142052
0.0131505
0.0121622
0.0112372
0.0103724
0.00956487
0.00881157
0.00810968
0.00745641
0.00684907
0.00628506
0.00576186
0.00527707
0.00482834
0.00441346
0.00403029
0.0036768
0.00335103
0.00305115
0.00277539
0.00252209
0.00228967
0.00207664
0.0018816
0.0017032
0.00154022
0.00139147
0.00125586
0.00113236
0.00102001
0.000917913
0.000825226
0.000741174
0.000665033
0.000596132
0.000533847
0.000477604
0.000426869
0.000381151
0.000339998
0.000302991
0.000269749
0.00023992
0.000213181
0.000189237
0.000167819
0.000148679
0.000131594
0.000116358
0.000102786
9.07083e-05
7.99717e-05
7.04371e-05
6.19786e-05
5.44827e-05
4.78466e-05
4.19778e-05
3.67929e-05
3.2217e-05
2.81826e-05
2.46293e-05
2.15031e-05
1.87553e-05
1.63427e-05
1.42266e-05
1.23723e-05
1.07493e-05
9.33e-06
8.09023e-06
7.00835e-06
6.06522e-06
5.24389e-06
4.52935e-06
3.90836e-06
3.36922e-06
2.90161e-06
2.49647e-06
2.14579e-06
1.84258e-06
1.58066e-06
1.35466e-06
1.15983e-06
9.92056e-07
8.47722e-07
7.2368e-07
6.17186e-07
5.25849e-07
4.47592e-07
3.80609e-07
3.23334e-07
2.7441e-07
2.32661e-07
1.97072e-07
1.66763e-07
1.40979e-07
1.19064e-07
1.00458e-07
8.46768e-08
7.1305e-08
5.99863e-08
5.04149e-08
4.23294e-08
3.5506e-08
2.97534e-08
2.49085e-08
2.08322e-08
1.74059e-08
1.4529e-08
1.21157e-08
1.00935e-08
8.40053e-09
6.98472e-09
5.80186e-09
4.81461e-09
0.0382384
0.0406648
0.043203
0.0458548
0.0486219
0.0515056
0.0545071
0.0576272
0.0608665
0.0642251
0.0677029
0.0712993
0.0750134
0.0788441
0.0827894
0.0868473
0.0910152
0.09529
0.0996682
0.104146
0.108718
0.113381
0.118128
0.122954
0.127852
0.132815
0.137836
0.142908
0.148021
0.153168
0.158339
0.163525
0.168716
0.173901
0.179071
0.184215
0.189322
0.19438
0.199379
0.204306
0.209151
0.213902
0.218547
0.223076
0.227475
0.231736
0.235845
0.239793
0.243569
0.247164
0.250566
0.253767
0.256759
0.259532
0.262078
0.264392
0.266466
0.268293
0.26987
0.271191
0.272252
0.273051
0.273585
0.273852
0.273852
0.273585
0.273051
0.272252
0.271191
0.26987
0.268293
0.266466
0.264392
0.262078
0.259532
0.256759
0.253767
0.250566
0.247164
0.243569
0.239793
0.235845
0.231736
0.227475
0.223076
0.218547
0.213902
0.209151
0.204306
0.199379
0.19438
0.189322
0.184215
0.179071
0.173901
0.168716
0.163525
0.158339
0.153168
0.148021
0.142908
0.137836
0.132815
0.127852
0.122954
0.118128
0.113381
0.108718
0.104146
0.0996682
0.09529
0.0910152
0.0868473
0.0827894
0.0788441
0.0750134
0.0712993
0.0677029
0.0642251
0.0608665
0.0576272
0.0545071
0.0515056
0.0486219
0.0458548
0.043203
0.0406648
0.0382384
0.0359216
0.0337123
0.031608
0.0296061
0.0277039
0.0258986
0.0241874
0.0225672
0.0210349
0.0195875
0.018222
0.0169351
0.0157237
0.0145847
0.013515
0.0125115
0.0115713
0.0106912
0.00986849
0.00910016
0.00838346
0.00771567
0.00709414
0.00651631
0.0059797
0.00548193
0.00502068
0.00459376
0.00419904
0.00383448
0.00349816
0.00318822
0.00290291
0.00264055
0.00239956
0.00217843
0.00197575
0.00179018
0.00162045
0.00146539
0.00132387
0.00119485
0.00107735
0.000970456
0.000873316
0.000785132
0.000705164
0.000632723
0.000567169
0.000507911
0.0004544
0.00040613
0.000362633
0.000323479
0.00028827
0.000256644
0.000228264
0.000202824
0.000180043
0.000159665
0.000141455
0.0001252
0.000110705
9.77922e-05
8.63013e-05
7.60863e-05
6.70149e-05
5.89674e-05
5.18357e-05
4.5522e-05
3.99383e-05
3.50053e-05
3.06517e-05
2.68133e-05
2.34327e-05
2.04584e-05
1.78441e-05
1.55487e-05
1.35354e-05
1.17712e-05
1.0227e-05
8.87671e-06
7.69717e-06
6.66785e-06
5.77054e-06
4.98912e-06
4.30929e-06
3.71847e-06
3.20552e-06
2.76064e-06
2.37517e-06
2.04154e-06
1.75306e-06
1.50387e-06
1.28884e-06
1.10348e-06
9.43857e-07
8.06536e-07
6.88521e-07
5.872e-07
5.00301e-07
4.25845e-07
3.62117e-07
3.07625e-07
2.61078e-07
2.21358e-07
1.87497e-07
1.58661e-07
1.34129e-07
1.13279e-07
9.55773e-08
8.05628e-08
6.78407e-08
5.70718e-08
4.79655e-08
4.02729e-08
3.37809e-08
2.83078e-08
2.36983e-08
1.982e-08
1.65603e-08
1.38231e-08
1.15271e-08
9.60308e-09
7.99239e-09
6.64537e-09
5.51997e-09
4.58069e-09
0.036345
0.0386513
0.0410639
0.0435844
0.0462144
0.0489554
0.0518083
0.0547739
0.0578528
0.0610451
0.0643507
0.067769
0.0712993
0.0749402
0.0786902
0.0825472
0.0865087
0.0905719
0.0947333
0.0989892
0.103335
0.107767
0.112279
0.116866
0.121521
0.126239
0.131011
0.135832
0.140692
0.145584
0.150499
0.155428
0.160362
0.165291
0.170205
0.175094
0.179948
0.184756
0.189507
0.19419
0.198796
0.203311
0.207726
0.21203
0.216212
0.220262
0.224168
0.22792
0.231509
0.234926
0.23816
0.241202
0.244046
0.246681
0.249102
0.251301
0.253272
0.255009
0.256508
0.257763
0.258772
0.259532
0.260039
0.260293
0.260293
0.260039
0.259532
0.258772
0.257763
0.256508
0.255009
0.253272
0.251301
0.249102
0.246681
0.244046
0.241202
0.23816
0.234926
0.231509
0.22792
0.224168
0.220262
0.216212
0.21203
0.207726
0.203311
0.198796
0.19419
0.189507
0.184756
0.179948
0.175094
0.170205
0.165291
0.160362
0.155428
0.150499
0.145584
0.140692
0.135832
0.131011
0.126239
0.121521
0.116866
0.112279
0.107767
0.103335
0.0989892
0.0947333
0.0905719
0.0865087
0.0825472
0.0786902
0.0749402
0.0712993
0.067769
0.0643507
0.0610451
0.0578528
0.0547739
0.0518083
0.0489554
0.0462144
0.0435844
0.0410639
0.0386513
0.036345
0.034143
0.0320431
0.030043
0.0281402
0.0263322
0.0246163
0.0229898
0.0214498
0.0199934
0.0186177
0.0173197
0.0160965
0.0149451
0.0138625
0.0128458
0.0118921
0.0109984
0.0101619
0.00937987
0.00864958
0.00796837
0.00733364
0.00674288
0.00619366
0.00568363
0.0052105
0.00477209
0.00436631
0.00399113
0.00364462
0.00332496
0.00303036
0.00275918
0.00250981
0.00228075
0.00207057
0.00187792
0.00170154
0.00154022
0.00139283
0.00125832
0.00113569
0.00102401
0.000922406
0.000830075
0.000746258
0.000670249
0.000601394
0.000539086
0.000482762
0.000431901
0.000386021
0.000344678
0.000307462
0.000273997
0.000243936
0.000216961
0.000192781
0.000171129
0.00015176
0.000134452
0.000119001
0.000105224
9.29501e-05
8.20282e-05
7.2319e-05
6.36968e-05
5.60477e-05
4.92691e-05
4.32681e-05
3.79609e-05
3.32721e-05
2.9134e-05
2.54857e-05
2.22725e-05
1.94454e-05
1.69606e-05
1.47788e-05
1.28652e-05
1.11884e-05
9.72063e-06
8.43719e-06
7.31605e-06
6.3377e-06
5.48482e-06
4.74209e-06
4.09593e-06
3.53436e-06
3.04681e-06
2.62395e-06
2.25757e-06
1.94046e-06
1.66626e-06
1.42941e-06
1.22503e-06
1.04884e-06
8.97124e-07
7.66601e-07
6.5443e-07
5.58126e-07
4.75529e-07
4.0476e-07
3.44187e-07
2.92393e-07
2.48151e-07
2.10397e-07
1.78214e-07
1.50805e-07
1.27488e-07
1.07671e-07
9.0845e-08
7.65739e-08
6.44817e-08
5.4246e-08
4.55906e-08
3.82788e-08
3.21083e-08
2.69062e-08
2.25249e-08
1.88387e-08
1.57403e-08
1.31387e-08
1.09564e-08
9.1276e-09
7.59666e-09
6.31633e-09
5.24666e-09
4.35389e-09
0.0345118
0.0367017
0.0389925
0.0413859
0.0438833
0.046486
0.049195
0.0520111
0.0549346
0.0579659
0.0611047
0.0643507
0.0677029
0.0711602
0.074721
0.0783834
0.0821451
0.0860033
0.0899549
0.0939961
0.098123
0.102331
0.106616
0.110971
0.115392
0.119871
0.124403
0.12898
0.133595
0.138241
0.142908
0.147588
0.152273
0.156953
0.16162
0.166262
0.170871
0.175436
0.179948
0.184395
0.188768
0.193056
0.197248
0.201335
0.205306
0.209151
0.21286
0.216424
0.219832
0.223076
0.226146
0.229036
0.231736
0.234238
0.236537
0.238625
0.240497
0.242146
0.243569
0.244762
0.24572
0.24644
0.246922
0.247164
0.247164
0.246922
0.24644
0.24572
0.244762
0.243569
0.242146
0.240497
0.238625
0.236537
0.234238
0.231736
0.229036
0.226146
0.223076
0.219832
0.216424
0.21286
0.209151
0.205306
0.201335
0.197248
0.193056
0.188768
0.184395
0.179948
0.175436
0.170871
0.166262
0.16162
0.156953
0.152273
0.147588
0.142908
0.138241
0.133595
0.12898
0.124403
0.119871
0.115392
0.110971
0.106616
0.102331
0.098123
0.0939961
0.0899549
0.0860033
0.0821451
0.0783834
0.074721
0.0711602
0.0677029
0.0643507
0.0611047
0.0579659
0.0549346
0.0520111
0.049195
0.046486
0.0438833
0.0413859
0.0389925
0.0367017
0.0345118
0.0324208
0.0304268
0.0285276
0.0267208
0.025004
0.0233746
0.0218302
0.0203678
0.0189849
0.0176786
0.0164461
0.0152846
0.0141913
0.0131633
0.0121979
0.0112922
0.0104436
0.00964931
0.00890674
0.00821329
0.00756644
0.00696372
0.00640276
0.00588125
0.00539694
0.00494767
0.00453138
0.00414606
0.00378981
0.00346079
0.00315724
0.00287751
0.00262
0.00238321
0.0021657
0.00196613
0.0017832
0.00161571
0.00146253
0.00132258
0.00119485
0.0010784
0.000972354
0.000875878
0.000788205
0.000708616
0.000636441
0.000571059
0.000511894
0.000458411
0.000410115
0.00036655
0.000327292
0.000291953
0.000260176
0.000231632
0.000206018
0.000183057
0.000162497
0.000144105
0.00012767
0.000112999
9.99159e-05
8.82616e-05
7.78906e-05
6.86711e-05
6.04838e-05
5.32206e-05
4.67839e-05
4.10856e-05
3.60461e-05
3.15938e-05
2.76645e-05
2.42002e-05
2.1149e-05
1.84645e-05
1.61051e-05
1.40334e-05
1.22162e-05
1.0624e-05
9.23031e-06
8.01161e-06
6.94702e-06
6.01802e-06
5.20816e-06
4.50289e-06
3.88932e-06
3.35608e-06
2.89312e-06
2.49159e-06
2.1437e-06
1.84258e-06
1.58221e-06
1.3573e-06
1.16323e-06
9.95939e-07
8.51872e-07
7.27933e-07
6.21419e-07
5.29973e-07
4.51543e-07
3.84344e-07
3.26826e-07
2.77645e-07
2.35634e-07
1.99785e-07
1.69224e-07
1.43199e-07
1.21057e-07
1.0224e-07
8.62626e-08
7.27114e-08
6.12291e-08
5.15098e-08
4.32909e-08
3.6348e-08
3.04887e-08
2.5549e-08
2.13888e-08
1.78884e-08
1.49463e-08
1.2476e-08
1.04037e-08
8.66719e-09
7.21348e-09
5.99773e-09
4.98201e-09
4.13427e-09
0.032739
0.0348164
0.0369896
0.03926
0.0416291
0.0440981
0.046668
0.0493394
0.0521127
0.0549883
0.0579659
0.0610451
0.0642251
0.0675048
0.0708827
0.074357
0.0779255
0.0815855
0.0853341
0.0891677
0.0930826
0.0970746
0.101139
0.105271
0.109464
0.113714
0.118013
0.122355
0.126733
0.131139
0.135567
0.140007
0.144451
0.148891
0.153318
0.157722
0.162094
0.166425
0.170704
0.174923
0.179071
0.183139
0.187116
0.190993
0.19476
0.198408
0.201926
0.205306
0.208539
0.211617
0.21453
0.217271
0.219832
0.222206
0.224387
0.226367
0.228143
0.229708
0.231058
0.232189
0.233097
0.233781
0.234238
0.234467
0.234467
0.234238
0.233781
0.233097
0.232189
0.231058
0.229708
0.228143
0.226367
0.224387
0.222206
0.219832
0.217271
0.21453
0.211617
0.208539
0.205306
0.201926
0.198408
0.19476
0.190993
0.187116
0.183139
0.179071
0.174923
0.170704
0.166425
0.162094
0.157722
0.153318
0.148891
0.144451
0.140007
0.135567
0.131139
0.126733
0.122355
0.118013
0.113714
0.109464
0.105271
0.101139
0.0970746
0.0930826
0.0891677
0.0853341
0.0815855
0.0779255
0.074357
0.0708827
0.0675048
0.0642251
0.0610451
0.0579659
0.0549883
0.0521127
0.0493394
0.046668
0.0440981
0.0416291
0.03926
0.0369896
0.0348164
0.032739
0.0307554
0.0288638
0.0270622
0.0253482
0.0237196
0.0221739
0.0207088
0.0193216
0.0180097
0.0167705
0.0156013
0.0144995
0.0134623
0.0124871
0.0115713
0.0107121
0.00990712
0.00915364
0.00844922
0.00779139
0.00717776
0.00660601
0.00607387
0.00557914
0.00511971
0.00469352
0.00429861
0.00393309
0.00359513
0.00328301
0.00299506
0.0027297
0.00248542
0.00226079
0.00205446
0.00186513
0.0016916
0.00153272
0.0013874
0.00125464
0.00113347
0.00102301
0.000922406
0.000830886
0.000747717
0.000672215
0.000603748
0.000541725
0.000485599
0.000434863
0.000389048
0.000347721
0.00031048
0.000276956
0.000246812
0.000219733
0.000195435
0.000173654
0.000154149
0.000136702
0.000121112
0.000107194
9.47834e-05
8.37278e-05
7.38895e-05
6.51436e-05
5.73769e-05
5.04868e-05
4.43807e-05
3.89751e-05
3.41944e-05
2.99709e-05
2.62434e-05
2.29571e-05
2.00627e-05
1.75161e-05
1.52778e-05
1.33125e-05
1.15887e-05
1.00783e-05
8.75617e-06
7.60007e-06
6.59017e-06
5.70889e-06
4.94063e-06
4.27159e-06
3.68954e-06
3.18369e-06
2.74451e-06
2.36361e-06
2.03358e-06
1.74793e-06
1.50093e-06
1.28758e-06
1.10348e-06
9.44779e-07
8.08113e-07
6.90541e-07
5.89498e-07
5.02749e-07
4.28348e-07
3.64601e-07
3.10038e-07
2.63383e-07
2.2353e-07
1.89522e-07
1.60532e-07
1.35843e-07
1.14839e-07
9.69877e-08
8.18315e-08
6.89764e-08
5.80839e-08
4.88638e-08
4.10672e-08
3.44809e-08
2.89226e-08
2.42366e-08
2.02901e-08
1.69695e-08
1.41786e-08
1.18351e-08
9.86929e-09
8.22198e-09
6.84294e-09
5.68964e-09
4.7261e-09
3.9219e-09
0.0310269
0.0329957
0.0350552
0.0372069
0.0394522
0.0417921
0.0442275
0.0467592
0.0493876
0.0521127
0.0549346
0.0578528
0.0608665
0.0639747
0.067176
0.0704686
0.0738505
0.0773191
0.0808716
0.0845048
0.088215
0.0919982
0.09585
0.0997656
0.10374
0.107767
0.111841
0.115956
0.120105
0.124282
0.128477
0.132685
0.136897
0.141105
0.1453
0.149474
0.153617
0.157722
0.161778
0.165776
0.169707
0.173562
0.177331
0.181005
0.184575
0.188032
0.191367
0.19457
0.197634
0.20055
0.203311
0.205909
0.208336
0.210586
0.212653
0.21453
0.216212
0.217695
0.218975
0.220047
0.220908
0.221556
0.221989
0.222206
0.222206
0.221989
0.221556
0.220908
0.220047
0.218975
0.217695
0.216212
0.21453
0.212653
0.210586
0.208336
0.205909
0.203311
0.20055
0.197634
0.19457
0.191367
0.188032
0.184575
0.181005
0.177331
0.173562
0.169707
0.165776
0.161778
0.157722
0.153617
0.149474
0.1453
0.141105
0.136897
0.132685
0.128477
0.124282
0.120105
0.115956
0.111841
0.107767
0.10374
0.0997656
0.09585
0.0919982
0.088215
0.0845048
0.0808716
0.0773191
0.0738505
0.0704686
0.067176
0.0639747
0.0608665
0.0578528
0.0549346
0.0521127
0.0493876
0.0467592
0.0442275
0.0417921
0.0394522
0.0372069
0.0350552
0.0329957
0.0310269
0.0291471
0.0273544
0.025647
0.0240226
0.0224792
0.0210144
0.0196258
0.0183112
0.0170679
0.0158935
0.0147855
0.0137412
0.0127583
0.0118341
0.0109662
0.010152
0.00938903
0.00867496
0.00800737
0.00738394
0.00680241
0.00626056
0.00575624
0.00528738
0.00485198
0.00444808
0.00407382
0.00372741
0.00340713
0.00311133
0.00283844
0.00258695
0.00235545
0.00214256
0.00194702
0.0017676
0.00160314
0.00145257
0.00131485
0.00118903
0.0010742
0.000969509
0.000874169
0.000787436
0.000708616
0.000637063
0.000572176
0.000513396
0.000460205
0.000412123
0.000368704
0.000329537
0.000294243
0.000262473
0.000233905
0.000208243
0.000185215
0.000164573
0.000146088
0.000129554
0.000114778
0.000101589
8.98268e-05
7.93493e-05
7.00255e-05
6.1737e-05
5.43764e-05
4.78466e-05
4.20599e-05
3.69369e-05
3.24063e-05
2.84036e-05
2.4871e-05
2.17565e-05
1.90135e-05
1.66001e-05
1.44788e-05
1.26163e-05
1.09827e-05
9.55126e-06
8.29828e-06
7.20263e-06
6.24554e-06
5.41035e-06
4.68227e-06
4.04821e-06
3.4966e-06
3.0172e-06
2.60099e-06
2.24e-06
1.92724e-06
1.65652e-06
1.42244e-06
1.22025e-06
1.04578e-06
8.95373e-07
7.65853e-07
6.5443e-07
5.58671e-07
4.76459e-07
4.05948e-07
3.45534e-07
2.93824e-07
2.49609e-07
2.11841e-07
1.79611e-07
1.52137e-07
1.28739e-07
1.08833e-07
9.19158e-08
7.75522e-08
6.53693e-08
5.50465e-08
4.63085e-08
3.89196e-08
3.26777e-08
2.74101e-08
2.29692e-08
1.9229e-08
1.60821e-08
1.34371e-08
1.12162e-08
9.35319e-09
7.79202e-09
6.48509e-09
5.3921e-09
4.47895e-09
3.71681e-09
0.0293757
0.0312397
0.0331896
0.0352268
0.0373526
0.0395679
0.0418738
0.0442707
0.0467592
0.0493394
0.0520111
0.0547739
0.0576272
0.06057
0.0636009
0.0667183
0.0699202
0.0732042
0.0765677
0.0800075
0.0835203
0.0871021
0.090749
0.0944562
0.0982189
0.102032
0.105889
0.109785
0.113714
0.117667
0.12164
0.125624
0.129612
0.133595
0.137567
0.141519
0.145442
0.149328
0.153168
0.156953
0.160675
0.164325
0.167894
0.171372
0.174752
0.178025
0.181182
0.184215
0.187116
0.189877
0.192491
0.19495
0.197248
0.199379
0.201335
0.203113
0.204706
0.20611
0.207321
0.208336
0.209151
0.209765
0.210175
0.21038
0.21038
0.210175
0.209765
0.209151
0.208336
0.207321
0.20611
0.204706
0.203113
0.201335
0.199379
0.197248
0.19495
0.192491
0.189877
0.187116
0.184215
0.181182
0.178025
0.174752
0.171372
0.167894
0.164325
0.160675
0.156953
0.153168
0.149328
0.145442
0.141519
0.137567
0.133595
0.129612
0.125624
0.12164
0.117667
0.113714
0.109785
0.105889
0.102032
0.0982189
0.0944562
0.090749
0.0871021
0.0835203
0.0800075
0.0765677
0.0732042
0.0699202
0.0667183
0.0636009
0.06057
0.0576272
0.0547739
0.0520111
0.0493394
0.0467592
0.0442707
0.0418738
0.0395679
0.0373526
0.0352268
0.0331896
0.0312397
0.0293757
0.0275959
0.0258986
0.0242821
0.0227442
0.0212829
0.019896
0.0185814
0.0173367
0.0161595
0.0150477
0.0139986
0.0130099
0.0120793
0.0112043
0.0103826
0.00961169
0.00888936
0.00821329
0.00758123
0.00699098
0.00644039
0.00592738
0.0054499
0.00500599
0.00459376
0.00421136
0.00385702
0.00352904
0.00322581
0.00294575
0.00268738
0.00244928
0.00223009
0.00202854
0.0018434
0.00167353
0.00151782
0.00137526
0.00124487
0.00112575
0.00101703
0.000917913
0.000827647
0.000745529
0.000670904
0.000603159
0.000541725
0.000486074
0.000435714
0.00039019
0.000349082
0.000311999
0.000278584
0.000248505
0.000221457
0.00019716
0.000175358
0.000155814
0.000138314
0.000122659
0.00010867
9.61821e-05
8.50463e-05
7.51264e-05
6.62989e-05
5.84514e-05
5.14826e-05
4.53003e-05
3.98215e-05
3.49712e-05
3.06817e-05
2.6892e-05
2.35474e-05
2.05987e-05
1.80016e-05
1.57166e-05
1.37083e-05
1.19449e-05
1.03982e-05
9.04295e-06
7.85665e-06
6.81931e-06
5.91316e-06
5.12241e-06
4.43308e-06
3.83277e-06
3.31051e-06
2.85663e-06
2.46257e-06
2.12079e-06
1.82467e-06
1.56836e-06
1.34674e-06
1.15531e-06
9.9012e-07
8.47722e-07
7.25095e-07
6.19601e-07
5.28939e-07
4.51102e-07
3.84344e-07
3.27145e-07
2.78187e-07
2.36325e-07
2.00567e-07
1.70053e-07
1.4404e-07
1.21888e-07
1.03041e-07
8.70242e-08
7.3425e-08
6.18904e-08
5.2117e-08
4.3844e-08
3.68483e-08
3.09386e-08
2.59514e-08
2.17468e-08
1.82057e-08
1.52263e-08
1.2722e-08
1.06193e-08
8.85542e-09
7.37733e-09
6.13996e-09
5.10514e-09
4.24059e-09
3.519e-09
0.0277852
0.0295483
0.0313926
0.0333195
0.0353302
0.0374256
0.0396066
0.0418738
0.0442275
0.046668
0.049195
0.0518083
0.0545071
0.0572906
0.0601574
0.063106
0.0661345
0.0692407
0.0724221
0.0756757
0.0789982
0.0823862
0.0858355
0.089342
0.092901
0.0965075
0.100156
0.103841
0.107557
0.111297
0.115054
0.118822
0.122594
0.126362
0.130119
0.133857
0.137567
0.141243
0.144875
0.148455
0.151976
0.155428
0.158803
0.162094
0.165291
0.168386
0.171372
0.174241
0.176985
0.179597
0.182069
0.184395
0.186569
0.188584
0.190434
0.192116
0.193622
0.19495
0.196096
0.197056
0.197827
0.198408
0.198796
0.19899
0.19899
0.198796
0.198408
0.197827
0.197056
0.196096
0.19495
0.193622
0.192116
0.190434
0.188584
0.186569
0.184395
0.182069
0.179597
0.176985
0.174241
0.171372
0.168386
0.165291
0.162094
0.158803
0.155428
0.151976
0.148455
0.144875
0.141243
0.137567
0.133857
0.130119
0.126362
0.122594
0.118822
0.115054
0.111297
0.107557
0.103841
0.100156
0.0965075
0.092901
0.089342
0.0858355
0.0823862
0.0789982
0.0756757
0.0724221
0.0692407
0.0661345
0.063106
0.0601574
0.0572906
0.0545071
0.0518083
0.049195
0.046668
0.0442275
0.0418738
0.0396066
0.0374256
0.0353302
0.0333195
0.0313926
0.0295483
0.0277852
0.0261018
0.0244964
0.0229673
0.0215127
0.0201305
0.0188188
0.0175753
0.016398
0.0152846
0.0142329
0.0132407
0.0123055
0.0114253
0.0105977
0.00982042
0.00909128
0.00840806
0.00776859
0.00717076
0.00661246
0.00609169
0.00560645
0.00515482
0.00473495
0.00434504
0.00398334
0.00364819
0.00333797
0.00305115
0.00278626
0.00254187
0.00231666
0.00210935
0.00191871
0.00174359
0.00158292
0.00143564
0.0013008
0.00117747
0.0010648
0.000961964
0.000868214
0.000782836
0.000705164
0.000634579
0.000570502
0.000512394
0.000459756
0.000412123
0.000369064
0.000330181
0.000295107
0.000263501
0.00023505
0.000209466
0.000186485
0.000165863
0.000147378
0.000130825
0.000116018
0.000102786
9.09745e-05
8.04416e-05
7.10589e-05
6.27092e-05
5.52867e-05
4.86951e-05
4.28476e-05
3.76654e-05
3.30777e-05
2.90205e-05
2.5436e-05
2.22725e-05
1.94834e-05
1.7027e-05
1.48657e-05
1.29661e-05
1.12982e-05
9.83522e-06
8.55333e-06
7.43127e-06
6.45009e-06
5.593e-06
4.84507e-06
4.19306e-06
3.62525e-06
3.13127e-06
2.70196e-06
2.32923e-06
2.00597e-06
1.72588e-06
1.48345e-06
1.27383e-06
1.09276e-06
9.36512e-07
8.01824e-07
6.85836e-07
5.86054e-07
5.00301e-07
4.26678e-07
3.63534e-07
3.09433e-07
2.63125e-07
2.2353e-07
1.89707e-07
1.60845e-07
1.36241e-07
1.15288e-07
9.74624e-08
8.23124e-08
6.94495e-08
5.85395e-08
4.92952e-08
4.14702e-08
3.48533e-08
2.92635e-08
2.45463e-08
2.05694e-08
1.72199e-08
1.44019e-08
1.20332e-08
1.00443e-08
8.37596e-09
6.9779e-09
5.80753e-09
4.82873e-09
4.01099e-09
3.32847e-09
0.0262552
0.0279212
0.029664
0.0314848
0.0333847
0.0353647
0.0374256
0.0395679
0.0417921
0.0440981
0.046486
0.0489554
0.0515056
0.0541358
0.0568447
0.059631
0.0624927
0.0654279
0.0684341
0.0715085
0.0746481
0.0778494
0.0811089
0.0844223
0.0877853
0.0911932
0.0946409
0.098123
0.101634
0.105168
0.108718
0.112279
0.115843
0.119404
0.122954
0.126486
0.129992
0.133465
0.136897
0.14028
0.143607
0.146869
0.150059
0.153168
0.156189
0.159114
0.161936
0.164646
0.167239
0.169707
0.172043
0.174241
0.176295
0.178199
0.179948
0.181536
0.18296
0.184215
0.185298
0.186205
0.186934
0.187482
0.187849
0.188032
0.188032
0.187849
0.187482
0.186934
0.186205
0.185298
0.184215
0.18296
0.181536
0.179948
0.178199
0.176295
0.174241
0.172043
0.169707
0.167239
0.164646
0.161936
0.159114
0.156189
0.153168
0.150059
0.146869
0.143607
0.14028
0.136897
0.133465
0.129992
0.126486
0.122954
0.119404
0.115843
0.112279
0.108718
0.105168
0.101634
0.098123
0.0946409
0.0911932
0.0877853
0.0844223
0.0811089
0.0778494
0.0746481
0.0715085
0.0684341
0.0654279
0.0624927
0.059631
0.0568447
0.0541358
0.0515056
0.0489554
0.046486
0.0440981
0.0417921
0.0395679
0.0374256
0.0353647
0.0333847
0.0314848
0.029664
0.0279212
0.0262552
0.0246644
0.0231475
0.0217026
0.0203281
0.019022
0.0177825
0.0166075
0.015495
0.014443
0.0134492
0.0125115
0.0116279
0.0107962
0.0100141
0.00927965
0.00859066
0.00794506
0.00734081
0.00677589
0.00624834
0.00575624
0.00529772
0.00487097
0.00447422
0.00410577
0.00376399
0.00344729
0.00315416
0.00288314
0.00263283
0.0024019
0.00218909
0.00199319
0.00181305
0.00164758
0.00149575
0.00135659
0.00122917
0.00111263
0.00100616
0.000908992
0.000820405
0.000739728
0.000666333
0.000599635
0.000539086
0.000484179
0.000434439
0.000389429
0.000348741
0.000311999
0.000278856
0.000248991
0.000222107
0.000197932
0.000176216
0.00015673
0.000139262
0.000123621
0.000109629
9.7126e-05
8.59648e-05
7.6012e-05
6.71459e-05
5.92561e-05
5.22422e-05
4.60137e-05
4.04881e-05
3.55913e-05
3.12563e-05
2.74224e-05
2.40353e-05
2.1046e-05
1.84105e-05
1.60893e-05
1.40471e-05
1.22521e-05
1.0676e-05
9.29363e-06
8.08233e-06
7.02205e-06
6.09491e-06
5.28502e-06
4.57827e-06
3.96216e-06
3.42562e-06
2.95884e-06
2.55317e-06
2.20097e-06
1.8955e-06
1.63084e-06
1.40176e-06
1.20368e-06
1.03258e-06
8.84942e-07
7.5767e-07
6.4807e-07
5.53782e-07
4.72751e-07
4.03182e-07
3.43516e-07
2.92393e-07
2.48636e-07
2.11221e-07
1.79261e-07
1.51988e-07
1.28739e-07
1.0894e-07
9.20955e-08
7.77797e-08
6.56252e-08
5.53159e-08
4.65807e-08
3.91866e-08
3.2934e-08
2.76521e-08
2.31946e-08
1.94367e-08
1.62717e-08
1.36088e-08
1.13706e-08
9.4912e-09
7.91472e-09
6.59365e-09
5.48773e-09
4.56283e-09
3.79012e-09
3.14519e-09
0.0247852
0.0263579
0.0280031
0.029722
0.0315155
0.0333847
0.0353302
0.0373526
0.0394522
0.0416291
0.0438833
0.0462144
0.0486219
0.0511048
0.0536621
0.0562923
0.0589938
0.0617647
0.0646025
0.0675048
0.0704686
0.0734908
0.0765677
0.0796956
0.0828703
0.0860874
0.089342
0.0926292
0.0959437
0.0992797
0.102631
0.105993
0.109357
0.112719
0.11607
0.119404
0.122714
0.125992
0.129232
0.132426
0.135567
0.138646
0.141657
0.144592
0.147444
0.150205
0.152869
0.155428
0.157876
0.160205
0.162411
0.164486
0.166425
0.168222
0.169873
0.171372
0.172717
0.173901
0.174923
0.175779
0.176467
0.176985
0.177331
0.177504
0.177504
0.177331
0.176985
0.176467
0.175779
0.174923
0.173901
0.172717
0.171372
0.169873
0.168222
0.166425
0.164486
0.162411
0.160205
0.157876
0.155428
0.152869
0.150205
0.147444
0.144592
0.141657
0.138646
0.135567
0.132426
0.129232
0.125992
0.122714
0.119404
0.11607
0.112719
0.109357
0.105993
0.102631
0.0992797
0.0959437
0.0926292
0.089342
0.0860874
0.0828703
0.0796956
0.0765677
0.0734908
0.0704686
0.0675048
0.0646025
0.0617647
0.0589938
0.0562923
0.0536621
0.0511048
0.0486219
0.0462144
0.0438833
0.0416291
0.0394522
0.0373526
0.0353302
0.0333847
0.0315155
0.029722
0.0280031
0.0263579
0.0247852
0.0232835
0.0218515
0.0204875
0.0191899
0.017957
0.0167869
0.0156777
0.0146275
0.0136343
0.0126962
0.011811
0.0109769
0.0101917
0.00945344
0.00876009
0.00810968
0.00750022
0.0069298
0.00639652
0.0058985
0.00543396
0.00500111
0.00459825
0.00422371
0.0038759
0.00355325
0.00325428
0.00297756
0.00272171
0.00248542
0.00226742
0.00206653
0.0018816
0.00171154
0.00155533
0.00141201
0.00128063
0.00116035
0.00105034
0.000949829
0.000858099
0.000774471
0.000698311
0.000629026
0.000566062
0.000508904
0.00045707
0.000410115
0.000367625
0.000329215
0.000294531
0.000263243
0.00023505
0.000209671
0.00018685
0.00016635
0.000147955
0.000131465
0.0001167
0.000103491
9.1688e-05
8.11518e-05
7.17562e-05
6.33865e-05
5.59384e-05
4.93173e-05
4.34374e-05
3.82212e-05
3.35986e-05
2.95063e-05
2.58871e-05
2.26896e-05
1.98677e-05
1.73797e-05
1.51885e-05
1.32606e-05
1.15661e-05
1.00783e-05
8.77329e-06
7.62981e-06
6.6289e-06
5.75366e-06
4.98912e-06
4.32194e-06
3.74033e-06
3.23382e-06
2.79318e-06
2.41022e-06
2.07774e-06
1.78938e-06
1.53953e-06
1.32328e-06
1.13629e-06
9.7477e-07
8.35395e-07
7.15249e-07
6.11785e-07
5.22777e-07
4.46282e-07
3.80609e-07
3.24283e-07
2.76023e-07
2.34715e-07
1.99395e-07
1.69224e-07
1.43479e-07
1.21531e-07
1.0284e-07
8.69392e-08
7.3425e-08
6.19509e-08
5.22189e-08
4.39727e-08
3.69926e-08
3.10901e-08
2.61039e-08
2.1896e-08
1.83485e-08
1.53607e-08
1.28469e-08
1.0734e-08
8.9598e-09
7.47159e-09
6.22448e-09
5.18047e-09
4.30737e-09
3.57791e-09
2.96909e-09
0.0233746
0.0248579
0.0264095
0.0280305
0.029722
0.0314848
0.0333195
0.0352268
0.0372069
0.03926
0.0413859
0.0435844
0.0458548
0.0481964
0.0506082
0.0530887
0.0556365
0.0582496
0.060926
0.0636631
0.0664582
0.0693084
0.0722102
0.0751601
0.0781541
0.0811881
0.0842576
0.0873577
0.0904835
0.0936296
0.0967906
0.0999607
0.103134
0.106304
0.109464
0.112609
0.11573
0.118822
0.121878
0.12489
0.127852
0.130756
0.133595
0.136363
0.139053
0.141657
0.144169
0.146583
0.148891
0.151088
0.153168
0.155125
0.156953
0.158648
0.160205
0.16162
0.162887
0.164005
0.164968
0.165776
0.166425
0.166913
0.167239
0.167403
0.167403
0.167239
0.166913
0.166425
0.165776
0.164968
0.164005
0.162887
0.16162
0.160205
0.158648
0.156953
0.155125
0.153168
0.151088
0.148891
0.146583
0.144169
0.141657
0.139053
0.136363
0.133595
0.130756
0.127852
0.12489
0.121878
0.118822
0.11573
0.112609
0.109464
0.106304
0.103134
0.0999607
0.0967906
0.0936296
0.0904835
0.0873577
0.0842576
0.0811881
0.0781541
0.0751601
0.0722102
0.0693084
0.0664582
0.0636631
0.060926
0.0582496
0.0556365
0.0530887
0.0506082
0.0481964
0.0458548
0.0435844
0.0413859
0.03926
0.0372069
0.0352268
0.0333195
0.0314848
0.029722
0.0280305
0.0264095
0.0248579
0.0233746
0.0219584
0.0206079
0.0193216
0.0180978
0.0169351
0.0158315
0.0147855
0.013795
0.0128584
0.0119736
0.0111389
0.0103522
0.00961169
0.00891544
0.00826155
0.00764815
0.00707339
0.00653543
0.00603249
0.00556282
0.00512471
0.00471649
0.00433656
0.00398334
0.00365532
0.00335103
0.00306908
0.00280811
0.00256682
0.00234397
0.00213838
0.00194892
0.00177451
0.00161414
0.00146682
0.00133165
0.00120775
0.00109431
0.000990564
0.000895774
0.000809264
0.000730396
0.00065857
0.000593228
0.000533847
0.000479942
0.000431058
0.000386776
0.000346703
0.00031048
0.000277769
0.000248262
0.000221673
0.000197739
0.000176216
0.000156883
0.000139535
0.000123984
0.000110058
9.76014e-05
8.647e-05
7.65334e-05
6.76725e-05
5.97792e-05
5.27549e-05
4.65106e-05
4.09654e-05
3.60461e-05
3.16865e-05
2.78271e-05
2.44138e-05
2.13983e-05
1.8737e-05
1.63907e-05
1.43241e-05
1.25059e-05
1.09079e-05
9.50473e-06
8.274e-06
7.1956e-06
6.25164e-06
5.42622e-06
4.70518e-06
4.07598e-06
3.52746e-06
3.04979e-06
2.63422e-06
2.27306e-06
1.9595e-06
1.68754e-06
1.45192e-06
1.24797e-06
1.07162e-06
9.19296e-07
7.87852e-07
6.74544e-07
5.76968e-07
4.93025e-07
4.20884e-07
3.58948e-07
3.05828e-07
2.60314e-07
2.21358e-07
1.88047e-07
1.59594e-07
1.35313e-07
1.14615e-07
9.69877e-08
8.19915e-08
6.92463e-08
5.84253e-08
4.92471e-08
4.14702e-08
3.48873e-08
2.93207e-08
2.46183e-08
2.06499e-08
1.73042e-08
1.44865e-08
1.21157e-08
1.01231e-08
8.4499e-09
7.04638e-09
5.87025e-09
4.88565e-09
4.06223e-09
3.37429e-09
2.80012e-09
0.0220229
0.0234203
0.0248822
0.0264095
0.0280031
0.029664
0.0313926
0.0331896
0.0350552
0.0369896
0.0389925
0.0410639
0.043203
0.0454092
0.0476814
0.0500186
0.052419
0.054881
0.0574026
0.0599814
0.0626149
0.0653002
0.0680342
0.0708135
0.0736344
0.076493
0.0793849
0.0823057
0.0852508
0.088215
0.0911932
0.0941799
0.0971695
0.100156
0.103134
0.106096
0.109037
0.111951
0.11483
0.117667
0.120458
0.123194
0.125869
0.128477
0.131011
0.133465
0.135832
0.138106
0.14028
0.142351
0.14431
0.146154
0.147877
0.149474
0.150941
0.152273
0.153467
0.15452
0.155428
0.156189
0.1568
0.15726
0.157568
0.157722
0.157722
0.157568
0.15726
0.1568
0.156189
0.155428
0.15452
0.153467
0.152273
0.150941
0.149474
0.147877
0.146154
0.14431
0.142351
0.14028
0.138106
0.135832
0.133465
0.131011
0.128477
0.125869
0.123194
0.120458
0.117667
0.11483
0.111951
0.109037
0.106096
0.103134
0.100156
0.0971695
0.0941799
0.0911932
0.088215
0.0852508
0.0823057
0.0793849
0.076493
0.0736344
0.0708135
0.0680342
0.0653002
0.0626149
0.0599814
0.0574026
0.054881
0.052419
0.0500186
0.0476814
0.0454092
0.043203
0.0410639
0.0389925
0.0369896
0.0350552
0.0331896
0.0313926
0.029664
0.0280031
0.0264095
0.0248822
0.0234203
0.0220229
0.0206886
0.0194161
0.0182042
0.0170512
0.0159557
0.014916
0.0139304
0.0129972
0.0121148
0.0112812
0.0104947
0.00975352
0.00905584
0.00839985
0.00778378
0.00720586
0.00666433
0.00615748
0.00568363
0.00524112
0.00482834
0.00444374
0.00408577
0.00375298
0.00344393
0.00315724
0.00289159
0.00264571
0.00241838
0.00220842
0.00201472
0.00183622
0.00167189
0.00152079
0.00138199
0.00125464
0.00113791
0.00103103
0.000933279
0.000843971
0.000762464
0.000688157
0.000620485
0.000558921
0.000502975
0.000452186
0.00040613
0.000364408
0.000326653
0.000292524
0.000261705
0.000233905
0.000208854
0.000186303
0.000166026
0.00014781
0.000131465
0.000116814
0.000103693
9.1957e-05
8.14694e-05
7.21074e-05
6.3759e-05
5.63221e-05
4.97041e-05
4.38209e-05
3.85963e-05
3.39615e-05
2.98541e-05
2.62178e-05
2.30019e-05
2.01609e-05
1.76534e-05
1.54428e-05
1.34958e-05
1.17827e-05
1.02771e-05
8.95507e-06
7.79551e-06
6.77947e-06
5.89011e-06
5.11242e-06
4.43308e-06
3.84026e-06
3.32347e-06
2.87341e-06
2.48188e-06
2.1416e-06
1.84618e-06
1.58995e-06
1.36795e-06
1.1758e-06
1.00965e-06
8.66132e-07
7.4229e-07
6.35535e-07
5.43602e-07
4.64513e-07
3.96544e-07
3.3819e-07
2.88141e-07
2.4526e-07
2.08556e-07
1.77172e-07
1.50364e-07
1.27488e-07
1.07986e-07
9.13788e-08
7.72499e-08
6.52418e-08
5.50465e-08
4.63991e-08
3.90719e-08
3.28698e-08
2.76251e-08
2.31946e-08
1.94557e-08
1.63035e-08
1.36487e-08
1.14151e-08
9.53766e-09
7.96124e-09
6.63888e-09
5.53077e-09
4.60311e-09
3.82731e-09
3.17916e-09
2.63819e-09
0.020729
0.0220444
0.0234203
0.0248579
0.0263579
0.0279212
0.0295483
0.0312397
0.0329957
0.0348164
0.0367017
0.0386513
0.0406648
0.0427414
0.0448801
0.0470799
0.0493394
0.0516567
0.0540302
0.0564575
0.0589363
0.0614638
0.0640372
0.0666532
0.0693084
0.071999
0.074721
0.0774702
0.0802423
0.0830323
0.0858355
0.0886468
0.0914607
0.0942719
0.0970746
0.0998631
0.102631
0.105373
0.108083
0.110754
0.113381
0.115956
0.118475
0.120929
0.123314
0.125624
0.127852
0.129992
0.132039
0.133987
0.135832
0.137567
0.139189
0.140692
0.142073
0.143327
0.144451
0.145442
0.146297
0.147013
0.147588
0.148021
0.14831
0.148455
0.148455
0.14831
0.148021
0.147588
0.147013
0.146297
0.145442
0.144451
0.143327
0.142073
0.140692
0.139189
0.137567
0.135832
0.133987
0.132039
0.129992
0.127852
0.125624
0.123314
0.120929
0.118475
0.115956
0.113381
0.110754
0.108083
0.105373
0.102631
0.0998631
0.0970746
0.0942719
0.0914607
0.0886468
0.0858355
0.0830323
0.0802423
0.0774702
0.074721
0.071999
0.0693084
0.0666532
0.0640372
0.0614638
0.0589363
0.0564575
0.0540302
0.0516567
0.0493394
0.0470799
0.0448801
0.0427414
0.0406648
0.0386513
0.0367017
0.0348164
0.0329957
0.0312397
0.0295483
0.0279212
0.0263579
0.0248579
0.0234203
0.0220444
0.020729
0.0194731
0.0182754
0.0171347
0.0160495
0.0150183
0.0140397
0.013112
0.0122337
0.011403
0.0106184
0.00987813
0.0091805
0.0085238
0.00790636
0.00732648
0.00678251
0.0062728
0.00579572
0.00534971
0.0049332
0.00454468
0.00418267
0.00384573
0.00353249
0.0032416
0.00297175
0.00272171
0.00249028
0.0022763
0.00207867
0.00189635
0.00172834
0.00157367
0.00143144
0.0013008
0.00118093
0.00107105
0.000970456
0.000878448
0.000794387
0.000717669
0.000647727
0.000584031
0.000526084
0.000473425
0.00042562
0.000382269
0.000342999
0.000307462
0.000275338
0.00024633
0.000220163
0.000196583
0.000175358
0.000156271
0.000139127
0.000123742
0.000109951
9.76014e-05
8.65545e-05
7.6683e-05
6.78711e-05
6.00131e-05
5.30131e-05
4.67839e-05
4.12464e-05
3.63288e-05
3.19662e-05
2.81001e-05
2.46775e-05
2.16506e-05
1.89764e-05
1.66163e-05
1.45355e-05
1.27029e-05
1.10905e-05
9.67329e-06
8.42895e-06
7.33752e-06
6.38118e-06
5.54406e-06
4.81206e-06
4.17263e-06
3.61464e-06
3.12821e-06
2.7046e-06
2.33607e-06
2.01578e-06
1.73772e-06
1.49654e-06
1.28758e-06
1.10672e-06
9.50331e-07
8.15246e-07
6.98681e-07
5.98197e-07
5.11665e-07
4.37223e-07
3.73247e-07
3.18321e-07
2.71213e-07
2.30851e-07
1.96304e-07
1.66763e-07
1.4153e-07
1.19998e-07
1.01642e-07
8.60103e-08
7.27114e-08
6.14088e-08
5.18125e-08
4.36731e-08
3.67764e-08
3.09386e-08
2.60021e-08
2.18319e-08
1.83126e-08
1.53457e-08
1.28469e-08
1.07444e-08
8.97732e-09
7.49351e-09
6.24885e-09
5.20583e-09
4.33268e-09
3.60245e-09
2.99238e-09
2.48319e-09
0.0194921
0.020729
0.0220229
0.0233746
0.0247852
0.0262552
0.0277852
0.0293757
0.0310269
0.032739
0.0345118
0.036345
0.0382384
0.040191
0.0422022
0.0442707
0.0463953
0.0485744
0.0508062
0.0530887
0.0554196
0.0577963
0.0602162
0.0626761
0.0651728
0.0677029
0.0702625
0.0728477
0.0754543
0.0780779
0.0807138
0.0833573
0.0860033
0.0886468
0.0912823
0.0939044
0.0965075
0.099086
0.101634
0.104146
0.106616
0.109037
0.111405
0.113714
0.115956
0.118128
0.120223
0.122235
0.12416
0.125992
0.127727
0.129359
0.130884
0.132297
0.133595
0.134775
0.135832
0.136764
0.137567
0.138241
0.138782
0.139189
0.139461
0.139597
0.139597
0.139461
0.139189
0.138782
0.138241
0.137567
0.136764
0.135832
0.134775
0.133595
0.132297
0.130884
0.129359
0.127727
0.125992
0.12416
0.122235
0.120223
0.118128
0.115956
0.113714
0.111405
0.109037
0.106616
0.104146
0.101634
0.099086
0.0965075
0.0939044
0.0912823
0.0886468
0.0860033
0.0833573
0.0807138
0.0780779
0.0754543
0.0728477
0.0702625
0.0677029
0.0651728
0.0626761
0.0602162
0.0577963
0.0554196
0.0530887
0.0508062
0.0485744
0.0463953
0.0442707
0.0422022
0.040191
0.0382384
0.036345
0.0345118
0.032739
0.0310269
0.0293757
0.0277852
0.0262552
0.0247852
0.0233746
0.0220229
0.020729
0.0194921
0.0183112
0.017185
0.0161123
0.0150918
0.0141222
0.0132019
0.0123296
0.0115037
0.0107226
0.00998482
0.00928871
0.00863271
0.0080152
0.00743459
0.00688932
0.0063778
0.0058985
0.0054499
0.0050305
0.00463884
0.0042735
0.00393309
0.00361626
0.00332171
0.00304817
0.00279443
0.00255931
0.00234168
0.00214047
0.00195464
0.0017832
0.00162521
0.00147977
0.00134603
0.00122318
0.00111046
0.00100715
0.00091255
0.000826032
0.000746987
0.000674846
0.000609078
0.000549182
0.000494693
0.000445176
0.000400224
0.00035946
0.000322533
0.000289116
0.000258909
0.000231632
0.000207026
0.000184853
0.000164894
0.000146947
0.000130825
0.000116358
0.00010339
9.17776e-05
8.13899e-05
7.21074e-05
6.38213e-05
5.64322e-05
4.98499e-05
4.39924e-05
3.87852e-05
3.41611e-05
3.00588e-05
2.64234e-05
2.3205e-05
2.03587e-05
1.78441e-05
1.56248e-05
1.36682e-05
1.19449e-05
1.04287e-05
9.09609e-06
7.92601e-06
6.8997e-06
6.00042e-06
5.21325e-06
4.52493e-06
3.92366e-06
3.39896e-06
2.94155e-06
2.54322e-06
2.19668e-06
1.8955e-06
1.63403e-06
1.40724e-06
1.21075e-06
1.04068e-06
8.93626e-07
7.66601e-07
6.56991e-07
5.62503e-07
4.81134e-07
4.11134e-07
3.50976e-07
2.99327e-07
2.5503e-07
2.17076e-07
1.8459e-07
1.56813e-07
1.33085e-07
1.12838e-07
9.55773e-08
8.08781e-08
6.83728e-08
5.77446e-08
4.87209e-08
4.10672e-08
3.4582e-08
2.90926e-08
2.44506e-08
2.05292e-08
1.72199e-08
1.443e-08
1.20803e-08
1.01033e-08
8.44165e-09
7.04638e-09
5.87598e-09
4.8952e-09
4.07415e-09
3.3875e-09
2.81383e-09
2.33502e-09
)
;

boundaryField
{
    boundaries
    {
        type            calculated;
        value           uniform 0;
    }
}


// ************************************************************************* //
