/*--------------------------------*- C++ -*----------------------------------*\
| =========                 |                                                 |
| \\      /  F ield         | OpenFOAM: The Open Source CFD Toolbox           |
|  \\    /   O peration     | Version:  2412                                  |
|   \\  /    A nd           | Website:  www.openfoam.com                      |
|    \\/     M anipulation  |                                                 |
\*---------------------------------------------------------------------------*/
FoamFile
{
    version     2.0;
    format      ascii;
    arch        "LSB;label=32;scalar=64";
    class       volScalarField;
    location    "0";
    object      u;
}
// * * * * * * * * * * * * * * * * * * * * * * * * * * * * * * * * * * * * * //

dimensions      [0 0 0 0 0 0 0];

internalField   nonuniform List<scalar> 
65536
(
-3.14129e-12
-3.34062e-12
-3.54913e-12
-3.76698e-12
-3.99429e-12
-4.23119e-12
-4.47777e-12
-4.73409e-12
-5.00019e-12
-5.2761e-12
-5.5618e-12
-5.85725e-12
-6.16237e-12
-6.47705e-12
-6.80116e-12
-7.13452e-12
-7.47691e-12
-7.82809e-12
-8.18776e-12
-8.5556e-12
-8.93123e-12
-9.31426e-12
-9.70423e-12
-1.01007e-11
-1.0503e-11
-1.09108e-11
-1.13233e-11
-1.17399e-11
-1.216e-11
-1.25828e-11
-1.30076e-11
-1.34336e-11
-1.386e-11
-1.4286e-11
-1.47107e-11
-1.51333e-11
-1.55528e-11
-1.59684e-11
-1.6379e-11
-1.67838e-11
-1.71818e-11
-1.75721e-11
-1.79537e-11
-1.83257e-11
-1.86871e-11
-1.90371e-11
-1.93747e-11
-1.9699e-11
-2.00093e-11
-2.03045e-11
-2.0584e-11
-2.0847e-11
-2.10928e-11
-2.13206e-11
-2.15298e-11
-2.17198e-11
-2.18902e-11
-2.20403e-11
-2.21699e-11
-2.22784e-11
-2.23656e-11
-2.24312e-11
-2.24751e-11
-2.2497e-11
-2.2497e-11
-2.24751e-11
-2.24312e-11
-2.23656e-11
-2.22784e-11
-2.21699e-11
-2.20403e-11
-2.18902e-11
-2.17198e-11
-2.15298e-11
-2.13206e-11
-2.10928e-11
-2.0847e-11
-2.0584e-11
-2.03045e-11
-2.00093e-11
-1.9699e-11
-1.93747e-11
-1.90371e-11
-1.86871e-11
-1.83257e-11
-1.79537e-11
-1.75721e-11
-1.71818e-11
-1.67838e-11
-1.6379e-11
-1.59684e-11
-1.55528e-11
-1.51333e-11
-1.47107e-11
-1.4286e-11
-1.386e-11
-1.34336e-11
-1.30076e-11
-1.25828e-11
-1.216e-11
-1.17399e-11
-1.13233e-11
-1.09108e-11
-1.0503e-11
-1.01007e-11
-9.70423e-12
-9.31426e-12
-8.93123e-12
-8.5556e-12
-8.18776e-12
-7.82809e-12
-7.47691e-12
-7.13452e-12
-6.80116e-12
-6.47705e-12
-6.16237e-12
-5.85725e-12
-5.5618e-12
-5.2761e-12
-5.00019e-12
-4.73409e-12
-4.47777e-12
-4.23119e-12
-3.99429e-12
-3.76698e-12
-3.54913e-12
-3.34062e-12
-3.14129e-12
-2.95097e-12
-2.76947e-12
-2.5966e-12
-2.43214e-12
-2.27588e-12
-2.12758e-12
-1.987e-12
-1.8539e-12
-1.72802e-12
-1.60912e-12
-1.49694e-12
-1.39122e-12
-1.2917e-12
-1.19813e-12
-1.11026e-12
-1.02783e-12
-9.50583e-13
-8.78287e-13
-8.10698e-13
-7.4758e-13
-6.88703e-13
-6.33843e-13
-5.82785e-13
-5.35316e-13
-4.91233e-13
-4.50341e-13
-4.1245e-13
-3.77378e-13
-3.44951e-13
-3.15003e-13
-2.87375e-13
-2.61913e-13
-2.38475e-13
-2.16922e-13
-1.97124e-13
-1.78958e-13
-1.62308e-13
-1.47063e-13
-1.33121e-13
-1.20382e-13
-1.08756e-13
-9.81569e-14
-8.85044e-14
-7.97231e-14
-7.17431e-14
-6.44987e-14
-5.79293e-14
-5.19783e-14
-4.6593e-14
-4.17249e-14
-3.7329e-14
-3.33636e-14
-2.97904e-14
-2.65738e-14
-2.36815e-14
-2.10833e-14
-1.87519e-14
-1.6662e-14
-1.47906e-14
-1.31165e-14
-1.16206e-14
-1.02852e-14
-9.09442e-15
-8.03364e-15
-7.08966e-15
-6.2505e-15
-5.50528e-15
-4.84418e-15
-4.25831e-15
-3.73964e-15
-3.28094e-15
-2.87569e-15
-2.51804e-15
-2.20272e-15
-1.925e-15
-1.68066e-15
-1.4659e-15
-1.27733e-15
-1.11193e-15
-9.67007e-16
-8.4015e-16
-7.29223e-16
-6.32323e-16
-5.47765e-16
-4.74051e-16
-4.09857e-16
-3.54009e-16
-3.05473e-16
-2.63334e-16
-2.26787e-16
-1.95121e-16
-1.67713e-16
-1.44014e-16
-1.23543e-16
-1.05878e-16
-9.06511e-17
-7.7538e-17
-6.6257e-17
-5.65621e-17
-4.82386e-17
-4.10998e-17
-3.49833e-17
-2.9748e-17
-2.52714e-17
-2.14476e-17
-1.81846e-17
-1.54029e-17
-1.3034e-17
-1.10187e-17
-9.30592e-18
-7.85169e-18
-6.61825e-18
-5.57312e-18
-4.68846e-18
-3.94038e-18
-3.30842e-18
-2.77511e-18
-2.32549e-18
-1.94682e-18
-1.62822e-18
-1.36043e-18
-1.13557e-18
-9.46954e-19
-7.88895e-19
-6.56576e-19
-5.45918e-19
-4.53467e-19
-3.76304e-19
-3.78542e-12
-4.02562e-12
-4.27689e-12
-4.53941e-12
-4.81334e-12
-5.09881e-12
-5.39595e-12
-5.70482e-12
-6.0255e-12
-6.35798e-12
-6.70226e-12
-7.05829e-12
-7.42598e-12
-7.80519e-12
-8.19576e-12
-8.59747e-12
-9.01008e-12
-9.43326e-12
-9.86668e-12
-1.03099e-11
-1.07626e-11
-1.12242e-11
-1.16941e-11
-1.21718e-11
-1.26567e-11
-1.3148e-11
-1.36451e-11
-1.41472e-11
-1.46534e-11
-1.51629e-11
-1.56748e-11
-1.61882e-11
-1.6702e-11
-1.72154e-11
-1.77272e-11
-1.82364e-11
-1.8742e-11
-1.92427e-11
-1.97376e-11
-2.02254e-11
-2.0705e-11
-2.11753e-11
-2.16352e-11
-2.20834e-11
-2.2519e-11
-2.29407e-11
-2.33475e-11
-2.37384e-11
-2.41122e-11
-2.4468e-11
-2.48048e-11
-2.51218e-11
-2.54179e-11
-2.56924e-11
-2.59445e-11
-2.61736e-11
-2.63788e-11
-2.65598e-11
-2.67159e-11
-2.68466e-11
-2.69517e-11
-2.70308e-11
-2.70836e-11
-2.71101e-11
-2.71101e-11
-2.70836e-11
-2.70308e-11
-2.69517e-11
-2.68466e-11
-2.67159e-11
-2.65598e-11
-2.63788e-11
-2.61736e-11
-2.59445e-11
-2.56924e-11
-2.54179e-11
-2.51218e-11
-2.48048e-11
-2.4468e-11
-2.41122e-11
-2.37384e-11
-2.33475e-11
-2.29407e-11
-2.2519e-11
-2.20834e-11
-2.16352e-11
-2.11753e-11
-2.0705e-11
-2.02254e-11
-1.97376e-11
-1.92427e-11
-1.8742e-11
-1.82364e-11
-1.77272e-11
-1.72154e-11
-1.6702e-11
-1.61882e-11
-1.56748e-11
-1.51629e-11
-1.46534e-11
-1.41472e-11
-1.36451e-11
-1.3148e-11
-1.26567e-11
-1.21718e-11
-1.16941e-11
-1.12242e-11
-1.07626e-11
-1.03099e-11
-9.86668e-12
-9.43326e-12
-9.01008e-12
-8.59747e-12
-8.19576e-12
-7.80519e-12
-7.42598e-12
-7.05829e-12
-6.70226e-12
-6.35798e-12
-6.0255e-12
-5.70482e-12
-5.39595e-12
-5.09881e-12
-4.81334e-12
-4.53941e-12
-4.27689e-12
-4.02562e-12
-3.78542e-12
-3.55607e-12
-3.33736e-12
-3.12904e-12
-2.93086e-12
-2.74256e-12
-2.56384e-12
-2.39444e-12
-2.23404e-12
-2.08236e-12
-1.93907e-12
-1.80389e-12
-1.67649e-12
-1.55657e-12
-1.44381e-12
-1.33792e-12
-1.23858e-12
-1.1455e-12
-1.05838e-12
-9.76934e-13
-9.00873e-13
-8.29923e-13
-7.63815e-13
-7.02286e-13
-6.45084e-13
-5.91962e-13
-5.42685e-13
-4.97024e-13
-4.5476e-13
-4.15685e-13
-3.79596e-13
-3.46301e-13
-3.15619e-13
-2.87375e-13
-2.61402e-13
-2.37545e-13
-2.15654e-13
-1.9559e-13
-1.77219e-13
-1.60417e-13
-1.45067e-13
-1.31057e-13
-1.18284e-13
-1.06652e-13
-9.60706e-14
-8.64542e-14
-7.77244e-14
-6.98079e-14
-6.26365e-14
-5.6147e-14
-5.02807e-14
-4.49834e-14
-4.02049e-14
-3.5899e-14
-3.20229e-14
-2.85374e-14
-2.54065e-14
-2.2597e-14
-2.00786e-14
-1.78234e-14
-1.58061e-14
-1.40034e-14
-1.23942e-14
-1.09593e-14
-9.68096e-15
-8.54342e-15
-7.53218e-15
-6.63416e-15
-5.8375e-15
-5.13149e-15
-4.50646e-15
-3.95371e-15
-3.46536e-15
-3.03437e-15
-2.65439e-15
-2.31973e-15
-2.02528e-15
-1.76648e-15
-1.53925e-15
-1.33994e-15
-1.16529e-15
-1.01243e-15
-8.78752e-16
-7.61983e-16
-6.60086e-16
-5.71257e-16
-4.93899e-16
-4.266e-16
-3.68111e-16
-3.17332e-16
-2.7329e-16
-2.35131e-16
-2.02103e-16
-1.73544e-16
-1.48876e-16
-1.27589e-16
-1.09239e-16
-9.34374e-17
-7.98432e-17
-6.81603e-17
-5.813e-17
-4.95274e-17
-4.21567e-17
-3.58479e-17
-3.04534e-17
-2.58455e-17
-2.19134e-17
-1.85613e-17
-1.57067e-17
-1.32781e-17
-1.12141e-17
-9.4617e-18
-7.97534e-18
-6.71591e-18
-5.64984e-18
-4.74836e-18
-3.98682e-18
-3.34415e-18
-2.80234e-18
-2.34602e-18
-1.96209e-18
-1.63939e-18
-1.36842e-18
-1.14113e-18
-9.5066e-19
-7.91209e-19
-6.5786e-19
-5.46451e-19
-4.53467e-19
-4.55717e-12
-4.84635e-12
-5.14885e-12
-5.46489e-12
-5.79466e-12
-6.13834e-12
-6.49606e-12
-6.86791e-12
-7.25395e-12
-7.65422e-12
-8.0687e-12
-8.49731e-12
-8.93996e-12
-9.39649e-12
-9.86668e-12
-1.03503e-11
-1.0847e-11
-1.13565e-11
-1.18783e-11
-1.24119e-11
-1.29569e-11
-1.35125e-11
-1.40783e-11
-1.46534e-11
-1.52371e-11
-1.58286e-11
-1.64271e-11
-1.70315e-11
-1.76409e-11
-1.82543e-11
-1.88705e-11
-1.94886e-11
-2.01072e-11
-2.07252e-11
-2.13414e-11
-2.19544e-11
-2.2563e-11
-2.31659e-11
-2.37616e-11
-2.43488e-11
-2.49263e-11
-2.54925e-11
-2.60461e-11
-2.65857e-11
-2.71101e-11
-2.76178e-11
-2.81076e-11
-2.85781e-11
-2.90281e-11
-2.94565e-11
-2.9862e-11
-3.02435e-11
-3.06e-11
-3.09305e-11
-3.1234e-11
-3.15097e-11
-3.17569e-11
-3.19747e-11
-3.21626e-11
-3.232e-11
-3.24465e-11
-3.25417e-11
-3.26053e-11
-3.26372e-11
-3.26372e-11
-3.26053e-11
-3.25417e-11
-3.24465e-11
-3.232e-11
-3.21626e-11
-3.19747e-11
-3.17569e-11
-3.15097e-11
-3.1234e-11
-3.09305e-11
-3.06e-11
-3.02435e-11
-2.9862e-11
-2.94565e-11
-2.90281e-11
-2.85781e-11
-2.81076e-11
-2.76178e-11
-2.71101e-11
-2.65857e-11
-2.60461e-11
-2.54925e-11
-2.49263e-11
-2.43488e-11
-2.37616e-11
-2.31659e-11
-2.2563e-11
-2.19544e-11
-2.13414e-11
-2.07252e-11
-2.01072e-11
-1.94886e-11
-1.88705e-11
-1.82543e-11
-1.76409e-11
-1.70315e-11
-1.64271e-11
-1.58286e-11
-1.52371e-11
-1.46534e-11
-1.40783e-11
-1.35125e-11
-1.29569e-11
-1.24119e-11
-1.18783e-11
-1.13565e-11
-1.0847e-11
-1.03503e-11
-9.86668e-12
-9.39649e-12
-8.93996e-12
-8.49731e-12
-8.0687e-12
-7.65422e-12
-7.25395e-12
-6.86791e-12
-6.49606e-12
-6.13834e-12
-5.79466e-12
-5.46489e-12
-5.14885e-12
-4.84635e-12
-4.55717e-12
-4.28107e-12
-4.01777e-12
-3.76698e-12
-3.5284e-12
-3.3017e-12
-3.08655e-12
-2.88261e-12
-2.68951e-12
-2.5069e-12
-2.33441e-12
-2.17166e-12
-2.01829e-12
-1.87392e-12
-1.73818e-12
-1.61069e-12
-1.4911e-12
-1.37904e-12
-1.27416e-12
-1.17611e-12
-1.08454e-12
-9.99125e-13
-9.19539e-13
-8.45466e-13
-7.76601e-13
-7.12649e-13
-6.53325e-13
-5.98355e-13
-5.47475e-13
-5.00433e-13
-4.56986e-13
-4.16904e-13
-3.79967e-13
-3.45963e-13
-3.14696e-13
-2.85975e-13
-2.59621e-13
-2.35466e-13
-2.1335e-13
-1.93123e-13
-1.74642e-13
-1.57776e-13
-1.424e-13
-1.28396e-13
-1.15657e-13
-1.0408e-13
-9.35706e-14
-8.40401e-14
-7.54067e-14
-6.75941e-14
-6.05318e-14
-5.41545e-14
-4.84018e-14
-4.32179e-14
-3.85516e-14
-3.43555e-14
-3.05863e-14
-2.7204e-14
-2.41721e-14
-2.14572e-14
-1.90286e-14
-1.68584e-14
-1.49211e-14
-1.31936e-14
-1.16547e-14
-1.02852e-14
-9.06782e-15
-7.98671e-15
-7.02762e-15
-6.17768e-15
-5.42523e-15
-4.75977e-15
-4.17187e-15
-3.65301e-15
-3.19556e-15
-2.79267e-15
-2.43819e-15
-2.12663e-15
-1.85306e-15
-1.61312e-15
-1.40287e-15
-1.21884e-15
-1.05791e-15
-9.17334e-16
-7.94662e-16
-6.87722e-16
-5.94593e-16
-5.13573e-16
-4.43161e-16
-3.82028e-16
-3.29008e-16
-2.83069e-16
-2.43307e-16
-2.08926e-16
-1.79228e-16
-1.53602e-16
-1.31511e-16
-1.12487e-16
-9.61214e-17
-8.20566e-17
-6.99814e-17
-5.96249e-17
-5.07514e-17
-4.31564e-17
-3.66621e-17
-3.11148e-17
-2.6381e-17
-2.23456e-17
-1.89089e-17
-1.59853e-17
-1.35004e-17
-1.13907e-17
-9.60132e-18
-8.08513e-18
-6.80171e-18
-5.71644e-18
-4.79964e-18
-4.02595e-18
-3.37367e-18
-2.82432e-18
-2.36211e-18
-1.97362e-18
-1.64741e-18
-1.37378e-18
-1.14448e-18
-9.52518e-19
-7.91982e-19
-6.5786e-19
-5.45918e-19
-5.48092e-12
-5.82872e-12
-6.19253e-12
-6.57263e-12
-6.96925e-12
-7.38259e-12
-7.81282e-12
-8.26004e-12
-8.72434e-12
-9.20575e-12
-9.70423e-12
-1.02197e-11
-1.07521e-11
-1.13012e-11
-1.18667e-11
-1.24483e-11
-1.30457e-11
-1.36585e-11
-1.4286e-11
-1.49278e-11
-1.55832e-11
-1.62515e-11
-1.6932e-11
-1.76237e-11
-1.83257e-11
-1.90371e-11
-1.97568e-11
-2.04838e-11
-2.12167e-11
-2.19544e-11
-2.26956e-11
-2.34389e-11
-2.4183e-11
-2.49263e-11
-2.56673e-11
-2.64046e-11
-2.71366e-11
-2.78616e-11
-2.85781e-11
-2.92844e-11
-2.99788e-11
-3.06598e-11
-3.13257e-11
-3.19747e-11
-3.26053e-11
-3.3216e-11
-3.3805e-11
-3.43709e-11
-3.49122e-11
-3.54274e-11
-3.5915e-11
-3.63739e-11
-3.68027e-11
-3.72001e-11
-3.75652e-11
-3.78968e-11
-3.8194e-11
-3.8456e-11
-3.8682e-11
-3.88714e-11
-3.90235e-11
-3.9138e-11
-3.92145e-11
-3.92528e-11
-3.92528e-11
-3.92145e-11
-3.9138e-11
-3.90235e-11
-3.88714e-11
-3.8682e-11
-3.8456e-11
-3.8194e-11
-3.78968e-11
-3.75652e-11
-3.72001e-11
-3.68027e-11
-3.63739e-11
-3.5915e-11
-3.54274e-11
-3.49122e-11
-3.43709e-11
-3.3805e-11
-3.3216e-11
-3.26053e-11
-3.19747e-11
-3.13257e-11
-3.06598e-11
-2.99788e-11
-2.92844e-11
-2.85781e-11
-2.78616e-11
-2.71366e-11
-2.64046e-11
-2.56673e-11
-2.49263e-11
-2.4183e-11
-2.34389e-11
-2.26956e-11
-2.19544e-11
-2.12167e-11
-2.04838e-11
-1.97568e-11
-1.90371e-11
-1.83257e-11
-1.76237e-11
-1.6932e-11
-1.62515e-11
-1.55832e-11
-1.49278e-11
-1.4286e-11
-1.36585e-11
-1.30457e-11
-1.24483e-11
-1.18667e-11
-1.13012e-11
-1.07521e-11
-1.02197e-11
-9.70423e-12
-9.20575e-12
-8.72434e-12
-8.26004e-12
-7.81282e-12
-7.38259e-12
-6.96925e-12
-6.57263e-12
-6.19253e-12
-5.82872e-12
-5.48092e-12
-5.14885e-12
-4.83217e-12
-4.53055e-12
-4.24361e-12
-3.97096e-12
-3.7122e-12
-3.46692e-12
-3.23468e-12
-3.01505e-12
-2.80759e-12
-2.61186e-12
-2.4274e-12
-2.25376e-12
-2.09051e-12
-1.93718e-12
-1.79335e-12
-1.65858e-12
-1.53244e-12
-1.41451e-12
-1.30438e-12
-1.20165e-12
-1.10593e-12
-1.01684e-12
-9.34019e-13
-8.57104e-13
-7.85756e-13
-7.19643e-13
-6.5845e-13
-6.01872e-13
-5.49618e-13
-5.01411e-13
-4.56986e-13
-4.16091e-13
-3.78485e-13
-3.43942e-13
-3.12247e-13
-2.83196e-13
-2.56597e-13
-2.32269e-13
-2.10042e-13
-1.89758e-13
-1.71264e-13
-1.54423e-13
-1.39101e-13
-1.25177e-13
-1.12537e-13
-1.01075e-13
-9.06917e-14
-8.12955e-14
-7.28017e-14
-6.51317e-14
-5.82129e-14
-5.19783e-14
-4.63661e-14
-4.13194e-14
-3.67862e-14
-3.27183e-14
-2.90719e-14
-2.58066e-14
-2.28857e-14
-2.02756e-14
-1.79457e-14
-1.5868e-14
-1.40171e-14
-1.23701e-14
-1.09059e-14
-9.60562e-15
-8.45214e-15
-7.4299e-15
-6.52493e-15
-5.72459e-15
-5.01751e-15
-4.39348e-15
-3.84331e-15
-3.35875e-15
-2.93241e-15
-2.5577e-15
-2.22868e-15
-1.9401e-15
-1.68723e-15
-1.4659e-15
-1.27235e-15
-1.10328e-15
-9.55741e-16
-8.27125e-16
-7.15118e-16
-6.17676e-16
-5.3299e-16
-4.59466e-16
-3.95698e-16
-3.40447e-16
-2.92625e-16
-2.51275e-16
-2.15558e-16
-1.84737e-16
-1.58168e-16
-1.35288e-16
-1.15605e-16
-9.86896e-17
-8.41667e-17
-7.17109e-17
-6.10388e-17
-5.19043e-17
-4.40936e-17
-3.74218e-17
-3.17284e-17
-2.6875e-17
-2.27418e-17
-1.92255e-17
-1.6237e-17
-1.36996e-17
-1.15475e-17
-9.72399e-18
-8.18043e-18
-6.87517e-18
-5.77254e-18
-4.84201e-18
-4.05752e-18
-3.39682e-18
-2.84092e-18
-2.37368e-18
-1.98135e-18
-1.65225e-18
-1.37646e-18
-1.1456e-18
-9.52518e-19
-7.91209e-19
-6.56576e-19
-6.58548e-12
-7.00336e-12
-7.44049e-12
-7.89719e-12
-8.37375e-12
-8.87039e-12
-9.38731e-12
-9.92467e-12
-1.04825e-11
-1.1061e-11
-1.16599e-11
-1.22793e-11
-1.29189e-11
-1.35787e-11
-1.42581e-11
-1.4957e-11
-1.56748e-11
-1.6411e-11
-1.7165e-11
-1.79362e-11
-1.87237e-11
-1.95267e-11
-2.03442e-11
-2.11753e-11
-2.20188e-11
-2.28736e-11
-2.37384e-11
-2.46118e-11
-2.54925e-11
-2.63788e-11
-2.72694e-11
-2.81625e-11
-2.90565e-11
-2.99496e-11
-3.084e-11
-3.17259e-11
-3.26053e-11
-3.34765e-11
-3.43374e-11
-3.5186e-11
-3.60204e-11
-3.68386e-11
-3.76386e-11
-3.84185e-11
-3.91762e-11
-3.99099e-11
-4.06177e-11
-4.12976e-11
-4.19479e-11
-4.25669e-11
-4.31529e-11
-4.37042e-11
-4.42194e-11
-4.4697e-11
-4.51356e-11
-4.55341e-11
-4.58912e-11
-4.6206e-11
-4.64775e-11
-4.6705e-11
-4.68878e-11
-4.70254e-11
-4.71173e-11
-4.71633e-11
-4.71633e-11
-4.71173e-11
-4.70254e-11
-4.68878e-11
-4.6705e-11
-4.64775e-11
-4.6206e-11
-4.58912e-11
-4.55341e-11
-4.51356e-11
-4.4697e-11
-4.42194e-11
-4.37042e-11
-4.31529e-11
-4.25669e-11
-4.19479e-11
-4.12976e-11
-4.06177e-11
-3.99099e-11
-3.91762e-11
-3.84185e-11
-3.76386e-11
-3.68386e-11
-3.60204e-11
-3.5186e-11
-3.43374e-11
-3.34765e-11
-3.26053e-11
-3.17259e-11
-3.084e-11
-2.99496e-11
-2.90565e-11
-2.81625e-11
-2.72694e-11
-2.63788e-11
-2.54925e-11
-2.46118e-11
-2.37384e-11
-2.28736e-11
-2.20188e-11
-2.11753e-11
-2.03442e-11
-1.95267e-11
-1.87237e-11
-1.79362e-11
-1.7165e-11
-1.6411e-11
-1.56748e-11
-1.4957e-11
-1.42581e-11
-1.35787e-11
-1.29189e-11
-1.22793e-11
-1.16599e-11
-1.1061e-11
-1.04825e-11
-9.92467e-12
-9.38731e-12
-8.87039e-12
-8.37375e-12
-7.89719e-12
-7.44049e-12
-7.00336e-12
-6.58548e-12
-6.18648e-12
-5.80599e-12
-5.44358e-12
-5.09881e-12
-4.77122e-12
-4.46031e-12
-4.1656e-12
-3.88656e-12
-3.62267e-12
-3.3734e-12
-3.13822e-12
-2.91659e-12
-2.70796e-12
-2.5118e-12
-2.32758e-12
-2.15476e-12
-1.99283e-12
-1.84127e-12
-1.69957e-12
-1.56725e-12
-1.44381e-12
-1.32881e-12
-1.22177e-12
-1.12225e-12
-1.02983e-12
-9.44107e-13
-8.64671e-13
-7.91145e-13
-7.23165e-13
-6.60381e-13
-6.0246e-13
-5.49082e-13
-4.99945e-13
-4.5476e-13
-4.13256e-13
-3.75173e-13
-3.40267e-13
-3.08308e-13
-2.79077e-13
-2.52372e-13
-2.27999e-13
-2.05779e-13
-1.85543e-13
-1.67134e-13
-1.50404e-13
-1.35217e-13
-1.21445e-13
-1.08969e-13
-9.76788e-14
-8.74733e-14
-7.82575e-14
-6.99444e-14
-6.24533e-14
-5.57101e-14
-4.96465e-14
-4.41996e-14
-3.93119e-14
-3.49306e-14
-3.10073e-14
-2.74978e-14
-2.43617e-14
-2.15622e-14
-1.90658e-14
-1.68419e-14
-1.4863e-14
-1.31037e-14
-1.15414e-14
-1.01555e-14
-8.92723e-15
-7.83988e-15
-6.87825e-15
-6.02868e-15
-5.27889e-15
-4.61784e-15
-4.03563e-15
-3.52337e-15
-3.07314e-15
-2.67783e-15
-2.33108e-15
-2.02726e-15
-1.76131e-15
-1.52876e-15
-1.32562e-15
-1.14835e-15
-9.93813e-16
-8.59234e-16
-7.42154e-16
-6.40402e-16
-5.52061e-16
-4.75442e-16
-4.09057e-16
-3.51597e-16
-3.01914e-16
-2.58999e-16
-2.21966e-16
-1.90043e-16
-1.62553e-16
-1.38903e-16
-1.18578e-16
-1.01129e-16
-8.61627e-17
-7.33398e-17
-6.23644e-17
-5.29797e-17
-4.49633e-17
-3.81226e-17
-3.22911e-17
-2.73249e-17
-2.31e-17
-1.95092e-17
-1.64605e-17
-1.38747e-17
-1.16836e-17
-9.82901e-18
-8.26071e-18
-6.93586e-18
-5.81781e-18
-4.87523e-18
-4.08137e-18
-3.41344e-18
-2.85204e-18
-2.38064e-18
-1.98522e-18
-1.65386e-18
-1.37646e-18
-1.14448e-18
-9.5066e-19
-7.88895e-19
-7.90491e-12
-8.40652e-12
-8.93123e-12
-9.47944e-12
-1.00515e-11
-1.06476e-11
-1.12681e-11
-1.19131e-11
-1.25828e-11
-1.32771e-11
-1.3996e-11
-1.47395e-11
-1.55073e-11
-1.62992e-11
-1.71148e-11
-1.79537e-11
-1.88153e-11
-1.9699e-11
-2.06041e-11
-2.15298e-11
-2.24751e-11
-2.34389e-11
-2.44203e-11
-2.54179e-11
-2.64304e-11
-2.74565e-11
-2.84945e-11
-2.95429e-11
-3.06e-11
-3.1664e-11
-3.2733e-11
-3.3805e-11
-3.48781e-11
-3.59501e-11
-3.70189e-11
-3.80823e-11
-3.9138e-11
-4.01837e-11
-4.1217e-11
-4.22357e-11
-4.32373e-11
-4.42194e-11
-4.51797e-11
-4.61158e-11
-4.70254e-11
-4.79061e-11
-4.87556e-11
-4.95718e-11
-5.03524e-11
-5.10954e-11
-5.17988e-11
-5.24606e-11
-5.3079e-11
-5.36522e-11
-5.41788e-11
-5.4657e-11
-5.50857e-11
-5.54636e-11
-5.57895e-11
-5.60626e-11
-5.6282e-11
-5.64471e-11
-5.65575e-11
-5.66127e-11
-5.66127e-11
-5.65575e-11
-5.64471e-11
-5.6282e-11
-5.60626e-11
-5.57895e-11
-5.54636e-11
-5.50857e-11
-5.4657e-11
-5.41788e-11
-5.36522e-11
-5.3079e-11
-5.24606e-11
-5.17988e-11
-5.10954e-11
-5.03524e-11
-4.95718e-11
-4.87556e-11
-4.79061e-11
-4.70254e-11
-4.61158e-11
-4.51797e-11
-4.42194e-11
-4.32373e-11
-4.22357e-11
-4.1217e-11
-4.01837e-11
-3.9138e-11
-3.80823e-11
-3.70189e-11
-3.59501e-11
-3.48781e-11
-3.3805e-11
-3.2733e-11
-3.1664e-11
-3.06e-11
-2.95429e-11
-2.84945e-11
-2.74565e-11
-2.64304e-11
-2.54179e-11
-2.44203e-11
-2.34389e-11
-2.24751e-11
-2.15298e-11
-2.06041e-11
-1.9699e-11
-1.88153e-11
-1.79537e-11
-1.71148e-11
-1.62992e-11
-1.55073e-11
-1.47395e-11
-1.3996e-11
-1.32771e-11
-1.25828e-11
-1.19131e-11
-1.12681e-11
-1.06476e-11
-1.00515e-11
-9.47944e-12
-8.93123e-12
-8.40652e-12
-7.90491e-12
-7.42598e-12
-6.96925e-12
-6.53423e-12
-6.12038e-12
-5.72715e-12
-5.35396e-12
-5.00019e-12
-4.66525e-12
-4.34849e-12
-4.04928e-12
-3.76698e-12
-3.50094e-12
-3.25051e-12
-3.01505e-12
-2.79392e-12
-2.58648e-12
-2.3921e-12
-2.21017e-12
-2.04009e-12
-1.88125e-12
-1.73309e-12
-1.59504e-12
-1.46655e-12
-1.3471e-12
-1.23617e-12
-1.13326e-12
-1.03791e-12
-9.49655e-13
-8.68055e-13
-7.92692e-13
-7.23165e-13
-6.59093e-13
-6.00111e-13
-5.45874e-13
-4.96054e-13
-4.50341e-13
-4.08442e-13
-3.70079e-13
-3.34992e-13
-3.02936e-13
-2.7368e-13
-2.47008e-13
-2.22717e-13
-2.0062e-13
-1.80538e-13
-1.62308e-13
-1.45777e-13
-1.30801e-13
-1.17249e-13
-1.04999e-13
-9.39368e-14
-8.39581e-14
-7.49661e-14
-6.68719e-14
-5.95934e-14
-5.30552e-14
-4.71883e-14
-4.19292e-14
-3.72198e-14
-3.30071e-14
-2.92427e-14
-2.58823e-14
-2.28857e-14
-2.02163e-14
-1.78408e-14
-1.57291e-14
-1.38538e-14
-1.21902e-14
-1.07158e-14
-9.41064e-15
-8.25634e-15
-7.23656e-15
-6.33654e-15
-5.54305e-15
-4.84418e-15
-4.2293e-15
-3.68886e-15
-3.21434e-15
-2.79813e-15
-2.43343e-15
-2.1142e-15
-1.83506e-15
-1.59121e-15
-1.37843e-15
-1.19293e-15
-1.03139e-15
-8.90849e-16
-7.6871e-16
-6.62669e-16
-5.70699e-16
-4.91013e-16
-4.22042e-16
-3.62404e-16
-3.1089e-16
-2.66438e-16
-2.2812e-16
-1.95121e-16
-1.66733e-16
-1.42336e-16
-1.2139e-16
-1.03426e-16
-8.80338e-17
-7.48594e-17
-6.35944e-17
-5.39719e-17
-4.57606e-17
-3.87608e-17
-3.27996e-17
-2.77281e-17
-2.34179e-17
-1.97584e-17
-1.66545e-17
-1.40245e-17
-1.17983e-17
-9.91578e-18
-8.3255e-18
-6.98344e-18
-5.852e-18
-4.89909e-18
-4.09734e-18
-3.42346e-18
-2.85761e-18
-2.38297e-18
-1.98522e-18
-1.65225e-18
-1.37378e-18
-1.14113e-18
-9.46954e-19
-9.47944e-12
-1.0081e-11
-1.07102e-11
-1.13676e-11
-1.20535e-11
-1.27684e-11
-1.35125e-11
-1.4286e-11
-1.5089e-11
-1.59216e-11
-1.67838e-11
-1.76754e-11
-1.85961e-11
-1.95457e-11
-2.05238e-11
-2.15298e-11
-2.2563e-11
-2.36228e-11
-2.47081e-11
-2.58182e-11
-2.69517e-11
-2.81076e-11
-2.92844e-11
-3.04807e-11
-3.16949e-11
-3.29253e-11
-3.41701e-11
-3.54274e-11
-3.6695e-11
-3.79709e-11
-3.92528e-11
-4.05384e-11
-4.18252e-11
-4.31108e-11
-4.43925e-11
-4.56677e-11
-4.69336e-11
-4.81876e-11
-4.94268e-11
-5.06483e-11
-5.18494e-11
-5.30272e-11
-5.41788e-11
-5.53013e-11
-5.6392e-11
-5.74481e-11
-5.84669e-11
-5.94456e-11
-6.03818e-11
-6.12728e-11
-6.21162e-11
-6.29099e-11
-6.36514e-11
-6.43389e-11
-6.49702e-11
-6.55438e-11
-6.60579e-11
-6.6511e-11
-6.69018e-11
-6.72293e-11
-6.74924e-11
-6.76904e-11
-6.78228e-11
-6.78891e-11
-6.78891e-11
-6.78228e-11
-6.76904e-11
-6.74924e-11
-6.72293e-11
-6.69018e-11
-6.6511e-11
-6.60579e-11
-6.55438e-11
-6.49702e-11
-6.43389e-11
-6.36514e-11
-6.29099e-11
-6.21162e-11
-6.12728e-11
-6.03818e-11
-5.94456e-11
-5.84669e-11
-5.74481e-11
-5.6392e-11
-5.53013e-11
-5.41788e-11
-5.30272e-11
-5.18494e-11
-5.06483e-11
-4.94268e-11
-4.81876e-11
-4.69336e-11
-4.56677e-11
-4.43925e-11
-4.31108e-11
-4.18252e-11
-4.05384e-11
-3.92528e-11
-3.79709e-11
-3.6695e-11
-3.54274e-11
-3.41701e-11
-3.29253e-11
-3.16949e-11
-3.04807e-11
-2.92844e-11
-2.81076e-11
-2.69517e-11
-2.58182e-11
-2.47081e-11
-2.36228e-11
-2.2563e-11
-2.15298e-11
-2.05238e-11
-1.95457e-11
-1.85961e-11
-1.76754e-11
-1.67838e-11
-1.59216e-11
-1.5089e-11
-1.4286e-11
-1.35125e-11
-1.27684e-11
-1.20535e-11
-1.13676e-11
-1.07102e-11
-1.0081e-11
-9.47944e-12
-8.90511e-12
-8.35741e-12
-7.83574e-12
-7.33946e-12
-6.86791e-12
-6.42037e-12
-5.99615e-12
-5.59448e-12
-5.21463e-12
-4.85583e-12
-4.5173e-12
-4.19827e-12
-3.89796e-12
-3.6156e-12
-3.35042e-12
-3.10166e-12
-2.86857e-12
-2.6504e-12
-2.44644e-12
-2.25597e-12
-2.07829e-12
-1.91274e-12
-1.75866e-12
-1.61542e-12
-1.48239e-12
-1.35899e-12
-1.24465e-12
-1.13881e-12
-1.04096e-12
-9.50583e-13
-8.67208e-13
-7.90373e-13
-7.19643e-13
-6.54603e-13
-5.9486e-13
-5.40041e-13
-4.89796e-13
-4.43792e-13
-4.01717e-13
-3.63275e-13
-3.28192e-13
-2.96207e-13
-2.67079e-13
-2.4058e-13
-2.16498e-13
-1.94637e-13
-1.74813e-13
-1.56854e-13
-1.40603e-13
-1.25913e-13
-1.12647e-13
-1.00681e-13
-8.98981e-14
-8.01916e-14
-7.14634e-14
-6.36229e-14
-5.65874e-14
-5.02807e-14
-4.46334e-14
-3.95816e-14
-3.50674e-14
-3.10376e-14
-2.74442e-14
-2.42431e-14
-2.13944e-14
-1.88621e-14
-1.66132e-14
-1.46182e-14
-1.28503e-14
-1.12851e-14
-9.90087e-15
-8.67796e-15
-7.59867e-15
-6.64713e-15
-5.80906e-15
-5.0717e-15
-4.42362e-15
-3.85458e-15
-3.35547e-15
-2.91813e-15
-2.53531e-15
-2.20057e-15
-1.90816e-15
-1.65299e-15
-1.43054e-15
-1.23682e-15
-1.06829e-15
-9.21824e-16
-7.94662e-16
-6.84373e-16
-5.88815e-16
-5.06105e-16
-4.34589e-16
-3.72814e-16
-3.19508e-16
-2.73557e-16
-2.33986e-16
-1.99943e-16
-1.70687e-16
-1.45569e-16
-1.24026e-16
-1.05569e-16
-8.97702e-17
-7.62614e-17
-6.47222e-17
-5.48754e-17
-4.64813e-17
-3.93327e-17
-3.32511e-17
-2.80824e-17
-2.3694e-17
-1.99718e-17
-1.6818e-17
-1.41483e-17
-1.18908e-17
-9.9838e-18
-8.37442e-18
-7.01762e-18
-5.87491e-18
-4.91346e-18
-4.10535e-18
-3.4268e-18
-2.85761e-18
-2.38064e-18
-1.98135e-18
-1.64741e-18
-1.36842e-18
-1.13557e-18
-1.13565e-11
-1.20771e-11
-1.28309e-11
-1.36185e-11
-1.44403e-11
-1.52968e-11
-1.61882e-11
-1.71148e-11
-1.80769e-11
-1.90743e-11
-2.01072e-11
-2.11753e-11
-2.22784e-11
-2.3416e-11
-2.45878e-11
-2.5793e-11
-2.70308e-11
-2.83004e-11
-2.96007e-11
-3.09305e-11
-3.22885e-11
-3.36732e-11
-3.50831e-11
-3.65163e-11
-3.79709e-11
-3.9445e-11
-4.09362e-11
-4.24424e-11
-4.39611e-11
-4.54896e-11
-4.70254e-11
-4.85655e-11
-5.01072e-11
-5.16473e-11
-5.31828e-11
-5.47104e-11
-5.62271e-11
-5.77293e-11
-5.92139e-11
-6.06773e-11
-6.21162e-11
-6.35272e-11
-6.49068e-11
-6.62517e-11
-6.75584e-11
-6.88236e-11
-7.00441e-11
-7.12166e-11
-7.23381e-11
-7.34056e-11
-7.44161e-11
-7.53668e-11
-7.62552e-11
-7.70788e-11
-7.78352e-11
-7.85223e-11
-7.91382e-11
-7.9681e-11
-8.01492e-11
-8.05416e-11
-8.08568e-11
-8.1094e-11
-8.12526e-11
-8.13319e-11
-8.13319e-11
-8.12526e-11
-8.1094e-11
-8.08568e-11
-8.05416e-11
-8.01492e-11
-7.9681e-11
-7.91382e-11
-7.85223e-11
-7.78352e-11
-7.70788e-11
-7.62552e-11
-7.53668e-11
-7.44161e-11
-7.34056e-11
-7.23381e-11
-7.12166e-11
-7.00441e-11
-6.88236e-11
-6.75584e-11
-6.62517e-11
-6.49068e-11
-6.35272e-11
-6.21162e-11
-6.06773e-11
-5.92139e-11
-5.77293e-11
-5.62271e-11
-5.47104e-11
-5.31828e-11
-5.16473e-11
-5.01072e-11
-4.85655e-11
-4.70254e-11
-4.54896e-11
-4.39611e-11
-4.24424e-11
-4.09362e-11
-3.9445e-11
-3.79709e-11
-3.65163e-11
-3.50831e-11
-3.36732e-11
-3.22885e-11
-3.09305e-11
-2.96007e-11
-2.83004e-11
-2.70308e-11
-2.5793e-11
-2.45878e-11
-2.3416e-11
-2.22784e-11
-2.11753e-11
-2.01072e-11
-1.90743e-11
-1.80769e-11
-1.71148e-11
-1.61882e-11
-1.52968e-11
-1.44403e-11
-1.36185e-11
-1.28309e-11
-1.20771e-11
-1.13565e-11
-1.06684e-11
-1.00123e-11
-9.38731e-12
-8.79277e-12
-8.22784e-12
-7.69169e-12
-7.18346e-12
-6.70226e-12
-6.2472e-12
-5.81734e-12
-5.41178e-12
-5.02958e-12
-4.6698e-12
-4.33153e-12
-4.01385e-12
-3.71583e-12
-3.43658e-12
-3.17521e-12
-2.93086e-12
-2.70267e-12
-2.48982e-12
-2.29149e-12
-2.1069e-12
-1.93529e-12
-1.77592e-12
-1.62809e-12
-1.4911e-12
-1.36431e-12
-1.24708e-12
-1.13881e-12
-1.03893e-12
-9.46877e-13
-8.62141e-13
-7.84222e-13
-7.12649e-13
-6.46976e-13
-5.86782e-13
-5.31669e-13
-4.81262e-13
-4.35209e-13
-3.93178e-13
-3.5486e-13
-3.19964e-13
-2.88218e-13
-2.59368e-13
-2.33178e-13
-2.09428e-13
-1.87913e-13
-1.68445e-13
-1.50845e-13
-1.34953e-13
-1.20617e-13
-1.07699e-13
-9.60706e-14
-8.5614e-14
-7.62211e-14
-6.77924e-14
-6.0237e-14
-5.34713e-14
-4.74193e-14
-4.20111e-14
-3.71835e-14
-3.28785e-14
-2.90435e-14
-2.56308e-14
-2.2597e-14
-1.99029e-14
-1.75128e-14
-1.53948e-14
-1.35197e-14
-1.18614e-14
-1.03963e-14
-9.10331e-15
-7.96334e-15
-6.95933e-15
-6.07597e-15
-5.29955e-15
-4.61784e-15
-4.01989e-15
-3.49596e-15
-3.03734e-15
-2.63631e-15
-2.286e-15
-1.9803e-15
-1.7138e-15
-1.48173e-15
-1.27983e-15
-1.10436e-15
-9.52015e-16
-8.19887e-16
-7.05408e-16
-6.06321e-16
-5.20643e-16
-4.46636e-16
-3.82775e-16
-3.27725e-16
-2.80318e-16
-2.39535e-16
-2.04485e-16
-1.74394e-16
-1.48585e-16
-1.26473e-16
-1.07546e-16
-9.13621e-17
-7.7538e-17
-6.57414e-17
-5.56851e-17
-4.71211e-17
-3.98353e-17
-3.36431e-17
-2.83857e-17
-2.39265e-17
-2.01481e-17
-1.69499e-17
-1.42454e-17
-1.19607e-17
-1.00327e-17
-8.4072e-18
-7.03821e-18
-5.88639e-18
-4.91826e-18
-4.10535e-18
-3.42346e-18
-2.85204e-18
-2.37368e-18
-1.97362e-18
-1.63939e-18
-1.36043e-18
-1.35919e-11
-1.44544e-11
-1.53566e-11
-1.62992e-11
-1.72828e-11
-1.83078e-11
-1.93747e-11
-2.04838e-11
-2.16352e-11
-2.2829e-11
-2.40652e-11
-2.53435e-11
-2.66637e-11
-2.80253e-11
-2.94277e-11
-3.08701e-11
-3.23516e-11
-3.38711e-11
-3.54274e-11
-3.70189e-11
-3.86443e-11
-4.03016e-11
-4.19889e-11
-4.37042e-11
-4.54452e-11
-4.72094e-11
-4.89942e-11
-5.07969e-11
-5.26145e-11
-5.44439e-11
-5.6282e-11
-5.81253e-11
-5.99704e-11
-6.18137e-11
-6.36514e-11
-6.54798e-11
-6.7295e-11
-6.9093e-11
-7.08697e-11
-7.26213e-11
-7.43434e-11
-7.60321e-11
-7.76833e-11
-7.92929e-11
-8.08568e-11
-8.23711e-11
-8.38318e-11
-8.52351e-11
-8.65774e-11
-8.7855e-11
-8.90644e-11
-9.02023e-11
-9.12655e-11
-9.22512e-11
-9.31565e-11
-9.39789e-11
-9.4716e-11
-9.53657e-11
-9.59261e-11
-9.63956e-11
-9.67729e-11
-9.70568e-11
-9.72466e-11
-9.73416e-11
-9.73416e-11
-9.72466e-11
-9.70568e-11
-9.67729e-11
-9.63956e-11
-9.59261e-11
-9.53657e-11
-9.4716e-11
-9.39789e-11
-9.31565e-11
-9.22512e-11
-9.12655e-11
-9.02023e-11
-8.90644e-11
-8.7855e-11
-8.65774e-11
-8.52351e-11
-8.38318e-11
-8.23711e-11
-8.08568e-11
-7.92929e-11
-7.76833e-11
-7.60321e-11
-7.43434e-11
-7.26213e-11
-7.08697e-11
-6.9093e-11
-6.7295e-11
-6.54798e-11
-6.36514e-11
-6.18137e-11
-5.99704e-11
-5.81253e-11
-5.6282e-11
-5.44439e-11
-5.26145e-11
-5.07969e-11
-4.89942e-11
-4.72094e-11
-4.54452e-11
-4.37042e-11
-4.19889e-11
-4.03016e-11
-3.86443e-11
-3.70189e-11
-3.54274e-11
-3.38711e-11
-3.23516e-11
-3.08701e-11
-2.94277e-11
-2.80253e-11
-2.66637e-11
-2.53435e-11
-2.40652e-11
-2.2829e-11
-2.16352e-11
-2.04838e-11
-1.93747e-11
-1.83078e-11
-1.72828e-11
-1.62992e-11
-1.53566e-11
-1.44544e-11
-1.35919e-11
-1.27684e-11
-1.19831e-11
-1.12351e-11
-1.05236e-11
-9.84743e-12
-9.20575e-12
-8.59747e-12
-8.02156e-12
-7.47691e-12
-6.96245e-12
-6.47705e-12
-6.01961e-12
-5.58902e-12
-5.18417e-12
-4.80394e-12
-4.44726e-12
-4.11305e-12
-3.80023e-12
-3.50778e-12
-3.23468e-12
-2.97993e-12
-2.74256e-12
-2.52163e-12
-2.31624e-12
-2.1255e-12
-1.94857e-12
-1.78462e-12
-1.63286e-12
-1.49256e-12
-1.36298e-12
-1.24343e-12
-1.13326e-12
-1.03185e-12
-9.38591e-13
-8.5293e-13
-7.74329e-13
-7.02286e-13
-6.36324e-13
-5.75995e-13
-5.20876e-13
-4.70573e-13
-4.24712e-13
-3.82947e-13
-3.44951e-13
-3.10423e-13
-2.79077e-13
-2.50653e-13
-2.24903e-13
-2.01602e-13
-1.80538e-13
-1.61518e-13
-1.4436e-13
-1.28899e-13
-1.14981e-13
-1.02467e-13
-9.12247e-14
-8.11369e-14
-7.20942e-14
-6.39968e-14
-5.67534e-14
-5.02807e-14
-4.45028e-14
-3.93504e-14
-3.47605e-14
-3.0676e-14
-2.70451e-14
-2.38206e-14
-2.09601e-14
-1.84251e-14
-1.61809e-14
-1.41962e-14
-1.24427e-14
-1.08952e-14
-9.53087e-15
-8.32923e-15
-7.27198e-15
-6.34273e-15
-5.52683e-15
-4.81118e-15
-4.18411e-15
-3.63522e-15
-3.15525e-15
-2.73598e-15
-2.37011e-15
-2.05116e-15
-1.77339e-15
-1.53175e-15
-1.32174e-15
-1.13941e-15
-9.81276e-16
-8.44262e-16
-7.25671e-16
-6.23128e-16
-5.34554e-16
-4.58122e-16
-3.92235e-16
-3.35497e-16
-2.86685e-16
-2.44737e-16
-2.08722e-16
-1.77833e-16
-1.51368e-16
-1.28715e-16
-1.09346e-16
-9.28008e-17
-7.86822e-17
-6.66464e-17
-5.63966e-17
-4.76766e-17
-4.02655e-17
-3.39732e-17
-2.86363e-17
-2.41142e-17
-2.02863e-17
-1.70495e-17
-1.43151e-17
-1.20075e-17
-1.00621e-17
-8.42364e-18
-7.04509e-18
-5.88639e-18
-4.91346e-18
-4.09734e-18
-3.41344e-18
-2.84092e-18
-2.36211e-18
-1.96209e-18
-1.62822e-18
-1.62515e-11
-1.72828e-11
-1.83615e-11
-1.94886e-11
-2.06646e-11
-2.18902e-11
-2.31659e-11
-2.44919e-11
-2.58686e-11
-2.7296e-11
-2.87741e-11
-3.03026e-11
-3.18812e-11
-3.35092e-11
-3.5186e-11
-3.69106e-11
-3.8682e-11
-4.04988e-11
-4.23596e-11
-4.42626e-11
-4.6206e-11
-4.81876e-11
-5.02051e-11
-5.22561e-11
-5.43377e-11
-5.64471e-11
-5.85812e-11
-6.07366e-11
-6.29099e-11
-6.50973e-11
-6.7295e-11
-6.9499e-11
-7.17051e-11
-7.39091e-11
-7.61064e-11
-7.82926e-11
-8.04629e-11
-8.26127e-11
-8.47372e-11
-8.68314e-11
-8.88906e-11
-9.09097e-11
-9.2884e-11
-9.48085e-11
-9.66784e-11
-9.8489e-11
-1.00236e-10
-1.01914e-10
-1.03518e-10
-1.05046e-10
-1.06492e-10
-1.07853e-10
-1.09124e-10
-1.10302e-10
-1.11385e-10
-1.12368e-10
-1.1325e-10
-1.14026e-10
-1.14696e-10
-1.15258e-10
-1.15709e-10
-1.16048e-10
-1.16275e-10
-1.16389e-10
-1.16389e-10
-1.16275e-10
-1.16048e-10
-1.15709e-10
-1.15258e-10
-1.14696e-10
-1.14026e-10
-1.1325e-10
-1.12368e-10
-1.11385e-10
-1.10302e-10
-1.09124e-10
-1.07853e-10
-1.06492e-10
-1.05046e-10
-1.03518e-10
-1.01914e-10
-1.00236e-10
-9.8489e-11
-9.66784e-11
-9.48085e-11
-9.2884e-11
-9.09097e-11
-8.88906e-11
-8.68314e-11
-8.47372e-11
-8.26127e-11
-8.04629e-11
-7.82926e-11
-7.61064e-11
-7.39091e-11
-7.17051e-11
-6.9499e-11
-6.7295e-11
-6.50973e-11
-6.29099e-11
-6.07366e-11
-5.85812e-11
-5.64471e-11
-5.43377e-11
-5.22561e-11
-5.02051e-11
-4.81876e-11
-4.6206e-11
-4.42626e-11
-4.23596e-11
-4.04988e-11
-3.8682e-11
-3.69106e-11
-3.5186e-11
-3.35092e-11
-3.18812e-11
-3.03026e-11
-2.87741e-11
-2.7296e-11
-2.58686e-11
-2.44919e-11
-2.31659e-11
-2.18902e-11
-2.06646e-11
-1.94886e-11
-1.83615e-11
-1.72828e-11
-1.62515e-11
-1.52669e-11
-1.43279e-11
-1.34336e-11
-1.25828e-11
-1.17743e-11
-1.10071e-11
-1.02798e-11
-9.59118e-12
-8.93996e-12
-8.32482e-12
-7.74445e-12
-7.1975e-12
-6.68266e-12
-6.19858e-12
-5.74396e-12
-5.31748e-12
-4.91787e-12
-4.54384e-12
-4.19417e-12
-3.86762e-12
-3.56302e-12
-3.27921e-12
-3.01505e-12
-2.76947e-12
-2.54141e-12
-2.32985e-12
-2.13382e-12
-1.95238e-12
-1.78462e-12
-1.62968e-12
-1.48674e-12
-1.35501e-12
-1.23375e-12
-1.12225e-12
-1.01983e-12
-9.25846e-13
-8.39706e-13
-7.60837e-13
-6.88703e-13
-6.22799e-13
-5.62652e-13
-5.07818e-13
-4.5788e-13
-4.1245e-13
-3.71165e-13
-3.33686e-13
-2.99699e-13
-2.68911e-13
-2.4105e-13
-2.15865e-13
-1.93123e-13
-1.72608e-13
-1.54121e-13
-1.3748e-13
-1.22517e-13
-1.09075e-13
-9.70134e-14
-8.62013e-14
-7.65194e-14
-6.78587e-14
-6.01194e-14
-5.32109e-14
-4.70502e-14
-4.15623e-14
-3.66786e-14
-3.23371e-14
-2.84817e-14
-2.50615e-14
-2.20305e-14
-1.93471e-14
-1.6974e-14
-1.48775e-14
-1.30272e-14
-1.13958e-14
-9.95905e-15
-8.69492e-15
-7.58385e-15
-6.60829e-15
-5.75261e-15
-5.00284e-15
-4.34654e-15
-3.77265e-15
-3.27134e-15
-2.83388e-15
-2.45252e-15
-2.1204e-15
-1.83148e-15
-1.58037e-15
-1.36237e-15
-1.17329e-15
-1.00946e-15
-8.67666e-16
-7.45059e-16
-6.39153e-16
-5.47765e-16
-4.68986e-16
-4.01145e-16
-3.42783e-16
-2.92625e-16
-2.49564e-16
-2.12631e-16
-1.80987e-16
-1.53902e-16
-1.30742e-16
-1.1096e-16
-9.40783e-17
-7.96874e-17
-6.7432e-17
-5.70057e-17
-4.81444e-17
-4.06209e-17
-3.42397e-17
-2.88327e-17
-2.42559e-17
-2.03856e-17
-1.71162e-17
-1.43571e-17
-1.2031e-17
-1.00719e-17
-8.42364e-18
-7.03821e-18
-5.87491e-18
-4.89909e-18
-4.08137e-18
-3.39682e-18
-2.82432e-18
-2.34602e-18
-1.94682e-18
-1.94126e-11
-2.06444e-11
-2.1933e-11
-2.32792e-11
-2.4684e-11
-2.6148e-11
-2.76718e-11
-2.92558e-11
-3.09003e-11
-3.26053e-11
-3.43709e-11
-3.61967e-11
-3.80823e-11
-4.0027e-11
-4.203e-11
-4.40901e-11
-4.6206e-11
-4.83762e-11
-5.05989e-11
-5.2872e-11
-5.51934e-11
-5.75605e-11
-5.99704e-11
-6.24203e-11
-6.49068e-11
-6.74265e-11
-6.99757e-11
-7.25504e-11
-7.51463e-11
-7.77592e-11
-8.03844e-11
-8.30171e-11
-8.56523e-11
-8.8285e-11
-9.09097e-11
-9.35211e-11
-9.61136e-11
-9.86816e-11
-1.01219e-10
-1.03721e-10
-1.0618e-10
-1.08592e-10
-1.10951e-10
-1.1325e-10
-1.15483e-10
-1.17646e-10
-1.19732e-10
-1.21737e-10
-1.23654e-10
-1.25478e-10
-1.27206e-10
-1.28831e-10
-1.30349e-10
-1.31757e-10
-1.3305e-10
-1.34225e-10
-1.35277e-10
-1.36205e-10
-1.37006e-10
-1.37676e-10
-1.38215e-10
-1.38621e-10
-1.38892e-10
-1.39027e-10
-1.39027e-10
-1.38892e-10
-1.38621e-10
-1.38215e-10
-1.37676e-10
-1.37006e-10
-1.36205e-10
-1.35277e-10
-1.34225e-10
-1.3305e-10
-1.31757e-10
-1.30349e-10
-1.28831e-10
-1.27206e-10
-1.25478e-10
-1.23654e-10
-1.21737e-10
-1.19732e-10
-1.17646e-10
-1.15483e-10
-1.1325e-10
-1.10951e-10
-1.08592e-10
-1.0618e-10
-1.03721e-10
-1.01219e-10
-9.86816e-11
-9.61136e-11
-9.35211e-11
-9.09097e-11
-8.8285e-11
-8.56523e-11
-8.30171e-11
-8.03844e-11
-7.77592e-11
-7.51463e-11
-7.25504e-11
-6.99757e-11
-6.74265e-11
-6.49068e-11
-6.24203e-11
-5.99704e-11
-5.75605e-11
-5.51934e-11
-5.2872e-11
-5.05989e-11
-4.83762e-11
-4.6206e-11
-4.40901e-11
-4.203e-11
-4.0027e-11
-3.80823e-11
-3.61967e-11
-3.43709e-11
-3.26053e-11
-3.09003e-11
-2.92558e-11
-2.76718e-11
-2.6148e-11
-2.4684e-11
-2.32792e-11
-2.1933e-11
-2.06444e-11
-1.94126e-11
-1.82364e-11
-1.71148e-11
-1.60465e-11
-1.50302e-11
-1.40645e-11
-1.3148e-11
-1.22793e-11
-1.14567e-11
-1.06789e-11
-9.94407e-12
-9.25081e-12
-8.59747e-12
-7.98249e-12
-7.40425e-12
-6.8612e-12
-6.35177e-12
-5.87443e-12
-5.42766e-12
-5.00997e-12
-4.61991e-12
-4.25606e-12
-3.91704e-12
-3.6015e-12
-3.30815e-12
-3.03573e-12
-2.78303e-12
-2.54887e-12
-2.33213e-12
-2.13174e-12
-1.94666e-12
-1.77592e-12
-1.61858e-12
-1.47373e-12
-1.34054e-12
-1.21819e-12
-1.10593e-12
-1.00304e-12
-9.08826e-13
-8.22661e-13
-7.43938e-13
-6.72092e-13
-6.06592e-13
-5.46941e-13
-4.92675e-13
-4.43359e-13
-3.98591e-13
-3.57993e-13
-3.21216e-13
-2.87936e-13
-2.57853e-13
-2.30687e-13
-2.06181e-13
-1.84099e-13
-1.64221e-13
-1.46347e-13
-1.30291e-13
-1.15883e-13
-1.02968e-13
-9.1403e-14
-8.10577e-14
-7.18131e-14
-6.35608e-14
-5.62019e-14
-4.96465e-14
-4.38128e-14
-3.8627e-14
-3.40217e-14
-2.99362e-14
-2.63156e-14
-2.31103e-14
-2.02756e-14
-1.77713e-14
-1.5561e-14
-1.36124e-14
-1.18962e-14
-1.03862e-14
-9.05897e-15
-7.89366e-15
-6.87154e-15
-5.97593e-15
-5.19198e-15
-4.50646e-15
-3.90764e-15
-3.38509e-15
-2.92955e-15
-2.53284e-15
-2.18771e-15
-1.88777e-15
-1.62736e-15
-1.4015e-15
-1.20581e-15
-1.03643e-15
-8.89979e-16
-7.63473e-16
-6.5431e-16
-5.60207e-16
-4.79171e-16
-4.09456e-16
-3.49543e-16
-2.98106e-16
-2.53989e-16
-2.1619e-16
-1.83837e-16
-1.56173e-16
-1.32542e-16
-1.12377e-16
-9.51873e-17
-8.05481e-17
-6.80937e-17
-5.75089e-17
-4.8522e-17
-4.08996e-17
-3.44409e-17
-2.89738e-17
-2.43508e-17
-2.04454e-17
-1.71497e-17
-1.43711e-17
-1.2031e-17
-1.00621e-17
-8.4072e-18
-7.01762e-18
-5.852e-18
-4.87523e-18
-4.05752e-18
-3.37367e-18
-2.80234e-18
-2.32549e-18
-2.31659e-11
-2.46359e-11
-2.61736e-11
-2.77801e-11
-2.94565e-11
-3.12035e-11
-3.30219e-11
-3.49122e-11
-3.68746e-11
-3.89093e-11
-4.10163e-11
-4.31951e-11
-4.54452e-11
-4.77659e-11
-5.01561e-11
-5.26145e-11
-5.51395e-11
-5.77293e-11
-6.03818e-11
-6.30944e-11
-6.58646e-11
-6.86893e-11
-7.15652e-11
-7.44888e-11
-7.74561e-11
-8.04629e-11
-8.3505e-11
-8.65774e-11
-8.96753e-11
-9.27933e-11
-9.59261e-11
-9.90678e-11
-1.02213e-10
-1.05354e-10
-1.08486e-10
-1.11603e-10
-1.14696e-10
-1.17761e-10
-1.20789e-10
-1.23774e-10
-1.2671e-10
-1.29588e-10
-1.32402e-10
-1.35145e-10
-1.37811e-10
-1.40392e-10
-1.42881e-10
-1.45273e-10
-1.47561e-10
-1.49738e-10
-1.518e-10
-1.53739e-10
-1.55551e-10
-1.57231e-10
-1.58774e-10
-1.60176e-10
-1.61432e-10
-1.6254e-10
-1.63495e-10
-1.64295e-10
-1.64938e-10
-1.65422e-10
-1.65745e-10
-1.65907e-10
-1.65907e-10
-1.65745e-10
-1.65422e-10
-1.64938e-10
-1.64295e-10
-1.63495e-10
-1.6254e-10
-1.61432e-10
-1.60176e-10
-1.58774e-10
-1.57231e-10
-1.55551e-10
-1.53739e-10
-1.518e-10
-1.49738e-10
-1.47561e-10
-1.45273e-10
-1.42881e-10
-1.40392e-10
-1.37811e-10
-1.35145e-10
-1.32402e-10
-1.29588e-10
-1.2671e-10
-1.23774e-10
-1.20789e-10
-1.17761e-10
-1.14696e-10
-1.11603e-10
-1.08486e-10
-1.05354e-10
-1.02213e-10
-9.90678e-11
-9.59261e-11
-9.27933e-11
-8.96753e-11
-8.65774e-11
-8.3505e-11
-8.04629e-11
-7.74561e-11
-7.44888e-11
-7.15652e-11
-6.86893e-11
-6.58646e-11
-6.30944e-11
-6.03818e-11
-5.77293e-11
-5.51395e-11
-5.26145e-11
-5.01561e-11
-4.77659e-11
-4.54452e-11
-4.31951e-11
-4.10163e-11
-3.89093e-11
-3.68746e-11
-3.49122e-11
-3.30219e-11
-3.12035e-11
-2.94565e-11
-2.77801e-11
-2.61736e-11
-2.46359e-11
-2.31659e-11
-2.17623e-11
-2.04238e-11
-1.9149e-11
-1.79362e-11
-1.67838e-11
-1.56901e-11
-1.46534e-11
-1.36718e-11
-1.27435e-11
-1.18667e-11
-1.10394e-11
-1.02597e-11
-9.52584e-12
-8.83581e-12
-8.18776e-12
-7.57984e-12
-7.01021e-12
-6.47705e-12
-5.97861e-12
-5.51313e-12
-5.07893e-12
-4.67437e-12
-4.29783e-12
-3.94776e-12
-3.62267e-12
-3.3211e-12
-3.04167e-12
-2.78303e-12
-2.54389e-12
-2.32304e-12
-2.11928e-12
-1.93151e-12
-1.75866e-12
-1.59972e-12
-1.45372e-12
-1.31975e-12
-1.19696e-12
-1.08454e-12
-9.81716e-13
-8.87773e-13
-8.02036e-13
-7.23872e-13
-6.52688e-13
-5.87929e-13
-5.29079e-13
-4.75655e-13
-4.27208e-13
-3.83321e-13
-3.43607e-13
-3.07706e-13
-2.75288e-13
-2.46045e-13
-2.19693e-13
-1.95972e-13
-1.74642e-13
-1.55482e-13
-1.38288e-13
-1.22876e-13
-1.09075e-13
-9.67296e-14
-8.56976e-14
-7.58498e-14
-6.70681e-14
-5.92452e-14
-5.22837e-14
-4.60952e-14
-4.05995e-14
-3.57241e-14
-3.14035e-14
-2.75785e-14
-2.41957e-14
-2.12072e-14
-1.85696e-14
-1.62443e-14
-1.41962e-14
-1.23942e-14
-1.08104e-14
-9.41983e-15
-8.20009e-15
-7.13133e-15
-6.1958e-15
-5.37775e-15
-4.66316e-15
-4.03957e-15
-3.49596e-15
-3.02254e-15
-2.61069e-15
-2.25275e-15
-1.942e-15
-1.67247e-15
-1.43895e-15
-1.23682e-15
-1.06205e-15
-9.11084e-16
-7.80815e-16
-6.68519e-16
-5.71815e-16
-4.88622e-16
-4.17125e-16
-3.55742e-16
-3.03096e-16
-2.57989e-16
-2.1938e-16
-1.86368e-16
-1.58168e-16
-1.34105e-16
-1.13591e-16
-9.61214e-17
-8.12591e-17
-6.86278e-17
-5.79034e-17
-4.88072e-17
-4.10998e-17
-3.45757e-17
-2.90588e-17
-2.43984e-17
-2.04654e-17
-1.71497e-17
-1.43571e-17
-1.20075e-17
-1.00327e-17
-8.37442e-18
-6.98344e-18
-5.81781e-18
-4.84201e-18
-4.02595e-18
-3.34415e-18
-2.77511e-18
-2.76178e-11
-2.93703e-11
-3.12035e-11
-3.31188e-11
-3.51173e-11
-3.72001e-11
-3.9368e-11
-4.16215e-11
-4.39611e-11
-4.63868e-11
-4.88986e-11
-5.14962e-11
-5.41788e-11
-5.69454e-11
-5.9795e-11
-6.27258e-11
-6.57361e-11
-6.88236e-11
-7.19858e-11
-7.52198e-11
-7.85223e-11
-8.18898e-11
-8.53184e-11
-8.88038e-11
-9.23413e-11
-9.59261e-11
-9.95527e-11
-1.03216e-10
-1.06909e-10
-1.10626e-10
-1.14361e-10
-1.18106e-10
-1.21855e-10
-1.25601e-10
-1.29335e-10
-1.3305e-10
-1.36738e-10
-1.40392e-10
-1.44002e-10
-1.47561e-10
-1.5106e-10
-1.54492e-10
-1.57847e-10
-1.61117e-10
-1.64295e-10
-1.67372e-10
-1.7034e-10
-1.73192e-10
-1.75919e-10
-1.78515e-10
-1.80972e-10
-1.83284e-10
-1.85445e-10
-1.87448e-10
-1.89287e-10
-1.90958e-10
-1.92456e-10
-1.93776e-10
-1.94915e-10
-1.95869e-10
-1.96635e-10
-1.97212e-10
-1.97598e-10
-1.97791e-10
-1.97791e-10
-1.97598e-10
-1.97212e-10
-1.96635e-10
-1.95869e-10
-1.94915e-10
-1.93776e-10
-1.92456e-10
-1.90958e-10
-1.89287e-10
-1.87448e-10
-1.85445e-10
-1.83284e-10
-1.80972e-10
-1.78515e-10
-1.75919e-10
-1.73192e-10
-1.7034e-10
-1.67372e-10
-1.64295e-10
-1.61117e-10
-1.57847e-10
-1.54492e-10
-1.5106e-10
-1.47561e-10
-1.44002e-10
-1.40392e-10
-1.36738e-10
-1.3305e-10
-1.29335e-10
-1.25601e-10
-1.21855e-10
-1.18106e-10
-1.14361e-10
-1.10626e-10
-1.06909e-10
-1.03216e-10
-9.95527e-11
-9.59261e-11
-9.23413e-11
-8.88038e-11
-8.53184e-11
-8.18898e-11
-7.85223e-11
-7.52198e-11
-7.19858e-11
-6.88236e-11
-6.57361e-11
-6.27258e-11
-5.9795e-11
-5.69454e-11
-5.41788e-11
-5.14962e-11
-4.88986e-11
-4.63868e-11
-4.39611e-11
-4.16215e-11
-3.9368e-11
-3.72001e-11
-3.51173e-11
-3.31188e-11
-3.12035e-11
-2.93703e-11
-2.76178e-11
-2.59445e-11
-2.43488e-11
-2.2829e-11
-2.13831e-11
-2.00093e-11
-1.87054e-11
-1.74694e-11
-1.62992e-11
-1.51925e-11
-1.41472e-11
-1.31609e-11
-1.22314e-11
-1.13565e-11
-1.05338e-11
-9.76126e-12
-9.03651e-12
-8.35741e-12
-7.72179e-12
-7.12756e-12
-6.57263e-12
-6.05499e-12
-5.57267e-12
-5.12377e-12
-4.70643e-12
-4.31886e-12
-3.95934e-12
-3.62621e-12
-3.31786e-12
-3.03277e-12
-2.76947e-12
-2.52656e-12
-2.30271e-12
-2.09664e-12
-1.90715e-12
-1.73309e-12
-1.57338e-12
-1.42699e-12
-1.29296e-12
-1.17038e-12
-1.05838e-12
-9.56169e-13
-8.62984e-13
-7.78119e-13
-7.00916e-13
-6.30756e-13
-5.67065e-13
-5.09307e-13
-4.56986e-13
-4.0964e-13
-3.6684e-13
-3.28192e-13
-2.93329e-13
-2.61913e-13
-2.33634e-13
-2.08204e-13
-1.85362e-13
-1.64864e-13
-1.4649e-13
-1.30037e-13
-1.15319e-13
-1.02167e-13
-9.04264e-14
-7.9957e-14
-7.06308e-14
-6.23314e-14
-5.49536e-14
-4.84018e-14
-4.25895e-14
-3.74385e-14
-3.28785e-14
-2.88456e-14
-2.52827e-14
-2.21383e-14
-1.9366e-14
-1.69244e-14
-1.47761e-14
-1.2888e-14
-1.12301e-14
-9.77597e-15
-8.50181e-15
-7.3865e-15
-6.41124e-15
-5.55931e-15
-4.81588e-15
-4.1678e-15
-3.60341e-15
-3.1124e-15
-2.68568e-15
-2.3152e-15
-1.99388e-15
-1.71548e-15
-1.47451e-15
-1.26615e-15
-1.08617e-15
-9.3087e-16
-7.96993e-16
-6.81704e-16
-5.82524e-16
-4.97287e-16
-4.24107e-16
-3.61344e-16
-3.07569e-16
-2.6154e-16
-2.22183e-16
-1.88564e-16
-1.59876e-16
-1.35421e-16
-1.14594e-16
-9.68753e-17
-8.18165e-17
-6.90311e-17
-5.81868e-17
-4.89982e-17
-4.12204e-17
-3.46433e-17
-2.90872e-17
-2.43984e-17
-2.04454e-17
-1.71162e-17
-1.43151e-17
-1.19607e-17
-9.9838e-18
-8.3255e-18
-6.93586e-18
-5.77254e-18
-4.79964e-18
-3.98682e-18
-3.30842e-18
-3.28932e-11
-3.49804e-11
-3.71638e-11
-3.9445e-11
-4.18252e-11
-4.43059e-11
-4.68878e-11
-4.95718e-11
-5.23582e-11
-5.52473e-11
-5.8239e-11
-6.13326e-11
-6.45276e-11
-6.78228e-11
-7.12166e-11
-7.47073e-11
-7.82926e-11
-8.19698e-11
-8.5736e-11
-8.95877e-11
-9.35211e-11
-9.75319e-11
-1.01615e-10
-1.05767e-10
-1.0998e-10
-1.14249e-10
-1.18569e-10
-1.22931e-10
-1.2733e-10
-1.31757e-10
-1.36205e-10
-1.40666e-10
-1.45132e-10
-1.49592e-10
-1.5404e-10
-1.58465e-10
-1.62857e-10
-1.67209e-10
-1.71508e-10
-1.75747e-10
-1.79915e-10
-1.84002e-10
-1.87998e-10
-1.91893e-10
-1.95678e-10
-1.99342e-10
-2.02877e-10
-2.06273e-10
-2.09522e-10
-2.12614e-10
-2.1554e-10
-2.18294e-10
-2.20867e-10
-2.23253e-10
-2.25444e-10
-2.27434e-10
-2.29218e-10
-2.3079e-10
-2.32146e-10
-2.33282e-10
-2.34195e-10
-2.34883e-10
-2.35342e-10
-2.35572e-10
-2.35572e-10
-2.35342e-10
-2.34883e-10
-2.34195e-10
-2.33282e-10
-2.32146e-10
-2.3079e-10
-2.29218e-10
-2.27434e-10
-2.25444e-10
-2.23253e-10
-2.20867e-10
-2.18294e-10
-2.1554e-10
-2.12614e-10
-2.09522e-10
-2.06273e-10
-2.02877e-10
-1.99342e-10
-1.95678e-10
-1.91893e-10
-1.87998e-10
-1.84002e-10
-1.79915e-10
-1.75747e-10
-1.71508e-10
-1.67209e-10
-1.62857e-10
-1.58465e-10
-1.5404e-10
-1.49592e-10
-1.45132e-10
-1.40666e-10
-1.36205e-10
-1.31757e-10
-1.2733e-10
-1.22931e-10
-1.18569e-10
-1.14249e-10
-1.0998e-10
-1.05767e-10
-1.01615e-10
-9.75319e-11
-9.35211e-11
-8.95877e-11
-8.5736e-11
-8.19698e-11
-7.82926e-11
-7.47073e-11
-7.12166e-11
-6.78228e-11
-6.45276e-11
-6.13326e-11
-5.8239e-11
-5.52473e-11
-5.23582e-11
-4.95718e-11
-4.68878e-11
-4.43059e-11
-4.18252e-11
-3.9445e-11
-3.71638e-11
-3.49804e-11
-3.28932e-11
-3.09003e-11
-2.89998e-11
-2.71896e-11
-2.54676e-11
-2.38313e-11
-2.22784e-11
-2.08063e-11
-1.94126e-11
-1.80945e-11
-1.68495e-11
-1.56748e-11
-1.45678e-11
-1.35257e-11
-1.2546e-11
-1.16258e-11
-1.07626e-11
-9.95379e-12
-9.19676e-12
-8.48902e-12
-7.82809e-12
-7.21157e-12
-6.63713e-12
-6.10248e-12
-5.60542e-12
-5.14382e-12
-4.71563e-12
-4.31886e-12
-3.95162e-12
-3.61207e-12
-3.29848e-12
-3.00917e-12
-2.74256e-12
-2.49713e-12
-2.27144e-12
-2.06413e-12
-1.87392e-12
-1.69957e-12
-1.53994e-12
-1.39394e-12
-1.26055e-12
-1.13881e-12
-1.02783e-12
-9.26751e-13
-8.348e-13
-7.51239e-13
-6.75382e-13
-6.06592e-13
-5.44277e-13
-4.87887e-13
-4.36912e-13
-3.90881e-13
-3.49359e-13
-3.11942e-13
-2.78261e-13
-2.47974e-13
-2.20768e-13
-1.96356e-13
-1.74472e-13
-1.54876e-13
-1.37346e-13
-1.21682e-13
-1.07699e-13
-9.52299e-14
-8.41222e-14
-7.42376e-14
-6.54505e-14
-5.76472e-14
-5.07246e-14
-4.45898e-14
-3.91587e-14
-3.43555e-14
-3.01121e-14
-2.6367e-14
-2.30652e-14
-2.01572e-14
-1.75986e-14
-1.53497e-14
-1.33752e-14
-1.16433e-14
-1.01258e-14
-8.79742e-15
-7.63587e-15
-6.62121e-15
-5.73578e-15
-4.9639e-15
-4.29171e-15
-3.70692e-15
-3.19868e-15
-2.75744e-15
-2.37474e-15
-2.04316e-15
-1.75616e-15
-1.508e-15
-1.29365e-15
-1.10868e-15
-9.4923e-16
-8.11919e-16
-6.93794e-16
-5.92275e-16
-5.05118e-16
-4.30366e-16
-3.66318e-16
-3.11498e-16
-2.64623e-16
-2.24583e-16
-1.90415e-16
-1.61288e-16
-1.36483e-16
-1.1538e-16
-9.74446e-17
-8.2217e-17
-6.93013e-17
-5.83575e-17
-4.9094e-17
-4.12606e-17
-3.46433e-17
-2.90588e-17
-2.43508e-17
-2.03856e-17
-1.70495e-17
-1.42454e-17
-1.18908e-17
-9.91578e-18
-8.26071e-18
-6.87517e-18
-5.71644e-18
-4.74836e-18
-3.94038e-18
-3.9138e-11
-4.16215e-11
-4.42194e-11
-4.69336e-11
-4.97658e-11
-5.27174e-11
-5.57895e-11
-5.8983e-11
-6.22985e-11
-6.57361e-11
-6.92957e-11
-7.29767e-11
-7.67783e-11
-8.0699e-11
-8.47372e-11
-8.88906e-11
-9.31565e-11
-9.75319e-11
-1.02013e-10
-1.06596e-10
-1.11276e-10
-1.16048e-10
-1.20907e-10
-1.25846e-10
-1.3086e-10
-1.3594e-10
-1.41079e-10
-1.4627e-10
-1.51504e-10
-1.56771e-10
-1.62064e-10
-1.67372e-10
-1.72685e-10
-1.77993e-10
-1.83284e-10
-1.88549e-10
-1.93776e-10
-1.98953e-10
-2.0407e-10
-2.09113e-10
-2.14072e-10
-2.18935e-10
-2.23689e-10
-2.28324e-10
-2.32827e-10
-2.37188e-10
-2.41394e-10
-2.45435e-10
-2.493e-10
-2.52978e-10
-2.56461e-10
-2.59738e-10
-2.62799e-10
-2.65637e-10
-2.68244e-10
-2.70612e-10
-2.72735e-10
-2.74606e-10
-2.76219e-10
-2.77571e-10
-2.78658e-10
-2.79475e-10
-2.80022e-10
-2.80295e-10
-2.80295e-10
-2.80022e-10
-2.79475e-10
-2.78658e-10
-2.77571e-10
-2.76219e-10
-2.74606e-10
-2.72735e-10
-2.70612e-10
-2.68244e-10
-2.65637e-10
-2.62799e-10
-2.59738e-10
-2.56461e-10
-2.52978e-10
-2.493e-10
-2.45435e-10
-2.41394e-10
-2.37188e-10
-2.32827e-10
-2.28324e-10
-2.23689e-10
-2.18935e-10
-2.14072e-10
-2.09113e-10
-2.0407e-10
-1.98953e-10
-1.93776e-10
-1.88549e-10
-1.83284e-10
-1.77993e-10
-1.72685e-10
-1.67372e-10
-1.62064e-10
-1.56771e-10
-1.51504e-10
-1.4627e-10
-1.41079e-10
-1.3594e-10
-1.3086e-10
-1.25846e-10
-1.20907e-10
-1.16048e-10
-1.11276e-10
-1.06596e-10
-1.02013e-10
-9.75319e-11
-9.31565e-11
-8.88906e-11
-8.47372e-11
-8.0699e-11
-7.67783e-11
-7.29767e-11
-6.92957e-11
-6.57361e-11
-6.22985e-11
-5.8983e-11
-5.57895e-11
-5.27174e-11
-4.97658e-11
-4.69336e-11
-4.42194e-11
-4.16215e-11
-3.9138e-11
-3.67667e-11
-3.45054e-11
-3.23516e-11
-3.03026e-11
-2.83557e-11
-2.6508e-11
-2.47564e-11
-2.30981e-11
-2.15298e-11
-2.00484e-11
-1.86507e-11
-1.73335e-11
-1.60936e-11
-1.49278e-11
-1.3833e-11
-1.28059e-11
-1.18435e-11
-1.09428e-11
-1.01007e-11
-9.31426e-12
-8.5807e-12
-7.89719e-12
-7.26104e-12
-6.66962e-12
-6.12038e-12
-5.6109e-12
-5.1388e-12
-4.70184e-12
-4.29783e-12
-3.9247e-12
-3.58046e-12
-3.26323e-12
-2.97121e-12
-2.70267e-12
-2.45601e-12
-2.22968e-12
-2.02223e-12
-1.8323e-12
-1.65858e-12
-1.49986e-12
-1.35501e-12
-1.22296e-12
-1.1027e-12
-9.93288e-13
-8.93862e-13
-8.03604e-13
-7.21754e-13
-6.47608e-13
-5.80512e-13
-5.1986e-13
-4.6509e-13
-4.15685e-13
-3.71165e-13
-3.31089e-13
-2.95053e-13
-2.62682e-13
-2.33634e-13
-2.07595e-13
-1.84279e-13
-1.63422e-13
-1.44783e-13
-1.28146e-13
-1.13309e-13
-1.00093e-13
-8.83317e-14
-7.78763e-14
-6.85915e-14
-6.03547e-14
-5.30552e-14
-4.6593e-14
-4.0878e-14
-3.58289e-14
-3.13728e-14
-2.74442e-14
-2.3984e-14
-2.09397e-14
-1.82639e-14
-1.59145e-14
-1.38538e-14
-1.20482e-14
-1.04676e-14
-9.08555e-15
-7.87826e-15
-6.82472e-15
-5.90631e-15
-5.10649e-15
-4.41068e-15
-3.80596e-15
-3.28094e-15
-2.82559e-15
-2.43106e-15
-2.08957e-15
-1.7943e-15
-1.53925e-15
-1.31916e-15
-1.12944e-15
-9.66063e-16
-8.25511e-16
-7.04719e-16
-6.01015e-16
-5.12071e-16
-4.35864e-16
-3.70636e-16
-3.14862e-16
-2.6722e-16
-2.26565e-16
-1.91908e-16
-1.62394e-16
-1.37285e-16
-1.15945e-16
-9.7826e-17
-8.24582e-17
-6.94368e-17
-5.84146e-17
-4.9094e-17
-4.12204e-17
-3.45757e-17
-2.89738e-17
-2.42559e-17
-2.02863e-17
-1.69499e-17
-1.41483e-17
-1.17983e-17
-9.82901e-18
-8.18043e-18
-6.80171e-18
-5.64984e-18
-4.68846e-18
-4.65229e-11
-4.94751e-11
-5.25632e-11
-5.57895e-11
-5.91561e-11
-6.26646e-11
-6.63164e-11
-7.01125e-11
-7.40536e-11
-7.81398e-11
-8.23711e-11
-8.67467e-11
-9.12655e-11
-9.59261e-11
-1.00726e-10
-1.05663e-10
-1.10734e-10
-1.15935e-10
-1.21262e-10
-1.2671e-10
-1.32273e-10
-1.37946e-10
-1.43721e-10
-1.49592e-10
-1.55551e-10
-1.6159e-10
-1.67699e-10
-1.73869e-10
-1.80091e-10
-1.86353e-10
-1.92644e-10
-1.98953e-10
-2.05269e-10
-2.11578e-10
-2.17868e-10
-2.24127e-10
-2.3034e-10
-2.36494e-10
-2.42575e-10
-2.4857e-10
-2.54465e-10
-2.60245e-10
-2.65897e-10
-2.71406e-10
-2.76759e-10
-2.81942e-10
-2.86942e-10
-2.91746e-10
-2.9634e-10
-3.00713e-10
-3.04852e-10
-3.08747e-10
-3.12387e-10
-3.15761e-10
-3.18859e-10
-3.21674e-10
-3.24197e-10
-3.26421e-10
-3.28339e-10
-3.29946e-10
-3.31238e-10
-3.32209e-10
-3.32859e-10
-3.33184e-10
-3.33184e-10
-3.32859e-10
-3.32209e-10
-3.31238e-10
-3.29946e-10
-3.28339e-10
-3.26421e-10
-3.24197e-10
-3.21674e-10
-3.18859e-10
-3.15761e-10
-3.12387e-10
-3.08747e-10
-3.04852e-10
-3.00713e-10
-2.9634e-10
-2.91746e-10
-2.86942e-10
-2.81942e-10
-2.76759e-10
-2.71406e-10
-2.65897e-10
-2.60245e-10
-2.54465e-10
-2.4857e-10
-2.42575e-10
-2.36494e-10
-2.3034e-10
-2.24127e-10
-2.17868e-10
-2.11578e-10
-2.05269e-10
-1.98953e-10
-1.92644e-10
-1.86353e-10
-1.80091e-10
-1.73869e-10
-1.67699e-10
-1.6159e-10
-1.55551e-10
-1.49592e-10
-1.43721e-10
-1.37946e-10
-1.32273e-10
-1.2671e-10
-1.21262e-10
-1.15935e-10
-1.10734e-10
-1.05663e-10
-1.00726e-10
-9.59261e-11
-9.12655e-11
-8.67467e-11
-8.23711e-11
-7.81398e-11
-7.40536e-11
-7.01125e-11
-6.63164e-11
-6.26646e-11
-5.91561e-11
-5.57895e-11
-5.25632e-11
-4.94751e-11
-4.65229e-11
-4.37042e-11
-4.10163e-11
-3.8456e-11
-3.60204e-11
-3.37061e-11
-3.15097e-11
-2.94277e-11
-2.74565e-11
-2.55922e-11
-2.38313e-11
-2.21699e-11
-2.06041e-11
-1.91303e-11
-1.77445e-11
-1.64431e-11
-1.52222e-11
-1.40783e-11
-1.30076e-11
-1.20066e-11
-1.10718e-11
-1.01998e-11
-9.38731e-12
-8.63112e-12
-7.9281e-12
-7.27524e-12
-6.66962e-12
-6.10844e-12
-5.58902e-12
-5.10878e-12
-4.66525e-12
-4.25606e-12
-3.87897e-12
-3.53184e-12
-3.21264e-12
-2.91944e-12
-2.6504e-12
-2.40381e-12
-2.17803e-12
-1.97153e-12
-1.78287e-12
-1.61069e-12
-1.45372e-12
-1.31076e-12
-1.18071e-12
-1.06253e-12
-9.55236e-13
-8.57942e-13
-7.69805e-13
-6.90049e-13
-6.17952e-13
-5.52848e-13
-4.9412e-13
-4.412e-13
-3.93562e-13
-3.50726e-13
-3.12247e-13
-2.77718e-13
-2.46767e-13
-2.1905e-13
-1.94258e-13
-1.72103e-13
-1.52326e-13
-1.3469e-13
-1.18979e-13
-1.04999e-13
-9.25708e-14
-8.1534e-14
-7.17431e-14
-6.30662e-14
-5.53846e-14
-4.85912e-14
-4.25895e-14
-3.72926e-14
-3.26226e-14
-2.85096e-14
-2.48908e-14
-2.17101e-14
-1.89174e-14
-1.64679e-14
-1.43215e-14
-1.24427e-14
-1.07999e-14
-9.3648e-15
-8.11248e-15
-7.02077e-15
-6.07004e-15
-5.24293e-15
-4.5241e-15
-3.90002e-15
-3.35875e-15
-2.88977e-15
-2.48385e-15
-2.13286e-15
-1.82969e-15
-1.56808e-15
-1.34256e-15
-1.14835e-15
-9.81276e-16
-8.37692e-16
-7.1442e-16
-6.08694e-16
-5.18107e-16
-4.40572e-16
-3.74274e-16
-3.17642e-16
-2.69316e-16
-2.2812e-16
-1.93036e-16
-1.63189e-16
-1.37822e-16
-1.16285e-16
-9.80172e-17
-8.25388e-17
-6.94368e-17
-5.83575e-17
-4.89982e-17
-4.10998e-17
-3.44409e-17
-2.88327e-17
-2.41142e-17
-2.01481e-17
-1.6818e-17
-1.40245e-17
-1.16836e-17
-9.72399e-18
-8.08513e-18
-6.71591e-18
-5.57312e-18
-5.52473e-11
-5.87531e-11
-6.24203e-11
-6.62517e-11
-7.02496e-11
-7.44161e-11
-7.87527e-11
-8.32607e-11
-8.79408e-11
-9.27933e-11
-9.78181e-11
-1.03014e-10
-1.08381e-10
-1.13915e-10
-1.19615e-10
-1.25478e-10
-1.315e-10
-1.37676e-10
-1.44002e-10
-1.50471e-10
-1.57078e-10
-1.63814e-10
-1.70673e-10
-1.77645e-10
-1.84722e-10
-1.91893e-10
-1.99148e-10
-2.06475e-10
-2.13863e-10
-2.21299e-10
-2.2877e-10
-2.36263e-10
-2.43763e-10
-2.51255e-10
-2.58725e-10
-2.66157e-10
-2.73535e-10
-2.80843e-10
-2.88065e-10
-2.95185e-10
-3.02185e-10
-3.09049e-10
-3.15761e-10
-3.22303e-10
-3.2866e-10
-3.34815e-10
-3.40752e-10
-3.46457e-10
-3.51913e-10
-3.57105e-10
-3.62021e-10
-3.66647e-10
-3.70968e-10
-3.74975e-10
-3.78655e-10
-3.81997e-10
-3.84993e-10
-3.87634e-10
-3.89912e-10
-3.91821e-10
-3.93354e-10
-3.94508e-10
-3.9528e-10
-3.95666e-10
-3.95666e-10
-3.9528e-10
-3.94508e-10
-3.93354e-10
-3.91821e-10
-3.89912e-10
-3.87634e-10
-3.84993e-10
-3.81997e-10
-3.78655e-10
-3.74975e-10
-3.70968e-10
-3.66647e-10
-3.62021e-10
-3.57105e-10
-3.51913e-10
-3.46457e-10
-3.40752e-10
-3.34815e-10
-3.2866e-10
-3.22303e-10
-3.15761e-10
-3.09049e-10
-3.02185e-10
-2.95185e-10
-2.88065e-10
-2.80843e-10
-2.73535e-10
-2.66157e-10
-2.58725e-10
-2.51255e-10
-2.43763e-10
-2.36263e-10
-2.2877e-10
-2.21299e-10
-2.13863e-10
-2.06475e-10
-1.99148e-10
-1.91893e-10
-1.84722e-10
-1.77645e-10
-1.70673e-10
-1.63814e-10
-1.57078e-10
-1.50471e-10
-1.44002e-10
-1.37676e-10
-1.315e-10
-1.25478e-10
-1.19615e-10
-1.13915e-10
-1.08381e-10
-1.03014e-10
-9.78181e-11
-9.27933e-11
-8.79408e-11
-8.32607e-11
-7.87527e-11
-7.44161e-11
-7.02496e-11
-6.62517e-11
-6.24203e-11
-5.87531e-11
-5.52473e-11
-5.19001e-11
-4.8708e-11
-4.56677e-11
-4.27753e-11
-4.0027e-11
-3.74187e-11
-3.49463e-11
-3.26053e-11
-3.03915e-11
-2.83004e-11
-2.63274e-11
-2.4468e-11
-2.27178e-11
-2.10722e-11
-1.95267e-11
-1.80769e-11
-1.67184e-11
-1.54469e-11
-1.42581e-11
-1.3148e-11
-1.21125e-11
-1.11477e-11
-1.02497e-11
-9.41486e-12
-8.63956e-12
-7.92036e-12
-7.25395e-12
-6.63713e-12
-6.06683e-12
-5.54012e-12
-5.05419e-12
-4.60639e-12
-4.19417e-12
-3.81511e-12
-3.46692e-12
-3.14743e-12
-2.85459e-12
-2.58648e-12
-2.34126e-12
-2.11721e-12
-1.91274e-12
-1.72633e-12
-1.55657e-12
-1.40213e-12
-1.26178e-12
-1.13437e-12
-1.01883e-12
-9.14167e-13
-8.19454e-13
-7.33837e-13
-6.56523e-13
-5.86782e-13
-5.23937e-13
-4.67367e-13
-4.16497e-13
-3.70802e-13
-3.29798e-13
-2.93042e-13
-2.60129e-13
-2.30687e-13
-2.04377e-13
-1.80891e-13
-1.59948e-13
-1.41292e-13
-1.24689e-13
-1.09931e-13
-9.68241e-14
-8.5197e-14
-7.48929e-14
-6.57709e-14
-5.77035e-14
-5.05762e-14
-4.4286e-14
-3.87403e-14
-3.38559e-14
-2.95585e-14
-2.57814e-14
-2.2465e-14
-1.95561e-14
-1.70072e-14
-1.47761e-14
-1.28252e-14
-1.1121e-14
-9.63381e-15
-8.33737e-15
-7.20835e-15
-6.22613e-15
-5.3725e-15
-4.63139e-15
-3.98861e-15
-3.43169e-15
-2.94964e-15
-2.53284e-15
-2.17281e-15
-1.86214e-15
-1.59432e-15
-1.3637e-15
-1.16529e-15
-9.94784e-16
-8.48395e-16
-7.22842e-16
-6.15268e-16
-5.23192e-16
-4.44461e-16
-3.77209e-16
-3.19821e-16
-2.70899e-16
-2.29236e-16
-1.93792e-16
-1.63668e-16
-1.38092e-16
-1.16398e-16
-9.80172e-17
-8.24582e-17
-6.93013e-17
-5.81868e-17
-4.88072e-17
-4.08996e-17
-3.42397e-17
-2.86363e-17
-2.39265e-17
-1.99718e-17
-1.66545e-17
-1.38747e-17
-1.15475e-17
-9.60132e-18
-7.97534e-18
-6.61825e-18
-6.55438e-11
-6.97029e-11
-7.40536e-11
-7.8599e-11
-8.3342e-11
-8.8285e-11
-9.34298e-11
-9.8778e-11
-1.0433e-10
-1.10087e-10
-1.16048e-10
-1.22213e-10
-1.28579e-10
-1.35145e-10
-1.41908e-10
-1.48864e-10
-1.56008e-10
-1.63335e-10
-1.7084e-10
-1.78515e-10
-1.86353e-10
-1.94345e-10
-2.02481e-10
-2.10753e-10
-2.19149e-10
-2.27656e-10
-2.36263e-10
-2.44956e-10
-2.53721e-10
-2.62543e-10
-2.71406e-10
-2.80295e-10
-2.89193e-10
-2.98082e-10
-3.06944e-10
-3.15761e-10
-3.24514e-10
-3.33184e-10
-3.41752e-10
-3.50198e-10
-3.58503e-10
-3.66647e-10
-3.74609e-10
-3.82371e-10
-3.89912e-10
-3.97214e-10
-4.04258e-10
-4.11026e-10
-4.17499e-10
-4.23659e-10
-4.29491e-10
-4.34979e-10
-4.40106e-10
-4.44859e-10
-4.49225e-10
-4.5319e-10
-4.56745e-10
-4.59878e-10
-4.6258e-10
-4.64844e-10
-4.66664e-10
-4.68033e-10
-4.68948e-10
-4.69406e-10
-4.69406e-10
-4.68948e-10
-4.68033e-10
-4.66664e-10
-4.64844e-10
-4.6258e-10
-4.59878e-10
-4.56745e-10
-4.5319e-10
-4.49225e-10
-4.44859e-10
-4.40106e-10
-4.34979e-10
-4.29491e-10
-4.23659e-10
-4.17499e-10
-4.11026e-10
-4.04258e-10
-3.97214e-10
-3.89912e-10
-3.82371e-10
-3.74609e-10
-3.66647e-10
-3.58503e-10
-3.50198e-10
-3.41752e-10
-3.33184e-10
-3.24514e-10
-3.15761e-10
-3.06944e-10
-2.98082e-10
-2.89193e-10
-2.80295e-10
-2.71406e-10
-2.62543e-10
-2.53721e-10
-2.44956e-10
-2.36263e-10
-2.27656e-10
-2.19149e-10
-2.10753e-10
-2.02481e-10
-1.94345e-10
-1.86353e-10
-1.78515e-10
-1.7084e-10
-1.63335e-10
-1.56008e-10
-1.48864e-10
-1.41908e-10
-1.35145e-10
-1.28579e-10
-1.22213e-10
-1.16048e-10
-1.10087e-10
-1.0433e-10
-9.8778e-11
-9.34298e-11
-8.8285e-11
-8.3342e-11
-7.8599e-11
-7.40536e-11
-6.97029e-11
-6.55438e-11
-6.15727e-11
-5.77857e-11
-5.41788e-11
-5.07473e-11
-4.74869e-11
-4.43925e-11
-4.14592e-11
-3.8682e-11
-3.60556e-11
-3.35747e-11
-3.1234e-11
-2.90281e-11
-2.69517e-11
-2.49994e-11
-2.31659e-11
-2.14458e-11
-1.98342e-11
-1.83257e-11
-1.69154e-11
-1.55985e-11
-1.437e-11
-1.32253e-11
-1.216e-11
-1.11695e-11
-1.02497e-11
-9.39649e-12
-8.60587e-12
-7.87409e-12
-7.1975e-12
-6.57263e-12
-5.99615e-12
-5.46489e-12
-4.97584e-12
-4.52613e-12
-4.11305e-12
-3.73402e-12
-3.3866e-12
-3.06852e-12
-2.7776e-12
-2.5118e-12
-2.26922e-12
-2.04807e-12
-1.84667e-12
-1.66344e-12
-1.49694e-12
-1.34578e-12
-1.20871e-12
-1.08454e-12
-9.72175e-13
-8.70602e-13
-7.7888e-13
-6.96141e-13
-6.21584e-13
-5.5447e-13
-4.9412e-13
-4.39909e-13
-3.91263e-13
-3.47657e-13
-3.08609e-13
-2.7368e-13
-2.42467e-13
-2.14604e-13
-1.89758e-13
-1.67624e-13
-1.47928e-13
-1.30418e-13
-1.14869e-13
-1.01075e-13
-8.88508e-14
-7.80286e-14
-6.84577e-14
-6.00021e-14
-5.25396e-14
-4.59603e-14
-4.01657e-14
-3.50674e-14
-3.05863e-14
-2.66518e-14
-2.32008e-14
-2.01769e-14
-1.753e-14
-1.52154e-14
-1.31936e-14
-1.14293e-14
-9.8912e-15
-8.55177e-15
-7.3865e-15
-6.37378e-15
-5.49454e-15
-4.73197e-15
-4.07125e-15
-3.49937e-15
-3.00489e-15
-2.57776e-15
-2.20918e-15
-1.89146e-15
-1.61785e-15
-1.38247e-15
-1.18018e-15
-1.00651e-15
-8.57558e-16
-7.29935e-16
-6.20699e-16
-5.27295e-16
-4.4751e-16
-3.79426e-16
-3.21386e-16
-2.71959e-16
-2.29909e-16
-1.94171e-16
-1.63828e-16
-1.38092e-16
-1.16285e-16
-9.7826e-17
-8.2217e-17
-6.90311e-17
-5.79034e-17
-4.8522e-17
-4.06209e-17
-3.39732e-17
-2.83857e-17
-2.3694e-17
-1.97584e-17
-1.64605e-17
-1.36996e-17
-1.13907e-17
-9.4617e-18
-7.85169e-18
-7.76833e-11
-8.26127e-11
-8.77692e-11
-9.31565e-11
-9.8778e-11
-1.04636e-10
-1.10734e-10
-1.17073e-10
-1.23654e-10
-1.30477e-10
-1.37542e-10
-1.44848e-10
-1.52394e-10
-1.60176e-10
-1.68191e-10
-1.76435e-10
-1.84902e-10
-1.93587e-10
-2.02481e-10
-2.11578e-10
-2.20867e-10
-2.3034e-10
-2.39983e-10
-2.49787e-10
-2.59738e-10
-2.69821e-10
-2.80022e-10
-2.90325e-10
-3.00713e-10
-3.11169e-10
-3.21674e-10
-3.32209e-10
-3.42755e-10
-3.5329e-10
-3.63793e-10
-3.74243e-10
-3.84618e-10
-3.94894e-10
-4.05049e-10
-4.15059e-10
-4.24902e-10
-4.34554e-10
-4.43991e-10
-4.5319e-10
-4.62129e-10
-4.70783e-10
-4.79132e-10
-4.87153e-10
-4.94824e-10
-5.02126e-10
-5.09038e-10
-5.15542e-10
-5.21619e-10
-5.27252e-10
-5.32427e-10
-5.37127e-10
-5.4134e-10
-5.45053e-10
-5.48256e-10
-5.50939e-10
-5.53096e-10
-5.54718e-10
-5.55803e-10
-5.56346e-10
-5.56346e-10
-5.55803e-10
-5.54718e-10
-5.53096e-10
-5.50939e-10
-5.48256e-10
-5.45053e-10
-5.4134e-10
-5.37127e-10
-5.32427e-10
-5.27252e-10
-5.21619e-10
-5.15542e-10
-5.09038e-10
-5.02126e-10
-4.94824e-10
-4.87153e-10
-4.79132e-10
-4.70783e-10
-4.62129e-10
-4.5319e-10
-4.43991e-10
-4.34554e-10
-4.24902e-10
-4.15059e-10
-4.05049e-10
-3.94894e-10
-3.84618e-10
-3.74243e-10
-3.63793e-10
-3.5329e-10
-3.42755e-10
-3.32209e-10
-3.21674e-10
-3.11169e-10
-3.00713e-10
-2.90325e-10
-2.80022e-10
-2.69821e-10
-2.59738e-10
-2.49787e-10
-2.39983e-10
-2.3034e-10
-2.20867e-10
-2.11578e-10
-2.02481e-10
-1.93587e-10
-1.84902e-10
-1.76435e-10
-1.68191e-10
-1.60176e-10
-1.52394e-10
-1.44848e-10
-1.37542e-10
-1.30477e-10
-1.23654e-10
-1.17073e-10
-1.10734e-10
-1.04636e-10
-9.8778e-11
-9.31565e-11
-8.77692e-11
-8.26127e-11
-7.76833e-11
-7.29767e-11
-6.84884e-11
-6.42133e-11
-6.01464e-11
-5.6282e-11
-5.26145e-11
-4.9138e-11
-4.58464e-11
-4.27335e-11
-3.97932e-11
-3.70189e-11
-3.44045e-11
-3.19435e-11
-2.96296e-11
-2.74565e-11
-2.54179e-11
-2.35077e-11
-2.17198e-11
-2.00484e-11
-1.84875e-11
-1.70315e-11
-1.56748e-11
-1.44121e-11
-1.32382e-11
-1.21481e-11
-1.11368e-11
-1.01998e-11
-9.33247e-12
-8.53057e-12
-7.78996e-12
-7.10671e-12
-6.47705e-12
-5.89742e-12
-5.36442e-12
-4.87483e-12
-4.4256e-12
-4.01385e-12
-3.63685e-12
-3.29204e-12
-2.97702e-12
-2.68951e-12
-2.4274e-12
-2.18869e-12
-1.97153e-12
-1.77419e-12
-1.59504e-12
-1.43258e-12
-1.28541e-12
-1.15223e-12
-1.03185e-12
-9.23138e-13
-8.25075e-13
-7.36709e-13
-6.57165e-13
-5.85637e-13
-5.21385e-13
-4.6373e-13
-4.12047e-13
-3.65767e-13
-3.24368e-13
-2.87375e-13
-2.54351e-13
-2.24903e-13
-1.9867e-13
-1.75326e-13
-1.54573e-13
-1.36144e-13
-1.19796e-13
-1.05307e-13
-9.24804e-14
-8.11369e-14
-7.11153e-14
-6.22706e-14
-5.44727e-14
-4.76049e-14
-4.15623e-14
-3.62512e-14
-3.1588e-14
-2.74978e-14
-2.39139e-14
-2.07767e-14
-1.80335e-14
-1.56372e-14
-1.35461e-14
-1.17232e-14
-1.01357e-14
-8.75457e-15
-7.55428e-15
-6.5122e-15
-5.60839e-15
-4.8253e-15
-4.1475e-15
-3.56143e-15
-3.05519e-15
-2.61835e-15
-2.24178e-15
-1.9175e-15
-1.63852e-15
-1.39877e-15
-1.19293e-15
-1.01639e-15
-8.65128e-16
-7.3566e-16
-6.24957e-16
-5.30394e-16
-4.497e-16
-3.80911e-16
-3.22329e-16
-2.72491e-16
-2.30133e-16
-1.94171e-16
-1.63668e-16
-1.37822e-16
-1.15945e-16
-9.74446e-17
-8.18165e-17
-6.86278e-17
-5.75089e-17
-4.81444e-17
-4.02655e-17
-3.36431e-17
-2.80824e-17
-2.34179e-17
-1.95092e-17
-1.6237e-17
-1.35004e-17
-1.12141e-17
-9.30592e-18
-9.19813e-11
-9.78181e-11
-1.03924e-10
-1.10302e-10
-1.16959e-10
-1.23895e-10
-1.31115e-10
-1.38621e-10
-1.46413e-10
-1.54492e-10
-1.62857e-10
-1.71508e-10
-1.80443e-10
-1.89657e-10
-1.99148e-10
-2.08909e-10
-2.18935e-10
-2.29218e-10
-2.39749e-10
-2.5052e-10
-2.61519e-10
-2.72735e-10
-2.84154e-10
-2.95762e-10
-3.07544e-10
-3.19483e-10
-3.31561e-10
-3.4376e-10
-3.56061e-10
-3.68441e-10
-3.8088e-10
-3.93354e-10
-4.05841e-10
-4.18315e-10
-4.30751e-10
-4.43125e-10
-4.55409e-10
-4.67576e-10
-4.796e-10
-4.91453e-10
-5.03108e-10
-5.14536e-10
-5.2571e-10
-5.36602e-10
-5.47186e-10
-5.57434e-10
-5.67319e-10
-5.76816e-10
-5.85899e-10
-5.94545e-10
-6.0273e-10
-6.1043e-10
-6.17626e-10
-6.24296e-10
-6.30423e-10
-6.35988e-10
-6.40976e-10
-6.45373e-10
-6.49165e-10
-6.52343e-10
-6.54896e-10
-6.56817e-10
-6.58101e-10
-6.58744e-10
-6.58744e-10
-6.58101e-10
-6.56817e-10
-6.54896e-10
-6.52343e-10
-6.49165e-10
-6.45373e-10
-6.40976e-10
-6.35988e-10
-6.30423e-10
-6.24296e-10
-6.17626e-10
-6.1043e-10
-6.0273e-10
-5.94545e-10
-5.85899e-10
-5.76816e-10
-5.67319e-10
-5.57434e-10
-5.47186e-10
-5.36602e-10
-5.2571e-10
-5.14536e-10
-5.03108e-10
-4.91453e-10
-4.796e-10
-4.67576e-10
-4.55409e-10
-4.43125e-10
-4.30751e-10
-4.18315e-10
-4.05841e-10
-3.93354e-10
-3.8088e-10
-3.68441e-10
-3.56061e-10
-3.4376e-10
-3.31561e-10
-3.19483e-10
-3.07544e-10
-2.95762e-10
-2.84154e-10
-2.72735e-10
-2.61519e-10
-2.5052e-10
-2.39749e-10
-2.29218e-10
-2.18935e-10
-2.08909e-10
-1.99148e-10
-1.89657e-10
-1.80443e-10
-1.71508e-10
-1.62857e-10
-1.54492e-10
-1.46413e-10
-1.38621e-10
-1.31115e-10
-1.23895e-10
-1.16959e-10
-1.10302e-10
-1.03924e-10
-9.78181e-11
-9.19813e-11
-8.64085e-11
-8.1094e-11
-7.60321e-11
-7.12166e-11
-6.6641e-11
-6.22985e-11
-5.81821e-11
-5.42847e-11
-5.05989e-11
-4.71173e-11
-4.38325e-11
-4.07368e-11
-3.78229e-11
-3.50831e-11
-3.251e-11
-3.00962e-11
-2.78344e-11
-2.57175e-11
-2.37384e-11
-2.18902e-11
-2.01662e-11
-1.85598e-11
-1.70648e-11
-1.56748e-11
-1.4384e-11
-1.31866e-11
-1.20771e-11
-1.10502e-11
-1.01007e-11
-9.22374e-12
-8.41473e-12
-7.66919e-12
-6.98287e-12
-6.35177e-12
-5.77207e-12
-5.24016e-12
-4.75262e-12
-4.30623e-12
-3.89796e-12
-3.52495e-12
-3.18453e-12
-2.87417e-12
-2.59153e-12
-2.33441e-12
-2.10074e-12
-1.88861e-12
-1.69625e-12
-1.522e-12
-1.36431e-12
-1.22177e-12
-1.09305e-12
-9.76934e-13
-8.72304e-13
-7.78119e-13
-6.93427e-13
-6.17349e-13
-5.49082e-13
-4.87887e-13
-4.33089e-13
-3.8407e-13
-3.40267e-13
-3.01166e-13
-2.66298e-13
-2.35236e-13
-2.07595e-13
-1.83023e-13
-1.61202e-13
-1.41845e-13
-1.24689e-13
-1.09502e-13
-9.60706e-14
-8.42044e-14
-7.37318e-14
-6.44987e-14
-5.63668e-14
-4.9212e-14
-4.29235e-14
-3.7402e-14
-3.25589e-14
-2.83153e-14
-2.46008e-14
-2.13527e-14
-1.85153e-14
-1.60393e-14
-1.38809e-14
-1.20012e-14
-1.03659e-14
-8.94469e-15
-7.7108e-15
-6.64064e-15
-5.71342e-15
-4.91087e-15
-4.21693e-15
-3.61751e-15
-3.10027e-15
-2.65439e-15
-2.27042e-15
-1.9401e-15
-1.65622e-15
-1.41249e-15
-1.20346e-15
-1.02436e-15
-8.71062e-16
-7.39983e-16
-6.28016e-16
-5.3247e-16
-4.51019e-16
-3.81655e-16
-3.22644e-16
-2.72491e-16
-2.29909e-16
-1.93792e-16
-1.63189e-16
-1.37285e-16
-1.1538e-16
-9.68753e-17
-8.12591e-17
-6.80937e-17
-5.70057e-17
-4.76766e-17
-3.98353e-17
-3.32511e-17
-2.77281e-17
-2.31e-17
-1.92255e-17
-1.59853e-17
-1.32781e-17
-1.10187e-17
-1.08805e-10
-1.15709e-10
-1.22931e-10
-1.30477e-10
-1.3835e-10
-1.46556e-10
-1.55096e-10
-1.63974e-10
-1.73192e-10
-1.82748e-10
-1.92644e-10
-2.02877e-10
-2.13446e-10
-2.24346e-10
-2.35572e-10
-2.47118e-10
-2.58978e-10
-2.71141e-10
-2.83599e-10
-2.9634e-10
-3.09351e-10
-3.22618e-10
-3.36125e-10
-3.49857e-10
-3.63793e-10
-3.77916e-10
-3.92204e-10
-4.06634e-10
-4.21184e-10
-4.35829e-10
-4.50543e-10
-4.65299e-10
-4.80069e-10
-4.94824e-10
-5.09536e-10
-5.24172e-10
-5.38703e-10
-5.53096e-10
-5.67319e-10
-5.8134e-10
-5.95126e-10
-6.08644e-10
-6.21862e-10
-6.34747e-10
-6.47266e-10
-6.59388e-10
-6.71081e-10
-6.82315e-10
-6.9306e-10
-7.03287e-10
-7.12969e-10
-7.22078e-10
-7.30589e-10
-7.3848e-10
-7.45727e-10
-7.5231e-10
-7.5821e-10
-7.63411e-10
-7.67897e-10
-7.71656e-10
-7.74676e-10
-7.76949e-10
-7.78468e-10
-7.79229e-10
-7.79229e-10
-7.78468e-10
-7.76949e-10
-7.74676e-10
-7.71656e-10
-7.67897e-10
-7.63411e-10
-7.5821e-10
-7.5231e-10
-7.45727e-10
-7.3848e-10
-7.30589e-10
-7.22078e-10
-7.12969e-10
-7.03287e-10
-6.9306e-10
-6.82315e-10
-6.71081e-10
-6.59388e-10
-6.47266e-10
-6.34747e-10
-6.21862e-10
-6.08644e-10
-5.95126e-10
-5.8134e-10
-5.67319e-10
-5.53096e-10
-5.38703e-10
-5.24172e-10
-5.09536e-10
-4.94824e-10
-4.80069e-10
-4.65299e-10
-4.50543e-10
-4.35829e-10
-4.21184e-10
-4.06634e-10
-3.92204e-10
-3.77916e-10
-3.63793e-10
-3.49857e-10
-3.36125e-10
-3.22618e-10
-3.09351e-10
-2.9634e-10
-2.83599e-10
-2.71141e-10
-2.58978e-10
-2.47118e-10
-2.35572e-10
-2.24346e-10
-2.13446e-10
-2.02877e-10
-1.92644e-10
-1.82748e-10
-1.73192e-10
-1.63974e-10
-1.55096e-10
-1.46556e-10
-1.3835e-10
-1.30477e-10
-1.22931e-10
-1.15709e-10
-1.08805e-10
-1.02213e-10
-9.59261e-11
-8.99384e-11
-8.42421e-11
-7.88296e-11
-7.36929e-11
-6.88236e-11
-6.42133e-11
-5.98534e-11
-5.5735e-11
-5.18494e-11
-4.81876e-11
-4.47407e-11
-4.14997e-11
-3.8456e-11
-3.56008e-11
-3.29253e-11
-3.04212e-11
-2.80801e-11
-2.58939e-11
-2.38546e-11
-2.19544e-11
-2.01859e-11
-1.85417e-11
-1.70148e-11
-1.55985e-11
-1.4286e-11
-1.30712e-11
-1.19481e-11
-1.09108e-11
-9.95379e-12
-9.07188e-12
-8.26004e-12
-7.51351e-12
-6.82778e-12
-6.19858e-12
-5.62187e-12
-5.09384e-12
-4.61089e-12
-4.16967e-12
-3.76698e-12
-3.39986e-12
-3.06552e-12
-2.76137e-12
-2.48496e-12
-2.23404e-12
-2.0065e-12
-1.80037e-12
-1.61384e-12
-1.44523e-12
-1.29296e-12
-1.15561e-12
-1.03185e-12
-9.20437e-13
-8.20254e-13
-7.30262e-13
-6.49509e-13
-5.77121e-13
-5.123e-13
-4.54317e-13
-4.02502e-13
-3.56249e-13
-3.15003e-13
-2.78261e-13
-2.45565e-13
-2.16498e-13
-1.90686e-13
-1.67788e-13
-1.47495e-13
-1.2953e-13
-1.13642e-13
-9.96054e-14
-8.72174e-14
-7.62955e-14
-6.66762e-14
-5.82129e-14
-5.07742e-14
-4.42428e-14
-3.8514e-14
-3.34942e-14
-2.91003e-14
-2.52581e-14
-2.19018e-14
-1.89729e-14
-1.64197e-14
-1.41962e-14
-1.22618e-14
-1.05807e-14
-9.12111e-15
-7.85521e-15
-6.7584e-15
-5.80906e-15
-4.9882e-15
-4.27915e-15
-3.66731e-15
-3.13988e-15
-2.68568e-15
-2.29494e-15
-1.95914e-15
-1.67084e-15
-1.42357e-15
-1.21171e-15
-1.03038e-15
-8.75326e-16
-7.42879e-16
-6.29858e-16
-5.33511e-16
-4.5146e-16
-3.81655e-16
-3.22329e-16
-2.71959e-16
-2.29236e-16
-1.93036e-16
-1.62394e-16
-1.36483e-16
-1.14594e-16
-9.61214e-17
-8.05481e-17
-6.7432e-17
-5.63966e-17
-4.71211e-17
-3.93327e-17
-3.27996e-17
-2.73249e-17
-2.27418e-17
-1.89089e-17
-1.57067e-17
-1.3034e-17
-1.28579e-10
-1.36738e-10
-1.45273e-10
-1.5419e-10
-1.63495e-10
-1.73192e-10
-1.83284e-10
-1.93776e-10
-2.04668e-10
-2.15962e-10
-2.27656e-10
-2.39749e-10
-2.52238e-10
-2.65119e-10
-2.78386e-10
-2.92031e-10
-3.06046e-10
-3.2042e-10
-3.35142e-10
-3.50198e-10
-3.65574e-10
-3.81252e-10
-3.97214e-10
-4.13441e-10
-4.29911e-10
-4.466e-10
-4.63485e-10
-4.80538e-10
-4.97732e-10
-5.15039e-10
-5.32427e-10
-5.49864e-10
-5.67319e-10
-5.84756e-10
-6.02141e-10
-6.19438e-10
-6.36609e-10
-6.53618e-10
-6.70426e-10
-6.86996e-10
-7.03287e-10
-7.19262e-10
-7.34883e-10
-7.50109e-10
-7.64904e-10
-7.79229e-10
-7.93047e-10
-8.06323e-10
-8.19021e-10
-8.31106e-10
-8.42547e-10
-8.53312e-10
-8.6337e-10
-8.72695e-10
-8.81259e-10
-8.89038e-10
-8.96011e-10
-9.02157e-10
-9.07459e-10
-9.11901e-10
-9.1547e-10
-9.18156e-10
-9.19951e-10
-9.2085e-10
-9.2085e-10
-9.19951e-10
-9.18156e-10
-9.1547e-10
-9.11901e-10
-9.07459e-10
-9.02157e-10
-8.96011e-10
-8.89038e-10
-8.81259e-10
-8.72695e-10
-8.6337e-10
-8.53312e-10
-8.42547e-10
-8.31106e-10
-8.19021e-10
-8.06323e-10
-7.93047e-10
-7.79229e-10
-7.64904e-10
-7.50109e-10
-7.34883e-10
-7.19262e-10
-7.03287e-10
-6.86996e-10
-6.70426e-10
-6.53618e-10
-6.36609e-10
-6.19438e-10
-6.02141e-10
-5.84756e-10
-5.67319e-10
-5.49864e-10
-5.32427e-10
-5.15039e-10
-4.97732e-10
-4.80538e-10
-4.63485e-10
-4.466e-10
-4.29911e-10
-4.13441e-10
-3.97214e-10
-3.81252e-10
-3.65574e-10
-3.50198e-10
-3.35142e-10
-3.2042e-10
-3.06046e-10
-2.92031e-10
-2.78386e-10
-2.65119e-10
-2.52238e-10
-2.39749e-10
-2.27656e-10
-2.15962e-10
-2.04668e-10
-1.93776e-10
-1.83284e-10
-1.73192e-10
-1.63495e-10
-1.5419e-10
-1.45273e-10
-1.36738e-10
-1.28579e-10
-1.20789e-10
-1.1336e-10
-1.06284e-10
-9.95527e-11
-9.31565e-11
-8.70862e-11
-8.13319e-11
-7.58838e-11
-7.07315e-11
-6.58646e-11
-6.12728e-11
-5.69454e-11
-5.2872e-11
-4.90421e-11
-4.54452e-11
-4.2071e-11
-3.89093e-11
-3.59501e-11
-3.31836e-11
-3.06e-11
-2.819e-11
-2.59445e-11
-2.38546e-11
-2.19116e-11
-2.01072e-11
-1.84334e-11
-1.68824e-11
-1.54469e-11
-1.41196e-11
-1.28937e-11
-1.17628e-11
-1.07206e-11
-9.76126e-12
-8.87905e-12
-8.0687e-12
-7.32514e-12
-6.64361e-12
-6.01961e-12
-5.4489e-12
-4.92748e-12
-4.45161e-12
-4.01777e-12
-3.62267e-12
-3.26323e-12
-2.93659e-12
-2.64007e-12
-2.37117e-12
-2.12758e-12
-1.90715e-12
-1.70789e-12
-1.52795e-12
-1.36564e-12
-1.21938e-12
-1.08772e-12
-9.69331e-13
-8.62984e-13
-7.67554e-13
-6.8201e-13
-6.05409e-13
-5.36886e-13
-4.75655e-13
-4.20996e-13
-3.72254e-13
-3.28834e-13
-2.90195e-13
-2.55846e-13
-2.25343e-13
-1.98282e-13
-1.74301e-13
-1.53071e-13
-1.34296e-13
-1.17708e-13
-1.03069e-13
-9.01619e-14
-7.87943e-14
-6.87928e-14
-6.00021e-14
-5.22837e-14
-4.55137e-14
-3.95816e-14
-3.43891e-14
-2.98486e-14
-2.58823e-14
-2.24212e-14
-1.94039e-14
-1.67763e-14
-1.44903e-14
-1.25037e-14
-1.07788e-14
-9.28285e-15
-7.98671e-15
-6.86483e-15
-5.89478e-15
-5.05687e-15
-4.33382e-15
-3.71054e-15
-3.17379e-15
-2.71204e-15
-2.3152e-15
-1.9745e-15
-1.6823e-15
-1.43194e-15
-1.21765e-15
-1.03441e-15
-8.77894e-16
-7.44332e-16
-6.30474e-16
-5.33511e-16
-4.51019e-16
-3.80911e-16
-3.21386e-16
-2.70899e-16
-2.2812e-16
-1.91908e-16
-1.61288e-16
-1.35421e-16
-1.13591e-16
-9.51873e-17
-7.96874e-17
-6.66464e-17
-5.56851e-17
-4.64813e-17
-3.87608e-17
-3.22911e-17
-2.6875e-17
-2.23456e-17
-1.85613e-17
-1.54029e-17
-1.518e-10
-1.61432e-10
-1.71508e-10
-1.82036e-10
-1.93021e-10
-2.04468e-10
-2.16384e-10
-2.2877e-10
-2.4163e-10
-2.54963e-10
-2.68769e-10
-2.83046e-10
-2.97791e-10
-3.12997e-10
-3.2866e-10
-3.44769e-10
-3.61315e-10
-3.78285e-10
-3.95666e-10
-4.13441e-10
-4.31593e-10
-4.50103e-10
-4.68948e-10
-4.88105e-10
-5.07549e-10
-5.27252e-10
-5.47186e-10
-5.67319e-10
-5.87618e-10
-6.0805e-10
-6.28578e-10
-6.49165e-10
-6.69772e-10
-6.90358e-10
-7.10883e-10
-7.31303e-10
-7.51575e-10
-7.71656e-10
-7.915e-10
-8.11061e-10
-8.30295e-10
-8.49155e-10
-8.67596e-10
-8.85572e-10
-9.03039e-10
-9.19951e-10
-9.36265e-10
-9.51938e-10
-9.66929e-10
-9.81197e-10
-9.94704e-10
-1.00741e-09
-1.01929e-09
-1.0303e-09
-1.04041e-09
-1.04959e-09
-1.05782e-09
-1.06508e-09
-1.07134e-09
-1.07658e-09
-1.0808e-09
-1.08397e-09
-1.08609e-09
-1.08715e-09
-1.08715e-09
-1.08609e-09
-1.08397e-09
-1.0808e-09
-1.07658e-09
-1.07134e-09
-1.06508e-09
-1.05782e-09
-1.04959e-09
-1.04041e-09
-1.0303e-09
-1.01929e-09
-1.00741e-09
-9.94704e-10
-9.81197e-10
-9.66929e-10
-9.51938e-10
-9.36265e-10
-9.19951e-10
-9.03039e-10
-8.85572e-10
-8.67596e-10
-8.49155e-10
-8.30295e-10
-8.11061e-10
-7.915e-10
-7.71656e-10
-7.51575e-10
-7.31303e-10
-7.10883e-10
-6.90358e-10
-6.69772e-10
-6.49165e-10
-6.28578e-10
-6.0805e-10
-5.87618e-10
-5.67319e-10
-5.47186e-10
-5.27252e-10
-5.07549e-10
-4.88105e-10
-4.68948e-10
-4.50103e-10
-4.31593e-10
-4.13441e-10
-3.95666e-10
-3.78285e-10
-3.61315e-10
-3.44769e-10
-3.2866e-10
-3.12997e-10
-2.97791e-10
-2.83046e-10
-2.68769e-10
-2.54963e-10
-2.4163e-10
-2.2877e-10
-2.16384e-10
-2.04468e-10
-1.93021e-10
-1.82036e-10
-1.71508e-10
-1.61432e-10
-1.518e-10
-1.42603e-10
-1.33832e-10
-1.25478e-10
-1.17531e-10
-1.0998e-10
-1.02813e-10
-9.60198e-11
-8.95877e-11
-8.3505e-11
-7.77592e-11
-7.23381e-11
-6.72293e-11
-6.24203e-11
-5.78987e-11
-5.36522e-11
-4.96687e-11
-4.5936e-11
-4.24424e-11
-3.91762e-11
-3.61261e-11
-3.32809e-11
-3.06299e-11
-2.81625e-11
-2.58686e-11
-2.37384e-11
-2.17623e-11
-1.99312e-11
-1.82364e-11
-1.66695e-11
-1.52222e-11
-1.38871e-11
-1.26567e-11
-1.15241e-11
-1.04825e-11
-9.52584e-12
-8.648e-12
-7.84339e-12
-7.10671e-12
-6.43293e-12
-5.81734e-12
-5.25553e-12
-4.74334e-12
-4.27689e-12
-3.85255e-12
-3.46692e-12
-3.11684e-12
-2.79938e-12
-2.5118e-12
-2.25156e-12
-2.01632e-12
-1.80389e-12
-1.61227e-12
-1.43959e-12
-1.28416e-12
-1.14438e-12
-1.01883e-12
-9.06167e-13
-8.05175e-13
-7.1474e-13
-6.33843e-13
-5.61554e-13
-4.97024e-13
-4.39479e-13
-3.88218e-13
-3.42601e-13
-3.0205e-13
-2.66038e-13
-2.34091e-13
-2.05779e-13
-1.80715e-13
-1.58548e-13
-1.38965e-13
-1.21682e-13
-1.06444e-13
-9.30239e-14
-8.12162e-14
-7.0838e-14
-6.17257e-14
-5.37331e-14
-4.67297e-14
-4.05995e-14
-3.5239e-14
-3.05564e-14
-2.64702e-14
-2.29081e-14
-1.98059e-14
-1.71072e-14
-1.47617e-14
-1.27254e-14
-1.09593e-14
-9.42904e-15
-8.10456e-15
-6.95933e-15
-5.9701e-15
-5.11648e-15
-4.38063e-15
-3.74695e-15
-3.20181e-15
-2.73331e-15
-2.33108e-15
-1.98611e-15
-1.69053e-15
-1.43754e-15
-1.22122e-15
-1.03643e-15
-8.78752e-16
-7.44332e-16
-6.29858e-16
-5.3247e-16
-4.497e-16
-3.79426e-16
-3.19821e-16
-2.69316e-16
-2.26565e-16
-1.90415e-16
-1.59876e-16
-1.34105e-16
-1.12377e-16
-9.40783e-17
-7.86822e-17
-6.57414e-17
-5.48754e-17
-4.57606e-17
-3.81226e-17
-3.17284e-17
-2.6381e-17
-2.19134e-17
-1.81846e-17
-1.79039e-10
-1.904e-10
-2.02284e-10
-2.147e-10
-2.27656e-10
-2.41158e-10
-2.55212e-10
-2.69821e-10
-2.84987e-10
-3.00713e-10
-3.16996e-10
-3.33835e-10
-3.51226e-10
-3.69161e-10
-3.87634e-10
-4.06634e-10
-4.26149e-10
-4.46164e-10
-4.66664e-10
-4.87629e-10
-5.09038e-10
-5.30869e-10
-5.53096e-10
-5.7569e-10
-5.98623e-10
-6.21862e-10
-6.45373e-10
-6.69118e-10
-6.9306e-10
-7.17158e-10
-7.4137e-10
-7.65651e-10
-7.89955e-10
-8.14236e-10
-8.38443e-10
-8.62527e-10
-8.86438e-10
-9.10121e-10
-9.33526e-10
-9.56597e-10
-9.79282e-10
-1.00153e-09
-1.02328e-09
-1.04448e-09
-1.06508e-09
-1.08503e-09
-1.10427e-09
-1.12275e-09
-1.14043e-09
-1.15726e-09
-1.17319e-09
-1.18818e-09
-1.20219e-09
-1.21517e-09
-1.2271e-09
-1.23793e-09
-1.24764e-09
-1.2562e-09
-1.26358e-09
-1.26976e-09
-1.27473e-09
-1.27847e-09
-1.28097e-09
-1.28222e-09
-1.28222e-09
-1.28097e-09
-1.27847e-09
-1.27473e-09
-1.26976e-09
-1.26358e-09
-1.2562e-09
-1.24764e-09
-1.23793e-09
-1.2271e-09
-1.21517e-09
-1.20219e-09
-1.18818e-09
-1.17319e-09
-1.15726e-09
-1.14043e-09
-1.12275e-09
-1.10427e-09
-1.08503e-09
-1.06508e-09
-1.04448e-09
-1.02328e-09
-1.00153e-09
-9.79282e-10
-9.56597e-10
-9.33526e-10
-9.10121e-10
-8.86438e-10
-8.62527e-10
-8.38443e-10
-8.14236e-10
-7.89955e-10
-7.65651e-10
-7.4137e-10
-7.17158e-10
-6.9306e-10
-6.69118e-10
-6.45373e-10
-6.21862e-10
-5.98623e-10
-5.7569e-10
-5.53096e-10
-5.30869e-10
-5.09038e-10
-4.87629e-10
-4.66664e-10
-4.46164e-10
-4.26149e-10
-4.06634e-10
-3.87634e-10
-3.69161e-10
-3.51226e-10
-3.33835e-10
-3.16996e-10
-3.00713e-10
-2.84987e-10
-2.69821e-10
-2.55212e-10
-2.41158e-10
-2.27656e-10
-2.147e-10
-2.02284e-10
-1.904e-10
-1.79039e-10
-1.68191e-10
-1.57847e-10
-1.47994e-10
-1.38621e-10
-1.29714e-10
-1.21262e-10
-1.1325e-10
-1.05663e-10
-9.8489e-11
-9.17123e-11
-8.53184e-11
-7.92929e-11
-7.36209e-11
-6.8288e-11
-6.32796e-11
-5.85812e-11
-5.41788e-11
-5.00582e-11
-4.6206e-11
-4.26085e-11
-3.92528e-11
-3.61261e-11
-3.3216e-11
-3.05105e-11
-2.7998e-11
-2.56673e-11
-2.35077e-11
-2.15088e-11
-1.96606e-11
-1.79537e-11
-1.6379e-11
-1.49278e-11
-1.35919e-11
-1.23635e-11
-1.12351e-11
-1.01998e-11
-9.25081e-12
-8.38193e-12
-7.58724e-12
-6.8612e-12
-6.19858e-12
-5.59448e-12
-5.04433e-12
-4.54384e-12
-4.08902e-12
-3.67612e-12
-3.3017e-12
-2.96252e-12
-2.65558e-12
-2.37812e-12
-2.12758e-12
-1.90157e-12
-1.69791e-12
-1.51458e-12
-1.34973e-12
-1.20165e-12
-1.06877e-12
-9.49655e-13
-8.42993e-13
-7.4758e-13
-6.62319e-13
-5.86209e-13
-5.18339e-13
-4.5788e-13
-4.04077e-13
-3.56249e-13
-3.13775e-13
-2.76096e-13
-2.42704e-13
-2.13142e-13
-1.86998e-13
-1.63901e-13
-1.43517e-13
-1.25545e-13
-1.09716e-13
-9.57895e-14
-8.35491e-14
-7.28017e-14
-6.33749e-14
-5.51148e-14
-4.78846e-14
-4.15623e-14
-3.60395e-14
-3.122e-14
-2.70187e-14
-2.33599e-14
-2.01769e-14
-1.74105e-14
-1.50088e-14
-1.29258e-14
-1.1121e-14
-9.55884e-15
-8.20811e-15
-7.04136e-15
-6.03457e-15
-5.16669e-15
-4.4193e-15
-3.77634e-15
-3.22377e-15
-2.74937e-15
-2.34249e-15
-1.99388e-15
-1.69549e-15
-1.44035e-15
-1.22241e-15
-1.03643e-15
-8.77894e-16
-7.42879e-16
-6.28016e-16
-5.30394e-16
-4.4751e-16
-3.77209e-16
-3.17642e-16
-2.6722e-16
-2.24583e-16
-1.88564e-16
-1.58168e-16
-1.32542e-16
-1.1096e-16
-9.28008e-17
-7.7538e-17
-6.47222e-17
-5.39719e-17
-4.49633e-17
-3.74218e-17
-3.11148e-17
-2.58455e-17
-2.14476e-17
-2.10959e-10
-2.24346e-10
-2.38349e-10
-2.52978e-10
-2.68244e-10
-2.84154e-10
-3.00713e-10
-3.17926e-10
-3.35797e-10
-3.54326e-10
-3.73513e-10
-3.93354e-10
-4.13845e-10
-4.34979e-10
-4.56745e-10
-4.79132e-10
-5.02126e-10
-5.2571e-10
-5.49864e-10
-5.74567e-10
-5.99794e-10
-6.25517e-10
-6.51706e-10
-6.78329e-10
-7.05351e-10
-7.32733e-10
-7.60435e-10
-7.88414e-10
-8.16625e-10
-8.45019e-10
-8.73547e-10
-9.02157e-10
-9.30795e-10
-9.59404e-10
-9.87927e-10
-1.01631e-09
-1.04448e-09
-1.07238e-09
-1.09996e-09
-1.12715e-09
-1.15388e-09
-1.18009e-09
-1.20571e-09
-1.2307e-09
-1.25497e-09
-1.27847e-09
-1.30114e-09
-1.32293e-09
-1.34376e-09
-1.36359e-09
-1.38236e-09
-1.40002e-09
-1.41652e-09
-1.43182e-09
-1.44587e-09
-1.45864e-09
-1.47008e-09
-1.48016e-09
-1.48886e-09
-1.49615e-09
-1.502e-09
-1.50641e-09
-1.50935e-09
-1.51083e-09
-1.51083e-09
-1.50935e-09
-1.50641e-09
-1.502e-09
-1.49615e-09
-1.48886e-09
-1.48016e-09
-1.47008e-09
-1.45864e-09
-1.44587e-09
-1.43182e-09
-1.41652e-09
-1.40002e-09
-1.38236e-09
-1.36359e-09
-1.34376e-09
-1.32293e-09
-1.30114e-09
-1.27847e-09
-1.25497e-09
-1.2307e-09
-1.20571e-09
-1.18009e-09
-1.15388e-09
-1.12715e-09
-1.09996e-09
-1.07238e-09
-1.04448e-09
-1.01631e-09
-9.87927e-10
-9.59404e-10
-9.30795e-10
-9.02157e-10
-8.73547e-10
-8.45019e-10
-8.16625e-10
-7.88414e-10
-7.60435e-10
-7.32733e-10
-7.05351e-10
-6.78329e-10
-6.51706e-10
-6.25517e-10
-5.99794e-10
-5.74567e-10
-5.49864e-10
-5.2571e-10
-5.02126e-10
-4.79132e-10
-4.56745e-10
-4.34979e-10
-4.13845e-10
-3.93354e-10
-3.73513e-10
-3.54326e-10
-3.35797e-10
-3.17926e-10
-3.00713e-10
-2.84154e-10
-2.68244e-10
-2.52978e-10
-2.38349e-10
-2.24346e-10
-2.10959e-10
-1.98178e-10
-1.85989e-10
-1.7438e-10
-1.63335e-10
-1.52841e-10
-1.42881e-10
-1.33441e-10
-1.24502e-10
-1.16048e-10
-1.08063e-10
-1.0053e-10
-9.34298e-11
-8.67467e-11
-8.04629e-11
-7.45615e-11
-6.90255e-11
-6.38382e-11
-5.8983e-11
-5.44439e-11
-5.02051e-11
-4.62511e-11
-4.25669e-11
-3.9138e-11
-3.59501e-11
-3.29897e-11
-3.02435e-11
-2.76988e-11
-2.53435e-11
-2.31659e-11
-2.11546e-11
-1.92992e-11
-1.75893e-11
-1.60152e-11
-1.45678e-11
-1.32382e-11
-1.20183e-11
-1.09001e-11
-9.87632e-12
-8.93996e-12
-8.08447e-12
-7.30371e-12
-6.59191e-12
-5.94368e-12
-5.35396e-12
-4.81804e-12
-4.33153e-12
-3.89035e-12
-3.4907e-12
-3.12904e-12
-2.80212e-12
-2.5069e-12
-2.2406e-12
-2.00063e-12
-1.78462e-12
-1.59037e-12
-1.41589e-12
-1.25932e-12
-1.11897e-12
-9.93288e-13
-8.80864e-13
-7.80402e-13
-6.90723e-13
-6.10753e-13
-5.39514e-13
-4.7612e-13
-4.19764e-13
-3.69718e-13
-3.2532e-13
-2.85975e-13
-2.51143e-13
-2.20338e-13
-1.93123e-13
-1.69104e-13
-1.47928e-13
-1.29277e-13
-1.12868e-13
-9.84449e-14
-8.57814e-14
-7.46739e-14
-6.49412e-14
-5.64219e-14
-4.89723e-14
-4.24649e-14
-3.67862e-14
-3.18358e-14
-2.75247e-14
-2.37741e-14
-2.05146e-14
-1.76847e-14
-1.52303e-14
-1.31037e-14
-1.12631e-14
-9.67151e-15
-8.29675e-15
-7.11046e-15
-6.08784e-15
-5.20721e-15
-4.44961e-15
-3.79853e-15
-3.23955e-15
-2.76013e-15
-2.34937e-15
-1.99778e-15
-1.69715e-15
-1.44035e-15
-1.22122e-15
-1.03441e-15
-8.75326e-16
-7.39983e-16
-6.24957e-16
-5.27295e-16
-4.44461e-16
-3.74274e-16
-3.14862e-16
-2.64623e-16
-2.22183e-16
-1.86368e-16
-1.56173e-16
-1.30742e-16
-1.09346e-16
-9.13621e-17
-7.62614e-17
-6.35944e-17
-5.29797e-17
-4.40936e-17
-3.66621e-17
-3.04534e-17
-2.52714e-17
-2.48328e-10
-2.64086e-10
-2.80569e-10
-2.97791e-10
-3.15761e-10
-3.34488e-10
-3.53981e-10
-3.74243e-10
-3.9528e-10
-4.17091e-10
-4.39676e-10
-4.63032e-10
-4.87153e-10
-5.1203e-10
-5.37652e-10
-5.64005e-10
-5.91072e-10
-6.18833e-10
-6.47266e-10
-6.76345e-10
-7.0604e-10
-7.36319e-10
-7.67148e-10
-7.98487e-10
-8.30295e-10
-8.62527e-10
-8.95137e-10
-9.28072e-10
-9.6128e-10
-9.94704e-10
-1.02829e-09
-1.06196e-09
-1.09567e-09
-1.12935e-09
-1.16293e-09
-1.19633e-09
-1.2295e-09
-1.26234e-09
-1.29481e-09
-1.32681e-09
-1.35827e-09
-1.38913e-09
-1.41929e-09
-1.4487e-09
-1.47727e-09
-1.50494e-09
-1.53163e-09
-1.55727e-09
-1.58179e-09
-1.60513e-09
-1.62723e-09
-1.64802e-09
-1.66744e-09
-1.68545e-09
-1.70199e-09
-1.71702e-09
-1.73048e-09
-1.74235e-09
-1.75259e-09
-1.76117e-09
-1.76806e-09
-1.77325e-09
-1.77672e-09
-1.77845e-09
-1.77845e-09
-1.77672e-09
-1.77325e-09
-1.76806e-09
-1.76117e-09
-1.75259e-09
-1.74235e-09
-1.73048e-09
-1.71702e-09
-1.70199e-09
-1.68545e-09
-1.66744e-09
-1.64802e-09
-1.62723e-09
-1.60513e-09
-1.58179e-09
-1.55727e-09
-1.53163e-09
-1.50494e-09
-1.47727e-09
-1.4487e-09
-1.41929e-09
-1.38913e-09
-1.35827e-09
-1.32681e-09
-1.29481e-09
-1.26234e-09
-1.2295e-09
-1.19633e-09
-1.16293e-09
-1.12935e-09
-1.09567e-09
-1.06196e-09
-1.02829e-09
-9.94704e-10
-9.6128e-10
-9.28072e-10
-8.95137e-10
-8.62527e-10
-8.30295e-10
-7.98487e-10
-7.67148e-10
-7.36319e-10
-7.0604e-10
-6.76345e-10
-6.47266e-10
-6.18833e-10
-5.91072e-10
-5.64005e-10
-5.37652e-10
-5.1203e-10
-4.87153e-10
-4.63032e-10
-4.39676e-10
-4.17091e-10
-3.9528e-10
-3.74243e-10
-3.53981e-10
-3.34488e-10
-3.15761e-10
-2.97791e-10
-2.80569e-10
-2.64086e-10
-2.48328e-10
-2.33282e-10
-2.18935e-10
-2.05269e-10
-1.92268e-10
-1.79915e-10
-1.68191e-10
-1.57078e-10
-1.46556e-10
-1.36605e-10
-1.27206e-10
-1.18337e-10
-1.0998e-10
-1.02113e-10
-9.4716e-11
-8.77692e-11
-8.12526e-11
-7.51463e-11
-6.94312e-11
-6.4088e-11
-5.90983e-11
-5.44439e-11
-5.01072e-11
-4.60708e-11
-4.23183e-11
-3.88334e-11
-3.56008e-11
-3.26053e-11
-2.98328e-11
-2.72694e-11
-2.49019e-11
-2.27178e-11
-2.0705e-11
-1.88521e-11
-1.71483e-11
-1.55832e-11
-1.41472e-11
-1.28309e-11
-1.16258e-11
-1.05236e-11
-9.51654e-12
-8.59747e-12
-7.75959e-12
-6.99653e-12
-6.30234e-12
-5.6715e-12
-5.09881e-12
-4.57948e-12
-4.10903e-12
-3.68331e-12
-3.29848e-12
-2.95097e-12
-2.63749e-12
-2.35501e-12
-2.10074e-12
-1.87209e-12
-1.6667e-12
-1.48239e-12
-1.31718e-12
-1.16924e-12
-1.0369e-12
-9.18641e-13
-8.13077e-13
-7.1894e-13
-6.35083e-13
-5.60458e-13
-4.9412e-13
-4.35209e-13
-3.82947e-13
-3.36632e-13
-2.95629e-13
-2.59368e-13
-2.27332e-13
-1.99059e-13
-1.74131e-13
-1.52177e-13
-1.32861e-13
-1.15883e-13
-1.00977e-13
-8.79014e-14
-7.64447e-14
-6.64163e-14
-5.76472e-14
-4.9987e-14
-4.33024e-14
-3.74751e-14
-3.24003e-14
-2.79855e-14
-2.41485e-14
-2.08173e-14
-1.79282e-14
-1.54249e-14
-1.32582e-14
-1.13847e-14
-9.76642e-15
-8.37e-15
-7.16623e-15
-6.1296e-15
-5.23781e-15
-4.47139e-15
-3.8134e-15
-3.24906e-15
-2.76553e-15
-2.35166e-15
-1.99778e-15
-1.69549e-15
-1.43754e-15
-1.21765e-15
-1.03038e-15
-8.71062e-16
-7.3566e-16
-6.20699e-16
-5.23192e-16
-4.40572e-16
-3.70636e-16
-3.11498e-16
-2.6154e-16
-2.1938e-16
-1.83837e-16
-1.53902e-16
-1.28715e-16
-1.07546e-16
-8.97702e-17
-7.48594e-17
-6.23644e-17
-5.19043e-17
-4.31564e-17
-3.58479e-17
-2.9748e-17
-2.92031e-10
-3.10562e-10
-3.29946e-10
-3.50198e-10
-3.71331e-10
-3.93354e-10
-4.16277e-10
-4.40106e-10
-4.64844e-10
-4.90494e-10
-5.17054e-10
-5.44521e-10
-5.72886e-10
-6.02141e-10
-6.32272e-10
-6.63263e-10
-6.95094e-10
-7.27741e-10
-7.61178e-10
-7.95374e-10
-8.30295e-10
-8.65903e-10
-9.02157e-10
-9.39012e-10
-9.76418e-10
-1.01432e-09
-1.05267e-09
-1.0914e-09
-1.13045e-09
-1.16976e-09
-1.20925e-09
-1.24886e-09
-1.2885e-09
-1.3281e-09
-1.36759e-09
-1.40687e-09
-1.44587e-09
-1.4845e-09
-1.52268e-09
-1.56031e-09
-1.59731e-09
-1.6336e-09
-1.66907e-09
-1.70365e-09
-1.73726e-09
-1.76979e-09
-1.80118e-09
-1.83133e-09
-1.86017e-09
-1.88762e-09
-1.9136e-09
-1.93805e-09
-1.96089e-09
-1.98207e-09
-2.00152e-09
-2.01919e-09
-2.03503e-09
-2.04899e-09
-2.06103e-09
-2.07112e-09
-2.07922e-09
-2.08532e-09
-2.0894e-09
-2.09144e-09
-2.09144e-09
-2.0894e-09
-2.08532e-09
-2.07922e-09
-2.07112e-09
-2.06103e-09
-2.04899e-09
-2.03503e-09
-2.01919e-09
-2.00152e-09
-1.98207e-09
-1.96089e-09
-1.93805e-09
-1.9136e-09
-1.88762e-09
-1.86017e-09
-1.83133e-09
-1.80118e-09
-1.76979e-09
-1.73726e-09
-1.70365e-09
-1.66907e-09
-1.6336e-09
-1.59731e-09
-1.56031e-09
-1.52268e-09
-1.4845e-09
-1.44587e-09
-1.40687e-09
-1.36759e-09
-1.3281e-09
-1.2885e-09
-1.24886e-09
-1.20925e-09
-1.16976e-09
-1.13045e-09
-1.0914e-09
-1.05267e-09
-1.01432e-09
-9.76418e-10
-9.39012e-10
-9.02157e-10
-8.65903e-10
-8.30295e-10
-7.95374e-10
-7.61178e-10
-7.27741e-10
-6.95094e-10
-6.63263e-10
-6.32272e-10
-6.02141e-10
-5.72886e-10
-5.44521e-10
-5.17054e-10
-4.90494e-10
-4.64844e-10
-4.40106e-10
-4.16277e-10
-3.93354e-10
-3.71331e-10
-3.50198e-10
-3.29946e-10
-3.10562e-10
-2.92031e-10
-2.74338e-10
-2.57465e-10
-2.41394e-10
-2.26105e-10
-2.11578e-10
-1.97791e-10
-1.84722e-10
-1.72348e-10
-1.60646e-10
-1.49592e-10
-1.39163e-10
-1.29335e-10
-1.20083e-10
-1.11385e-10
-1.03216e-10
-9.55521e-11
-8.83712e-11
-8.16503e-11
-7.53668e-11
-6.9499e-11
-6.40255e-11
-5.89255e-11
-5.41788e-11
-4.97658e-11
-4.56677e-11
-4.18661e-11
-3.83435e-11
-3.50831e-11
-3.20685e-11
-2.92844e-11
-2.67159e-11
-2.43488e-11
-2.21699e-11
-2.01662e-11
-1.83257e-11
-1.66369e-11
-1.5089e-11
-1.36718e-11
-1.23756e-11
-1.11913e-11
-1.01105e-11
-9.12519e-12
-8.22784e-12
-7.41149e-12
-6.66962e-12
-5.99615e-12
-5.38542e-12
-4.83217e-12
-4.33153e-12
-3.87897e-12
-3.4703e-12
-3.10166e-12
-2.76947e-12
-2.47044e-12
-2.20155e-12
-1.96002e-12
-1.74327e-12
-1.54899e-12
-1.37501e-12
-1.21938e-12
-1.08031e-12
-9.56169e-13
-8.45466e-13
-7.4685e-13
-6.59093e-13
-5.8108e-13
-5.118e-13
-4.50341e-13
-3.95875e-13
-3.47657e-13
-3.05014e-13
-2.6734e-13
-2.34091e-13
-2.04776e-13
-1.78958e-13
-1.56243e-13
-1.36277e-13
-1.18747e-13
-1.03371e-13
-8.98981e-14
-7.81048e-14
-6.77924e-14
-5.87841e-14
-5.09231e-14
-4.40703e-14
-3.81024e-14
-3.29106e-14
-2.83984e-14
-2.4481e-14
-2.10833e-14
-1.81395e-14
-1.55915e-14
-1.33883e-14
-1.14852e-14
-9.84302e-15
-8.42741e-15
-7.20835e-15
-6.15961e-15
-5.25831e-15
-4.48451e-15
-3.82085e-15
-3.25223e-15
-2.76553e-15
-2.34937e-15
-1.99388e-15
-1.69053e-15
-1.43194e-15
-1.21171e-15
-1.02436e-15
-8.65128e-16
-7.29935e-16
-6.15268e-16
-5.18107e-16
-4.35864e-16
-3.66318e-16
-3.07569e-16
-2.57989e-16
-2.1619e-16
-1.80987e-16
-1.51368e-16
-1.26473e-16
-1.05569e-16
-8.80338e-17
-7.33398e-17
-6.10388e-17
-5.07514e-17
-4.21567e-17
-3.49833e-17
-3.4309e-10
-3.64861e-10
-3.87634e-10
-4.11427e-10
-4.36255e-10
-4.62129e-10
-4.89059e-10
-5.17054e-10
-5.46118e-10
-5.76253e-10
-6.07457e-10
-6.39725e-10
-6.7305e-10
-7.0742e-10
-7.42819e-10
-7.79229e-10
-8.16625e-10
-8.5498e-10
-8.94263e-10
-9.34438e-10
-9.75465e-10
-1.0173e-09
-1.05989e-09
-1.10319e-09
-1.14714e-09
-1.19167e-09
-1.23672e-09
-1.28222e-09
-1.3281e-09
-1.37428e-09
-1.42068e-09
-1.46721e-09
-1.51378e-09
-1.56031e-09
-1.6067e-09
-1.65285e-09
-1.69867e-09
-1.74406e-09
-1.78891e-09
-1.83312e-09
-1.87659e-09
-1.91922e-09
-1.96089e-09
-2.00152e-09
-2.041e-09
-2.07922e-09
-2.1161e-09
-2.15152e-09
-2.1854e-09
-2.21765e-09
-2.24818e-09
-2.2769e-09
-2.30374e-09
-2.32862e-09
-2.35147e-09
-2.37223e-09
-2.39084e-09
-2.40724e-09
-2.42138e-09
-2.43323e-09
-2.44276e-09
-2.44992e-09
-2.45471e-09
-2.45711e-09
-2.45711e-09
-2.45471e-09
-2.44992e-09
-2.44276e-09
-2.43323e-09
-2.42138e-09
-2.40724e-09
-2.39084e-09
-2.37223e-09
-2.35147e-09
-2.32862e-09
-2.30374e-09
-2.2769e-09
-2.24818e-09
-2.21765e-09
-2.1854e-09
-2.15152e-09
-2.1161e-09
-2.07922e-09
-2.041e-09
-2.00152e-09
-1.96089e-09
-1.91922e-09
-1.87659e-09
-1.83312e-09
-1.78891e-09
-1.74406e-09
-1.69867e-09
-1.65285e-09
-1.6067e-09
-1.56031e-09
-1.51378e-09
-1.46721e-09
-1.42068e-09
-1.37428e-09
-1.3281e-09
-1.28222e-09
-1.23672e-09
-1.19167e-09
-1.14714e-09
-1.10319e-09
-1.05989e-09
-1.0173e-09
-9.75465e-10
-9.34438e-10
-8.94263e-10
-8.5498e-10
-8.16625e-10
-7.79229e-10
-7.42819e-10
-7.0742e-10
-6.7305e-10
-6.39725e-10
-6.07457e-10
-5.76253e-10
-5.46118e-10
-5.17054e-10
-4.89059e-10
-4.62129e-10
-4.36255e-10
-4.11427e-10
-3.87634e-10
-3.64861e-10
-3.4309e-10
-3.22303e-10
-3.0248e-10
-2.83599e-10
-2.65637e-10
-2.4857e-10
-2.32373e-10
-2.17019e-10
-2.02481e-10
-1.88733e-10
-1.75747e-10
-1.63495e-10
-1.51948e-10
-1.41079e-10
-1.3086e-10
-1.21262e-10
-1.12259e-10
-1.03822e-10
-9.59261e-11
-8.8544e-11
-8.16503e-11
-7.52198e-11
-6.9228e-11
-6.36514e-11
-5.84669e-11
-5.36522e-11
-4.9186e-11
-4.50475e-11
-4.1217e-11
-3.76754e-11
-3.44045e-11
-3.13869e-11
-2.8606e-11
-2.60461e-11
-2.36921e-11
-2.15298e-11
-1.95457e-11
-1.77272e-11
-1.60622e-11
-1.45394e-11
-1.3148e-11
-1.18783e-11
-1.07206e-11
-9.6664e-12
-8.70732e-12
-7.83574e-12
-7.04452e-12
-6.32701e-12
-5.67704e-12
-5.08886e-12
-4.55717e-12
-4.07705e-12
-3.64396e-12
-3.25369e-12
-2.90238e-12
-2.58648e-12
-2.30271e-12
-2.04807e-12
-1.81981e-12
-1.61542e-12
-1.43258e-12
-1.26919e-12
-1.12335e-12
-9.93288e-13
-8.7743e-13
-7.74329e-13
-6.82676e-13
-6.01284e-13
-5.29079e-13
-4.6509e-13
-4.08442e-13
-3.58343e-13
-3.14082e-13
-2.75019e-13
-2.4058e-13
-2.10248e-13
-1.8356e-13
-1.60104e-13
-1.39509e-13
-1.21445e-13
-1.05616e-13
-9.17608e-14
-7.96453e-14
-6.9062e-14
-5.98266e-14
-5.17756e-14
-4.47643e-14
-3.86647e-14
-3.33636e-14
-2.87612e-14
-2.47695e-14
-2.1311e-14
-1.83175e-14
-1.57291e-14
-1.34933e-14
-1.1564e-14
-9.90087e-15
-8.46866e-15
-7.23656e-15
-6.17768e-15
-5.26859e-15
-4.4889e-15
-3.82085e-15
-3.24906e-15
-2.76013e-15
-2.34249e-15
-1.98611e-15
-1.6823e-15
-1.42357e-15
-1.20346e-15
-1.01639e-15
-8.57558e-16
-7.22842e-16
-6.08694e-16
-5.12071e-16
-4.30366e-16
-3.61344e-16
-3.03096e-16
-2.53989e-16
-2.12631e-16
-1.77833e-16
-1.48585e-16
-1.24026e-16
-1.03426e-16
-8.61627e-17
-7.17109e-17
-5.96249e-17
-4.95274e-17
-4.10998e-17
-4.02682e-10
-4.28235e-10
-4.54964e-10
-4.8289e-10
-5.1203e-10
-5.42398e-10
-5.74006e-10
-6.06864e-10
-6.40976e-10
-6.76345e-10
-7.12969e-10
-7.50842e-10
-7.89955e-10
-8.30295e-10
-8.71843e-10
-9.14576e-10
-9.58468e-10
-1.00348e-09
-1.04959e-09
-1.09674e-09
-1.1449e-09
-1.194e-09
-1.24399e-09
-1.29481e-09
-1.34639e-09
-1.39865e-09
-1.45153e-09
-1.50494e-09
-1.55879e-09
-1.61299e-09
-1.66744e-09
-1.72205e-09
-1.77672e-09
-1.83133e-09
-1.88577e-09
-1.93994e-09
-1.99372e-09
-2.04699e-09
-2.09963e-09
-2.15152e-09
-2.20254e-09
-2.25257e-09
-2.30149e-09
-2.34918e-09
-2.39551e-09
-2.44037e-09
-2.48365e-09
-2.52523e-09
-2.56499e-09
-2.60284e-09
-2.63867e-09
-2.67238e-09
-2.70389e-09
-2.73309e-09
-2.75991e-09
-2.78427e-09
-2.80611e-09
-2.82536e-09
-2.84196e-09
-2.85587e-09
-2.86705e-09
-2.87546e-09
-2.88108e-09
-2.8839e-09
-2.8839e-09
-2.88108e-09
-2.87546e-09
-2.86705e-09
-2.85587e-09
-2.84196e-09
-2.82536e-09
-2.80611e-09
-2.78427e-09
-2.75991e-09
-2.73309e-09
-2.70389e-09
-2.67238e-09
-2.63867e-09
-2.60284e-09
-2.56499e-09
-2.52523e-09
-2.48365e-09
-2.44037e-09
-2.39551e-09
-2.34918e-09
-2.30149e-09
-2.25257e-09
-2.20254e-09
-2.15152e-09
-2.09963e-09
-2.04699e-09
-1.99372e-09
-1.93994e-09
-1.88577e-09
-1.83133e-09
-1.77672e-09
-1.72205e-09
-1.66744e-09
-1.61299e-09
-1.55879e-09
-1.50494e-09
-1.45153e-09
-1.39865e-09
-1.34639e-09
-1.29481e-09
-1.24399e-09
-1.194e-09
-1.1449e-09
-1.09674e-09
-1.04959e-09
-1.00348e-09
-9.58468e-10
-9.14576e-10
-8.71843e-10
-8.30295e-10
-7.89955e-10
-7.50842e-10
-7.12969e-10
-6.76345e-10
-6.40976e-10
-6.06864e-10
-5.74006e-10
-5.42398e-10
-5.1203e-10
-4.8289e-10
-4.54964e-10
-4.28235e-10
-4.02682e-10
-3.78285e-10
-3.55019e-10
-3.32859e-10
-3.11777e-10
-2.91746e-10
-2.72735e-10
-2.54714e-10
-2.37651e-10
-2.21515e-10
-2.06273e-10
-1.91893e-10
-1.78341e-10
-1.65584e-10
-1.53589e-10
-1.42324e-10
-1.31757e-10
-1.21855e-10
-1.12588e-10
-1.03924e-10
-9.58324e-11
-8.8285e-11
-8.12526e-11
-7.47073e-11
-6.86223e-11
-6.29713e-11
-5.77293e-11
-5.2872e-11
-4.83762e-11
-4.42194e-11
-4.03804e-11
-3.68386e-11
-3.35747e-11
-3.05701e-11
-2.78072e-11
-2.52694e-11
-2.29407e-11
-2.08063e-11
-1.88521e-11
-1.70648e-11
-1.54318e-11
-1.39415e-11
-1.25828e-11
-1.13454e-11
-1.02197e-11
-9.19676e-12
-8.26811e-12
-7.42598e-12
-6.66311e-12
-5.97277e-12
-5.34873e-12
-4.78522e-12
-4.27689e-12
-3.81883e-12
-3.40651e-12
-3.03573e-12
-2.70267e-12
-2.40381e-12
-2.1359e-12
-1.89601e-12
-1.68141e-12
-1.48965e-12
-1.31847e-12
-1.16582e-12
-1.02983e-12
-9.08826e-13
-8.01253e-13
-7.05724e-13
-6.20977e-13
-5.45874e-13
-4.79385e-13
-4.20585e-13
-3.68636e-13
-3.22788e-13
-2.82367e-13
-2.46767e-13
-2.15444e-13
-1.87913e-13
-1.63741e-13
-1.42539e-13
-1.23961e-13
-1.07699e-13
-9.34792e-14
-8.10577e-14
-7.02181e-14
-6.07687e-14
-5.25396e-14
-4.53805e-14
-3.91587e-14
-3.37569e-14
-2.90719e-14
-2.50126e-14
-2.14991e-14
-1.84612e-14
-1.5837e-14
-1.35726e-14
-1.16206e-14
-9.93962e-15
-8.49351e-15
-7.25071e-15
-6.18371e-15
-5.26859e-15
-4.48451e-15
-3.8134e-15
-3.23955e-15
-2.74937e-15
-2.33108e-15
-1.9745e-15
-1.67084e-15
-1.41249e-15
-1.19293e-15
-1.00651e-15
-8.48395e-16
-7.1442e-16
-6.01015e-16
-5.05118e-16
-4.24107e-16
-3.55742e-16
-2.98106e-16
-2.49564e-16
-2.08722e-16
-1.74394e-16
-1.45569e-16
-1.2139e-16
-1.01129e-16
-8.41667e-17
-6.99814e-17
-5.813e-17
-4.82386e-17
-4.72165e-10
-5.02126e-10
-5.33468e-10
-5.66212e-10
-6.0038e-10
-6.35988e-10
-6.7305e-10
-7.11577e-10
-7.51575e-10
-7.93047e-10
-8.3599e-10
-8.80399e-10
-9.26261e-10
-9.73561e-10
-1.02228e-09
-1.07238e-09
-1.12385e-09
-1.17663e-09
-1.2307e-09
-1.28599e-09
-1.34245e-09
-1.40002e-09
-1.45864e-09
-1.51822e-09
-1.5787e-09
-1.63999e-09
-1.70199e-09
-1.76461e-09
-1.82775e-09
-1.89131e-09
-1.95516e-09
-2.01919e-09
-2.08329e-09
-2.14732e-09
-2.21116e-09
-2.27468e-09
-2.33773e-09
-2.40019e-09
-2.46192e-09
-2.52276e-09
-2.58259e-09
-2.64125e-09
-2.69861e-09
-2.75452e-09
-2.80885e-09
-2.86146e-09
-2.9122e-09
-2.96095e-09
-3.00758e-09
-3.05196e-09
-3.09397e-09
-3.1335e-09
-3.17044e-09
-3.20468e-09
-3.23613e-09
-3.2647e-09
-3.2903e-09
-3.31287e-09
-3.33234e-09
-3.34865e-09
-3.36176e-09
-3.37162e-09
-3.37821e-09
-3.38151e-09
-3.38151e-09
-3.37821e-09
-3.37162e-09
-3.36176e-09
-3.34865e-09
-3.33234e-09
-3.31287e-09
-3.2903e-09
-3.2647e-09
-3.23613e-09
-3.20468e-09
-3.17044e-09
-3.1335e-09
-3.09397e-09
-3.05196e-09
-3.00758e-09
-2.96095e-09
-2.9122e-09
-2.86146e-09
-2.80885e-09
-2.75452e-09
-2.69861e-09
-2.64125e-09
-2.58259e-09
-2.52276e-09
-2.46192e-09
-2.40019e-09
-2.33773e-09
-2.27468e-09
-2.21116e-09
-2.14732e-09
-2.08329e-09
-2.01919e-09
-1.95516e-09
-1.89131e-09
-1.82775e-09
-1.76461e-09
-1.70199e-09
-1.63999e-09
-1.5787e-09
-1.51822e-09
-1.45864e-09
-1.40002e-09
-1.34245e-09
-1.28599e-09
-1.2307e-09
-1.17663e-09
-1.12385e-09
-1.07238e-09
-1.02228e-09
-9.73561e-10
-9.26261e-10
-8.80399e-10
-8.3599e-10
-7.93047e-10
-7.51575e-10
-7.11577e-10
-6.7305e-10
-6.35988e-10
-6.0038e-10
-5.66212e-10
-5.33468e-10
-5.02126e-10
-4.72165e-10
-4.43558e-10
-4.16277e-10
-3.90293e-10
-3.65574e-10
-3.42086e-10
-3.19795e-10
-2.98664e-10
-2.78658e-10
-2.59738e-10
-2.41866e-10
-2.25004e-10
-2.09113e-10
-1.94155e-10
-1.80091e-10
-1.66882e-10
-1.54492e-10
-1.42881e-10
-1.32015e-10
-1.21855e-10
-1.12368e-10
-1.03518e-10
-9.52726e-11
-8.75979e-11
-8.04629e-11
-7.38369e-11
-6.76904e-11
-6.1995e-11
-5.67234e-11
-5.18494e-11
-4.73479e-11
-4.31951e-11
-3.9368e-11
-3.5845e-11
-3.26053e-11
-2.96296e-11
-2.68991e-11
-2.43964e-11
-2.2105e-11
-2.00093e-11
-1.80945e-11
-1.6347e-11
-1.47539e-11
-1.3303e-11
-1.19831e-11
-1.07836e-11
-9.69476e-12
-8.70732e-12
-7.81282e-12
-7.00336e-12
-6.27165e-12
-5.6109e-12
-5.01486e-12
-4.47777e-12
-3.99429e-12
-3.55954e-12
-3.16902e-12
-2.81858e-12
-2.50445e-12
-2.22316e-12
-1.97153e-12
-1.74668e-12
-1.54596e-12
-1.36698e-12
-1.20753e-12
-1.06564e-12
-9.39508e-13
-8.27495e-13
-7.28126e-13
-6.40064e-13
-5.62103e-13
-4.93156e-13
-4.32244e-13
-3.78485e-13
-3.31089e-13
-2.89346e-13
-2.52618e-13
-2.20338e-13
-1.91994e-13
-1.67134e-13
-1.4535e-13
-1.26282e-13
-1.09609e-13
-9.50441e-14
-8.23342e-14
-7.12543e-14
-6.16053e-14
-5.32109e-14
-4.59155e-14
-3.95816e-14
-3.40882e-14
-2.93285e-14
-2.52088e-14
-2.16466e-14
-1.85696e-14
-1.59145e-14
-1.36257e-14
-1.16547e-14
-9.95905e-15
-8.50181e-15
-7.25071e-15
-6.17768e-15
-5.25831e-15
-4.47139e-15
-3.79853e-15
-3.22377e-15
-2.73331e-15
-2.3152e-15
-1.95914e-15
-1.65622e-15
-1.39877e-15
-1.18018e-15
-9.94784e-16
-8.37692e-16
-7.04719e-16
-5.92275e-16
-4.97287e-16
-4.17125e-16
-3.49543e-16
-2.92625e-16
-2.44737e-16
-2.04485e-16
-1.70687e-16
-1.42336e-16
-1.18578e-16
-9.86896e-17
-8.20566e-17
-6.81603e-17
-5.65621e-17
-5.53096e-10
-5.88193e-10
-6.24906e-10
-6.63263e-10
-7.03287e-10
-7.44999e-10
-7.88414e-10
-8.33545e-10
-8.80399e-10
-9.28979e-10
-9.79282e-10
-1.0313e-09
-1.08503e-09
-1.14043e-09
-1.1975e-09
-1.2562e-09
-1.31648e-09
-1.37831e-09
-1.44164e-09
-1.50641e-09
-1.57255e-09
-1.63999e-09
-1.70865e-09
-1.77845e-09
-1.8493e-09
-1.92109e-09
-1.99372e-09
-2.06708e-09
-2.14104e-09
-2.21548e-09
-2.29028e-09
-2.36529e-09
-2.44037e-09
-2.51538e-09
-2.59016e-09
-2.66457e-09
-2.73843e-09
-2.8116e-09
-2.8839e-09
-2.95517e-09
-3.02525e-09
-3.09397e-09
-3.16116e-09
-3.22666e-09
-3.2903e-09
-3.35192e-09
-3.41136e-09
-3.46847e-09
-3.52309e-09
-3.57508e-09
-3.62429e-09
-3.6706e-09
-3.71386e-09
-3.75397e-09
-3.79081e-09
-3.82428e-09
-3.85427e-09
-3.88071e-09
-3.90351e-09
-3.92262e-09
-3.93797e-09
-3.94953e-09
-3.95725e-09
-3.96112e-09
-3.96112e-09
-3.95725e-09
-3.94953e-09
-3.93797e-09
-3.92262e-09
-3.90351e-09
-3.88071e-09
-3.85427e-09
-3.82428e-09
-3.79081e-09
-3.75397e-09
-3.71386e-09
-3.6706e-09
-3.62429e-09
-3.57508e-09
-3.52309e-09
-3.46847e-09
-3.41136e-09
-3.35192e-09
-3.2903e-09
-3.22666e-09
-3.16116e-09
-3.09397e-09
-3.02525e-09
-2.95517e-09
-2.8839e-09
-2.8116e-09
-2.73843e-09
-2.66457e-09
-2.59016e-09
-2.51538e-09
-2.44037e-09
-2.36529e-09
-2.29028e-09
-2.21548e-09
-2.14104e-09
-2.06708e-09
-1.99372e-09
-1.92109e-09
-1.8493e-09
-1.77845e-09
-1.70865e-09
-1.63999e-09
-1.57255e-09
-1.50641e-09
-1.44164e-09
-1.37831e-09
-1.31648e-09
-1.2562e-09
-1.1975e-09
-1.14043e-09
-1.08503e-09
-1.0313e-09
-9.79282e-10
-9.28979e-10
-8.80399e-10
-8.33545e-10
-7.88414e-10
-7.44999e-10
-7.03287e-10
-6.63263e-10
-6.24906e-10
-5.88193e-10
-5.53096e-10
-5.19585e-10
-4.87629e-10
-4.57191e-10
-4.28235e-10
-4.00721e-10
-3.74609e-10
-3.49857e-10
-3.26421e-10
-3.04258e-10
-2.83322e-10
-2.6357e-10
-2.44956e-10
-2.27434e-10
-2.10959e-10
-1.95487e-10
-1.80972e-10
-1.67372e-10
-1.54643e-10
-1.42742e-10
-1.31629e-10
-1.21262e-10
-1.11603e-10
-1.02613e-10
-9.42546e-11
-8.64929e-11
-7.92929e-11
-7.26213e-11
-6.64461e-11
-6.07366e-11
-5.54636e-11
-5.05989e-11
-4.61158e-11
-4.19889e-11
-3.8194e-11
-3.47082e-11
-3.15097e-11
-2.85781e-11
-2.58939e-11
-2.34389e-11
-2.1196e-11
-1.9149e-11
-1.72828e-11
-1.55832e-11
-1.40371e-11
-1.2632e-11
-1.13565e-11
-1.01998e-11
-9.15196e-12
-8.20377e-12
-7.34663e-12
-6.57263e-12
-5.87443e-12
-5.24528e-12
-4.67893e-12
-4.16967e-12
-3.7122e-12
-3.3017e-12
-2.93373e-12
-2.60422e-12
-2.30946e-12
-2.04607e-12
-1.81095e-12
-1.60128e-12
-1.41451e-12
-1.2483e-12
-1.10054e-12
-9.69331e-13
-8.5293e-13
-7.49773e-13
-6.5845e-13
-5.77685e-13
-5.06332e-13
-4.43359e-13
-3.87839e-13
-3.38941e-13
-2.95918e-13
-2.58104e-13
-2.24903e-13
-1.95781e-13
-1.70264e-13
-1.47928e-13
-1.28396e-13
-1.11335e-13
-9.64466e-14
-8.34676e-14
-7.21647e-14
-6.23314e-14
-5.37856e-14
-4.63661e-14
-3.9931e-14
-3.43555e-14
-2.95297e-14
-2.53569e-14
-2.17526e-14
-1.86423e-14
-1.59612e-14
-1.36523e-14
-1.16661e-14
-9.95905e-15
-8.49351e-15
-7.23656e-15
-6.15961e-15
-5.23781e-15
-4.44961e-15
-3.77634e-15
-3.20181e-15
-2.71204e-15
-2.29494e-15
-1.9401e-15
-1.63852e-15
-1.38247e-15
-1.16529e-15
-9.81276e-16
-8.25511e-16
-6.93794e-16
-5.82524e-16
-4.88622e-16
-4.09456e-16
-3.42783e-16
-2.86685e-16
-2.39535e-16
-1.99943e-16
-1.66733e-16
-1.38903e-16
-1.15605e-16
-9.61214e-17
-7.98432e-17
-6.6257e-17
-6.47266e-10
-6.88339e-10
-7.31303e-10
-7.76191e-10
-8.23029e-10
-8.71843e-10
-9.2265e-10
-9.75465e-10
-1.0303e-09
-1.08715e-09
-1.14602e-09
-1.20689e-09
-1.26976e-09
-1.3346e-09
-1.40139e-09
-1.47008e-09
-1.54063e-09
-1.61299e-09
-1.6871e-09
-1.76289e-09
-1.84029e-09
-1.91922e-09
-1.99957e-09
-2.08125e-09
-2.16416e-09
-2.24818e-09
-2.33317e-09
-2.41902e-09
-2.50557e-09
-2.59269e-09
-2.68023e-09
-2.76801e-09
-2.85587e-09
-2.94365e-09
-3.03117e-09
-3.11824e-09
-3.20468e-09
-3.2903e-09
-3.37491e-09
-3.45832e-09
-3.54033e-09
-3.62075e-09
-3.69938e-09
-3.77603e-09
-3.85051e-09
-3.92262e-09
-3.99218e-09
-4.05901e-09
-4.12293e-09
-4.18377e-09
-4.24136e-09
-4.29555e-09
-4.34619e-09
-4.39313e-09
-4.43624e-09
-4.4754e-09
-4.5105e-09
-4.54144e-09
-4.56813e-09
-4.59049e-09
-4.60846e-09
-4.62198e-09
-4.63101e-09
-4.63554e-09
-4.63554e-09
-4.63101e-09
-4.62198e-09
-4.60846e-09
-4.59049e-09
-4.56813e-09
-4.54144e-09
-4.5105e-09
-4.4754e-09
-4.43624e-09
-4.39313e-09
-4.34619e-09
-4.29555e-09
-4.24136e-09
-4.18377e-09
-4.12293e-09
-4.05901e-09
-3.99218e-09
-3.92262e-09
-3.85051e-09
-3.77603e-09
-3.69938e-09
-3.62075e-09
-3.54033e-09
-3.45832e-09
-3.37491e-09
-3.2903e-09
-3.20468e-09
-3.11824e-09
-3.03117e-09
-2.94365e-09
-2.85587e-09
-2.76801e-09
-2.68023e-09
-2.59269e-09
-2.50557e-09
-2.41902e-09
-2.33317e-09
-2.24818e-09
-2.16416e-09
-2.08125e-09
-1.99957e-09
-1.91922e-09
-1.84029e-09
-1.76289e-09
-1.6871e-09
-1.61299e-09
-1.54063e-09
-1.47008e-09
-1.40139e-09
-1.3346e-09
-1.26976e-09
-1.20689e-09
-1.14602e-09
-1.08715e-09
-1.0303e-09
-9.75465e-10
-9.2265e-10
-8.71843e-10
-8.23029e-10
-7.76191e-10
-7.31303e-10
-6.88339e-10
-6.47266e-10
-6.0805e-10
-5.70653e-10
-5.35033e-10
-5.01146e-10
-4.68948e-10
-4.3839e-10
-4.09423e-10
-3.81997e-10
-3.56061e-10
-3.31561e-10
-3.08446e-10
-2.86662e-10
-2.66157e-10
-2.46877e-10
-2.2877e-10
-2.11785e-10
-1.95869e-10
-1.80972e-10
-1.67045e-10
-1.5404e-10
-1.41908e-10
-1.30604e-10
-1.20083e-10
-1.10302e-10
-1.01219e-10
-9.27933e-11
-8.49858e-11
-7.77592e-11
-7.10777e-11
-6.49068e-11
-5.92139e-11
-5.39675e-11
-4.9138e-11
-4.4697e-11
-4.06177e-11
-3.68746e-11
-3.34438e-11
-3.03026e-11
-2.74297e-11
-2.48048e-11
-2.24093e-11
-2.02254e-11
-1.82364e-11
-1.64271e-11
-1.47827e-11
-1.329e-11
-1.19364e-11
-1.07102e-11
-9.60055e-12
-8.59747e-12
-7.69169e-12
-6.87462e-12
-6.13834e-12
-5.47557e-12
-4.8796e-12
-4.34424e-12
-3.86385e-12
-3.43322e-12
-3.04761e-12
-2.70267e-12
-2.39444e-12
-2.11928e-12
-1.87392e-12
-1.65534e-12
-1.46083e-12
-1.28792e-12
-1.13437e-12
-9.9815e-13
-8.7743e-13
-7.70558e-13
-6.76042e-13
-5.9254e-13
-5.18846e-13
-4.53873e-13
-3.96649e-13
-3.46301e-13
-3.0205e-13
-2.63195e-13
-2.29115e-13
-1.99253e-13
-1.73114e-13
-1.50257e-13
-1.30291e-13
-1.12868e-13
-9.76788e-14
-8.44515e-14
-7.2944e-14
-6.29431e-14
-5.42604e-14
-4.67297e-14
-4.02049e-14
-3.45574e-14
-2.96742e-14
-2.54562e-14
-2.18164e-14
-1.86788e-14
-1.59768e-14
-1.36523e-14
-1.16547e-14
-9.93962e-15
-8.46866e-15
-7.20835e-15
-6.1296e-15
-5.20721e-15
-4.4193e-15
-3.74695e-15
-3.17379e-15
-2.68568e-15
-2.27042e-15
-1.9175e-15
-1.61785e-15
-1.3637e-15
-1.14835e-15
-9.66063e-16
-8.11919e-16
-6.81704e-16
-5.71815e-16
-4.79171e-16
-4.01145e-16
-3.35497e-16
-2.80318e-16
-2.33986e-16
-1.95121e-16
-1.62553e-16
-1.35288e-16
-1.12487e-16
-9.34374e-17
-7.7538e-17
-7.56731e-10
-8.04749e-10
-8.5498e-10
-9.07459e-10
-9.62219e-10
-1.01929e-09
-1.07869e-09
-1.14043e-09
-1.20454e-09
-1.271e-09
-1.33983e-09
-1.411e-09
-1.4845e-09
-1.56031e-09
-1.63839e-09
-1.71869e-09
-1.80118e-09
-1.88577e-09
-1.97242e-09
-2.06103e-09
-2.15152e-09
-2.24379e-09
-2.33773e-09
-2.43323e-09
-2.53016e-09
-2.62838e-09
-2.72775e-09
-2.82812e-09
-2.92931e-09
-3.03117e-09
-3.1335e-09
-3.23613e-09
-3.33885e-09
-3.44148e-09
-3.54379e-09
-3.64559e-09
-3.74665e-09
-3.84675e-09
-3.94567e-09
-4.04319e-09
-4.13907e-09
-4.23309e-09
-4.32502e-09
-4.41463e-09
-4.5017e-09
-4.58601e-09
-4.66734e-09
-4.74547e-09
-4.8202e-09
-4.89133e-09
-4.95866e-09
-5.02201e-09
-5.08121e-09
-5.13609e-09
-5.18649e-09
-5.23227e-09
-5.27331e-09
-5.30948e-09
-5.34068e-09
-5.36683e-09
-5.38783e-09
-5.40364e-09
-5.4142e-09
-5.41949e-09
-5.41949e-09
-5.4142e-09
-5.40364e-09
-5.38783e-09
-5.36683e-09
-5.34068e-09
-5.30948e-09
-5.27331e-09
-5.23227e-09
-5.18649e-09
-5.13609e-09
-5.08121e-09
-5.02201e-09
-4.95866e-09
-4.89133e-09
-4.8202e-09
-4.74547e-09
-4.66734e-09
-4.58601e-09
-4.5017e-09
-4.41463e-09
-4.32502e-09
-4.23309e-09
-4.13907e-09
-4.04319e-09
-3.94567e-09
-3.84675e-09
-3.74665e-09
-3.64559e-09
-3.54379e-09
-3.44148e-09
-3.33885e-09
-3.23613e-09
-3.1335e-09
-3.03117e-09
-2.92931e-09
-2.82812e-09
-2.72775e-09
-2.62838e-09
-2.53016e-09
-2.43323e-09
-2.33773e-09
-2.24379e-09
-2.15152e-09
-2.06103e-09
-1.97242e-09
-1.88577e-09
-1.80118e-09
-1.71869e-09
-1.63839e-09
-1.56031e-09
-1.4845e-09
-1.411e-09
-1.33983e-09
-1.271e-09
-1.20454e-09
-1.14043e-09
-1.07869e-09
-1.01929e-09
-9.62219e-10
-9.07459e-10
-8.5498e-10
-8.04749e-10
-7.56731e-10
-7.10883e-10
-6.67161e-10
-6.25517e-10
-5.85899e-10
-5.48256e-10
-5.1253e-10
-4.78664e-10
-4.466e-10
-4.16277e-10
-3.87634e-10
-3.6061e-10
-3.35142e-10
-3.11169e-10
-2.88629e-10
-2.6746e-10
-2.47601e-10
-2.28994e-10
-2.11578e-10
-1.95296e-10
-1.80091e-10
-1.65907e-10
-1.52692e-10
-1.40392e-10
-1.28957e-10
-1.18337e-10
-1.08486e-10
-9.93585e-11
-9.09097e-11
-8.30982e-11
-7.58838e-11
-6.9228e-11
-6.30944e-11
-5.74481e-11
-5.22561e-11
-4.74869e-11
-4.31108e-11
-3.90998e-11
-3.54274e-11
-3.20685e-11
-2.89998e-11
-2.61991e-11
-2.36458e-11
-2.13206e-11
-1.92052e-11
-1.72828e-11
-1.55376e-11
-1.39551e-11
-1.25215e-11
-1.12242e-11
-1.00515e-11
-8.9925e-12
-8.03724e-12
-7.17645e-12
-6.40159e-12
-5.70482e-12
-5.07893e-12
-4.5173e-12
-4.01385e-12
-3.56302e-12
-3.15975e-12
-2.79938e-12
-2.47769e-12
-2.19083e-12
-1.93529e-12
-1.70789e-12
-1.50573e-12
-1.32621e-12
-1.16696e-12
-1.02582e-12
-9.00873e-13
-7.90373e-13
-6.9275e-13
-6.06592e-13
-5.30631e-13
-4.6373e-13
-4.04867e-13
-3.53132e-13
-3.07706e-13
-2.67863e-13
-2.3295e-13
-2.02391e-13
-1.75669e-13
-1.52326e-13
-1.31956e-13
-1.14198e-13
-9.87338e-14
-8.52802e-14
-7.3588e-14
-6.34368e-14
-5.46326e-14
-4.70043e-14
-4.04017e-14
-3.46927e-14
-2.97613e-14
-2.55059e-14
-2.18377e-14
-1.86788e-14
-1.59612e-14
-1.36257e-14
-1.16206e-14
-9.90087e-15
-8.42741e-15
-7.16623e-15
-6.08784e-15
-5.16669e-15
-4.38063e-15
-3.71054e-15
-3.13988e-15
-2.65439e-15
-2.24178e-15
-1.89146e-15
-1.59432e-15
-1.34256e-15
-1.12944e-15
-9.4923e-16
-7.96993e-16
-6.68519e-16
-5.60207e-16
-4.68986e-16
-3.92235e-16
-3.27725e-16
-2.73557e-16
-2.2812e-16
-1.90043e-16
-1.58168e-16
-1.31511e-16
-1.09239e-16
-9.06511e-17
-8.83844e-10
-9.39929e-10
-9.98597e-10
-1.05989e-09
-1.12385e-09
-1.1905e-09
-1.25988e-09
-1.332e-09
-1.40687e-09
-1.4845e-09
-1.56489e-09
-1.64802e-09
-1.73387e-09
-1.82241e-09
-1.9136e-09
-2.0074e-09
-2.10373e-09
-2.20254e-09
-2.30374e-09
-2.40724e-09
-2.51293e-09
-2.6207e-09
-2.73042e-09
-2.84196e-09
-2.95517e-09
-3.06989e-09
-3.18596e-09
-3.30318e-09
-3.42137e-09
-3.54033e-09
-3.65986e-09
-3.77972e-09
-3.8997e-09
-4.01957e-09
-4.13907e-09
-4.25797e-09
-4.376e-09
-4.49292e-09
-4.60846e-09
-4.72235e-09
-4.83434e-09
-4.94415e-09
-5.05152e-09
-5.15619e-09
-5.25789e-09
-5.35635e-09
-5.45134e-09
-5.5426e-09
-5.62988e-09
-5.71296e-09
-5.7916e-09
-5.86559e-09
-5.93474e-09
-5.99883e-09
-6.0577e-09
-6.11118e-09
-6.15911e-09
-6.20136e-09
-6.2378e-09
-6.26833e-09
-6.29286e-09
-6.31133e-09
-6.32367e-09
-6.32985e-09
-6.32985e-09
-6.32367e-09
-6.31133e-09
-6.29286e-09
-6.26833e-09
-6.2378e-09
-6.20136e-09
-6.15911e-09
-6.11118e-09
-6.0577e-09
-5.99883e-09
-5.93474e-09
-5.86559e-09
-5.7916e-09
-5.71296e-09
-5.62988e-09
-5.5426e-09
-5.45134e-09
-5.35635e-09
-5.25789e-09
-5.15619e-09
-5.05152e-09
-4.94415e-09
-4.83434e-09
-4.72235e-09
-4.60846e-09
-4.49292e-09
-4.376e-09
-4.25797e-09
-4.13907e-09
-4.01957e-09
-3.8997e-09
-3.77972e-09
-3.65986e-09
-3.54033e-09
-3.42137e-09
-3.30318e-09
-3.18596e-09
-3.06989e-09
-2.95517e-09
-2.84196e-09
-2.73042e-09
-2.6207e-09
-2.51293e-09
-2.40724e-09
-2.30374e-09
-2.20254e-09
-2.10373e-09
-2.0074e-09
-1.9136e-09
-1.82241e-09
-1.73387e-09
-1.64802e-09
-1.56489e-09
-1.4845e-09
-1.40687e-09
-1.332e-09
-1.25988e-09
-1.1905e-09
-1.12385e-09
-1.05989e-09
-9.98597e-10
-9.39929e-10
-8.83844e-10
-8.30295e-10
-7.79229e-10
-7.30589e-10
-6.84317e-10
-6.4035e-10
-5.98623e-10
-5.59069e-10
-5.21619e-10
-4.86202e-10
-4.52748e-10
-4.21184e-10
-3.91438e-10
-3.63438e-10
-3.37112e-10
-3.12387e-10
-2.89193e-10
-2.6746e-10
-2.47118e-10
-2.28101e-10
-2.10342e-10
-1.93776e-10
-1.78341e-10
-1.63974e-10
-1.50618e-10
-1.38215e-10
-1.2671e-10
-1.16048e-10
-1.0618e-10
-9.70568e-11
-8.86305e-11
-8.08568e-11
-7.36929e-11
-6.70981e-11
-6.10339e-11
-5.54636e-11
-5.03524e-11
-4.56677e-11
-4.13783e-11
-3.74553e-11
-3.38711e-11
-3.06e-11
-2.76178e-11
-2.49019e-11
-2.24312e-11
-2.01859e-11
-1.81476e-11
-1.62992e-11
-1.46248e-11
-1.31096e-11
-1.17399e-11
-1.0503e-11
-9.38731e-12
-8.38193e-12
-7.47691e-12
-6.66311e-12
-5.93208e-12
-5.2761e-12
-4.68808e-12
-4.16153e-12
-3.69051e-12
-3.26961e-12
-2.89389e-12
-2.55884e-12
-2.26038e-12
-1.99477e-12
-1.75866e-12
-1.54899e-12
-1.36298e-12
-1.19813e-12
-1.0522e-12
-9.23138e-13
-8.09116e-13
-7.08486e-13
-6.19765e-13
-5.41626e-13
-4.72876e-13
-4.1245e-13
-3.59394e-13
-3.12857e-13
-2.72081e-13
-2.36388e-13
-2.05177e-13
-1.77913e-13
-1.54121e-13
-1.33381e-13
-1.15319e-13
-9.96054e-14
-8.59491e-14
-7.40927e-14
-6.38096e-14
-5.49e-14
-4.71883e-14
-4.05203e-14
-3.47605e-14
-2.97904e-14
-2.55059e-14
-2.18164e-14
-1.86423e-14
-1.59145e-14
-1.35726e-14
-1.1564e-14
-9.84302e-15
-8.37e-15
-7.11046e-15
-6.03457e-15
-5.11648e-15
-4.33382e-15
-3.66731e-15
-3.10027e-15
-2.61835e-15
-2.20918e-15
-1.86214e-15
-1.56808e-15
-1.31916e-15
-1.10868e-15
-9.3087e-16
-7.80815e-16
-6.5431e-16
-5.47765e-16
-4.58122e-16
-3.82775e-16
-3.19508e-16
-2.66438e-16
-2.21966e-16
-1.84737e-16
-1.53602e-16
-1.27589e-16
-1.05878e-16
-1.0313e-09
-1.09674e-09
-1.1652e-09
-1.23672e-09
-1.31135e-09
-1.38913e-09
-1.47008e-09
-1.55423e-09
-1.64159e-09
-1.73217e-09
-1.82597e-09
-1.92297e-09
-2.02314e-09
-2.12645e-09
-2.23286e-09
-2.3423e-09
-2.45471e-09
-2.57001e-09
-2.68809e-09
-2.80885e-09
-2.93218e-09
-3.05793e-09
-3.18596e-09
-3.31611e-09
-3.44821e-09
-3.58207e-09
-3.71749e-09
-3.85427e-09
-3.99218e-09
-4.13099e-09
-4.27046e-09
-4.41032e-09
-4.55032e-09
-4.69018e-09
-4.82962e-09
-4.96835e-09
-5.10608e-09
-5.2425e-09
-5.37732e-09
-5.51022e-09
-5.64089e-09
-5.76902e-09
-5.89431e-09
-6.01643e-09
-6.1351e-09
-6.24999e-09
-6.36083e-09
-6.46731e-09
-6.56915e-09
-6.66609e-09
-6.75785e-09
-6.84419e-09
-6.92487e-09
-6.99966e-09
-7.06835e-09
-7.13075e-09
-7.18668e-09
-7.23597e-09
-7.2785e-09
-7.31412e-09
-7.34275e-09
-7.36429e-09
-7.37869e-09
-7.3859e-09
-7.3859e-09
-7.37869e-09
-7.36429e-09
-7.34275e-09
-7.31412e-09
-7.2785e-09
-7.23597e-09
-7.18668e-09
-7.13075e-09
-7.06835e-09
-6.99966e-09
-6.92487e-09
-6.84419e-09
-6.75785e-09
-6.66609e-09
-6.56915e-09
-6.46731e-09
-6.36083e-09
-6.24999e-09
-6.1351e-09
-6.01643e-09
-5.89431e-09
-5.76902e-09
-5.64089e-09
-5.51022e-09
-5.37732e-09
-5.2425e-09
-5.10608e-09
-4.96835e-09
-4.82962e-09
-4.69018e-09
-4.55032e-09
-4.41032e-09
-4.27046e-09
-4.13099e-09
-3.99218e-09
-3.85427e-09
-3.71749e-09
-3.58207e-09
-3.44821e-09
-3.31611e-09
-3.18596e-09
-3.05793e-09
-2.93218e-09
-2.80885e-09
-2.68809e-09
-2.57001e-09
-2.45471e-09
-2.3423e-09
-2.23286e-09
-2.12645e-09
-2.02314e-09
-1.92297e-09
-1.82597e-09
-1.73217e-09
-1.64159e-09
-1.55423e-09
-1.47008e-09
-1.38913e-09
-1.31135e-09
-1.23672e-09
-1.1652e-09
-1.09674e-09
-1.0313e-09
-9.68819e-10
-9.09233e-10
-8.52479e-10
-7.98487e-10
-7.47185e-10
-6.98496e-10
-6.52343e-10
-6.08644e-10
-5.67319e-10
-5.28283e-10
-4.91453e-10
-4.56745e-10
-4.24073e-10
-3.93354e-10
-3.64504e-10
-3.37441e-10
-3.12082e-10
-2.88347e-10
-2.66157e-10
-2.45435e-10
-2.26105e-10
-2.08094e-10
-1.91332e-10
-1.75747e-10
-1.61275e-10
-1.4785e-10
-1.3541e-10
-1.23895e-10
-1.1325e-10
-1.03417e-10
-9.43467e-11
-8.59876e-11
-7.82926e-11
-7.12166e-11
-6.4717e-11
-5.87531e-11
-5.32867e-11
-4.82818e-11
-4.37042e-11
-3.95221e-11
-3.57052e-11
-3.22255e-11
-2.90565e-11
-2.61736e-11
-2.35537e-11
-2.11753e-11
-1.90185e-11
-1.70648e-11
-1.52968e-11
-1.36985e-11
-1.22553e-11
-1.09535e-11
-9.78035e-12
-8.72434e-12
-7.77476e-12
-6.92177e-12
-6.15635e-12
-5.47023e-12
-4.85583e-12
-4.30623e-12
-3.81511e-12
-3.3767e-12
-2.98575e-12
-2.63749e-12
-2.32758e-12
-2.05207e-12
-1.80742e-12
-1.59037e-12
-1.39803e-12
-1.22775e-12
-1.07715e-12
-9.44107e-13
-8.26688e-13
-7.23165e-13
-6.31989e-13
-5.51769e-13
-4.81262e-13
-4.19354e-13
-3.65054e-13
-3.17474e-13
-2.75826e-13
-2.39408e-13
-2.07595e-13
-1.79834e-13
-1.55634e-13
-1.34558e-13
-1.16223e-13
-1.00289e-13
-8.64542e-14
-7.44554e-14
-6.40593e-14
-5.5061e-14
-4.72805e-14
-4.05598e-14
-3.47605e-14
-2.97613e-14
-2.54562e-14
-2.17526e-14
-1.85696e-14
-1.5837e-14
-1.34933e-14
-1.14852e-14
-9.76642e-15
-8.29675e-15
-7.04136e-15
-5.9701e-15
-5.05687e-15
-4.27915e-15
-3.61751e-15
-3.05519e-15
-2.57776e-15
-2.17281e-15
-1.82969e-15
-1.53925e-15
-1.29365e-15
-1.08617e-15
-9.11084e-16
-7.63473e-16
-6.39153e-16
-5.34554e-16
-4.46636e-16
-3.72814e-16
-3.1089e-16
-2.58999e-16
-2.15558e-16
-1.79228e-16
-1.48876e-16
-1.23543e-16
-1.20219e-09
-1.27847e-09
-1.35827e-09
-1.44164e-09
-1.52864e-09
-1.6193e-09
-1.71367e-09
-1.81176e-09
-1.9136e-09
-2.01919e-09
-2.12853e-09
-2.2416e-09
-2.35837e-09
-2.4788e-09
-2.60284e-09
-2.73042e-09
-2.86146e-09
-2.99585e-09
-3.1335e-09
-3.27427e-09
-3.41803e-09
-3.56462e-09
-3.71386e-09
-3.86558e-09
-4.01957e-09
-4.17561e-09
-4.33347e-09
-4.49292e-09
-4.65368e-09
-4.81549e-09
-4.97807e-09
-5.1411e-09
-5.3043e-09
-5.46734e-09
-5.62988e-09
-5.7916e-09
-5.95215e-09
-6.11118e-09
-6.26833e-09
-6.42325e-09
-6.57557e-09
-6.72494e-09
-6.87098e-09
-7.01335e-09
-7.15167e-09
-7.28561e-09
-7.41481e-09
-7.53893e-09
-7.65765e-09
-7.77065e-09
-7.87762e-09
-7.97827e-09
-8.07231e-09
-8.15949e-09
-8.23957e-09
-8.3123e-09
-8.3775e-09
-8.43496e-09
-8.48453e-09
-8.52606e-09
-8.55943e-09
-8.58454e-09
-8.60133e-09
-8.60973e-09
-8.60973e-09
-8.60133e-09
-8.58454e-09
-8.55943e-09
-8.52606e-09
-8.48453e-09
-8.43496e-09
-8.3775e-09
-8.3123e-09
-8.23957e-09
-8.15949e-09
-8.07231e-09
-7.97827e-09
-7.87762e-09
-7.77065e-09
-7.65765e-09
-7.53893e-09
-7.41481e-09
-7.28561e-09
-7.15167e-09
-7.01335e-09
-6.87098e-09
-6.72494e-09
-6.57557e-09
-6.42325e-09
-6.26833e-09
-6.11118e-09
-5.95215e-09
-5.7916e-09
-5.62988e-09
-5.46734e-09
-5.3043e-09
-5.1411e-09
-4.97807e-09
-4.81549e-09
-4.65368e-09
-4.49292e-09
-4.33347e-09
-4.17561e-09
-4.01957e-09
-3.86558e-09
-3.71386e-09
-3.56462e-09
-3.41803e-09
-3.27427e-09
-3.1335e-09
-2.99585e-09
-2.86146e-09
-2.73042e-09
-2.60284e-09
-2.4788e-09
-2.35837e-09
-2.2416e-09
-2.12853e-09
-2.01919e-09
-1.9136e-09
-1.81176e-09
-1.71367e-09
-1.6193e-09
-1.52864e-09
-1.44164e-09
-1.35827e-09
-1.27847e-09
-1.20219e-09
-1.12935e-09
-1.05989e-09
-9.93733e-10
-9.30795e-10
-8.70992e-10
-8.14236e-10
-7.60435e-10
-7.09496e-10
-6.61323e-10
-6.15819e-10
-5.72886e-10
-5.32427e-10
-4.94341e-10
-4.58532e-10
-4.24902e-10
-3.93354e-10
-3.63793e-10
-3.36125e-10
-3.10259e-10
-2.86103e-10
-2.6357e-10
-2.42575e-10
-2.23035e-10
-2.04868e-10
-1.87998e-10
-1.72348e-10
-1.57847e-10
-1.44425e-10
-1.32015e-10
-1.20553e-10
-1.0998e-10
-1.00236e-10
-9.12655e-11
-8.30171e-11
-7.54404e-11
-6.84884e-11
-6.21162e-11
-5.6282e-11
-5.0946e-11
-4.60708e-11
-4.16215e-11
-3.75652e-11
-3.38711e-11
-3.05105e-11
-2.74565e-11
-2.4684e-11
-2.21699e-11
-1.98924e-11
-1.78314e-11
-1.59684e-11
-1.4286e-11
-1.27684e-11
-1.14009e-11
-1.01699e-11
-9.06302e-12
-8.0687e-12
-7.17645e-12
-6.37663e-12
-5.66043e-12
-5.01976e-12
-4.44726e-12
-3.93621e-12
-3.48049e-12
-3.07452e-12
-2.71325e-12
-2.3921e-12
-2.1069e-12
-1.8539e-12
-1.62968e-12
-1.43118e-12
-1.25563e-12
-1.10054e-12
-9.63668e-13
-8.42993e-13
-7.36709e-13
-6.43197e-13
-5.61006e-13
-4.88841e-13
-4.25542e-13
-3.70079e-13
-3.2153e-13
-2.79077e-13
-2.41994e-13
-2.09633e-13
-1.81422e-13
-1.56854e-13
-1.35481e-13
-1.16906e-13
-1.00779e-13
-8.67925e-14
-7.46739e-14
-6.41846e-14
-5.51148e-14
-4.72805e-14
-4.05203e-14
-3.46927e-14
-2.96742e-14
-2.53569e-14
-2.16466e-14
-1.84612e-14
-1.57291e-14
-1.33883e-14
-1.13847e-14
-9.67151e-15
-8.20811e-15
-6.95933e-15
-5.89478e-15
-4.9882e-15
-4.21693e-15
-3.56143e-15
-3.00489e-15
-2.53284e-15
-2.13286e-15
-1.7943e-15
-1.508e-15
-1.26615e-15
-1.06205e-15
-8.89979e-16
-7.45059e-16
-6.23128e-16
-5.20643e-16
-4.34589e-16
-3.62404e-16
-3.01914e-16
-2.51275e-16
-2.08926e-16
-1.73544e-16
-1.44014e-16
-1.40002e-09
-1.48886e-09
-1.58179e-09
-1.67888e-09
-1.78019e-09
-1.88577e-09
-1.99567e-09
-2.10991e-09
-2.2285e-09
-2.35147e-09
-2.4788e-09
-2.61048e-09
-2.74647e-09
-2.88672e-09
-3.03117e-09
-3.17974e-09
-3.33234e-09
-3.48885e-09
-3.64915e-09
-3.81309e-09
-3.9805e-09
-4.15121e-09
-4.32502e-09
-4.5017e-09
-4.68103e-09
-4.86275e-09
-5.04659e-09
-5.23227e-09
-5.41949e-09
-5.60793e-09
-5.79726e-09
-5.98713e-09
-6.17718e-09
-6.36704e-09
-6.55634e-09
-6.74467e-09
-6.93164e-09
-7.11684e-09
-7.29985e-09
-7.48026e-09
-7.65765e-09
-7.8316e-09
-8.00167e-09
-8.16746e-09
-8.32855e-09
-8.48453e-09
-8.63499e-09
-8.77954e-09
-8.9178e-09
-9.04939e-09
-9.17396e-09
-9.29117e-09
-9.40069e-09
-9.50222e-09
-9.59547e-09
-9.68018e-09
-9.7561e-09
-9.82302e-09
-9.88075e-09
-9.92911e-09
-9.96797e-09
-9.99722e-09
-1.00168e-08
-1.00266e-08
-1.00266e-08
-1.00168e-08
-9.99722e-09
-9.96797e-09
-9.92911e-09
-9.88075e-09
-9.82302e-09
-9.7561e-09
-9.68018e-09
-9.59547e-09
-9.50222e-09
-9.40069e-09
-9.29117e-09
-9.17396e-09
-9.04939e-09
-8.9178e-09
-8.77954e-09
-8.63499e-09
-8.48453e-09
-8.32855e-09
-8.16746e-09
-8.00167e-09
-7.8316e-09
-7.65765e-09
-7.48026e-09
-7.29985e-09
-7.11684e-09
-6.93164e-09
-6.74467e-09
-6.55634e-09
-6.36704e-09
-6.17718e-09
-5.98713e-09
-5.79726e-09
-5.60793e-09
-5.41949e-09
-5.23227e-09
-5.04659e-09
-4.86275e-09
-4.68103e-09
-4.5017e-09
-4.32502e-09
-4.15121e-09
-3.9805e-09
-3.81309e-09
-3.64915e-09
-3.48885e-09
-3.33234e-09
-3.17974e-09
-3.03117e-09
-2.88672e-09
-2.74647e-09
-2.61048e-09
-2.4788e-09
-2.35147e-09
-2.2285e-09
-2.10991e-09
-1.99567e-09
-1.88577e-09
-1.78019e-09
-1.67888e-09
-1.58179e-09
-1.48886e-09
-1.40002e-09
-1.3152e-09
-1.23431e-09
-1.15726e-09
-1.08397e-09
-1.01432e-09
-9.48227e-10
-8.85572e-10
-8.26251e-10
-7.7015e-10
-7.17158e-10
-6.67161e-10
-6.20043e-10
-5.7569e-10
-5.33989e-10
-4.94824e-10
-4.58085e-10
-4.23659e-10
-3.91438e-10
-3.61315e-10
-3.33184e-10
-3.06944e-10
-2.82494e-10
-2.59738e-10
-2.38581e-10
-2.18935e-10
-2.0071e-10
-1.83822e-10
-1.68191e-10
-1.53739e-10
-1.40392e-10
-1.28078e-10
-1.1673e-10
-1.06284e-10
-9.66784e-11
-8.7855e-11
-7.97588e-11
-7.23381e-11
-6.55438e-11
-5.93296e-11
-5.36522e-11
-4.84708e-11
-4.37469e-11
-3.9445e-11
-3.55313e-11
-3.19747e-11
-2.8746e-11
-2.58182e-11
-2.31659e-11
-2.07657e-11
-1.85961e-11
-1.66369e-11
-1.48696e-11
-1.32771e-11
-1.18435e-11
-1.05544e-11
-9.39649e-12
-8.35741e-12
-7.42598e-12
-6.59191e-12
-5.84582e-12
-5.17911e-12
-4.58396e-12
-4.05324e-12
-3.58046e-12
-3.15975e-12
-2.78575e-12
-2.45361e-12
-2.15897e-12
-1.89786e-12
-1.6667e-12
-1.46226e-12
-1.28165e-12
-1.12225e-12
-9.81716e-13
-8.57942e-13
-7.49041e-13
-6.53325e-13
-5.69284e-13
-4.9557e-13
-4.30979e-13
-3.74441e-13
-3.25003e-13
-2.81816e-13
-2.4413e-13
-2.11277e-13
-1.82666e-13
-1.57776e-13
-1.36144e-13
-1.17364e-13
-1.01075e-13
-8.69622e-14
-7.47468e-14
-6.41846e-14
-5.5061e-14
-4.71883e-14
-4.04017e-14
-3.45574e-14
-2.95297e-14
-2.52088e-14
-2.14991e-14
-1.83175e-14
-1.55915e-14
-1.32582e-14
-1.12631e-14
-9.55884e-15
-8.10456e-15
-6.86483e-15
-5.80906e-15
-4.91087e-15
-4.1475e-15
-3.49937e-15
-2.94964e-15
-2.48385e-15
-2.08957e-15
-1.75616e-15
-1.47451e-15
-1.23682e-15
-1.03643e-15
-8.67666e-16
-7.25671e-16
-6.06321e-16
-5.06105e-16
-4.22042e-16
-3.51597e-16
-2.92625e-16
-2.43307e-16
-2.02103e-16
-1.67713e-16
-1.62882e-09
-1.73217e-09
-1.84029e-09
-1.95325e-09
-2.07112e-09
-2.19395e-09
-2.32181e-09
-2.45471e-09
-2.59269e-09
-2.73576e-09
-2.8839e-09
-3.03709e-09
-3.1953e-09
-3.35847e-09
-3.52653e-09
-3.69938e-09
-3.87692e-09
-4.05901e-09
-4.24551e-09
-4.43624e-09
-4.63101e-09
-4.82962e-09
-5.03183e-09
-5.23739e-09
-5.44602e-09
-5.65744e-09
-5.87133e-09
-6.08735e-09
-6.30517e-09
-6.5244e-09
-6.74467e-09
-6.96557e-09
-7.18668e-09
-7.40757e-09
-7.6278e-09
-7.84691e-09
-8.06443e-09
-8.2799e-09
-8.49282e-09
-8.70272e-09
-8.90909e-09
-9.11147e-09
-9.30934e-09
-9.50222e-09
-9.68964e-09
-9.8711e-09
-1.00462e-08
-1.02143e-08
-1.03752e-08
-1.05283e-08
-1.06732e-08
-1.08096e-08
-1.0937e-08
-1.10551e-08
-1.11636e-08
-1.12622e-08
-1.13505e-08
-1.14283e-08
-1.14955e-08
-1.15518e-08
-1.1597e-08
-1.1631e-08
-1.16537e-08
-1.16651e-08
-1.16651e-08
-1.16537e-08
-1.1631e-08
-1.1597e-08
-1.15518e-08
-1.14955e-08
-1.14283e-08
-1.13505e-08
-1.12622e-08
-1.11636e-08
-1.10551e-08
-1.0937e-08
-1.08096e-08
-1.06732e-08
-1.05283e-08
-1.03752e-08
-1.02143e-08
-1.00462e-08
-9.8711e-09
-9.68964e-09
-9.50222e-09
-9.30934e-09
-9.11147e-09
-8.90909e-09
-8.70272e-09
-8.49282e-09
-8.2799e-09
-8.06443e-09
-7.84691e-09
-7.6278e-09
-7.40757e-09
-7.18668e-09
-6.96557e-09
-6.74467e-09
-6.5244e-09
-6.30517e-09
-6.08735e-09
-5.87133e-09
-5.65744e-09
-5.44602e-09
-5.23739e-09
-5.03183e-09
-4.82962e-09
-4.63101e-09
-4.43624e-09
-4.24551e-09
-4.05901e-09
-3.87692e-09
-3.69938e-09
-3.52653e-09
-3.35847e-09
-3.1953e-09
-3.03709e-09
-2.8839e-09
-2.73576e-09
-2.59269e-09
-2.45471e-09
-2.32181e-09
-2.19395e-09
-2.07112e-09
-1.95325e-09
-1.84029e-09
-1.73217e-09
-1.62882e-09
-1.53013e-09
-1.43602e-09
-1.34639e-09
-1.26111e-09
-1.18009e-09
-1.10319e-09
-1.0303e-09
-9.6128e-10
-8.96011e-10
-8.34359e-10
-7.76191e-10
-7.21373e-10
-6.69772e-10
-6.21255e-10
-5.7569e-10
-5.32947e-10
-4.92895e-10
-4.55409e-10
-4.20362e-10
-3.87634e-10
-3.57105e-10
-3.2866e-10
-3.02185e-10
-2.77571e-10
-2.54714e-10
-2.3351e-10
-2.13863e-10
-1.95678e-10
-1.78864e-10
-1.63335e-10
-1.49009e-10
-1.35807e-10
-1.23654e-10
-1.12478e-10
-1.02213e-10
-9.27933e-11
-8.41599e-11
-7.62552e-11
-6.90255e-11
-6.24203e-11
-5.6392e-11
-5.08962e-11
-4.58912e-11
-4.1338e-11
-3.72001e-11
-3.34438e-11
-3.00375e-11
-2.69517e-11
-2.41594e-11
-2.16352e-11
-1.93558e-11
-1.72997e-11
-1.54469e-11
-1.3779e-11
-1.22793e-11
-1.09321e-11
-9.72321e-12
-8.63956e-12
-7.66919e-12
-6.80116e-12
-6.0255e-12
-5.33308e-12
-4.71563e-12
-4.1656e-12
-3.67612e-12
-3.241e-12
-2.85459e-12
-2.5118e-12
-2.20801e-12
-1.93907e-12
-1.70123e-12
-1.4911e-12
-1.30565e-12
-1.14215e-12
-9.9815e-13
-8.71452e-13
-7.60094e-13
-6.62319e-13
-5.76558e-13
-5.01411e-13
-4.35634e-13
-3.78116e-13
-3.27872e-13
-2.84027e-13
-2.45804e-13
-2.12518e-13
-1.8356e-13
-1.58394e-13
-1.36544e-13
-1.17593e-13
-1.01174e-13
-8.69622e-14
-7.46739e-14
-6.40593e-14
-5.49e-14
-4.70043e-14
-4.02049e-14
-3.43555e-14
-2.93285e-14
-2.50126e-14
-2.1311e-14
-1.81395e-14
-1.54249e-14
-1.31037e-14
-1.1121e-14
-9.42904e-15
-7.98671e-15
-6.7584e-15
-5.71342e-15
-4.8253e-15
-4.07125e-15
-3.43169e-15
-2.88977e-15
-2.43106e-15
-2.04316e-15
-1.71548e-15
-1.43895e-15
-1.20581e-15
-1.00946e-15
-8.44262e-16
-7.05408e-16
-5.88815e-16
-4.91013e-16
-4.09057e-16
-3.40447e-16
-2.83069e-16
-2.35131e-16
-1.95121e-16
-1.89315e-09
-2.01329e-09
-2.13895e-09
-2.27024e-09
-2.40724e-09
-2.55001e-09
-2.69861e-09
-2.85308e-09
-3.01346e-09
-3.17974e-09
-3.35192e-09
-3.52998e-09
-3.71386e-09
-3.90351e-09
-4.09885e-09
-4.29975e-09
-4.5061e-09
-4.71774e-09
-4.9345e-09
-5.15619e-09
-5.38257e-09
-5.61341e-09
-5.84844e-09
-6.08735e-09
-6.32985e-09
-6.57557e-09
-6.82417e-09
-7.07526e-09
-7.32842e-09
-7.58323e-09
-7.83925e-09
-8.096e-09
-8.35299e-09
-8.60973e-09
-8.8657e-09
-9.12037e-09
-9.37319e-09
-9.62363e-09
-9.8711e-09
-1.01151e-08
-1.03549e-08
-1.05901e-08
-1.08201e-08
-1.10443e-08
-1.12622e-08
-1.14731e-08
-1.16765e-08
-1.1872e-08
-1.20589e-08
-1.22369e-08
-1.24053e-08
-1.25638e-08
-1.27119e-08
-1.28492e-08
-1.29753e-08
-1.30899e-08
-1.31925e-08
-1.3283e-08
-1.33611e-08
-1.34265e-08
-1.3479e-08
-1.35186e-08
-1.3545e-08
-1.35582e-08
-1.35582e-08
-1.3545e-08
-1.35186e-08
-1.3479e-08
-1.34265e-08
-1.33611e-08
-1.3283e-08
-1.31925e-08
-1.30899e-08
-1.29753e-08
-1.28492e-08
-1.27119e-08
-1.25638e-08
-1.24053e-08
-1.22369e-08
-1.20589e-08
-1.1872e-08
-1.16765e-08
-1.14731e-08
-1.12622e-08
-1.10443e-08
-1.08201e-08
-1.05901e-08
-1.03549e-08
-1.01151e-08
-9.8711e-09
-9.62363e-09
-9.37319e-09
-9.12037e-09
-8.8657e-09
-8.60973e-09
-8.35299e-09
-8.096e-09
-7.83925e-09
-7.58323e-09
-7.32842e-09
-7.07526e-09
-6.82417e-09
-6.57557e-09
-6.32985e-09
-6.08735e-09
-5.84844e-09
-5.61341e-09
-5.38257e-09
-5.15619e-09
-4.9345e-09
-4.71774e-09
-4.5061e-09
-4.29975e-09
-4.09885e-09
-3.90351e-09
-3.71386e-09
-3.52998e-09
-3.35192e-09
-3.17974e-09
-3.01346e-09
-2.85308e-09
-2.69861e-09
-2.55001e-09
-2.40724e-09
-2.27024e-09
-2.13895e-09
-2.01329e-09
-1.89315e-09
-1.77845e-09
-1.66907e-09
-1.56489e-09
-1.46578e-09
-1.3716e-09
-1.28222e-09
-1.1975e-09
-1.11728e-09
-1.04142e-09
-9.69766e-10
-9.02157e-10
-8.38443e-10
-7.78468e-10
-7.22078e-10
-6.69118e-10
-6.19438e-10
-5.72886e-10
-5.29316e-10
-4.88582e-10
-4.50543e-10
-4.15059e-10
-3.81997e-10
-3.51226e-10
-3.22618e-10
-2.96051e-10
-2.71406e-10
-2.4857e-10
-2.27434e-10
-2.07891e-10
-1.89843e-10
-1.73192e-10
-1.57847e-10
-1.43721e-10
-1.30732e-10
-1.188e-10
-1.07853e-10
-9.78181e-11
-8.86305e-11
-8.02275e-11
-7.25504e-11
-6.55438e-11
-5.91561e-11
-5.33388e-11
-4.80466e-11
-4.32373e-11
-3.88714e-11
-3.49122e-11
-3.13257e-11
-2.80801e-11
-2.51463e-11
-2.2497e-11
-2.01072e-11
-1.79537e-11
-1.60152e-11
-1.42721e-11
-1.27062e-11
-1.13012e-11
-1.00417e-11
-8.91381e-12
-7.90491e-12
-7.00336e-12
-6.19858e-12
-5.48092e-12
-4.84162e-12
-4.27272e-12
-3.76698e-12
-3.31786e-12
-2.91944e-12
-2.56635e-12
-2.25376e-12
-1.97732e-12
-1.73309e-12
-1.51754e-12
-1.32751e-12
-1.16014e-12
-1.01288e-12
-8.83449e-13
-7.69805e-13
-6.70126e-13
-5.82785e-13
-5.06332e-13
-4.39479e-13
-3.81081e-13
-3.30121e-13
-2.85696e-13
-2.47008e-13
-2.1335e-13
-1.84099e-13
-1.58703e-13
-1.36677e-13
-1.17593e-13
-1.01075e-13
-8.67925e-14
-7.44554e-14
-6.38096e-14
-5.46326e-14
-4.67297e-14
-3.9931e-14
-3.40882e-14
-2.90719e-14
-2.47695e-14
-2.10833e-14
-1.79282e-14
-1.52303e-14
-1.29258e-14
-1.09593e-14
-9.28285e-15
-7.85521e-15
-6.64064e-15
-5.60839e-15
-4.73197e-15
-3.98861e-15
-3.35875e-15
-2.82559e-15
-2.37474e-15
-1.99388e-15
-1.67247e-15
-1.4015e-15
-1.17329e-15
-9.81276e-16
-8.19887e-16
-6.84373e-16
-5.70699e-16
-4.75442e-16
-3.95698e-16
-3.29008e-16
-2.7329e-16
-2.26787e-16
-2.19824e-09
-2.33773e-09
-2.48365e-09
-2.6361e-09
-2.79517e-09
-2.96095e-09
-3.1335e-09
-3.31287e-09
-3.49909e-09
-3.69217e-09
-3.8921e-09
-4.09885e-09
-4.31237e-09
-4.53258e-09
-4.75939e-09
-4.99267e-09
-5.23227e-09
-5.47802e-09
-5.72972e-09
-5.98713e-09
-6.24999e-09
-6.51803e-09
-6.79093e-09
-7.06835e-09
-7.34992e-09
-7.63525e-09
-7.92391e-09
-8.21546e-09
-8.50942e-09
-8.8053e-09
-9.10257e-09
-9.40069e-09
-9.6991e-09
-9.99722e-09
-1.02944e-08
-1.05901e-08
-1.08837e-08
-1.11745e-08
-1.14619e-08
-1.17451e-08
-1.20237e-08
-1.22968e-08
-1.25638e-08
-1.28242e-08
-1.30771e-08
-1.3322e-08
-1.35582e-08
-1.37852e-08
-1.40023e-08
-1.42089e-08
-1.44045e-08
-1.45885e-08
-1.47605e-08
-1.49199e-08
-1.50663e-08
-1.51993e-08
-1.53186e-08
-1.54236e-08
-1.55143e-08
-1.55902e-08
-1.56512e-08
-1.56971e-08
-1.57278e-08
-1.57432e-08
-1.57432e-08
-1.57278e-08
-1.56971e-08
-1.56512e-08
-1.55902e-08
-1.55143e-08
-1.54236e-08
-1.53186e-08
-1.51993e-08
-1.50663e-08
-1.49199e-08
-1.47605e-08
-1.45885e-08
-1.44045e-08
-1.42089e-08
-1.40023e-08
-1.37852e-08
-1.35582e-08
-1.3322e-08
-1.30771e-08
-1.28242e-08
-1.25638e-08
-1.22968e-08
-1.20237e-08
-1.17451e-08
-1.14619e-08
-1.11745e-08
-1.08837e-08
-1.05901e-08
-1.02944e-08
-9.99722e-09
-9.6991e-09
-9.40069e-09
-9.10257e-09
-8.8053e-09
-8.50942e-09
-8.21546e-09
-7.92391e-09
-7.63525e-09
-7.34992e-09
-7.06835e-09
-6.79093e-09
-6.51803e-09
-6.24999e-09
-5.98713e-09
-5.72972e-09
-5.47802e-09
-5.23227e-09
-4.99267e-09
-4.75939e-09
-4.53258e-09
-4.31237e-09
-4.09885e-09
-3.8921e-09
-3.69217e-09
-3.49909e-09
-3.31287e-09
-3.1335e-09
-2.96095e-09
-2.79517e-09
-2.6361e-09
-2.48365e-09
-2.33773e-09
-2.19824e-09
-2.06506e-09
-1.93805e-09
-1.81708e-09
-1.70199e-09
-1.59264e-09
-1.48886e-09
-1.39048e-09
-1.29734e-09
-1.20925e-09
-1.12605e-09
-1.04754e-09
-9.73561e-10
-9.03921e-10
-8.38443e-10
-7.76949e-10
-7.19262e-10
-6.65209e-10
-6.14617e-10
-5.67319e-10
-5.23149e-10
-4.81948e-10
-4.43558e-10
-4.07827e-10
-3.74609e-10
-3.4376e-10
-3.15144e-10
-2.88629e-10
-2.64086e-10
-2.41394e-10
-2.20436e-10
-2.01102e-10
-1.83284e-10
-1.66882e-10
-1.518e-10
-1.37946e-10
-1.25233e-10
-1.13582e-10
-1.02914e-10
-9.31565e-11
-8.42421e-11
-7.61064e-11
-6.86893e-11
-6.19345e-11
-5.57895e-11
-5.02051e-11
-4.51356e-11
-4.05384e-11
-3.63739e-11
-3.26053e-11
-2.91987e-11
-2.61225e-11
-2.33475e-11
-2.0847e-11
-1.85961e-11
-1.65721e-11
-1.47539e-11
-1.31224e-11
-1.16599e-11
-1.03503e-11
-9.17882e-12
-8.13198e-12
-7.1975e-12
-6.36419e-12
-5.62187e-12
-4.96128e-12
-4.37404e-12
-3.85255e-12
-3.38991e-12
-2.97993e-12
-2.61697e-12
-2.29597e-12
-2.01238e-12
-1.7621e-12
-1.54144e-12
-1.3471e-12
-1.17611e-12
-1.02582e-12
-8.93862e-13
-7.78119e-13
-6.76702e-13
-5.87929e-13
-5.10303e-13
-4.42494e-13
-3.83321e-13
-3.31737e-13
-2.86814e-13
-2.47732e-13
-2.13767e-13
-1.84279e-13
-1.58703e-13
-1.36544e-13
-1.17364e-13
-1.00779e-13
-8.64542e-14
-7.40927e-14
-6.34368e-14
-5.42604e-14
-4.63661e-14
-3.95816e-14
-3.37569e-14
-2.87612e-14
-2.4481e-14
-2.08173e-14
-1.76847e-14
-1.50088e-14
-1.27254e-14
-1.07788e-14
-9.12111e-15
-7.7108e-15
-6.5122e-15
-5.49454e-15
-4.63139e-15
-3.90002e-15
-3.28094e-15
-2.75744e-15
-2.3152e-15
-1.942e-15
-1.62736e-15
-1.36237e-15
-1.13941e-15
-9.52015e-16
-7.94662e-16
-6.62669e-16
-5.52061e-16
-4.59466e-16
-3.82028e-16
-3.17332e-16
-2.63334e-16
-2.55001e-09
-2.71182e-09
-2.88108e-09
-3.05793e-09
-3.24245e-09
-3.43476e-09
-3.63492e-09
-3.843e-09
-4.05901e-09
-4.28299e-09
-4.51491e-09
-4.75474e-09
-5.00243e-09
-5.25789e-09
-5.52099e-09
-5.7916e-09
-6.06954e-09
-6.35462e-09
-6.64659e-09
-6.94519e-09
-7.25012e-09
-7.56105e-09
-7.87762e-09
-8.19943e-09
-8.52606e-09
-8.85705e-09
-9.1919e-09
-9.5301e-09
-9.8711e-09
-1.02143e-08
-1.05592e-08
-1.0905e-08
-1.12512e-08
-1.1597e-08
-1.19418e-08
-1.22848e-08
-1.26253e-08
-1.29627e-08
-1.3296e-08
-1.36246e-08
-1.39477e-08
-1.42645e-08
-1.45743e-08
-1.48763e-08
-1.51697e-08
-1.54538e-08
-1.57278e-08
-1.59911e-08
-1.62429e-08
-1.64826e-08
-1.67095e-08
-1.6923e-08
-1.71225e-08
-1.73074e-08
-1.74773e-08
-1.76315e-08
-1.77698e-08
-1.78917e-08
-1.79969e-08
-1.8085e-08
-1.81557e-08
-1.8209e-08
-1.82446e-08
-1.82624e-08
-1.82624e-08
-1.82446e-08
-1.8209e-08
-1.81557e-08
-1.8085e-08
-1.79969e-08
-1.78917e-08
-1.77698e-08
-1.76315e-08
-1.74773e-08
-1.73074e-08
-1.71225e-08
-1.6923e-08
-1.67095e-08
-1.64826e-08
-1.62429e-08
-1.59911e-08
-1.57278e-08
-1.54538e-08
-1.51697e-08
-1.48763e-08
-1.45743e-08
-1.42645e-08
-1.39477e-08
-1.36246e-08
-1.3296e-08
-1.29627e-08
-1.26253e-08
-1.22848e-08
-1.19418e-08
-1.1597e-08
-1.12512e-08
-1.0905e-08
-1.05592e-08
-1.02143e-08
-9.8711e-09
-9.5301e-09
-9.1919e-09
-8.85705e-09
-8.52606e-09
-8.19943e-09
-7.87762e-09
-7.56105e-09
-7.25012e-09
-6.94519e-09
-6.64659e-09
-6.35462e-09
-6.06954e-09
-5.7916e-09
-5.52099e-09
-5.25789e-09
-5.00243e-09
-4.75474e-09
-4.51491e-09
-4.28299e-09
-4.05901e-09
-3.843e-09
-3.63492e-09
-3.43476e-09
-3.24245e-09
-3.05793e-09
-2.88108e-09
-2.71182e-09
-2.55001e-09
-2.39551e-09
-2.24818e-09
-2.10785e-09
-1.97434e-09
-1.84749e-09
-1.72711e-09
-1.61299e-09
-1.50494e-09
-1.40276e-09
-1.30624e-09
-1.21517e-09
-1.12935e-09
-1.04857e-09
-9.72611e-10
-9.01277e-10
-8.34359e-10
-7.71656e-10
-7.12969e-10
-6.58101e-10
-6.06864e-10
-5.59069e-10
-5.14536e-10
-4.73088e-10
-4.34554e-10
-3.98769e-10
-3.65574e-10
-3.34815e-10
-3.06345e-10
-2.80022e-10
-2.55711e-10
-2.33282e-10
-2.12614e-10
-1.93587e-10
-1.76091e-10
-1.6002e-10
-1.45273e-10
-1.31757e-10
-1.19382e-10
-1.08063e-10
-9.77226e-11
-8.8285e-11
-7.9681e-11
-7.18453e-11
-6.4717e-11
-5.8239e-11
-5.23582e-11
-4.70254e-11
-4.21945e-11
-3.78229e-11
-3.38711e-11
-3.03026e-11
-2.70836e-11
-2.4183e-11
-2.15719e-11
-1.92239e-11
-1.71148e-11
-1.52222e-11
-1.35257e-11
-1.20066e-11
-1.06476e-11
-9.43326e-12
-8.34925e-12
-7.38259e-12
-6.52148e-12
-5.75519e-12
-5.07398e-12
-4.46903e-12
-3.93237e-12
-3.45677e-12
-3.03573e-12
-2.66337e-12
-2.33441e-12
-2.04407e-12
-1.7881e-12
-1.56266e-12
-1.36431e-12
-1.18997e-12
-1.0369e-12
-9.02634e-13
-7.84989e-13
-6.8201e-13
-5.91962e-13
-5.13302e-13
-4.4466e-13
-3.84821e-13
-3.3271e-13
-2.87375e-13
-2.47974e-13
-2.13767e-13
-1.84099e-13
-1.58394e-13
-1.36144e-13
-1.16906e-13
-1.00289e-13
-8.59491e-14
-7.3588e-14
-6.29431e-14
-5.37856e-14
-4.59155e-14
-3.91587e-14
-3.33636e-14
-2.83984e-14
-2.41485e-14
-2.05146e-14
-1.74105e-14
-1.47617e-14
-1.25037e-14
-1.05807e-14
-8.94469e-15
-7.55428e-15
-6.37378e-15
-5.3725e-15
-4.5241e-15
-3.80596e-15
-3.19868e-15
-2.68568e-15
-2.25275e-15
-1.88777e-15
-1.58037e-15
-1.32174e-15
-1.10436e-15
-9.21824e-16
-7.6871e-16
-6.40402e-16
-5.3299e-16
-4.43161e-16
-3.68111e-16
-3.05473e-16
-2.95517e-09
-3.14269e-09
-3.33885e-09
-3.54379e-09
-3.75764e-09
-3.9805e-09
-4.21247e-09
-4.4536e-09
-4.70394e-09
-4.9635e-09
-5.23227e-09
-5.51022e-09
-5.79726e-09
-6.0933e-09
-6.39821e-09
-6.71182e-09
-7.03392e-09
-7.36429e-09
-7.70265e-09
-8.0487e-09
-8.40208e-09
-8.76241e-09
-9.12928e-09
-9.50222e-09
-9.88075e-09
-1.02643e-08
-1.06524e-08
-1.10443e-08
-1.14395e-08
-1.18373e-08
-1.22369e-08
-1.26377e-08
-1.30388e-08
-1.34396e-08
-1.38392e-08
-1.42367e-08
-1.46313e-08
-1.50223e-08
-1.54086e-08
-1.57894e-08
-1.61638e-08
-1.6531e-08
-1.689e-08
-1.72399e-08
-1.758e-08
-1.79092e-08
-1.82268e-08
-1.85319e-08
-1.88238e-08
-1.91015e-08
-1.93645e-08
-1.96119e-08
-1.98431e-08
-2.00574e-08
-2.02542e-08
-2.0433e-08
-2.05932e-08
-2.07345e-08
-2.08564e-08
-2.09584e-08
-2.10405e-08
-2.11022e-08
-2.11435e-08
-2.11641e-08
-2.11641e-08
-2.11435e-08
-2.11022e-08
-2.10405e-08
-2.09584e-08
-2.08564e-08
-2.07345e-08
-2.05932e-08
-2.0433e-08
-2.02542e-08
-2.00574e-08
-1.98431e-08
-1.96119e-08
-1.93645e-08
-1.91015e-08
-1.88238e-08
-1.85319e-08
-1.82268e-08
-1.79092e-08
-1.758e-08
-1.72399e-08
-1.689e-08
-1.6531e-08
-1.61638e-08
-1.57894e-08
-1.54086e-08
-1.50223e-08
-1.46313e-08
-1.42367e-08
-1.38392e-08
-1.34396e-08
-1.30388e-08
-1.26377e-08
-1.22369e-08
-1.18373e-08
-1.14395e-08
-1.10443e-08
-1.06524e-08
-1.02643e-08
-9.88075e-09
-9.50222e-09
-9.12928e-09
-8.76241e-09
-8.40208e-09
-8.0487e-09
-7.70265e-09
-7.36429e-09
-7.03392e-09
-6.71182e-09
-6.39821e-09
-6.0933e-09
-5.79726e-09
-5.51022e-09
-5.23227e-09
-4.9635e-09
-4.70394e-09
-4.4536e-09
-4.21247e-09
-3.9805e-09
-3.75764e-09
-3.54379e-09
-3.33885e-09
-3.14269e-09
-2.95517e-09
-2.77613e-09
-2.60538e-09
-2.44276e-09
-2.28804e-09
-2.14104e-09
-2.00152e-09
-1.86927e-09
-1.74406e-09
-1.62564e-09
-1.51378e-09
-1.40825e-09
-1.30879e-09
-1.21517e-09
-1.12715e-09
-1.04448e-09
-9.66929e-10
-8.94263e-10
-8.26251e-10
-7.62666e-10
-7.03287e-10
-6.47899e-10
-5.9629e-10
-5.48256e-10
-5.03599e-10
-4.62129e-10
-4.23659e-10
-3.88013e-10
-3.55019e-10
-3.24514e-10
-2.9634e-10
-2.70348e-10
-2.46395e-10
-2.24346e-10
-2.0407e-10
-1.85445e-10
-1.68356e-10
-1.52692e-10
-1.3835e-10
-1.25233e-10
-1.1325e-10
-1.02312e-10
-9.23413e-11
-8.32607e-11
-7.49997e-11
-6.74924e-11
-6.06773e-11
-5.44971e-11
-4.88986e-11
-4.38325e-11
-3.92528e-11
-3.51173e-11
-3.13869e-11
-2.80253e-11
-2.49994e-11
-2.22784e-11
-1.98342e-11
-1.76409e-11
-1.56748e-11
-1.39143e-11
-1.23394e-11
-1.09321e-11
-9.67585e-12
-8.5556e-12
-7.55767e-12
-6.66962e-12
-5.88017e-12
-5.17911e-12
-4.55717e-12
-4.00601e-12
-3.51807e-12
-3.08655e-12
-2.70532e-12
-2.36885e-12
-2.07221e-12
-1.81095e-12
-1.58108e-12
-1.37904e-12
-1.20165e-12
-1.04605e-12
-9.09714e-13
-7.90373e-13
-6.86018e-13
-5.9486e-13
-5.15311e-13
-4.45965e-13
-3.85573e-13
-3.33035e-13
-2.87375e-13
-2.47732e-13
-2.1335e-13
-1.8356e-13
-1.57776e-13
-1.35481e-13
-1.16223e-13
-9.96054e-14
-8.52802e-14
-7.2944e-14
-6.23314e-14
-5.32109e-14
-4.53805e-14
-3.86647e-14
-3.29106e-14
-2.79855e-14
-2.37741e-14
-2.01769e-14
-1.71072e-14
-1.44903e-14
-1.22618e-14
-1.03659e-14
-8.75457e-15
-7.3865e-15
-6.22613e-15
-5.24293e-15
-4.41068e-15
-3.70692e-15
-3.1124e-15
-2.61069e-15
-2.18771e-15
-1.83148e-15
-1.53175e-15
-1.27983e-15
-1.06829e-15
-8.90849e-16
-7.42154e-16
-6.17676e-16
-5.13573e-16
-4.266e-16
-3.54009e-16
-3.42137e-09
-3.63848e-09
-3.86558e-09
-4.10285e-09
-4.35043e-09
-4.60846e-09
-4.87702e-09
-5.15619e-09
-5.44602e-09
-5.74653e-09
-6.0577e-09
-6.37949e-09
-6.71182e-09
-7.05456e-09
-7.40757e-09
-7.77065e-09
-8.14357e-09
-8.52606e-09
-8.9178e-09
-9.31843e-09
-9.72756e-09
-1.01447e-08
-1.05695e-08
-1.10013e-08
-1.14395e-08
-1.18836e-08
-1.23329e-08
-1.27866e-08
-1.32442e-08
-1.37047e-08
-1.41673e-08
-1.46313e-08
-1.50958e-08
-1.55598e-08
-1.60224e-08
-1.64826e-08
-1.69395e-08
-1.73921e-08
-1.78394e-08
-1.82803e-08
-1.87138e-08
-1.91389e-08
-1.95545e-08
-1.99597e-08
-2.03533e-08
-2.07345e-08
-2.11022e-08
-2.14555e-08
-2.17933e-08
-2.21149e-08
-2.24193e-08
-2.27058e-08
-2.29734e-08
-2.32215e-08
-2.34494e-08
-2.36564e-08
-2.3842e-08
-2.40055e-08
-2.41466e-08
-2.42648e-08
-2.43597e-08
-2.44312e-08
-2.4479e-08
-2.45029e-08
-2.45029e-08
-2.4479e-08
-2.44312e-08
-2.43597e-08
-2.42648e-08
-2.41466e-08
-2.40055e-08
-2.3842e-08
-2.36564e-08
-2.34494e-08
-2.32215e-08
-2.29734e-08
-2.27058e-08
-2.24193e-08
-2.21149e-08
-2.17933e-08
-2.14555e-08
-2.11022e-08
-2.07345e-08
-2.03533e-08
-1.99597e-08
-1.95545e-08
-1.91389e-08
-1.87138e-08
-1.82803e-08
-1.78394e-08
-1.73921e-08
-1.69395e-08
-1.64826e-08
-1.60224e-08
-1.55598e-08
-1.50958e-08
-1.46313e-08
-1.41673e-08
-1.37047e-08
-1.32442e-08
-1.27866e-08
-1.23329e-08
-1.18836e-08
-1.14395e-08
-1.10013e-08
-1.05695e-08
-1.01447e-08
-9.72756e-09
-9.31843e-09
-8.9178e-09
-8.52606e-09
-8.14357e-09
-7.77065e-09
-7.40757e-09
-7.05456e-09
-6.71182e-09
-6.37949e-09
-6.0577e-09
-5.74653e-09
-5.44602e-09
-5.15619e-09
-4.87702e-09
-4.60846e-09
-4.35043e-09
-4.10285e-09
-3.86558e-09
-3.63848e-09
-3.42137e-09
-3.21408e-09
-3.0164e-09
-2.82812e-09
-2.649e-09
-2.4788e-09
-2.31728e-09
-2.16416e-09
-2.01919e-09
-1.88209e-09
-1.75259e-09
-1.63041e-09
-1.51526e-09
-1.40687e-09
-1.30496e-09
-1.20925e-09
-1.11947e-09
-1.03534e-09
-9.56597e-10
-8.82982e-10
-8.14236e-10
-7.50109e-10
-6.90358e-10
-6.34747e-10
-5.83046e-10
-5.35033e-10
-4.90494e-10
-4.49225e-10
-4.11026e-10
-3.75708e-10
-3.4309e-10
-3.12997e-10
-2.85266e-10
-2.59738e-10
-2.36263e-10
-2.147e-10
-1.94915e-10
-1.7678e-10
-1.60176e-10
-1.4499e-10
-1.31115e-10
-1.18453e-10
-1.06909e-10
-9.63956e-11
-8.68314e-11
-7.81398e-11
-7.02496e-11
-6.30944e-11
-5.66127e-11
-5.07473e-11
-4.54452e-11
-4.06573e-11
-3.63384e-11
-3.24465e-11
-2.89432e-11
-2.5793e-11
-2.29631e-11
-2.04238e-11
-1.81476e-11
-1.61093e-11
-1.4286e-11
-1.26567e-11
-1.12023e-11
-9.9053e-12
-8.74994e-12
-7.72179e-12
-6.80781e-12
-5.99615e-12
-5.2761e-12
-4.63799e-12
-4.07307e-12
-3.57348e-12
-3.1321e-12
-2.74256e-12
-2.39912e-12
-2.09664e-12
-1.83051e-12
-1.5966e-12
-1.39122e-12
-1.21107e-12
-1.05323e-12
-9.1506e-13
-7.94242e-13
-6.88703e-13
-5.96605e-13
-5.16318e-13
-4.464e-13
-3.85573e-13
-3.3271e-13
-2.86814e-13
-2.47008e-13
-2.12518e-13
-1.82666e-13
-1.56854e-13
-1.34558e-13
-1.15319e-13
-9.87338e-14
-8.44515e-14
-7.21647e-14
-6.16053e-14
-5.25396e-14
-4.47643e-14
-3.81024e-14
-3.24003e-14
-2.75247e-14
-2.33599e-14
-1.98059e-14
-1.67763e-14
-1.41962e-14
-1.20012e-14
-1.01357e-14
-8.55177e-15
-7.20835e-15
-6.07004e-15
-5.10649e-15
-4.29171e-15
-3.60341e-15
-3.02254e-15
-2.53284e-15
-2.1204e-15
-1.77339e-15
-1.48173e-15
-1.23682e-15
-1.03139e-15
-8.59234e-16
-7.15118e-16
-5.94593e-16
-4.93899e-16
-4.09857e-16
-3.95725e-09
-4.20836e-09
-4.47103e-09
-4.74547e-09
-5.03183e-09
-5.33026e-09
-5.64089e-09
-5.96379e-09
-6.29901e-09
-6.64659e-09
-7.0065e-09
-7.37869e-09
-7.76307e-09
-8.15949e-09
-8.56779e-09
-8.98774e-09
-9.41907e-09
-9.86147e-09
-1.03146e-08
-1.07779e-08
-1.12512e-08
-1.17337e-08
-1.22249e-08
-1.27244e-08
-1.32312e-08
-1.37449e-08
-1.42645e-08
-1.47894e-08
-1.53186e-08
-1.58512e-08
-1.63863e-08
-1.6923e-08
-1.74602e-08
-1.79969e-08
-1.85319e-08
-1.90642e-08
-1.95927e-08
-2.01162e-08
-2.06335e-08
-2.11435e-08
-2.16449e-08
-2.21365e-08
-2.26173e-08
-2.30859e-08
-2.35412e-08
-2.39821e-08
-2.44074e-08
-2.4816e-08
-2.52067e-08
-2.55787e-08
-2.59308e-08
-2.62621e-08
-2.65717e-08
-2.68587e-08
-2.71222e-08
-2.73617e-08
-2.75763e-08
-2.77654e-08
-2.79286e-08
-2.80653e-08
-2.81751e-08
-2.82578e-08
-2.8313e-08
-2.83407e-08
-2.83407e-08
-2.8313e-08
-2.82578e-08
-2.81751e-08
-2.80653e-08
-2.79286e-08
-2.77654e-08
-2.75763e-08
-2.73617e-08
-2.71222e-08
-2.68587e-08
-2.65717e-08
-2.62621e-08
-2.59308e-08
-2.55787e-08
-2.52067e-08
-2.4816e-08
-2.44074e-08
-2.39821e-08
-2.35412e-08
-2.30859e-08
-2.26173e-08
-2.21365e-08
-2.16449e-08
-2.11435e-08
-2.06335e-08
-2.01162e-08
-1.95927e-08
-1.90642e-08
-1.85319e-08
-1.79969e-08
-1.74602e-08
-1.6923e-08
-1.63863e-08
-1.58512e-08
-1.53186e-08
-1.47894e-08
-1.42645e-08
-1.37449e-08
-1.32312e-08
-1.27244e-08
-1.22249e-08
-1.17337e-08
-1.12512e-08
-1.07779e-08
-1.03146e-08
-9.86147e-09
-9.41907e-09
-8.98774e-09
-8.56779e-09
-8.15949e-09
-7.76307e-09
-7.37869e-09
-7.0065e-09
-6.64659e-09
-6.29901e-09
-5.96379e-09
-5.64089e-09
-5.33026e-09
-5.03183e-09
-4.74547e-09
-4.47103e-09
-4.20836e-09
-3.95725e-09
-3.71749e-09
-3.48885e-09
-3.27108e-09
-3.0639e-09
-2.86705e-09
-2.68023e-09
-2.50313e-09
-2.33545e-09
-2.17688e-09
-2.0271e-09
-1.88577e-09
-1.75259e-09
-1.62723e-09
-1.50935e-09
-1.39865e-09
-1.29481e-09
-1.1975e-09
-1.10643e-09
-1.02128e-09
-9.41767e-10
-8.67596e-10
-7.98487e-10
-7.34165e-10
-6.74366e-10
-6.18833e-10
-5.67319e-10
-5.19585e-10
-4.75403e-10
-4.34554e-10
-3.96827e-10
-3.62021e-10
-3.29946e-10
-3.00419e-10
-2.73268e-10
-2.48328e-10
-2.25444e-10
-2.04468e-10
-1.85264e-10
-1.67699e-10
-1.51652e-10
-1.37006e-10
-1.23654e-10
-1.11494e-10
-1.00432e-10
-9.03786e-11
-8.12526e-11
-7.29767e-11
-6.54798e-11
-5.86957e-11
-5.25632e-11
-4.70254e-11
-4.203e-11
-3.75285e-11
-3.34765e-11
-2.98328e-11
-2.65598e-11
-2.36228e-11
-2.099e-11
-1.86325e-11
-1.65236e-11
-1.46391e-11
-1.29569e-11
-1.14567e-11
-1.01204e-11
-8.93123e-12
-7.87409e-12
-6.9353e-12
-6.10248e-12
-5.36442e-12
-4.71103e-12
-4.13318e-12
-3.62267e-12
-3.17211e-12
-2.77488e-12
-2.42503e-12
-2.11721e-12
-1.84667e-12
-1.60912e-12
-1.40076e-12
-1.21819e-12
-1.05838e-12
-9.18641e-13
-7.96572e-13
-6.90049e-13
-5.97188e-13
-5.16318e-13
-4.45965e-13
-3.84821e-13
-3.31737e-13
-2.85696e-13
-2.45804e-13
-2.11277e-13
-1.81422e-13
-1.55634e-13
-1.33381e-13
-1.14198e-13
-9.76788e-14
-8.34676e-14
-7.12543e-14
-6.07687e-14
-5.17756e-14
-4.40703e-14
-3.74751e-14
-3.18358e-14
-2.70187e-14
-2.29081e-14
-1.94039e-14
-1.64197e-14
-1.38809e-14
-1.17232e-14
-9.8912e-15
-8.33737e-15
-7.02077e-15
-5.90631e-15
-4.9639e-15
-4.1678e-15
-3.49596e-15
-2.92955e-15
-2.45252e-15
-2.05116e-15
-1.7138e-15
-1.43054e-15
-1.19293e-15
-9.93813e-16
-8.27125e-16
-6.87722e-16
-5.71257e-16
-4.74051e-16
-4.57259e-09
-4.86275e-09
-5.16627e-09
-5.48338e-09
-5.81427e-09
-6.15911e-09
-6.51803e-09
-6.89114e-09
-7.2785e-09
-7.68012e-09
-8.096e-09
-8.52606e-09
-8.97021e-09
-9.42828e-09
-9.90007e-09
-1.03853e-08
-1.08837e-08
-1.13949e-08
-1.19185e-08
-1.24539e-08
-1.30007e-08
-1.35582e-08
-1.41259e-08
-1.4703e-08
-1.52887e-08
-1.58822e-08
-1.64826e-08
-1.70891e-08
-1.77006e-08
-1.8316e-08
-1.89344e-08
-1.95545e-08
-2.01752e-08
-2.07953e-08
-2.14136e-08
-2.20287e-08
-2.26394e-08
-2.32442e-08
-2.3842e-08
-2.44312e-08
-2.50106e-08
-2.55787e-08
-2.61342e-08
-2.66757e-08
-2.72018e-08
-2.77112e-08
-2.82027e-08
-2.86748e-08
-2.91263e-08
-2.95561e-08
-2.9963e-08
-3.03458e-08
-3.07035e-08
-3.10351e-08
-3.13397e-08
-3.16163e-08
-3.18643e-08
-3.20829e-08
-3.22714e-08
-3.24294e-08
-3.25563e-08
-3.26518e-08
-3.27157e-08
-3.27476e-08
-3.27476e-08
-3.27157e-08
-3.26518e-08
-3.25563e-08
-3.24294e-08
-3.22714e-08
-3.20829e-08
-3.18643e-08
-3.16163e-08
-3.13397e-08
-3.10351e-08
-3.07035e-08
-3.03458e-08
-2.9963e-08
-2.95561e-08
-2.91263e-08
-2.86748e-08
-2.82027e-08
-2.77112e-08
-2.72018e-08
-2.66757e-08
-2.61342e-08
-2.55787e-08
-2.50106e-08
-2.44312e-08
-2.3842e-08
-2.32442e-08
-2.26394e-08
-2.20287e-08
-2.14136e-08
-2.07953e-08
-2.01752e-08
-1.95545e-08
-1.89344e-08
-1.8316e-08
-1.77006e-08
-1.70891e-08
-1.64826e-08
-1.58822e-08
-1.52887e-08
-1.4703e-08
-1.41259e-08
-1.35582e-08
-1.30007e-08
-1.24539e-08
-1.19185e-08
-1.13949e-08
-1.08837e-08
-1.03853e-08
-9.90007e-09
-9.42828e-09
-8.97021e-09
-8.52606e-09
-8.096e-09
-7.68012e-09
-7.2785e-09
-6.89114e-09
-6.51803e-09
-6.15911e-09
-5.81427e-09
-5.48338e-09
-5.16627e-09
-4.86275e-09
-4.57259e-09
-4.29555e-09
-4.03136e-09
-3.77972e-09
-3.54033e-09
-3.31287e-09
-3.09699e-09
-2.89236e-09
-2.69861e-09
-2.51538e-09
-2.3423e-09
-2.17901e-09
-2.02512e-09
-1.88026e-09
-1.74406e-09
-1.61614e-09
-1.49615e-09
-1.38371e-09
-1.27847e-09
-1.18009e-09
-1.08821e-09
-1.00251e-09
-9.2265e-10
-8.48326e-10
-7.79229e-10
-7.1506e-10
-6.55536e-10
-6.0038e-10
-5.49328e-10
-5.02126e-10
-4.58532e-10
-4.18315e-10
-3.81252e-10
-3.47134e-10
-3.15761e-10
-2.86942e-10
-2.605e-10
-2.36263e-10
-2.14072e-10
-1.93776e-10
-1.75233e-10
-1.5831e-10
-1.42881e-10
-1.28831e-10
-1.16048e-10
-1.04432e-10
-9.38872e-11
-8.43244e-11
-7.56618e-11
-6.78228e-11
-6.07366e-11
-5.43377e-11
-4.85655e-11
-4.33641e-11
-3.8682e-11
-3.44718e-11
-3.06898e-11
-2.7296e-11
-2.42539e-11
-2.15298e-11
-1.9093e-11
-1.69154e-11
-1.49716e-11
-1.32382e-11
-1.16941e-11
-1.032e-11
-9.0985e-12
-8.01373e-12
-7.0514e-12
-6.19858e-12
-5.44358e-12
-4.77588e-12
-4.18598e-12
-3.66537e-12
-3.20637e-12
-2.80212e-12
-2.44644e-12
-2.13382e-12
-1.85933e-12
-1.61858e-12
-1.40762e-12
-1.22296e-12
-1.06149e-12
-9.20437e-13
-7.9735e-13
-6.90049e-13
-5.96605e-13
-5.15311e-13
-4.4466e-13
-3.83321e-13
-3.30121e-13
-2.84027e-13
-2.4413e-13
-2.09633e-13
-1.79834e-13
-1.54121e-13
-1.31956e-13
-1.12868e-13
-9.64466e-14
-8.23342e-14
-7.02181e-14
-5.98266e-14
-5.09231e-14
-4.33024e-14
-3.67862e-14
-3.122e-14
-2.64702e-14
-2.24212e-14
-1.89729e-14
-1.60393e-14
-1.35461e-14
-1.14293e-14
-9.63381e-15
-8.11248e-15
-6.82472e-15
-5.73578e-15
-4.81588e-15
-4.03957e-15
-3.38509e-15
-2.83388e-15
-2.37011e-15
-1.9803e-15
-1.65299e-15
-1.37843e-15
-1.14835e-15
-9.55741e-16
-7.94662e-16
-6.60086e-16
-5.47765e-16
-5.27846e-09
-5.61341e-09
-5.96379e-09
-6.32985e-09
-6.71182e-09
-7.10989e-09
-7.52422e-09
-7.95493e-09
-8.40208e-09
-8.8657e-09
-9.34577e-09
-9.84223e-09
-1.03549e-08
-1.08837e-08
-1.14283e-08
-1.19885e-08
-1.25638e-08
-1.31539e-08
-1.37583e-08
-1.43764e-08
-1.50076e-08
-1.56512e-08
-1.63065e-08
-1.69727e-08
-1.76488e-08
-1.83339e-08
-1.90271e-08
-1.97271e-08
-2.0433e-08
-2.11435e-08
-2.18573e-08
-2.25731e-08
-2.32897e-08
-2.40055e-08
-2.47192e-08
-2.54293e-08
-2.61342e-08
-2.68324e-08
-2.75225e-08
-2.82027e-08
-2.88715e-08
-2.95273e-08
-3.01685e-08
-3.07936e-08
-3.1401e-08
-3.1989e-08
-3.25563e-08
-3.31013e-08
-3.36226e-08
-3.41187e-08
-3.45884e-08
-3.50303e-08
-3.54432e-08
-3.5826e-08
-3.61776e-08
-3.6497e-08
-3.67832e-08
-3.70355e-08
-3.72532e-08
-3.74355e-08
-3.7582e-08
-3.76923e-08
-3.7766e-08
-3.78029e-08
-3.78029e-08
-3.7766e-08
-3.76923e-08
-3.7582e-08
-3.74355e-08
-3.72532e-08
-3.70355e-08
-3.67832e-08
-3.6497e-08
-3.61776e-08
-3.5826e-08
-3.54432e-08
-3.50303e-08
-3.45884e-08
-3.41187e-08
-3.36226e-08
-3.31013e-08
-3.25563e-08
-3.1989e-08
-3.1401e-08
-3.07936e-08
-3.01685e-08
-2.95273e-08
-2.88715e-08
-2.82027e-08
-2.75225e-08
-2.68324e-08
-2.61342e-08
-2.54293e-08
-2.47192e-08
-2.40055e-08
-2.32897e-08
-2.25731e-08
-2.18573e-08
-2.11435e-08
-2.0433e-08
-1.97271e-08
-1.90271e-08
-1.83339e-08
-1.76488e-08
-1.69727e-08
-1.63065e-08
-1.56512e-08
-1.50076e-08
-1.43764e-08
-1.37583e-08
-1.31539e-08
-1.25638e-08
-1.19885e-08
-1.14283e-08
-1.08837e-08
-1.03549e-08
-9.84223e-09
-9.34577e-09
-8.8657e-09
-8.40208e-09
-7.95493e-09
-7.52422e-09
-7.10989e-09
-6.71182e-09
-6.32985e-09
-5.96379e-09
-5.61341e-09
-5.27846e-09
-4.95866e-09
-4.65368e-09
-4.3632e-09
-4.08686e-09
-3.82428e-09
-3.57508e-09
-3.33885e-09
-3.11519e-09
-2.90368e-09
-2.70389e-09
-2.51538e-09
-2.33773e-09
-2.17051e-09
-2.01329e-09
-1.86562e-09
-1.72711e-09
-1.59731e-09
-1.47583e-09
-1.36226e-09
-1.2562e-09
-1.15726e-09
-1.06508e-09
-9.79282e-10
-8.99518e-10
-8.25444e-10
-7.56731e-10
-6.9306e-10
-6.34127e-10
-5.79639e-10
-5.29316e-10
-4.8289e-10
-4.40106e-10
-4.00721e-10
-3.64504e-10
-3.31238e-10
-3.00713e-10
-2.72735e-10
-2.47118e-10
-2.23689e-10
-2.02284e-10
-1.82748e-10
-1.64938e-10
-1.48718e-10
-1.33963e-10
-1.20553e-10
-1.08381e-10
-9.73416e-11
-8.73417e-11
-7.82926e-11
-7.01125e-11
-6.27258e-11
-5.60626e-11
-5.00582e-11
-4.46534e-11
-3.97932e-11
-3.54274e-11
-3.15097e-11
-2.7998e-11
-2.48533e-11
-2.20403e-11
-1.95267e-11
-1.72828e-11
-1.52818e-11
-1.34993e-11
-1.19131e-11
-1.0503e-11
-9.25081e-12
-8.13993e-12
-7.15545e-12
-6.28391e-12
-5.51313e-12
-4.83217e-12
-4.23119e-12
-3.70134e-12
-3.23468e-12
-2.82409e-12
-2.46322e-12
-2.14636e-12
-1.86844e-12
-1.62491e-12
-1.41175e-12
-1.22535e-12
-1.06253e-12
-9.20437e-13
-7.96572e-13
-6.88703e-13
-5.9486e-13
-5.13302e-13
-4.42494e-13
-3.81081e-13
-3.27872e-13
-2.81816e-13
-2.41994e-13
-2.07595e-13
-1.77913e-13
-1.52326e-13
-1.30291e-13
-1.11335e-13
-9.50441e-14
-8.10577e-14
-6.9062e-14
-5.87841e-14
-4.9987e-14
-4.24649e-14
-3.60395e-14
-3.05564e-14
-2.58823e-14
-2.19018e-14
-1.85153e-14
-1.56372e-14
-1.31936e-14
-1.1121e-14
-9.3648e-15
-7.87826e-15
-6.62121e-15
-5.55931e-15
-4.66316e-15
-3.90764e-15
-3.27134e-15
-2.73598e-15
-2.286e-15
-1.90816e-15
-1.59121e-15
-1.32562e-15
-1.10328e-15
-9.17334e-16
-7.61983e-16
-6.32323e-16
-6.08735e-09
-6.47363e-09
-6.87769e-09
-7.29985e-09
-7.74036e-09
-8.19943e-09
-8.67726e-09
-9.17396e-09
-9.68964e-09
-1.02243e-08
-1.07779e-08
-1.13505e-08
-1.19418e-08
-1.25516e-08
-1.31797e-08
-1.38257e-08
-1.44892e-08
-1.51697e-08
-1.58667e-08
-1.65795e-08
-1.73074e-08
-1.80497e-08
-1.88054e-08
-1.95736e-08
-2.03533e-08
-2.11435e-08
-2.19428e-08
-2.27502e-08
-2.35642e-08
-2.43835e-08
-2.52067e-08
-2.60323e-08
-2.68587e-08
-2.76842e-08
-2.85073e-08
-2.93261e-08
-3.01391e-08
-3.09443e-08
-3.17401e-08
-3.25245e-08
-3.32958e-08
-3.40521e-08
-3.47916e-08
-3.55125e-08
-3.62129e-08
-3.68911e-08
-3.75453e-08
-3.81739e-08
-3.8775e-08
-3.93472e-08
-3.98888e-08
-4.03984e-08
-4.08747e-08
-4.13161e-08
-4.17216e-08
-4.20899e-08
-4.242e-08
-4.2711e-08
-4.29619e-08
-4.31722e-08
-4.33412e-08
-4.34684e-08
-4.35534e-08
-4.35959e-08
-4.35959e-08
-4.35534e-08
-4.34684e-08
-4.33412e-08
-4.31722e-08
-4.29619e-08
-4.2711e-08
-4.242e-08
-4.20899e-08
-4.17216e-08
-4.13161e-08
-4.08747e-08
-4.03984e-08
-3.98888e-08
-3.93472e-08
-3.8775e-08
-3.81739e-08
-3.75453e-08
-3.68911e-08
-3.62129e-08
-3.55125e-08
-3.47916e-08
-3.40521e-08
-3.32958e-08
-3.25245e-08
-3.17401e-08
-3.09443e-08
-3.01391e-08
-2.93261e-08
-2.85073e-08
-2.76842e-08
-2.68587e-08
-2.60323e-08
-2.52067e-08
-2.43835e-08
-2.35642e-08
-2.27502e-08
-2.19428e-08
-2.11435e-08
-2.03533e-08
-1.95736e-08
-1.88054e-08
-1.80497e-08
-1.73074e-08
-1.65795e-08
-1.58667e-08
-1.51697e-08
-1.44892e-08
-1.38257e-08
-1.31797e-08
-1.25516e-08
-1.19418e-08
-1.13505e-08
-1.07779e-08
-1.02243e-08
-9.68964e-09
-9.17396e-09
-8.67726e-09
-8.19943e-09
-7.74036e-09
-7.29985e-09
-6.87769e-09
-6.47363e-09
-6.08735e-09
-5.71854e-09
-5.36683e-09
-5.03183e-09
-4.71314e-09
-4.41032e-09
-4.12293e-09
-3.85051e-09
-3.59258e-09
-3.34865e-09
-3.11824e-09
-2.90085e-09
-2.69598e-09
-2.50313e-09
-2.32181e-09
-2.15152e-09
-1.99177e-09
-1.84209e-09
-1.70199e-09
-1.57101e-09
-1.4487e-09
-1.3346e-09
-1.2283e-09
-1.12935e-09
-1.03736e-09
-9.51938e-10
-8.72695e-10
-7.99267e-10
-7.31303e-10
-6.68465e-10
-6.1043e-10
-5.5689e-10
-5.07549e-10
-4.62129e-10
-4.20362e-10
-3.81997e-10
-3.46795e-10
-3.1453e-10
-2.84987e-10
-2.57968e-10
-2.33282e-10
-2.10753e-10
-1.90214e-10
-1.71508e-10
-1.54492e-10
-1.39027e-10
-1.24989e-10
-1.12259e-10
-1.00726e-10
-9.02904e-11
-8.08568e-11
-7.23381e-11
-6.46538e-11
-5.77293e-11
-5.14962e-11
-4.58912e-11
-4.08564e-11
-3.63384e-11
-3.22885e-11
-2.86619e-11
-2.54179e-11
-2.2519e-11
-1.99312e-11
-1.76237e-11
-1.5568e-11
-1.37387e-11
-1.21125e-11
-1.06684e-11
-9.38731e-12
-8.25198e-12
-7.24687e-12
-6.35798e-12
-5.57267e-12
-4.8796e-12
-4.26855e-12
-3.73037e-12
-3.25687e-12
-2.84069e-12
-2.47527e-12
-2.15476e-12
-1.87392e-12
-1.62809e-12
-1.41313e-12
-1.22535e-12
-1.06149e-12
-9.18641e-13
-7.94242e-13
-6.86018e-13
-5.91962e-13
-5.10303e-13
-4.39479e-13
-3.78116e-13
-3.25003e-13
-2.79077e-13
-2.39408e-13
-2.05177e-13
-1.75669e-13
-1.50257e-13
-1.28396e-13
-1.09609e-13
-9.34792e-14
-7.96453e-14
-6.77924e-14
-5.76472e-14
-4.89723e-14
-4.15623e-14
-3.5239e-14
-2.98486e-14
-2.52581e-14
-2.13527e-14
-1.80335e-14
-1.52154e-14
-1.28252e-14
-1.07999e-14
-9.08555e-15
-7.63587e-15
-6.41124e-15
-5.37775e-15
-4.50646e-15
-3.77265e-15
-3.15525e-15
-2.63631e-15
-2.20057e-15
-1.83506e-15
-1.52876e-15
-1.27235e-15
-1.05791e-15
-8.78752e-16
-7.29223e-16
-7.01335e-09
-7.45838e-09
-7.92391e-09
-8.41029e-09
-8.9178e-09
-9.44671e-09
-9.99722e-09
-1.05695e-08
-1.11636e-08
-1.17796e-08
-1.24175e-08
-1.30771e-08
-1.37583e-08
-1.44609e-08
-1.51845e-08
-1.59288e-08
-1.66932e-08
-1.74773e-08
-1.82803e-08
-1.91015e-08
-1.99402e-08
-2.07953e-08
-2.1666e-08
-2.25511e-08
-2.34494e-08
-2.43597e-08
-2.52807e-08
-2.62109e-08
-2.71487e-08
-2.80927e-08
-2.90411e-08
-2.99923e-08
-3.09443e-08
-3.18954e-08
-3.28437e-08
-3.37871e-08
-3.47238e-08
-3.56515e-08
-3.65683e-08
-3.74721e-08
-3.83607e-08
-3.92321e-08
-4.00841e-08
-4.09146e-08
-4.17216e-08
-4.25029e-08
-4.32566e-08
-4.39808e-08
-4.46734e-08
-4.53326e-08
-4.59566e-08
-4.65438e-08
-4.70924e-08
-4.7601e-08
-4.80681e-08
-4.84925e-08
-4.88728e-08
-4.9208e-08
-4.94972e-08
-4.97395e-08
-4.99342e-08
-5.00807e-08
-5.01786e-08
-5.02276e-08
-5.02276e-08
-5.01786e-08
-5.00807e-08
-4.99342e-08
-4.97395e-08
-4.94972e-08
-4.9208e-08
-4.88728e-08
-4.84925e-08
-4.80681e-08
-4.7601e-08
-4.70924e-08
-4.65438e-08
-4.59566e-08
-4.53326e-08
-4.46734e-08
-4.39808e-08
-4.32566e-08
-4.25029e-08
-4.17216e-08
-4.09146e-08
-4.00841e-08
-3.92321e-08
-3.83607e-08
-3.74721e-08
-3.65683e-08
-3.56515e-08
-3.47238e-08
-3.37871e-08
-3.28437e-08
-3.18954e-08
-3.09443e-08
-2.99923e-08
-2.90411e-08
-2.80927e-08
-2.71487e-08
-2.62109e-08
-2.52807e-08
-2.43597e-08
-2.34494e-08
-2.25511e-08
-2.1666e-08
-2.07953e-08
-1.99402e-08
-1.91015e-08
-1.82803e-08
-1.74773e-08
-1.66932e-08
-1.59288e-08
-1.51845e-08
-1.44609e-08
-1.37583e-08
-1.30771e-08
-1.24175e-08
-1.17796e-08
-1.11636e-08
-1.05695e-08
-9.99722e-09
-9.44671e-09
-8.9178e-09
-8.41029e-09
-7.92391e-09
-7.45838e-09
-7.01335e-09
-6.58843e-09
-6.18321e-09
-5.79726e-09
-5.43009e-09
-5.08121e-09
-4.7501e-09
-4.43624e-09
-4.13907e-09
-3.85804e-09
-3.59258e-09
-3.34212e-09
-3.10608e-09
-2.8839e-09
-2.675e-09
-2.4788e-09
-2.29476e-09
-2.1223e-09
-1.96089e-09
-1.80999e-09
-1.66907e-09
-1.53762e-09
-1.41514e-09
-1.30114e-09
-1.19516e-09
-1.09674e-09
-1.00545e-09
-9.2085e-10
-8.42547e-10
-7.7015e-10
-7.03287e-10
-6.41602e-10
-5.84756e-10
-5.32427e-10
-4.84307e-10
-4.40106e-10
-3.99549e-10
-3.62375e-10
-3.28339e-10
-2.9721e-10
-2.68769e-10
-2.42812e-10
-2.19149e-10
-1.97598e-10
-1.77993e-10
-1.60176e-10
-1.44002e-10
-1.29335e-10
-1.16048e-10
-1.04025e-10
-9.31565e-11
-8.3342e-11
-7.44888e-11
-6.6511e-11
-5.93296e-11
-5.2872e-11
-4.70713e-11
-4.18661e-11
-3.72001e-11
-3.30219e-11
-2.92844e-11
-2.59445e-11
-2.29631e-11
-2.03045e-11
-1.79362e-11
-1.58286e-11
-1.39551e-11
-1.22913e-11
-1.08153e-11
-9.50725e-12
-8.34925e-12
-7.32514e-12
-6.42037e-12
-5.62187e-12
-4.91787e-12
-4.29783e-12
-3.75229e-12
-3.27281e-12
-2.85181e-12
-2.48254e-12
-2.15897e-12
-1.87575e-12
-1.62809e-12
-1.41175e-12
-1.22296e-12
-1.05838e-12
-9.1506e-13
-7.90373e-13
-6.8201e-13
-5.87929e-13
-5.06332e-13
-4.35634e-13
-3.74441e-13
-3.2153e-13
-2.75826e-13
-2.36388e-13
-2.02391e-13
-1.73114e-13
-1.47928e-13
-1.26282e-13
-1.07699e-13
-9.17608e-14
-7.81048e-14
-6.64163e-14
-5.64219e-14
-4.78846e-14
-4.05995e-14
-3.43891e-14
-2.91003e-14
-2.46008e-14
-2.07767e-14
-1.753e-14
-1.47761e-14
-1.24427e-14
-1.04676e-14
-8.79742e-15
-7.3865e-15
-6.1958e-15
-5.19198e-15
-4.34654e-15
-3.63522e-15
-3.03734e-15
-2.53531e-15
-2.1142e-15
-1.76131e-15
-1.4659e-15
-1.21884e-15
-1.01243e-15
-8.4015e-16
-8.07231e-09
-8.58454e-09
-9.12037e-09
-9.68018e-09
-1.02643e-08
-1.08731e-08
-1.15067e-08
-1.21654e-08
-1.28492e-08
-1.35582e-08
-1.42924e-08
-1.50516e-08
-1.58357e-08
-1.66444e-08
-1.74773e-08
-1.83339e-08
-1.92138e-08
-2.01162e-08
-2.10405e-08
-2.19857e-08
-2.2951e-08
-2.39353e-08
-2.49374e-08
-2.59561e-08
-2.69901e-08
-2.80379e-08
-2.90979e-08
-3.01685e-08
-3.1248e-08
-3.23345e-08
-3.34261e-08
-3.45209e-08
-3.56167e-08
-3.67114e-08
-3.78029e-08
-3.88888e-08
-3.99668e-08
-4.10346e-08
-4.20899e-08
-4.31301e-08
-4.41529e-08
-4.51558e-08
-4.61365e-08
-4.70924e-08
-4.80212e-08
-4.89206e-08
-4.97881e-08
-5.06215e-08
-5.14187e-08
-5.21775e-08
-5.28957e-08
-5.35715e-08
-5.4203e-08
-5.47884e-08
-5.53261e-08
-5.58145e-08
-5.62523e-08
-5.66381e-08
-5.69709e-08
-5.72498e-08
-5.74739e-08
-5.76425e-08
-5.77552e-08
-5.78116e-08
-5.78116e-08
-5.77552e-08
-5.76425e-08
-5.74739e-08
-5.72498e-08
-5.69709e-08
-5.66381e-08
-5.62523e-08
-5.58145e-08
-5.53261e-08
-5.47884e-08
-5.4203e-08
-5.35715e-08
-5.28957e-08
-5.21775e-08
-5.14187e-08
-5.06215e-08
-4.97881e-08
-4.89206e-08
-4.80212e-08
-4.70924e-08
-4.61365e-08
-4.51558e-08
-4.41529e-08
-4.31301e-08
-4.20899e-08
-4.10346e-08
-3.99668e-08
-3.88888e-08
-3.78029e-08
-3.67114e-08
-3.56167e-08
-3.45209e-08
-3.34261e-08
-3.23345e-08
-3.1248e-08
-3.01685e-08
-2.90979e-08
-2.80379e-08
-2.69901e-08
-2.59561e-08
-2.49374e-08
-2.39353e-08
-2.2951e-08
-2.19857e-08
-2.10405e-08
-2.01162e-08
-1.92138e-08
-1.83339e-08
-1.74773e-08
-1.66444e-08
-1.58357e-08
-1.50516e-08
-1.42924e-08
-1.35582e-08
-1.28492e-08
-1.21654e-08
-1.15067e-08
-1.08731e-08
-1.02643e-08
-9.68018e-09
-9.12037e-09
-8.58454e-09
-8.07231e-09
-7.58323e-09
-7.11684e-09
-6.6726e-09
-6.24999e-09
-5.84844e-09
-5.46734e-09
-5.10608e-09
-4.76404e-09
-4.44057e-09
-4.13503e-09
-3.84675e-09
-3.57508e-09
-3.31935e-09
-3.0789e-09
-2.85308e-09
-2.64125e-09
-2.44276e-09
-2.25698e-09
-2.08329e-09
-1.92109e-09
-1.76979e-09
-1.62882e-09
-1.49761e-09
-1.37563e-09
-1.26234e-09
-1.15726e-09
-1.05989e-09
-9.69766e-10
-8.86438e-10
-8.09479e-10
-7.3848e-10
-6.7305e-10
-6.12819e-10
-5.57434e-10
-5.06559e-10
-4.59878e-10
-4.17091e-10
-3.77916e-10
-3.42086e-10
-3.09351e-10
-2.79475e-10
-2.52238e-10
-2.27434e-10
-2.04868e-10
-1.84361e-10
-1.65745e-10
-1.48864e-10
-1.33571e-10
-1.19732e-10
-1.07222e-10
-9.59261e-11
-8.5736e-11
-7.65537e-11
-6.8288e-11
-6.08554e-11
-5.41788e-11
-4.81876e-11
-4.28171e-11
-3.8008e-11
-3.37061e-11
-2.9862e-11
-2.64304e-11
-2.33704e-11
-2.06444e-11
-1.82186e-11
-1.60622e-11
-1.41472e-11
-1.24483e-11
-1.09428e-11
-9.60993e-12
-8.43118e-12
-7.3898e-12
-6.47073e-12
-5.66043e-12
-4.94677e-12
-4.31886e-12
-3.76698e-12
-3.28241e-12
-2.85738e-12
-2.48496e-12
-2.15897e-12
-1.87392e-12
-1.62491e-12
-1.40762e-12
-1.21819e-12
-1.05323e-12
-9.09714e-13
-7.84989e-13
-6.76702e-13
-5.82785e-13
-5.01411e-13
-4.30979e-13
-3.70079e-13
-3.17474e-13
-2.72081e-13
-2.3295e-13
-1.99253e-13
-1.70264e-13
-1.4535e-13
-1.23961e-13
-1.05616e-13
-8.98981e-14
-7.64447e-14
-6.49412e-14
-5.51148e-14
-4.67297e-14
-3.95816e-14
-3.34942e-14
-2.83153e-14
-2.39139e-14
-2.01769e-14
-1.70072e-14
-1.43215e-14
-1.20482e-14
-1.01258e-14
-8.50181e-15
-7.13133e-15
-5.97593e-15
-5.00284e-15
-4.18411e-15
-3.49596e-15
-2.91813e-15
-2.43343e-15
-2.02726e-15
-1.68723e-15
-1.40287e-15
-1.16529e-15
-9.67007e-16
-9.2821e-09
-9.8711e-09
-1.04872e-08
-1.11309e-08
-1.18026e-08
-1.25026e-08
-1.32312e-08
-1.39886e-08
-1.47749e-08
-1.55902e-08
-1.64344e-08
-1.73074e-08
-1.8209e-08
-1.91389e-08
-2.00966e-08
-2.10816e-08
-2.20933e-08
-2.3131e-08
-2.41938e-08
-2.52807e-08
-2.63907e-08
-2.75225e-08
-2.86748e-08
-2.98462e-08
-3.10351e-08
-3.22399e-08
-3.34588e-08
-3.46899e-08
-3.59311e-08
-3.71805e-08
-3.84357e-08
-3.96945e-08
-4.09546e-08
-4.22134e-08
-4.34684e-08
-4.4717e-08
-4.59566e-08
-4.71845e-08
-4.83979e-08
-4.9594e-08
-5.07701e-08
-5.19233e-08
-5.30509e-08
-5.41501e-08
-5.52181e-08
-5.62523e-08
-5.72498e-08
-5.82082e-08
-5.91248e-08
-5.99973e-08
-6.08232e-08
-6.16003e-08
-6.23264e-08
-6.29995e-08
-6.36178e-08
-6.41794e-08
-6.46827e-08
-6.51264e-08
-6.55091e-08
-6.58298e-08
-6.60875e-08
-6.62814e-08
-6.64109e-08
-6.64758e-08
-6.64758e-08
-6.64109e-08
-6.62814e-08
-6.60875e-08
-6.58298e-08
-6.55091e-08
-6.51264e-08
-6.46827e-08
-6.41794e-08
-6.36178e-08
-6.29995e-08
-6.23264e-08
-6.16003e-08
-6.08232e-08
-5.99973e-08
-5.91248e-08
-5.82082e-08
-5.72498e-08
-5.62523e-08
-5.52181e-08
-5.41501e-08
-5.30509e-08
-5.19233e-08
-5.07701e-08
-4.9594e-08
-4.83979e-08
-4.71845e-08
-4.59566e-08
-4.4717e-08
-4.34684e-08
-4.22134e-08
-4.09546e-08
-3.96945e-08
-3.84357e-08
-3.71805e-08
-3.59311e-08
-3.46899e-08
-3.34588e-08
-3.22399e-08
-3.10351e-08
-2.98462e-08
-2.86748e-08
-2.75225e-08
-2.63907e-08
-2.52807e-08
-2.41938e-08
-2.3131e-08
-2.20933e-08
-2.10816e-08
-2.00966e-08
-1.91389e-08
-1.8209e-08
-1.73074e-08
-1.64344e-08
-1.55902e-08
-1.47749e-08
-1.39886e-08
-1.32312e-08
-1.25026e-08
-1.18026e-08
-1.11309e-08
-1.04872e-08
-9.8711e-09
-9.2821e-09
-8.71973e-09
-8.18343e-09
-7.67262e-09
-7.18668e-09
-6.72494e-09
-6.28672e-09
-5.87133e-09
-5.47802e-09
-5.10608e-09
-4.75474e-09
-4.42326e-09
-4.11087e-09
-3.81682e-09
-3.54033e-09
-3.28067e-09
-3.03709e-09
-2.80885e-09
-2.59523e-09
-2.39551e-09
-2.209e-09
-2.03503e-09
-1.87293e-09
-1.72205e-09
-1.58179e-09
-1.45153e-09
-1.3307e-09
-1.21874e-09
-1.1151e-09
-1.01929e-09
-9.30795e-10
-8.49155e-10
-7.7392e-10
-7.04662e-10
-6.40976e-10
-5.82477e-10
-5.28799e-10
-4.796e-10
-4.34554e-10
-3.93354e-10
-3.55713e-10
-3.2136e-10
-2.90041e-10
-2.61519e-10
-2.35572e-10
-2.11992e-10
-1.90586e-10
-1.71174e-10
-1.53589e-10
-1.37676e-10
-1.23292e-10
-1.10302e-10
-9.85853e-11
-8.80267e-11
-7.85223e-11
-6.99757e-11
-6.22985e-11
-5.54094e-11
-4.92341e-11
-4.37042e-11
-3.87576e-11
-3.43374e-11
-3.03915e-11
-2.68729e-11
-2.37384e-11
-2.09491e-11
-1.84694e-11
-1.62674e-11
-1.43139e-11
-1.25828e-11
-1.10502e-11
-9.69476e-12
-8.49731e-12
-7.44049e-12
-6.50876e-12
-5.68814e-12
-4.96613e-12
-4.33153e-12
-3.77434e-12
-3.28562e-12
-2.85738e-12
-2.48254e-12
-2.15476e-12
-1.86844e-12
-1.61858e-12
-1.40076e-12
-1.21107e-12
-1.04605e-12
-9.02634e-13
-7.78119e-13
-6.70126e-13
-5.76558e-13
-4.9557e-13
-4.25542e-13
-3.65054e-13
-3.12857e-13
-2.67863e-13
-2.29115e-13
-1.95781e-13
-1.67134e-13
-1.42539e-13
-1.21445e-13
-1.03371e-13
-8.79014e-14
-7.46739e-14
-6.33749e-14
-5.37331e-14
-4.55137e-14
-3.8514e-14
-3.25589e-14
-2.74978e-14
-2.32008e-14
-1.95561e-14
-1.64679e-14
-1.38538e-14
-1.16433e-14
-9.77597e-15
-8.20009e-15
-6.87154e-15
-5.75261e-15
-4.81118e-15
-4.01989e-15
-3.35547e-15
-2.79813e-15
-2.33108e-15
-1.9401e-15
-1.61312e-15
-1.33994e-15
-1.11193e-15
-1.06628e-08
-1.13394e-08
-1.20472e-08
-1.27866e-08
-1.35582e-08
-1.43624e-08
-1.51993e-08
-1.60694e-08
-1.69727e-08
-1.79092e-08
-1.8879e-08
-1.98818e-08
-2.09175e-08
-2.19857e-08
-2.30859e-08
-2.42174e-08
-2.53796e-08
-2.65717e-08
-2.77925e-08
-2.90411e-08
-3.03162e-08
-3.16163e-08
-3.29401e-08
-3.42857e-08
-3.56515e-08
-3.70355e-08
-3.84357e-08
-3.98499e-08
-4.12758e-08
-4.2711e-08
-4.41529e-08
-4.5599e-08
-4.70464e-08
-4.84925e-08
-4.99342e-08
-5.13685e-08
-5.27925e-08
-5.4203e-08
-5.55969e-08
-5.69709e-08
-5.8322e-08
-5.96468e-08
-6.09421e-08
-6.22048e-08
-6.34317e-08
-6.46196e-08
-6.57655e-08
-6.68665e-08
-6.79195e-08
-6.89217e-08
-6.98705e-08
-7.07631e-08
-7.15973e-08
-7.23705e-08
-7.30807e-08
-7.37259e-08
-7.43041e-08
-7.48138e-08
-7.52534e-08
-7.56218e-08
-7.59178e-08
-7.61405e-08
-7.62894e-08
-7.63639e-08
-7.63639e-08
-7.62894e-08
-7.61405e-08
-7.59178e-08
-7.56218e-08
-7.52534e-08
-7.48138e-08
-7.43041e-08
-7.37259e-08
-7.30807e-08
-7.23705e-08
-7.15973e-08
-7.07631e-08
-6.98705e-08
-6.89217e-08
-6.79195e-08
-6.68665e-08
-6.57655e-08
-6.46196e-08
-6.34317e-08
-6.22048e-08
-6.09421e-08
-5.96468e-08
-5.8322e-08
-5.69709e-08
-5.55969e-08
-5.4203e-08
-5.27925e-08
-5.13685e-08
-4.99342e-08
-4.84925e-08
-4.70464e-08
-4.5599e-08
-4.41529e-08
-4.2711e-08
-4.12758e-08
-3.98499e-08
-3.84357e-08
-3.70355e-08
-3.56515e-08
-3.42857e-08
-3.29401e-08
-3.16163e-08
-3.03162e-08
-2.90411e-08
-2.77925e-08
-2.65717e-08
-2.53796e-08
-2.42174e-08
-2.30859e-08
-2.19857e-08
-2.09175e-08
-1.98818e-08
-1.8879e-08
-1.79092e-08
-1.69727e-08
-1.60694e-08
-1.51993e-08
-1.43624e-08
-1.35582e-08
-1.27866e-08
-1.20472e-08
-1.13394e-08
-1.06628e-08
-1.00168e-08
-9.40069e-09
-8.8139e-09
-8.25567e-09
-7.72525e-09
-7.22185e-09
-6.74467e-09
-6.29286e-09
-5.86559e-09
-5.462e-09
-5.08121e-09
-4.72235e-09
-4.38456e-09
-4.06695e-09
-3.76867e-09
-3.48885e-09
-3.22666e-09
-2.98126e-09
-2.75183e-09
-2.53759e-09
-2.33773e-09
-2.15152e-09
-1.9782e-09
-1.81708e-09
-1.66744e-09
-1.52864e-09
-1.40002e-09
-1.28097e-09
-1.1709e-09
-1.06925e-09
-9.75465e-10
-8.89038e-10
-8.09479e-10
-7.36319e-10
-6.69118e-10
-6.07457e-10
-5.50939e-10
-4.99193e-10
-4.51865e-10
-4.08625e-10
-3.69161e-10
-3.33184e-10
-3.00419e-10
-2.70612e-10
-2.43525e-10
-2.18935e-10
-1.96635e-10
-1.76435e-10
-1.58155e-10
-1.41631e-10
-1.2671e-10
-1.1325e-10
-1.0112e-10
-9.02023e-11
-8.03844e-11
-7.15652e-11
-6.36514e-11
-5.65575e-11
-5.02051e-11
-4.45227e-11
-3.9445e-11
-3.49122e-11
-3.08701e-11
-2.72694e-11
-2.40652e-11
-2.12167e-11
-1.86871e-11
-1.64431e-11
-1.44544e-11
-1.26938e-11
-1.11368e-11
-9.76126e-12
-8.54725e-12
-7.47691e-12
-6.53423e-12
-5.70482e-12
-4.97584e-12
-4.33577e-12
-3.77434e-12
-3.28241e-12
-2.85181e-12
-2.47527e-12
-2.14636e-12
-1.85933e-12
-1.60912e-12
-1.39122e-12
-1.20165e-12
-1.0369e-12
-8.93862e-13
-7.69805e-13
-6.62319e-13
-5.69284e-13
-4.88841e-13
-4.19354e-13
-3.59394e-13
-3.07706e-13
-2.63195e-13
-2.24903e-13
-1.91994e-13
-1.63741e-13
-1.39509e-13
-1.18747e-13
-1.00977e-13
-8.57814e-14
-7.28017e-14
-6.17257e-14
-5.22837e-14
-4.42428e-14
-3.7402e-14
-3.1588e-14
-2.66518e-14
-2.2465e-14
-1.89174e-14
-1.59145e-14
-1.33752e-14
-1.12301e-14
-9.41983e-15
-7.89366e-15
-6.60829e-15
-5.52683e-15
-4.61784e-15
-3.85458e-15
-3.21434e-15
-2.67783e-15
-2.22868e-15
-1.85306e-15
-1.53925e-15
-1.27733e-15
-1.22369e-08
-1.30134e-08
-1.38257e-08
-1.46743e-08
-1.55598e-08
-1.64826e-08
-1.74432e-08
-1.84416e-08
-1.94783e-08
-2.05531e-08
-2.1666e-08
-2.28169e-08
-2.40055e-08
-2.52314e-08
-2.64939e-08
-2.77925e-08
-2.91263e-08
-3.04943e-08
-3.18954e-08
-3.33284e-08
-3.47916e-08
-3.62837e-08
-3.78029e-08
-3.93472e-08
-4.09146e-08
-4.25029e-08
-4.41098e-08
-4.57328e-08
-4.73691e-08
-4.90162e-08
-5.0671e-08
-5.23306e-08
-5.39917e-08
-5.56512e-08
-5.73057e-08
-5.89519e-08
-6.05861e-08
-6.22048e-08
-6.38044e-08
-6.53813e-08
-6.69318e-08
-6.84522e-08
-6.99387e-08
-7.13878e-08
-7.27958e-08
-7.41591e-08
-7.54742e-08
-7.67377e-08
-7.79461e-08
-7.90963e-08
-8.01851e-08
-8.12096e-08
-8.21669e-08
-8.30543e-08
-8.38693e-08
-8.46097e-08
-8.52733e-08
-8.58582e-08
-8.63628e-08
-8.67855e-08
-8.71252e-08
-8.73808e-08
-8.75516e-08
-8.76372e-08
-8.76372e-08
-8.75516e-08
-8.73808e-08
-8.71252e-08
-8.67855e-08
-8.63628e-08
-8.58582e-08
-8.52733e-08
-8.46097e-08
-8.38693e-08
-8.30543e-08
-8.21669e-08
-8.12096e-08
-8.01851e-08
-7.90963e-08
-7.79461e-08
-7.67377e-08
-7.54742e-08
-7.41591e-08
-7.27958e-08
-7.13878e-08
-6.99387e-08
-6.84522e-08
-6.69318e-08
-6.53813e-08
-6.38044e-08
-6.22048e-08
-6.05861e-08
-5.89519e-08
-5.73057e-08
-5.56512e-08
-5.39917e-08
-5.23306e-08
-5.0671e-08
-4.90162e-08
-4.73691e-08
-4.57328e-08
-4.41098e-08
-4.25029e-08
-4.09146e-08
-3.93472e-08
-3.78029e-08
-3.62837e-08
-3.47916e-08
-3.33284e-08
-3.18954e-08
-3.04943e-08
-2.91263e-08
-2.77925e-08
-2.64939e-08
-2.52314e-08
-2.40055e-08
-2.28169e-08
-2.1666e-08
-2.05531e-08
-1.94783e-08
-1.84416e-08
-1.74432e-08
-1.64826e-08
-1.55598e-08
-1.46743e-08
-1.38257e-08
-1.30134e-08
-1.22369e-08
-1.14955e-08
-1.07885e-08
-1.01151e-08
-9.47443e-09
-8.8657e-09
-8.28799e-09
-7.74036e-09
-7.22185e-09
-6.73151e-09
-6.26833e-09
-5.83133e-09
-5.41949e-09
-5.03183e-09
-4.66734e-09
-4.32502e-09
-4.0039e-09
-3.703e-09
-3.42137e-09
-3.15808e-09
-2.9122e-09
-2.68284e-09
-2.46914e-09
-2.27024e-09
-2.08532e-09
-1.9136e-09
-1.7543e-09
-1.6067e-09
-1.47008e-09
-1.34376e-09
-1.2271e-09
-1.11947e-09
-1.02028e-09
-9.28979e-10
-8.45019e-10
-7.67897e-10
-6.97133e-10
-6.32272e-10
-5.72886e-10
-5.18571e-10
-4.68948e-10
-4.23659e-10
-3.82371e-10
-3.44769e-10
-3.10562e-10
-2.79475e-10
-2.51255e-10
-2.25664e-10
-2.02481e-10
-1.81503e-10
-1.6254e-10
-1.45415e-10
-1.29968e-10
-1.16048e-10
-1.03518e-10
-9.22512e-11
-8.21301e-11
-7.3048e-11
-6.49068e-11
-5.76167e-11
-5.10954e-11
-4.5268e-11
-4.00661e-11
-3.54274e-11
-3.12951e-11
-2.76178e-11
-2.43488e-11
-2.14458e-11
-1.88705e-11
-1.65883e-11
-1.45678e-11
-1.27809e-11
-1.12023e-11
-9.80904e-12
-8.5807e-12
-7.49885e-12
-6.547e-12
-5.7104e-12
-4.97584e-12
-4.33153e-12
-3.76698e-12
-3.27281e-12
-2.84069e-12
-2.46322e-12
-2.13382e-12
-1.84667e-12
-1.5966e-12
-1.37904e-12
-1.18997e-12
-1.02582e-12
-8.83449e-13
-7.60094e-13
-6.53325e-13
-5.61006e-13
-4.81262e-13
-4.1245e-13
-3.53132e-13
-3.0205e-13
-2.58104e-13
-2.20338e-13
-1.87913e-13
-1.60104e-13
-1.36277e-13
-1.15883e-13
-9.84449e-14
-8.35491e-14
-7.0838e-14
-6.00021e-14
-5.07742e-14
-4.29235e-14
-3.62512e-14
-3.05863e-14
-2.57814e-14
-2.17101e-14
-1.82639e-14
-1.53497e-14
-1.2888e-14
-1.08104e-14
-9.05897e-15
-7.58385e-15
-6.34273e-15
-5.29955e-15
-4.42362e-15
-3.68886e-15
-3.07314e-15
-2.5577e-15
-2.12663e-15
-1.76648e-15
-1.4659e-15
-1.40297e-08
-1.49199e-08
-1.58512e-08
-1.68241e-08
-1.78394e-08
-1.88974e-08
-1.99987e-08
-2.11435e-08
-2.23319e-08
-2.35642e-08
-2.48402e-08
-2.61597e-08
-2.75225e-08
-2.89279e-08
-3.03755e-08
-3.18643e-08
-3.33935e-08
-3.49619e-08
-3.65683e-08
-3.82111e-08
-3.98888e-08
-4.15995e-08
-4.33412e-08
-4.51118e-08
-4.69088e-08
-4.87298e-08
-5.05721e-08
-5.24329e-08
-5.4309e-08
-5.61973e-08
-5.80946e-08
-5.99973e-08
-6.19018e-08
-6.38044e-08
-6.57014e-08
-6.75886e-08
-6.94623e-08
-7.13181e-08
-7.31521e-08
-7.49601e-08
-7.67377e-08
-7.84808e-08
-8.01851e-08
-8.18465e-08
-8.34608e-08
-8.50239e-08
-8.65316e-08
-8.79802e-08
-8.93657e-08
-9.06844e-08
-9.19327e-08
-9.31073e-08
-9.42048e-08
-9.52222e-08
-9.61567e-08
-9.70055e-08
-9.77663e-08
-9.8437e-08
-9.90154e-08
-9.95001e-08
-9.98895e-08
-1.00183e-07
-1.00378e-07
-1.00477e-07
-1.00477e-07
-1.00378e-07
-1.00183e-07
-9.98895e-08
-9.95001e-08
-9.90154e-08
-9.8437e-08
-9.77663e-08
-9.70055e-08
-9.61567e-08
-9.52222e-08
-9.42048e-08
-9.31073e-08
-9.19327e-08
-9.06844e-08
-8.93657e-08
-8.79802e-08
-8.65316e-08
-8.50239e-08
-8.34608e-08
-8.18465e-08
-8.01851e-08
-7.84808e-08
-7.67377e-08
-7.49601e-08
-7.31521e-08
-7.13181e-08
-6.94623e-08
-6.75886e-08
-6.57014e-08
-6.38044e-08
-6.19018e-08
-5.99973e-08
-5.80946e-08
-5.61973e-08
-5.4309e-08
-5.24329e-08
-5.05721e-08
-4.87298e-08
-4.69088e-08
-4.51118e-08
-4.33412e-08
-4.15995e-08
-3.98888e-08
-3.82111e-08
-3.65683e-08
-3.49619e-08
-3.33935e-08
-3.18643e-08
-3.03755e-08
-2.89279e-08
-2.75225e-08
-2.61597e-08
-2.48402e-08
-2.35642e-08
-2.23319e-08
-2.11435e-08
-1.99987e-08
-1.88974e-08
-1.78394e-08
-1.68241e-08
-1.58512e-08
-1.49199e-08
-1.40297e-08
-1.31797e-08
-1.23691e-08
-1.1597e-08
-1.08625e-08
-1.01646e-08
-9.50222e-09
-8.87436e-09
-8.2799e-09
-7.71771e-09
-7.18668e-09
-6.68565e-09
-6.21348e-09
-5.76902e-09
-5.35113e-09
-4.95866e-09
-4.59049e-09
-4.24551e-09
-3.92262e-09
-3.62075e-09
-3.33885e-09
-3.0759e-09
-2.83088e-09
-2.60284e-09
-2.39084e-09
-2.19395e-09
-2.01132e-09
-1.84209e-09
-1.68545e-09
-1.54063e-09
-1.40687e-09
-1.28348e-09
-1.16976e-09
-1.06508e-09
-9.68819e-10
-8.80399e-10
-7.99267e-10
-7.24904e-10
-6.56817e-10
-5.94545e-10
-5.37652e-10
-4.85728e-10
-4.3839e-10
-3.9528e-10
-3.56061e-10
-3.2042e-10
-2.88065e-10
-2.58725e-10
-2.32146e-10
-2.08094e-10
-1.86353e-10
-1.66719e-10
-1.49009e-10
-1.3305e-10
-1.18684e-10
-1.05767e-10
-9.41626e-11
-8.375e-11
-7.44161e-11
-6.60579e-11
-5.85812e-11
-5.19001e-11
-4.5936e-11
-4.06177e-11
-3.588e-11
-3.1664e-11
-2.79161e-11
-2.45878e-11
-2.16352e-11
-1.90185e-11
-1.6702e-11
-1.46534e-11
-1.28435e-11
-1.12461e-11
-9.83782e-12
-8.59747e-12
-7.50618e-12
-6.547e-12
-5.70482e-12
-4.96613e-12
-4.31886e-12
-3.75229e-12
-3.25687e-12
-2.82409e-12
-2.44644e-12
-2.11721e-12
-1.83051e-12
-1.58108e-12
-1.36431e-12
-1.17611e-12
-1.01288e-12
-8.71452e-13
-7.49041e-13
-6.43197e-13
-5.51769e-13
-4.72876e-13
-4.04867e-13
-3.46301e-13
-2.95918e-13
-2.52618e-13
-2.15444e-13
-1.8356e-13
-1.56243e-13
-1.32861e-13
-1.12868e-13
-9.57895e-14
-8.12162e-14
-6.87928e-14
-5.82129e-14
-4.9212e-14
-4.15623e-14
-3.50674e-14
-2.95585e-14
-2.48908e-14
-2.09397e-14
-1.75986e-14
-1.47761e-14
-1.23942e-14
-1.03862e-14
-8.69492e-15
-7.27198e-15
-6.07597e-15
-5.0717e-15
-4.2293e-15
-3.52337e-15
-2.93241e-15
-2.43819e-15
-2.02528e-15
-1.68066e-15
-1.60694e-08
-1.70891e-08
-1.81557e-08
-1.92701e-08
-2.0433e-08
-2.16449e-08
-2.29062e-08
-2.42174e-08
-2.55787e-08
-2.69901e-08
-2.84516e-08
-2.9963e-08
-3.15239e-08
-3.31336e-08
-3.47916e-08
-3.6497e-08
-3.82485e-08
-4.00449e-08
-4.18849e-08
-4.37665e-08
-4.56881e-08
-4.76475e-08
-4.96424e-08
-5.16704e-08
-5.37287e-08
-5.58145e-08
-5.79246e-08
-6.00559e-08
-6.22048e-08
-6.43677e-08
-6.65408e-08
-6.87201e-08
-7.09015e-08
-7.30807e-08
-7.52534e-08
-7.74151e-08
-7.95611e-08
-8.16868e-08
-8.37875e-08
-8.58582e-08
-8.78943e-08
-8.98908e-08
-9.1843e-08
-9.37459e-08
-9.55949e-08
-9.73852e-08
-9.91122e-08
-1.00771e-07
-1.02358e-07
-1.03869e-07
-1.05299e-07
-1.06644e-07
-1.07901e-07
-1.09066e-07
-1.10137e-07
-1.11109e-07
-1.1198e-07
-1.12748e-07
-1.13411e-07
-1.13966e-07
-1.14412e-07
-1.14748e-07
-1.14972e-07
-1.15084e-07
-1.15084e-07
-1.14972e-07
-1.14748e-07
-1.14412e-07
-1.13966e-07
-1.13411e-07
-1.12748e-07
-1.1198e-07
-1.11109e-07
-1.10137e-07
-1.09066e-07
-1.07901e-07
-1.06644e-07
-1.05299e-07
-1.03869e-07
-1.02358e-07
-1.00771e-07
-9.91122e-08
-9.73852e-08
-9.55949e-08
-9.37459e-08
-9.1843e-08
-8.98908e-08
-8.78943e-08
-8.58582e-08
-8.37875e-08
-8.16868e-08
-7.95611e-08
-7.74151e-08
-7.52534e-08
-7.30807e-08
-7.09015e-08
-6.87201e-08
-6.65408e-08
-6.43677e-08
-6.22048e-08
-6.00559e-08
-5.79246e-08
-5.58145e-08
-5.37287e-08
-5.16704e-08
-4.96424e-08
-4.76475e-08
-4.56881e-08
-4.37665e-08
-4.18849e-08
-4.00449e-08
-3.82485e-08
-3.6497e-08
-3.47916e-08
-3.31336e-08
-3.15239e-08
-2.9963e-08
-2.84516e-08
-2.69901e-08
-2.55787e-08
-2.42174e-08
-2.29062e-08
-2.16449e-08
-2.0433e-08
-1.92701e-08
-1.81557e-08
-1.70891e-08
-1.60694e-08
-1.50958e-08
-1.41673e-08
-1.3283e-08
-1.24417e-08
-1.16424e-08
-1.08837e-08
-1.01646e-08
-9.48368e-09
-8.83976e-09
-8.23152e-09
-7.65765e-09
-7.11684e-09
-6.60776e-09
-6.12911e-09
-5.67958e-09
-5.25789e-09
-4.86275e-09
-4.49292e-09
-4.14716e-09
-3.82428e-09
-3.52309e-09
-3.24245e-09
-2.98126e-09
-2.73843e-09
-2.51293e-09
-2.30374e-09
-2.10991e-09
-1.93049e-09
-1.76461e-09
-1.61141e-09
-1.47008e-09
-1.33983e-09
-1.21993e-09
-1.10967e-09
-1.0084e-09
-9.1547e-10
-8.30295e-10
-7.5231e-10
-6.80984e-10
-6.15819e-10
-5.56346e-10
-5.02126e-10
-4.52748e-10
-4.07827e-10
-3.67005e-10
-3.29946e-10
-2.9634e-10
-2.65897e-10
-2.38349e-10
-2.13446e-10
-1.90958e-10
-1.70673e-10
-1.52394e-10
-1.3594e-10
-1.21144e-10
-1.07853e-10
-9.59261e-11
-8.52351e-11
-7.56618e-11
-6.70981e-11
-5.94456e-11
-5.26145e-11
-4.65229e-11
-4.10964e-11
-3.62675e-11
-3.19747e-11
-2.81625e-11
-2.47806e-11
-2.17836e-11
-1.91303e-11
-1.67838e-11
-1.47107e-11
-1.28812e-11
-1.12681e-11
-9.84743e-12
-8.59747e-12
-7.49885e-12
-6.53423e-12
-5.68814e-12
-4.94677e-12
-4.29783e-12
-3.73037e-12
-3.23468e-12
-2.80212e-12
-2.42503e-12
-2.09664e-12
-1.81095e-12
-1.56266e-12
-1.3471e-12
-1.16014e-12
-9.9815e-13
-8.57942e-13
-7.36709e-13
-6.31989e-13
-5.41626e-13
-4.6373e-13
-3.96649e-13
-3.38941e-13
-2.89346e-13
-2.46767e-13
-2.10248e-13
-1.78958e-13
-1.52177e-13
-1.29277e-13
-1.09716e-13
-9.30239e-14
-7.87943e-14
-6.66762e-14
-5.63668e-14
-4.76049e-14
-4.01657e-14
-3.38559e-14
-2.85096e-14
-2.3984e-14
-2.01572e-14
-1.69244e-14
-1.41962e-14
-1.18962e-14
-9.95905e-15
-8.32923e-15
-6.95933e-15
-5.80906e-15
-4.84418e-15
-4.03563e-15
-3.35875e-15
-2.79267e-15
-2.31973e-15
-1.925e-15
-1.83877e-08
-1.95545e-08
-2.0775e-08
-2.20502e-08
-2.33808e-08
-2.47675e-08
-2.62109e-08
-2.77112e-08
-2.92689e-08
-3.0884e-08
-3.25563e-08
-3.42857e-08
-3.60718e-08
-3.79138e-08
-3.9811e-08
-4.17623e-08
-4.37665e-08
-4.58222e-08
-4.79275e-08
-5.00807e-08
-5.22795e-08
-5.45216e-08
-5.68043e-08
-5.91248e-08
-6.14801e-08
-6.38668e-08
-6.62814e-08
-6.87201e-08
-7.1179e-08
-7.36539e-08
-7.61405e-08
-7.86342e-08
-8.11303e-08
-8.3624e-08
-8.61102e-08
-8.85837e-08
-9.10393e-08
-9.34717e-08
-9.58754e-08
-9.82449e-08
-1.00575e-07
-1.02859e-07
-1.05093e-07
-1.07271e-07
-1.09386e-07
-1.11435e-07
-1.13411e-07
-1.15309e-07
-1.17125e-07
-1.18854e-07
-1.2049e-07
-1.22029e-07
-1.23468e-07
-1.24801e-07
-1.26026e-07
-1.27138e-07
-1.28135e-07
-1.29014e-07
-1.29773e-07
-1.30408e-07
-1.30918e-07
-1.31302e-07
-1.31559e-07
-1.31688e-07
-1.31688e-07
-1.31559e-07
-1.31302e-07
-1.30918e-07
-1.30408e-07
-1.29773e-07
-1.29014e-07
-1.28135e-07
-1.27138e-07
-1.26026e-07
-1.24801e-07
-1.23468e-07
-1.22029e-07
-1.2049e-07
-1.18854e-07
-1.17125e-07
-1.15309e-07
-1.13411e-07
-1.11435e-07
-1.09386e-07
-1.07271e-07
-1.05093e-07
-1.02859e-07
-1.00575e-07
-9.82449e-08
-9.58754e-08
-9.34717e-08
-9.10393e-08
-8.85837e-08
-8.61102e-08
-8.3624e-08
-8.11303e-08
-7.86342e-08
-7.61405e-08
-7.36539e-08
-7.1179e-08
-6.87201e-08
-6.62814e-08
-6.38668e-08
-6.14801e-08
-5.91248e-08
-5.68043e-08
-5.45216e-08
-5.22795e-08
-5.00807e-08
-4.79275e-08
-4.58222e-08
-4.37665e-08
-4.17623e-08
-3.9811e-08
-3.79138e-08
-3.60718e-08
-3.42857e-08
-3.25563e-08
-3.0884e-08
-2.92689e-08
-2.77112e-08
-2.62109e-08
-2.47675e-08
-2.33808e-08
-2.20502e-08
-2.0775e-08
-1.95545e-08
-1.83877e-08
-1.72736e-08
-1.62112e-08
-1.51993e-08
-1.42367e-08
-1.3322e-08
-1.24539e-08
-1.1631e-08
-1.08519e-08
-1.01151e-08
-9.41907e-09
-8.76241e-09
-8.14357e-09
-7.56105e-09
-7.01335e-09
-6.49897e-09
-6.01643e-09
-5.56429e-09
-5.1411e-09
-4.74547e-09
-4.376e-09
-4.03136e-09
-3.71024e-09
-3.41136e-09
-3.1335e-09
-2.87546e-09
-2.6361e-09
-2.4143e-09
-2.209e-09
-2.01919e-09
-1.84389e-09
-1.68216e-09
-1.53312e-09
-1.39592e-09
-1.26976e-09
-1.15388e-09
-1.04754e-09
-9.5008e-10
-8.60844e-10
-7.79229e-10
-7.04662e-10
-6.36609e-10
-5.74567e-10
-5.18065e-10
-4.66664e-10
-4.19952e-10
-3.77547e-10
-3.39093e-10
-3.04258e-10
-2.72735e-10
-2.44239e-10
-2.18507e-10
-1.95296e-10
-1.7438e-10
-1.55551e-10
-1.38621e-10
-1.23412e-10
-1.09765e-10
-9.75319e-11
-8.65774e-11
-7.67783e-11
-6.80218e-11
-6.02051e-11
-5.32347e-11
-4.70254e-11
-4.14997e-11
-3.65876e-11
-3.22255e-11
-2.83557e-11
-2.49263e-11
-2.18902e-11
-1.92052e-11
-1.6833e-11
-1.47395e-11
-1.28937e-11
-1.12681e-11
-9.83782e-12
-8.5807e-12
-7.47691e-12
-6.50876e-12
-5.66043e-12
-4.91787e-12
-4.26855e-12
-3.70134e-12
-3.20637e-12
-2.77488e-12
-2.39912e-12
-2.07221e-12
-1.7881e-12
-1.54144e-12
-1.32751e-12
-1.14215e-12
-9.81716e-13
-8.42993e-13
-7.23165e-13
-6.19765e-13
-5.30631e-13
-4.53873e-13
-3.87839e-13
-3.31089e-13
-2.82367e-13
-2.4058e-13
-2.04776e-13
-1.74131e-13
-1.47928e-13
-1.25545e-13
-1.06444e-13
-9.01619e-14
-7.62955e-14
-6.44987e-14
-5.44727e-14
-4.59603e-14
-3.87403e-14
-3.26226e-14
-2.74442e-14
-2.30652e-14
-1.9366e-14
-1.62443e-14
-1.36124e-14
-1.13958e-14
-9.53087e-15
-7.96334e-15
-6.64713e-15
-5.54305e-15
-4.61784e-15
-3.84331e-15
-3.19556e-15
-2.65439e-15
-2.20272e-15
-2.10199e-08
-2.23538e-08
-2.3749e-08
-2.52067e-08
-2.67278e-08
-2.8313e-08
-2.9963e-08
-3.16782e-08
-3.34588e-08
-3.5305e-08
-3.72168e-08
-3.91938e-08
-4.12355e-08
-4.33412e-08
-4.551e-08
-4.77407e-08
-5.00318e-08
-5.23817e-08
-5.47884e-08
-5.72498e-08
-5.97634e-08
-6.23264e-08
-6.49359e-08
-6.75886e-08
-7.02811e-08
-7.30094e-08
-7.57696e-08
-7.85575e-08
-8.13684e-08
-8.41976e-08
-8.70401e-08
-8.98908e-08
-9.27443e-08
-9.55949e-08
-9.8437e-08
-1.01265e-07
-1.04072e-07
-1.06852e-07
-1.096e-07
-1.12309e-07
-1.14972e-07
-1.17584e-07
-1.20137e-07
-1.22626e-07
-1.25045e-07
-1.27387e-07
-1.29646e-07
-1.31816e-07
-1.33892e-07
-1.35868e-07
-1.37738e-07
-1.39498e-07
-1.41142e-07
-1.42667e-07
-1.44067e-07
-1.45338e-07
-1.46478e-07
-1.47483e-07
-1.4835e-07
-1.49076e-07
-1.49659e-07
-1.50098e-07
-1.50392e-07
-1.50539e-07
-1.50539e-07
-1.50392e-07
-1.50098e-07
-1.49659e-07
-1.49076e-07
-1.4835e-07
-1.47483e-07
-1.46478e-07
-1.45338e-07
-1.44067e-07
-1.42667e-07
-1.41142e-07
-1.39498e-07
-1.37738e-07
-1.35868e-07
-1.33892e-07
-1.31816e-07
-1.29646e-07
-1.27387e-07
-1.25045e-07
-1.22626e-07
-1.20137e-07
-1.17584e-07
-1.14972e-07
-1.12309e-07
-1.096e-07
-1.06852e-07
-1.04072e-07
-1.01265e-07
-9.8437e-08
-9.55949e-08
-9.27443e-08
-8.98908e-08
-8.70401e-08
-8.41976e-08
-8.13684e-08
-7.85575e-08
-7.57696e-08
-7.30094e-08
-7.02811e-08
-6.75886e-08
-6.49359e-08
-6.23264e-08
-5.97634e-08
-5.72498e-08
-5.47884e-08
-5.23817e-08
-5.00318e-08
-4.77407e-08
-4.551e-08
-4.33412e-08
-4.12355e-08
-3.91938e-08
-3.72168e-08
-3.5305e-08
-3.34588e-08
-3.16782e-08
-2.9963e-08
-2.8313e-08
-2.67278e-08
-2.52067e-08
-2.3749e-08
-2.23538e-08
-2.10199e-08
-1.97464e-08
-1.85319e-08
-1.73752e-08
-1.62747e-08
-1.52291e-08
-1.42367e-08
-1.3296e-08
-1.24053e-08
-1.15631e-08
-1.07674e-08
-1.00168e-08
-9.30934e-09
-8.64343e-09
-8.01732e-09
-7.4293e-09
-6.87769e-09
-6.36083e-09
-5.87706e-09
-5.42479e-09
-5.00243e-09
-4.60846e-09
-4.24136e-09
-3.8997e-09
-3.58207e-09
-3.28709e-09
-3.01346e-09
-2.75991e-09
-2.52523e-09
-2.30824e-09
-2.10785e-09
-1.92297e-09
-1.75259e-09
-1.59575e-09
-1.45153e-09
-1.31906e-09
-1.1975e-09
-1.08609e-09
-9.84076e-10
-8.90776e-10
-8.05536e-10
-7.27741e-10
-6.56817e-10
-5.92227e-10
-5.33468e-10
-4.80069e-10
-4.31593e-10
-3.87634e-10
-3.47813e-10
-3.11777e-10
-2.79202e-10
-2.49787e-10
-2.23253e-10
-1.99342e-10
-1.77819e-10
-1.58465e-10
-1.41079e-10
-1.25478e-10
-1.11494e-10
-9.89711e-11
-8.77692e-11
-7.77592e-11
-6.88236e-11
-6.08554e-11
-5.37571e-11
-4.74405e-11
-4.18252e-11
-3.68386e-11
-3.24149e-11
-2.84945e-11
-2.50238e-11
-2.19544e-11
-1.92427e-11
-1.68495e-11
-1.47395e-11
-1.28812e-11
-1.12461e-11
-9.80904e-12
-8.54725e-12
-7.44049e-12
-6.47073e-12
-5.62187e-12
-4.8796e-12
-4.23119e-12
-3.66537e-12
-3.17211e-12
-2.74256e-12
-2.36885e-12
-2.04407e-12
-1.7621e-12
-1.51754e-12
-1.30565e-12
-1.12225e-12
-9.63668e-13
-8.26688e-13
-7.08486e-13
-6.06592e-13
-5.18846e-13
-4.43359e-13
-3.78485e-13
-3.22788e-13
-2.75019e-13
-2.34091e-13
-1.99059e-13
-1.69104e-13
-1.43517e-13
-1.21682e-13
-1.03069e-13
-8.72174e-14
-7.37318e-14
-6.22706e-14
-5.25396e-14
-4.4286e-14
-3.72926e-14
-3.13728e-14
-2.6367e-14
-2.21383e-14
-1.85696e-14
-1.5561e-14
-1.30272e-14
-1.08952e-14
-9.10331e-15
-7.59867e-15
-6.33654e-15
-5.27889e-15
-4.39348e-15
-3.65301e-15
-3.03437e-15
-2.51804e-15
-2.40055e-08
-2.55288e-08
-2.71222e-08
-2.8787e-08
-3.05241e-08
-3.23345e-08
-3.42188e-08
-3.61776e-08
-3.82111e-08
-4.03196e-08
-4.25029e-08
-4.47607e-08
-4.70924e-08
-4.94972e-08
-5.1974e-08
-5.45216e-08
-5.71381e-08
-5.98218e-08
-6.25703e-08
-6.53813e-08
-6.82519e-08
-7.1179e-08
-7.41591e-08
-7.71886e-08
-8.02635e-08
-8.33794e-08
-8.65316e-08
-8.97154e-08
-9.29256e-08
-9.61567e-08
-9.9403e-08
-1.02659e-07
-1.05917e-07
-1.09173e-07
-1.12419e-07
-1.15648e-07
-1.18854e-07
-1.22029e-07
-1.25167e-07
-1.28261e-07
-1.31302e-07
-1.34285e-07
-1.37201e-07
-1.40044e-07
-1.42806e-07
-1.4548e-07
-1.4806e-07
-1.50539e-07
-1.52909e-07
-1.55166e-07
-1.57302e-07
-1.59312e-07
-1.61189e-07
-1.6293e-07
-1.64529e-07
-1.65982e-07
-1.67283e-07
-1.68431e-07
-1.69421e-07
-1.7025e-07
-1.70916e-07
-1.71418e-07
-1.71753e-07
-1.71921e-07
-1.71921e-07
-1.71753e-07
-1.71418e-07
-1.70916e-07
-1.7025e-07
-1.69421e-07
-1.68431e-07
-1.67283e-07
-1.65982e-07
-1.64529e-07
-1.6293e-07
-1.61189e-07
-1.59312e-07
-1.57302e-07
-1.55166e-07
-1.52909e-07
-1.50539e-07
-1.4806e-07
-1.4548e-07
-1.42806e-07
-1.40044e-07
-1.37201e-07
-1.34285e-07
-1.31302e-07
-1.28261e-07
-1.25167e-07
-1.22029e-07
-1.18854e-07
-1.15648e-07
-1.12419e-07
-1.09173e-07
-1.05917e-07
-1.02659e-07
-9.9403e-08
-9.61567e-08
-9.29256e-08
-8.97154e-08
-8.65316e-08
-8.33794e-08
-8.02635e-08
-7.71886e-08
-7.41591e-08
-7.1179e-08
-6.82519e-08
-6.53813e-08
-6.25703e-08
-5.98218e-08
-5.71381e-08
-5.45216e-08
-5.1974e-08
-4.94972e-08
-4.70924e-08
-4.47607e-08
-4.25029e-08
-4.03196e-08
-3.82111e-08
-3.61776e-08
-3.42188e-08
-3.23345e-08
-3.05241e-08
-2.8787e-08
-2.71222e-08
-2.55288e-08
-2.40055e-08
-2.25511e-08
-2.11641e-08
-1.98431e-08
-1.85863e-08
-1.73921e-08
-1.62588e-08
-1.51845e-08
-1.41673e-08
-1.32054e-08
-1.22968e-08
-1.14395e-08
-1.06316e-08
-9.8711e-09
-9.15606e-09
-8.48453e-09
-7.85457e-09
-7.26429e-09
-6.71182e-09
-6.1953e-09
-5.71296e-09
-5.26302e-09
-4.84379e-09
-4.4536e-09
-4.09085e-09
-3.75397e-09
-3.44148e-09
-3.15191e-09
-2.8839e-09
-2.6361e-09
-2.40724e-09
-2.1961e-09
-2.00152e-09
-1.82241e-09
-1.6577e-09
-1.50641e-09
-1.36759e-09
-1.24035e-09
-1.12385e-09
-1.0173e-09
-9.19951e-10
-8.31106e-10
-7.50109e-10
-6.76345e-10
-6.09239e-10
-5.48256e-10
-4.92895e-10
-4.42692e-10
-3.97214e-10
-3.56061e-10
-3.18859e-10
-2.85266e-10
-2.54963e-10
-2.27656e-10
-2.03076e-10
-1.80972e-10
-1.61117e-10
-1.43301e-10
-1.2733e-10
-1.13029e-10
-1.00236e-10
-8.88038e-11
-7.8599e-11
-6.9499e-11
-6.13926e-11
-5.41788e-11
-4.77659e-11
-4.2071e-11
-3.70189e-11
-3.25417e-11
-2.85781e-11
-2.50727e-11
-2.19759e-11
-1.92427e-11
-1.6833e-11
-1.47107e-11
-1.28435e-11
-1.12023e-11
-9.76126e-12
-8.49731e-12
-7.3898e-12
-6.42037e-12
-5.57267e-12
-4.83217e-12
-4.18598e-12
-3.62267e-12
-3.1321e-12
-2.70532e-12
-2.33441e-12
-2.01238e-12
-1.73309e-12
-1.4911e-12
-1.28165e-12
-1.10054e-12
-9.44107e-13
-8.09116e-13
-6.9275e-13
-5.9254e-13
-5.06332e-13
-4.32244e-13
-3.68636e-13
-3.14082e-13
-2.6734e-13
-2.27332e-13
-1.93123e-13
-1.63901e-13
-1.38965e-13
-1.17708e-13
-9.96054e-14
-8.42044e-14
-7.11153e-14
-6.00021e-14
-5.05762e-14
-4.25895e-14
-3.58289e-14
-3.01121e-14
-2.52827e-14
-2.12072e-14
-1.77713e-14
-1.48775e-14
-1.24427e-14
-1.03963e-14
-8.67796e-15
-7.23656e-15
-6.02868e-15
-5.01751e-15
-4.17187e-15
-3.46536e-15
-2.87569e-15
-2.73884e-08
-2.91263e-08
-3.09443e-08
-3.28437e-08
-3.48256e-08
-3.68911e-08
-3.9041e-08
-4.12758e-08
-4.35959e-08
-4.60015e-08
-4.84925e-08
-5.10684e-08
-5.37287e-08
-5.64724e-08
-5.92983e-08
-6.22048e-08
-6.51901e-08
-6.82519e-08
-7.13878e-08
-7.45949e-08
-7.787e-08
-8.12096e-08
-8.46097e-08
-8.80662e-08
-9.15743e-08
-9.51293e-08
-9.87258e-08
-1.02358e-07
-1.06021e-07
-1.09707e-07
-1.13411e-07
-1.17125e-07
-1.20843e-07
-1.24558e-07
-1.28261e-07
-1.31945e-07
-1.35603e-07
-1.39226e-07
-1.42806e-07
-1.46335e-07
-1.49806e-07
-1.53208e-07
-1.56536e-07
-1.59779e-07
-1.6293e-07
-1.65982e-07
-1.68925e-07
-1.71753e-07
-1.74458e-07
-1.77032e-07
-1.79469e-07
-1.81762e-07
-1.83904e-07
-1.85891e-07
-1.87715e-07
-1.89372e-07
-1.90857e-07
-1.92166e-07
-1.93296e-07
-1.94242e-07
-1.95002e-07
-1.95574e-07
-1.95957e-07
-1.96148e-07
-1.96148e-07
-1.95957e-07
-1.95574e-07
-1.95002e-07
-1.94242e-07
-1.93296e-07
-1.92166e-07
-1.90857e-07
-1.89372e-07
-1.87715e-07
-1.85891e-07
-1.83904e-07
-1.81762e-07
-1.79469e-07
-1.77032e-07
-1.74458e-07
-1.71753e-07
-1.68925e-07
-1.65982e-07
-1.6293e-07
-1.59779e-07
-1.56536e-07
-1.53208e-07
-1.49806e-07
-1.46335e-07
-1.42806e-07
-1.39226e-07
-1.35603e-07
-1.31945e-07
-1.28261e-07
-1.24558e-07
-1.20843e-07
-1.17125e-07
-1.13411e-07
-1.09707e-07
-1.06021e-07
-1.02358e-07
-9.87258e-08
-9.51293e-08
-9.15743e-08
-8.80662e-08
-8.46097e-08
-8.12096e-08
-7.787e-08
-7.45949e-08
-7.13878e-08
-6.82519e-08
-6.51901e-08
-6.22048e-08
-5.92983e-08
-5.64724e-08
-5.37287e-08
-5.10684e-08
-4.84925e-08
-4.60015e-08
-4.35959e-08
-4.12758e-08
-3.9041e-08
-3.68911e-08
-3.48256e-08
-3.28437e-08
-3.09443e-08
-2.91263e-08
-2.73884e-08
-2.5729e-08
-2.41466e-08
-2.26394e-08
-2.12055e-08
-1.98431e-08
-1.855e-08
-1.73243e-08
-1.61638e-08
-1.50663e-08
-1.40297e-08
-1.30516e-08
-1.21298e-08
-1.12622e-08
-1.04463e-08
-9.68018e-09
-8.96145e-09
-8.28799e-09
-7.65765e-09
-7.06835e-09
-6.51803e-09
-6.00469e-09
-5.52638e-09
-5.08121e-09
-4.66734e-09
-4.28299e-09
-3.92645e-09
-3.59609e-09
-3.2903e-09
-3.00758e-09
-2.74647e-09
-2.50557e-09
-2.28358e-09
-2.07922e-09
-1.89131e-09
-1.71869e-09
-1.56031e-09
-1.41514e-09
-1.28222e-09
-1.16066e-09
-1.04959e-09
-9.48227e-10
-8.55815e-10
-7.71656e-10
-6.95094e-10
-6.25517e-10
-5.62355e-10
-5.05077e-10
-4.5319e-10
-4.06237e-10
-3.63793e-10
-3.25466e-10
-2.90892e-10
-2.59738e-10
-2.31693e-10
-2.06475e-10
-1.83822e-10
-1.63495e-10
-1.45273e-10
-1.28957e-10
-1.14361e-10
-1.01318e-10
-8.96753e-11
-7.92929e-11
-7.00441e-11
-6.18137e-11
-5.44971e-11
-4.79997e-11
-4.22357e-11
-3.71275e-11
-3.26053e-11
-2.8606e-11
-2.50727e-11
-2.19544e-11
-1.92052e-11
-1.67838e-11
-1.46534e-11
-1.27809e-11
-1.11368e-11
-9.69476e-12
-8.43118e-12
-7.32514e-12
-6.35798e-12
-5.51313e-12
-4.77588e-12
-4.13318e-12
-3.57348e-12
-3.08655e-12
-2.66337e-12
-2.29597e-12
-1.97732e-12
-1.70123e-12
-1.46226e-12
-1.25563e-12
-1.07715e-12
-9.23138e-13
-7.90373e-13
-6.76042e-13
-5.77685e-13
-4.93156e-13
-4.20585e-13
-3.58343e-13
-3.05014e-13
-2.59368e-13
-2.20338e-13
-1.86998e-13
-1.58548e-13
-1.34296e-13
-1.13642e-13
-9.60706e-14
-8.11369e-14
-6.84577e-14
-5.77035e-14
-4.85912e-14
-4.0878e-14
-3.43555e-14
-2.88456e-14
-2.41957e-14
-2.02756e-14
-1.6974e-14
-1.41962e-14
-1.18614e-14
-9.90087e-15
-8.25634e-15
-6.87825e-15
-5.72459e-15
-4.75977e-15
-3.95371e-15
-3.28094e-15
-3.12175e-08
-3.31984e-08
-3.52706e-08
-3.74355e-08
-3.96945e-08
-4.20488e-08
-4.44992e-08
-4.70464e-08
-4.96909e-08
-5.24329e-08
-5.52721e-08
-5.82082e-08
-6.12404e-08
-6.43677e-08
-6.75886e-08
-7.09015e-08
-7.43041e-08
-7.7794e-08
-8.13684e-08
-8.50239e-08
-8.87569e-08
-9.25633e-08
-9.64388e-08
-1.00378e-07
-1.04377e-07
-1.08429e-07
-1.12528e-07
-1.16669e-07
-1.20843e-07
-1.25045e-07
-1.29267e-07
-1.335e-07
-1.37738e-07
-1.41972e-07
-1.46192e-07
-1.50392e-07
-1.54561e-07
-1.5869e-07
-1.62771e-07
-1.66794e-07
-1.7075e-07
-1.74628e-07
-1.7842e-07
-1.82117e-07
-1.85709e-07
-1.89187e-07
-1.92542e-07
-1.95765e-07
-1.98848e-07
-2.01782e-07
-2.0456e-07
-2.07174e-07
-2.09616e-07
-2.1188e-07
-2.13959e-07
-2.15848e-07
-2.17541e-07
-2.19033e-07
-2.2032e-07
-2.21398e-07
-2.22265e-07
-2.22917e-07
-2.23353e-07
-2.23571e-07
-2.23571e-07
-2.23353e-07
-2.22917e-07
-2.22265e-07
-2.21398e-07
-2.2032e-07
-2.19033e-07
-2.17541e-07
-2.15848e-07
-2.13959e-07
-2.1188e-07
-2.09616e-07
-2.07174e-07
-2.0456e-07
-2.01782e-07
-1.98848e-07
-1.95765e-07
-1.92542e-07
-1.89187e-07
-1.85709e-07
-1.82117e-07
-1.7842e-07
-1.74628e-07
-1.7075e-07
-1.66794e-07
-1.62771e-07
-1.5869e-07
-1.54561e-07
-1.50392e-07
-1.46192e-07
-1.41972e-07
-1.37738e-07
-1.335e-07
-1.29267e-07
-1.25045e-07
-1.20843e-07
-1.16669e-07
-1.12528e-07
-1.08429e-07
-1.04377e-07
-1.00378e-07
-9.64388e-08
-9.25633e-08
-8.87569e-08
-8.50239e-08
-8.13684e-08
-7.7794e-08
-7.43041e-08
-7.09015e-08
-6.75886e-08
-6.43677e-08
-6.12404e-08
-5.82082e-08
-5.52721e-08
-5.24329e-08
-4.96909e-08
-4.70464e-08
-4.44992e-08
-4.20488e-08
-3.96945e-08
-3.74355e-08
-3.52706e-08
-3.31984e-08
-3.12175e-08
-2.93261e-08
-2.75225e-08
-2.58045e-08
-2.41702e-08
-2.26173e-08
-2.11435e-08
-1.97464e-08
-1.84236e-08
-1.71727e-08
-1.59911e-08
-1.48763e-08
-1.38257e-08
-1.28367e-08
-1.19068e-08
-1.10335e-08
-1.02143e-08
-9.44671e-09
-8.72825e-09
-8.05656e-09
-7.4293e-09
-6.84419e-09
-6.29901e-09
-5.7916e-09
-5.31986e-09
-4.88178e-09
-4.4754e-09
-4.09885e-09
-3.75031e-09
-3.42806e-09
-3.13044e-09
-2.85587e-09
-2.60284e-09
-2.36991e-09
-2.15573e-09
-1.95898e-09
-1.77845e-09
-1.61299e-09
-1.46149e-09
-1.32293e-09
-1.19633e-09
-1.0808e-09
-9.75465e-10
-8.79539e-10
-7.92273e-10
-7.12969e-10
-6.40976e-10
-5.7569e-10
-5.1655e-10
-4.63032e-10
-4.14654e-10
-3.70968e-10
-3.31561e-10
-2.96051e-10
-2.64086e-10
-2.35342e-10
-2.09522e-10
-1.86353e-10
-1.65584e-10
-1.46986e-10
-1.30349e-10
-1.15483e-10
-1.02213e-10
-9.03786e-11
-7.98368e-11
-7.04557e-11
-6.21162e-11
-5.47104e-11
-4.81405e-11
-4.23183e-11
-3.71638e-11
-3.26053e-11
-2.85781e-11
-2.50238e-11
-2.18902e-11
-1.91303e-11
-1.6702e-11
-1.45678e-11
-1.26938e-11
-1.10502e-11
-9.60993e-12
-8.34925e-12
-7.24687e-12
-6.28391e-12
-5.44358e-12
-4.71103e-12
-4.07307e-12
-3.51807e-12
-3.03573e-12
-2.61697e-12
-2.25376e-12
-1.93907e-12
-1.6667e-12
-1.43118e-12
-1.22775e-12
-1.0522e-12
-9.00873e-13
-7.70558e-13
-6.5845e-13
-5.62103e-13
-4.79385e-13
-4.08442e-13
-3.47657e-13
-2.95629e-13
-2.51143e-13
-2.13142e-13
-1.80715e-13
-1.53071e-13
-1.2953e-13
-1.09502e-13
-9.24804e-14
-7.80286e-14
-6.57709e-14
-5.53846e-14
-4.6593e-14
-3.91587e-14
-3.28785e-14
-2.75785e-14
-2.31103e-14
-1.93471e-14
-1.61809e-14
-1.35197e-14
-1.12851e-14
-9.41064e-15
-7.83988e-15
-6.52493e-15
-5.42523e-15
-4.50646e-15
-3.73964e-15
-3.55472e-08
-3.78029e-08
-4.01624e-08
-4.26276e-08
-4.52e-08
-4.78807e-08
-5.0671e-08
-5.35715e-08
-5.65828e-08
-5.9705e-08
-6.2938e-08
-6.62814e-08
-6.97341e-08
-7.32952e-08
-7.69628e-08
-8.07352e-08
-8.46097e-08
-8.85837e-08
-9.26538e-08
-9.68162e-08
-1.01067e-07
-1.05401e-07
-1.09814e-07
-1.143e-07
-1.18854e-07
-1.23468e-07
-1.28135e-07
-1.3285e-07
-1.37604e-07
-1.42388e-07
-1.47195e-07
-1.52016e-07
-1.56842e-07
-1.61662e-07
-1.66469e-07
-1.7125e-07
-1.75998e-07
-1.807e-07
-1.85347e-07
-1.89928e-07
-1.94432e-07
-1.98848e-07
-2.03166e-07
-2.07376e-07
-2.11466e-07
-2.15426e-07
-2.19247e-07
-2.22917e-07
-2.26427e-07
-2.29769e-07
-2.32932e-07
-2.35908e-07
-2.38688e-07
-2.41266e-07
-2.43634e-07
-2.45785e-07
-2.47712e-07
-2.49411e-07
-2.50877e-07
-2.52105e-07
-2.53092e-07
-2.53834e-07
-2.54331e-07
-2.54579e-07
-2.54579e-07
-2.54331e-07
-2.53834e-07
-2.53092e-07
-2.52105e-07
-2.50877e-07
-2.49411e-07
-2.47712e-07
-2.45785e-07
-2.43634e-07
-2.41266e-07
-2.38688e-07
-2.35908e-07
-2.32932e-07
-2.29769e-07
-2.26427e-07
-2.22917e-07
-2.19247e-07
-2.15426e-07
-2.11466e-07
-2.07376e-07
-2.03166e-07
-1.98848e-07
-1.94432e-07
-1.89928e-07
-1.85347e-07
-1.807e-07
-1.75998e-07
-1.7125e-07
-1.66469e-07
-1.61662e-07
-1.56842e-07
-1.52016e-07
-1.47195e-07
-1.42388e-07
-1.37604e-07
-1.3285e-07
-1.28135e-07
-1.23468e-07
-1.18854e-07
-1.143e-07
-1.09814e-07
-1.05401e-07
-1.01067e-07
-9.68162e-08
-9.26538e-08
-8.85837e-08
-8.46097e-08
-8.07352e-08
-7.69628e-08
-7.32952e-08
-6.97341e-08
-6.62814e-08
-6.2938e-08
-5.9705e-08
-5.65828e-08
-5.35715e-08
-5.0671e-08
-4.78807e-08
-4.52e-08
-4.26276e-08
-4.01624e-08
-3.78029e-08
-3.55472e-08
-3.33935e-08
-3.13397e-08
-2.93835e-08
-2.75225e-08
-2.57542e-08
-2.40759e-08
-2.24851e-08
-2.09789e-08
-1.95545e-08
-1.8209e-08
-1.69395e-08
-1.57432e-08
-1.46171e-08
-1.35582e-08
-1.25638e-08
-1.1631e-08
-1.07569e-08
-9.93881e-09
-9.17396e-09
-8.45971e-09
-7.79345e-09
-7.17265e-09
-6.59487e-09
-6.0577e-09
-5.55886e-09
-5.09612e-09
-4.66734e-09
-4.27046e-09
-3.90351e-09
-3.56462e-09
-3.25197e-09
-2.96384e-09
-2.69861e-09
-2.45471e-09
-2.23068e-09
-2.02512e-09
-1.8367e-09
-1.66419e-09
-1.50641e-09
-1.36226e-09
-1.2307e-09
-1.11076e-09
-1.00153e-09
-9.02157e-10
-8.11854e-10
-7.29876e-10
-6.55536e-10
-5.88193e-10
-5.27252e-10
-4.72165e-10
-4.2242e-10
-3.77547e-10
-3.37112e-10
-3.00713e-10
-2.67982e-10
-2.38581e-10
-2.12199e-10
-1.88549e-10
-1.67372e-10
-1.48428e-10
-1.315e-10
-1.16389e-10
-1.02914e-10
-9.09097e-11
-8.02275e-11
-7.07315e-11
-6.22985e-11
-5.48174e-11
-4.81876e-11
-4.23183e-11
-3.71275e-11
-3.25417e-11
-2.84945e-11
-2.49263e-11
-2.17836e-11
-1.90185e-11
-1.65883e-11
-1.44544e-11
-1.25828e-11
-1.09428e-11
-9.50725e-12
-8.25198e-12
-7.15545e-12
-6.19858e-12
-5.36442e-12
-4.63799e-12
-4.00601e-12
-3.45677e-12
-2.97993e-12
-2.56635e-12
-2.20801e-12
-1.89786e-12
-1.62968e-12
-1.39803e-12
-1.19813e-12
-1.02582e-12
-8.7743e-13
-7.49773e-13
-6.40064e-13
-5.45874e-13
-4.6509e-13
-3.95875e-13
-3.36632e-13
-2.85975e-13
-2.42704e-13
-2.05779e-13
-1.74301e-13
-1.47495e-13
-1.24689e-13
-1.05307e-13
-8.88508e-14
-7.48929e-14
-6.30662e-14
-5.30552e-14
-4.45898e-14
-3.74385e-14
-3.14035e-14
-2.63156e-14
-2.20305e-14
-1.84251e-14
-1.53948e-14
-1.28503e-14
-1.07158e-14
-8.92723e-15
-7.4299e-15
-6.17768e-15
-5.13149e-15
-4.25831e-15
-4.04379e-08
-4.30039e-08
-4.56881e-08
-4.84925e-08
-5.14187e-08
-5.44683e-08
-5.76425e-08
-6.09421e-08
-6.43677e-08
-6.79195e-08
-7.15973e-08
-7.54006e-08
-7.93284e-08
-8.33794e-08
-8.75516e-08
-9.1843e-08
-9.62506e-08
-1.00771e-07
-1.05401e-07
-1.10137e-07
-1.14972e-07
-1.19903e-07
-1.24923e-07
-1.30026e-07
-1.35206e-07
-1.40455e-07
-1.45765e-07
-1.51128e-07
-1.56536e-07
-1.61978e-07
-1.67447e-07
-1.72931e-07
-1.7842e-07
-1.83904e-07
-1.89372e-07
-1.94812e-07
-2.00212e-07
-2.05561e-07
-2.10848e-07
-2.16058e-07
-2.21182e-07
-2.26206e-07
-2.31119e-07
-2.35908e-07
-2.4056e-07
-2.45066e-07
-2.49411e-07
-2.53587e-07
-2.5758e-07
-2.61381e-07
-2.64979e-07
-2.68364e-07
-2.71528e-07
-2.7446e-07
-2.77154e-07
-2.796e-07
-2.81793e-07
-2.83726e-07
-2.85394e-07
-2.86791e-07
-2.87913e-07
-2.88758e-07
-2.89322e-07
-2.89605e-07
-2.89605e-07
-2.89322e-07
-2.88758e-07
-2.87913e-07
-2.86791e-07
-2.85394e-07
-2.83726e-07
-2.81793e-07
-2.796e-07
-2.77154e-07
-2.7446e-07
-2.71528e-07
-2.68364e-07
-2.64979e-07
-2.61381e-07
-2.5758e-07
-2.53587e-07
-2.49411e-07
-2.45066e-07
-2.4056e-07
-2.35908e-07
-2.31119e-07
-2.26206e-07
-2.21182e-07
-2.16058e-07
-2.10848e-07
-2.05561e-07
-2.00212e-07
-1.94812e-07
-1.89372e-07
-1.83904e-07
-1.7842e-07
-1.72931e-07
-1.67447e-07
-1.61978e-07
-1.56536e-07
-1.51128e-07
-1.45765e-07
-1.40455e-07
-1.35206e-07
-1.30026e-07
-1.24923e-07
-1.19903e-07
-1.14972e-07
-1.10137e-07
-1.05401e-07
-1.00771e-07
-9.62506e-08
-9.1843e-08
-8.75516e-08
-8.33794e-08
-7.93284e-08
-7.54006e-08
-7.15973e-08
-6.79195e-08
-6.43677e-08
-6.09421e-08
-5.76425e-08
-5.44683e-08
-5.14187e-08
-4.84925e-08
-4.56881e-08
-4.30039e-08
-4.04379e-08
-3.79879e-08
-3.56515e-08
-3.34261e-08
-3.13091e-08
-2.92975e-08
-2.73884e-08
-2.55787e-08
-2.38653e-08
-2.22449e-08
-2.07143e-08
-1.92701e-08
-1.79092e-08
-1.66281e-08
-1.54236e-08
-1.42924e-08
-1.32312e-08
-1.22369e-08
-1.13062e-08
-1.04362e-08
-9.62363e-09
-8.8657e-09
-8.15949e-09
-7.50221e-09
-6.89114e-09
-6.32367e-09
-5.79726e-09
-5.30948e-09
-4.858e-09
-4.44057e-09
-4.05505e-09
-3.69938e-09
-3.37162e-09
-3.06989e-09
-2.79244e-09
-2.53759e-09
-2.30374e-09
-2.0894e-09
-1.89315e-09
-1.71367e-09
-1.54968e-09
-1.40002e-09
-1.26358e-09
-1.13932e-09
-1.02628e-09
-9.23551e-10
-8.30295e-10
-7.45727e-10
-6.69118e-10
-5.99794e-10
-5.37127e-10
-4.80538e-10
-4.29491e-10
-3.83493e-10
-3.42086e-10
-3.04852e-10
-2.71406e-10
-2.41394e-10
-2.1449e-10
-1.904e-10
-1.68849e-10
-1.49592e-10
-1.32402e-10
-1.17073e-10
-1.03417e-10
-9.12655e-11
-8.04629e-11
-7.08697e-11
-6.23594e-11
-5.48174e-11
-4.81405e-11
-4.22357e-11
-3.70189e-11
-3.24149e-11
-2.83557e-11
-2.47806e-11
-2.16352e-11
-1.88705e-11
-1.64431e-11
-1.43139e-11
-1.24483e-11
-1.08153e-11
-9.38731e-12
-8.13993e-12
-7.0514e-12
-6.10248e-12
-5.2761e-12
-4.55717e-12
-3.93237e-12
-3.38991e-12
-2.91944e-12
-2.5118e-12
-2.15897e-12
-1.8539e-12
-1.59037e-12
-1.36298e-12
-1.16696e-12
-9.9815e-13
-8.5293e-13
-7.28126e-13
-6.20977e-13
-5.29079e-13
-4.50341e-13
-3.82947e-13
-3.2532e-13
-2.76096e-13
-2.34091e-13
-1.98282e-13
-1.67788e-13
-1.41845e-13
-1.19796e-13
-1.01075e-13
-8.5197e-14
-7.17431e-14
-6.03547e-14
-5.07246e-14
-4.25895e-14
-3.57241e-14
-2.99362e-14
-2.50615e-14
-2.09601e-14
-1.75128e-14
-1.46182e-14
-1.21902e-14
-1.01555e-14
-8.45214e-15
-7.02762e-15
-5.8375e-15
-4.84418e-15
-4.59566e-08
-4.88728e-08
-5.19233e-08
-5.51104e-08
-5.8436e-08
-6.19018e-08
-6.55091e-08
-6.92591e-08
-7.31521e-08
-7.71886e-08
-8.13684e-08
-8.56907e-08
-9.01546e-08
-9.47584e-08
-9.95001e-08
-1.04377e-07
-1.09386e-07
-1.14524e-07
-1.19786e-07
-1.25167e-07
-1.30663e-07
-1.36266e-07
-1.41972e-07
-1.47771e-07
-1.53658e-07
-1.59623e-07
-1.65658e-07
-1.71753e-07
-1.77899e-07
-1.84084e-07
-1.90299e-07
-1.96531e-07
-2.0277e-07
-2.09002e-07
-2.15216e-07
-2.21398e-07
-2.27536e-07
-2.33615e-07
-2.39623e-07
-2.45545e-07
-2.51368e-07
-2.57077e-07
-2.6266e-07
-2.68103e-07
-2.7339e-07
-2.7851e-07
-2.83449e-07
-2.88194e-07
-2.92733e-07
-2.97052e-07
-3.01142e-07
-3.04989e-07
-3.08584e-07
-3.11917e-07
-3.14978e-07
-3.17758e-07
-3.20251e-07
-3.22447e-07
-3.24342e-07
-3.2593e-07
-3.27205e-07
-3.28165e-07
-3.28807e-07
-3.29128e-07
-3.29128e-07
-3.28807e-07
-3.28165e-07
-3.27205e-07
-3.2593e-07
-3.24342e-07
-3.22447e-07
-3.20251e-07
-3.17758e-07
-3.14978e-07
-3.11917e-07
-3.08584e-07
-3.04989e-07
-3.01142e-07
-2.97052e-07
-2.92733e-07
-2.88194e-07
-2.83449e-07
-2.7851e-07
-2.7339e-07
-2.68103e-07
-2.6266e-07
-2.57077e-07
-2.51368e-07
-2.45545e-07
-2.39623e-07
-2.33615e-07
-2.27536e-07
-2.21398e-07
-2.15216e-07
-2.09002e-07
-2.0277e-07
-1.96531e-07
-1.90299e-07
-1.84084e-07
-1.77899e-07
-1.71753e-07
-1.65658e-07
-1.59623e-07
-1.53658e-07
-1.47771e-07
-1.41972e-07
-1.36266e-07
-1.30663e-07
-1.25167e-07
-1.19786e-07
-1.14524e-07
-1.09386e-07
-1.04377e-07
-9.95001e-08
-9.47584e-08
-9.01546e-08
-8.56907e-08
-8.13684e-08
-7.71886e-08
-7.31521e-08
-6.92591e-08
-6.55091e-08
-6.19018e-08
-5.8436e-08
-5.51104e-08
-5.19233e-08
-4.88728e-08
-4.59566e-08
-4.31722e-08
-4.0517e-08
-3.79879e-08
-3.55819e-08
-3.32958e-08
-3.11262e-08
-2.90695e-08
-2.71222e-08
-2.52807e-08
-2.35412e-08
-2.19e-08
-2.03533e-08
-1.88974e-08
-1.75285e-08
-1.62429e-08
-1.50369e-08
-1.39069e-08
-1.28492e-08
-1.18604e-08
-1.0937e-08
-1.00756e-08
-9.27304e-09
-8.52606e-09
-7.8316e-09
-7.18668e-09
-6.58843e-09
-6.03408e-09
-5.52099e-09
-5.04659e-09
-4.60846e-09
-4.20425e-09
-3.83175e-09
-3.48885e-09
-3.17353e-09
-2.8839e-09
-2.61814e-09
-2.37455e-09
-2.15152e-09
-1.94754e-09
-1.76117e-09
-1.59109e-09
-1.43602e-09
-1.29481e-09
-1.16634e-09
-1.04959e-09
-9.43608e-10
-8.47498e-10
-7.60435e-10
-6.81649e-10
-6.1043e-10
-5.46118e-10
-4.88105e-10
-4.35829e-10
-3.88772e-10
-3.46457e-10
-3.08446e-10
-2.74338e-10
-2.43763e-10
-2.16384e-10
-1.91893e-10
-1.70008e-10
-1.50471e-10
-1.3305e-10
-1.17531e-10
-1.03721e-10
-9.1444e-11
-8.05416e-11
-7.08697e-11
-6.22985e-11
-5.47104e-11
-4.79997e-11
-4.2071e-11
-3.68386e-11
-3.22255e-11
-2.81625e-11
-2.45878e-11
-2.14458e-11
-1.86871e-11
-1.62674e-11
-1.41472e-11
-1.22913e-11
-1.06684e-11
-9.25081e-12
-8.01373e-12
-6.9353e-12
-5.99615e-12
-5.17911e-12
-4.46903e-12
-3.85255e-12
-3.31786e-12
-2.85459e-12
-2.45361e-12
-2.1069e-12
-1.80742e-12
-1.54899e-12
-1.32621e-12
-1.13437e-12
-9.69331e-13
-8.27495e-13
-7.05724e-13
-6.01284e-13
-5.118e-13
-4.35209e-13
-3.69718e-13
-3.13775e-13
-2.66038e-13
-2.25343e-13
-1.90686e-13
-1.61202e-13
-1.36144e-13
-1.14869e-13
-9.68241e-14
-8.1534e-14
-6.85915e-14
-5.76472e-14
-4.84018e-14
-4.05995e-14
-3.40217e-14
-2.84817e-14
-2.38206e-14
-1.99029e-14
-1.66132e-14
-1.38538e-14
-1.15414e-14
-9.60562e-15
-7.98671e-15
-6.63416e-15
-5.50528e-15
-5.21775e-08
-5.54884e-08
-5.89519e-08
-6.25703e-08
-6.63461e-08
-7.02811e-08
-7.43767e-08
-7.86342e-08
-8.30543e-08
-8.76372e-08
-9.23827e-08
-9.72901e-08
-1.02358e-07
-1.07585e-07
-1.12969e-07
-1.18506e-07
-1.24193e-07
-1.30026e-07
-1.36001e-07
-1.4211e-07
-1.4835e-07
-1.54712e-07
-1.61189e-07
-1.67774e-07
-1.74458e-07
-1.8123e-07
-1.88082e-07
-1.95002e-07
-2.0198e-07
-2.09002e-07
-2.16058e-07
-2.23135e-07
-2.30218e-07
-2.37294e-07
-2.44349e-07
-2.51368e-07
-2.58336e-07
-2.65238e-07
-2.72059e-07
-2.78783e-07
-2.85394e-07
-2.91876e-07
-2.98215e-07
-3.04394e-07
-3.10398e-07
-3.16211e-07
-3.21818e-07
-3.27205e-07
-3.32358e-07
-3.37263e-07
-3.41905e-07
-3.46273e-07
-3.50355e-07
-3.54139e-07
-3.57614e-07
-3.60771e-07
-3.63601e-07
-3.66095e-07
-3.68246e-07
-3.70049e-07
-3.71497e-07
-3.72587e-07
-3.73316e-07
-3.7368e-07
-3.7368e-07
-3.73316e-07
-3.72587e-07
-3.71497e-07
-3.70049e-07
-3.68246e-07
-3.66095e-07
-3.63601e-07
-3.60771e-07
-3.57614e-07
-3.54139e-07
-3.50355e-07
-3.46273e-07
-3.41905e-07
-3.37263e-07
-3.32358e-07
-3.27205e-07
-3.21818e-07
-3.16211e-07
-3.10398e-07
-3.04394e-07
-2.98215e-07
-2.91876e-07
-2.85394e-07
-2.78783e-07
-2.72059e-07
-2.65238e-07
-2.58336e-07
-2.51368e-07
-2.44349e-07
-2.37294e-07
-2.30218e-07
-2.23135e-07
-2.16058e-07
-2.09002e-07
-2.0198e-07
-1.95002e-07
-1.88082e-07
-1.8123e-07
-1.74458e-07
-1.67774e-07
-1.61189e-07
-1.54712e-07
-1.4835e-07
-1.4211e-07
-1.36001e-07
-1.30026e-07
-1.24193e-07
-1.18506e-07
-1.12969e-07
-1.07585e-07
-1.02358e-07
-9.72901e-08
-9.23827e-08
-8.76372e-08
-8.30543e-08
-7.86342e-08
-7.43767e-08
-7.02811e-08
-6.63461e-08
-6.25703e-08
-5.89519e-08
-5.54884e-08
-5.21775e-08
-4.90162e-08
-4.60015e-08
-4.31301e-08
-4.03984e-08
-3.78029e-08
-3.53395e-08
-3.30045e-08
-3.07936e-08
-2.87028e-08
-2.67278e-08
-2.48645e-08
-2.31084e-08
-2.14555e-08
-1.99013e-08
-1.84416e-08
-1.70724e-08
-1.57894e-08
-1.45885e-08
-1.34659e-08
-1.24175e-08
-1.14395e-08
-1.05283e-08
-9.68018e-09
-8.89171e-09
-8.15949e-09
-7.48026e-09
-6.85088e-09
-6.26833e-09
-5.72972e-09
-5.23227e-09
-4.77335e-09
-4.35043e-09
-3.96112e-09
-3.60312e-09
-3.27427e-09
-2.97254e-09
-2.69598e-09
-2.44276e-09
-2.21116e-09
-1.99957e-09
-1.80646e-09
-1.63041e-09
-1.47008e-09
-1.32422e-09
-1.19167e-09
-1.07134e-09
-9.62219e-10
-8.6337e-10
-7.7392e-10
-6.9306e-10
-6.20043e-10
-5.54177e-10
-4.94824e-10
-4.41397e-10
-3.93354e-10
-3.50198e-10
-3.11473e-10
-2.76759e-10
-2.45675e-10
-2.17868e-10
-1.93021e-10
-1.7084e-10
-1.5106e-10
-1.33441e-10
-1.17761e-10
-1.03822e-10
-9.1444e-11
-8.04629e-11
-7.07315e-11
-6.21162e-11
-5.44971e-11
-4.77659e-11
-4.18252e-11
-3.65876e-11
-3.19747e-11
-2.79161e-11
-2.43488e-11
-2.12167e-11
-1.84694e-11
-1.60622e-11
-1.39551e-11
-1.21125e-11
-1.0503e-11
-9.0985e-12
-7.87409e-12
-6.80781e-12
-5.88017e-12
-5.07398e-12
-4.37404e-12
-3.76698e-12
-3.241e-12
-2.78575e-12
-2.3921e-12
-2.05207e-12
-1.75866e-12
-1.50573e-12
-1.28792e-12
-1.10054e-12
-9.39508e-13
-8.01253e-13
-6.82676e-13
-5.8108e-13
-4.9412e-13
-4.19764e-13
-3.56249e-13
-3.0205e-13
-2.55846e-13
-2.16498e-13
-1.83023e-13
-1.54573e-13
-1.30418e-13
-1.09931e-13
-9.25708e-14
-7.78763e-14
-6.54505e-14
-5.49536e-14
-4.60952e-14
-3.8627e-14
-3.23371e-14
-2.70451e-14
-2.2597e-14
-1.88621e-14
-1.57291e-14
-1.31037e-14
-1.09059e-14
-9.06782e-15
-7.53218e-15
-6.2505e-15
-5.91826e-08
-6.2938e-08
-6.68665e-08
-7.09708e-08
-7.52534e-08
-7.97167e-08
-8.43622e-08
-8.91913e-08
-9.42048e-08
-9.9403e-08
-1.04786e-07
-1.10352e-07
-1.161e-07
-1.22029e-07
-1.28135e-07
-1.34416e-07
-1.40867e-07
-1.47483e-07
-1.54259e-07
-1.61189e-07
-1.68267e-07
-1.75483e-07
-1.8283e-07
-1.90299e-07
-1.9788e-07
-2.05561e-07
-2.13333e-07
-2.21182e-07
-2.29096e-07
-2.37062e-07
-2.45066e-07
-2.53092e-07
-2.61126e-07
-2.69152e-07
-2.77154e-07
-2.85115e-07
-2.93019e-07
-3.00848e-07
-3.08584e-07
-3.16211e-07
-3.23709e-07
-3.31062e-07
-3.38252e-07
-3.4526e-07
-3.5207e-07
-3.58664e-07
-3.65024e-07
-3.71135e-07
-3.76979e-07
-3.82542e-07
-3.87808e-07
-3.92763e-07
-3.97392e-07
-4.01684e-07
-4.05626e-07
-4.09207e-07
-4.12416e-07
-4.15245e-07
-4.17686e-07
-4.1973e-07
-4.21373e-07
-4.22609e-07
-4.23435e-07
-4.23849e-07
-4.23849e-07
-4.23435e-07
-4.22609e-07
-4.21373e-07
-4.1973e-07
-4.17686e-07
-4.15245e-07
-4.12416e-07
-4.09207e-07
-4.05626e-07
-4.01684e-07
-3.97392e-07
-3.92763e-07
-3.87808e-07
-3.82542e-07
-3.76979e-07
-3.71135e-07
-3.65024e-07
-3.58664e-07
-3.5207e-07
-3.4526e-07
-3.38252e-07
-3.31062e-07
-3.23709e-07
-3.16211e-07
-3.08584e-07
-3.00848e-07
-2.93019e-07
-2.85115e-07
-2.77154e-07
-2.69152e-07
-2.61126e-07
-2.53092e-07
-2.45066e-07
-2.37062e-07
-2.29096e-07
-2.21182e-07
-2.13333e-07
-2.05561e-07
-1.9788e-07
-1.90299e-07
-1.8283e-07
-1.75483e-07
-1.68267e-07
-1.61189e-07
-1.54259e-07
-1.47483e-07
-1.40867e-07
-1.34416e-07
-1.28135e-07
-1.22029e-07
-1.161e-07
-1.10352e-07
-1.04786e-07
-9.9403e-08
-9.42048e-08
-8.91913e-08
-8.43622e-08
-7.97167e-08
-7.52534e-08
-7.09708e-08
-6.68665e-08
-6.2938e-08
-5.91826e-08
-5.55969e-08
-5.21775e-08
-4.89206e-08
-4.58222e-08
-4.28781e-08
-4.00841e-08
-3.74355e-08
-3.49278e-08
-3.25563e-08
-3.03162e-08
-2.82027e-08
-2.62109e-08
-2.4336e-08
-2.25731e-08
-2.09175e-08
-1.93645e-08
-1.79092e-08
-1.65471e-08
-1.52737e-08
-1.40846e-08
-1.29753e-08
-1.19418e-08
-1.09798e-08
-1.00855e-08
-9.25495e-09
-8.48453e-09
-7.77065e-09
-7.10989e-09
-6.49897e-09
-5.93474e-09
-5.4142e-09
-4.9345e-09
-4.49292e-09
-4.08686e-09
-3.71386e-09
-3.37162e-09
-3.05793e-09
-2.77071e-09
-2.50802e-09
-2.26802e-09
-2.04899e-09
-1.8493e-09
-1.66744e-09
-1.502e-09
-1.35166e-09
-1.21517e-09
-1.0914e-09
-9.79282e-10
-8.77823e-10
-7.86107e-10
-7.03287e-10
-6.28578e-10
-5.61257e-10
-5.00657e-10
-4.46164e-10
-3.97214e-10
-3.5329e-10
-3.13916e-10
-2.78658e-10
-2.47118e-10
-2.18935e-10
-1.93776e-10
-1.71341e-10
-1.51356e-10
-1.33571e-10
-1.17761e-10
-1.03721e-10
-9.12655e-11
-8.02275e-11
-7.04557e-11
-6.18137e-11
-5.41788e-11
-4.74405e-11
-4.14997e-11
-3.62675e-11
-3.1664e-11
-2.76178e-11
-2.40652e-11
-2.09491e-11
-1.82186e-11
-1.58286e-11
-1.37387e-11
-1.19131e-11
-1.032e-11
-8.93123e-12
-7.72179e-12
-6.66962e-12
-5.75519e-12
-4.96128e-12
-4.27272e-12
-3.67612e-12
-3.15975e-12
-2.71325e-12
-2.32758e-12
-1.99477e-12
-1.70789e-12
-1.46083e-12
-1.2483e-12
-1.06564e-12
-9.08826e-13
-7.74329e-13
-6.59093e-13
-5.60458e-13
-4.7612e-13
-4.04077e-13
-3.42601e-13
-2.90195e-13
-2.45565e-13
-2.07595e-13
-1.75326e-13
-1.47928e-13
-1.24689e-13
-1.04999e-13
-8.83317e-14
-7.42376e-14
-6.23314e-14
-5.22837e-14
-4.38128e-14
-3.66786e-14
-3.0676e-14
-2.56308e-14
-2.13944e-14
-1.78408e-14
-1.4863e-14
-1.23701e-14
-1.02852e-14
-8.54342e-15
-7.08966e-15
-6.70627e-08
-7.13181e-08
-7.57696e-08
-8.04204e-08
-8.52733e-08
-9.03308e-08
-9.55949e-08
-1.01067e-07
-1.06748e-07
-1.12638e-07
-1.18738e-07
-1.25045e-07
-1.31559e-07
-1.38277e-07
-1.45197e-07
-1.52313e-07
-1.59623e-07
-1.6712e-07
-1.74799e-07
-1.82652e-07
-1.90671e-07
-1.98848e-07
-2.07174e-07
-2.15637e-07
-2.24227e-07
-2.32932e-07
-2.41738e-07
-2.50632e-07
-2.596e-07
-2.68627e-07
-2.77696e-07
-2.86791e-07
-2.95894e-07
-3.04989e-07
-3.14056e-07
-3.23078e-07
-3.32034e-07
-3.40905e-07
-3.49672e-07
-3.58314e-07
-3.66811e-07
-3.75143e-07
-3.8329e-07
-3.91231e-07
-3.98948e-07
-4.06419e-07
-4.13626e-07
-4.20551e-07
-4.27173e-07
-4.33477e-07
-4.39444e-07
-4.45058e-07
-4.50305e-07
-4.55168e-07
-4.59635e-07
-4.63692e-07
-4.67329e-07
-4.70535e-07
-4.733e-07
-4.75616e-07
-4.77478e-07
-4.78879e-07
-4.79815e-07
-4.80284e-07
-4.80284e-07
-4.79815e-07
-4.78879e-07
-4.77478e-07
-4.75616e-07
-4.733e-07
-4.70535e-07
-4.67329e-07
-4.63692e-07
-4.59635e-07
-4.55168e-07
-4.50305e-07
-4.45058e-07
-4.39444e-07
-4.33477e-07
-4.27173e-07
-4.20551e-07
-4.13626e-07
-4.06419e-07
-3.98948e-07
-3.91231e-07
-3.8329e-07
-3.75143e-07
-3.66811e-07
-3.58314e-07
-3.49672e-07
-3.40905e-07
-3.32034e-07
-3.23078e-07
-3.14056e-07
-3.04989e-07
-2.95894e-07
-2.86791e-07
-2.77696e-07
-2.68627e-07
-2.596e-07
-2.50632e-07
-2.41738e-07
-2.32932e-07
-2.24227e-07
-2.15637e-07
-2.07174e-07
-1.98848e-07
-1.90671e-07
-1.82652e-07
-1.74799e-07
-1.6712e-07
-1.59623e-07
-1.52313e-07
-1.45197e-07
-1.38277e-07
-1.31559e-07
-1.25045e-07
-1.18738e-07
-1.12638e-07
-1.06748e-07
-1.01067e-07
-9.55949e-08
-9.03308e-08
-8.52733e-08
-8.04204e-08
-7.57696e-08
-7.13181e-08
-6.70627e-08
-6.29995e-08
-5.91248e-08
-5.54342e-08
-5.19233e-08
-4.85873e-08
-4.54212e-08
-4.242e-08
-3.95784e-08
-3.68911e-08
-3.43527e-08
-3.19578e-08
-2.97008e-08
-2.75763e-08
-2.55787e-08
-2.37027e-08
-2.19428e-08
-2.02938e-08
-1.87504e-08
-1.73074e-08
-1.59599e-08
-1.4703e-08
-1.35318e-08
-1.24417e-08
-1.14283e-08
-1.04872e-08
-9.61423e-09
-8.8053e-09
-8.05656e-09
-7.36429e-09
-6.72494e-09
-6.1351e-09
-5.59153e-09
-5.09114e-09
-4.63101e-09
-4.20836e-09
-3.82054e-09
-3.46508e-09
-3.13963e-09
-2.84196e-09
-2.57001e-09
-2.32181e-09
-2.09553e-09
-1.88946e-09
-1.70199e-09
-1.53163e-09
-1.37697e-09
-1.23672e-09
-1.10967e-09
-9.94704e-10
-8.90776e-10
-7.96929e-10
-7.12273e-10
-6.35988e-10
-5.67319e-10
-5.0557e-10
-4.50103e-10
-4.0033e-10
-3.55713e-10
-3.15761e-10
-2.80022e-10
-2.48085e-10
-2.19577e-10
-1.94155e-10
-1.71508e-10
-1.51356e-10
-1.33441e-10
-1.17531e-10
-1.03417e-10
-9.09097e-11
-7.98368e-11
-7.00441e-11
-6.13926e-11
-5.37571e-11
-4.70254e-11
-4.10964e-11
-3.588e-11
-3.12951e-11
-2.72694e-11
-2.37384e-11
-2.06444e-11
-1.79362e-11
-1.5568e-11
-1.34993e-11
-1.16941e-11
-1.01204e-11
-8.74994e-12
-7.55767e-12
-6.52148e-12
-5.62187e-12
-4.84162e-12
-4.1656e-12
-3.58046e-12
-3.07452e-12
-2.63749e-12
-2.26038e-12
-1.93529e-12
-1.65534e-12
-1.41451e-12
-1.20753e-12
-1.02983e-12
-8.7743e-13
-7.4685e-13
-6.35083e-13
-5.39514e-13
-4.5788e-13
-3.88218e-13
-3.28834e-13
-2.78261e-13
-2.35236e-13
-1.9867e-13
-1.67624e-13
-1.41292e-13
-1.18979e-13
-1.00093e-13
-8.41222e-14
-7.06308e-14
-5.92452e-14
-4.96465e-14
-4.15623e-14
-3.47605e-14
-2.90435e-14
-2.42431e-14
-2.02163e-14
-1.68419e-14
-1.40171e-14
-1.16547e-14
-9.68096e-15
-8.03364e-15
-7.59178e-08
-8.07352e-08
-8.57744e-08
-9.10393e-08
-9.6533e-08
-1.02258e-07
-1.08217e-07
-1.14412e-07
-1.20843e-07
-1.27511e-07
-1.34416e-07
-1.41556e-07
-1.4893e-07
-1.56536e-07
-1.64369e-07
-1.72425e-07
-1.807e-07
-1.89187e-07
-1.9788e-07
-2.06769e-07
-2.15848e-07
-2.25105e-07
-2.34529e-07
-2.4411e-07
-2.53834e-07
-2.63688e-07
-2.73657e-07
-2.83726e-07
-2.93878e-07
-3.04097e-07
-3.14363e-07
-3.24659e-07
-3.34965e-07
-3.4526e-07
-3.55525e-07
-3.65738e-07
-3.75876e-07
-3.85919e-07
-3.95843e-07
-4.05626e-07
-4.15245e-07
-4.24678e-07
-4.339e-07
-4.42891e-07
-4.51626e-07
-4.60084e-07
-4.68243e-07
-4.76081e-07
-4.83578e-07
-4.90714e-07
-4.97469e-07
-5.03825e-07
-5.09764e-07
-5.15269e-07
-5.20326e-07
-5.24919e-07
-5.29036e-07
-5.32665e-07
-5.35795e-07
-5.38418e-07
-5.40525e-07
-5.42111e-07
-5.43171e-07
-5.43702e-07
-5.43702e-07
-5.43171e-07
-5.42111e-07
-5.40525e-07
-5.38418e-07
-5.35795e-07
-5.32665e-07
-5.29036e-07
-5.24919e-07
-5.20326e-07
-5.15269e-07
-5.09764e-07
-5.03825e-07
-4.97469e-07
-4.90714e-07
-4.83578e-07
-4.76081e-07
-4.68243e-07
-4.60084e-07
-4.51626e-07
-4.42891e-07
-4.339e-07
-4.24678e-07
-4.15245e-07
-4.05626e-07
-3.95843e-07
-3.85919e-07
-3.75876e-07
-3.65738e-07
-3.55525e-07
-3.4526e-07
-3.34965e-07
-3.24659e-07
-3.14363e-07
-3.04097e-07
-2.93878e-07
-2.83726e-07
-2.73657e-07
-2.63688e-07
-2.53834e-07
-2.4411e-07
-2.34529e-07
-2.25105e-07
-2.15848e-07
-2.06769e-07
-1.9788e-07
-1.89187e-07
-1.807e-07
-1.72425e-07
-1.64369e-07
-1.56536e-07
-1.4893e-07
-1.41556e-07
-1.34416e-07
-1.27511e-07
-1.20843e-07
-1.14412e-07
-1.08217e-07
-1.02258e-07
-9.6533e-08
-9.10393e-08
-8.57744e-08
-8.07352e-08
-7.59178e-08
-7.13181e-08
-6.69318e-08
-6.27539e-08
-5.87794e-08
-5.50029e-08
-5.14187e-08
-4.80212e-08
-4.48044e-08
-4.17623e-08
-3.88888e-08
-3.61776e-08
-3.36226e-08
-3.12175e-08
-2.89562e-08
-2.68324e-08
-2.48402e-08
-2.29734e-08
-2.12262e-08
-1.95927e-08
-1.80673e-08
-1.66444e-08
-1.53186e-08
-1.40846e-08
-1.29374e-08
-1.1872e-08
-1.08837e-08
-9.96797e-09
-9.12037e-09
-8.33669e-09
-7.61291e-09
-6.94519e-09
-6.32985e-09
-5.76339e-09
-5.2425e-09
-4.76404e-09
-4.32502e-09
-3.92262e-09
-3.55419e-09
-3.21722e-09
-2.90936e-09
-2.62838e-09
-2.37223e-09
-2.13895e-09
-1.92673e-09
-1.73387e-09
-1.55879e-09
-1.40002e-09
-1.2562e-09
-1.12605e-09
-1.0084e-09
-9.02157e-10
-8.06323e-10
-7.19965e-10
-6.42229e-10
-5.72327e-10
-5.09536e-10
-4.5319e-10
-4.02682e-10
-3.57454e-10
-3.16996e-10
-2.80843e-10
-2.4857e-10
-2.19792e-10
-1.94155e-10
-1.71341e-10
-1.5106e-10
-1.3305e-10
-1.17073e-10
-1.02914e-10
-9.03786e-11
-7.92929e-11
-6.9499e-11
-6.08554e-11
-5.32347e-11
-4.65229e-11
-4.06177e-11
-3.54274e-11
-3.08701e-11
-2.68729e-11
-2.33704e-11
-2.03045e-11
-1.76237e-11
-1.52818e-11
-1.32382e-11
-1.14567e-11
-9.9053e-12
-8.5556e-12
-7.38259e-12
-6.36419e-12
-5.48092e-12
-4.71563e-12
-4.05324e-12
-3.48049e-12
-2.98575e-12
-2.55884e-12
-2.19083e-12
-1.87392e-12
-1.60128e-12
-1.36698e-12
-1.16582e-12
-9.93288e-13
-8.45466e-13
-7.1894e-13
-6.10753e-13
-5.18339e-13
-4.39479e-13
-3.72254e-13
-3.15003e-13
-2.66298e-13
-2.24903e-13
-1.89758e-13
-1.59948e-13
-1.3469e-13
-1.13309e-13
-9.52299e-14
-7.9957e-14
-6.70681e-14
-5.62019e-14
-4.70502e-14
-3.93504e-14
-3.28785e-14
-2.74442e-14
-2.28857e-14
-1.90658e-14
-1.5868e-14
-1.31936e-14
-1.09593e-14
-9.09442e-15
-8.58582e-08
-9.13064e-08
-9.70055e-08
-1.0296e-07
-1.09173e-07
-1.15648e-07
-1.22387e-07
-1.29393e-07
-1.36666e-07
-1.44207e-07
-1.52016e-07
-1.60091e-07
-1.68431e-07
-1.77032e-07
-1.85891e-07
-1.95002e-07
-2.0436e-07
-2.13959e-07
-2.23789e-07
-2.33843e-07
-2.4411e-07
-2.54579e-07
-2.65238e-07
-2.76073e-07
-2.87071e-07
-2.98215e-07
-3.0949e-07
-3.20877e-07
-3.32358e-07
-3.43914e-07
-3.55525e-07
-3.67169e-07
-3.78824e-07
-3.90468e-07
-4.02077e-07
-4.13626e-07
-4.25093e-07
-4.3645e-07
-4.47674e-07
-4.58738e-07
-4.69616e-07
-4.80284e-07
-4.90714e-07
-5.00881e-07
-5.1076e-07
-5.20326e-07
-5.29553e-07
-5.38418e-07
-5.46897e-07
-5.54967e-07
-5.62606e-07
-5.69794e-07
-5.76511e-07
-5.82737e-07
-5.88456e-07
-5.93651e-07
-5.98307e-07
-6.02411e-07
-6.05951e-07
-6.08917e-07
-6.113e-07
-6.13094e-07
-6.14292e-07
-6.14893e-07
-6.14893e-07
-6.14292e-07
-6.13094e-07
-6.113e-07
-6.08917e-07
-6.05951e-07
-6.02411e-07
-5.98307e-07
-5.93651e-07
-5.88456e-07
-5.82737e-07
-5.76511e-07
-5.69794e-07
-5.62606e-07
-5.54967e-07
-5.46897e-07
-5.38418e-07
-5.29553e-07
-5.20326e-07
-5.1076e-07
-5.00881e-07
-4.90714e-07
-4.80284e-07
-4.69616e-07
-4.58738e-07
-4.47674e-07
-4.3645e-07
-4.25093e-07
-4.13626e-07
-4.02077e-07
-3.90468e-07
-3.78824e-07
-3.67169e-07
-3.55525e-07
-3.43914e-07
-3.32358e-07
-3.20877e-07
-3.0949e-07
-2.98215e-07
-2.87071e-07
-2.76073e-07
-2.65238e-07
-2.54579e-07
-2.4411e-07
-2.33843e-07
-2.23789e-07
-2.13959e-07
-2.0436e-07
-1.95002e-07
-1.85891e-07
-1.77032e-07
-1.68431e-07
-1.60091e-07
-1.52016e-07
-1.44207e-07
-1.36666e-07
-1.29393e-07
-1.22387e-07
-1.15648e-07
-1.09173e-07
-1.0296e-07
-9.70055e-08
-9.13064e-08
-8.58582e-08
-8.06564e-08
-7.56957e-08
-7.09708e-08
-6.64758e-08
-6.22048e-08
-5.81514e-08
-5.4309e-08
-5.0671e-08
-4.72306e-08
-4.39808e-08
-4.09146e-08
-3.8025e-08
-3.5305e-08
-3.27476e-08
-3.03458e-08
-2.80927e-08
-2.59815e-08
-2.40055e-08
-2.21582e-08
-2.0433e-08
-1.88238e-08
-1.73243e-08
-1.59288e-08
-1.46313e-08
-1.34265e-08
-1.23088e-08
-1.12732e-08
-1.03146e-08
-9.42828e-09
-8.60973e-09
-7.85457e-09
-7.15866e-09
-6.51803e-09
-5.92894e-09
-5.38783e-09
-4.89133e-09
-4.43624e-09
-4.01957e-09
-3.63848e-09
-3.2903e-09
-2.97254e-09
-2.68284e-09
-2.41902e-09
-2.17901e-09
-1.96089e-09
-1.76289e-09
-1.58334e-09
-1.42068e-09
-1.27349e-09
-1.14043e-09
-1.02028e-09
-9.11901e-10
-8.14236e-10
-7.26321e-10
-6.47266e-10
-5.76253e-10
-5.1253e-10
-4.55409e-10
-4.04258e-10
-3.58503e-10
-3.17616e-10
-2.81118e-10
-2.4857e-10
-2.19577e-10
-1.93776e-10
-1.7084e-10
-1.50471e-10
-1.32402e-10
-1.16389e-10
-1.02213e-10
-8.96753e-11
-7.8599e-11
-6.88236e-11
-6.02051e-11
-5.26145e-11
-4.5936e-11
-4.00661e-11
-3.49122e-11
-3.03915e-11
-2.64304e-11
-2.29631e-11
-1.99312e-11
-1.72828e-11
-1.49716e-11
-1.29569e-11
-1.12023e-11
-9.67585e-12
-8.34925e-12
-7.1975e-12
-6.19858e-12
-5.33308e-12
-4.58396e-12
-3.93621e-12
-3.3767e-12
-2.89389e-12
-2.47769e-12
-2.11928e-12
-1.81095e-12
-1.54596e-12
-1.31847e-12
-1.12335e-12
-9.56169e-13
-8.13077e-13
-6.90723e-13
-5.86209e-13
-4.97024e-13
-4.20996e-13
-3.56249e-13
-3.01166e-13
-2.54351e-13
-2.14604e-13
-1.80891e-13
-1.52326e-13
-1.28146e-13
-1.07699e-13
-9.04264e-14
-7.58498e-14
-6.35608e-14
-5.32109e-14
-4.45028e-14
-3.71835e-14
-3.10376e-14
-2.58823e-14
-2.15622e-14
-1.79457e-14
-1.49211e-14
-1.23942e-14
-1.02852e-14
-9.70055e-08
-1.03161e-07
-1.096e-07
-1.16327e-07
-1.23347e-07
-1.30663e-07
-1.38277e-07
-1.46192e-07
-1.5441e-07
-1.6293e-07
-1.71753e-07
-1.80877e-07
-1.90299e-07
-2.00017e-07
-2.10025e-07
-2.2032e-07
-2.30893e-07
-2.41738e-07
-2.52845e-07
-2.64204e-07
-2.75804e-07
-2.87632e-07
-2.99675e-07
-3.11917e-07
-3.24342e-07
-3.36933e-07
-3.49672e-07
-3.62537e-07
-3.75509e-07
-3.88566e-07
-4.01684e-07
-4.1484e-07
-4.28008e-07
-4.41164e-07
-4.5428e-07
-4.67329e-07
-4.80284e-07
-4.93116e-07
-5.05797e-07
-5.18297e-07
-5.30588e-07
-5.42641e-07
-5.54425e-07
-5.65913e-07
-5.77074e-07
-5.87882e-07
-5.98307e-07
-6.08323e-07
-6.17902e-07
-6.2702e-07
-6.35652e-07
-6.43773e-07
-6.51362e-07
-6.58396e-07
-6.64857e-07
-6.70727e-07
-6.75987e-07
-6.80624e-07
-6.84624e-07
-6.87975e-07
-6.90668e-07
-6.92694e-07
-6.94048e-07
-6.94726e-07
-6.94726e-07
-6.94048e-07
-6.92694e-07
-6.90668e-07
-6.87975e-07
-6.84624e-07
-6.80624e-07
-6.75987e-07
-6.70727e-07
-6.64857e-07
-6.58396e-07
-6.51362e-07
-6.43773e-07
-6.35652e-07
-6.2702e-07
-6.17902e-07
-6.08323e-07
-5.98307e-07
-5.87882e-07
-5.77074e-07
-5.65913e-07
-5.54425e-07
-5.42641e-07
-5.30588e-07
-5.18297e-07
-5.05797e-07
-4.93116e-07
-4.80284e-07
-4.67329e-07
-4.5428e-07
-4.41164e-07
-4.28008e-07
-4.1484e-07
-4.01684e-07
-3.88566e-07
-3.75509e-07
-3.62537e-07
-3.49672e-07
-3.36933e-07
-3.24342e-07
-3.11917e-07
-2.99675e-07
-2.87632e-07
-2.75804e-07
-2.64204e-07
-2.52845e-07
-2.41738e-07
-2.30893e-07
-2.2032e-07
-2.10025e-07
-2.00017e-07
-1.90299e-07
-1.80877e-07
-1.71753e-07
-1.6293e-07
-1.5441e-07
-1.46192e-07
-1.38277e-07
-1.30663e-07
-1.23347e-07
-1.16327e-07
-1.096e-07
-1.03161e-07
-9.70055e-08
-9.11283e-08
-8.55235e-08
-8.01851e-08
-7.51066e-08
-7.02811e-08
-6.57014e-08
-6.13601e-08
-5.72498e-08
-5.33627e-08
-4.96909e-08
-4.62267e-08
-4.29619e-08
-3.98888e-08
-3.69994e-08
-3.42857e-08
-3.17401e-08
-2.93548e-08
-2.71222e-08
-2.5035e-08
-2.30859e-08
-2.12677e-08
-1.95736e-08
-1.79969e-08
-1.6531e-08
-1.51697e-08
-1.39069e-08
-1.27368e-08
-1.16537e-08
-1.06524e-08
-9.72756e-09
-8.87436e-09
-8.08809e-09
-7.36429e-09
-6.69872e-09
-6.08735e-09
-5.52638e-09
-5.01221e-09
-4.54144e-09
-4.11087e-09
-3.71749e-09
-3.35847e-09
-3.03117e-09
-2.73309e-09
-2.46192e-09
-2.21548e-09
-1.99177e-09
-1.78891e-09
-1.60513e-09
-1.43883e-09
-1.2885e-09
-1.15275e-09
-1.0303e-09
-9.19951e-10
-8.20622e-10
-7.31303e-10
-6.5107e-10
-5.79074e-10
-5.14536e-10
-4.56745e-10
-4.05049e-10
-3.58853e-10
-3.17616e-10
-2.80843e-10
-2.48085e-10
-2.18935e-10
-1.93021e-10
-1.70008e-10
-1.49592e-10
-1.315e-10
-1.15483e-10
-1.01318e-10
-8.88038e-11
-7.77592e-11
-6.80218e-11
-5.94456e-11
-5.19001e-11
-4.5268e-11
-3.9445e-11
-3.43374e-11
-2.9862e-11
-2.59445e-11
-2.2519e-11
-1.95267e-11
-1.69154e-11
-1.46391e-11
-1.26567e-11
-1.09321e-11
-9.43326e-12
-8.13198e-12
-7.00336e-12
-6.0255e-12
-5.17911e-12
-4.44726e-12
-3.81511e-12
-3.26961e-12
-2.79938e-12
-2.39444e-12
-2.04607e-12
-1.74668e-12
-1.48965e-12
-1.26919e-12
-1.08031e-12
-9.18641e-13
-7.80402e-13
-6.62319e-13
-5.61554e-13
-4.75655e-13
-4.02502e-13
-3.40267e-13
-2.87375e-13
-2.42467e-13
-2.04377e-13
-1.72103e-13
-1.44783e-13
-1.21682e-13
-1.02167e-13
-8.56976e-14
-7.18131e-14
-6.01194e-14
-5.02807e-14
-4.20111e-14
-3.50674e-14
-2.92427e-14
-2.43617e-14
-2.02756e-14
-1.68584e-14
-1.40034e-14
-1.16206e-14
-1.09493e-07
-1.16441e-07
-1.23709e-07
-1.31302e-07
-1.39226e-07
-1.47483e-07
-1.56078e-07
-1.65012e-07
-1.74287e-07
-1.83904e-07
-1.93863e-07
-2.04161e-07
-2.14796e-07
-2.25765e-07
-2.37062e-07
-2.48682e-07
-2.60616e-07
-2.72857e-07
-2.85394e-07
-2.98215e-07
-3.11308e-07
-3.24659e-07
-3.38252e-07
-3.5207e-07
-3.66095e-07
-3.80307e-07
-3.94685e-07
-4.09207e-07
-4.23849e-07
-4.38586e-07
-4.53393e-07
-4.68243e-07
-4.83106e-07
-4.97955e-07
-5.1276e-07
-5.27489e-07
-5.42111e-07
-5.56595e-07
-5.70908e-07
-5.85018e-07
-5.98891e-07
-6.12495e-07
-6.25797e-07
-6.38763e-07
-6.51362e-07
-6.6356e-07
-6.75327e-07
-6.86632e-07
-6.97445e-07
-7.07737e-07
-7.1748e-07
-7.26646e-07
-7.35212e-07
-7.43152e-07
-7.50445e-07
-7.5707e-07
-7.63008e-07
-7.68241e-07
-7.72756e-07
-7.76538e-07
-7.79578e-07
-7.81865e-07
-7.83394e-07
-7.84159e-07
-7.84159e-07
-7.83394e-07
-7.81865e-07
-7.79578e-07
-7.76538e-07
-7.72756e-07
-7.68241e-07
-7.63008e-07
-7.5707e-07
-7.50445e-07
-7.43152e-07
-7.35212e-07
-7.26646e-07
-7.1748e-07
-7.07737e-07
-6.97445e-07
-6.86632e-07
-6.75327e-07
-6.6356e-07
-6.51362e-07
-6.38763e-07
-6.25797e-07
-6.12495e-07
-5.98891e-07
-5.85018e-07
-5.70908e-07
-5.56595e-07
-5.42111e-07
-5.27489e-07
-5.1276e-07
-4.97955e-07
-4.83106e-07
-4.68243e-07
-4.53393e-07
-4.38586e-07
-4.23849e-07
-4.09207e-07
-3.94685e-07
-3.80307e-07
-3.66095e-07
-3.5207e-07
-3.38252e-07
-3.24659e-07
-3.11308e-07
-2.98215e-07
-2.85394e-07
-2.72857e-07
-2.60616e-07
-2.48682e-07
-2.37062e-07
-2.25765e-07
-2.14796e-07
-2.04161e-07
-1.93863e-07
-1.83904e-07
-1.74287e-07
-1.65012e-07
-1.56078e-07
-1.47483e-07
-1.39226e-07
-1.31302e-07
-1.23709e-07
-1.16441e-07
-1.09493e-07
-1.02859e-07
-9.6533e-08
-9.05074e-08
-8.47751e-08
-7.93284e-08
-7.41591e-08
-6.92591e-08
-6.46196e-08
-6.02321e-08
-5.60877e-08
-5.21775e-08
-4.84925e-08
-4.50237e-08
-4.17623e-08
-3.86993e-08
-3.5826e-08
-3.31336e-08
-3.06137e-08
-2.82578e-08
-2.60577e-08
-2.40055e-08
-2.20933e-08
-2.03136e-08
-1.8659e-08
-1.71225e-08
-1.56971e-08
-1.43764e-08
-1.31539e-08
-1.20237e-08
-1.09798e-08
-1.00168e-08
-9.12928e-09
-8.3123e-09
-7.56105e-09
-6.87098e-09
-6.2378e-09
-5.65744e-09
-5.12606e-09
-4.64007e-09
-4.19605e-09
-3.79081e-09
-3.42137e-09
-3.08492e-09
-2.77884e-09
-2.50069e-09
-2.24818e-09
-2.01919e-09
-1.81176e-09
-1.62405e-09
-1.45437e-09
-1.30114e-09
-1.16293e-09
-1.03838e-09
-9.26261e-10
-8.25444e-10
-7.34883e-10
-6.53618e-10
-5.80773e-10
-5.15542e-10
-4.57191e-10
-4.05049e-10
-3.58503e-10
-3.16996e-10
-2.80022e-10
-2.47118e-10
-2.17868e-10
-1.91893e-10
-1.68849e-10
-1.48428e-10
-1.30349e-10
-1.14361e-10
-1.00236e-10
-8.77692e-11
-7.67783e-11
-6.70981e-11
-5.85812e-11
-5.10954e-11
-4.45227e-11
-3.87576e-11
-3.37061e-11
-2.92844e-11
-2.54179e-11
-2.20403e-11
-1.9093e-11
-1.65236e-11
-1.4286e-11
-1.23394e-11
-1.06476e-11
-9.17882e-12
-7.90491e-12
-6.80116e-12
-5.84582e-12
-5.01976e-12
-4.30623e-12
-3.69051e-12
-3.15975e-12
-2.70267e-12
-2.30946e-12
-1.97153e-12
-1.68141e-12
-1.43258e-12
-1.21938e-12
-1.0369e-12
-8.80864e-13
-7.4758e-13
-6.33843e-13
-5.36886e-13
-4.54317e-13
-3.8407e-13
-3.24368e-13
-2.7368e-13
-2.30687e-13
-1.94258e-13
-1.63422e-13
-1.37346e-13
-1.15319e-13
-9.67296e-14
-8.10577e-14
-6.78587e-14
-5.67534e-14
-4.74193e-14
-3.95816e-14
-3.30071e-14
-2.74978e-14
-2.28857e-14
-1.90286e-14
-1.58061e-14
-1.31165e-14
-1.23468e-07
-1.31302e-07
-1.39498e-07
-1.4806e-07
-1.56995e-07
-1.66306e-07
-1.75998e-07
-1.86072e-07
-1.96531e-07
-2.07376e-07
-2.18605e-07
-2.30218e-07
-2.4221e-07
-2.54579e-07
-2.67318e-07
-2.80421e-07
-2.93878e-07
-3.07681e-07
-3.21818e-07
-3.36276e-07
-3.5104e-07
-3.66095e-07
-3.81423e-07
-3.97005e-07
-4.12819e-07
-4.28845e-07
-4.45058e-07
-4.61434e-07
-4.77944e-07
-4.94563e-07
-5.1126e-07
-5.28004e-07
-5.44765e-07
-5.61509e-07
-5.78203e-07
-5.94811e-07
-6.113e-07
-6.27633e-07
-6.43773e-07
-6.59683e-07
-6.75327e-07
-6.90668e-07
-7.05667e-07
-7.20288e-07
-7.34494e-07
-7.4825e-07
-7.61519e-07
-7.74267e-07
-7.8646e-07
-7.98065e-07
-8.09051e-07
-8.19387e-07
-8.29046e-07
-8.38e-07
-8.46224e-07
-8.53694e-07
-8.60389e-07
-8.66291e-07
-8.71382e-07
-8.75647e-07
-8.79074e-07
-8.81654e-07
-8.83377e-07
-8.8424e-07
-8.8424e-07
-8.83377e-07
-8.81654e-07
-8.79074e-07
-8.75647e-07
-8.71382e-07
-8.66291e-07
-8.60389e-07
-8.53694e-07
-8.46224e-07
-8.38e-07
-8.29046e-07
-8.19387e-07
-8.09051e-07
-7.98065e-07
-7.8646e-07
-7.74267e-07
-7.61519e-07
-7.4825e-07
-7.34494e-07
-7.20288e-07
-7.05667e-07
-6.90668e-07
-6.75327e-07
-6.59683e-07
-6.43773e-07
-6.27633e-07
-6.113e-07
-5.94811e-07
-5.78203e-07
-5.61509e-07
-5.44765e-07
-5.28004e-07
-5.1126e-07
-4.94563e-07
-4.77944e-07
-4.61434e-07
-4.45058e-07
-4.28845e-07
-4.12819e-07
-3.97005e-07
-3.81423e-07
-3.66095e-07
-3.5104e-07
-3.36276e-07
-3.21818e-07
-3.07681e-07
-2.93878e-07
-2.80421e-07
-2.67318e-07
-2.54579e-07
-2.4221e-07
-2.30218e-07
-2.18605e-07
-2.07376e-07
-1.96531e-07
-1.86072e-07
-1.75998e-07
-1.66306e-07
-1.56995e-07
-1.4806e-07
-1.39498e-07
-1.31302e-07
-1.23468e-07
-1.15987e-07
-1.08853e-07
-1.02059e-07
-9.55949e-08
-8.9453e-08
-8.3624e-08
-7.80985e-08
-7.28669e-08
-6.79195e-08
-6.32461e-08
-5.88368e-08
-5.46815e-08
-5.07701e-08
-4.70924e-08
-4.36385e-08
-4.03984e-08
-3.73625e-08
-3.45209e-08
-3.18643e-08
-2.93835e-08
-2.70693e-08
-2.49131e-08
-2.29062e-08
-2.10405e-08
-1.93078e-08
-1.77006e-08
-1.62112e-08
-1.48328e-08
-1.35582e-08
-1.23811e-08
-1.12952e-08
-1.02944e-08
-9.37319e-09
-8.52606e-09
-7.74792e-09
-7.03392e-09
-6.37949e-09
-5.7803e-09
-5.23227e-09
-4.73158e-09
-4.27463e-09
-3.85804e-09
-3.47865e-09
-3.1335e-09
-2.81985e-09
-2.53511e-09
-2.2769e-09
-2.04299e-09
-1.83133e-09
-1.63999e-09
-1.46721e-09
-1.31135e-09
-1.1709e-09
-1.04448e-09
-9.30795e-10
-8.28675e-10
-7.37039e-10
-6.54896e-10
-5.8134e-10
-5.15542e-10
-4.56745e-10
-4.04258e-10
-3.57454e-10
-3.15761e-10
-2.78658e-10
-2.45675e-10
-2.16384e-10
-1.904e-10
-1.67372e-10
-1.46986e-10
-1.28957e-10
-1.13029e-10
-9.89711e-11
-8.65774e-11
-7.56618e-11
-6.60579e-11
-5.76167e-11
-5.02051e-11
-4.37042e-11
-3.8008e-11
-3.30219e-11
-2.86619e-11
-2.48533e-11
-2.15298e-11
-1.86325e-11
-1.61093e-11
-1.39143e-11
-1.20066e-11
-1.03503e-11
-8.91381e-12
-7.66919e-12
-6.59191e-12
-5.66043e-12
-4.85583e-12
-4.16153e-12
-3.56302e-12
-3.04761e-12
-2.60422e-12
-2.22316e-12
-1.89601e-12
-1.61542e-12
-1.37501e-12
-1.16924e-12
-9.93288e-13
-8.42993e-13
-7.1474e-13
-6.05409e-13
-5.123e-13
-4.33089e-13
-3.65767e-13
-3.08609e-13
-2.60129e-13
-2.1905e-13
-1.84279e-13
-1.54876e-13
-1.30037e-13
-1.09075e-13
-9.1403e-14
-7.65194e-14
-6.39968e-14
-5.34713e-14
-4.46334e-14
-3.72198e-14
-3.10073e-14
-2.58066e-14
-2.14572e-14
-1.78234e-14
-1.47906e-14
-1.3909e-07
-1.47916e-07
-1.57148e-07
-1.66794e-07
-1.76859e-07
-1.87349e-07
-1.98266e-07
-2.09616e-07
-2.21398e-07
-2.33615e-07
-2.46265e-07
-2.59347e-07
-2.72857e-07
-2.86791e-07
-3.01142e-07
-3.15902e-07
-3.31062e-07
-3.46612e-07
-3.62537e-07
-3.78824e-07
-3.95457e-07
-4.12416e-07
-4.29684e-07
-4.47237e-07
-4.65053e-07
-4.83106e-07
-5.01371e-07
-5.19818e-07
-5.38418e-07
-5.57139e-07
-5.75948e-07
-5.94811e-07
-6.13693e-07
-6.32555e-07
-6.51362e-07
-6.70072e-07
-6.88647e-07
-7.07046e-07
-7.25228e-07
-7.43152e-07
-7.60775e-07
-7.78057e-07
-7.94953e-07
-8.11425e-07
-8.27428e-07
-8.42924e-07
-8.57872e-07
-8.72233e-07
-8.85969e-07
-8.99043e-07
-9.11419e-07
-9.23063e-07
-9.33944e-07
-9.44031e-07
-9.53295e-07
-9.6171e-07
-9.69253e-07
-9.75902e-07
-9.81636e-07
-9.86441e-07
-9.90302e-07
-9.93208e-07
-9.95149e-07
-9.96122e-07
-9.96122e-07
-9.95149e-07
-9.93208e-07
-9.90302e-07
-9.86441e-07
-9.81636e-07
-9.75902e-07
-9.69253e-07
-9.6171e-07
-9.53295e-07
-9.44031e-07
-9.33944e-07
-9.23063e-07
-9.11419e-07
-8.99043e-07
-8.85969e-07
-8.72233e-07
-8.57872e-07
-8.42924e-07
-8.27428e-07
-8.11425e-07
-7.94953e-07
-7.78057e-07
-7.60775e-07
-7.43152e-07
-7.25228e-07
-7.07046e-07
-6.88647e-07
-6.70072e-07
-6.51362e-07
-6.32555e-07
-6.13693e-07
-5.94811e-07
-5.75948e-07
-5.57139e-07
-5.38418e-07
-5.19818e-07
-5.01371e-07
-4.83106e-07
-4.65053e-07
-4.47237e-07
-4.29684e-07
-4.12416e-07
-3.95457e-07
-3.78824e-07
-3.62537e-07
-3.46612e-07
-3.31062e-07
-3.15902e-07
-3.01142e-07
-2.86791e-07
-2.72857e-07
-2.59347e-07
-2.46265e-07
-2.33615e-07
-2.21398e-07
-2.09616e-07
-1.98266e-07
-1.87349e-07
-1.76859e-07
-1.66794e-07
-1.57148e-07
-1.47916e-07
-1.3909e-07
-1.30663e-07
-1.22626e-07
-1.14972e-07
-1.0769e-07
-1.00771e-07
-9.42048e-08
-8.79802e-08
-8.20867e-08
-7.65132e-08
-7.12485e-08
-6.62814e-08
-6.16003e-08
-5.71939e-08
-5.30509e-08
-4.916e-08
-4.551e-08
-4.20899e-08
-3.88888e-08
-3.58961e-08
-3.31013e-08
-3.04943e-08
-2.80653e-08
-2.58045e-08
-2.37027e-08
-2.17508e-08
-1.99402e-08
-1.82624e-08
-1.67095e-08
-1.52737e-08
-1.39477e-08
-1.27244e-08
-1.1597e-08
-1.05592e-08
-9.60485e-09
-8.72825e-09
-7.92391e-09
-7.18668e-09
-6.51167e-09
-5.89431e-09
-5.33026e-09
-4.81549e-09
-4.34619e-09
-3.91879e-09
-3.52998e-09
-3.17664e-09
-2.85587e-09
-2.56499e-09
-2.30149e-09
-2.06304e-09
-1.84749e-09
-1.65285e-09
-1.47727e-09
-1.31906e-09
-1.17663e-09
-1.04857e-09
-9.33526e-10
-8.30295e-10
-7.37759e-10
-6.54896e-10
-5.80773e-10
-5.14536e-10
-4.55409e-10
-4.02682e-10
-3.55713e-10
-3.13916e-10
-2.76759e-10
-2.43763e-10
-2.1449e-10
-1.88549e-10
-1.65584e-10
-1.45273e-10
-1.2733e-10
-1.11494e-10
-9.75319e-11
-8.52351e-11
-7.44161e-11
-6.49068e-11
-5.65575e-11
-4.92341e-11
-4.28171e-11
-3.72001e-11
-3.22885e-11
-2.7998e-11
-2.42539e-11
-2.099e-11
-1.81476e-11
-1.56748e-11
-1.35257e-11
-1.16599e-11
-1.00417e-11
-8.63956e-12
-7.42598e-12
-6.37663e-12
-5.47023e-12
-4.68808e-12
-4.01385e-12
-3.43322e-12
-2.93373e-12
-2.50445e-12
-2.1359e-12
-1.81981e-12
-1.54899e-12
-1.31718e-12
-1.11897e-12
-9.49655e-13
-8.05175e-13
-6.8201e-13
-5.77121e-13
-4.87887e-13
-4.12047e-13
-3.47657e-13
-2.93042e-13
-2.46767e-13
-2.07595e-13
-1.74472e-13
-1.4649e-13
-1.22876e-13
-1.02968e-13
-8.62013e-14
-7.20942e-14
-6.0237e-14
-5.02807e-14
-4.19292e-14
-3.49306e-14
-2.90719e-14
-2.41721e-14
-2.00786e-14
-1.6662e-14
-1.56536e-07
-1.66469e-07
-1.76859e-07
-1.87715e-07
-1.99042e-07
-2.10848e-07
-2.23135e-07
-2.35908e-07
-2.49168e-07
-2.62917e-07
-2.77154e-07
-2.91876e-07
-3.07081e-07
-3.22762e-07
-3.38913e-07
-3.55525e-07
-3.72587e-07
-3.90087e-07
-4.0801e-07
-4.2634e-07
-4.45058e-07
-4.64145e-07
-4.83578e-07
-5.03333e-07
-5.23384e-07
-5.43702e-07
-5.64257e-07
-5.85018e-07
-6.05951e-07
-6.2702e-07
-6.48189e-07
-6.69418e-07
-6.90668e-07
-7.11896e-07
-7.33061e-07
-7.54118e-07
-7.75023e-07
-7.9573e-07
-8.16193e-07
-8.36365e-07
-8.56199e-07
-8.75647e-07
-8.94663e-07
-9.132e-07
-9.31212e-07
-9.48651e-07
-9.65474e-07
-9.81636e-07
-9.97095e-07
-1.01181e-06
-1.02574e-06
-1.03884e-06
-1.05109e-06
-1.06244e-06
-1.07287e-06
-1.08234e-06
-1.09083e-06
-1.09831e-06
-1.10476e-06
-1.11017e-06
-1.11451e-06
-1.11778e-06
-1.11997e-06
-1.12106e-06
-1.12106e-06
-1.11997e-06
-1.11778e-06
-1.11451e-06
-1.11017e-06
-1.10476e-06
-1.09831e-06
-1.09083e-06
-1.08234e-06
-1.07287e-06
-1.06244e-06
-1.05109e-06
-1.03884e-06
-1.02574e-06
-1.01181e-06
-9.97095e-07
-9.81636e-07
-9.65474e-07
-9.48651e-07
-9.31212e-07
-9.132e-07
-8.94663e-07
-8.75647e-07
-8.56199e-07
-8.36365e-07
-8.16193e-07
-7.9573e-07
-7.75023e-07
-7.54118e-07
-7.33061e-07
-7.11896e-07
-6.90668e-07
-6.69418e-07
-6.48189e-07
-6.2702e-07
-6.05951e-07
-5.85018e-07
-5.64257e-07
-5.43702e-07
-5.23384e-07
-5.03333e-07
-4.83578e-07
-4.64145e-07
-4.45058e-07
-4.2634e-07
-4.0801e-07
-3.90087e-07
-3.72587e-07
-3.55525e-07
-3.38913e-07
-3.22762e-07
-3.07081e-07
-2.91876e-07
-2.77154e-07
-2.62917e-07
-2.49168e-07
-2.35908e-07
-2.23135e-07
-2.10848e-07
-1.99042e-07
-1.87715e-07
-1.76859e-07
-1.66469e-07
-1.56536e-07
-1.47052e-07
-1.38007e-07
-1.29393e-07
-1.21198e-07
-1.13411e-07
-1.06021e-07
-9.90154e-08
-9.23827e-08
-8.61102e-08
-8.01851e-08
-7.45949e-08
-6.93267e-08
-6.43677e-08
-5.9705e-08
-5.53261e-08
-5.12183e-08
-4.73691e-08
-4.37665e-08
-4.03984e-08
-3.72532e-08
-3.43192e-08
-3.15855e-08
-2.90411e-08
-2.66757e-08
-2.4479e-08
-2.24412e-08
-2.05531e-08
-1.88054e-08
-1.71895e-08
-1.56971e-08
-1.43204e-08
-1.30516e-08
-1.18836e-08
-1.08096e-08
-9.82302e-09
-8.9178e-09
-8.08809e-09
-7.32842e-09
-6.63362e-09
-5.99883e-09
-5.41949e-09
-4.89133e-09
-4.41032e-09
-3.97274e-09
-3.57508e-09
-3.21408e-09
-2.88672e-09
-2.59016e-09
-2.32181e-09
-2.07922e-09
-1.86017e-09
-1.66257e-09
-1.4845e-09
-1.32422e-09
-1.18009e-09
-1.05062e-09
-9.34438e-10
-8.30295e-10
-7.37039e-10
-6.53618e-10
-5.79074e-10
-5.1253e-10
-4.5319e-10
-4.0033e-10
-3.5329e-10
-3.11473e-10
-2.74338e-10
-2.41394e-10
-2.12199e-10
-1.86353e-10
-1.63495e-10
-1.43301e-10
-1.25478e-10
-1.09765e-10
-9.59261e-11
-8.375e-11
-7.3048e-11
-6.36514e-11
-5.54094e-11
-4.81876e-11
-4.18661e-11
-3.63384e-11
-3.15097e-11
-2.7296e-11
-2.36228e-11
-2.04238e-11
-1.76409e-11
-1.52222e-11
-1.31224e-11
-1.13012e-11
-9.72321e-12
-8.35741e-12
-7.17645e-12
-6.15635e-12
-5.2761e-12
-4.5173e-12
-3.86385e-12
-3.3017e-12
-2.81858e-12
-2.40381e-12
-2.04807e-12
-1.74327e-12
-1.48239e-12
-1.25932e-12
-1.06877e-12
-9.06167e-13
-7.67554e-13
-6.49509e-13
-5.49082e-13
-4.6373e-13
-3.91263e-13
-3.29798e-13
-2.77718e-13
-2.33634e-13
-1.96356e-13
-1.64864e-13
-1.38288e-13
-1.15883e-13
-9.70134e-14
-8.11369e-14
-6.77924e-14
-5.65874e-14
-4.71883e-14
-3.93119e-14
-3.27183e-14
-2.7204e-14
-2.2597e-14
-1.87519e-14
-1.75998e-07
-1.87166e-07
-1.98848e-07
-2.11054e-07
-2.23789e-07
-2.37062e-07
-2.50877e-07
-2.65238e-07
-2.80147e-07
-2.95605e-07
-3.11612e-07
-3.28165e-07
-3.4526e-07
-3.62891e-07
-3.81051e-07
-3.99728e-07
-4.18911e-07
-4.38586e-07
-4.58738e-07
-4.79347e-07
-5.00393e-07
-5.21853e-07
-5.43702e-07
-5.65913e-07
-5.88456e-07
-6.113e-07
-6.34411e-07
-6.57754e-07
-6.81289e-07
-7.04978e-07
-7.28778e-07
-7.52647e-07
-7.76538e-07
-8.00406e-07
-8.24203e-07
-8.47878e-07
-8.71382e-07
-8.94663e-07
-9.1767e-07
-9.4035e-07
-9.6265e-07
-9.84517e-07
-1.0059e-06
-1.02674e-06
-1.04699e-06
-1.0666e-06
-1.08551e-06
-1.10368e-06
-1.12106e-06
-1.13761e-06
-1.15327e-06
-1.168e-06
-1.18177e-06
-1.19453e-06
-1.20625e-06
-1.2169e-06
-1.22645e-06
-1.23486e-06
-1.24212e-06
-1.2482e-06
-1.25308e-06
-1.25676e-06
-1.25922e-06
-1.26045e-06
-1.26045e-06
-1.25922e-06
-1.25676e-06
-1.25308e-06
-1.2482e-06
-1.24212e-06
-1.23486e-06
-1.22645e-06
-1.2169e-06
-1.20625e-06
-1.19453e-06
-1.18177e-06
-1.168e-06
-1.15327e-06
-1.13761e-06
-1.12106e-06
-1.10368e-06
-1.08551e-06
-1.0666e-06
-1.04699e-06
-1.02674e-06
-1.0059e-06
-9.84517e-07
-9.6265e-07
-9.4035e-07
-9.1767e-07
-8.94663e-07
-8.71382e-07
-8.47878e-07
-8.24203e-07
-8.00406e-07
-7.76538e-07
-7.52647e-07
-7.28778e-07
-7.04978e-07
-6.81289e-07
-6.57754e-07
-6.34411e-07
-6.113e-07
-5.88456e-07
-5.65913e-07
-5.43702e-07
-5.21853e-07
-5.00393e-07
-4.79347e-07
-4.58738e-07
-4.38586e-07
-4.18911e-07
-3.99728e-07
-3.81051e-07
-3.62891e-07
-3.4526e-07
-3.28165e-07
-3.11612e-07
-2.95605e-07
-2.80147e-07
-2.65238e-07
-2.50877e-07
-2.37062e-07
-2.23789e-07
-2.11054e-07
-1.98848e-07
-1.87166e-07
-1.75998e-07
-1.65335e-07
-1.55166e-07
-1.4548e-07
-1.36266e-07
-1.27511e-07
-1.19202e-07
-1.11326e-07
-1.03869e-07
-9.68162e-08
-9.01546e-08
-8.38693e-08
-7.79461e-08
-7.23705e-08
-6.71282e-08
-6.22048e-08
-5.75862e-08
-5.32586e-08
-4.9208e-08
-4.54212e-08
-4.18849e-08
-3.85861e-08
-3.55125e-08
-3.26518e-08
-2.99923e-08
-2.75225e-08
-2.52314e-08
-2.31084e-08
-2.11435e-08
-1.93267e-08
-1.76488e-08
-1.61008e-08
-1.46743e-08
-1.33611e-08
-1.21535e-08
-1.10443e-08
-1.00266e-08
-9.09369e-09
-8.23957e-09
-7.45838e-09
-6.74467e-09
-6.0933e-09
-5.49946e-09
-4.95866e-09
-4.46667e-09
-4.01957e-09
-3.61369e-09
-3.24562e-09
-2.9122e-09
-2.61048e-09
-2.33773e-09
-2.09144e-09
-1.86927e-09
-1.66907e-09
-1.48886e-09
-1.32681e-09
-1.18124e-09
-1.05062e-09
-9.33526e-10
-8.28675e-10
-7.34883e-10
-6.5107e-10
-5.76253e-10
-5.09536e-10
-4.50103e-10
-3.97214e-10
-3.50198e-10
-3.08446e-10
-2.71406e-10
-2.38581e-10
-2.09522e-10
-1.83822e-10
-1.61117e-10
-1.41079e-10
-1.23412e-10
-1.07853e-10
-9.41626e-11
-8.21301e-11
-7.15652e-11
-6.22985e-11
-5.41788e-11
-4.70713e-11
-4.08564e-11
-3.54274e-11
-3.06898e-11
-2.65598e-11
-2.29631e-11
-1.98342e-11
-1.71148e-11
-1.47539e-11
-1.27062e-11
-1.09321e-11
-9.39649e-12
-8.0687e-12
-6.92177e-12
-5.93208e-12
-5.07893e-12
-4.34424e-12
-3.7122e-12
-3.16902e-12
-2.70267e-12
-2.30271e-12
-1.96002e-12
-1.6667e-12
-1.41589e-12
-1.20165e-12
-1.01883e-12
-8.62984e-13
-7.30262e-13
-6.17349e-13
-5.21385e-13
-4.39909e-13
-3.70802e-13
-3.12247e-13
-2.62682e-13
-2.20768e-13
-1.85362e-13
-1.55482e-13
-1.30291e-13
-1.09075e-13
-9.12247e-14
-7.62211e-14
-6.36229e-14
-5.30552e-14
-4.41996e-14
-3.67862e-14
-3.05863e-14
-2.54065e-14
-2.10833e-14
-1.97686e-07
-2.10231e-07
-2.23353e-07
-2.37062e-07
-2.51368e-07
-2.66276e-07
-2.81793e-07
-2.97924e-07
-3.1467e-07
-3.32034e-07
-3.50013e-07
-3.68606e-07
-3.87808e-07
-4.07612e-07
-4.28008e-07
-4.48987e-07
-4.70535e-07
-4.92635e-07
-5.15269e-07
-5.38418e-07
-5.62057e-07
-5.86162e-07
-6.10704e-07
-6.35652e-07
-6.60973e-07
-6.86632e-07
-7.12592e-07
-7.3881e-07
-7.65246e-07
-7.91854e-07
-8.18588e-07
-8.45398e-07
-8.72233e-07
-8.99043e-07
-9.25771e-07
-9.52364e-07
-9.78765e-07
-1.00492e-06
-1.03076e-06
-1.05623e-06
-1.08128e-06
-1.10584e-06
-1.12986e-06
-1.15327e-06
-1.17601e-06
-1.19804e-06
-1.21928e-06
-1.23969e-06
-1.25922e-06
-1.2778e-06
-1.29539e-06
-1.31194e-06
-1.3274e-06
-1.34174e-06
-1.35491e-06
-1.36687e-06
-1.37759e-06
-1.38704e-06
-1.39519e-06
-1.40202e-06
-1.4075e-06
-1.41163e-06
-1.41439e-06
-1.41577e-06
-1.41577e-06
-1.41439e-06
-1.41163e-06
-1.4075e-06
-1.40202e-06
-1.39519e-06
-1.38704e-06
-1.37759e-06
-1.36687e-06
-1.35491e-06
-1.34174e-06
-1.3274e-06
-1.31194e-06
-1.29539e-06
-1.2778e-06
-1.25922e-06
-1.23969e-06
-1.21928e-06
-1.19804e-06
-1.17601e-06
-1.15327e-06
-1.12986e-06
-1.10584e-06
-1.08128e-06
-1.05623e-06
-1.03076e-06
-1.00492e-06
-9.78765e-07
-9.52364e-07
-9.25771e-07
-8.99043e-07
-8.72233e-07
-8.45398e-07
-8.18588e-07
-7.91854e-07
-7.65246e-07
-7.3881e-07
-7.12592e-07
-6.86632e-07
-6.60973e-07
-6.35652e-07
-6.10704e-07
-5.86162e-07
-5.62057e-07
-5.38418e-07
-5.15269e-07
-4.92635e-07
-4.70535e-07
-4.48987e-07
-4.28008e-07
-4.07612e-07
-3.87808e-07
-3.68606e-07
-3.50013e-07
-3.32034e-07
-3.1467e-07
-2.97924e-07
-2.81793e-07
-2.66276e-07
-2.51368e-07
-2.37062e-07
-2.23353e-07
-2.10231e-07
-1.97686e-07
-1.85709e-07
-1.74287e-07
-1.63408e-07
-1.53059e-07
-1.43225e-07
-1.33892e-07
-1.25045e-07
-1.16669e-07
-1.08747e-07
-1.01265e-07
-9.42048e-08
-8.75516e-08
-8.1289e-08
-7.54006e-08
-6.98705e-08
-6.46827e-08
-5.98218e-08
-5.52721e-08
-5.10186e-08
-4.70464e-08
-4.33412e-08
-3.98888e-08
-3.66756e-08
-3.36883e-08
-3.09141e-08
-2.83407e-08
-2.59561e-08
-2.3749e-08
-2.17084e-08
-1.98237e-08
-1.8085e-08
-1.64826e-08
-1.50076e-08
-1.36512e-08
-1.24053e-08
-1.12622e-08
-1.02143e-08
-9.25495e-09
-8.3775e-09
-7.57583e-09
-6.84419e-09
-6.17718e-09
-5.56973e-09
-5.01711e-09
-4.51491e-09
-4.05901e-09
-3.64559e-09
-3.27108e-09
-2.93218e-09
-2.62582e-09
-2.34918e-09
-2.09963e-09
-1.87476e-09
-1.67234e-09
-1.49031e-09
-1.32681e-09
-1.18009e-09
-1.04857e-09
-9.30795e-10
-8.25444e-10
-7.31303e-10
-6.47266e-10
-5.72327e-10
-5.0557e-10
-4.46164e-10
-3.93354e-10
-3.46457e-10
-3.04852e-10
-2.67982e-10
-2.35342e-10
-2.06475e-10
-1.80972e-10
-1.58465e-10
-1.38621e-10
-1.21144e-10
-1.05767e-10
-9.22512e-11
-8.03844e-11
-6.99757e-11
-6.08554e-11
-5.2872e-11
-4.58912e-11
-3.97932e-11
-3.44718e-11
-2.98328e-11
-2.5793e-11
-2.22784e-11
-1.92239e-11
-1.65721e-11
-1.42721e-11
-1.22793e-11
-1.05544e-11
-9.06302e-12
-7.77476e-12
-6.66311e-12
-5.70482e-12
-4.8796e-12
-4.16967e-12
-3.55954e-12
-3.03573e-12
-2.58648e-12
-2.20155e-12
-1.87209e-12
-1.59037e-12
-1.34973e-12
-1.14438e-12
-9.69331e-13
-8.20254e-13
-6.93427e-13
-5.85637e-13
-4.9412e-13
-4.16497e-13
-3.50726e-13
-2.95053e-13
-2.47974e-13
-2.08204e-13
-1.74642e-13
-1.46347e-13
-1.22517e-13
-1.02467e-13
-8.5614e-14
-7.14634e-14
-5.95934e-14
-4.96465e-14
-4.13194e-14
-3.43555e-14
-2.85374e-14
-2.36815e-14
-2.21831e-07
-2.35908e-07
-2.50632e-07
-2.66016e-07
-2.82069e-07
-2.98798e-07
-3.16211e-07
-3.34311e-07
-3.53103e-07
-3.72587e-07
-3.92763e-07
-4.13626e-07
-4.35173e-07
-4.57396e-07
-4.80284e-07
-5.03825e-07
-5.28004e-07
-5.52803e-07
-5.78203e-07
-6.04178e-07
-6.30705e-07
-6.57754e-07
-6.85293e-07
-7.13288e-07
-7.41702e-07
-7.70495e-07
-7.99625e-07
-8.29046e-07
-8.58711e-07
-8.88568e-07
-9.18567e-07
-9.48651e-07
-9.78765e-07
-1.00885e-06
-1.03884e-06
-1.06868e-06
-1.09831e-06
-1.12765e-06
-1.15665e-06
-1.18524e-06
-1.21334e-06
-1.2409e-06
-1.26785e-06
-1.29412e-06
-1.31965e-06
-1.34436e-06
-1.3682e-06
-1.39111e-06
-1.41301e-06
-1.43386e-06
-1.4536e-06
-1.47217e-06
-1.48953e-06
-1.50561e-06
-1.52039e-06
-1.53381e-06
-1.54584e-06
-1.55644e-06
-1.56559e-06
-1.57325e-06
-1.57941e-06
-1.58404e-06
-1.58714e-06
-1.58869e-06
-1.58869e-06
-1.58714e-06
-1.58404e-06
-1.57941e-06
-1.57325e-06
-1.56559e-06
-1.55644e-06
-1.54584e-06
-1.53381e-06
-1.52039e-06
-1.50561e-06
-1.48953e-06
-1.47217e-06
-1.4536e-06
-1.43386e-06
-1.41301e-06
-1.39111e-06
-1.3682e-06
-1.34436e-06
-1.31965e-06
-1.29412e-06
-1.26785e-06
-1.2409e-06
-1.21334e-06
-1.18524e-06
-1.15665e-06
-1.12765e-06
-1.09831e-06
-1.06868e-06
-1.03884e-06
-1.00885e-06
-9.78765e-07
-9.48651e-07
-9.18567e-07
-8.88568e-07
-8.58711e-07
-8.29046e-07
-7.99625e-07
-7.70495e-07
-7.41702e-07
-7.13288e-07
-6.85293e-07
-6.57754e-07
-6.30705e-07
-6.04178e-07
-5.78203e-07
-5.52803e-07
-5.28004e-07
-5.03825e-07
-4.80284e-07
-4.57396e-07
-4.35173e-07
-4.13626e-07
-3.92763e-07
-3.72587e-07
-3.53103e-07
-3.34311e-07
-3.16211e-07
-2.98798e-07
-2.82069e-07
-2.66016e-07
-2.50632e-07
-2.35908e-07
-2.21831e-07
-2.08391e-07
-1.95574e-07
-1.83366e-07
-1.71753e-07
-1.60718e-07
-1.50245e-07
-1.40318e-07
-1.30918e-07
-1.22029e-07
-1.13633e-07
-1.05711e-07
-9.82449e-08
-9.12173e-08
-8.46097e-08
-7.84042e-08
-7.25829e-08
-6.71282e-08
-6.20228e-08
-5.72498e-08
-5.27925e-08
-4.86347e-08
-4.47607e-08
-4.1155e-08
-3.78029e-08
-3.46899e-08
-3.18021e-08
-2.91263e-08
-2.66496e-08
-2.43597e-08
-2.22449e-08
-2.02938e-08
-1.84958e-08
-1.68406e-08
-1.53186e-08
-1.39205e-08
-1.26377e-08
-1.14619e-08
-1.03853e-08
-9.40069e-09
-8.50112e-09
-7.68012e-09
-6.93164e-09
-6.24999e-09
-5.62988e-09
-5.06634e-09
-4.55477e-09
-4.09085e-09
-3.6706e-09
-3.2903e-09
-2.94653e-09
-2.6361e-09
-2.35607e-09
-2.10373e-09
-1.87659e-09
-1.67234e-09
-1.48886e-09
-1.32422e-09
-1.17663e-09
-1.04448e-09
-9.26261e-10
-8.20622e-10
-7.26321e-10
-6.42229e-10
-5.67319e-10
-5.00657e-10
-4.41397e-10
-3.88772e-10
-3.42086e-10
-3.00713e-10
-2.64086e-10
-2.31693e-10
-2.03076e-10
-1.77819e-10
-1.55551e-10
-1.3594e-10
-1.18684e-10
-1.03518e-10
-9.02023e-11
-7.85223e-11
-6.8288e-11
-5.93296e-11
-5.14962e-11
-4.46534e-11
-3.8682e-11
-3.34765e-11
-2.89432e-11
-2.49994e-11
-2.15719e-11
-1.85961e-11
-1.60152e-11
-1.3779e-11
-1.18435e-11
-1.01699e-11
-8.72434e-12
-7.47691e-12
-6.40159e-12
-5.47557e-12
-4.67893e-12
-3.99429e-12
-3.40651e-12
-2.90238e-12
-2.47044e-12
-2.10074e-12
-1.78462e-12
-1.51458e-12
-1.28416e-12
-1.08772e-12
-9.20437e-13
-7.78119e-13
-6.57165e-13
-5.5447e-13
-4.67367e-13
-3.93562e-13
-3.31089e-13
-2.78261e-13
-2.33634e-13
-1.95972e-13
-1.64221e-13
-1.3748e-13
-1.14981e-13
-9.60706e-14
-8.01916e-14
-6.68719e-14
-5.57101e-14
-4.63661e-14
-3.85516e-14
-3.20229e-14
-2.65738e-14
-2.48682e-07
-2.64462e-07
-2.80969e-07
-2.98215e-07
-3.16211e-07
-3.34965e-07
-3.54485e-07
-3.74777e-07
-3.95843e-07
-4.17686e-07
-4.40303e-07
-4.63692e-07
-4.87847e-07
-5.1276e-07
-5.38418e-07
-5.64808e-07
-5.91914e-07
-6.19715e-07
-6.48189e-07
-6.77309e-07
-7.07046e-07
-7.37369e-07
-7.68241e-07
-7.99625e-07
-8.31478e-07
-8.63757e-07
-8.96413e-07
-9.29395e-07
-9.6265e-07
-9.96122e-07
-1.02975e-06
-1.06348e-06
-1.09724e-06
-1.13096e-06
-1.16458e-06
-1.19804e-06
-1.23125e-06
-1.26414e-06
-1.29665e-06
-1.3287e-06
-1.36021e-06
-1.39111e-06
-1.42132e-06
-1.45076e-06
-1.47938e-06
-1.50708e-06
-1.53381e-06
-1.55949e-06
-1.58404e-06
-1.60742e-06
-1.62955e-06
-1.65037e-06
-1.66982e-06
-1.68785e-06
-1.70442e-06
-1.71946e-06
-1.73295e-06
-1.74484e-06
-1.75509e-06
-1.76368e-06
-1.77058e-06
-1.77578e-06
-1.77925e-06
-1.78099e-06
-1.78099e-06
-1.77925e-06
-1.77578e-06
-1.77058e-06
-1.76368e-06
-1.75509e-06
-1.74484e-06
-1.73295e-06
-1.71946e-06
-1.70442e-06
-1.68785e-06
-1.66982e-06
-1.65037e-06
-1.62955e-06
-1.60742e-06
-1.58404e-06
-1.55949e-06
-1.53381e-06
-1.50708e-06
-1.47938e-06
-1.45076e-06
-1.42132e-06
-1.39111e-06
-1.36021e-06
-1.3287e-06
-1.29665e-06
-1.26414e-06
-1.23125e-06
-1.19804e-06
-1.16458e-06
-1.13096e-06
-1.09724e-06
-1.06348e-06
-1.02975e-06
-9.96122e-07
-9.6265e-07
-9.29395e-07
-8.96413e-07
-8.63757e-07
-8.31478e-07
-7.99625e-07
-7.68241e-07
-7.37369e-07
-7.07046e-07
-6.77309e-07
-6.48189e-07
-6.19715e-07
-5.91914e-07
-5.64808e-07
-5.38418e-07
-5.1276e-07
-4.87847e-07
-4.63692e-07
-4.40303e-07
-4.17686e-07
-3.95843e-07
-3.74777e-07
-3.54485e-07
-3.34965e-07
-3.16211e-07
-2.98215e-07
-2.80969e-07
-2.64462e-07
-2.48682e-07
-2.33615e-07
-2.19247e-07
-2.05561e-07
-1.92542e-07
-1.80171e-07
-1.68431e-07
-1.57302e-07
-1.46765e-07
-1.368e-07
-1.27387e-07
-1.18506e-07
-1.10137e-07
-1.02258e-07
-9.4851e-08
-8.78943e-08
-8.13684e-08
-7.52534e-08
-6.95301e-08
-6.41794e-08
-5.91826e-08
-5.45216e-08
-5.01786e-08
-4.61365e-08
-4.23786e-08
-3.88888e-08
-3.56515e-08
-3.26518e-08
-2.98753e-08
-2.73083e-08
-2.49374e-08
-2.27502e-08
-2.07345e-08
-1.8879e-08
-1.71727e-08
-1.56054e-08
-1.41673e-08
-1.28492e-08
-1.16424e-08
-1.05386e-08
-9.5301e-09
-8.60973e-09
-7.77065e-09
-7.0065e-09
-6.31133e-09
-5.67958e-09
-5.10608e-09
-4.58601e-09
-4.11489e-09
-3.68856e-09
-3.30318e-09
-2.95517e-09
-2.64125e-09
-2.35837e-09
-2.10373e-09
-1.87476e-09
-1.66907e-09
-1.4845e-09
-1.31906e-09
-1.1709e-09
-1.03838e-09
-9.19951e-10
-8.14236e-10
-7.19965e-10
-6.35988e-10
-5.61257e-10
-4.94824e-10
-4.35829e-10
-3.83493e-10
-3.37112e-10
-2.96051e-10
-2.59738e-10
-2.27656e-10
-1.99342e-10
-1.7438e-10
-1.52394e-10
-1.3305e-10
-1.16048e-10
-1.0112e-10
-8.80267e-11
-7.65537e-11
-6.6511e-11
-5.77293e-11
-5.00582e-11
-4.33641e-11
-3.75285e-11
-3.24465e-11
-2.80253e-11
-2.4183e-11
-2.0847e-11
-1.79537e-11
-1.54469e-11
-1.32771e-11
-1.14009e-11
-9.78035e-12
-8.38193e-12
-7.17645e-12
-6.13834e-12
-5.24528e-12
-4.47777e-12
-3.81883e-12
-3.25369e-12
-2.76947e-12
-2.35501e-12
-2.00063e-12
-1.69791e-12
-1.43959e-12
-1.21938e-12
-1.03185e-12
-8.72304e-13
-7.36709e-13
-6.21584e-13
-5.23937e-13
-4.412e-13
-3.71165e-13
-3.11942e-13
-2.61913e-13
-2.19693e-13
-1.84099e-13
-1.54121e-13
-1.28899e-13
-1.07699e-13
-8.98981e-14
-7.49661e-14
-6.24533e-14
-5.19783e-14
-4.32179e-14
-3.5899e-14
-2.97904e-14
-2.7851e-07
-2.96183e-07
-3.1467e-07
-3.33985e-07
-3.54139e-07
-3.75143e-07
-3.97005e-07
-4.1973e-07
-4.43323e-07
-4.67786e-07
-4.93116e-07
-5.19311e-07
-5.46363e-07
-5.74263e-07
-6.03e-07
-6.32555e-07
-6.62912e-07
-6.94048e-07
-7.25937e-07
-7.5855e-07
-7.91854e-07
-8.25814e-07
-8.60389e-07
-8.95538e-07
-9.31212e-07
-9.67362e-07
-1.00393e-06
-1.04087e-06
-1.07812e-06
-1.1156e-06
-1.15327e-06
-1.19104e-06
-1.22885e-06
-1.26662e-06
-1.30427e-06
-1.34174e-06
-1.37893e-06
-1.41577e-06
-1.45218e-06
-1.48807e-06
-1.52336e-06
-1.55796e-06
-1.5918e-06
-1.62478e-06
-1.65683e-06
-1.68785e-06
-1.71779e-06
-1.74654e-06
-1.77405e-06
-1.80022e-06
-1.82501e-06
-1.84832e-06
-1.87011e-06
-1.89031e-06
-1.90886e-06
-1.92571e-06
-1.94081e-06
-1.95412e-06
-1.96561e-06
-1.97523e-06
-1.98296e-06
-1.98878e-06
-1.99267e-06
-1.99461e-06
-1.99461e-06
-1.99267e-06
-1.98878e-06
-1.98296e-06
-1.97523e-06
-1.96561e-06
-1.95412e-06
-1.94081e-06
-1.92571e-06
-1.90886e-06
-1.89031e-06
-1.87011e-06
-1.84832e-06
-1.82501e-06
-1.80022e-06
-1.77405e-06
-1.74654e-06
-1.71779e-06
-1.68785e-06
-1.65683e-06
-1.62478e-06
-1.5918e-06
-1.55796e-06
-1.52336e-06
-1.48807e-06
-1.45218e-06
-1.41577e-06
-1.37893e-06
-1.34174e-06
-1.30427e-06
-1.26662e-06
-1.22885e-06
-1.19104e-06
-1.15327e-06
-1.1156e-06
-1.07812e-06
-1.04087e-06
-1.00393e-06
-9.67362e-07
-9.31212e-07
-8.95538e-07
-8.60389e-07
-8.25814e-07
-7.91854e-07
-7.5855e-07
-7.25937e-07
-6.94048e-07
-6.62912e-07
-6.32555e-07
-6.03e-07
-5.74263e-07
-5.46363e-07
-5.19311e-07
-4.93116e-07
-4.67786e-07
-4.43323e-07
-4.1973e-07
-3.97005e-07
-3.75143e-07
-3.54139e-07
-3.33985e-07
-3.1467e-07
-2.96183e-07
-2.7851e-07
-2.61636e-07
-2.45545e-07
-2.30218e-07
-2.15637e-07
-2.01782e-07
-1.88634e-07
-1.7617e-07
-1.64369e-07
-1.53208e-07
-1.42667e-07
-1.3272e-07
-1.23347e-07
-1.14524e-07
-1.06228e-07
-9.8437e-08
-9.11283e-08
-8.42799e-08
-7.787e-08
-7.18775e-08
-6.62814e-08
-6.10612e-08
-5.61973e-08
-5.16704e-08
-4.74618e-08
-4.35534e-08
-3.99278e-08
-3.65683e-08
-3.34588e-08
-3.05838e-08
-2.79286e-08
-2.5479e-08
-2.32215e-08
-2.11435e-08
-1.92325e-08
-1.74773e-08
-1.58667e-08
-1.43905e-08
-1.30388e-08
-1.18026e-08
-1.06732e-08
-9.64244e-09
-8.70272e-09
-7.84691e-09
-7.06835e-09
-6.36083e-09
-5.71854e-09
-5.13609e-09
-4.60846e-09
-4.13099e-09
-3.69938e-09
-3.30964e-09
-2.95806e-09
-2.64125e-09
-2.35607e-09
-2.09963e-09
-1.86927e-09
-1.66257e-09
-1.47727e-09
-1.31135e-09
-1.16293e-09
-1.0303e-09
-9.11901e-10
-8.06323e-10
-7.12273e-10
-6.28578e-10
-5.54177e-10
-4.88105e-10
-4.29491e-10
-3.77547e-10
-3.31561e-10
-2.90892e-10
-2.54963e-10
-2.23253e-10
-1.95296e-10
-1.70673e-10
-1.49009e-10
-1.29968e-10
-1.1325e-10
-9.85853e-11
-8.5736e-11
-7.44888e-11
-6.46538e-11
-5.60626e-11
-4.85655e-11
-4.203e-11
-3.63384e-11
-3.13869e-11
-2.70836e-11
-2.33475e-11
-2.01072e-11
-1.72997e-11
-1.48696e-11
-1.27684e-11
-1.09535e-11
-9.38731e-12
-8.03724e-12
-6.87462e-12
-5.87443e-12
-5.01486e-12
-4.27689e-12
-3.64396e-12
-3.10166e-12
-2.63749e-12
-2.2406e-12
-1.90157e-12
-1.61227e-12
-1.36564e-12
-1.15561e-12
-9.76934e-13
-8.25075e-13
-6.96141e-13
-5.86782e-13
-4.9412e-13
-4.15685e-13
-3.49359e-13
-2.93329e-13
-2.46045e-13
-2.06181e-13
-1.72608e-13
-1.4436e-13
-1.20617e-13
-1.00681e-13
-8.39581e-14
-6.99444e-14
-5.82129e-14
-4.84018e-14
-4.02049e-14
-3.33636e-14
-3.11612e-07
-3.31386e-07
-3.5207e-07
-3.7368e-07
-3.9623e-07
-4.1973e-07
-4.4419e-07
-4.69616e-07
-4.96014e-07
-5.23384e-07
-5.51725e-07
-5.81033e-07
-6.113e-07
-6.42517e-07
-6.74668e-07
-7.07737e-07
-7.41702e-07
-7.76538e-07
-8.12217e-07
-8.48706e-07
-8.85969e-07
-9.23965e-07
-9.6265e-07
-1.00198e-06
-1.04189e-06
-1.08234e-06
-1.12326e-06
-1.16458e-06
-1.20625e-06
-1.2482e-06
-1.29034e-06
-1.3326e-06
-1.3749e-06
-1.41716e-06
-1.45929e-06
-1.50121e-06
-1.54282e-06
-1.58404e-06
-1.62478e-06
-1.66494e-06
-1.70442e-06
-1.74313e-06
-1.78099e-06
-1.81789e-06
-1.85375e-06
-1.88846e-06
-1.92195e-06
-1.95412e-06
-1.9849e-06
-2.01419e-06
-2.04191e-06
-2.068e-06
-2.09238e-06
-2.11498e-06
-2.13573e-06
-2.15459e-06
-2.17148e-06
-2.18638e-06
-2.19923e-06
-2.20999e-06
-2.21864e-06
-2.22515e-06
-2.2295e-06
-2.23168e-06
-2.23168e-06
-2.2295e-06
-2.22515e-06
-2.21864e-06
-2.20999e-06
-2.19923e-06
-2.18638e-06
-2.17148e-06
-2.15459e-06
-2.13573e-06
-2.11498e-06
-2.09238e-06
-2.068e-06
-2.04191e-06
-2.01419e-06
-1.9849e-06
-1.95412e-06
-1.92195e-06
-1.88846e-06
-1.85375e-06
-1.81789e-06
-1.78099e-06
-1.74313e-06
-1.70442e-06
-1.66494e-06
-1.62478e-06
-1.58404e-06
-1.54282e-06
-1.50121e-06
-1.45929e-06
-1.41716e-06
-1.3749e-06
-1.3326e-06
-1.29034e-06
-1.2482e-06
-1.20625e-06
-1.16458e-06
-1.12326e-06
-1.08234e-06
-1.04189e-06
-1.00198e-06
-9.6265e-07
-9.23965e-07
-8.85969e-07
-8.48706e-07
-8.12217e-07
-7.76538e-07
-7.41702e-07
-7.07737e-07
-6.74668e-07
-6.42517e-07
-6.113e-07
-5.81033e-07
-5.51725e-07
-5.23384e-07
-4.96014e-07
-4.69616e-07
-4.4419e-07
-4.1973e-07
-3.9623e-07
-3.7368e-07
-3.5207e-07
-3.31386e-07
-3.11612e-07
-2.92733e-07
-2.74729e-07
-2.5758e-07
-2.41266e-07
-2.25765e-07
-2.11054e-07
-1.97108e-07
-1.83904e-07
-1.71418e-07
-1.59623e-07
-1.48495e-07
-1.38007e-07
-1.28135e-07
-1.18854e-07
-1.10137e-07
-1.01959e-07
-9.42968e-08
-8.71252e-08
-8.04204e-08
-7.41591e-08
-6.83186e-08
-6.28766e-08
-5.78116e-08
-5.31028e-08
-4.87298e-08
-4.46734e-08
-4.09146e-08
-3.74355e-08
-3.42188e-08
-3.1248e-08
-2.85073e-08
-2.59815e-08
-2.36564e-08
-2.15184e-08
-1.95545e-08
-1.77525e-08
-1.61008e-08
-1.45885e-08
-1.32054e-08
-1.19418e-08
-1.07885e-08
-9.73707e-09
-8.77954e-09
-7.90845e-09
-7.11684e-09
-6.39821e-09
-5.74653e-09
-5.15619e-09
-4.62198e-09
-4.13907e-09
-3.703e-09
-3.30964e-09
-2.95517e-09
-2.6361e-09
-2.34918e-09
-2.09144e-09
-1.86017e-09
-1.65285e-09
-1.46721e-09
-1.30114e-09
-1.15275e-09
-1.02028e-09
-9.02157e-10
-7.96929e-10
-7.03287e-10
-6.20043e-10
-5.46118e-10
-4.80538e-10
-4.2242e-10
-3.70968e-10
-3.25466e-10
-2.85266e-10
-2.49787e-10
-2.18507e-10
-1.90958e-10
-1.66719e-10
-1.45415e-10
-1.2671e-10
-1.10302e-10
-9.59261e-11
-8.3342e-11
-7.23381e-11
-6.27258e-11
-5.43377e-11
-4.70254e-11
-4.06573e-11
-3.51173e-11
-3.03026e-11
-2.61225e-11
-2.2497e-11
-1.93558e-11
-1.66369e-11
-1.4286e-11
-1.22553e-11
-1.0503e-11
-8.9925e-12
-7.69169e-12
-6.57263e-12
-5.6109e-12
-4.78522e-12
-4.07705e-12
-3.4703e-12
-2.95097e-12
-2.5069e-12
-2.12758e-12
-1.80389e-12
-1.52795e-12
-1.29296e-12
-1.09305e-12
-9.23138e-13
-7.7888e-13
-6.56523e-13
-5.52848e-13
-4.6509e-13
-3.90881e-13
-3.28192e-13
-2.75288e-13
-2.30687e-13
-1.93123e-13
-1.61518e-13
-1.34953e-13
-1.12647e-13
-9.39368e-14
-7.82575e-14
-6.51317e-14
-5.41545e-14
-4.49834e-14
-3.7329e-14
-3.48308e-07
-3.7041e-07
-3.9353e-07
-4.17686e-07
-4.42891e-07
-4.69158e-07
-4.96498e-07
-5.24919e-07
-5.54425e-07
-5.85018e-07
-6.16697e-07
-6.49456e-07
-6.83288e-07
-7.18181e-07
-7.54118e-07
-7.91081e-07
-8.29046e-07
-8.67985e-07
-9.07865e-07
-9.48651e-07
-9.90302e-07
-1.03277e-06
-1.07601e-06
-1.11997e-06
-1.16458e-06
-1.20979e-06
-1.25553e-06
-1.30173e-06
-1.34831e-06
-1.39519e-06
-1.44229e-06
-1.48953e-06
-1.53681e-06
-1.58404e-06
-1.63114e-06
-1.67799e-06
-1.72451e-06
-1.77058e-06
-1.81612e-06
-1.861e-06
-1.90513e-06
-1.94841e-06
-1.99072e-06
-2.03197e-06
-2.07205e-06
-2.11085e-06
-2.14828e-06
-2.18425e-06
-2.21864e-06
-2.25138e-06
-2.28237e-06
-2.31153e-06
-2.33878e-06
-2.36404e-06
-2.38724e-06
-2.40831e-06
-2.4272e-06
-2.44385e-06
-2.45821e-06
-2.47025e-06
-2.47991e-06
-2.48719e-06
-2.49205e-06
-2.49449e-06
-2.49449e-06
-2.49205e-06
-2.48719e-06
-2.47991e-06
-2.47025e-06
-2.45821e-06
-2.44385e-06
-2.4272e-06
-2.40831e-06
-2.38724e-06
-2.36404e-06
-2.33878e-06
-2.31153e-06
-2.28237e-06
-2.25138e-06
-2.21864e-06
-2.18425e-06
-2.14828e-06
-2.11085e-06
-2.07205e-06
-2.03197e-06
-1.99072e-06
-1.94841e-06
-1.90513e-06
-1.861e-06
-1.81612e-06
-1.77058e-06
-1.72451e-06
-1.67799e-06
-1.63114e-06
-1.58404e-06
-1.53681e-06
-1.48953e-06
-1.44229e-06
-1.39519e-06
-1.34831e-06
-1.30173e-06
-1.25553e-06
-1.20979e-06
-1.16458e-06
-1.11997e-06
-1.07601e-06
-1.03277e-06
-9.90302e-07
-9.48651e-07
-9.07865e-07
-8.67985e-07
-8.29046e-07
-7.91081e-07
-7.54118e-07
-7.18181e-07
-6.83288e-07
-6.49456e-07
-6.16697e-07
-5.85018e-07
-5.54425e-07
-5.24919e-07
-4.96498e-07
-4.69158e-07
-4.42891e-07
-4.17686e-07
-3.9353e-07
-3.7041e-07
-3.48308e-07
-3.27205e-07
-3.07081e-07
-2.87913e-07
-2.69678e-07
-2.52351e-07
-2.35908e-07
-2.2032e-07
-2.05561e-07
-1.91604e-07
-1.7842e-07
-1.65982e-07
-1.54259e-07
-1.43225e-07
-1.3285e-07
-1.23106e-07
-1.13966e-07
-1.05401e-07
-9.73852e-08
-8.98908e-08
-8.28922e-08
-7.63639e-08
-7.02811e-08
-6.46196e-08
-5.93562e-08
-5.44683e-08
-4.99342e-08
-4.57328e-08
-4.1844e-08
-3.82485e-08
-3.49278e-08
-3.18643e-08
-2.90411e-08
-2.64423e-08
-2.40524e-08
-2.18573e-08
-1.98431e-08
-1.79969e-08
-1.63065e-08
-1.47605e-08
-1.3348e-08
-1.20589e-08
-1.08837e-08
-9.81343e-09
-8.83976e-09
-7.95493e-09
-7.15167e-09
-6.42325e-09
-5.76339e-09
-5.16627e-09
-4.62649e-09
-4.13907e-09
-3.69938e-09
-3.30318e-09
-2.94653e-09
-2.62582e-09
-2.33773e-09
-2.07922e-09
-1.84749e-09
-1.63999e-09
-1.45437e-09
-1.2885e-09
-1.14043e-09
-1.0084e-09
-8.90776e-10
-7.86107e-10
-6.9306e-10
-6.1043e-10
-5.37127e-10
-4.72165e-10
-4.14654e-10
-3.63793e-10
-3.18859e-10
-2.79202e-10
-2.44239e-10
-2.13446e-10
-1.86353e-10
-1.6254e-10
-1.41631e-10
-1.23292e-10
-1.07222e-10
-9.31565e-11
-8.08568e-11
-7.01125e-11
-6.07366e-11
-5.25632e-11
-4.54452e-11
-3.92528e-11
-3.38711e-11
-2.91987e-11
-2.51463e-11
-2.16352e-11
-1.85961e-11
-1.59684e-11
-1.36985e-11
-1.17399e-11
-1.00515e-11
-8.59747e-12
-7.34663e-12
-6.27165e-12
-5.34873e-12
-4.55717e-12
-3.87897e-12
-3.29848e-12
-2.80212e-12
-2.37812e-12
-2.01632e-12
-1.70789e-12
-1.44523e-12
-1.22177e-12
-1.03185e-12
-8.70602e-13
-7.33837e-13
-6.17952e-13
-5.1986e-13
-4.36912e-13
-3.6684e-13
-3.07706e-13
-2.57853e-13
-2.15865e-13
-1.80538e-13
-1.50845e-13
-1.25913e-13
-1.04999e-13
-8.74733e-14
-7.28017e-14
-6.05318e-14
-5.02807e-14
-4.17249e-14
-3.88946e-07
-4.13626e-07
-4.39444e-07
-4.66417e-07
-4.94563e-07
-5.23895e-07
-5.54425e-07
-5.86162e-07
-6.1911e-07
-6.53273e-07
-6.88647e-07
-7.25228e-07
-7.63008e-07
-8.01971e-07
-8.42102e-07
-8.83377e-07
-9.25771e-07
-9.69253e-07
-1.01379e-06
-1.05933e-06
-1.10584e-06
-1.15327e-06
-1.20155e-06
-1.25064e-06
-1.30046e-06
-1.35094e-06
-1.40202e-06
-1.4536e-06
-1.50561e-06
-1.55796e-06
-1.61056e-06
-1.66331e-06
-1.71611e-06
-1.76886e-06
-1.82144e-06
-1.87377e-06
-1.92571e-06
-1.97716e-06
-2.028e-06
-2.07812e-06
-2.12741e-06
-2.17573e-06
-2.22298e-06
-2.26904e-06
-2.31379e-06
-2.35712e-06
-2.39892e-06
-2.43908e-06
-2.47749e-06
-2.51405e-06
-2.54866e-06
-2.58122e-06
-2.61165e-06
-2.63985e-06
-2.66576e-06
-2.68929e-06
-2.71039e-06
-2.72898e-06
-2.74501e-06
-2.75845e-06
-2.76925e-06
-2.77737e-06
-2.7828e-06
-2.78552e-06
-2.78552e-06
-2.7828e-06
-2.77737e-06
-2.76925e-06
-2.75845e-06
-2.74501e-06
-2.72898e-06
-2.71039e-06
-2.68929e-06
-2.66576e-06
-2.63985e-06
-2.61165e-06
-2.58122e-06
-2.54866e-06
-2.51405e-06
-2.47749e-06
-2.43908e-06
-2.39892e-06
-2.35712e-06
-2.31379e-06
-2.26904e-06
-2.22298e-06
-2.17573e-06
-2.12741e-06
-2.07812e-06
-2.028e-06
-1.97716e-06
-1.92571e-06
-1.87377e-06
-1.82144e-06
-1.76886e-06
-1.71611e-06
-1.66331e-06
-1.61056e-06
-1.55796e-06
-1.50561e-06
-1.4536e-06
-1.40202e-06
-1.35094e-06
-1.30046e-06
-1.25064e-06
-1.20155e-06
-1.15327e-06
-1.10584e-06
-1.05933e-06
-1.01379e-06
-9.69253e-07
-9.25771e-07
-8.83377e-07
-8.42102e-07
-8.01971e-07
-7.63008e-07
-7.25228e-07
-6.88647e-07
-6.53273e-07
-6.1911e-07
-5.86162e-07
-5.54425e-07
-5.23895e-07
-4.94563e-07
-4.66417e-07
-4.39444e-07
-4.13626e-07
-3.88946e-07
-3.65381e-07
-3.42908e-07
-3.21504e-07
-3.01142e-07
-2.81793e-07
-2.63431e-07
-2.46025e-07
-2.29544e-07
-2.13959e-07
-1.99237e-07
-1.85347e-07
-1.72257e-07
-1.59935e-07
-1.4835e-07
-1.37469e-07
-1.27263e-07
-1.17699e-07
-1.08747e-07
-1.00378e-07
-9.25633e-08
-8.52733e-08
-7.84808e-08
-7.21588e-08
-6.62814e-08
-6.08232e-08
-5.576e-08
-5.10684e-08
-4.67259e-08
-4.2711e-08
-3.90029e-08
-3.55819e-08
-3.24294e-08
-2.95273e-08
-2.68587e-08
-2.44074e-08
-2.21582e-08
-2.00966e-08
-1.8209e-08
-1.64826e-08
-1.49054e-08
-1.34659e-08
-1.21535e-08
-1.09584e-08
-9.8711e-09
-8.88303e-09
-7.98606e-09
-7.17265e-09
-6.43581e-09
-5.76902e-09
-5.16627e-09
-4.62198e-09
-4.13099e-09
-3.68856e-09
-3.2903e-09
-2.93218e-09
-2.61048e-09
-2.32181e-09
-2.06304e-09
-1.83133e-09
-1.62405e-09
-1.43883e-09
-1.27349e-09
-1.12605e-09
-9.94704e-10
-8.77823e-10
-7.7392e-10
-6.81649e-10
-5.99794e-10
-5.27252e-10
-4.63032e-10
-4.06237e-10
-3.56061e-10
-3.11777e-10
-2.72735e-10
-2.38349e-10
-2.08094e-10
-1.81503e-10
-1.58155e-10
-1.37676e-10
-1.19732e-10
-1.04025e-10
-9.02904e-11
-7.82926e-11
-6.78228e-11
-5.86957e-11
-5.07473e-11
-4.38325e-11
-3.78229e-11
-3.26053e-11
-2.80801e-11
-2.41594e-11
-2.07657e-11
-1.78314e-11
-1.52968e-11
-1.31096e-11
-1.12242e-11
-9.60055e-12
-8.20377e-12
-7.00336e-12
-5.97277e-12
-5.08886e-12
-4.33153e-12
-3.68331e-12
-3.12904e-12
-2.65558e-12
-2.25156e-12
-1.90715e-12
-1.61384e-12
-1.36431e-12
-1.15223e-12
-9.72175e-13
-8.19454e-13
-6.90049e-13
-5.80512e-13
-4.87887e-13
-4.0964e-13
-3.43607e-13
-2.87936e-13
-2.4105e-13
-2.01602e-13
-1.68445e-13
-1.40603e-13
-1.17249e-13
-9.76788e-14
-8.12955e-14
-6.75941e-14
-5.6147e-14
-4.6593e-14
-4.339e-07
-4.61434e-07
-4.90235e-07
-5.20326e-07
-5.51725e-07
-5.84447e-07
-6.18506e-07
-6.53911e-07
-6.90668e-07
-7.28778e-07
-7.68241e-07
-8.09051e-07
-8.51196e-07
-8.94663e-07
-9.39432e-07
-9.85479e-07
-1.03277e-06
-1.08128e-06
-1.13096e-06
-1.18177e-06
-1.23366e-06
-1.28656e-06
-1.34043e-06
-1.39519e-06
-1.45076e-06
-1.50708e-06
-1.56406e-06
-1.62161e-06
-1.67963e-06
-1.73803e-06
-1.79671e-06
-1.85556e-06
-1.91446e-06
-1.9733e-06
-2.03197e-06
-2.09034e-06
-2.14828e-06
-2.20568e-06
-2.2624e-06
-2.31832e-06
-2.37329e-06
-2.4272e-06
-2.47991e-06
-2.5313e-06
-2.58122e-06
-2.62956e-06
-2.67619e-06
-2.72099e-06
-2.76384e-06
-2.80463e-06
-2.84323e-06
-2.87956e-06
-2.9135e-06
-2.94497e-06
-2.97387e-06
-3.00012e-06
-3.02365e-06
-3.04439e-06
-3.06228e-06
-3.07727e-06
-3.08932e-06
-3.09838e-06
-3.10444e-06
-3.10747e-06
-3.10747e-06
-3.10444e-06
-3.09838e-06
-3.08932e-06
-3.07727e-06
-3.06228e-06
-3.04439e-06
-3.02365e-06
-3.00012e-06
-2.97387e-06
-2.94497e-06
-2.9135e-06
-2.87956e-06
-2.84323e-06
-2.80463e-06
-2.76384e-06
-2.72099e-06
-2.67619e-06
-2.62956e-06
-2.58122e-06
-2.5313e-06
-2.47991e-06
-2.4272e-06
-2.37329e-06
-2.31832e-06
-2.2624e-06
-2.20568e-06
-2.14828e-06
-2.09034e-06
-2.03197e-06
-1.9733e-06
-1.91446e-06
-1.85556e-06
-1.79671e-06
-1.73803e-06
-1.67963e-06
-1.62161e-06
-1.56406e-06
-1.50708e-06
-1.45076e-06
-1.39519e-06
-1.34043e-06
-1.28656e-06
-1.23366e-06
-1.18177e-06
-1.13096e-06
-1.08128e-06
-1.03277e-06
-9.85479e-07
-9.39432e-07
-8.94663e-07
-8.51196e-07
-8.09051e-07
-7.68241e-07
-7.28778e-07
-6.90668e-07
-6.53911e-07
-6.18506e-07
-5.84447e-07
-5.51725e-07
-5.20326e-07
-4.90235e-07
-4.61434e-07
-4.339e-07
-4.07612e-07
-3.82542e-07
-3.58664e-07
-3.35948e-07
-3.14363e-07
-2.93878e-07
-2.7446e-07
-2.56075e-07
-2.38688e-07
-2.22265e-07
-2.06769e-07
-1.92166e-07
-1.7842e-07
-1.65496e-07
-1.53358e-07
-1.41972e-07
-1.31302e-07
-1.21316e-07
-1.1198e-07
-1.03262e-07
-9.51293e-08
-8.75516e-08
-8.0499e-08
-7.39422e-08
-6.78532e-08
-6.22048e-08
-5.69709e-08
-5.21265e-08
-4.76475e-08
-4.35108e-08
-3.96945e-08
-3.61776e-08
-3.29401e-08
-2.9963e-08
-2.72284e-08
-2.47192e-08
-2.24193e-08
-2.03136e-08
-1.83877e-08
-1.66281e-08
-1.50223e-08
-1.35582e-08
-1.22249e-08
-1.1012e-08
-9.90974e-09
-8.90909e-09
-8.00167e-09
-7.17966e-09
-6.43581e-09
-5.76339e-09
-5.15619e-09
-4.60846e-09
-4.11489e-09
-3.6706e-09
-3.27108e-09
-2.9122e-09
-2.59016e-09
-2.30149e-09
-2.04299e-09
-1.81176e-09
-1.60513e-09
-1.42068e-09
-1.2562e-09
-1.10967e-09
-9.79282e-10
-8.6337e-10
-7.60435e-10
-6.69118e-10
-5.88193e-10
-5.1655e-10
-4.5319e-10
-3.97214e-10
-3.47813e-10
-3.04258e-10
-2.65897e-10
-2.32146e-10
-2.02481e-10
-1.76435e-10
-1.53589e-10
-1.33571e-10
-1.16048e-10
-1.00726e-10
-8.73417e-11
-7.56618e-11
-6.54798e-11
-5.66127e-11
-4.88986e-11
-4.21945e-11
-3.63739e-11
-3.13257e-11
-2.69517e-11
-2.31659e-11
-1.98924e-11
-1.70648e-11
-1.46248e-11
-1.25215e-11
-1.07102e-11
-9.15196e-12
-7.81282e-12
-6.66311e-12
-5.67704e-12
-4.83217e-12
-4.10903e-12
-3.4907e-12
-2.96252e-12
-2.5118e-12
-2.12758e-12
-1.80037e-12
-1.522e-12
-1.28541e-12
-1.08454e-12
-9.14167e-13
-7.69805e-13
-6.47608e-13
-5.44277e-13
-4.56986e-13
-3.83321e-13
-3.21216e-13
-2.68911e-13
-2.24903e-13
-1.87913e-13
-1.56854e-13
-1.30801e-13
-1.08969e-13
-9.06917e-14
-7.54067e-14
-6.26365e-14
-5.19783e-14
-4.83578e-07
-5.14264e-07
-5.46363e-07
-5.79899e-07
-6.14893e-07
-6.51362e-07
-6.8932e-07
-7.28778e-07
-7.69743e-07
-8.12217e-07
-8.56199e-07
-9.0168e-07
-9.48651e-07
-9.97095e-07
-1.04699e-06
-1.09831e-06
-1.15102e-06
-1.20508e-06
-1.26045e-06
-1.31707e-06
-1.3749e-06
-1.43386e-06
-1.4939e-06
-1.55492e-06
-1.61687e-06
-1.67963e-06
-1.74313e-06
-1.80727e-06
-1.87194e-06
-1.93702e-06
-2.00242e-06
-2.068e-06
-2.13365e-06
-2.19923e-06
-2.26461e-06
-2.32966e-06
-2.39424e-06
-2.45821e-06
-2.52143e-06
-2.58374e-06
-2.64501e-06
-2.7051e-06
-2.76384e-06
-2.82111e-06
-2.87675e-06
-2.93063e-06
-2.9826e-06
-3.03252e-06
-3.08028e-06
-3.12573e-06
-3.16876e-06
-3.20925e-06
-3.24708e-06
-3.28214e-06
-3.31435e-06
-3.34361e-06
-3.36984e-06
-3.39295e-06
-3.41289e-06
-3.4296e-06
-3.44302e-06
-3.45312e-06
-3.45987e-06
-3.46325e-06
-3.46325e-06
-3.45987e-06
-3.45312e-06
-3.44302e-06
-3.4296e-06
-3.41289e-06
-3.39295e-06
-3.36984e-06
-3.34361e-06
-3.31435e-06
-3.28214e-06
-3.24708e-06
-3.20925e-06
-3.16876e-06
-3.12573e-06
-3.08028e-06
-3.03252e-06
-2.9826e-06
-2.93063e-06
-2.87675e-06
-2.82111e-06
-2.76384e-06
-2.7051e-06
-2.64501e-06
-2.58374e-06
-2.52143e-06
-2.45821e-06
-2.39424e-06
-2.32966e-06
-2.26461e-06
-2.19923e-06
-2.13365e-06
-2.068e-06
-2.00242e-06
-1.93702e-06
-1.87194e-06
-1.80727e-06
-1.74313e-06
-1.67963e-06
-1.61687e-06
-1.55492e-06
-1.4939e-06
-1.43386e-06
-1.3749e-06
-1.31707e-06
-1.26045e-06
-1.20508e-06
-1.15102e-06
-1.09831e-06
-1.04699e-06
-9.97095e-07
-9.48651e-07
-9.0168e-07
-8.56199e-07
-8.12217e-07
-7.69743e-07
-7.28778e-07
-6.8932e-07
-6.51362e-07
-6.14893e-07
-5.79899e-07
-5.46363e-07
-5.14264e-07
-4.83578e-07
-4.5428e-07
-4.2634e-07
-3.99728e-07
-3.74411e-07
-3.50355e-07
-3.27525e-07
-3.05884e-07
-2.85394e-07
-2.66016e-07
-2.47712e-07
-2.30443e-07
-2.14168e-07
-1.98848e-07
-1.84444e-07
-1.70916e-07
-1.58226e-07
-1.46335e-07
-1.35206e-07
-1.24801e-07
-1.15084e-07
-1.06021e-07
-9.75756e-08
-8.97154e-08
-8.2408e-08
-7.56218e-08
-6.93267e-08
-6.34936e-08
-5.80946e-08
-5.31028e-08
-4.84925e-08
-4.42392e-08
-4.03196e-08
-3.67114e-08
-3.33935e-08
-3.03458e-08
-2.75493e-08
-2.49862e-08
-2.26394e-08
-2.04929e-08
-1.85319e-08
-1.67422e-08
-1.51105e-08
-1.36246e-08
-1.22728e-08
-1.10443e-08
-9.92911e-09
-8.9178e-09
-8.00167e-09
-7.17265e-09
-6.42325e-09
-5.74653e-09
-5.13609e-09
-4.58601e-09
-4.09085e-09
-3.64559e-09
-3.24562e-09
-2.88672e-09
-2.56499e-09
-2.2769e-09
-2.01919e-09
-1.78891e-09
-1.58334e-09
-1.40002e-09
-1.23672e-09
-1.0914e-09
-9.62219e-10
-8.47498e-10
-7.45727e-10
-6.55536e-10
-5.7569e-10
-5.05077e-10
-4.42692e-10
-3.87634e-10
-3.39093e-10
-2.9634e-10
-2.58725e-10
-2.25664e-10
-1.96635e-10
-1.71174e-10
-1.48864e-10
-1.29335e-10
-1.12259e-10
-9.73416e-11
-8.43244e-11
-7.29767e-11
-6.30944e-11
-5.44971e-11
-4.70254e-11
-4.05384e-11
-3.49122e-11
-3.00375e-11
-2.58182e-11
-2.21699e-11
-1.90185e-11
-1.62992e-11
-1.39551e-11
-1.19364e-11
-1.01998e-11
-8.70732e-12
-7.42598e-12
-6.32701e-12
-5.38542e-12
-4.57948e-12
-3.89035e-12
-3.3017e-12
-2.79938e-12
-2.37117e-12
-2.0065e-12
-1.69625e-12
-1.43258e-12
-1.20871e-12
-1.01883e-12
-8.57942e-13
-7.21754e-13
-6.06592e-13
-5.09307e-13
-4.27208e-13
-3.57993e-13
-2.99699e-13
-2.50653e-13
-2.09428e-13
-1.74813e-13
-1.45777e-13
-1.21445e-13
-1.01075e-13
-8.40401e-14
-6.98079e-14
-5.79293e-14
-5.38418e-07
-5.72583e-07
-6.08323e-07
-6.45662e-07
-6.84624e-07
-7.25228e-07
-7.67491e-07
-8.11425e-07
-8.57035e-07
-9.04326e-07
-9.53295e-07
-1.00393e-06
-1.05623e-06
-1.11017e-06
-1.16572e-06
-1.22286e-06
-1.28155e-06
-1.34174e-06
-1.40339e-06
-1.46643e-06
-1.53082e-06
-1.59647e-06
-1.66331e-06
-1.73126e-06
-1.80022e-06
-1.87011e-06
-1.94081e-06
-2.01222e-06
-2.08422e-06
-2.15669e-06
-2.2295e-06
-2.30252e-06
-2.37561e-06
-2.44863e-06
-2.52143e-06
-2.59386e-06
-2.66576e-06
-2.73698e-06
-2.80737e-06
-2.87675e-06
-2.94497e-06
-3.01187e-06
-3.07727e-06
-3.14103e-06
-3.20298e-06
-3.26297e-06
-3.32083e-06
-3.37642e-06
-3.4296e-06
-3.4802e-06
-3.52811e-06
-3.57319e-06
-3.61531e-06
-3.65435e-06
-3.69021e-06
-3.72279e-06
-3.75199e-06
-3.77773e-06
-3.79993e-06
-3.81853e-06
-3.83347e-06
-3.84472e-06
-3.85223e-06
-3.856e-06
-3.856e-06
-3.85223e-06
-3.84472e-06
-3.83347e-06
-3.81853e-06
-3.79993e-06
-3.77773e-06
-3.75199e-06
-3.72279e-06
-3.69021e-06
-3.65435e-06
-3.61531e-06
-3.57319e-06
-3.52811e-06
-3.4802e-06
-3.4296e-06
-3.37642e-06
-3.32083e-06
-3.26297e-06
-3.20298e-06
-3.14103e-06
-3.07727e-06
-3.01187e-06
-2.94497e-06
-2.87675e-06
-2.80737e-06
-2.73698e-06
-2.66576e-06
-2.59386e-06
-2.52143e-06
-2.44863e-06
-2.37561e-06
-2.30252e-06
-2.2295e-06
-2.15669e-06
-2.08422e-06
-2.01222e-06
-1.94081e-06
-1.87011e-06
-1.80022e-06
-1.73126e-06
-1.66331e-06
-1.59647e-06
-1.53082e-06
-1.46643e-06
-1.40339e-06
-1.34174e-06
-1.28155e-06
-1.22286e-06
-1.16572e-06
-1.11017e-06
-1.05623e-06
-1.00393e-06
-9.53295e-07
-9.04326e-07
-8.57035e-07
-8.11425e-07
-7.67491e-07
-7.25228e-07
-6.84624e-07
-6.45662e-07
-6.08323e-07
-5.72583e-07
-5.38418e-07
-5.05797e-07
-4.74688e-07
-4.45058e-07
-4.16871e-07
-3.90087e-07
-3.64668e-07
-3.40572e-07
-3.17758e-07
-2.96183e-07
-2.75804e-07
-2.56576e-07
-2.38455e-07
-2.21398e-07
-2.05361e-07
-1.90299e-07
-1.7617e-07
-1.6293e-07
-1.50539e-07
-1.38954e-07
-1.28135e-07
-1.18044e-07
-1.08641e-07
-9.98895e-08
-9.17533e-08
-8.41976e-08
-7.71886e-08
-7.06941e-08
-6.46827e-08
-5.91248e-08
-5.39917e-08
-4.92561e-08
-4.4892e-08
-4.08747e-08
-3.71805e-08
-3.37871e-08
-3.06736e-08
-2.78197e-08
-2.52067e-08
-2.28169e-08
-2.06335e-08
-1.86408e-08
-1.68241e-08
-1.51697e-08
-1.36646e-08
-1.22968e-08
-1.10551e-08
-9.92911e-09
-8.90909e-09
-7.98606e-09
-7.15167e-09
-6.39821e-09
-5.71854e-09
-5.10608e-09
-4.55477e-09
-4.05901e-09
-3.61369e-09
-3.21408e-09
-2.85587e-09
-2.53511e-09
-2.24818e-09
-1.99177e-09
-1.76289e-09
-1.55879e-09
-1.37697e-09
-1.21517e-09
-1.07134e-09
-9.43608e-10
-8.30295e-10
-7.29876e-10
-6.40976e-10
-5.62355e-10
-4.92895e-10
-4.31593e-10
-3.77547e-10
-3.29946e-10
-2.88065e-10
-2.51255e-10
-2.18935e-10
-1.90586e-10
-1.65745e-10
-1.44002e-10
-1.24989e-10
-1.08381e-10
-9.38872e-11
-8.12526e-11
-7.02496e-11
-6.06773e-11
-5.23582e-11
-4.51356e-11
-3.88714e-11
-3.34438e-11
-2.8746e-11
-2.4684e-11
-2.11753e-11
-1.81476e-11
-1.55376e-11
-1.329e-11
-1.13565e-11
-9.69476e-12
-8.26811e-12
-7.04452e-12
-5.99615e-12
-5.09881e-12
-4.33153e-12
-3.67612e-12
-3.11684e-12
-2.64007e-12
-2.23404e-12
-1.88861e-12
-1.59504e-12
-1.34578e-12
-1.13437e-12
-9.55236e-13
-8.03604e-13
-6.75382e-13
-5.67065e-13
-4.75655e-13
-3.98591e-13
-3.33686e-13
-2.79077e-13
-2.33178e-13
-1.94637e-13
-1.62308e-13
-1.35217e-13
-1.12537e-13
-9.35706e-14
-7.77244e-14
-6.44987e-14
-5.98891e-07
-6.36894e-07
-6.76648e-07
-7.18181e-07
-7.61519e-07
-8.06684e-07
-8.53694e-07
-9.02561e-07
-9.53295e-07
-1.0059e-06
-1.06037e-06
-1.11669e-06
-1.17487e-06
-1.23486e-06
-1.29665e-06
-1.36021e-06
-1.42549e-06
-1.49244e-06
-1.56101e-06
-1.63114e-06
-1.70275e-06
-1.77578e-06
-1.85013e-06
-1.92571e-06
-2.00242e-06
-2.08015e-06
-2.1588e-06
-2.23823e-06
-2.31832e-06
-2.39892e-06
-2.47991e-06
-2.56113e-06
-2.64243e-06
-2.72365e-06
-2.80463e-06
-2.88519e-06
-2.96517e-06
-3.04439e-06
-3.12268e-06
-3.19986e-06
-3.27574e-06
-3.35015e-06
-3.4229e-06
-3.49382e-06
-3.56273e-06
-3.62946e-06
-3.69382e-06
-3.75565e-06
-3.8148e-06
-3.87109e-06
-3.92438e-06
-3.97452e-06
-4.02137e-06
-4.0648e-06
-4.10469e-06
-4.14092e-06
-4.1734e-06
-4.20203e-06
-4.22672e-06
-4.24741e-06
-4.26403e-06
-4.27655e-06
-4.28491e-06
-4.28909e-06
-4.28909e-06
-4.28491e-06
-4.27655e-06
-4.26403e-06
-4.24741e-06
-4.22672e-06
-4.20203e-06
-4.1734e-06
-4.14092e-06
-4.10469e-06
-4.0648e-06
-4.02137e-06
-3.97452e-06
-3.92438e-06
-3.87109e-06
-3.8148e-06
-3.75565e-06
-3.69382e-06
-3.62946e-06
-3.56273e-06
-3.49382e-06
-3.4229e-06
-3.35015e-06
-3.27574e-06
-3.19986e-06
-3.12268e-06
-3.04439e-06
-2.96517e-06
-2.88519e-06
-2.80463e-06
-2.72365e-06
-2.64243e-06
-2.56113e-06
-2.47991e-06
-2.39892e-06
-2.31832e-06
-2.23823e-06
-2.1588e-06
-2.08015e-06
-2.00242e-06
-1.92571e-06
-1.85013e-06
-1.77578e-06
-1.70275e-06
-1.63114e-06
-1.56101e-06
-1.49244e-06
-1.42549e-06
-1.36021e-06
-1.29665e-06
-1.23486e-06
-1.17487e-06
-1.11669e-06
-1.06037e-06
-1.0059e-06
-9.53295e-07
-9.02561e-07
-8.53694e-07
-8.06684e-07
-7.61519e-07
-7.18181e-07
-6.76648e-07
-6.36894e-07
-5.98891e-07
-5.62606e-07
-5.28004e-07
-4.95046e-07
-4.63692e-07
-4.339e-07
-4.05626e-07
-3.78824e-07
-3.53448e-07
-3.2945e-07
-3.06781e-07
-2.85394e-07
-2.65238e-07
-2.46265e-07
-2.28426e-07
-2.11673e-07
-1.95957e-07
-1.8123e-07
-1.67447e-07
-1.54561e-07
-1.42527e-07
-1.31302e-07
-1.20843e-07
-1.11109e-07
-1.02059e-07
-9.36544e-08
-8.58582e-08
-7.86342e-08
-7.19477e-08
-6.57655e-08
-6.00559e-08
-5.47884e-08
-4.99342e-08
-4.54656e-08
-4.13565e-08
-3.7582e-08
-3.41187e-08
-3.09443e-08
-2.80379e-08
-2.53796e-08
-2.2951e-08
-2.07345e-08
-1.87138e-08
-1.68735e-08
-1.51993e-08
-1.36779e-08
-1.22968e-08
-1.10443e-08
-9.90974e-09
-8.88303e-09
-7.95493e-09
-7.11684e-09
-6.36083e-09
-5.67958e-09
-5.06634e-09
-4.51491e-09
-4.01957e-09
-3.57508e-09
-3.17664e-09
-2.81985e-09
-2.50069e-09
-2.21548e-09
-1.96089e-09
-1.73387e-09
-1.53163e-09
-1.35166e-09
-1.19167e-09
-1.04959e-09
-9.23551e-10
-8.11854e-10
-7.12969e-10
-6.25517e-10
-5.48256e-10
-4.80069e-10
-4.19952e-10
-3.67005e-10
-3.2042e-10
-2.79475e-10
-2.43525e-10
-2.11992e-10
-1.84361e-10
-1.60176e-10
-1.39027e-10
-1.20553e-10
-1.04432e-10
-9.03786e-11
-7.81398e-11
-6.74924e-11
-5.8239e-11
-5.02051e-11
-4.32373e-11
-3.72001e-11
-3.19747e-11
-2.74565e-11
-2.35537e-11
-2.01859e-11
-1.72828e-11
-1.47827e-11
-1.2632e-11
-1.07836e-11
-9.19676e-12
-7.83574e-12
-6.66962e-12
-5.6715e-12
-4.81804e-12
-4.08902e-12
-3.46692e-12
-2.93659e-12
-2.48496e-12
-2.10074e-12
-1.77419e-12
-1.49694e-12
-1.26178e-12
-1.06253e-12
-8.93862e-13
-7.51239e-13
-6.30756e-13
-5.29079e-13
-4.43359e-13
-3.71165e-13
-3.10423e-13
-2.59368e-13
-2.16498e-13
-1.80538e-13
-1.50404e-13
-1.25177e-13
-1.0408e-13
-8.64542e-14
-7.17431e-14
-6.65507e-07
-7.07737e-07
-7.51912e-07
-7.98065e-07
-8.46224e-07
-8.96413e-07
-9.48651e-07
-1.00295e-06
-1.05933e-06
-1.11778e-06
-1.17831e-06
-1.2409e-06
-1.30555e-06
-1.37222e-06
-1.44088e-06
-1.51151e-06
-1.58404e-06
-1.65844e-06
-1.73464e-06
-1.81257e-06
-1.89215e-06
-1.9733e-06
-2.05592e-06
-2.13991e-06
-2.22515e-06
-2.31153e-06
-2.39892e-06
-2.48719e-06
-2.57618e-06
-2.66576e-06
-2.75576e-06
-2.84601e-06
-2.93635e-06
-3.02661e-06
-3.11659e-06
-3.20611e-06
-3.29499e-06
-3.38303e-06
-3.47002e-06
-3.55578e-06
-3.64011e-06
-3.72279e-06
-3.80364e-06
-3.88245e-06
-3.95902e-06
-4.03317e-06
-4.10469e-06
-4.1734e-06
-4.23912e-06
-4.30168e-06
-4.36089e-06
-4.41661e-06
-4.46867e-06
-4.51693e-06
-4.56126e-06
-4.60152e-06
-4.63761e-06
-4.66943e-06
-4.69687e-06
-4.71986e-06
-4.73833e-06
-4.75223e-06
-4.76152e-06
-4.76617e-06
-4.76617e-06
-4.76152e-06
-4.75223e-06
-4.73833e-06
-4.71986e-06
-4.69687e-06
-4.66943e-06
-4.63761e-06
-4.60152e-06
-4.56126e-06
-4.51693e-06
-4.46867e-06
-4.41661e-06
-4.36089e-06
-4.30168e-06
-4.23912e-06
-4.1734e-06
-4.10469e-06
-4.03317e-06
-3.95902e-06
-3.88245e-06
-3.80364e-06
-3.72279e-06
-3.64011e-06
-3.55578e-06
-3.47002e-06
-3.38303e-06
-3.29499e-06
-3.20611e-06
-3.11659e-06
-3.02661e-06
-2.93635e-06
-2.84601e-06
-2.75576e-06
-2.66576e-06
-2.57618e-06
-2.48719e-06
-2.39892e-06
-2.31153e-06
-2.22515e-06
-2.13991e-06
-2.05592e-06
-1.9733e-06
-1.89215e-06
-1.81257e-06
-1.73464e-06
-1.65844e-06
-1.58404e-06
-1.51151e-06
-1.44088e-06
-1.37222e-06
-1.30555e-06
-1.2409e-06
-1.17831e-06
-1.11778e-06
-1.05933e-06
-1.00295e-06
-9.48651e-07
-8.96413e-07
-8.46224e-07
-7.98065e-07
-7.51912e-07
-7.07737e-07
-6.65507e-07
-6.25186e-07
-5.86735e-07
-5.50111e-07
-5.15269e-07
-4.82164e-07
-4.50745e-07
-4.20961e-07
-3.92763e-07
-3.66095e-07
-3.40905e-07
-3.17138e-07
-2.94741e-07
-2.73657e-07
-2.53834e-07
-2.35217e-07
-2.17753e-07
-2.01389e-07
-1.86072e-07
-1.71753e-07
-1.58381e-07
-1.45907e-07
-1.34285e-07
-1.23468e-07
-1.13411e-07
-1.04072e-07
-9.54084e-08
-8.73808e-08
-7.99506e-08
-7.30807e-08
-6.6736e-08
-6.08826e-08
-5.54884e-08
-5.05228e-08
-4.59566e-08
-4.17623e-08
-3.79138e-08
-3.43863e-08
-3.11566e-08
-2.82027e-08
-2.55039e-08
-2.30408e-08
-2.07953e-08
-1.87504e-08
-1.689e-08
-1.51993e-08
-1.36646e-08
-1.22728e-08
-1.1012e-08
-9.8711e-09
-8.83976e-09
-7.90845e-09
-7.06835e-09
-6.31133e-09
-5.62988e-09
-5.01711e-09
-4.46667e-09
-3.97274e-09
-3.52998e-09
-3.1335e-09
-2.77884e-09
-2.46192e-09
-2.17901e-09
-1.92673e-09
-1.70199e-09
-1.502e-09
-1.32422e-09
-1.16634e-09
-1.02628e-09
-9.02157e-10
-7.92273e-10
-6.95094e-10
-6.09239e-10
-5.33468e-10
-4.66664e-10
-4.07827e-10
-3.56061e-10
-3.10562e-10
-2.70612e-10
-2.35572e-10
-2.04868e-10
-1.77993e-10
-1.54492e-10
-1.33963e-10
-1.16048e-10
-1.00432e-10
-8.68314e-11
-7.49997e-11
-6.4717e-11
-5.57895e-11
-4.80466e-11
-4.1338e-11
-3.55313e-11
-3.05105e-11
-2.61736e-11
-2.24312e-11
-1.92052e-11
-1.64271e-11
-1.40371e-11
-1.19831e-11
-1.02197e-11
-8.70732e-12
-7.41149e-12
-6.30234e-12
-5.35396e-12
-4.54384e-12
-3.85255e-12
-3.26323e-12
-2.76137e-12
-2.33441e-12
-1.97153e-12
-1.66344e-12
-1.40213e-12
-1.18071e-12
-9.93288e-13
-8.348e-13
-7.00916e-13
-5.87929e-13
-4.92675e-13
-4.1245e-13
-3.44951e-13
-2.88218e-13
-2.4058e-13
-2.0062e-13
-1.67134e-13
-1.39101e-13
-1.15657e-13
-9.60706e-14
-7.97231e-14
-7.3881e-07
-7.85692e-07
-8.34733e-07
-8.85969e-07
-9.39432e-07
-9.95149e-07
-1.05314e-06
-1.11343e-06
-1.17601e-06
-1.2409e-06
-1.3081e-06
-1.37759e-06
-1.44935e-06
-1.52336e-06
-1.59959e-06
-1.67799e-06
-1.75852e-06
-1.84112e-06
-1.92571e-06
-2.01222e-06
-2.10057e-06
-2.19065e-06
-2.28237e-06
-2.37561e-06
-2.47025e-06
-2.56614e-06
-2.66316e-06
-2.76115e-06
-2.85994e-06
-2.95938e-06
-3.0593e-06
-3.15949e-06
-3.25978e-06
-3.35998e-06
-3.45987e-06
-3.55926e-06
-3.65792e-06
-3.75565e-06
-3.85223e-06
-3.94744e-06
-4.04105e-06
-4.13284e-06
-4.2226e-06
-4.31009e-06
-4.3951e-06
-4.47741e-06
-4.55681e-06
-4.63309e-06
-4.70605e-06
-4.77549e-06
-4.84123e-06
-4.90308e-06
-4.96088e-06
-5.01446e-06
-5.06367e-06
-5.10837e-06
-5.14843e-06
-5.18375e-06
-5.21421e-06
-5.23973e-06
-5.26024e-06
-5.27567e-06
-5.28599e-06
-5.29115e-06
-5.29115e-06
-5.28599e-06
-5.27567e-06
-5.26024e-06
-5.23973e-06
-5.21421e-06
-5.18375e-06
-5.14843e-06
-5.10837e-06
-5.06367e-06
-5.01446e-06
-4.96088e-06
-4.90308e-06
-4.84123e-06
-4.77549e-06
-4.70605e-06
-4.63309e-06
-4.55681e-06
-4.47741e-06
-4.3951e-06
-4.31009e-06
-4.2226e-06
-4.13284e-06
-4.04105e-06
-3.94744e-06
-3.85223e-06
-3.75565e-06
-3.65792e-06
-3.55926e-06
-3.45987e-06
-3.35998e-06
-3.25978e-06
-3.15949e-06
-3.0593e-06
-2.95938e-06
-2.85994e-06
-2.76115e-06
-2.66316e-06
-2.56614e-06
-2.47025e-06
-2.37561e-06
-2.28237e-06
-2.19065e-06
-2.10057e-06
-2.01222e-06
-1.92571e-06
-1.84112e-06
-1.75852e-06
-1.67799e-06
-1.59959e-06
-1.52336e-06
-1.44935e-06
-1.37759e-06
-1.3081e-06
-1.2409e-06
-1.17601e-06
-1.11343e-06
-1.05314e-06
-9.95149e-07
-9.39432e-07
-8.85969e-07
-8.34733e-07
-7.85692e-07
-7.3881e-07
-6.94048e-07
-6.51362e-07
-6.10704e-07
-5.72025e-07
-5.35272e-07
-5.00393e-07
-4.67329e-07
-4.36024e-07
-4.06419e-07
-3.78455e-07
-3.5207e-07
-3.27205e-07
-3.038e-07
-2.81793e-07
-2.61126e-07
-2.41738e-07
-2.23571e-07
-2.06568e-07
-1.90671e-07
-1.75826e-07
-1.61978e-07
-1.49076e-07
-1.37067e-07
-1.25903e-07
-1.15535e-07
-1.05917e-07
-9.70055e-08
-8.87569e-08
-8.11303e-08
-7.40867e-08
-6.75886e-08
-6.16003e-08
-5.60877e-08
-5.10186e-08
-4.63623e-08
-4.20899e-08
-3.81739e-08
-3.45884e-08
-3.13091e-08
-2.8313e-08
-2.55787e-08
-2.30859e-08
-2.08157e-08
-1.87504e-08
-1.68735e-08
-1.51697e-08
-1.36246e-08
-1.22249e-08
-1.09584e-08
-9.81343e-09
-8.77954e-09
-7.84691e-09
-7.0065e-09
-6.24999e-09
-5.56973e-09
-4.95866e-09
-4.41032e-09
-3.91879e-09
-3.47865e-09
-3.08492e-09
-2.73309e-09
-2.41902e-09
-2.13895e-09
-1.88946e-09
-1.66744e-09
-1.47008e-09
-1.29481e-09
-1.13932e-09
-1.00153e-09
-8.79539e-10
-7.71656e-10
-6.76345e-10
-5.92227e-10
-5.18065e-10
-4.52748e-10
-3.9528e-10
-3.44769e-10
-3.00419e-10
-2.61519e-10
-2.27434e-10
-1.97598e-10
-1.71508e-10
-1.48718e-10
-1.28831e-10
-1.11494e-10
-9.63956e-11
-8.32607e-11
-7.18453e-11
-6.19345e-11
-5.33388e-11
-4.58912e-11
-3.9445e-11
-3.38711e-11
-2.90565e-11
-2.49019e-11
-2.13206e-11
-1.82364e-11
-1.55832e-11
-1.3303e-11
-1.13454e-11
-9.6664e-12
-8.22784e-12
-6.99653e-12
-5.94368e-12
-5.04433e-12
-4.27689e-12
-3.62267e-12
-3.06552e-12
-2.59153e-12
-2.18869e-12
-1.84667e-12
-1.55657e-12
-1.31076e-12
-1.1027e-12
-9.26751e-13
-7.78119e-13
-6.52688e-13
-5.46941e-13
-4.5788e-13
-3.82947e-13
-3.19964e-13
-2.67079e-13
-2.22717e-13
-1.85543e-13
-1.54423e-13
-1.28396e-13
-1.06652e-13
-8.85044e-14
-8.19387e-07
-8.71382e-07
-9.25771e-07
-9.82596e-07
-1.04189e-06
-1.10368e-06
-1.168e-06
-1.23486e-06
-1.30427e-06
-1.37624e-06
-1.45076e-06
-1.52783e-06
-1.60742e-06
-1.6895e-06
-1.77405e-06
-1.861e-06
-1.95031e-06
-2.04191e-06
-2.13573e-06
-2.23168e-06
-2.32966e-06
-2.42957e-06
-2.5313e-06
-2.6347e-06
-2.73966e-06
-2.84601e-06
-2.95361e-06
-3.06228e-06
-3.17186e-06
-3.28214e-06
-3.39295e-06
-3.50408e-06
-3.61531e-06
-3.72643e-06
-3.83722e-06
-3.94744e-06
-4.05687e-06
-4.16526e-06
-4.27237e-06
-4.37796e-06
-4.48178e-06
-4.58358e-06
-4.68313e-06
-4.78016e-06
-4.87444e-06
-4.96573e-06
-5.05379e-06
-5.13839e-06
-5.2193e-06
-5.29632e-06
-5.36923e-06
-5.43783e-06
-5.50193e-06
-5.56135e-06
-5.61593e-06
-5.6655e-06
-5.70994e-06
-5.7491e-06
-5.78289e-06
-5.81119e-06
-5.83394e-06
-5.85106e-06
-5.86249e-06
-5.86822e-06
-5.86822e-06
-5.86249e-06
-5.85106e-06
-5.83394e-06
-5.81119e-06
-5.78289e-06
-5.7491e-06
-5.70994e-06
-5.6655e-06
-5.61593e-06
-5.56135e-06
-5.50193e-06
-5.43783e-06
-5.36923e-06
-5.29632e-06
-5.2193e-06
-5.13839e-06
-5.05379e-06
-4.96573e-06
-4.87444e-06
-4.78016e-06
-4.68313e-06
-4.58358e-06
-4.48178e-06
-4.37796e-06
-4.27237e-06
-4.16526e-06
-4.05687e-06
-3.94744e-06
-3.83722e-06
-3.72643e-06
-3.61531e-06
-3.50408e-06
-3.39295e-06
-3.28214e-06
-3.17186e-06
-3.06228e-06
-2.95361e-06
-2.84601e-06
-2.73966e-06
-2.6347e-06
-2.5313e-06
-2.42957e-06
-2.32966e-06
-2.23168e-06
-2.13573e-06
-2.04191e-06
-1.95031e-06
-1.861e-06
-1.77405e-06
-1.6895e-06
-1.60742e-06
-1.52783e-06
-1.45076e-06
-1.37624e-06
-1.30427e-06
-1.23486e-06
-1.168e-06
-1.10368e-06
-1.04189e-06
-9.82596e-07
-9.25771e-07
-8.71382e-07
-8.19387e-07
-7.69743e-07
-7.22401e-07
-6.77309e-07
-6.34411e-07
-5.93651e-07
-5.54967e-07
-5.18297e-07
-4.83578e-07
-4.50745e-07
-4.1973e-07
-3.90468e-07
-3.62891e-07
-3.36933e-07
-3.12527e-07
-2.89605e-07
-2.68103e-07
-2.47954e-07
-2.29096e-07
-2.11466e-07
-1.95002e-07
-1.79644e-07
-1.65335e-07
-1.52016e-07
-1.39634e-07
-1.28135e-07
-1.17469e-07
-1.07585e-07
-9.8437e-08
-8.99787e-08
-8.21669e-08
-7.49601e-08
-6.83186e-08
-6.22048e-08
-5.65828e-08
-5.14187e-08
-4.66803e-08
-4.23372e-08
-3.83607e-08
-3.47238e-08
-3.1401e-08
-2.83684e-08
-2.56037e-08
-2.30859e-08
-2.07953e-08
-1.87138e-08
-1.68241e-08
-1.51105e-08
-1.35582e-08
-1.21535e-08
-1.08837e-08
-9.73707e-09
-8.70272e-09
-7.77065e-09
-6.93164e-09
-6.17718e-09
-5.49946e-09
-4.89133e-09
-4.34619e-09
-3.85804e-09
-3.42137e-09
-3.03117e-09
-2.68284e-09
-2.37223e-09
-2.09553e-09
-1.8493e-09
-1.63041e-09
-1.43602e-09
-1.26358e-09
-1.11076e-09
-9.75465e-10
-8.55815e-10
-7.50109e-10
-6.56817e-10
-5.74567e-10
-5.02126e-10
-4.3839e-10
-3.82371e-10
-3.33184e-10
-2.90041e-10
-2.52238e-10
-2.19149e-10
-1.90214e-10
-1.64938e-10
-1.42881e-10
-1.23654e-10
-1.06909e-10
-9.23413e-11
-7.9681e-11
-6.86893e-11
-5.91561e-11
-5.08962e-11
-4.37469e-11
-3.75652e-11
-3.22255e-11
-2.76178e-11
-2.36458e-11
-2.02254e-11
-1.72828e-11
-1.47539e-11
-1.25828e-11
-1.07206e-11
-9.12519e-12
-7.75959e-12
-6.59191e-12
-5.59448e-12
-4.74334e-12
-4.01777e-12
-3.39986e-12
-2.87417e-12
-2.4274e-12
-2.04807e-12
-1.72633e-12
-1.45372e-12
-1.22296e-12
-1.02783e-12
-8.62984e-13
-7.23872e-13
-6.06592e-13
-5.07818e-13
-4.24712e-13
-3.5486e-13
-2.96207e-13
-2.47008e-13
-2.05779e-13
-1.71264e-13
-1.424e-13
-1.18284e-13
-9.81569e-14
-9.07865e-07
-9.65474e-07
-1.02574e-06
-1.0887e-06
-1.15439e-06
-1.22286e-06
-1.29412e-06
-1.3682e-06
-1.44511e-06
-1.52485e-06
-1.60742e-06
-1.69281e-06
-1.78099e-06
-1.87194e-06
-1.96561e-06
-2.06195e-06
-2.16091e-06
-2.2624e-06
-2.36635e-06
-2.47266e-06
-2.58122e-06
-2.69192e-06
-2.80463e-06
-2.9192e-06
-3.03549e-06
-3.15333e-06
-3.27254e-06
-3.39295e-06
-3.51436e-06
-3.63655e-06
-3.75932e-06
-3.88245e-06
-4.00569e-06
-4.12881e-06
-4.25156e-06
-4.37369e-06
-4.49493e-06
-4.61503e-06
-4.7337e-06
-4.8507e-06
-4.96573e-06
-5.07852e-06
-5.18881e-06
-5.29632e-06
-5.40078e-06
-5.50193e-06
-5.5995e-06
-5.69323e-06
-5.78289e-06
-5.86822e-06
-5.949e-06
-6.02501e-06
-6.09603e-06
-6.16187e-06
-6.22234e-06
-6.27727e-06
-6.3265e-06
-6.36989e-06
-6.40733e-06
-6.43869e-06
-6.46389e-06
-6.48286e-06
-6.49553e-06
-6.50188e-06
-6.50188e-06
-6.49553e-06
-6.48286e-06
-6.46389e-06
-6.43869e-06
-6.40733e-06
-6.36989e-06
-6.3265e-06
-6.27727e-06
-6.22234e-06
-6.16187e-06
-6.09603e-06
-6.02501e-06
-5.949e-06
-5.86822e-06
-5.78289e-06
-5.69323e-06
-5.5995e-06
-5.50193e-06
-5.40078e-06
-5.29632e-06
-5.18881e-06
-5.07852e-06
-4.96573e-06
-4.8507e-06
-4.7337e-06
-4.61503e-06
-4.49493e-06
-4.37369e-06
-4.25156e-06
-4.12881e-06
-4.00569e-06
-3.88245e-06
-3.75932e-06
-3.63655e-06
-3.51436e-06
-3.39295e-06
-3.27254e-06
-3.15333e-06
-3.03549e-06
-2.9192e-06
-2.80463e-06
-2.69192e-06
-2.58122e-06
-2.47266e-06
-2.36635e-06
-2.2624e-06
-2.16091e-06
-2.06195e-06
-1.96561e-06
-1.87194e-06
-1.78099e-06
-1.69281e-06
-1.60742e-06
-1.52485e-06
-1.44511e-06
-1.3682e-06
-1.29412e-06
-1.22286e-06
-1.15439e-06
-1.0887e-06
-1.02574e-06
-9.65474e-07
-9.07865e-07
-8.52861e-07
-8.00406e-07
-7.50445e-07
-7.02916e-07
-6.57754e-07
-6.14893e-07
-5.74263e-07
-5.35795e-07
-4.99416e-07
-4.65053e-07
-4.32631e-07
-4.02077e-07
-3.73316e-07
-3.46273e-07
-3.20877e-07
-2.97052e-07
-2.74729e-07
-2.53834e-07
-2.343e-07
-2.16058e-07
-1.99042e-07
-1.83187e-07
-1.68431e-07
-1.54712e-07
-1.41972e-07
-1.30153e-07
-1.19202e-07
-1.09066e-07
-9.96946e-08
-9.10393e-08
-8.30543e-08
-7.56957e-08
-6.89217e-08
-6.26927e-08
-5.69709e-08
-5.17209e-08
-4.69088e-08
-4.25029e-08
-3.84733e-08
-3.47916e-08
-3.14316e-08
-2.83684e-08
-2.55787e-08
-2.30408e-08
-2.07345e-08
-1.86408e-08
-1.67422e-08
-1.50223e-08
-1.34659e-08
-1.20589e-08
-1.07885e-08
-9.64244e-09
-8.60973e-09
-7.68012e-09
-6.84419e-09
-6.0933e-09
-5.41949e-09
-4.81549e-09
-4.27463e-09
-3.79081e-09
-3.35847e-09
-2.97254e-09
-2.62838e-09
-2.32181e-09
-2.04899e-09
-1.80646e-09
-1.59109e-09
-1.40002e-09
-1.2307e-09
-1.0808e-09
-9.48227e-10
-8.31106e-10
-7.27741e-10
-6.36609e-10
-5.56346e-10
-4.85728e-10
-4.23659e-10
-3.69161e-10
-3.2136e-10
-2.79475e-10
-2.42812e-10
-2.10753e-10
-1.82748e-10
-1.5831e-10
-1.37006e-10
-1.18453e-10
-1.02312e-10
-8.8285e-11
-7.61064e-11
-6.55438e-11
-5.6392e-11
-4.84708e-11
-4.16215e-11
-3.57052e-11
-3.06e-11
-2.61991e-11
-2.24093e-11
-1.9149e-11
-1.6347e-11
-1.39415e-11
-1.18783e-11
-1.01105e-11
-8.59747e-12
-7.30371e-12
-6.19858e-12
-5.25553e-12
-4.45161e-12
-3.76698e-12
-3.18453e-12
-2.68951e-12
-2.26922e-12
-1.91274e-12
-1.61069e-12
-1.35501e-12
-1.13881e-12
-9.56169e-13
-8.02036e-13
-6.72092e-13
-5.62652e-13
-4.70573e-13
-3.93178e-13
-3.28192e-13
-2.7368e-13
-2.27999e-13
-1.89758e-13
-1.57776e-13
-1.31057e-13
-1.08756e-13
-1.00492e-06
-1.06868e-06
-1.13539e-06
-1.20508e-06
-1.2778e-06
-1.35358e-06
-1.43246e-06
-1.51446e-06
-1.59959e-06
-1.68785e-06
-1.77925e-06
-1.87377e-06
-1.97138e-06
-2.07205e-06
-2.17573e-06
-2.28237e-06
-2.39191e-06
-2.50425e-06
-2.61931e-06
-2.73698e-06
-2.85715e-06
-2.97968e-06
-3.10444e-06
-3.23126e-06
-3.35998e-06
-3.49041e-06
-3.62237e-06
-3.75565e-06
-3.89004e-06
-4.0253e-06
-4.16119e-06
-4.29748e-06
-4.43389e-06
-4.57018e-06
-4.70605e-06
-4.84123e-06
-4.97543e-06
-5.10837e-06
-5.23973e-06
-5.36923e-06
-5.49656e-06
-5.62141e-06
-5.74349e-06
-5.86249e-06
-5.97812e-06
-6.09008e-06
-6.19808e-06
-6.30183e-06
-6.40107e-06
-6.49553e-06
-6.58495e-06
-6.66908e-06
-6.74769e-06
-6.82057e-06
-6.8875e-06
-6.9483e-06
-7.0028e-06
-7.05083e-06
-7.09227e-06
-7.12698e-06
-7.15487e-06
-7.17587e-06
-7.1899e-06
-7.19692e-06
-7.19692e-06
-7.1899e-06
-7.17587e-06
-7.15487e-06
-7.12698e-06
-7.09227e-06
-7.05083e-06
-7.0028e-06
-6.9483e-06
-6.8875e-06
-6.82057e-06
-6.74769e-06
-6.66908e-06
-6.58495e-06
-6.49553e-06
-6.40107e-06
-6.30183e-06
-6.19808e-06
-6.09008e-06
-5.97812e-06
-5.86249e-06
-5.74349e-06
-5.62141e-06
-5.49656e-06
-5.36923e-06
-5.23973e-06
-5.10837e-06
-4.97543e-06
-4.84123e-06
-4.70605e-06
-4.57018e-06
-4.43389e-06
-4.29748e-06
-4.16119e-06
-4.0253e-06
-3.89004e-06
-3.75565e-06
-3.62237e-06
-3.49041e-06
-3.35998e-06
-3.23126e-06
-3.10444e-06
-2.97968e-06
-2.85715e-06
-2.73698e-06
-2.61931e-06
-2.50425e-06
-2.39191e-06
-2.28237e-06
-2.17573e-06
-2.07205e-06
-1.97138e-06
-1.87377e-06
-1.77925e-06
-1.68785e-06
-1.59959e-06
-1.51446e-06
-1.43246e-06
-1.35358e-06
-1.2778e-06
-1.20508e-06
-1.13539e-06
-1.06868e-06
-1.00492e-06
-9.44031e-07
-8.85969e-07
-8.30667e-07
-7.78057e-07
-7.28067e-07
-6.80624e-07
-6.35652e-07
-5.93071e-07
-5.52803e-07
-5.14766e-07
-4.78879e-07
-4.45058e-07
-4.13223e-07
-3.8329e-07
-3.55178e-07
-3.28807e-07
-3.04097e-07
-2.80969e-07
-2.59347e-07
-2.39155e-07
-2.2032e-07
-2.0277e-07
-1.86436e-07
-1.7125e-07
-1.57148e-07
-1.44067e-07
-1.31945e-07
-1.20725e-07
-1.10352e-07
-1.00771e-07
-9.19327e-08
-8.37875e-08
-7.62894e-08
-6.93945e-08
-6.30611e-08
-5.72498e-08
-5.19233e-08
-4.70464e-08
-4.2586e-08
-3.85108e-08
-3.47916e-08
-3.1401e-08
-2.8313e-08
-2.55039e-08
-2.2951e-08
-2.06335e-08
-1.85319e-08
-1.66281e-08
-1.49054e-08
-1.3348e-08
-1.19418e-08
-1.06732e-08
-9.5301e-09
-8.50112e-09
-7.57583e-09
-6.74467e-09
-5.99883e-09
-5.33026e-09
-4.73158e-09
-4.19605e-09
-3.71749e-09
-3.2903e-09
-2.90936e-09
-2.57001e-09
-2.26802e-09
-1.99957e-09
-1.76117e-09
-1.54968e-09
-1.36226e-09
-1.19633e-09
-1.04959e-09
-9.19951e-10
-8.05536e-10
-7.04662e-10
-6.15819e-10
-5.37652e-10
-4.68948e-10
-4.08625e-10
-3.55713e-10
-3.09351e-10
-2.68769e-10
-2.33282e-10
-2.02284e-10
-1.75233e-10
-1.51652e-10
-1.31115e-10
-1.1325e-10
-9.77226e-11
-8.42421e-11
-7.25504e-11
-6.24203e-11
-5.36522e-11
-4.60708e-11
-3.95221e-11
-3.38711e-11
-2.89998e-11
-2.48048e-11
-2.1196e-11
-1.80945e-11
-1.54318e-11
-1.3148e-11
-1.11913e-11
-9.51654e-12
-8.08447e-12
-6.8612e-12
-5.81734e-12
-4.92748e-12
-4.16967e-12
-3.52495e-12
-2.97702e-12
-2.5118e-12
-2.11721e-12
-1.78287e-12
-1.49986e-12
-1.26055e-12
-1.05838e-12
-8.87773e-13
-7.43938e-13
-6.22799e-13
-5.20876e-13
-4.35209e-13
-3.63275e-13
-3.02936e-13
-2.52372e-13
-2.10042e-13
-1.74642e-13
-1.45067e-13
-1.20382e-13
-1.11125e-06
-1.18177e-06
-1.25553e-06
-1.3326e-06
-1.41301e-06
-1.49682e-06
-1.58404e-06
-1.67472e-06
-1.76886e-06
-1.86646e-06
-1.96753e-06
-2.07205e-06
-2.17998e-06
-2.29131e-06
-2.40596e-06
-2.52389e-06
-2.64501e-06
-2.76925e-06
-2.89648e-06
-3.02661e-06
-3.15949e-06
-3.29499e-06
-3.43295e-06
-3.57319e-06
-3.71553e-06
-3.85977e-06
-4.00569e-06
-4.15307e-06
-4.30168e-06
-4.45125e-06
-4.60152e-06
-4.75223e-06
-4.90308e-06
-5.05379e-06
-5.20404e-06
-5.35352e-06
-5.50193e-06
-5.64893e-06
-5.79419e-06
-5.93739e-06
-6.0782e-06
-6.21626e-06
-6.35126e-06
-6.48286e-06
-6.61072e-06
-6.73452e-06
-6.85395e-06
-6.96869e-06
-7.07843e-06
-7.18288e-06
-7.28176e-06
-7.37479e-06
-7.46172e-06
-7.54231e-06
-7.61632e-06
-7.68356e-06
-7.74382e-06
-7.79694e-06
-7.84276e-06
-7.88115e-06
-7.91199e-06
-7.93521e-06
-7.95072e-06
-7.95849e-06
-7.95849e-06
-7.95072e-06
-7.93521e-06
-7.91199e-06
-7.88115e-06
-7.84276e-06
-7.79694e-06
-7.74382e-06
-7.68356e-06
-7.61632e-06
-7.54231e-06
-7.46172e-06
-7.37479e-06
-7.28176e-06
-7.18288e-06
-7.07843e-06
-6.96869e-06
-6.85395e-06
-6.73452e-06
-6.61072e-06
-6.48286e-06
-6.35126e-06
-6.21626e-06
-6.0782e-06
-5.93739e-06
-5.79419e-06
-5.64893e-06
-5.50193e-06
-5.35352e-06
-5.20404e-06
-5.05379e-06
-4.90308e-06
-4.75223e-06
-4.60152e-06
-4.45125e-06
-4.30168e-06
-4.15307e-06
-4.00569e-06
-3.85977e-06
-3.71553e-06
-3.57319e-06
-3.43295e-06
-3.29499e-06
-3.15949e-06
-3.02661e-06
-2.89648e-06
-2.76925e-06
-2.64501e-06
-2.52389e-06
-2.40596e-06
-2.29131e-06
-2.17998e-06
-2.07205e-06
-1.96753e-06
-1.86646e-06
-1.76886e-06
-1.67472e-06
-1.58404e-06
-1.49682e-06
-1.41301e-06
-1.3326e-06
-1.25553e-06
-1.18177e-06
-1.11125e-06
-1.04393e-06
-9.79721e-07
-9.18567e-07
-8.60389e-07
-8.0511e-07
-7.52647e-07
-7.02916e-07
-6.55829e-07
-6.113e-07
-5.69238e-07
-5.29553e-07
-4.92154e-07
-4.56949e-07
-4.23849e-07
-3.92763e-07
-3.63601e-07
-3.36276e-07
-3.10701e-07
-2.86791e-07
-2.64462e-07
-2.43634e-07
-2.24227e-07
-2.06164e-07
-1.89372e-07
-1.73778e-07
-1.59312e-07
-1.45907e-07
-1.335e-07
-1.22029e-07
-1.11435e-07
-1.01661e-07
-9.26538e-08
-8.43622e-08
-7.67377e-08
-6.97341e-08
-6.33079e-08
-5.74178e-08
-5.20248e-08
-4.70924e-08
-4.2586e-08
-3.84733e-08
-3.47238e-08
-3.13091e-08
-2.82027e-08
-2.53796e-08
-2.28169e-08
-2.04929e-08
-1.83877e-08
-1.64826e-08
-1.47605e-08
-1.32054e-08
-1.18026e-08
-1.05386e-08
-9.40069e-09
-8.3775e-09
-7.45838e-09
-6.63362e-09
-5.89431e-09
-5.23227e-09
-4.64007e-09
-4.11087e-09
-3.63848e-09
-3.21722e-09
-2.84196e-09
-2.50802e-09
-2.21116e-09
-1.94754e-09
-1.71367e-09
-1.50641e-09
-1.32293e-09
-1.16066e-09
-1.0173e-09
-8.90776e-10
-7.79229e-10
-6.80984e-10
-5.94545e-10
-5.18571e-10
-4.51865e-10
-3.93354e-10
-3.42086e-10
-2.9721e-10
-2.57968e-10
-2.23689e-10
-1.93776e-10
-1.67699e-10
-1.4499e-10
-1.25233e-10
-1.08063e-10
-9.31565e-11
-8.02275e-11
-6.90255e-11
-5.93296e-11
-5.0946e-11
-4.37042e-11
-3.74553e-11
-3.20685e-11
-2.74297e-11
-2.34389e-11
-2.00093e-11
-1.70648e-11
-1.45394e-11
-1.23756e-11
-1.05236e-11
-8.93996e-12
-7.58724e-12
-6.43293e-12
-5.4489e-12
-4.61089e-12
-3.89796e-12
-3.29204e-12
-2.7776e-12
-2.34126e-12
-1.97153e-12
-1.65858e-12
-1.39394e-12
-1.17038e-12
-9.81716e-13
-8.22661e-13
-6.88703e-13
-5.75995e-13
-4.81262e-13
-4.01717e-13
-3.34992e-13
-2.79077e-13
-2.32269e-13
-1.93123e-13
-1.60417e-13
-1.33121e-13
-1.22765e-06
-1.30555e-06
-1.38704e-06
-1.47217e-06
-1.56101e-06
-1.65359e-06
-1.74996e-06
-1.85013e-06
-1.95412e-06
-2.06195e-06
-2.17361e-06
-2.28907e-06
-2.40831e-06
-2.5313e-06
-2.65796e-06
-2.78824e-06
-2.92205e-06
-3.0593e-06
-3.19986e-06
-3.34361e-06
-3.49041e-06
-3.64011e-06
-3.79251e-06
-3.94744e-06
-4.10469e-06
-4.26403e-06
-4.42524e-06
-4.58806e-06
-4.75223e-06
-4.91747e-06
-5.08348e-06
-5.24998e-06
-5.41663e-06
-5.58312e-06
-5.7491e-06
-5.91425e-06
-6.0782e-06
-6.24059e-06
-6.40107e-06
-6.55927e-06
-6.71482e-06
-6.86735e-06
-7.01649e-06
-7.16187e-06
-7.30312e-06
-7.43989e-06
-7.57183e-06
-7.69858e-06
-7.81982e-06
-7.93521e-06
-8.04444e-06
-8.14722e-06
-8.24326e-06
-8.33228e-06
-8.41405e-06
-8.48833e-06
-8.55491e-06
-8.61359e-06
-8.6642e-06
-8.70661e-06
-8.74069e-06
-8.76634e-06
-8.78347e-06
-8.79206e-06
-8.79206e-06
-8.78347e-06
-8.76634e-06
-8.74069e-06
-8.70661e-06
-8.6642e-06
-8.61359e-06
-8.55491e-06
-8.48833e-06
-8.41405e-06
-8.33228e-06
-8.24326e-06
-8.14722e-06
-8.04444e-06
-7.93521e-06
-7.81982e-06
-7.69858e-06
-7.57183e-06
-7.43989e-06
-7.30312e-06
-7.16187e-06
-7.01649e-06
-6.86735e-06
-6.71482e-06
-6.55927e-06
-6.40107e-06
-6.24059e-06
-6.0782e-06
-5.91425e-06
-5.7491e-06
-5.58312e-06
-5.41663e-06
-5.24998e-06
-5.08348e-06
-4.91747e-06
-4.75223e-06
-4.58806e-06
-4.42524e-06
-4.26403e-06
-4.10469e-06
-3.94744e-06
-3.79251e-06
-3.64011e-06
-3.49041e-06
-3.34361e-06
-3.19986e-06
-3.0593e-06
-2.92205e-06
-2.78824e-06
-2.65796e-06
-2.5313e-06
-2.40831e-06
-2.28907e-06
-2.17361e-06
-2.06195e-06
-1.95412e-06
-1.85013e-06
-1.74996e-06
-1.65359e-06
-1.56101e-06
-1.47217e-06
-1.38704e-06
-1.30555e-06
-1.22765e-06
-1.15327e-06
-1.08234e-06
-1.01478e-06
-9.50506e-07
-8.89437e-07
-8.31478e-07
-7.76538e-07
-7.24521e-07
-6.75327e-07
-6.2886e-07
-5.85018e-07
-5.43702e-07
-5.0481e-07
-4.68243e-07
-4.339e-07
-4.01684e-07
-3.71497e-07
-3.43243e-07
-3.16829e-07
-2.92162e-07
-2.69152e-07
-2.47712e-07
-2.27758e-07
-2.09207e-07
-1.91979e-07
-1.75998e-07
-1.61189e-07
-1.47483e-07
-1.3481e-07
-1.23106e-07
-1.12309e-07
-1.02358e-07
-9.31982e-08
-8.47751e-08
-7.7038e-08
-6.99387e-08
-6.34317e-08
-5.74739e-08
-5.20248e-08
-4.70464e-08
-4.25029e-08
-3.83607e-08
-3.45884e-08
-3.11566e-08
-2.80379e-08
-2.52067e-08
-2.26394e-08
-2.03136e-08
-1.8209e-08
-1.63065e-08
-1.45885e-08
-1.30388e-08
-1.16424e-08
-1.03853e-08
-9.25495e-09
-8.23957e-09
-7.32842e-09
-6.51167e-09
-5.7803e-09
-5.12606e-09
-4.54144e-09
-4.01957e-09
-3.55419e-09
-3.13963e-09
-2.77071e-09
-2.44276e-09
-2.15152e-09
-1.89315e-09
-1.66419e-09
-1.46149e-09
-1.28222e-09
-1.12385e-09
-9.84076e-10
-8.60844e-10
-7.5231e-10
-6.56817e-10
-5.72886e-10
-4.99193e-10
-4.34554e-10
-3.77916e-10
-3.28339e-10
-2.84987e-10
-2.47118e-10
-2.14072e-10
-1.85264e-10
-1.60176e-10
-1.3835e-10
-1.19382e-10
-1.02914e-10
-8.86305e-11
-7.62552e-11
-6.55438e-11
-5.6282e-11
-4.82818e-11
-4.13783e-11
-3.54274e-11
-3.03026e-11
-2.58939e-11
-2.2105e-11
-1.88521e-11
-1.60622e-11
-1.36718e-11
-1.16258e-11
-9.87632e-12
-8.38193e-12
-7.10671e-12
-6.01961e-12
-5.09384e-12
-4.30623e-12
-3.63685e-12
-3.06852e-12
-2.58648e-12
-2.17803e-12
-1.8323e-12
-1.53994e-12
-1.29296e-12
-1.08454e-12
-9.08826e-13
-7.60837e-13
-6.36324e-13
-5.31669e-13
-4.43792e-13
-3.70079e-13
-3.08308e-13
-2.56597e-13
-2.1335e-13
-1.77219e-13
-1.47063e-13
-1.35491e-06
-1.44088e-06
-1.53082e-06
-1.62478e-06
-1.72283e-06
-1.82501e-06
-1.93136e-06
-2.04191e-06
-2.15669e-06
-2.2757e-06
-2.39892e-06
-2.52636e-06
-2.65796e-06
-2.79369e-06
-2.93349e-06
-3.07727e-06
-3.22495e-06
-3.37642e-06
-3.53156e-06
-3.69021e-06
-3.85223e-06
-4.01744e-06
-4.18565e-06
-4.35664e-06
-4.53018e-06
-4.70605e-06
-4.88397e-06
-5.06367e-06
-5.24485e-06
-5.42722e-06
-5.61044e-06
-5.79419e-06
-5.97812e-06
-6.16187e-06
-6.34506e-06
-6.52732e-06
-6.70827e-06
-6.8875e-06
-7.06462e-06
-7.23921e-06
-7.41089e-06
-7.57923e-06
-7.74382e-06
-7.90427e-06
-8.06017e-06
-8.21112e-06
-8.35673e-06
-8.49662e-06
-8.63043e-06
-8.75778e-06
-8.87834e-06
-8.99177e-06
-9.09776e-06
-9.19602e-06
-9.28626e-06
-9.36824e-06
-9.44172e-06
-9.50648e-06
-9.56234e-06
-9.60915e-06
-9.64676e-06
-9.67506e-06
-9.69398e-06
-9.70345e-06
-9.70345e-06
-9.69398e-06
-9.67506e-06
-9.64676e-06
-9.60915e-06
-9.56234e-06
-9.50648e-06
-9.44172e-06
-9.36824e-06
-9.28626e-06
-9.19602e-06
-9.09776e-06
-8.99177e-06
-8.87834e-06
-8.75778e-06
-8.63043e-06
-8.49662e-06
-8.35673e-06
-8.21112e-06
-8.06017e-06
-7.90427e-06
-7.74382e-06
-7.57923e-06
-7.41089e-06
-7.23921e-06
-7.06462e-06
-6.8875e-06
-6.70827e-06
-6.52732e-06
-6.34506e-06
-6.16187e-06
-5.97812e-06
-5.79419e-06
-5.61044e-06
-5.42722e-06
-5.24485e-06
-5.06367e-06
-4.88397e-06
-4.70605e-06
-4.53018e-06
-4.35664e-06
-4.18565e-06
-4.01744e-06
-3.85223e-06
-3.69021e-06
-3.53156e-06
-3.37642e-06
-3.22495e-06
-3.07727e-06
-2.93349e-06
-2.79369e-06
-2.65796e-06
-2.52636e-06
-2.39892e-06
-2.2757e-06
-2.15669e-06
-2.04191e-06
-1.93136e-06
-1.82501e-06
-1.72283e-06
-1.62478e-06
-1.53082e-06
-1.44088e-06
-1.35491e-06
-1.27282e-06
-1.19453e-06
-1.11997e-06
-1.04904e-06
-9.81636e-07
-9.1767e-07
-8.57035e-07
-7.99625e-07
-7.45333e-07
-6.94048e-07
-6.45662e-07
-6.00062e-07
-5.57139e-07
-5.16781e-07
-4.78879e-07
-4.43323e-07
-4.10007e-07
-3.78824e-07
-3.49672e-07
-3.22447e-07
-2.97052e-07
-2.7339e-07
-2.51368e-07
-2.30893e-07
-2.1188e-07
-1.94242e-07
-1.77899e-07
-1.62771e-07
-1.48785e-07
-1.35868e-07
-1.23951e-07
-1.12969e-07
-1.02859e-07
-9.3563e-08
-8.50239e-08
-7.71886e-08
-7.00071e-08
-6.34317e-08
-5.74178e-08
-5.19233e-08
-4.69088e-08
-4.23372e-08
-3.81739e-08
-3.43863e-08
-3.09443e-08
-2.78197e-08
-2.49862e-08
-2.24193e-08
-2.00966e-08
-1.79969e-08
-1.61008e-08
-1.43905e-08
-1.28492e-08
-1.14619e-08
-1.02143e-08
-9.09369e-09
-8.08809e-09
-7.18668e-09
-6.37949e-09
-5.65744e-09
-5.01221e-09
-4.43624e-09
-3.92262e-09
-3.46508e-09
-3.05793e-09
-2.69598e-09
-2.37455e-09
-2.0894e-09
-1.8367e-09
-1.61299e-09
-1.41514e-09
-1.24035e-09
-1.08609e-09
-9.5008e-10
-8.30295e-10
-7.24904e-10
-6.32272e-10
-5.50939e-10
-4.796e-10
-4.17091e-10
-3.62375e-10
-3.1453e-10
-2.72735e-10
-2.36263e-10
-2.04468e-10
-1.7678e-10
-1.52692e-10
-1.31757e-10
-1.13582e-10
-9.78181e-11
-8.41599e-11
-7.23381e-11
-6.21162e-11
-5.32867e-11
-4.56677e-11
-3.90998e-11
-3.34438e-11
-2.85781e-11
-2.43964e-11
-2.08063e-11
-1.77272e-11
-1.5089e-11
-1.28309e-11
-1.09001e-11
-9.25081e-12
-7.84339e-12
-6.64361e-12
-5.62187e-12
-4.75262e-12
-4.01385e-12
-3.3866e-12
-2.85459e-12
-2.40381e-12
-2.02223e-12
-1.69957e-12
-1.42699e-12
-1.19696e-12
-1.00304e-12
-8.39706e-13
-7.02286e-13
-5.86782e-13
-4.89796e-13
-4.08442e-13
-3.40267e-13
-2.83196e-13
-2.35466e-13
-1.9559e-13
-1.62308e-13
-1.4939e-06
-1.58869e-06
-1.68785e-06
-1.79146e-06
-1.89956e-06
-2.01222e-06
-2.12948e-06
-2.25138e-06
-2.37793e-06
-2.50915e-06
-2.64501e-06
-2.78552e-06
-2.93063e-06
-3.08028e-06
-3.23442e-06
-3.39295e-06
-3.55578e-06
-3.72279e-06
-3.89384e-06
-4.06877e-06
-4.24741e-06
-4.42957e-06
-4.61503e-06
-4.80356e-06
-4.99491e-06
-5.18881e-06
-5.38498e-06
-5.58312e-06
-5.78289e-06
-5.98396e-06
-6.18598e-06
-6.38858e-06
-6.59138e-06
-6.79397e-06
-6.99596e-06
-7.19692e-06
-7.39643e-06
-7.59404e-06
-7.78933e-06
-7.98184e-06
-8.17112e-06
-8.35673e-06
-8.53821e-06
-8.71512e-06
-8.88701e-06
-9.05345e-06
-9.214e-06
-9.36824e-06
-9.51577e-06
-9.65618e-06
-9.78911e-06
-9.91418e-06
-1.0031e-05
-1.01394e-05
-1.02389e-05
-1.03293e-05
-1.04103e-05
-1.04817e-05
-1.05433e-05
-1.05949e-05
-1.06364e-05
-1.06676e-05
-1.06884e-05
-1.06989e-05
-1.06989e-05
-1.06884e-05
-1.06676e-05
-1.06364e-05
-1.05949e-05
-1.05433e-05
-1.04817e-05
-1.04103e-05
-1.03293e-05
-1.02389e-05
-1.01394e-05
-1.0031e-05
-9.91418e-06
-9.78911e-06
-9.65618e-06
-9.51577e-06
-9.36824e-06
-9.214e-06
-9.05345e-06
-8.88701e-06
-8.71512e-06
-8.53821e-06
-8.35673e-06
-8.17112e-06
-7.98184e-06
-7.78933e-06
-7.59404e-06
-7.39643e-06
-7.19692e-06
-6.99596e-06
-6.79397e-06
-6.59138e-06
-6.38858e-06
-6.18598e-06
-5.98396e-06
-5.78289e-06
-5.58312e-06
-5.38498e-06
-5.18881e-06
-4.99491e-06
-4.80356e-06
-4.61503e-06
-4.42957e-06
-4.24741e-06
-4.06877e-06
-3.89384e-06
-3.72279e-06
-3.55578e-06
-3.39295e-06
-3.23442e-06
-3.08028e-06
-2.93063e-06
-2.78552e-06
-2.64501e-06
-2.50915e-06
-2.37793e-06
-2.25138e-06
-2.12948e-06
-2.01222e-06
-1.89956e-06
-1.79146e-06
-1.68785e-06
-1.58869e-06
-1.4939e-06
-1.40339e-06
-1.31707e-06
-1.23486e-06
-1.15665e-06
-1.08234e-06
-1.01181e-06
-9.44953e-07
-8.81654e-07
-8.21791e-07
-7.65246e-07
-7.11896e-07
-6.61619e-07
-6.14292e-07
-5.69794e-07
-5.28004e-07
-4.88801e-07
-4.52067e-07
-4.17686e-07
-3.85542e-07
-3.55525e-07
-3.27525e-07
-3.01436e-07
-2.77154e-07
-2.54579e-07
-2.33615e-07
-2.14168e-07
-1.96148e-07
-1.79469e-07
-1.64048e-07
-1.49806e-07
-1.36666e-07
-1.24558e-07
-1.13411e-07
-1.03161e-07
-9.37459e-08
-8.51069e-08
-7.71886e-08
-6.99387e-08
-6.33079e-08
-5.72498e-08
-5.17209e-08
-4.66803e-08
-4.20899e-08
-3.79138e-08
-3.41187e-08
-3.06736e-08
-2.75493e-08
-2.47192e-08
-2.21582e-08
-1.98431e-08
-1.77525e-08
-1.58667e-08
-1.41673e-08
-1.26377e-08
-1.12622e-08
-1.00266e-08
-8.9178e-09
-7.92391e-09
-7.03392e-09
-6.2378e-09
-5.52638e-09
-4.89133e-09
-4.32502e-09
-3.82054e-09
-3.37162e-09
-2.97254e-09
-2.61814e-09
-2.30374e-09
-2.02512e-09
-1.77845e-09
-1.56031e-09
-1.36759e-09
-1.1975e-09
-1.04754e-09
-9.1547e-10
-7.99267e-10
-6.97133e-10
-6.07457e-10
-5.28799e-10
-4.59878e-10
-3.99549e-10
-3.46795e-10
-3.00713e-10
-2.605e-10
-2.25444e-10
-1.94915e-10
-1.68356e-10
-1.45273e-10
-1.25233e-10
-1.07853e-10
-9.27933e-11
-7.97588e-11
-6.84884e-11
-5.87531e-11
-5.03524e-11
-4.31108e-11
-3.68746e-11
-3.15097e-11
-2.68991e-11
-2.29407e-11
-1.95457e-11
-1.66369e-11
-1.41472e-11
-1.20183e-11
-1.01998e-11
-8.648e-12
-7.32514e-12
-6.19858e-12
-5.24016e-12
-4.4256e-12
-3.73402e-12
-3.14743e-12
-2.6504e-12
-2.22968e-12
-1.87392e-12
-1.57338e-12
-1.31975e-12
-1.10593e-12
-9.25846e-13
-7.74329e-13
-6.46976e-13
-5.40041e-13
-4.50341e-13
-3.75173e-13
-3.12247e-13
-2.59621e-13
-2.15654e-13
-1.78958e-13
-1.64554e-06
-1.74996e-06
-1.85918e-06
-1.9733e-06
-2.09238e-06
-2.21648e-06
-2.34564e-06
-2.47991e-06
-2.61931e-06
-2.76384e-06
-2.9135e-06
-3.06827e-06
-3.22811e-06
-3.39295e-06
-3.56273e-06
-3.73736e-06
-3.91672e-06
-4.10068e-06
-4.28909e-06
-4.48178e-06
-4.67855e-06
-4.8792e-06
-5.08348e-06
-5.29115e-06
-5.50193e-06
-5.71552e-06
-5.9316e-06
-6.14984e-06
-6.36989e-06
-6.59138e-06
-6.81391e-06
-7.03707e-06
-7.26045e-06
-7.48361e-06
-7.7061e-06
-7.92746e-06
-8.14722e-06
-8.3649e-06
-8.58001e-06
-8.79206e-06
-9.00055e-06
-9.205e-06
-9.40491e-06
-9.59977e-06
-9.78911e-06
-9.97244e-06
-1.01493e-05
-1.03192e-05
-1.04817e-05
-1.06364e-05
-1.07828e-05
-1.09205e-05
-1.10493e-05
-1.11686e-05
-1.12782e-05
-1.13778e-05
-1.1467e-05
-1.15457e-05
-1.16135e-05
-1.16704e-05
-1.1716e-05
-1.17504e-05
-1.17734e-05
-1.17849e-05
-1.17849e-05
-1.17734e-05
-1.17504e-05
-1.1716e-05
-1.16704e-05
-1.16135e-05
-1.15457e-05
-1.1467e-05
-1.13778e-05
-1.12782e-05
-1.11686e-05
-1.10493e-05
-1.09205e-05
-1.07828e-05
-1.06364e-05
-1.04817e-05
-1.03192e-05
-1.01493e-05
-9.97244e-06
-9.78911e-06
-9.59977e-06
-9.40491e-06
-9.205e-06
-9.00055e-06
-8.79206e-06
-8.58001e-06
-8.3649e-06
-8.14722e-06
-7.92746e-06
-7.7061e-06
-7.48361e-06
-7.26045e-06
-7.03707e-06
-6.81391e-06
-6.59138e-06
-6.36989e-06
-6.14984e-06
-5.9316e-06
-5.71552e-06
-5.50193e-06
-5.29115e-06
-5.08348e-06
-4.8792e-06
-4.67855e-06
-4.48178e-06
-4.28909e-06
-4.10068e-06
-3.91672e-06
-3.73736e-06
-3.56273e-06
-3.39295e-06
-3.22811e-06
-3.06827e-06
-2.9135e-06
-2.76384e-06
-2.61931e-06
-2.47991e-06
-2.34564e-06
-2.21648e-06
-2.09238e-06
-1.9733e-06
-1.85918e-06
-1.74996e-06
-1.64554e-06
-1.54584e-06
-1.45076e-06
-1.36021e-06
-1.27406e-06
-1.1922e-06
-1.11451e-06
-1.04087e-06
-9.71148e-07
-9.05209e-07
-8.42924e-07
-7.84159e-07
-7.28778e-07
-6.76648e-07
-6.27633e-07
-5.816e-07
-5.38418e-07
-4.97955e-07
-4.60084e-07
-4.24678e-07
-3.91614e-07
-3.60771e-07
-3.32034e-07
-3.05287e-07
-2.80421e-07
-2.57329e-07
-2.35908e-07
-2.16058e-07
-1.97686e-07
-1.807e-07
-1.65012e-07
-1.50539e-07
-1.37201e-07
-1.24923e-07
-1.13633e-07
-1.03262e-07
-9.37459e-08
-8.50239e-08
-7.7038e-08
-6.97341e-08
-6.30611e-08
-5.69709e-08
-5.14187e-08
-4.63623e-08
-4.17623e-08
-3.7582e-08
-3.37871e-08
-3.03458e-08
-2.72284e-08
-2.44074e-08
-2.18573e-08
-1.95545e-08
-1.74773e-08
-1.56054e-08
-1.39205e-08
-1.24053e-08
-1.10443e-08
-9.82302e-09
-8.72825e-09
-7.74792e-09
-6.87098e-09
-6.08735e-09
-5.38783e-09
-4.76404e-09
-4.20836e-09
-3.71386e-09
-3.27427e-09
-2.8839e-09
-2.53759e-09
-2.23068e-09
-1.95898e-09
-1.71869e-09
-1.50641e-09
-1.31906e-09
-1.15388e-09
-1.0084e-09
-8.80399e-10
-7.67897e-10
-6.69118e-10
-5.82477e-10
-5.06559e-10
-4.40106e-10
-3.81997e-10
-3.31238e-10
-2.86942e-10
-2.48328e-10
-2.147e-10
-1.85445e-10
-1.6002e-10
-1.37946e-10
-1.188e-10
-1.02213e-10
-8.7855e-11
-7.54404e-11
-6.4717e-11
-5.54636e-11
-4.74869e-11
-4.06177e-11
-3.47082e-11
-2.96296e-11
-2.52694e-11
-2.15298e-11
-1.83257e-11
-1.55832e-11
-1.32382e-11
-1.12351e-11
-9.52584e-12
-8.0687e-12
-6.82778e-12
-5.77207e-12
-4.87483e-12
-4.11305e-12
-3.46692e-12
-2.91944e-12
-2.45601e-12
-2.06413e-12
-1.73309e-12
-1.45372e-12
-1.21819e-12
-1.01983e-12
-8.5293e-13
-7.12649e-13
-5.9486e-13
-4.96054e-13
-4.13256e-13
-3.43942e-13
-2.85975e-13
-2.37545e-13
-1.97124e-13
-1.8108e-06
-1.92571e-06
-2.04591e-06
-2.17148e-06
-2.30252e-06
-2.43908e-06
-2.58122e-06
-2.72898e-06
-2.88237e-06
-3.04142e-06
-3.20611e-06
-3.37642e-06
-3.55231e-06
-3.73371e-06
-3.92055e-06
-4.11271e-06
-4.31009e-06
-4.51252e-06
-4.71986e-06
-4.9319e-06
-5.14843e-06
-5.36923e-06
-5.59403e-06
-5.82256e-06
-6.0545e-06
-6.28954e-06
-6.52732e-06
-6.76749e-06
-7.00964e-06
-7.25337e-06
-7.49824e-06
-7.74382e-06
-7.98964e-06
-8.23521e-06
-8.48005e-06
-8.72364e-06
-8.96546e-06
-9.205e-06
-9.44172e-06
-9.67506e-06
-9.9045e-06
-1.01295e-05
-1.03495e-05
-1.05639e-05
-1.07723e-05
-1.0974e-05
-1.11686e-05
-1.13556e-05
-1.15344e-05
-1.17046e-05
-1.18657e-05
-1.20173e-05
-1.2159e-05
-1.22903e-05
-1.24109e-05
-1.25205e-05
-1.26187e-05
-1.27052e-05
-1.27799e-05
-1.28424e-05
-1.28927e-05
-1.29305e-05
-1.29558e-05
-1.29685e-05
-1.29685e-05
-1.29558e-05
-1.29305e-05
-1.28927e-05
-1.28424e-05
-1.27799e-05
-1.27052e-05
-1.26187e-05
-1.25205e-05
-1.24109e-05
-1.22903e-05
-1.2159e-05
-1.20173e-05
-1.18657e-05
-1.17046e-05
-1.15344e-05
-1.13556e-05
-1.11686e-05
-1.0974e-05
-1.07723e-05
-1.05639e-05
-1.03495e-05
-1.01295e-05
-9.9045e-06
-9.67506e-06
-9.44172e-06
-9.205e-06
-8.96546e-06
-8.72364e-06
-8.48005e-06
-8.23521e-06
-7.98964e-06
-7.74382e-06
-7.49824e-06
-7.25337e-06
-7.00964e-06
-6.76749e-06
-6.52732e-06
-6.28954e-06
-6.0545e-06
-5.82256e-06
-5.59403e-06
-5.36923e-06
-5.14843e-06
-4.9319e-06
-4.71986e-06
-4.51252e-06
-4.31009e-06
-4.11271e-06
-3.92055e-06
-3.73371e-06
-3.55231e-06
-3.37642e-06
-3.20611e-06
-3.04142e-06
-2.88237e-06
-2.72898e-06
-2.58122e-06
-2.43908e-06
-2.30252e-06
-2.17148e-06
-2.04591e-06
-1.92571e-06
-1.8108e-06
-1.70109e-06
-1.59647e-06
-1.49682e-06
-1.40202e-06
-1.31194e-06
-1.22645e-06
-1.14541e-06
-1.06868e-06
-9.96122e-07
-9.27581e-07
-8.62914e-07
-8.01971e-07
-7.44605e-07
-6.90668e-07
-6.40012e-07
-5.92493e-07
-5.47966e-07
-5.06291e-07
-4.67329e-07
-4.30944e-07
-3.97005e-07
-3.65381e-07
-3.35948e-07
-3.08584e-07
-2.83173e-07
-2.596e-07
-2.37758e-07
-2.17541e-07
-1.98848e-07
-1.81584e-07
-1.65658e-07
-1.50981e-07
-1.37469e-07
-1.25045e-07
-1.13633e-07
-1.03161e-07
-9.3563e-08
-8.47751e-08
-7.67377e-08
-6.93945e-08
-6.26927e-08
-5.65828e-08
-5.10186e-08
-4.59566e-08
-4.13565e-08
-3.71805e-08
-3.33935e-08
-2.9963e-08
-2.68587e-08
-2.40524e-08
-2.15184e-08
-1.92325e-08
-1.71727e-08
-1.53186e-08
-1.36512e-08
-1.21535e-08
-1.08096e-08
-9.60485e-09
-8.52606e-09
-7.56105e-09
-6.69872e-09
-5.92894e-09
-5.2425e-09
-4.63101e-09
-4.08686e-09
-3.60312e-09
-3.17353e-09
-2.79244e-09
-2.45471e-09
-2.15573e-09
-1.89131e-09
-1.6577e-09
-1.45153e-09
-1.26976e-09
-1.10967e-09
-9.68819e-10
-8.45019e-10
-7.36319e-10
-6.40976e-10
-5.57434e-10
-4.84307e-10
-4.20362e-10
-3.64504e-10
-3.15761e-10
-2.73268e-10
-2.36263e-10
-2.0407e-10
-1.76091e-10
-1.518e-10
-1.30732e-10
-1.12478e-10
-9.66784e-11
-8.30171e-11
-7.12166e-11
-6.10339e-11
-5.22561e-11
-4.4697e-11
-3.8194e-11
-3.26053e-11
-2.78072e-11
-2.36921e-11
-2.01662e-11
-1.71483e-11
-1.45678e-11
-1.23635e-11
-1.04825e-11
-8.87905e-12
-7.51351e-12
-6.35177e-12
-5.36442e-12
-4.52613e-12
-3.81511e-12
-3.21264e-12
-2.70267e-12
-2.27144e-12
-1.90715e-12
-1.59972e-12
-1.34054e-12
-1.12225e-12
-9.38591e-13
-7.84222e-13
-6.54603e-13
-5.45874e-13
-4.5476e-13
-3.78485e-13
-3.14696e-13
-2.61402e-13
-2.16922e-13
-1.99072e-06
-2.11704e-06
-2.24918e-06
-2.38724e-06
-2.5313e-06
-2.68143e-06
-2.83769e-06
-3.00012e-06
-3.16876e-06
-3.34361e-06
-3.52467e-06
-3.7119e-06
-3.90526e-06
-4.10469e-06
-4.31009e-06
-4.52135e-06
-4.73833e-06
-4.96088e-06
-5.18881e-06
-5.42192e-06
-5.65997e-06
-5.90271e-06
-6.14984e-06
-6.40107e-06
-6.65606e-06
-6.91446e-06
-7.17587e-06
-7.43989e-06
-7.7061e-06
-7.97405e-06
-8.24326e-06
-8.51324e-06
-8.78347e-06
-9.05345e-06
-9.32261e-06
-9.5904e-06
-9.85626e-06
-1.01196e-05
-1.03798e-05
-1.06364e-05
-1.08886e-05
-1.11359e-05
-1.13778e-05
-1.16135e-05
-1.18426e-05
-1.20644e-05
-1.22783e-05
-1.24838e-05
-1.26804e-05
-1.28675e-05
-1.30447e-05
-1.32113e-05
-1.33671e-05
-1.35114e-05
-1.3644e-05
-1.37645e-05
-1.38724e-05
-1.39676e-05
-1.40497e-05
-1.41184e-05
-1.41737e-05
-1.42153e-05
-1.42431e-05
-1.4257e-05
-1.4257e-05
-1.42431e-05
-1.42153e-05
-1.41737e-05
-1.41184e-05
-1.40497e-05
-1.39676e-05
-1.38724e-05
-1.37645e-05
-1.3644e-05
-1.35114e-05
-1.33671e-05
-1.32113e-05
-1.30447e-05
-1.28675e-05
-1.26804e-05
-1.24838e-05
-1.22783e-05
-1.20644e-05
-1.18426e-05
-1.16135e-05
-1.13778e-05
-1.11359e-05
-1.08886e-05
-1.06364e-05
-1.03798e-05
-1.01196e-05
-9.85626e-06
-9.5904e-06
-9.32261e-06
-9.05345e-06
-8.78347e-06
-8.51324e-06
-8.24326e-06
-7.97405e-06
-7.7061e-06
-7.43989e-06
-7.17587e-06
-6.91446e-06
-6.65606e-06
-6.40107e-06
-6.14984e-06
-5.90271e-06
-5.65997e-06
-5.42192e-06
-5.18881e-06
-4.96088e-06
-4.73833e-06
-4.52135e-06
-4.31009e-06
-4.10469e-06
-3.90526e-06
-3.7119e-06
-3.52467e-06
-3.34361e-06
-3.16876e-06
-3.00012e-06
-2.83769e-06
-2.68143e-06
-2.5313e-06
-2.38724e-06
-2.24918e-06
-2.11704e-06
-1.99072e-06
-1.87011e-06
-1.75509e-06
-1.64554e-06
-1.54132e-06
-1.44229e-06
-1.34831e-06
-1.25922e-06
-1.17487e-06
-1.09509e-06
-1.01974e-06
-9.48651e-07
-8.81654e-07
-8.18588e-07
-7.59291e-07
-7.03602e-07
-6.51362e-07
-6.02411e-07
-5.56595e-07
-5.13762e-07
-4.73762e-07
-4.3645e-07
-4.01684e-07
-3.69327e-07
-3.39244e-07
-3.11308e-07
-2.85394e-07
-2.61381e-07
-2.39155e-07
-2.18605e-07
-1.99626e-07
-1.82117e-07
-1.65982e-07
-1.51128e-07
-1.37469e-07
-1.24923e-07
-1.13411e-07
-1.02859e-07
-9.31982e-08
-8.43622e-08
-7.62894e-08
-6.89217e-08
-6.22048e-08
-5.60877e-08
-5.05228e-08
-4.54656e-08
-4.08747e-08
-3.67114e-08
-3.29401e-08
-2.95273e-08
-2.64423e-08
-2.36564e-08
-2.11435e-08
-1.8879e-08
-1.68406e-08
-1.50076e-08
-1.33611e-08
-1.18836e-08
-1.05592e-08
-9.37319e-09
-8.3123e-09
-7.36429e-09
-6.51803e-09
-5.76339e-09
-5.09114e-09
-4.49292e-09
-3.96112e-09
-3.48885e-09
-3.06989e-09
-2.69861e-09
-2.36991e-09
-2.07922e-09
-1.82241e-09
-1.59575e-09
-1.39592e-09
-1.21993e-09
-1.06508e-09
-9.28979e-10
-8.09479e-10
-7.04662e-10
-6.12819e-10
-5.32427e-10
-4.62129e-10
-4.00721e-10
-3.47134e-10
-3.00419e-10
-2.59738e-10
-2.24346e-10
-1.93587e-10
-1.66882e-10
-1.43721e-10
-1.23654e-10
-1.06284e-10
-9.12655e-11
-7.82926e-11
-6.70981e-11
-5.74481e-11
-4.9138e-11
-4.19889e-11
-3.5845e-11
-3.05701e-11
-2.60461e-11
-2.21699e-11
-1.88521e-11
-1.60152e-11
-1.35919e-11
-1.15241e-11
-9.76126e-12
-8.26004e-12
-6.98287e-12
-5.89742e-12
-4.97584e-12
-4.19417e-12
-3.53184e-12
-2.97121e-12
-2.49713e-12
-2.09664e-12
-1.75866e-12
-1.47373e-12
-1.23375e-12
-1.03185e-12
-8.62141e-13
-7.19643e-13
-6.00111e-13
-4.99945e-13
-4.16091e-13
-3.45963e-13
-2.87375e-13
-2.38475e-13
-2.18638e-06
-2.32512e-06
-2.47025e-06
-2.62187e-06
-2.78008e-06
-2.94497e-06
-3.11659e-06
-3.29499e-06
-3.4802e-06
-3.67224e-06
-3.87109e-06
-4.07672e-06
-4.28909e-06
-4.50812e-06
-4.7337e-06
-4.96573e-06
-5.20404e-06
-5.44846e-06
-5.6988e-06
-5.95482e-06
-6.21626e-06
-6.48286e-06
-6.75428e-06
-7.0302e-06
-7.31026e-06
-7.59404e-06
-7.88115e-06
-8.17112e-06
-8.4635e-06
-8.75778e-06
-9.05345e-06
-9.34996e-06
-9.64676e-06
-9.94327e-06
-1.02389e-05
-1.0533e-05
-1.0825e-05
-1.11142e-05
-1.14e-05
-1.16818e-05
-1.19588e-05
-1.22304e-05
-1.2496e-05
-1.27549e-05
-1.30065e-05
-1.32501e-05
-1.34851e-05
-1.37108e-05
-1.39267e-05
-1.41322e-05
-1.43268e-05
-1.45098e-05
-1.46808e-05
-1.48394e-05
-1.4985e-05
-1.51173e-05
-1.52359e-05
-1.53404e-05
-1.54305e-05
-1.55061e-05
-1.55668e-05
-1.56124e-05
-1.5643e-05
-1.56582e-05
-1.56582e-05
-1.5643e-05
-1.56124e-05
-1.55668e-05
-1.55061e-05
-1.54305e-05
-1.53404e-05
-1.52359e-05
-1.51173e-05
-1.4985e-05
-1.48394e-05
-1.46808e-05
-1.45098e-05
-1.43268e-05
-1.41322e-05
-1.39267e-05
-1.37108e-05
-1.34851e-05
-1.32501e-05
-1.30065e-05
-1.27549e-05
-1.2496e-05
-1.22304e-05
-1.19588e-05
-1.16818e-05
-1.14e-05
-1.11142e-05
-1.0825e-05
-1.0533e-05
-1.02389e-05
-9.94327e-06
-9.64676e-06
-9.34996e-06
-9.05345e-06
-8.75778e-06
-8.4635e-06
-8.17112e-06
-7.88115e-06
-7.59404e-06
-7.31026e-06
-7.0302e-06
-6.75428e-06
-6.48286e-06
-6.21626e-06
-5.95482e-06
-5.6988e-06
-5.44846e-06
-5.20404e-06
-4.96573e-06
-4.7337e-06
-4.50812e-06
-4.28909e-06
-4.07672e-06
-3.87109e-06
-3.67224e-06
-3.4802e-06
-3.29499e-06
-3.11659e-06
-2.94497e-06
-2.78008e-06
-2.62187e-06
-2.47025e-06
-2.32512e-06
-2.18638e-06
-2.05391e-06
-1.92759e-06
-1.80727e-06
-1.69281e-06
-1.58404e-06
-1.48082e-06
-1.38298e-06
-1.29034e-06
-1.20273e-06
-1.11997e-06
-1.04189e-06
-9.68307e-07
-8.99043e-07
-8.33918e-07
-7.72756e-07
-7.15381e-07
-6.61619e-07
-6.113e-07
-5.64257e-07
-5.20326e-07
-4.79347e-07
-4.41164e-07
-4.05626e-07
-3.72587e-07
-3.41905e-07
-3.13444e-07
-2.87071e-07
-2.6266e-07
-2.40091e-07
-2.19247e-07
-2.00017e-07
-1.82295e-07
-1.65982e-07
-1.50981e-07
-1.37201e-07
-1.24558e-07
-1.12969e-07
-1.02358e-07
-9.26538e-08
-8.37875e-08
-7.56957e-08
-6.83186e-08
-6.16003e-08
-5.54884e-08
-4.99342e-08
-4.4892e-08
-4.03196e-08
-3.61776e-08
-3.24294e-08
-2.90411e-08
-2.59815e-08
-2.32215e-08
-2.07345e-08
-1.84958e-08
-1.64826e-08
-1.46743e-08
-1.30516e-08
-1.1597e-08
-1.02944e-08
-9.12928e-09
-8.08809e-09
-7.15866e-09
-6.32985e-09
-5.59153e-09
-4.9345e-09
-4.35043e-09
-3.83175e-09
-3.37162e-09
-2.96384e-09
-2.60284e-09
-2.28358e-09
-2.00152e-09
-1.75259e-09
-1.53312e-09
-1.33983e-09
-1.16976e-09
-1.02028e-09
-8.89038e-10
-7.7392e-10
-6.7305e-10
-5.84756e-10
-5.07549e-10
-4.40106e-10
-3.81252e-10
-3.29946e-10
-2.85266e-10
-2.46395e-10
-2.12614e-10
-1.83284e-10
-1.57847e-10
-1.35807e-10
-1.1673e-10
-1.00236e-10
-8.59876e-11
-7.36929e-11
-6.30944e-11
-5.39675e-11
-4.61158e-11
-3.9368e-11
-3.35747e-11
-2.8606e-11
-2.43488e-11
-2.0705e-11
-1.75893e-11
-1.49278e-11
-1.26567e-11
-1.07206e-11
-9.07188e-12
-7.66919e-12
-6.47705e-12
-5.46489e-12
-4.60639e-12
-3.87897e-12
-3.26323e-12
-2.74256e-12
-2.30271e-12
-1.93151e-12
-1.61858e-12
-1.35501e-12
-1.13326e-12
-9.46877e-13
-7.90373e-13
-6.59093e-13
-5.49082e-13
-4.56986e-13
-3.79967e-13
-3.15619e-13
-2.61913e-13
-2.39892e-06
-2.55115e-06
-2.71039e-06
-2.87675e-06
-3.05035e-06
-3.23126e-06
-3.41956e-06
-3.61531e-06
-3.81853e-06
-4.02923e-06
-4.24741e-06
-4.47304e-06
-4.70605e-06
-4.94637e-06
-5.19388e-06
-5.44846e-06
-5.70994e-06
-5.97812e-06
-6.25279e-06
-6.5337e-06
-6.82057e-06
-7.11307e-06
-7.41089e-06
-7.71363e-06
-8.02091e-06
-8.33228e-06
-8.6473e-06
-8.96546e-06
-9.28626e-06
-9.60915e-06
-9.93356e-06
-1.02589e-05
-1.05846e-05
-1.09099e-05
-1.12342e-05
-1.15569e-05
-1.18773e-05
-1.21946e-05
-1.25082e-05
-1.28174e-05
-1.31213e-05
-1.34194e-05
-1.37108e-05
-1.39949e-05
-1.42709e-05
-1.45382e-05
-1.4796e-05
-1.50437e-05
-1.52806e-05
-1.55061e-05
-1.57195e-05
-1.59204e-05
-1.6108e-05
-1.6282e-05
-1.64418e-05
-1.65869e-05
-1.6717e-05
-1.68317e-05
-1.69306e-05
-1.70135e-05
-1.708e-05
-1.71302e-05
-1.71637e-05
-1.71804e-05
-1.71804e-05
-1.71637e-05
-1.71302e-05
-1.708e-05
-1.70135e-05
-1.69306e-05
-1.68317e-05
-1.6717e-05
-1.65869e-05
-1.64418e-05
-1.6282e-05
-1.6108e-05
-1.59204e-05
-1.57195e-05
-1.55061e-05
-1.52806e-05
-1.50437e-05
-1.4796e-05
-1.45382e-05
-1.42709e-05
-1.39949e-05
-1.37108e-05
-1.34194e-05
-1.31213e-05
-1.28174e-05
-1.25082e-05
-1.21946e-05
-1.18773e-05
-1.15569e-05
-1.12342e-05
-1.09099e-05
-1.05846e-05
-1.02589e-05
-9.93356e-06
-9.60915e-06
-9.28626e-06
-8.96546e-06
-8.6473e-06
-8.33228e-06
-8.02091e-06
-7.71363e-06
-7.41089e-06
-7.11307e-06
-6.82057e-06
-6.5337e-06
-6.25279e-06
-5.97812e-06
-5.70994e-06
-5.44846e-06
-5.19388e-06
-4.94637e-06
-4.70605e-06
-4.47304e-06
-4.24741e-06
-4.02923e-06
-3.81853e-06
-3.61531e-06
-3.41956e-06
-3.23126e-06
-3.05035e-06
-2.87675e-06
-2.71039e-06
-2.55115e-06
-2.39892e-06
-2.25358e-06
-2.11498e-06
-1.98296e-06
-1.85737e-06
-1.73803e-06
-1.62478e-06
-1.51742e-06
-1.41577e-06
-1.31965e-06
-1.22885e-06
-1.14318e-06
-1.06244e-06
-9.86441e-07
-9.14986e-07
-8.47878e-07
-7.84925e-07
-7.25937e-07
-6.70727e-07
-6.1911e-07
-5.70908e-07
-5.25946e-07
-4.84051e-07
-4.45058e-07
-4.08808e-07
-3.75143e-07
-3.43914e-07
-3.14978e-07
-2.88194e-07
-2.63431e-07
-2.4056e-07
-2.19461e-07
-2.00017e-07
-1.82117e-07
-1.65658e-07
-1.50539e-07
-1.36666e-07
-1.23951e-07
-1.12309e-07
-1.01661e-07
-9.19327e-08
-8.30543e-08
-7.49601e-08
-6.75886e-08
-6.08826e-08
-5.47884e-08
-4.92561e-08
-4.42392e-08
-3.96945e-08
-3.55819e-08
-3.18643e-08
-2.85073e-08
-2.5479e-08
-2.27502e-08
-2.02938e-08
-1.8085e-08
-1.61008e-08
-1.43204e-08
-1.27244e-08
-1.12952e-08
-1.00168e-08
-8.87436e-09
-7.85457e-09
-6.94519e-09
-6.1351e-09
-5.4142e-09
-4.77335e-09
-4.20425e-09
-3.69938e-09
-3.25197e-09
-2.85587e-09
-2.50557e-09
-2.1961e-09
-1.92297e-09
-1.68216e-09
-1.47008e-09
-1.28348e-09
-1.11947e-09
-9.75465e-10
-8.49155e-10
-7.3848e-10
-6.41602e-10
-5.5689e-10
-4.8289e-10
-4.18315e-10
-3.62021e-10
-3.12997e-10
-2.70348e-10
-2.33282e-10
-2.01102e-10
-1.73192e-10
-1.49009e-10
-1.28078e-10
-1.0998e-10
-9.43467e-11
-8.08568e-11
-6.9228e-11
-5.92139e-11
-5.05989e-11
-4.31951e-11
-3.68386e-11
-3.13869e-11
-2.67159e-11
-2.27178e-11
-1.92992e-11
-1.6379e-11
-1.38871e-11
-1.17628e-11
-9.95379e-12
-8.41473e-12
-7.10671e-12
-5.99615e-12
-5.05419e-12
-4.25606e-12
-3.58046e-12
-3.00917e-12
-2.52656e-12
-2.11928e-12
-1.77592e-12
-1.48674e-12
-1.24343e-12
-1.03893e-12
-8.67208e-13
-7.23165e-13
-6.0246e-13
-5.01411e-13
-4.16904e-13
-3.46301e-13
-2.87375e-13
-2.62956e-06
-2.79642e-06
-2.97097e-06
-3.15333e-06
-3.34361e-06
-3.54192e-06
-3.74833e-06
-3.96289e-06
-4.18565e-06
-4.41661e-06
-4.65577e-06
-4.90308e-06
-5.1585e-06
-5.42192e-06
-5.69323e-06
-5.97229e-06
-6.2589e-06
-6.55287e-06
-6.85395e-06
-7.16187e-06
-7.47631e-06
-7.79694e-06
-8.12339e-06
-8.45524e-06
-8.79206e-06
-9.13337e-06
-9.47867e-06
-9.82742e-06
-1.01791e-05
-1.0533e-05
-1.08886e-05
-1.12452e-05
-1.16022e-05
-1.19588e-05
-1.23143e-05
-1.2668e-05
-1.30192e-05
-1.33671e-05
-1.37108e-05
-1.40497e-05
-1.43828e-05
-1.47096e-05
-1.5029e-05
-1.53404e-05
-1.5643e-05
-1.59359e-05
-1.62185e-05
-1.649e-05
-1.67497e-05
-1.69969e-05
-1.72308e-05
-1.7451e-05
-1.76567e-05
-1.78474e-05
-1.80225e-05
-1.81816e-05
-1.83242e-05
-1.84499e-05
-1.85583e-05
-1.86492e-05
-1.87222e-05
-1.87771e-05
-1.88138e-05
-1.88322e-05
-1.88322e-05
-1.88138e-05
-1.87771e-05
-1.87222e-05
-1.86492e-05
-1.85583e-05
-1.84499e-05
-1.83242e-05
-1.81816e-05
-1.80225e-05
-1.78474e-05
-1.76567e-05
-1.7451e-05
-1.72308e-05
-1.69969e-05
-1.67497e-05
-1.649e-05
-1.62185e-05
-1.59359e-05
-1.5643e-05
-1.53404e-05
-1.5029e-05
-1.47096e-05
-1.43828e-05
-1.40497e-05
-1.37108e-05
-1.33671e-05
-1.30192e-05
-1.2668e-05
-1.23143e-05
-1.19588e-05
-1.16022e-05
-1.12452e-05
-1.08886e-05
-1.0533e-05
-1.01791e-05
-9.82742e-06
-9.47867e-06
-9.13337e-06
-8.79206e-06
-8.45524e-06
-8.12339e-06
-7.79694e-06
-7.47631e-06
-7.16187e-06
-6.85395e-06
-6.55287e-06
-6.2589e-06
-5.97229e-06
-5.69323e-06
-5.42192e-06
-5.1585e-06
-4.90308e-06
-4.65577e-06
-4.41661e-06
-4.18565e-06
-3.96289e-06
-3.74833e-06
-3.54192e-06
-3.34361e-06
-3.15333e-06
-2.97097e-06
-2.79642e-06
-2.62956e-06
-2.47025e-06
-2.31832e-06
-2.17361e-06
-2.03594e-06
-1.90513e-06
-1.78099e-06
-1.66331e-06
-1.55189e-06
-1.44652e-06
-1.34699e-06
-1.25308e-06
-1.16458e-06
-1.08128e-06
-1.00295e-06
-9.29395e-07
-8.60389e-07
-7.9573e-07
-7.35212e-07
-6.78633e-07
-6.25797e-07
-5.76511e-07
-5.30588e-07
-4.87847e-07
-4.48111e-07
-4.1121e-07
-3.76979e-07
-3.4526e-07
-3.15902e-07
-2.88758e-07
-2.63688e-07
-2.4056e-07
-2.19247e-07
-1.99626e-07
-1.81584e-07
-1.65012e-07
-1.49806e-07
-1.35868e-07
-1.23106e-07
-1.11435e-07
-1.00771e-07
-9.10393e-08
-8.21669e-08
-7.40867e-08
-6.6736e-08
-6.00559e-08
-5.39917e-08
-4.84925e-08
-4.35108e-08
-3.90029e-08
-3.49278e-08
-3.1248e-08
-2.79286e-08
-2.49374e-08
-2.22449e-08
-1.98237e-08
-1.76488e-08
-1.56971e-08
-1.39477e-08
-1.23811e-08
-1.09798e-08
-9.72756e-09
-8.60973e-09
-7.61291e-09
-6.72494e-09
-5.93474e-09
-5.23227e-09
-4.60846e-09
-4.05505e-09
-3.56462e-09
-3.13044e-09
-2.74647e-09
-2.40724e-09
-2.10785e-09
-1.84389e-09
-1.61141e-09
-1.40687e-09
-1.2271e-09
-1.06925e-09
-9.30795e-10
-8.09479e-10
-7.03287e-10
-6.1043e-10
-5.29316e-10
-4.58532e-10
-3.96827e-10
-3.4309e-10
-2.9634e-10
-2.55711e-10
-2.20436e-10
-1.89843e-10
-1.63335e-10
-1.40392e-10
-1.20553e-10
-1.03417e-10
-8.86305e-11
-7.58838e-11
-6.49068e-11
-5.54636e-11
-4.73479e-11
-4.03804e-11
-3.44045e-11
-2.92844e-11
-2.49019e-11
-2.11546e-11
-1.79537e-11
-1.52222e-11
-1.28937e-11
-1.09108e-11
-9.22374e-12
-7.78996e-12
-6.57263e-12
-5.54012e-12
-4.66525e-12
-3.9247e-12
-3.29848e-12
-2.76947e-12
-2.32304e-12
-1.94666e-12
-1.62968e-12
-1.36298e-12
-1.13881e-12
-9.50583e-13
-7.92692e-13
-6.60381e-13
-5.49618e-13
-4.56986e-13
-3.79596e-13
-3.15003e-13
-2.87956e-06
-3.06228e-06
-3.25342e-06
-3.45312e-06
-3.6615e-06
-3.87866e-06
-4.10469e-06
-4.33965e-06
-4.58358e-06
-4.8365e-06
-5.0984e-06
-5.36923e-06
-5.64893e-06
-5.93739e-06
-6.2345e-06
-6.54008e-06
-6.85395e-06
-7.17587e-06
-7.50557e-06
-7.84276e-06
-8.1871e-06
-8.53821e-06
-8.89569e-06
-9.2591e-06
-9.62794e-06
-1.00017e-05
-1.03798e-05
-1.07617e-05
-1.11468e-05
-1.15344e-05
-1.19238e-05
-1.23143e-05
-1.27052e-05
-1.30957e-05
-1.34851e-05
-1.38724e-05
-1.4257e-05
-1.46379e-05
-1.50143e-05
-1.53854e-05
-1.57503e-05
-1.6108e-05
-1.64578e-05
-1.67988e-05
-1.71302e-05
-1.7451e-05
-1.77604e-05
-1.80578e-05
-1.83421e-05
-1.86128e-05
-1.8869e-05
-1.91101e-05
-1.93353e-05
-1.95442e-05
-1.9736e-05
-1.99102e-05
-2.00663e-05
-2.0204e-05
-2.03227e-05
-2.04222e-05
-2.05021e-05
-2.05623e-05
-2.06025e-05
-2.06226e-05
-2.06226e-05
-2.06025e-05
-2.05623e-05
-2.05021e-05
-2.04222e-05
-2.03227e-05
-2.0204e-05
-2.00663e-05
-1.99102e-05
-1.9736e-05
-1.95442e-05
-1.93353e-05
-1.91101e-05
-1.8869e-05
-1.86128e-05
-1.83421e-05
-1.80578e-05
-1.77604e-05
-1.7451e-05
-1.71302e-05
-1.67988e-05
-1.64578e-05
-1.6108e-05
-1.57503e-05
-1.53854e-05
-1.50143e-05
-1.46379e-05
-1.4257e-05
-1.38724e-05
-1.34851e-05
-1.30957e-05
-1.27052e-05
-1.23143e-05
-1.19238e-05
-1.15344e-05
-1.11468e-05
-1.07617e-05
-1.03798e-05
-1.00017e-05
-9.62794e-06
-9.2591e-06
-8.89569e-06
-8.53821e-06
-8.1871e-06
-7.84276e-06
-7.50557e-06
-7.17587e-06
-6.85395e-06
-6.54008e-06
-6.2345e-06
-5.93739e-06
-5.64893e-06
-5.36923e-06
-5.0984e-06
-4.8365e-06
-4.58358e-06
-4.33965e-06
-4.10469e-06
-3.87866e-06
-3.6615e-06
-3.45312e-06
-3.25342e-06
-3.06228e-06
-2.87956e-06
-2.7051e-06
-2.53872e-06
-2.38026e-06
-2.2295e-06
-2.08626e-06
-1.95031e-06
-1.82144e-06
-1.69943e-06
-1.58404e-06
-1.47505e-06
-1.37222e-06
-1.2753e-06
-1.18408e-06
-1.09831e-06
-1.01775e-06
-9.42189e-07
-8.71382e-07
-8.0511e-07
-7.43152e-07
-6.85293e-07
-6.31321e-07
-5.81033e-07
-5.34228e-07
-4.90714e-07
-4.50305e-07
-4.12819e-07
-3.78085e-07
-3.45935e-07
-3.16211e-07
-2.88758e-07
-2.63431e-07
-2.40091e-07
-2.18605e-07
-1.98848e-07
-1.807e-07
-1.64048e-07
-1.48785e-07
-1.3481e-07
-1.22029e-07
-1.10352e-07
-9.96946e-08
-8.99787e-08
-8.11303e-08
-7.30807e-08
-6.57655e-08
-5.91248e-08
-5.31028e-08
-4.76475e-08
-4.2711e-08
-3.82485e-08
-3.42188e-08
-3.05838e-08
-2.73083e-08
-2.43597e-08
-2.17084e-08
-1.93267e-08
-1.71895e-08
-1.52737e-08
-1.35582e-08
-1.20237e-08
-1.06524e-08
-9.42828e-09
-8.33669e-09
-7.36429e-09
-6.49897e-09
-5.72972e-09
-5.04659e-09
-4.44057e-09
-3.90351e-09
-3.42806e-09
-3.00758e-09
-2.6361e-09
-2.30824e-09
-2.01919e-09
-1.76461e-09
-1.54063e-09
-1.34376e-09
-1.1709e-09
-1.01929e-09
-8.86438e-10
-7.7015e-10
-6.68465e-10
-5.79639e-10
-5.02126e-10
-4.34554e-10
-3.75708e-10
-3.24514e-10
-2.80022e-10
-2.41394e-10
-2.07891e-10
-1.78864e-10
-1.53739e-10
-1.32015e-10
-1.1325e-10
-9.70568e-11
-8.30982e-11
-7.10777e-11
-6.07366e-11
-5.18494e-11
-4.42194e-11
-3.76754e-11
-3.20685e-11
-2.72694e-11
-2.31659e-11
-1.96606e-11
-1.66695e-11
-1.41196e-11
-1.19481e-11
-1.01007e-11
-8.53057e-12
-7.1975e-12
-6.06683e-12
-5.10878e-12
-4.29783e-12
-3.61207e-12
-3.03277e-12
-2.54389e-12
-2.13174e-12
-1.78462e-12
-1.49256e-12
-1.24708e-12
-1.04096e-12
-8.68055e-13
-7.23165e-13
-6.01872e-13
-5.00433e-13
-4.15685e-13
-3.44951e-13
-3.15025e-06
-3.35015e-06
-3.55926e-06
-3.77773e-06
-4.00569e-06
-4.24326e-06
-4.49054e-06
-4.74759e-06
-5.01446e-06
-5.29115e-06
-5.57767e-06
-5.87396e-06
-6.17995e-06
-6.49553e-06
-6.82057e-06
-7.15487e-06
-7.49824e-06
-7.85042e-06
-8.21112e-06
-8.58001e-06
-8.95671e-06
-9.34083e-06
-9.73192e-06
-1.01295e-05
-1.0533e-05
-1.09419e-05
-1.13556e-05
-1.17734e-05
-1.21946e-05
-1.26187e-05
-1.30447e-05
-1.34719e-05
-1.38995e-05
-1.43268e-05
-1.47527e-05
-1.51765e-05
-1.55972e-05
-1.60139e-05
-1.64257e-05
-1.68317e-05
-1.72308e-05
-1.76222e-05
-1.80049e-05
-1.8378e-05
-1.87405e-05
-1.90914e-05
-1.943e-05
-1.97552e-05
-2.00663e-05
-2.03624e-05
-2.06428e-05
-2.09065e-05
-2.11529e-05
-2.13814e-05
-2.15912e-05
-2.17818e-05
-2.19526e-05
-2.21032e-05
-2.22331e-05
-2.23419e-05
-2.24294e-05
-2.24952e-05
-2.25392e-05
-2.25612e-05
-2.25612e-05
-2.25392e-05
-2.24952e-05
-2.24294e-05
-2.23419e-05
-2.22331e-05
-2.21032e-05
-2.19526e-05
-2.17818e-05
-2.15912e-05
-2.13814e-05
-2.11529e-05
-2.09065e-05
-2.06428e-05
-2.03624e-05
-2.00663e-05
-1.97552e-05
-1.943e-05
-1.90914e-05
-1.87405e-05
-1.8378e-05
-1.80049e-05
-1.76222e-05
-1.72308e-05
-1.68317e-05
-1.64257e-05
-1.60139e-05
-1.55972e-05
-1.51765e-05
-1.47527e-05
-1.43268e-05
-1.38995e-05
-1.34719e-05
-1.30447e-05
-1.26187e-05
-1.21946e-05
-1.17734e-05
-1.13556e-05
-1.09419e-05
-1.0533e-05
-1.01295e-05
-9.73192e-06
-9.34083e-06
-8.95671e-06
-8.58001e-06
-8.21112e-06
-7.85042e-06
-7.49824e-06
-7.15487e-06
-6.82057e-06
-6.49553e-06
-6.17995e-06
-5.87396e-06
-5.57767e-06
-5.29115e-06
-5.01446e-06
-4.74759e-06
-4.49054e-06
-4.24326e-06
-4.00569e-06
-3.77773e-06
-3.55926e-06
-3.35015e-06
-3.15025e-06
-2.95938e-06
-2.77737e-06
-2.60401e-06
-2.43908e-06
-2.28237e-06
-2.13365e-06
-1.99267e-06
-1.85918e-06
-1.73295e-06
-1.61371e-06
-1.50121e-06
-1.39519e-06
-1.29539e-06
-1.20155e-06
-1.11343e-06
-1.03076e-06
-9.53295e-07
-8.80793e-07
-8.13011e-07
-7.49713e-07
-6.90668e-07
-6.35652e-07
-5.84447e-07
-5.36843e-07
-4.92635e-07
-4.51626e-07
-4.13626e-07
-3.78455e-07
-3.45935e-07
-3.15902e-07
-2.88194e-07
-2.6266e-07
-2.39155e-07
-2.17541e-07
-1.97686e-07
-1.79469e-07
-1.62771e-07
-1.47483e-07
-1.335e-07
-1.20725e-07
-1.09066e-07
-9.8437e-08
-8.87569e-08
-7.99506e-08
-7.19477e-08
-6.46827e-08
-5.80946e-08
-5.21265e-08
-4.67259e-08
-4.1844e-08
-3.74355e-08
-3.34588e-08
-2.98753e-08
-2.66496e-08
-2.3749e-08
-2.11435e-08
-1.88054e-08
-1.67095e-08
-1.48328e-08
-1.31539e-08
-1.16537e-08
-1.03146e-08
-9.12037e-09
-8.05656e-09
-7.10989e-09
-6.26833e-09
-5.52099e-09
-4.858e-09
-4.27046e-09
-3.75031e-09
-3.2903e-09
-2.8839e-09
-2.52523e-09
-2.209e-09
-1.93049e-09
-1.68545e-09
-1.47008e-09
-1.28097e-09
-1.1151e-09
-9.69766e-10
-8.42547e-10
-7.31303e-10
-6.34127e-10
-5.49328e-10
-4.75403e-10
-4.11026e-10
-3.55019e-10
-3.06345e-10
-2.64086e-10
-2.27434e-10
-1.95678e-10
-1.68191e-10
-1.44425e-10
-1.23895e-10
-1.0618e-10
-9.09097e-11
-7.77592e-11
-6.64461e-11
-5.67234e-11
-4.83762e-11
-4.1217e-11
-3.50831e-11
-2.98328e-11
-2.53435e-11
-2.15088e-11
-1.82364e-11
-1.54469e-11
-1.30712e-11
-1.10502e-11
-9.33247e-12
-7.87409e-12
-6.63713e-12
-5.58902e-12
-4.70184e-12
-3.95162e-12
-3.31786e-12
-2.78303e-12
-2.33213e-12
-1.95238e-12
-1.63286e-12
-1.36431e-12
-1.13881e-12
-9.49655e-13
-7.91145e-13
-6.5845e-13
-5.47475e-13
-4.5476e-13
-3.77378e-13
-3.44302e-06
-3.6615e-06
-3.89004e-06
-4.12881e-06
-4.37796e-06
-4.63761e-06
-4.90787e-06
-5.18881e-06
-5.48048e-06
-5.78289e-06
-6.09603e-06
-6.41985e-06
-6.75428e-06
-7.0992e-06
-7.45444e-06
-7.81982e-06
-8.1951e-06
-8.58001e-06
-8.97422e-06
-9.37739e-06
-9.78911e-06
-1.02089e-05
-1.06364e-05
-1.10709e-05
-1.15119e-05
-1.19588e-05
-1.24109e-05
-1.28675e-05
-1.3328e-05
-1.37914e-05
-1.4257e-05
-1.47239e-05
-1.51913e-05
-1.56582e-05
-1.61238e-05
-1.65869e-05
-1.70467e-05
-1.75022e-05
-1.79523e-05
-1.83959e-05
-1.88322e-05
-1.926e-05
-1.96782e-05
-2.00859e-05
-2.04821e-05
-2.08657e-05
-2.12357e-05
-2.15912e-05
-2.19312e-05
-2.22548e-05
-2.25612e-05
-2.28494e-05
-2.31188e-05
-2.33685e-05
-2.35978e-05
-2.38061e-05
-2.39928e-05
-2.41574e-05
-2.42994e-05
-2.44183e-05
-2.45139e-05
-2.45858e-05
-2.46339e-05
-2.46579e-05
-2.46579e-05
-2.46339e-05
-2.45858e-05
-2.45139e-05
-2.44183e-05
-2.42994e-05
-2.41574e-05
-2.39928e-05
-2.38061e-05
-2.35978e-05
-2.33685e-05
-2.31188e-05
-2.28494e-05
-2.25612e-05
-2.22548e-05
-2.19312e-05
-2.15912e-05
-2.12357e-05
-2.08657e-05
-2.04821e-05
-2.00859e-05
-1.96782e-05
-1.926e-05
-1.88322e-05
-1.83959e-05
-1.79523e-05
-1.75022e-05
-1.70467e-05
-1.65869e-05
-1.61238e-05
-1.56582e-05
-1.51913e-05
-1.47239e-05
-1.4257e-05
-1.37914e-05
-1.3328e-05
-1.28675e-05
-1.24109e-05
-1.19588e-05
-1.15119e-05
-1.10709e-05
-1.06364e-05
-1.02089e-05
-9.78911e-06
-9.37739e-06
-8.97422e-06
-8.58001e-06
-8.1951e-06
-7.81982e-06
-7.45444e-06
-7.0992e-06
-6.75428e-06
-6.41985e-06
-6.09603e-06
-5.78289e-06
-5.48048e-06
-5.18881e-06
-4.90787e-06
-4.63761e-06
-4.37796e-06
-4.12881e-06
-3.89004e-06
-3.6615e-06
-3.44302e-06
-3.23442e-06
-3.03549e-06
-2.84601e-06
-2.66576e-06
-2.49449e-06
-2.33194e-06
-2.17786e-06
-2.03197e-06
-1.894e-06
-1.76368e-06
-1.64072e-06
-1.52485e-06
-1.41577e-06
-1.31322e-06
-1.2169e-06
-1.12655e-06
-1.04189e-06
-9.6265e-07
-8.88568e-07
-8.19387e-07
-7.54855e-07
-6.94726e-07
-6.38763e-07
-5.86735e-07
-5.38418e-07
-4.93598e-07
-4.52067e-07
-4.13626e-07
-3.78085e-07
-3.4526e-07
-3.14978e-07
-2.87071e-07
-2.61381e-07
-2.37758e-07
-2.16058e-07
-1.96148e-07
-1.77899e-07
-1.61189e-07
-1.45907e-07
-1.31945e-07
-1.19202e-07
-1.07585e-07
-9.70055e-08
-8.73808e-08
-7.86342e-08
-7.06941e-08
-6.34936e-08
-5.69709e-08
-5.10684e-08
-4.57328e-08
-4.09146e-08
-3.65683e-08
-3.26518e-08
-2.91263e-08
-2.59561e-08
-2.31084e-08
-2.05531e-08
-1.82624e-08
-1.62112e-08
-1.43764e-08
-1.27368e-08
-1.12732e-08
-9.96797e-09
-8.8053e-09
-7.77065e-09
-6.85088e-09
-6.03408e-09
-5.30948e-09
-4.66734e-09
-4.09885e-09
-3.59609e-09
-3.15191e-09
-2.75991e-09
-2.4143e-09
-2.10991e-09
-1.84209e-09
-1.6067e-09
-1.40002e-09
-1.21874e-09
-1.05989e-09
-9.2085e-10
-7.99267e-10
-6.9306e-10
-6.0038e-10
-5.19585e-10
-4.49225e-10
-3.88013e-10
-3.34815e-10
-2.88629e-10
-2.4857e-10
-2.13863e-10
-1.83822e-10
-1.57847e-10
-1.3541e-10
-1.16048e-10
-9.93585e-11
-8.49858e-11
-7.26213e-11
-6.1995e-11
-5.2872e-11
-4.50475e-11
-3.83435e-11
-3.26053e-11
-2.76988e-11
-2.35077e-11
-1.99312e-11
-1.68824e-11
-1.4286e-11
-1.20771e-11
-1.01998e-11
-8.60587e-12
-7.25395e-12
-6.10844e-12
-5.1388e-12
-4.31886e-12
-3.62621e-12
-3.04167e-12
-2.54887e-12
-2.13382e-12
-1.78462e-12
-1.4911e-12
-1.24465e-12
-1.03791e-12
-8.64671e-13
-7.19643e-13
-5.98355e-13
-4.97024e-13
-4.1245e-13
-3.75932e-06
-3.99787e-06
-4.24741e-06
-4.50812e-06
-4.78016e-06
-5.06367e-06
-5.35875e-06
-5.6655e-06
-5.98396e-06
-6.31415e-06
-6.65606e-06
-7.00964e-06
-7.37479e-06
-7.75139e-06
-8.13927e-06
-8.53821e-06
-8.94797e-06
-9.36824e-06
-9.79867e-06
-1.02389e-05
-1.06884e-05
-1.11468e-05
-1.16135e-05
-1.20879e-05
-1.25695e-05
-1.30574e-05
-1.35511e-05
-1.40497e-05
-1.45524e-05
-1.50584e-05
-1.55668e-05
-1.60766e-05
-1.65869e-05
-1.70967e-05
-1.7605e-05
-1.81107e-05
-1.86128e-05
-1.91101e-05
-1.96015e-05
-2.00859e-05
-2.05623e-05
-2.10293e-05
-2.1486e-05
-2.19312e-05
-2.23638e-05
-2.27826e-05
-2.31866e-05
-2.35748e-05
-2.3946e-05
-2.42994e-05
-2.46339e-05
-2.49486e-05
-2.52427e-05
-2.55153e-05
-2.57657e-05
-2.59931e-05
-2.6197e-05
-2.63767e-05
-2.65317e-05
-2.66616e-05
-2.67659e-05
-2.68445e-05
-2.68969e-05
-2.69232e-05
-2.69232e-05
-2.68969e-05
-2.68445e-05
-2.67659e-05
-2.66616e-05
-2.65317e-05
-2.63767e-05
-2.6197e-05
-2.59931e-05
-2.57657e-05
-2.55153e-05
-2.52427e-05
-2.49486e-05
-2.46339e-05
-2.42994e-05
-2.3946e-05
-2.35748e-05
-2.31866e-05
-2.27826e-05
-2.23638e-05
-2.19312e-05
-2.1486e-05
-2.10293e-05
-2.05623e-05
-2.00859e-05
-1.96015e-05
-1.91101e-05
-1.86128e-05
-1.81107e-05
-1.7605e-05
-1.70967e-05
-1.65869e-05
-1.60766e-05
-1.55668e-05
-1.50584e-05
-1.45524e-05
-1.40497e-05
-1.35511e-05
-1.30574e-05
-1.25695e-05
-1.20879e-05
-1.16135e-05
-1.11468e-05
-1.06884e-05
-1.02389e-05
-9.79867e-06
-9.36824e-06
-8.94797e-06
-8.53821e-06
-8.13927e-06
-7.75139e-06
-7.37479e-06
-7.00964e-06
-6.65606e-06
-6.31415e-06
-5.98396e-06
-5.6655e-06
-5.35875e-06
-5.06367e-06
-4.78016e-06
-4.50812e-06
-4.24741e-06
-3.99787e-06
-3.75932e-06
-3.53156e-06
-3.31435e-06
-3.10747e-06
-2.91066e-06
-2.72365e-06
-2.54617e-06
-2.37793e-06
-2.21864e-06
-2.068e-06
-1.92571e-06
-1.79146e-06
-1.66494e-06
-1.54584e-06
-1.43386e-06
-1.3287e-06
-1.23005e-06
-1.13761e-06
-1.05109e-06
-9.702e-07
-8.94663e-07
-8.24203e-07
-7.5855e-07
-6.97445e-07
-6.40637e-07
-5.87882e-07
-5.38944e-07
-4.93598e-07
-4.51626e-07
-4.12819e-07
-3.76979e-07
-3.43914e-07
-3.13444e-07
-2.85394e-07
-2.596e-07
-2.35908e-07
-2.14168e-07
-1.94242e-07
-1.75998e-07
-1.59312e-07
-1.44067e-07
-1.30153e-07
-1.17469e-07
-1.05917e-07
-9.54084e-08
-8.58582e-08
-7.71886e-08
-6.93267e-08
-6.22048e-08
-5.576e-08
-4.99342e-08
-4.46734e-08
-3.99278e-08
-3.56515e-08
-3.18021e-08
-2.83407e-08
-2.52314e-08
-2.24412e-08
-1.99402e-08
-1.77006e-08
-1.56971e-08
-1.39069e-08
-1.23088e-08
-1.08837e-08
-9.61423e-09
-8.48453e-09
-7.48026e-09
-6.58843e-09
-5.79726e-09
-5.09612e-09
-4.4754e-09
-3.92645e-09
-3.44148e-09
-3.01346e-09
-2.6361e-09
-2.30374e-09
-2.01132e-09
-1.7543e-09
-1.52864e-09
-1.3307e-09
-1.15726e-09
-1.00545e-09
-8.72695e-10
-7.56731e-10
-6.55536e-10
-5.67319e-10
-4.90494e-10
-4.23659e-10
-3.65574e-10
-3.15144e-10
-2.71406e-10
-2.3351e-10
-2.0071e-10
-1.72348e-10
-1.4785e-10
-1.2671e-10
-1.08486e-10
-9.27933e-11
-7.92929e-11
-6.76904e-11
-5.77293e-11
-4.9186e-11
-4.18661e-11
-3.56008e-11
-3.02435e-11
-2.56673e-11
-2.17623e-11
-1.84334e-11
-1.55985e-11
-1.31866e-11
-1.11368e-11
-9.39649e-12
-7.92036e-12
-6.66962e-12
-5.6109e-12
-4.71563e-12
-3.95934e-12
-3.3211e-12
-2.78303e-12
-2.32985e-12
-1.94857e-12
-1.62809e-12
-1.35899e-12
-1.13326e-12
-9.44107e-13
-7.85756e-13
-6.53325e-13
-5.42685e-13
-4.50341e-13
-4.10068e-06
-4.36089e-06
-4.63309e-06
-4.91747e-06
-5.21421e-06
-5.52346e-06
-5.84534e-06
-6.17995e-06
-6.52732e-06
-6.8875e-06
-7.26045e-06
-7.64613e-06
-8.04444e-06
-8.45524e-06
-8.87834e-06
-9.31351e-06
-9.76047e-06
-1.02189e-05
-1.06884e-05
-1.11686e-05
-1.1659e-05
-1.2159e-05
-1.2668e-05
-1.31856e-05
-1.37108e-05
-1.42431e-05
-1.47816e-05
-1.53254e-05
-1.58738e-05
-1.64257e-05
-1.69803e-05
-1.75364e-05
-1.80931e-05
-1.86492e-05
-1.92036e-05
-1.97552e-05
-2.03029e-05
-2.08453e-05
-2.13814e-05
-2.19098e-05
-2.24294e-05
-2.29389e-05
-2.3437e-05
-2.39226e-05
-2.43945e-05
-2.48513e-05
-2.5292e-05
-2.57154e-05
-2.61204e-05
-2.65058e-05
-2.68707e-05
-2.7214e-05
-2.75348e-05
-2.78322e-05
-2.81053e-05
-2.83534e-05
-2.85758e-05
-2.87718e-05
-2.89409e-05
-2.90825e-05
-2.91964e-05
-2.9282e-05
-2.93393e-05
-2.93679e-05
-2.93679e-05
-2.93393e-05
-2.9282e-05
-2.91964e-05
-2.90825e-05
-2.89409e-05
-2.87718e-05
-2.85758e-05
-2.83534e-05
-2.81053e-05
-2.78322e-05
-2.75348e-05
-2.7214e-05
-2.68707e-05
-2.65058e-05
-2.61204e-05
-2.57154e-05
-2.5292e-05
-2.48513e-05
-2.43945e-05
-2.39226e-05
-2.3437e-05
-2.29389e-05
-2.24294e-05
-2.19098e-05
-2.13814e-05
-2.08453e-05
-2.03029e-05
-1.97552e-05
-1.92036e-05
-1.86492e-05
-1.80931e-05
-1.75364e-05
-1.69803e-05
-1.64257e-05
-1.58738e-05
-1.53254e-05
-1.47816e-05
-1.42431e-05
-1.37108e-05
-1.31856e-05
-1.2668e-05
-1.2159e-05
-1.1659e-05
-1.11686e-05
-1.06884e-05
-1.02189e-05
-9.76047e-06
-9.31351e-06
-8.87834e-06
-8.45524e-06
-8.04444e-06
-7.64613e-06
-7.26045e-06
-6.8875e-06
-6.52732e-06
-6.17995e-06
-5.84534e-06
-5.52346e-06
-5.21421e-06
-4.91747e-06
-4.63309e-06
-4.36089e-06
-4.10068e-06
-3.85223e-06
-3.61531e-06
-3.38964e-06
-3.17496e-06
-2.97097e-06
-2.77737e-06
-2.59386e-06
-2.4201e-06
-2.25578e-06
-2.10057e-06
-1.95412e-06
-1.81612e-06
-1.68621e-06
-1.56406e-06
-1.44935e-06
-1.34174e-06
-1.2409e-06
-1.14653e-06
-1.0583e-06
-9.75902e-07
-8.99043e-07
-8.27428e-07
-7.60775e-07
-6.98809e-07
-6.41263e-07
-5.87882e-07
-5.38418e-07
-4.92635e-07
-4.50305e-07
-4.1121e-07
-3.75143e-07
-3.41905e-07
-3.11308e-07
-2.83173e-07
-2.57329e-07
-2.33615e-07
-2.1188e-07
-1.91979e-07
-1.73778e-07
-1.57148e-07
-1.41972e-07
-1.28135e-07
-1.15535e-07
-1.04072e-07
-9.36544e-08
-8.41976e-08
-7.56218e-08
-6.78532e-08
-6.08232e-08
-5.44683e-08
-4.87298e-08
-4.35534e-08
-3.88888e-08
-3.46899e-08
-3.09141e-08
-2.75225e-08
-2.4479e-08
-2.17508e-08
-1.93078e-08
-1.71225e-08
-1.51697e-08
-1.34265e-08
-1.1872e-08
-1.04872e-08
-9.25495e-09
-8.15949e-09
-7.18668e-09
-6.32367e-09
-5.55886e-09
-4.88178e-09
-4.28299e-09
-3.75397e-09
-3.28709e-09
-2.87546e-09
-2.51293e-09
-2.19395e-09
-1.9136e-09
-1.66744e-09
-1.45153e-09
-1.26234e-09
-1.09674e-09
-9.51938e-10
-8.25444e-10
-7.1506e-10
-6.18833e-10
-5.35033e-10
-4.62129e-10
-3.98769e-10
-3.4376e-10
-2.96051e-10
-2.54714e-10
-2.18935e-10
-1.87998e-10
-1.61275e-10
-1.38215e-10
-1.18337e-10
-1.01219e-10
-8.64929e-11
-7.38369e-11
-6.29713e-11
-5.36522e-11
-4.56677e-11
-3.88334e-11
-3.29897e-11
-2.7998e-11
-2.37384e-11
-2.01072e-11
-1.70148e-11
-1.4384e-11
-1.21481e-11
-1.02497e-11
-8.63956e-12
-7.27524e-12
-6.12038e-12
-5.14382e-12
-4.31886e-12
-3.62267e-12
-3.03573e-12
-2.54141e-12
-2.1255e-12
-1.77592e-12
-1.48239e-12
-1.23617e-12
-1.02983e-12
-8.57104e-13
-7.12649e-13
-5.91962e-13
-4.91233e-13
-4.46867e-06
-4.75223e-06
-5.04885e-06
-5.35875e-06
-5.68212e-06
-6.01913e-06
-6.36989e-06
-6.73452e-06
-7.11307e-06
-7.50557e-06
-7.91199e-06
-8.33228e-06
-8.76634e-06
-9.214e-06
-9.67506e-06
-1.01493e-05
-1.06364e-05
-1.11359e-05
-1.16476e-05
-1.21709e-05
-1.27052e-05
-1.32501e-05
-1.38049e-05
-1.43688e-05
-1.49412e-05
-1.55212e-05
-1.6108e-05
-1.67007e-05
-1.72983e-05
-1.78997e-05
-1.8504e-05
-1.91101e-05
-1.97167e-05
-2.03227e-05
-2.09269e-05
-2.1528e-05
-2.21248e-05
-2.2716e-05
-2.33001e-05
-2.3876e-05
-2.44422e-05
-2.49974e-05
-2.55402e-05
-2.60694e-05
-2.65836e-05
-2.70814e-05
-2.75617e-05
-2.80231e-05
-2.84644e-05
-2.88844e-05
-2.9282e-05
-2.96561e-05
-3.00057e-05
-3.03298e-05
-3.06274e-05
-3.08978e-05
-3.11401e-05
-3.13537e-05
-3.1538e-05
-3.16923e-05
-3.18164e-05
-3.19097e-05
-3.19721e-05
-3.20034e-05
-3.20034e-05
-3.19721e-05
-3.19097e-05
-3.18164e-05
-3.16923e-05
-3.1538e-05
-3.13537e-05
-3.11401e-05
-3.08978e-05
-3.06274e-05
-3.03298e-05
-3.00057e-05
-2.96561e-05
-2.9282e-05
-2.88844e-05
-2.84644e-05
-2.80231e-05
-2.75617e-05
-2.70814e-05
-2.65836e-05
-2.60694e-05
-2.55402e-05
-2.49974e-05
-2.44422e-05
-2.3876e-05
-2.33001e-05
-2.2716e-05
-2.21248e-05
-2.1528e-05
-2.09269e-05
-2.03227e-05
-1.97167e-05
-1.91101e-05
-1.8504e-05
-1.78997e-05
-1.72983e-05
-1.67007e-05
-1.6108e-05
-1.55212e-05
-1.49412e-05
-1.43688e-05
-1.38049e-05
-1.32501e-05
-1.27052e-05
-1.21709e-05
-1.16476e-05
-1.11359e-05
-1.06364e-05
-1.01493e-05
-9.67506e-06
-9.214e-06
-8.76634e-06
-8.33228e-06
-7.91199e-06
-7.50557e-06
-7.11307e-06
-6.73452e-06
-6.36989e-06
-6.01913e-06
-5.68212e-06
-5.35875e-06
-5.04885e-06
-4.75223e-06
-4.46867e-06
-4.19793e-06
-3.93974e-06
-3.69382e-06
-3.45987e-06
-3.23758e-06
-3.02661e-06
-2.82662e-06
-2.63728e-06
-2.45821e-06
-2.28907e-06
-2.12948e-06
-1.97909e-06
-1.83752e-06
-1.70442e-06
-1.57941e-06
-1.46214e-06
-1.35226e-06
-1.24942e-06
-1.15327e-06
-1.06348e-06
-9.79721e-07
-9.0168e-07
-8.29046e-07
-7.61519e-07
-6.98809e-07
-6.40637e-07
-5.86735e-07
-5.36843e-07
-4.90714e-07
-4.48111e-07
-4.08808e-07
-3.72587e-07
-3.39244e-07
-3.08584e-07
-2.80421e-07
-2.54579e-07
-2.30893e-07
-2.09207e-07
-1.89372e-07
-1.7125e-07
-1.54712e-07
-1.39634e-07
-1.25903e-07
-1.13411e-07
-1.02059e-07
-9.17533e-08
-8.2408e-08
-7.39422e-08
-6.62814e-08
-5.93562e-08
-5.31028e-08
-4.74618e-08
-4.23786e-08
-3.78029e-08
-3.36883e-08
-2.99923e-08
-2.66757e-08
-2.37027e-08
-2.10405e-08
-1.8659e-08
-1.6531e-08
-1.46313e-08
-1.29374e-08
-1.14283e-08
-1.00855e-08
-8.89171e-09
-7.8316e-09
-6.89114e-09
-6.0577e-09
-5.31986e-09
-4.66734e-09
-4.09085e-09
-3.58207e-09
-3.1335e-09
-2.73843e-09
-2.39084e-09
-2.08532e-09
-1.81708e-09
-1.58179e-09
-1.37563e-09
-1.19516e-09
-1.03736e-09
-8.99518e-10
-7.79229e-10
-6.74366e-10
-5.83046e-10
-5.03599e-10
-4.34554e-10
-3.74609e-10
-3.22618e-10
-2.77571e-10
-2.38581e-10
-2.04868e-10
-1.75747e-10
-1.50618e-10
-1.28957e-10
-1.10302e-10
-9.42546e-11
-8.04629e-11
-6.86223e-11
-5.84669e-11
-4.97658e-11
-4.23183e-11
-3.59501e-11
-3.05105e-11
-2.58686e-11
-2.19116e-11
-1.85417e-11
-1.56748e-11
-1.32382e-11
-1.11695e-11
-9.41486e-12
-7.9281e-12
-6.66962e-12
-5.60542e-12
-4.70643e-12
-3.94776e-12
-3.30815e-12
-2.76947e-12
-2.31624e-12
-1.93529e-12
-1.61542e-12
-1.3471e-12
-1.12225e-12
-9.34019e-13
-7.76601e-13
-6.45084e-13
-5.35316e-13
-4.86493e-06
-5.17363e-06
-5.49656e-06
-5.83394e-06
-6.18598e-06
-6.55287e-06
-6.93474e-06
-7.3317e-06
-7.74382e-06
-8.17112e-06
-8.61359e-06
-9.07115e-06
-9.54369e-06
-1.0031e-05
-1.0533e-05
-1.10493e-05
-1.15795e-05
-1.21234e-05
-1.26804e-05
-1.32501e-05
-1.38318e-05
-1.4425e-05
-1.5029e-05
-1.5643e-05
-1.62661e-05
-1.68976e-05
-1.75364e-05
-1.81816e-05
-1.88322e-05
-1.9487e-05
-2.01449e-05
-2.08047e-05
-2.14651e-05
-2.21248e-05
-2.27826e-05
-2.3437e-05
-2.40867e-05
-2.47303e-05
-2.53662e-05
-2.59931e-05
-2.66096e-05
-2.7214e-05
-2.7805e-05
-2.83811e-05
-2.89409e-05
-2.94829e-05
-3.00057e-05
-3.0508e-05
-3.09884e-05
-3.14457e-05
-3.18786e-05
-3.22859e-05
-3.26665e-05
-3.30193e-05
-3.33433e-05
-3.36376e-05
-3.39015e-05
-3.4134e-05
-3.43346e-05
-3.45026e-05
-3.46377e-05
-3.47393e-05
-3.48072e-05
-3.48412e-05
-3.48412e-05
-3.48072e-05
-3.47393e-05
-3.46377e-05
-3.45026e-05
-3.43346e-05
-3.4134e-05
-3.39015e-05
-3.36376e-05
-3.33433e-05
-3.30193e-05
-3.26665e-05
-3.22859e-05
-3.18786e-05
-3.14457e-05
-3.09884e-05
-3.0508e-05
-3.00057e-05
-2.94829e-05
-2.89409e-05
-2.83811e-05
-2.7805e-05
-2.7214e-05
-2.66096e-05
-2.59931e-05
-2.53662e-05
-2.47303e-05
-2.40867e-05
-2.3437e-05
-2.27826e-05
-2.21248e-05
-2.14651e-05
-2.08047e-05
-2.01449e-05
-1.9487e-05
-1.88322e-05
-1.81816e-05
-1.75364e-05
-1.68976e-05
-1.62661e-05
-1.5643e-05
-1.5029e-05
-1.4425e-05
-1.38318e-05
-1.32501e-05
-1.26804e-05
-1.21234e-05
-1.15795e-05
-1.10493e-05
-1.0533e-05
-1.0031e-05
-9.54369e-06
-9.07115e-06
-8.61359e-06
-8.17112e-06
-7.74382e-06
-7.3317e-06
-6.93474e-06
-6.55287e-06
-6.18598e-06
-5.83394e-06
-5.49656e-06
-5.17363e-06
-4.86493e-06
-4.57018e-06
-4.28909e-06
-4.02137e-06
-3.76667e-06
-3.52467e-06
-3.29499e-06
-3.07727e-06
-2.87114e-06
-2.67619e-06
-2.49205e-06
-2.31832e-06
-2.15459e-06
-2.00047e-06
-1.85556e-06
-1.71946e-06
-1.5918e-06
-1.47217e-06
-1.36021e-06
-1.25553e-06
-1.15778e-06
-1.0666e-06
-9.81636e-07
-9.02561e-07
-8.29046e-07
-7.60775e-07
-6.97445e-07
-6.38763e-07
-5.84447e-07
-5.34228e-07
-4.87847e-07
-4.45058e-07
-4.05626e-07
-3.69327e-07
-3.35948e-07
-3.05287e-07
-2.77154e-07
-2.51368e-07
-2.27758e-07
-2.06164e-07
-1.86436e-07
-1.68431e-07
-1.52016e-07
-1.37067e-07
-1.23468e-07
-1.11109e-07
-9.98895e-08
-8.97154e-08
-8.0499e-08
-7.21588e-08
-6.46196e-08
-5.78116e-08
-5.16704e-08
-4.61365e-08
-4.1155e-08
-3.66756e-08
-3.26518e-08
-2.90411e-08
-2.58045e-08
-2.29062e-08
-2.03136e-08
-1.79969e-08
-1.59288e-08
-1.40846e-08
-1.24417e-08
-1.09798e-08
-9.68018e-09
-8.52606e-09
-7.50221e-09
-6.59487e-09
-5.7916e-09
-5.08121e-09
-4.4536e-09
-3.8997e-09
-3.41136e-09
-2.98126e-09
-2.60284e-09
-2.27024e-09
-1.9782e-09
-1.72205e-09
-1.49761e-09
-1.30114e-09
-1.12935e-09
-9.79282e-10
-8.48326e-10
-7.34165e-10
-6.34747e-10
-5.48256e-10
-4.73088e-10
-4.07827e-10
-3.51226e-10
-3.02185e-10
-2.59738e-10
-2.23035e-10
-1.91332e-10
-1.63974e-10
-1.40392e-10
-1.20083e-10
-1.02613e-10
-8.75979e-11
-7.47073e-11
-6.36514e-11
-5.41788e-11
-4.60708e-11
-3.9138e-11
-3.3216e-11
-2.81625e-11
-2.38546e-11
-2.01859e-11
-1.70648e-11
-1.44121e-11
-1.216e-11
-1.02497e-11
-8.63112e-12
-7.26104e-12
-6.10248e-12
-5.12377e-12
-4.29783e-12
-3.6015e-12
-3.01505e-12
-2.52163e-12
-2.1069e-12
-1.75866e-12
-1.46655e-12
-1.22177e-12
-1.01684e-12
-8.45466e-13
-7.02286e-13
-5.82785e-13
-5.29115e-06
-5.6269e-06
-5.97812e-06
-6.34506e-06
-6.72795e-06
-7.12698e-06
-7.54231e-06
-7.97405e-06
-8.42227e-06
-8.88701e-06
-9.36824e-06
-9.86589e-06
-1.03798e-05
-1.09099e-05
-1.14558e-05
-1.20173e-05
-1.2594e-05
-1.31856e-05
-1.37914e-05
-1.4411e-05
-1.50437e-05
-1.56888e-05
-1.63457e-05
-1.70135e-05
-1.76912e-05
-1.8378e-05
-1.90728e-05
-1.97745e-05
-2.04821e-05
-2.11943e-05
-2.19098e-05
-2.26274e-05
-2.33457e-05
-2.40632e-05
-2.47786e-05
-2.54904e-05
-2.6197e-05
-2.68969e-05
-2.75886e-05
-2.82705e-05
-2.89409e-05
-2.95983e-05
-3.0241e-05
-3.08676e-05
-3.14764e-05
-3.20659e-05
-3.26346e-05
-3.31809e-05
-3.37034e-05
-3.42007e-05
-3.46715e-05
-3.51145e-05
-3.55284e-05
-3.59121e-05
-3.62646e-05
-3.65847e-05
-3.68716e-05
-3.71245e-05
-3.73427e-05
-3.75255e-05
-3.76724e-05
-3.77829e-05
-3.78568e-05
-3.78937e-05
-3.78937e-05
-3.78568e-05
-3.77829e-05
-3.76724e-05
-3.75255e-05
-3.73427e-05
-3.71245e-05
-3.68716e-05
-3.65847e-05
-3.62646e-05
-3.59121e-05
-3.55284e-05
-3.51145e-05
-3.46715e-05
-3.42007e-05
-3.37034e-05
-3.31809e-05
-3.26346e-05
-3.20659e-05
-3.14764e-05
-3.08676e-05
-3.0241e-05
-2.95983e-05
-2.89409e-05
-2.82705e-05
-2.75886e-05
-2.68969e-05
-2.6197e-05
-2.54904e-05
-2.47786e-05
-2.40632e-05
-2.33457e-05
-2.26274e-05
-2.19098e-05
-2.11943e-05
-2.04821e-05
-1.97745e-05
-1.90728e-05
-1.8378e-05
-1.76912e-05
-1.70135e-05
-1.63457e-05
-1.56888e-05
-1.50437e-05
-1.4411e-05
-1.37914e-05
-1.31856e-05
-1.2594e-05
-1.20173e-05
-1.14558e-05
-1.09099e-05
-1.03798e-05
-9.86589e-06
-9.36824e-06
-8.88701e-06
-8.42227e-06
-7.97405e-06
-7.54231e-06
-7.12698e-06
-6.72795e-06
-6.34506e-06
-5.97812e-06
-5.6269e-06
-5.29115e-06
-4.97058e-06
-4.66487e-06
-4.37369e-06
-4.09668e-06
-3.83347e-06
-3.58367e-06
-3.34688e-06
-3.12268e-06
-2.91066e-06
-2.71039e-06
-2.52143e-06
-2.34335e-06
-2.17573e-06
-2.01813e-06
-1.87011e-06
-1.73126e-06
-1.60115e-06
-1.47938e-06
-1.36553e-06
-1.25922e-06
-1.16004e-06
-1.06764e-06
-9.81636e-07
-9.0168e-07
-8.27428e-07
-7.5855e-07
-6.94726e-07
-6.35652e-07
-5.81033e-07
-5.30588e-07
-4.84051e-07
-4.41164e-07
-4.01684e-07
-3.65381e-07
-3.32034e-07
-3.01436e-07
-2.7339e-07
-2.47712e-07
-2.24227e-07
-2.0277e-07
-1.83187e-07
-1.65335e-07
-1.49076e-07
-1.34285e-07
-1.20843e-07
-1.08641e-07
-9.75756e-08
-8.75516e-08
-7.84808e-08
-7.02811e-08
-6.28766e-08
-5.61973e-08
-5.01786e-08
-4.47607e-08
-3.98888e-08
-3.55125e-08
-3.15855e-08
-2.80653e-08
-2.49131e-08
-2.20933e-08
-1.95736e-08
-1.73243e-08
-1.53186e-08
-1.35318e-08
-1.19418e-08
-1.05283e-08
-9.27304e-09
-8.15949e-09
-7.17265e-09
-6.29901e-09
-5.52638e-09
-4.84379e-09
-4.24136e-09
-3.71024e-09
-3.24245e-09
-2.83088e-09
-2.46914e-09
-2.15152e-09
-1.87293e-09
-1.62882e-09
-1.41514e-09
-1.2283e-09
-1.06508e-09
-9.2265e-10
-7.98487e-10
-6.90358e-10
-5.9629e-10
-5.14536e-10
-4.43558e-10
-3.81997e-10
-3.2866e-10
-2.82494e-10
-2.42575e-10
-2.08094e-10
-1.78341e-10
-1.52692e-10
-1.30604e-10
-1.11603e-10
-9.52726e-11
-8.12526e-11
-6.9228e-11
-5.89255e-11
-5.01072e-11
-4.25669e-11
-3.61261e-11
-3.06299e-11
-2.59445e-11
-2.19544e-11
-1.85598e-11
-1.56748e-11
-1.32253e-11
-1.11477e-11
-9.38731e-12
-7.89719e-12
-6.63713e-12
-5.57267e-12
-4.67437e-12
-3.91704e-12
-3.27921e-12
-2.74256e-12
-2.29149e-12
-1.91274e-12
-1.59504e-12
-1.32881e-12
-1.10593e-12
-9.19539e-13
-7.63815e-13
-6.33843e-13
-5.7491e-06
-6.11392e-06
-6.49553e-06
-6.89423e-06
-7.31026e-06
-7.74382e-06
-8.1951e-06
-8.6642e-06
-9.15122e-06
-9.65618e-06
-1.01791e-05
-1.07198e-05
-1.12782e-05
-1.18541e-05
-1.24473e-05
-1.30574e-05
-1.36841e-05
-1.43268e-05
-1.4985e-05
-1.56582e-05
-1.63457e-05
-1.70467e-05
-1.77604e-05
-1.8486e-05
-1.92224e-05
-1.99686e-05
-2.07235e-05
-2.1486e-05
-2.22548e-05
-2.30287e-05
-2.38061e-05
-2.45858e-05
-2.53662e-05
-2.61459e-05
-2.69232e-05
-2.76966e-05
-2.84644e-05
-2.92249e-05
-2.99764e-05
-3.07173e-05
-3.14457e-05
-3.216e-05
-3.28584e-05
-3.35392e-05
-3.42007e-05
-3.48412e-05
-3.54591e-05
-3.60527e-05
-3.66204e-05
-3.71608e-05
-3.76724e-05
-3.81537e-05
-3.86034e-05
-3.90203e-05
-3.94033e-05
-3.97511e-05
-4.00629e-05
-4.03377e-05
-4.05747e-05
-4.07733e-05
-4.09329e-05
-4.1053e-05
-4.11333e-05
-4.11735e-05
-4.11735e-05
-4.11333e-05
-4.1053e-05
-4.09329e-05
-4.07733e-05
-4.05747e-05
-4.03377e-05
-4.00629e-05
-3.97511e-05
-3.94033e-05
-3.90203e-05
-3.86034e-05
-3.81537e-05
-3.76724e-05
-3.71608e-05
-3.66204e-05
-3.60527e-05
-3.54591e-05
-3.48412e-05
-3.42007e-05
-3.35392e-05
-3.28584e-05
-3.216e-05
-3.14457e-05
-3.07173e-05
-2.99764e-05
-2.92249e-05
-2.84644e-05
-2.76966e-05
-2.69232e-05
-2.61459e-05
-2.53662e-05
-2.45858e-05
-2.38061e-05
-2.30287e-05
-2.22548e-05
-2.1486e-05
-2.07235e-05
-1.99686e-05
-1.92224e-05
-1.8486e-05
-1.77604e-05
-1.70467e-05
-1.63457e-05
-1.56582e-05
-1.4985e-05
-1.43268e-05
-1.36841e-05
-1.30574e-05
-1.24473e-05
-1.18541e-05
-1.12782e-05
-1.07198e-05
-1.01791e-05
-9.65618e-06
-9.15122e-06
-8.6642e-06
-8.1951e-06
-7.74382e-06
-7.31026e-06
-6.89423e-06
-6.49553e-06
-6.11392e-06
-5.7491e-06
-5.40078e-06
-5.06861e-06
-4.75223e-06
-4.45125e-06
-4.16526e-06
-3.89384e-06
-3.63655e-06
-3.39295e-06
-3.16258e-06
-2.94497e-06
-2.73966e-06
-2.54617e-06
-2.36404e-06
-2.19279e-06
-2.03197e-06
-1.8811e-06
-1.73973e-06
-1.60742e-06
-1.48372e-06
-1.3682e-06
-1.26045e-06
-1.16004e-06
-1.0666e-06
-9.79721e-07
-8.99043e-07
-8.24203e-07
-7.54855e-07
-6.90668e-07
-6.31321e-07
-5.76511e-07
-5.25946e-07
-4.79347e-07
-4.3645e-07
-3.97005e-07
-3.60771e-07
-3.27525e-07
-2.97052e-07
-2.69152e-07
-2.43634e-07
-2.2032e-07
-1.99042e-07
-1.79644e-07
-1.61978e-07
-1.45907e-07
-1.31302e-07
-1.18044e-07
-1.06021e-07
-9.51293e-08
-8.52733e-08
-7.63639e-08
-6.83186e-08
-6.10612e-08
-5.45216e-08
-4.86347e-08
-4.33412e-08
-3.85861e-08
-3.43192e-08
-3.04943e-08
-2.70693e-08
-2.40055e-08
-2.12677e-08
-1.88238e-08
-1.66444e-08
-1.4703e-08
-1.29753e-08
-1.14395e-08
-1.00756e-08
-8.8657e-09
-7.79345e-09
-6.84419e-09
-6.00469e-09
-5.26302e-09
-4.60846e-09
-4.03136e-09
-3.52309e-09
-3.0759e-09
-2.68284e-09
-2.33773e-09
-2.03503e-09
-1.76979e-09
-1.53762e-09
-1.3346e-09
-1.15726e-09
-1.00251e-09
-8.67596e-10
-7.50109e-10
-6.47899e-10
-5.59069e-10
-4.81948e-10
-4.15059e-10
-3.57105e-10
-3.06944e-10
-2.6357e-10
-2.26105e-10
-1.93776e-10
-1.65907e-10
-1.41908e-10
-1.21262e-10
-1.03518e-10
-8.8285e-11
-7.52198e-11
-6.40255e-11
-5.44439e-11
-4.62511e-11
-3.92528e-11
-3.32809e-11
-2.819e-11
-2.38546e-11
-2.01662e-11
-1.70315e-11
-1.437e-11
-1.21125e-11
-1.01998e-11
-8.5807e-12
-7.21157e-12
-6.05499e-12
-5.07893e-12
-4.25606e-12
-3.56302e-12
-2.97993e-12
-2.48982e-12
-2.07829e-12
-1.73309e-12
-1.44381e-12
-1.20165e-12
-9.99125e-13
-8.29923e-13
-6.88703e-13
-6.24059e-06
-6.63659e-06
-7.05083e-06
-7.48361e-06
-7.93521e-06
-8.40584e-06
-8.89569e-06
-9.40491e-06
-9.93356e-06
-1.04817e-05
-1.10493e-05
-1.16362e-05
-1.22424e-05
-1.28675e-05
-1.35114e-05
-1.41737e-05
-1.48539e-05
-1.55516e-05
-1.62661e-05
-1.69969e-05
-1.77431e-05
-1.8504e-05
-1.92788e-05
-2.00663e-05
-2.08657e-05
-2.16757e-05
-2.24952e-05
-2.33229e-05
-2.41574e-05
-2.49974e-05
-2.58413e-05
-2.66876e-05
-2.75348e-05
-2.83811e-05
-2.92249e-05
-3.00644e-05
-3.08978e-05
-3.17233e-05
-3.25391e-05
-3.33433e-05
-3.4134e-05
-3.49094e-05
-3.56675e-05
-3.64065e-05
-3.71245e-05
-3.78198e-05
-3.84905e-05
-3.91348e-05
-3.97511e-05
-4.03377e-05
-4.0893e-05
-4.14154e-05
-4.19036e-05
-4.23562e-05
-4.27718e-05
-4.31494e-05
-4.34878e-05
-4.37861e-05
-4.40435e-05
-4.4259e-05
-4.44323e-05
-4.45626e-05
-4.46497e-05
-4.46934e-05
-4.46934e-05
-4.46497e-05
-4.45626e-05
-4.44323e-05
-4.4259e-05
-4.40435e-05
-4.37861e-05
-4.34878e-05
-4.31494e-05
-4.27718e-05
-4.23562e-05
-4.19036e-05
-4.14154e-05
-4.0893e-05
-4.03377e-05
-3.97511e-05
-3.91348e-05
-3.84905e-05
-3.78198e-05
-3.71245e-05
-3.64065e-05
-3.56675e-05
-3.49094e-05
-3.4134e-05
-3.33433e-05
-3.25391e-05
-3.17233e-05
-3.08978e-05
-3.00644e-05
-2.92249e-05
-2.83811e-05
-2.75348e-05
-2.66876e-05
-2.58413e-05
-2.49974e-05
-2.41574e-05
-2.33229e-05
-2.24952e-05
-2.16757e-05
-2.08657e-05
-2.00663e-05
-1.92788e-05
-1.8504e-05
-1.77431e-05
-1.69969e-05
-1.62661e-05
-1.55516e-05
-1.48539e-05
-1.41737e-05
-1.35114e-05
-1.28675e-05
-1.22424e-05
-1.16362e-05
-1.10493e-05
-1.04817e-05
-9.93356e-06
-9.40491e-06
-8.89569e-06
-8.40584e-06
-7.93521e-06
-7.48361e-06
-7.05083e-06
-6.63659e-06
-6.24059e-06
-5.86249e-06
-5.50193e-06
-5.1585e-06
-4.83178e-06
-4.52135e-06
-4.22672e-06
-3.94744e-06
-3.68301e-06
-3.43295e-06
-3.19673e-06
-2.97387e-06
-2.76384e-06
-2.56614e-06
-2.38026e-06
-2.20568e-06
-2.04191e-06
-1.88846e-06
-1.74484e-06
-1.61056e-06
-1.48517e-06
-1.3682e-06
-1.25922e-06
-1.15778e-06
-1.06348e-06
-9.75902e-07
-8.94663e-07
-8.19387e-07
-7.49713e-07
-6.85293e-07
-6.25797e-07
-5.70908e-07
-5.20326e-07
-4.73762e-07
-4.30944e-07
-3.91614e-07
-3.55525e-07
-3.22447e-07
-2.92162e-07
-2.64462e-07
-2.39155e-07
-2.16058e-07
-1.95002e-07
-1.75826e-07
-1.58381e-07
-1.42527e-07
-1.28135e-07
-1.15084e-07
-1.03262e-07
-9.25633e-08
-8.28922e-08
-7.41591e-08
-6.62814e-08
-5.91826e-08
-5.27925e-08
-4.70464e-08
-4.18849e-08
-3.72532e-08
-3.31013e-08
-2.93835e-08
-2.60577e-08
-2.30859e-08
-2.0433e-08
-1.80673e-08
-1.59599e-08
-1.40846e-08
-1.24175e-08
-1.0937e-08
-9.62363e-09
-8.45971e-09
-7.4293e-09
-6.51803e-09
-5.71296e-09
-5.00243e-09
-4.376e-09
-3.82428e-09
-3.33885e-09
-2.9122e-09
-2.53759e-09
-2.209e-09
-1.92109e-09
-1.66907e-09
-1.4487e-09
-1.2562e-09
-1.08821e-09
-9.41767e-10
-8.14236e-10
-7.03287e-10
-6.06864e-10
-5.23149e-10
-4.50543e-10
-3.87634e-10
-3.33184e-10
-2.86103e-10
-2.45435e-10
-2.10342e-10
-1.80091e-10
-1.5404e-10
-1.31629e-10
-1.12368e-10
-9.58324e-11
-8.16503e-11
-6.9499e-11
-5.90983e-11
-5.02051e-11
-4.26085e-11
-3.61261e-11
-3.06e-11
-2.58939e-11
-2.18902e-11
-1.84875e-11
-1.55985e-11
-1.3148e-11
-1.10718e-11
-9.31426e-12
-7.82809e-12
-6.57263e-12
-5.51313e-12
-4.61991e-12
-3.86762e-12
-3.23468e-12
-2.70267e-12
-2.25597e-12
-1.88125e-12
-1.56725e-12
-1.30438e-12
-1.08454e-12
-9.00873e-13
-7.4758e-13
-6.76749e-06
-7.19692e-06
-7.64613e-06
-8.11546e-06
-8.60518e-06
-9.11555e-06
-9.64676e-06
-1.0199e-05
-1.07723e-05
-1.13667e-05
-1.19822e-05
-1.26187e-05
-1.3276e-05
-1.3954e-05
-1.46522e-05
-1.53704e-05
-1.6108e-05
-1.68646e-05
-1.76394e-05
-1.84319e-05
-1.92412e-05
-2.00663e-05
-2.09065e-05
-2.17605e-05
-2.26274e-05
-2.35058e-05
-2.43945e-05
-2.5292e-05
-2.6197e-05
-2.71079e-05
-2.80231e-05
-2.89409e-05
-2.98596e-05
-3.07773e-05
-3.16923e-05
-3.26027e-05
-3.35065e-05
-3.44017e-05
-3.52864e-05
-3.61585e-05
-3.70159e-05
-3.78568e-05
-3.86789e-05
-3.94803e-05
-4.0259e-05
-4.10129e-05
-4.17402e-05
-4.2439e-05
-4.31073e-05
-4.37434e-05
-4.43456e-05
-4.49121e-05
-4.54415e-05
-4.59323e-05
-4.63831e-05
-4.67925e-05
-4.71595e-05
-4.7483e-05
-4.77621e-05
-4.79958e-05
-4.81837e-05
-4.83251e-05
-4.84195e-05
-4.84668e-05
-4.84668e-05
-4.84195e-05
-4.83251e-05
-4.81837e-05
-4.79958e-05
-4.77621e-05
-4.7483e-05
-4.71595e-05
-4.67925e-05
-4.63831e-05
-4.59323e-05
-4.54415e-05
-4.49121e-05
-4.43456e-05
-4.37434e-05
-4.31073e-05
-4.2439e-05
-4.17402e-05
-4.10129e-05
-4.0259e-05
-3.94803e-05
-3.86789e-05
-3.78568e-05
-3.70159e-05
-3.61585e-05
-3.52864e-05
-3.44017e-05
-3.35065e-05
-3.26027e-05
-3.16923e-05
-3.07773e-05
-2.98596e-05
-2.89409e-05
-2.80231e-05
-2.71079e-05
-2.6197e-05
-2.5292e-05
-2.43945e-05
-2.35058e-05
-2.26274e-05
-2.17605e-05
-2.09065e-05
-2.00663e-05
-1.92412e-05
-1.84319e-05
-1.76394e-05
-1.68646e-05
-1.6108e-05
-1.53704e-05
-1.46522e-05
-1.3954e-05
-1.3276e-05
-1.26187e-05
-1.19822e-05
-1.13667e-05
-1.07723e-05
-1.0199e-05
-9.64676e-06
-9.11555e-06
-8.60518e-06
-8.11546e-06
-7.64613e-06
-7.19692e-06
-6.76749e-06
-6.35747e-06
-5.96646e-06
-5.59403e-06
-5.23973e-06
-4.90308e-06
-4.58358e-06
-4.28072e-06
-3.99397e-06
-3.72279e-06
-3.46664e-06
-3.22495e-06
-2.99719e-06
-2.7828e-06
-2.58122e-06
-2.39191e-06
-2.21431e-06
-2.04791e-06
-1.89215e-06
-1.74654e-06
-1.61056e-06
-1.48372e-06
-1.36553e-06
-1.25553e-06
-1.15327e-06
-1.0583e-06
-9.702e-07
-8.88568e-07
-8.13011e-07
-7.43152e-07
-6.78633e-07
-6.1911e-07
-5.64257e-07
-5.13762e-07
-4.67329e-07
-4.24678e-07
-3.85542e-07
-3.49672e-07
-3.16829e-07
-2.86791e-07
-2.59347e-07
-2.343e-07
-2.11466e-07
-1.90671e-07
-1.71753e-07
-1.54561e-07
-1.38954e-07
-1.24801e-07
-1.1198e-07
-1.00378e-07
-8.98908e-08
-8.04204e-08
-7.18775e-08
-6.41794e-08
-5.72498e-08
-5.10186e-08
-4.54212e-08
-4.03984e-08
-3.58961e-08
-3.18643e-08
-2.82578e-08
-2.5035e-08
-2.21582e-08
-1.95927e-08
-1.73074e-08
-1.52737e-08
-1.34659e-08
-1.18604e-08
-1.04362e-08
-9.17396e-09
-8.05656e-09
-7.06835e-09
-6.1953e-09
-5.42479e-09
-4.74547e-09
-4.14716e-09
-3.62075e-09
-3.15808e-09
-2.75183e-09
-2.39551e-09
-2.08329e-09
-1.80999e-09
-1.57101e-09
-1.36226e-09
-1.18009e-09
-1.02128e-09
-8.82982e-10
-7.62666e-10
-6.58101e-10
-5.67319e-10
-4.88582e-10
-4.20362e-10
-3.61315e-10
-3.10259e-10
-2.66157e-10
-2.28101e-10
-1.95296e-10
-1.67045e-10
-1.42742e-10
-1.21855e-10
-1.03924e-10
-8.8544e-11
-7.53668e-11
-6.4088e-11
-5.44439e-11
-4.6206e-11
-3.91762e-11
-3.31836e-11
-2.80801e-11
-2.37384e-11
-2.00484e-11
-1.69154e-11
-1.42581e-11
-1.20066e-11
-1.01007e-11
-8.48902e-12
-7.12756e-12
-5.97861e-12
-5.00997e-12
-4.19417e-12
-3.50778e-12
-2.93086e-12
-2.44644e-12
-2.04009e-12
-1.69957e-12
-1.41451e-12
-1.17611e-12
-9.76934e-13
-8.10698e-13
-7.3317e-06
-7.79694e-06
-8.28361e-06
-8.79206e-06
-9.32261e-06
-9.87553e-06
-1.0451e-05
-1.10493e-05
-1.16704e-05
-1.23143e-05
-1.29811e-05
-1.36707e-05
-1.43828e-05
-1.51173e-05
-1.58738e-05
-1.66518e-05
-1.7451e-05
-1.82706e-05
-1.91101e-05
-1.99686e-05
-2.08453e-05
-2.17393e-05
-2.26495e-05
-2.35748e-05
-2.45139e-05
-2.54655e-05
-2.64283e-05
-2.74007e-05
-2.83811e-05
-2.93679e-05
-3.03594e-05
-3.13537e-05
-3.2349e-05
-3.33433e-05
-3.43346e-05
-3.53209e-05
-3.63e-05
-3.72698e-05
-3.82283e-05
-3.91731e-05
-4.0102e-05
-4.10129e-05
-4.19036e-05
-4.27718e-05
-4.36154e-05
-4.44323e-05
-4.52202e-05
-4.59772e-05
-4.67012e-05
-4.73904e-05
-4.80427e-05
-4.86565e-05
-4.92301e-05
-4.97618e-05
-5.02501e-05
-5.06937e-05
-5.10913e-05
-5.14418e-05
-5.17441e-05
-5.19973e-05
-5.22008e-05
-5.2354e-05
-5.24564e-05
-5.25076e-05
-5.25076e-05
-5.24564e-05
-5.2354e-05
-5.22008e-05
-5.19973e-05
-5.17441e-05
-5.14418e-05
-5.10913e-05
-5.06937e-05
-5.02501e-05
-4.97618e-05
-4.92301e-05
-4.86565e-05
-4.80427e-05
-4.73904e-05
-4.67012e-05
-4.59772e-05
-4.52202e-05
-4.44323e-05
-4.36154e-05
-4.27718e-05
-4.19036e-05
-4.10129e-05
-4.0102e-05
-3.91731e-05
-3.82283e-05
-3.72698e-05
-3.63e-05
-3.53209e-05
-3.43346e-05
-3.33433e-05
-3.2349e-05
-3.13537e-05
-3.03594e-05
-2.93679e-05
-2.83811e-05
-2.74007e-05
-2.64283e-05
-2.54655e-05
-2.45139e-05
-2.35748e-05
-2.26495e-05
-2.17393e-05
-2.08453e-05
-1.99686e-05
-1.91101e-05
-1.82706e-05
-1.7451e-05
-1.66518e-05
-1.58738e-05
-1.51173e-05
-1.43828e-05
-1.36707e-05
-1.29811e-05
-1.23143e-05
-1.16704e-05
-1.10493e-05
-1.0451e-05
-9.87553e-06
-9.32261e-06
-8.79206e-06
-8.28361e-06
-7.79694e-06
-7.3317e-06
-6.8875e-06
-6.46389e-06
-6.06042e-06
-5.67658e-06
-5.31186e-06
-4.96573e-06
-4.63761e-06
-4.32696e-06
-4.03317e-06
-3.75565e-06
-3.49382e-06
-3.24708e-06
-3.01481e-06
-2.79642e-06
-2.59132e-06
-2.39892e-06
-2.21864e-06
-2.04991e-06
-1.89215e-06
-1.74484e-06
-1.60742e-06
-1.47938e-06
-1.36021e-06
-1.24942e-06
-1.14653e-06
-1.05109e-06
-9.6265e-07
-8.80793e-07
-8.0511e-07
-7.35212e-07
-6.70727e-07
-6.113e-07
-5.56595e-07
-5.06291e-07
-4.60084e-07
-4.17686e-07
-3.78824e-07
-3.43243e-07
-3.10701e-07
-2.80969e-07
-2.53834e-07
-2.29096e-07
-2.06568e-07
-1.86072e-07
-1.67447e-07
-1.50539e-07
-1.35206e-07
-1.21316e-07
-1.08747e-07
-9.73852e-08
-8.71252e-08
-7.787e-08
-6.95301e-08
-6.20228e-08
-5.52721e-08
-4.9208e-08
-4.37665e-08
-3.88888e-08
-3.45209e-08
-3.06137e-08
-2.71222e-08
-2.40055e-08
-2.12262e-08
-1.87504e-08
-1.65471e-08
-1.45885e-08
-1.28492e-08
-1.13062e-08
-9.93881e-09
-8.72825e-09
-7.65765e-09
-6.71182e-09
-5.87706e-09
-5.1411e-09
-4.49292e-09
-3.92262e-09
-3.42137e-09
-2.98126e-09
-2.59523e-09
-2.25698e-09
-1.96089e-09
-1.70199e-09
-1.47583e-09
-1.27847e-09
-1.10643e-09
-9.56597e-10
-8.26251e-10
-7.12969e-10
-6.14617e-10
-5.29316e-10
-4.55409e-10
-3.91438e-10
-3.36125e-10
-2.88347e-10
-2.47118e-10
-2.11578e-10
-1.80972e-10
-1.54643e-10
-1.32015e-10
-1.12588e-10
-9.59261e-11
-8.16503e-11
-6.94312e-11
-5.8983e-11
-5.00582e-11
-4.24424e-11
-3.59501e-11
-3.04212e-11
-2.57175e-11
-2.17198e-11
-1.83257e-11
-1.54469e-11
-1.30076e-11
-1.09428e-11
-9.19676e-12
-7.72179e-12
-6.47705e-12
-5.42766e-12
-4.54384e-12
-3.80023e-12
-3.17521e-12
-2.6504e-12
-2.21017e-12
-1.84127e-12
-1.53244e-12
-1.27416e-12
-1.05838e-12
-8.78287e-13
-7.93521e-06
-8.43874e-06
-8.96546e-06
-9.51577e-06
-1.009e-05
-1.06884e-05
-1.13113e-05
-1.19588e-05
-1.2631e-05
-1.3328e-05
-1.40497e-05
-1.4796e-05
-1.55668e-05
-1.63617e-05
-1.71804e-05
-1.80225e-05
-1.88874e-05
-1.97745e-05
-2.06831e-05
-2.16123e-05
-2.25612e-05
-2.35288e-05
-2.45139e-05
-2.55153e-05
-2.65317e-05
-2.75617e-05
-2.86037e-05
-2.96561e-05
-3.07173e-05
-3.17853e-05
-3.28584e-05
-3.39346e-05
-3.50118e-05
-3.60879e-05
-3.71608e-05
-3.82283e-05
-3.9288e-05
-4.03377e-05
-4.1375e-05
-4.23976e-05
-4.3403e-05
-4.43889e-05
-4.53529e-05
-4.62926e-05
-4.72056e-05
-4.80897e-05
-4.89425e-05
-4.97618e-05
-5.05454e-05
-5.12913e-05
-5.19973e-05
-5.26617e-05
-5.32824e-05
-5.38579e-05
-5.43864e-05
-5.48665e-05
-5.52968e-05
-5.56761e-05
-5.60033e-05
-5.62774e-05
-5.64977e-05
-5.66635e-05
-5.67743e-05
-5.68297e-05
-5.68297e-05
-5.67743e-05
-5.66635e-05
-5.64977e-05
-5.62774e-05
-5.60033e-05
-5.56761e-05
-5.52968e-05
-5.48665e-05
-5.43864e-05
-5.38579e-05
-5.32824e-05
-5.26617e-05
-5.19973e-05
-5.12913e-05
-5.05454e-05
-4.97618e-05
-4.89425e-05
-4.80897e-05
-4.72056e-05
-4.62926e-05
-4.53529e-05
-4.43889e-05
-4.3403e-05
-4.23976e-05
-4.1375e-05
-4.03377e-05
-3.9288e-05
-3.82283e-05
-3.71608e-05
-3.60879e-05
-3.50118e-05
-3.39346e-05
-3.28584e-05
-3.17853e-05
-3.07173e-05
-2.96561e-05
-2.86037e-05
-2.75617e-05
-2.65317e-05
-2.55153e-05
-2.45139e-05
-2.35288e-05
-2.25612e-05
-2.16123e-05
-2.06831e-05
-1.97745e-05
-1.88874e-05
-1.80225e-05
-1.71804e-05
-1.63617e-05
-1.55668e-05
-1.4796e-05
-1.40497e-05
-1.3328e-05
-1.2631e-05
-1.19588e-05
-1.13113e-05
-1.06884e-05
-1.009e-05
-9.51577e-06
-8.96546e-06
-8.43874e-06
-7.93521e-06
-7.45444e-06
-6.99596e-06
-6.55927e-06
-6.14384e-06
-5.7491e-06
-5.37448e-06
-5.01936e-06
-4.68313e-06
-4.36515e-06
-4.0648e-06
-3.78142e-06
-3.51436e-06
-3.26297e-06
-3.02661e-06
-2.80463e-06
-2.59639e-06
-2.40127e-06
-2.21864e-06
-2.04791e-06
-1.88846e-06
-1.73973e-06
-1.60115e-06
-1.47217e-06
-1.35226e-06
-1.2409e-06
-1.13761e-06
-1.04189e-06
-9.53295e-07
-8.71382e-07
-7.9573e-07
-7.25937e-07
-6.61619e-07
-6.02411e-07
-5.47966e-07
-4.97955e-07
-4.52067e-07
-4.10007e-07
-3.71497e-07
-3.36276e-07
-3.04097e-07
-2.74729e-07
-2.47954e-07
-2.23571e-07
-2.01389e-07
-1.8123e-07
-1.6293e-07
-1.46335e-07
-1.31302e-07
-1.17699e-07
-1.05401e-07
-9.42968e-08
-8.42799e-08
-7.52534e-08
-6.71282e-08
-5.98218e-08
-5.32586e-08
-4.73691e-08
-4.20899e-08
-3.73625e-08
-3.31336e-08
-2.93548e-08
-2.59815e-08
-2.29734e-08
-2.02938e-08
-1.79092e-08
-1.57894e-08
-1.39069e-08
-1.22369e-08
-1.07569e-08
-9.44671e-09
-8.28799e-09
-7.26429e-09
-6.36083e-09
-5.56429e-09
-4.86275e-09
-4.24551e-09
-3.703e-09
-3.22666e-09
-2.80885e-09
-2.44276e-09
-2.1223e-09
-1.84209e-09
-1.59731e-09
-1.38371e-09
-1.1975e-09
-1.03534e-09
-8.94263e-10
-7.71656e-10
-6.65209e-10
-5.72886e-10
-4.92895e-10
-4.23659e-10
-3.63793e-10
-3.12082e-10
-2.6746e-10
-2.28994e-10
-1.95869e-10
-1.67372e-10
-1.42881e-10
-1.21855e-10
-1.03822e-10
-8.83712e-11
-7.51463e-11
-6.38382e-11
-5.41788e-11
-4.5936e-11
-3.89093e-11
-3.29253e-11
-2.78344e-11
-2.35077e-11
-1.98342e-11
-1.67184e-11
-1.40783e-11
-1.18435e-11
-9.95379e-12
-8.35741e-12
-7.01021e-12
-5.87443e-12
-4.91787e-12
-4.11305e-12
-3.43658e-12
-2.86857e-12
-2.3921e-12
-1.99283e-12
-1.65858e-12
-1.37904e-12
-1.1455e-12
-9.50583e-13
-8.58001e-06
-9.12445e-06
-9.69398e-06
-1.0289e-05
-1.09099e-05
-1.15569e-05
-1.22304e-05
-1.29305e-05
-1.36574e-05
-1.4411e-05
-1.51913e-05
-1.59983e-05
-1.68317e-05
-1.76912e-05
-1.85765e-05
-1.9487e-05
-2.04222e-05
-2.13814e-05
-2.23638e-05
-2.33685e-05
-2.43945e-05
-2.54407e-05
-2.65058e-05
-2.75886e-05
-2.86876e-05
-2.98013e-05
-3.0928e-05
-3.20659e-05
-3.32133e-05
-3.43681e-05
-3.55284e-05
-3.6692e-05
-3.78568e-05
-3.90203e-05
-4.01804e-05
-4.13346e-05
-4.24804e-05
-4.36154e-05
-4.4737e-05
-4.58427e-05
-4.69298e-05
-4.79958e-05
-4.90382e-05
-5.00542e-05
-5.10414e-05
-5.19973e-05
-5.29194e-05
-5.38053e-05
-5.46526e-05
-5.54591e-05
-5.62225e-05
-5.69408e-05
-5.7612e-05
-5.82342e-05
-5.88057e-05
-5.93249e-05
-5.97901e-05
-6.02003e-05
-6.0554e-05
-6.08504e-05
-6.10886e-05
-6.12678e-05
-6.13876e-05
-6.14476e-05
-6.14476e-05
-6.13876e-05
-6.12678e-05
-6.10886e-05
-6.08504e-05
-6.0554e-05
-6.02003e-05
-5.97901e-05
-5.93249e-05
-5.88057e-05
-5.82342e-05
-5.7612e-05
-5.69408e-05
-5.62225e-05
-5.54591e-05
-5.46526e-05
-5.38053e-05
-5.29194e-05
-5.19973e-05
-5.10414e-05
-5.00542e-05
-4.90382e-05
-4.79958e-05
-4.69298e-05
-4.58427e-05
-4.4737e-05
-4.36154e-05
-4.24804e-05
-4.13346e-05
-4.01804e-05
-3.90203e-05
-3.78568e-05
-3.6692e-05
-3.55284e-05
-3.43681e-05
-3.32133e-05
-3.20659e-05
-3.0928e-05
-2.98013e-05
-2.86876e-05
-2.75886e-05
-2.65058e-05
-2.54407e-05
-2.43945e-05
-2.33685e-05
-2.23638e-05
-2.13814e-05
-2.04222e-05
-1.9487e-05
-1.85765e-05
-1.76912e-05
-1.68317e-05
-1.59983e-05
-1.51913e-05
-1.4411e-05
-1.36574e-05
-1.29305e-05
-1.22304e-05
-1.15569e-05
-1.09099e-05
-1.0289e-05
-9.69398e-06
-9.12445e-06
-8.58001e-06
-8.06017e-06
-7.56444e-06
-7.09227e-06
-6.64308e-06
-6.21626e-06
-5.81119e-06
-5.42722e-06
-5.06367e-06
-4.71986e-06
-4.3951e-06
-4.08869e-06
-3.79993e-06
-3.52811e-06
-3.27254e-06
-3.03252e-06
-2.80737e-06
-2.59639e-06
-2.39892e-06
-2.21431e-06
-2.04191e-06
-1.8811e-06
-1.73126e-06
-1.5918e-06
-1.46214e-06
-1.34174e-06
-1.23005e-06
-1.12655e-06
-1.03076e-06
-9.42189e-07
-8.60389e-07
-7.84925e-07
-7.15381e-07
-6.51362e-07
-5.92493e-07
-5.38418e-07
-4.88801e-07
-4.43323e-07
-4.01684e-07
-3.63601e-07
-3.28807e-07
-2.97052e-07
-2.68103e-07
-2.41738e-07
-2.17753e-07
-1.95957e-07
-1.7617e-07
-1.58226e-07
-1.41972e-07
-1.27263e-07
-1.13966e-07
-1.01959e-07
-9.11283e-08
-8.13684e-08
-7.25829e-08
-6.46827e-08
-5.75862e-08
-5.12183e-08
-4.551e-08
-4.03984e-08
-3.5826e-08
-3.17401e-08
-2.80927e-08
-2.48402e-08
-2.19428e-08
-1.93645e-08
-1.70724e-08
-1.50369e-08
-1.32312e-08
-1.1631e-08
-1.02143e-08
-8.96145e-09
-7.85457e-09
-6.87769e-09
-6.01643e-09
-5.25789e-09
-4.59049e-09
-4.0039e-09
-3.48885e-09
-3.03709e-09
-2.64125e-09
-2.29476e-09
-1.99177e-09
-1.72711e-09
-1.49615e-09
-1.29481e-09
-1.11947e-09
-9.66929e-10
-8.34359e-10
-7.19262e-10
-6.19438e-10
-5.32947e-10
-4.58085e-10
-3.93354e-10
-3.37441e-10
-2.89193e-10
-2.47601e-10
-2.11785e-10
-1.80972e-10
-1.54492e-10
-1.31757e-10
-1.12259e-10
-9.55521e-11
-8.12526e-11
-6.90255e-11
-5.85812e-11
-4.96687e-11
-4.2071e-11
-3.56008e-11
-3.00962e-11
-2.54179e-11
-2.14458e-11
-1.80769e-11
-1.52222e-11
-1.28059e-11
-1.07626e-11
-9.03651e-12
-7.57984e-12
-6.35177e-12
-5.31748e-12
-4.44726e-12
-3.71583e-12
-3.10166e-12
-2.58648e-12
-2.15476e-12
-1.79335e-12
-1.4911e-12
-1.23858e-12
-1.02783e-12
-9.26814e-06
-9.85626e-06
-1.04715e-05
-1.11142e-05
-1.17849e-05
-1.24838e-05
-1.32113e-05
-1.39676e-05
-1.47527e-05
-1.55668e-05
-1.64097e-05
-1.72814e-05
-1.81816e-05
-1.91101e-05
-2.00663e-05
-2.10499e-05
-2.20601e-05
-2.30962e-05
-2.41574e-05
-2.52427e-05
-2.6351e-05
-2.74811e-05
-2.86316e-05
-2.98013e-05
-3.09884e-05
-3.21914e-05
-3.34085e-05
-3.46377e-05
-3.58771e-05
-3.71245e-05
-3.83779e-05
-3.96348e-05
-4.0893e-05
-4.21499e-05
-4.3403e-05
-4.46497e-05
-4.58875e-05
-4.71135e-05
-4.83251e-05
-4.95194e-05
-5.06937e-05
-5.18452e-05
-5.29711e-05
-5.40687e-05
-5.51351e-05
-5.61676e-05
-5.71637e-05
-5.81206e-05
-5.90359e-05
-5.9907e-05
-6.07317e-05
-6.15076e-05
-6.22327e-05
-6.29048e-05
-6.35221e-05
-6.40828e-05
-6.45855e-05
-6.50285e-05
-6.54106e-05
-6.57308e-05
-6.5988e-05
-6.61817e-05
-6.6311e-05
-6.63758e-05
-6.63758e-05
-6.6311e-05
-6.61817e-05
-6.5988e-05
-6.57308e-05
-6.54106e-05
-6.50285e-05
-6.45855e-05
-6.40828e-05
-6.35221e-05
-6.29048e-05
-6.22327e-05
-6.15076e-05
-6.07317e-05
-5.9907e-05
-5.90359e-05
-5.81206e-05
-5.71637e-05
-5.61676e-05
-5.51351e-05
-5.40687e-05
-5.29711e-05
-5.18452e-05
-5.06937e-05
-4.95194e-05
-4.83251e-05
-4.71135e-05
-4.58875e-05
-4.46497e-05
-4.3403e-05
-4.21499e-05
-4.0893e-05
-3.96348e-05
-3.83779e-05
-3.71245e-05
-3.58771e-05
-3.46377e-05
-3.34085e-05
-3.21914e-05
-3.09884e-05
-2.98013e-05
-2.86316e-05
-2.74811e-05
-2.6351e-05
-2.52427e-05
-2.41574e-05
-2.30962e-05
-2.20601e-05
-2.10499e-05
-2.00663e-05
-1.91101e-05
-1.81816e-05
-1.72814e-05
-1.64097e-05
-1.55668e-05
-1.47527e-05
-1.39676e-05
-1.32113e-05
-1.24838e-05
-1.17849e-05
-1.11142e-05
-1.04715e-05
-9.85626e-06
-9.26814e-06
-8.70661e-06
-8.17112e-06
-7.66108e-06
-7.17587e-06
-6.71482e-06
-6.27727e-06
-5.86249e-06
-5.46978e-06
-5.0984e-06
-4.74759e-06
-4.41661e-06
-4.10469e-06
-3.81107e-06
-3.53501e-06
-3.27574e-06
-3.03252e-06
-2.80463e-06
-2.59132e-06
-2.39191e-06
-2.20568e-06
-2.03197e-06
-1.87011e-06
-1.71946e-06
-1.57941e-06
-1.44935e-06
-1.3287e-06
-1.2169e-06
-1.11343e-06
-1.01775e-06
-9.29395e-07
-8.47878e-07
-7.72756e-07
-7.03602e-07
-6.40012e-07
-5.816e-07
-5.28004e-07
-4.78879e-07
-4.339e-07
-3.92763e-07
-3.55178e-07
-3.20877e-07
-2.89605e-07
-2.61126e-07
-2.35217e-07
-2.11673e-07
-1.90299e-07
-1.70916e-07
-1.53358e-07
-1.37469e-07
-1.23106e-07
-1.10137e-07
-9.8437e-08
-8.78943e-08
-7.84042e-08
-6.98705e-08
-6.22048e-08
-5.53261e-08
-4.916e-08
-4.36385e-08
-3.86993e-08
-3.42857e-08
-3.03458e-08
-2.68324e-08
-2.37027e-08
-2.09175e-08
-1.84416e-08
-1.62429e-08
-1.42924e-08
-1.25638e-08
-1.10335e-08
-9.68018e-09
-8.48453e-09
-7.4293e-09
-6.49897e-09
-5.67958e-09
-4.95866e-09
-4.32502e-09
-3.76867e-09
-3.28067e-09
-2.85308e-09
-2.4788e-09
-2.15152e-09
-1.86562e-09
-1.61614e-09
-1.39865e-09
-1.20925e-09
-1.04448e-09
-9.01277e-10
-7.76949e-10
-6.69118e-10
-5.7569e-10
-4.94824e-10
-4.24902e-10
-3.64504e-10
-3.12387e-10
-2.6746e-10
-2.2877e-10
-1.95487e-10
-1.66882e-10
-1.42324e-10
-1.21262e-10
-1.03216e-10
-8.77692e-11
-7.45615e-11
-6.32796e-11
-5.36522e-11
-4.54452e-11
-3.8456e-11
-3.251e-11
-2.74565e-11
-2.31659e-11
-1.95267e-11
-1.64431e-11
-1.3833e-11
-1.16258e-11
-9.76126e-12
-8.18776e-12
-6.8612e-12
-5.74396e-12
-4.80394e-12
-4.01385e-12
-3.35042e-12
-2.79392e-12
-2.32758e-12
-1.93718e-12
-1.61069e-12
-1.33792e-12
-1.11026e-12
-1.00017e-05
-1.06364e-05
-1.13003e-05
-1.19939e-05
-1.27176e-05
-1.34719e-05
-1.4257e-05
-1.50731e-05
-1.59204e-05
-1.67988e-05
-1.77085e-05
-1.86492e-05
-1.96207e-05
-2.06226e-05
-2.16546e-05
-2.2716e-05
-2.38061e-05
-2.49242e-05
-2.60694e-05
-2.72406e-05
-2.84366e-05
-2.96561e-05
-3.08978e-05
-3.216e-05
-3.34411e-05
-3.47393e-05
-3.60527e-05
-3.73792e-05
-3.87167e-05
-4.00629e-05
-4.14154e-05
-4.27718e-05
-4.41296e-05
-4.54859e-05
-4.68382e-05
-4.81837e-05
-4.95194e-05
-5.08424e-05
-5.21499e-05
-5.34387e-05
-5.4706e-05
-5.59487e-05
-5.71637e-05
-5.83481e-05
-5.94989e-05
-6.06132e-05
-6.16881e-05
-6.27208e-05
-6.37085e-05
-6.46486e-05
-6.55385e-05
-6.63758e-05
-6.71582e-05
-6.78836e-05
-6.85497e-05
-6.91549e-05
-6.96973e-05
-7.01753e-05
-7.05877e-05
-7.09332e-05
-7.12109e-05
-7.14198e-05
-7.15594e-05
-7.16293e-05
-7.16293e-05
-7.15594e-05
-7.14198e-05
-7.12109e-05
-7.09332e-05
-7.05877e-05
-7.01753e-05
-6.96973e-05
-6.91549e-05
-6.85497e-05
-6.78836e-05
-6.71582e-05
-6.63758e-05
-6.55385e-05
-6.46486e-05
-6.37085e-05
-6.27208e-05
-6.16881e-05
-6.06132e-05
-5.94989e-05
-5.83481e-05
-5.71637e-05
-5.59487e-05
-5.4706e-05
-5.34387e-05
-5.21499e-05
-5.08424e-05
-4.95194e-05
-4.81837e-05
-4.68382e-05
-4.54859e-05
-4.41296e-05
-4.27718e-05
-4.14154e-05
-4.00629e-05
-3.87167e-05
-3.73792e-05
-3.60527e-05
-3.47393e-05
-3.34411e-05
-3.216e-05
-3.08978e-05
-2.96561e-05
-2.84366e-05
-2.72406e-05
-2.60694e-05
-2.49242e-05
-2.38061e-05
-2.2716e-05
-2.16546e-05
-2.06226e-05
-1.96207e-05
-1.86492e-05
-1.77085e-05
-1.67988e-05
-1.59204e-05
-1.50731e-05
-1.4257e-05
-1.34719e-05
-1.27176e-05
-1.19939e-05
-1.13003e-05
-1.06364e-05
-1.00017e-05
-9.39573e-06
-8.81785e-06
-8.26744e-06
-7.74382e-06
-7.24629e-06
-6.7741e-06
-6.3265e-06
-5.90271e-06
-5.50193e-06
-5.12336e-06
-4.76617e-06
-4.42957e-06
-4.11271e-06
-3.8148e-06
-3.53501e-06
-3.27254e-06
-3.02661e-06
-2.79642e-06
-2.58122e-06
-2.38026e-06
-2.19279e-06
-2.01813e-06
-1.85556e-06
-1.70442e-06
-1.56406e-06
-1.43386e-06
-1.31322e-06
-1.20155e-06
-1.09831e-06
-1.00295e-06
-9.14986e-07
-8.33918e-07
-7.59291e-07
-6.90668e-07
-6.27633e-07
-5.69794e-07
-5.16781e-07
-4.68243e-07
-4.23849e-07
-3.8329e-07
-3.46273e-07
-3.12527e-07
-2.81793e-07
-2.53834e-07
-2.28426e-07
-2.05361e-07
-1.84444e-07
-1.65496e-07
-1.4835e-07
-1.3285e-07
-1.18854e-07
-1.06228e-07
-9.4851e-08
-8.46097e-08
-7.54006e-08
-6.71282e-08
-5.9705e-08
-5.30509e-08
-4.70924e-08
-4.17623e-08
-3.69994e-08
-3.27476e-08
-2.89562e-08
-2.55787e-08
-2.25731e-08
-1.99013e-08
-1.75285e-08
-1.54236e-08
-1.35582e-08
-1.19068e-08
-1.04463e-08
-9.15606e-09
-8.01732e-09
-7.01335e-09
-6.12911e-09
-5.35113e-09
-4.66734e-09
-4.06695e-09
-3.54033e-09
-3.0789e-09
-2.675e-09
-2.32181e-09
-2.01329e-09
-1.74406e-09
-1.50935e-09
-1.30496e-09
-1.12715e-09
-9.72611e-10
-8.38443e-10
-7.22078e-10
-6.21255e-10
-5.33989e-10
-4.58532e-10
-3.93354e-10
-3.37112e-10
-2.88629e-10
-2.46877e-10
-2.10959e-10
-1.80091e-10
-1.53589e-10
-1.3086e-10
-1.11385e-10
-9.4716e-11
-8.04629e-11
-6.8288e-11
-5.78987e-11
-4.90421e-11
-4.14997e-11
-3.50831e-11
-2.96296e-11
-2.49994e-11
-2.10722e-11
-1.77445e-11
-1.49278e-11
-1.2546e-11
-1.05338e-11
-8.83581e-12
-7.40425e-12
-6.19858e-12
-5.18417e-12
-4.33153e-12
-3.6156e-12
-3.01505e-12
-2.5118e-12
-2.09051e-12
-1.73818e-12
-1.44381e-12
-1.19813e-12
-1.07828e-05
-1.1467e-05
-1.21827e-05
-1.29305e-05
-1.37108e-05
-1.4524e-05
-1.53704e-05
-1.62502e-05
-1.71637e-05
-1.81107e-05
-1.90914e-05
-2.01056e-05
-2.11529e-05
-2.22331e-05
-2.33457e-05
-2.44899e-05
-2.56652e-05
-2.68707e-05
-2.81053e-05
-2.93679e-05
-3.06573e-05
-3.19721e-05
-3.33107e-05
-3.46715e-05
-3.60527e-05
-3.74523e-05
-3.88682e-05
-4.02983e-05
-4.17402e-05
-4.31916e-05
-4.46497e-05
-4.61121e-05
-4.75758e-05
-4.90382e-05
-5.04961e-05
-5.19466e-05
-5.33866e-05
-5.4813e-05
-5.62225e-05
-5.7612e-05
-5.89783e-05
-6.0318e-05
-6.16279e-05
-6.29048e-05
-6.41455e-05
-6.53468e-05
-6.65056e-05
-6.76189e-05
-6.86838e-05
-6.96973e-05
-7.06567e-05
-7.15594e-05
-7.24029e-05
-7.31849e-05
-7.39031e-05
-7.45555e-05
-7.51403e-05
-7.56557e-05
-7.61003e-05
-7.64728e-05
-7.67721e-05
-7.69973e-05
-7.71478e-05
-7.72232e-05
-7.72232e-05
-7.71478e-05
-7.69973e-05
-7.67721e-05
-7.64728e-05
-7.61003e-05
-7.56557e-05
-7.51403e-05
-7.45555e-05
-7.39031e-05
-7.31849e-05
-7.24029e-05
-7.15594e-05
-7.06567e-05
-6.96973e-05
-6.86838e-05
-6.76189e-05
-6.65056e-05
-6.53468e-05
-6.41455e-05
-6.29048e-05
-6.16279e-05
-6.0318e-05
-5.89783e-05
-5.7612e-05
-5.62225e-05
-5.4813e-05
-5.33866e-05
-5.19466e-05
-5.04961e-05
-4.90382e-05
-4.75758e-05
-4.61121e-05
-4.46497e-05
-4.31916e-05
-4.17402e-05
-4.02983e-05
-3.88682e-05
-3.74523e-05
-3.60527e-05
-3.46715e-05
-3.33107e-05
-3.19721e-05
-3.06573e-05
-2.93679e-05
-2.81053e-05
-2.68707e-05
-2.56652e-05
-2.44899e-05
-2.33457e-05
-2.22331e-05
-2.11529e-05
-2.01056e-05
-1.90914e-05
-1.81107e-05
-1.71637e-05
-1.62502e-05
-1.53704e-05
-1.4524e-05
-1.37108e-05
-1.29305e-05
-1.21827e-05
-1.1467e-05
-1.07828e-05
-1.01295e-05
-9.50648e-06
-8.91309e-06
-8.34857e-06
-7.81218e-06
-7.30312e-06
-6.82057e-06
-6.36368e-06
-5.9316e-06
-5.52346e-06
-5.13839e-06
-4.77549e-06
-4.43389e-06
-4.11271e-06
-3.81107e-06
-3.52811e-06
-3.26297e-06
-3.01481e-06
-2.7828e-06
-2.56614e-06
-2.36404e-06
-2.17573e-06
-2.00047e-06
-1.83752e-06
-1.68621e-06
-1.54584e-06
-1.41577e-06
-1.29539e-06
-1.18408e-06
-1.08128e-06
-9.86441e-07
-8.99043e-07
-8.18588e-07
-7.44605e-07
-6.76648e-07
-6.14292e-07
-5.57139e-07
-5.0481e-07
-4.56949e-07
-4.13223e-07
-3.73316e-07
-3.36933e-07
-3.038e-07
-2.73657e-07
-2.46265e-07
-2.21398e-07
-1.98848e-07
-1.7842e-07
-1.59935e-07
-1.43225e-07
-1.28135e-07
-1.14524e-07
-1.02258e-07
-9.12173e-08
-8.1289e-08
-7.23705e-08
-6.43677e-08
-5.71939e-08
-5.07701e-08
-4.50237e-08
-3.98888e-08
-3.5305e-08
-3.12175e-08
-2.75763e-08
-2.4336e-08
-2.14555e-08
-1.88974e-08
-1.66281e-08
-1.46171e-08
-1.28367e-08
-1.12622e-08
-9.8711e-09
-8.64343e-09
-7.56105e-09
-6.60776e-09
-5.76902e-09
-5.03183e-09
-4.38456e-09
-3.81682e-09
-3.31935e-09
-2.8839e-09
-2.50313e-09
-2.17051e-09
-1.88026e-09
-1.62723e-09
-1.40687e-09
-1.21517e-09
-1.04857e-09
-9.03921e-10
-7.78468e-10
-6.69772e-10
-5.7569e-10
-4.94341e-10
-4.24073e-10
-3.63438e-10
-3.11169e-10
-2.66157e-10
-2.27434e-10
-1.94155e-10
-1.65584e-10
-1.41079e-10
-1.20083e-10
-1.02113e-10
-8.67467e-11
-7.36209e-11
-6.24203e-11
-5.2872e-11
-4.47407e-11
-3.78229e-11
-3.19435e-11
-2.69517e-11
-2.27178e-11
-1.91303e-11
-1.60936e-11
-1.35257e-11
-1.13565e-11
-9.52584e-12
-7.98249e-12
-6.68266e-12
-5.58902e-12
-4.6698e-12
-3.89796e-12
-3.25051e-12
-2.70796e-12
-2.25376e-12
-1.87392e-12
-1.55657e-12
-1.2917e-12
-1.16135e-05
-1.23504e-05
-1.31213e-05
-1.39267e-05
-1.47671e-05
-1.5643e-05
-1.65546e-05
-1.75022e-05
-1.8486e-05
-1.9506e-05
-2.05623e-05
-2.16546e-05
-2.27826e-05
-2.3946e-05
-2.51443e-05
-2.63767e-05
-2.76426e-05
-2.89409e-05
-3.02706e-05
-3.16305e-05
-3.30193e-05
-3.44353e-05
-3.58771e-05
-3.73427e-05
-3.88303e-05
-4.03377e-05
-4.18627e-05
-4.3403e-05
-4.4956e-05
-4.65192e-05
-4.80897e-05
-4.96647e-05
-5.12412e-05
-5.28162e-05
-5.43864e-05
-5.59487e-05
-5.74996e-05
-5.90359e-05
-6.0554e-05
-6.20506e-05
-6.35221e-05
-6.4965e-05
-6.63758e-05
-6.77511e-05
-6.90874e-05
-7.03812e-05
-7.16293e-05
-7.28284e-05
-7.39753e-05
-7.50669e-05
-7.61003e-05
-7.70725e-05
-7.7981e-05
-7.88232e-05
-7.95968e-05
-8.02994e-05
-8.09292e-05
-8.14844e-05
-8.19632e-05
-8.23644e-05
-8.26868e-05
-8.29294e-05
-8.30915e-05
-8.31727e-05
-8.31727e-05
-8.30915e-05
-8.29294e-05
-8.26868e-05
-8.23644e-05
-8.19632e-05
-8.14844e-05
-8.09292e-05
-8.02994e-05
-7.95968e-05
-7.88232e-05
-7.7981e-05
-7.70725e-05
-7.61003e-05
-7.50669e-05
-7.39753e-05
-7.28284e-05
-7.16293e-05
-7.03812e-05
-6.90874e-05
-6.77511e-05
-6.63758e-05
-6.4965e-05
-6.35221e-05
-6.20506e-05
-6.0554e-05
-5.90359e-05
-5.74996e-05
-5.59487e-05
-5.43864e-05
-5.28162e-05
-5.12412e-05
-4.96647e-05
-4.80897e-05
-4.65192e-05
-4.4956e-05
-4.3403e-05
-4.18627e-05
-4.03377e-05
-3.88303e-05
-3.73427e-05
-3.58771e-05
-3.44353e-05
-3.30193e-05
-3.16305e-05
-3.02706e-05
-2.89409e-05
-2.76426e-05
-2.63767e-05
-2.51443e-05
-2.3946e-05
-2.27826e-05
-2.16546e-05
-2.05623e-05
-1.9506e-05
-1.8486e-05
-1.75022e-05
-1.65546e-05
-1.5643e-05
-1.47671e-05
-1.39267e-05
-1.31213e-05
-1.23504e-05
-1.16135e-05
-1.09099e-05
-1.02389e-05
-9.59977e-06
-8.99177e-06
-8.41405e-06
-7.86577e-06
-7.34604e-06
-6.85395e-06
-6.38858e-06
-5.949e-06
-5.53426e-06
-5.14341e-06
-4.77549e-06
-4.42957e-06
-4.10469e-06
-3.79993e-06
-3.51436e-06
-3.24708e-06
-2.99719e-06
-2.76384e-06
-2.54617e-06
-2.34335e-06
-2.15459e-06
-1.97909e-06
-1.81612e-06
-1.66494e-06
-1.52485e-06
-1.39519e-06
-1.2753e-06
-1.16458e-06
-1.06244e-06
-9.68307e-07
-8.81654e-07
-8.01971e-07
-7.28778e-07
-6.61619e-07
-6.00062e-07
-5.43702e-07
-4.92154e-07
-4.45058e-07
-4.02077e-07
-3.62891e-07
-3.27205e-07
-2.94741e-07
-2.65238e-07
-2.38455e-07
-2.14168e-07
-1.92166e-07
-1.72257e-07
-1.54259e-07
-1.38007e-07
-1.23347e-07
-1.10137e-07
-9.82449e-08
-8.75516e-08
-7.79461e-08
-6.93267e-08
-6.16003e-08
-5.46815e-08
-4.84925e-08
-4.29619e-08
-3.8025e-08
-3.36226e-08
-2.97008e-08
-2.62109e-08
-2.31084e-08
-2.03533e-08
-1.79092e-08
-1.57432e-08
-1.38257e-08
-1.21298e-08
-1.06316e-08
-9.30934e-09
-8.14357e-09
-7.11684e-09
-6.21348e-09
-5.41949e-09
-4.72235e-09
-4.11087e-09
-3.57508e-09
-3.10608e-09
-2.69598e-09
-2.33773e-09
-2.02512e-09
-1.75259e-09
-1.51526e-09
-1.30879e-09
-1.12935e-09
-9.73561e-10
-8.38443e-10
-7.21373e-10
-6.20043e-10
-5.32427e-10
-4.56745e-10
-3.91438e-10
-3.35142e-10
-2.86662e-10
-2.44956e-10
-2.09113e-10
-1.78341e-10
-1.51948e-10
-1.29335e-10
-1.0998e-10
-9.34298e-11
-7.92929e-11
-6.72293e-11
-5.69454e-11
-4.81876e-11
-4.07368e-11
-3.44045e-11
-2.90281e-11
-2.4468e-11
-2.06041e-11
-1.73335e-11
-1.45678e-11
-1.22314e-11
-1.02597e-11
-8.59747e-12
-7.1975e-12
-6.01961e-12
-5.02958e-12
-4.19827e-12
-3.50094e-12
-2.91659e-12
-2.4274e-12
-2.01829e-12
-1.67649e-12
-1.39122e-12
-1.2496e-05
-1.3289e-05
-1.41184e-05
-1.4985e-05
-1.58893e-05
-1.68317e-05
-1.78126e-05
-1.88322e-05
-1.98908e-05
-2.09883e-05
-2.21248e-05
-2.33001e-05
-2.45139e-05
-2.57657e-05
-2.7055e-05
-2.83811e-05
-2.97431e-05
-3.11401e-05
-3.25709e-05
-3.40341e-05
-3.55284e-05
-3.70521e-05
-3.86034e-05
-4.01804e-05
-4.1781e-05
-4.3403e-05
-4.50439e-05
-4.67012e-05
-4.83723e-05
-5.00542e-05
-5.17441e-05
-5.34387e-05
-5.51351e-05
-5.68297e-05
-5.85193e-05
-6.02003e-05
-6.18691e-05
-6.35221e-05
-6.51556e-05
-6.67659e-05
-6.83492e-05
-6.99018e-05
-7.14198e-05
-7.28996e-05
-7.43374e-05
-7.57296e-05
-7.70725e-05
-7.83627e-05
-7.95968e-05
-8.07713e-05
-8.18832e-05
-8.29294e-05
-8.39069e-05
-8.48131e-05
-8.56454e-05
-8.64015e-05
-8.70791e-05
-8.76764e-05
-8.81917e-05
-8.86234e-05
-8.89702e-05
-8.92313e-05
-8.94057e-05
-8.94931e-05
-8.94931e-05
-8.94057e-05
-8.92313e-05
-8.89702e-05
-8.86234e-05
-8.81917e-05
-8.76764e-05
-8.70791e-05
-8.64015e-05
-8.56454e-05
-8.48131e-05
-8.39069e-05
-8.29294e-05
-8.18832e-05
-8.07713e-05
-7.95968e-05
-7.83627e-05
-7.70725e-05
-7.57296e-05
-7.43374e-05
-7.28996e-05
-7.14198e-05
-6.99018e-05
-6.83492e-05
-6.67659e-05
-6.51556e-05
-6.35221e-05
-6.18691e-05
-6.02003e-05
-5.85193e-05
-5.68297e-05
-5.51351e-05
-5.34387e-05
-5.17441e-05
-5.00542e-05
-4.83723e-05
-4.67012e-05
-4.50439e-05
-4.3403e-05
-4.1781e-05
-4.01804e-05
-3.86034e-05
-3.70521e-05
-3.55284e-05
-3.40341e-05
-3.25709e-05
-3.11401e-05
-2.97431e-05
-2.83811e-05
-2.7055e-05
-2.57657e-05
-2.45139e-05
-2.33001e-05
-2.21248e-05
-2.09883e-05
-1.98908e-05
-1.88322e-05
-1.78126e-05
-1.68317e-05
-1.58893e-05
-1.4985e-05
-1.41184e-05
-1.3289e-05
-1.2496e-05
-1.17389e-05
-1.10169e-05
-1.03293e-05
-9.67506e-06
-9.05345e-06
-8.4635e-06
-7.90427e-06
-7.37479e-06
-6.87406e-06
-6.40107e-06
-5.95482e-06
-5.53426e-06
-5.13839e-06
-4.76617e-06
-4.41661e-06
-4.08869e-06
-3.78142e-06
-3.49382e-06
-3.22495e-06
-2.97387e-06
-2.73966e-06
-2.52143e-06
-2.31832e-06
-2.12948e-06
-1.95412e-06
-1.79146e-06
-1.64072e-06
-1.50121e-06
-1.37222e-06
-1.25308e-06
-1.14318e-06
-1.04189e-06
-9.48651e-07
-8.62914e-07
-7.84159e-07
-7.11896e-07
-6.45662e-07
-5.85018e-07
-5.29553e-07
-4.78879e-07
-4.32631e-07
-3.90468e-07
-3.5207e-07
-3.17138e-07
-2.85394e-07
-2.56576e-07
-2.30443e-07
-2.06769e-07
-1.85347e-07
-1.65982e-07
-1.48495e-07
-1.3272e-07
-1.18506e-07
-1.05711e-07
-9.42048e-08
-8.38693e-08
-7.45949e-08
-6.62814e-08
-5.88368e-08
-5.21775e-08
-4.62267e-08
-4.09146e-08
-3.61776e-08
-3.19578e-08
-2.82027e-08
-2.48645e-08
-2.19e-08
-1.92701e-08
-1.69395e-08
-1.48763e-08
-1.30516e-08
-1.14395e-08
-1.00168e-08
-8.76241e-09
-7.65765e-09
-6.68565e-09
-5.83133e-09
-5.08121e-09
-4.42326e-09
-3.84675e-09
-3.34212e-09
-2.90085e-09
-2.51538e-09
-2.17901e-09
-1.88577e-09
-1.63041e-09
-1.40825e-09
-1.21517e-09
-1.04754e-09
-9.02157e-10
-7.76191e-10
-6.67161e-10
-5.72886e-10
-4.91453e-10
-4.21184e-10
-3.6061e-10
-3.08446e-10
-2.6357e-10
-2.25004e-10
-1.91893e-10
-1.63495e-10
-1.39163e-10
-1.18337e-10
-1.0053e-10
-8.53184e-11
-7.23381e-11
-6.12728e-11
-5.18494e-11
-4.38325e-11
-3.70189e-11
-3.1234e-11
-2.63274e-11
-2.21699e-11
-1.86507e-11
-1.56748e-11
-1.31609e-11
-1.10394e-11
-9.25081e-12
-7.74445e-12
-6.47705e-12
-5.41178e-12
-4.5173e-12
-3.76698e-12
-3.13822e-12
-2.61186e-12
-2.17166e-12
-1.80389e-12
-1.49694e-12
-1.34325e-05
-1.42849e-05
-1.51765e-05
-1.6108e-05
-1.708e-05
-1.80931e-05
-1.91474e-05
-2.02435e-05
-2.13814e-05
-2.25612e-05
-2.37829e-05
-2.50462e-05
-2.6351e-05
-2.76966e-05
-2.90825e-05
-3.0508e-05
-3.19721e-05
-3.34738e-05
-3.50118e-05
-3.65847e-05
-3.8191e-05
-3.98288e-05
-4.14964e-05
-4.31916e-05
-4.49121e-05
-4.66556e-05
-4.84195e-05
-5.02011e-05
-5.19973e-05
-5.38053e-05
-5.56218e-05
-5.74435e-05
-5.92669e-05
-6.10886e-05
-6.29048e-05
-6.47117e-05
-6.65056e-05
-6.82825e-05
-7.00384e-05
-7.17694e-05
-7.34713e-05
-7.51403e-05
-7.67721e-05
-7.83627e-05
-7.99083e-05
-8.14048e-05
-8.28484e-05
-8.42353e-05
-8.55618e-05
-8.68244e-05
-8.80196e-05
-8.91442e-05
-9.0195e-05
-9.11691e-05
-9.20638e-05
-9.28765e-05
-9.36049e-05
-9.4247e-05
-9.48008e-05
-9.52649e-05
-9.56377e-05
-9.59183e-05
-9.61058e-05
-9.61997e-05
-9.61997e-05
-9.61058e-05
-9.59183e-05
-9.56377e-05
-9.52649e-05
-9.48008e-05
-9.4247e-05
-9.36049e-05
-9.28765e-05
-9.20638e-05
-9.11691e-05
-9.0195e-05
-8.91442e-05
-8.80196e-05
-8.68244e-05
-8.55618e-05
-8.42353e-05
-8.28484e-05
-8.14048e-05
-7.99083e-05
-7.83627e-05
-7.67721e-05
-7.51403e-05
-7.34713e-05
-7.17694e-05
-7.00384e-05
-6.82825e-05
-6.65056e-05
-6.47117e-05
-6.29048e-05
-6.10886e-05
-5.92669e-05
-5.74435e-05
-5.56218e-05
-5.38053e-05
-5.19973e-05
-5.02011e-05
-4.84195e-05
-4.66556e-05
-4.49121e-05
-4.31916e-05
-4.14964e-05
-3.98288e-05
-3.8191e-05
-3.65847e-05
-3.50118e-05
-3.34738e-05
-3.19721e-05
-3.0508e-05
-2.90825e-05
-2.76966e-05
-2.6351e-05
-2.50462e-05
-2.37829e-05
-2.25612e-05
-2.13814e-05
-2.02435e-05
-1.91474e-05
-1.80931e-05
-1.708e-05
-1.6108e-05
-1.51765e-05
-1.42849e-05
-1.34325e-05
-1.26187e-05
-1.18426e-05
-1.11034e-05
-1.04001e-05
-9.73192e-06
-9.09776e-06
-8.49662e-06
-7.92746e-06
-7.38921e-06
-6.88078e-06
-6.40107e-06
-5.949e-06
-5.52346e-06
-5.12336e-06
-4.74759e-06
-4.3951e-06
-4.0648e-06
-3.75565e-06
-3.46664e-06
-3.19673e-06
-2.94497e-06
-2.71039e-06
-2.49205e-06
-2.28907e-06
-2.10057e-06
-1.92571e-06
-1.76368e-06
-1.61371e-06
-1.47505e-06
-1.34699e-06
-1.22885e-06
-1.11997e-06
-1.01974e-06
-9.27581e-07
-8.42924e-07
-7.65246e-07
-6.94048e-07
-6.2886e-07
-5.69238e-07
-5.14766e-07
-4.65053e-07
-4.1973e-07
-3.78455e-07
-3.40905e-07
-3.06781e-07
-2.75804e-07
-2.47712e-07
-2.22265e-07
-1.99237e-07
-1.7842e-07
-1.59623e-07
-1.42667e-07
-1.27387e-07
-1.13633e-07
-1.01265e-07
-9.01546e-08
-8.01851e-08
-7.12485e-08
-6.32461e-08
-5.60877e-08
-4.96909e-08
-4.39808e-08
-3.88888e-08
-3.43527e-08
-3.03162e-08
-2.67278e-08
-2.35412e-08
-2.07143e-08
-1.8209e-08
-1.59911e-08
-1.40297e-08
-1.22968e-08
-1.07674e-08
-9.41907e-09
-8.23152e-09
-7.18668e-09
-6.26833e-09
-5.462e-09
-4.75474e-09
-4.13503e-09
-3.59258e-09
-3.11824e-09
-2.70389e-09
-2.3423e-09
-2.0271e-09
-1.75259e-09
-1.51378e-09
-1.30624e-09
-1.12605e-09
-9.69766e-10
-8.34359e-10
-7.17158e-10
-6.15819e-10
-5.28283e-10
-4.52748e-10
-3.87634e-10
-3.31561e-10
-2.83322e-10
-2.41866e-10
-2.06273e-10
-1.75747e-10
-1.49592e-10
-1.27206e-10
-1.08063e-10
-9.17123e-11
-7.77592e-11
-6.58646e-11
-5.5735e-11
-4.71173e-11
-3.97932e-11
-3.35747e-11
-2.83004e-11
-2.38313e-11
-2.00484e-11
-1.68495e-11
-1.41472e-11
-1.18667e-11
-9.94407e-12
-8.32482e-12
-6.96245e-12
-5.81734e-12
-4.85583e-12
-4.04928e-12
-3.3734e-12
-2.80759e-12
-2.33441e-12
-1.93907e-12
-1.60912e-12
-1.4425e-05
-1.53404e-05
-1.62979e-05
-1.72983e-05
-1.83421e-05
-1.943e-05
-2.05623e-05
-2.17393e-05
-2.29613e-05
-2.42283e-05
-2.55402e-05
-2.68969e-05
-2.82981e-05
-2.97431e-05
-3.12315e-05
-3.27623e-05
-3.43346e-05
-3.59472e-05
-3.75989e-05
-3.9288e-05
-4.10129e-05
-4.27718e-05
-4.45626e-05
-4.63831e-05
-4.82308e-05
-5.01031e-05
-5.19973e-05
-5.39105e-05
-5.58395e-05
-5.77811e-05
-5.97318e-05
-6.16881e-05
-6.36463e-05
-6.56025e-05
-6.75529e-05
-6.94934e-05
-7.14198e-05
-7.3328e-05
-7.52137e-05
-7.70725e-05
-7.89003e-05
-8.06925e-05
-8.24449e-05
-8.41531e-05
-8.58129e-05
-8.742e-05
-8.89702e-05
-9.04596e-05
-9.18841e-05
-9.324e-05
-9.45235e-05
-9.57312e-05
-9.68596e-05
-9.79057e-05
-9.88665e-05
-9.97393e-05
-0.000100522
-0.000101211
-0.000101806
-0.000102304
-0.000102705
-0.000103006
-0.000103207
-0.000103308
-0.000103308
-0.000103207
-0.000103006
-0.000102705
-0.000102304
-0.000101806
-0.000101211
-0.000100522
-9.97393e-05
-9.88665e-05
-9.79057e-05
-9.68596e-05
-9.57312e-05
-9.45235e-05
-9.324e-05
-9.18841e-05
-9.04596e-05
-8.89702e-05
-8.742e-05
-8.58129e-05
-8.41531e-05
-8.24449e-05
-8.06925e-05
-7.89003e-05
-7.70725e-05
-7.52137e-05
-7.3328e-05
-7.14198e-05
-6.94934e-05
-6.75529e-05
-6.56025e-05
-6.36463e-05
-6.16881e-05
-5.97318e-05
-5.77811e-05
-5.58395e-05
-5.39105e-05
-5.19973e-05
-5.01031e-05
-4.82308e-05
-4.63831e-05
-4.45626e-05
-4.27718e-05
-4.10129e-05
-3.9288e-05
-3.75989e-05
-3.59472e-05
-3.43346e-05
-3.27623e-05
-3.12315e-05
-2.97431e-05
-2.82981e-05
-2.68969e-05
-2.55402e-05
-2.42283e-05
-2.29613e-05
-2.17393e-05
-2.05623e-05
-1.943e-05
-1.83421e-05
-1.72983e-05
-1.62979e-05
-1.53404e-05
-1.4425e-05
-1.35511e-05
-1.27176e-05
-1.19238e-05
-1.11686e-05
-1.0451e-05
-9.77001e-06
-9.12445e-06
-8.51324e-06
-7.93521e-06
-7.38921e-06
-6.87406e-06
-6.38858e-06
-5.9316e-06
-5.50193e-06
-5.0984e-06
-4.71986e-06
-4.36515e-06
-4.03317e-06
-3.72279e-06
-3.43295e-06
-3.16258e-06
-2.91066e-06
-2.67619e-06
-2.45821e-06
-2.25578e-06
-2.068e-06
-1.894e-06
-1.73295e-06
-1.58404e-06
-1.44652e-06
-1.31965e-06
-1.20273e-06
-1.09509e-06
-9.96122e-07
-9.05209e-07
-8.21791e-07
-7.45333e-07
-6.75327e-07
-6.113e-07
-5.52803e-07
-4.99416e-07
-4.50745e-07
-4.06419e-07
-3.66095e-07
-3.2945e-07
-2.96183e-07
-2.66016e-07
-2.38688e-07
-2.13959e-07
-1.91604e-07
-1.71418e-07
-1.53208e-07
-1.368e-07
-1.22029e-07
-1.08747e-07
-9.68162e-08
-8.61102e-08
-7.65132e-08
-6.79195e-08
-6.02321e-08
-5.33627e-08
-4.72306e-08
-4.17623e-08
-3.68911e-08
-3.25563e-08
-2.87028e-08
-2.52807e-08
-2.22449e-08
-1.95545e-08
-1.71727e-08
-1.50663e-08
-1.32054e-08
-1.15631e-08
-1.01151e-08
-8.83976e-09
-7.71771e-09
-6.73151e-09
-5.86559e-09
-5.10608e-09
-4.44057e-09
-3.85804e-09
-3.34865e-09
-2.90368e-09
-2.51538e-09
-2.17688e-09
-1.88209e-09
-1.62564e-09
-1.40276e-09
-1.20925e-09
-1.04142e-09
-8.96011e-10
-7.7015e-10
-6.61323e-10
-5.67319e-10
-4.86202e-10
-4.16277e-10
-3.56061e-10
-3.04258e-10
-2.59738e-10
-2.21515e-10
-1.88733e-10
-1.60646e-10
-1.36605e-10
-1.16048e-10
-9.8489e-11
-8.3505e-11
-7.07315e-11
-5.98534e-11
-5.05989e-11
-4.27335e-11
-3.60556e-11
-3.03915e-11
-2.55922e-11
-2.15298e-11
-1.80945e-11
-1.51925e-11
-1.27435e-11
-1.06789e-11
-8.93996e-12
-7.47691e-12
-6.2472e-12
-5.21463e-12
-4.34849e-12
-3.62267e-12
-3.01505e-12
-2.5069e-12
-2.08236e-12
-1.72802e-12
-1.54758e-05
-1.64578e-05
-1.74851e-05
-1.85583e-05
-1.96782e-05
-2.08453e-05
-2.20601e-05
-2.33229e-05
-2.46339e-05
-2.59931e-05
-2.74007e-05
-2.88562e-05
-3.03594e-05
-3.19097e-05
-3.35065e-05
-3.51488e-05
-3.68356e-05
-3.85657e-05
-4.03377e-05
-4.21499e-05
-4.40005e-05
-4.58875e-05
-4.78087e-05
-4.97618e-05
-5.17441e-05
-5.37528e-05
-5.5785e-05
-5.78375e-05
-5.9907e-05
-6.199e-05
-6.40828e-05
-6.61817e-05
-6.82825e-05
-7.03812e-05
-7.24737e-05
-7.45555e-05
-7.66223e-05
-7.86694e-05
-8.06925e-05
-8.26868e-05
-8.46476e-05
-8.65704e-05
-8.84504e-05
-9.02831e-05
-9.20638e-05
-9.37879e-05
-9.54511e-05
-9.7049e-05
-9.85773e-05
-0.000100032
-0.000101409
-0.000102705
-0.000103915
-0.000105037
-0.000106068
-0.000107005
-0.000107844
-0.000108584
-0.000109222
-0.000109756
-0.000110186
-0.000110509
-0.000110725
-0.000110833
-0.000110833
-0.000110725
-0.000110509
-0.000110186
-0.000109756
-0.000109222
-0.000108584
-0.000107844
-0.000107005
-0.000106068
-0.000105037
-0.000103915
-0.000102705
-0.000101409
-0.000100032
-9.85773e-05
-9.7049e-05
-9.54511e-05
-9.37879e-05
-9.20638e-05
-9.02831e-05
-8.84504e-05
-8.65704e-05
-8.46476e-05
-8.26868e-05
-8.06925e-05
-7.86694e-05
-7.66223e-05
-7.45555e-05
-7.24737e-05
-7.03812e-05
-6.82825e-05
-6.61817e-05
-6.40828e-05
-6.199e-05
-5.9907e-05
-5.78375e-05
-5.5785e-05
-5.37528e-05
-5.17441e-05
-4.97618e-05
-4.78087e-05
-4.58875e-05
-4.40005e-05
-4.21499e-05
-4.03377e-05
-3.85657e-05
-3.68356e-05
-3.51488e-05
-3.35065e-05
-3.19097e-05
-3.03594e-05
-2.88562e-05
-2.74007e-05
-2.59931e-05
-2.46339e-05
-2.33229e-05
-2.20601e-05
-2.08453e-05
-1.96782e-05
-1.85583e-05
-1.74851e-05
-1.64578e-05
-1.54758e-05
-1.45382e-05
-1.3644e-05
-1.27924e-05
-1.19822e-05
-1.12123e-05
-1.04817e-05
-9.78911e-06
-9.13337e-06
-8.51324e-06
-7.92746e-06
-7.37479e-06
-6.85395e-06
-6.36368e-06
-5.90271e-06
-5.46978e-06
-5.06367e-06
-4.68313e-06
-4.32696e-06
-3.99397e-06
-3.68301e-06
-3.39295e-06
-3.12268e-06
-2.87114e-06
-2.63728e-06
-2.4201e-06
-2.21864e-06
-2.03197e-06
-1.85918e-06
-1.69943e-06
-1.55189e-06
-1.41577e-06
-1.29034e-06
-1.17487e-06
-1.06868e-06
-9.71148e-07
-8.81654e-07
-7.99625e-07
-7.24521e-07
-6.55829e-07
-5.93071e-07
-5.35795e-07
-4.83578e-07
-4.36024e-07
-3.92763e-07
-3.53448e-07
-3.17758e-07
-2.85394e-07
-2.56075e-07
-2.29544e-07
-2.05561e-07
-1.83904e-07
-1.64369e-07
-1.46765e-07
-1.30918e-07
-1.16669e-07
-1.03869e-07
-9.23827e-08
-8.20867e-08
-7.28669e-08
-6.46196e-08
-5.72498e-08
-5.0671e-08
-4.48044e-08
-3.95784e-08
-3.49278e-08
-3.07936e-08
-2.71222e-08
-2.38653e-08
-2.09789e-08
-1.84236e-08
-1.61638e-08
-1.41673e-08
-1.24053e-08
-1.08519e-08
-9.48368e-09
-8.2799e-09
-7.22185e-09
-6.29286e-09
-5.47802e-09
-4.76404e-09
-4.13907e-09
-3.59258e-09
-3.11519e-09
-2.69861e-09
-2.33545e-09
-2.01919e-09
-1.74406e-09
-1.50494e-09
-1.29734e-09
-1.11728e-09
-9.6128e-10
-8.26251e-10
-7.09496e-10
-6.08644e-10
-5.21619e-10
-4.466e-10
-3.81997e-10
-3.26421e-10
-2.78658e-10
-2.37651e-10
-2.02481e-10
-1.72348e-10
-1.46556e-10
-1.24502e-10
-1.05663e-10
-8.95877e-11
-7.58838e-11
-6.42133e-11
-5.42847e-11
-4.58464e-11
-3.8682e-11
-3.26053e-11
-2.74565e-11
-2.30981e-11
-1.94126e-11
-1.62992e-11
-1.36718e-11
-1.14567e-11
-9.59118e-12
-8.02156e-12
-6.70226e-12
-5.59448e-12
-4.66525e-12
-3.88656e-12
-3.23468e-12
-2.68951e-12
-2.23404e-12
-1.8539e-12
-1.65869e-05
-1.76394e-05
-1.87405e-05
-1.98908e-05
-2.1091e-05
-2.23419e-05
-2.36439e-05
-2.49974e-05
-2.64025e-05
-2.78594e-05
-2.93679e-05
-3.0928e-05
-3.25391e-05
-3.42007e-05
-3.59121e-05
-3.76724e-05
-3.94803e-05
-4.13346e-05
-4.32338e-05
-4.51761e-05
-4.71595e-05
-4.9182e-05
-5.12412e-05
-5.33345e-05
-5.54591e-05
-5.7612e-05
-5.97901e-05
-6.199e-05
-6.42081e-05
-6.64407e-05
-6.86838e-05
-7.09332e-05
-7.31849e-05
-7.54343e-05
-7.7677e-05
-7.99083e-05
-8.21234e-05
-8.43176e-05
-8.64859e-05
-8.86234e-05
-9.0725e-05
-9.27858e-05
-9.48008e-05
-9.67651e-05
-9.86736e-05
-0.000100522
-0.000102304
-0.000104017
-0.000105655
-0.000107214
-0.00010869
-0.000110078
-0.000111376
-0.000112579
-0.000113684
-0.000114687
-0.000115587
-0.00011638
-0.000117063
-0.000117636
-0.000118097
-0.000118443
-0.000118675
-0.000118791
-0.000118791
-0.000118675
-0.000118443
-0.000118097
-0.000117636
-0.000117063
-0.00011638
-0.000115587
-0.000114687
-0.000113684
-0.000112579
-0.000111376
-0.000110078
-0.00010869
-0.000107214
-0.000105655
-0.000104017
-0.000102304
-0.000100522
-9.86736e-05
-9.67651e-05
-9.48008e-05
-9.27858e-05
-9.0725e-05
-8.86234e-05
-8.64859e-05
-8.43176e-05
-8.21234e-05
-7.99083e-05
-7.7677e-05
-7.54343e-05
-7.31849e-05
-7.09332e-05
-6.86838e-05
-6.64407e-05
-6.42081e-05
-6.199e-05
-5.97901e-05
-5.7612e-05
-5.54591e-05
-5.33345e-05
-5.12412e-05
-4.9182e-05
-4.71595e-05
-4.51761e-05
-4.32338e-05
-4.13346e-05
-3.94803e-05
-3.76724e-05
-3.59121e-05
-3.42007e-05
-3.25391e-05
-3.0928e-05
-2.93679e-05
-2.78594e-05
-2.64025e-05
-2.49974e-05
-2.36439e-05
-2.23419e-05
-2.1091e-05
-1.98908e-05
-1.87405e-05
-1.76394e-05
-1.65869e-05
-1.5582e-05
-1.46236e-05
-1.37108e-05
-1.28424e-05
-1.20173e-05
-1.12342e-05
-1.04919e-05
-9.78911e-06
-9.12445e-06
-8.49662e-06
-7.90427e-06
-7.34604e-06
-6.82057e-06
-6.3265e-06
-5.86249e-06
-5.42722e-06
-5.01936e-06
-4.63761e-06
-4.28072e-06
-3.94744e-06
-3.63655e-06
-3.34688e-06
-3.07727e-06
-2.82662e-06
-2.59386e-06
-2.37793e-06
-2.17786e-06
-1.99267e-06
-1.82144e-06
-1.66331e-06
-1.51742e-06
-1.38298e-06
-1.25922e-06
-1.14541e-06
-1.04087e-06
-9.44953e-07
-8.57035e-07
-7.76538e-07
-7.02916e-07
-6.35652e-07
-5.74263e-07
-5.18297e-07
-4.67329e-07
-4.20961e-07
-3.78824e-07
-3.40572e-07
-3.05884e-07
-2.7446e-07
-2.46025e-07
-2.2032e-07
-1.97108e-07
-1.7617e-07
-1.57302e-07
-1.40318e-07
-1.25045e-07
-1.11326e-07
-9.90154e-08
-8.79802e-08
-7.80985e-08
-6.92591e-08
-6.13601e-08
-5.4309e-08
-4.80212e-08
-4.242e-08
-3.74355e-08
-3.30045e-08
-2.90695e-08
-2.55787e-08
-2.24851e-08
-1.97464e-08
-1.73243e-08
-1.51845e-08
-1.3296e-08
-1.1631e-08
-1.01646e-08
-8.87436e-09
-7.74036e-09
-6.74467e-09
-5.87133e-09
-5.10608e-09
-4.43624e-09
-3.85051e-09
-3.33885e-09
-2.89236e-09
-2.50313e-09
-2.16416e-09
-1.86927e-09
-1.61299e-09
-1.39048e-09
-1.1975e-09
-1.0303e-09
-8.85572e-10
-7.60435e-10
-6.52343e-10
-5.59069e-10
-4.78664e-10
-4.09423e-10
-3.49857e-10
-2.98664e-10
-2.54714e-10
-2.17019e-10
-1.84722e-10
-1.57078e-10
-1.33441e-10
-1.1325e-10
-9.60198e-11
-8.13319e-11
-6.88236e-11
-5.81821e-11
-4.9138e-11
-4.14592e-11
-3.49463e-11
-2.94277e-11
-2.47564e-11
-2.08063e-11
-1.74694e-11
-1.46534e-11
-1.22793e-11
-1.02798e-11
-8.59747e-12
-7.18346e-12
-5.99615e-12
-5.00019e-12
-4.1656e-12
-3.46692e-12
-2.88261e-12
-2.39444e-12
-1.987e-12
-1.77604e-05
-1.88874e-05
-2.00663e-05
-2.1298e-05
-2.25832e-05
-2.39226e-05
-2.53167e-05
-2.67659e-05
-2.82705e-05
-2.98304e-05
-3.14457e-05
-3.31161e-05
-3.48412e-05
-3.66204e-05
-3.84529e-05
-4.03377e-05
-4.22735e-05
-4.4259e-05
-4.62926e-05
-4.83723e-05
-5.04961e-05
-5.26617e-05
-5.48665e-05
-5.71079e-05
-5.93828e-05
-6.16881e-05
-6.40203e-05
-6.63758e-05
-6.87509e-05
-7.11414e-05
-7.35431e-05
-7.59518e-05
-7.83627e-05
-8.07713e-05
-8.31727e-05
-8.55618e-05
-8.79337e-05
-9.02831e-05
-9.26048e-05
-9.48935e-05
-9.71438e-05
-9.93504e-05
-0.000101508
-0.000103611
-0.000105655
-0.000107633
-0.000109542
-0.000111376
-0.00011313
-0.000114799
-0.00011638
-0.000117866
-0.000119256
-0.000120544
-0.000121727
-0.000122801
-0.000123764
-0.000124613
-0.000125346
-0.000125959
-0.000126452
-0.000126823
-0.000127071
-0.000127195
-0.000127195
-0.000127071
-0.000126823
-0.000126452
-0.000125959
-0.000125346
-0.000124613
-0.000123764
-0.000122801
-0.000121727
-0.000120544
-0.000119256
-0.000117866
-0.00011638
-0.000114799
-0.00011313
-0.000111376
-0.000109542
-0.000107633
-0.000105655
-0.000103611
-0.000101508
-9.93504e-05
-9.71438e-05
-9.48935e-05
-9.26048e-05
-9.02831e-05
-8.79337e-05
-8.55618e-05
-8.31727e-05
-8.07713e-05
-7.83627e-05
-7.59518e-05
-7.35431e-05
-7.11414e-05
-6.87509e-05
-6.63758e-05
-6.40203e-05
-6.16881e-05
-5.93828e-05
-5.71079e-05
-5.48665e-05
-5.26617e-05
-5.04961e-05
-4.83723e-05
-4.62926e-05
-4.4259e-05
-4.22735e-05
-4.03377e-05
-3.84529e-05
-3.66204e-05
-3.48412e-05
-3.31161e-05
-3.14457e-05
-2.98304e-05
-2.82705e-05
-2.67659e-05
-2.53167e-05
-2.39226e-05
-2.25832e-05
-2.1298e-05
-2.00663e-05
-1.88874e-05
-1.77604e-05
-1.66844e-05
-1.56582e-05
-1.46808e-05
-1.3751e-05
-1.28675e-05
-1.20291e-05
-1.12342e-05
-1.04817e-05
-9.77001e-06
-9.09776e-06
-8.4635e-06
-7.86577e-06
-7.30312e-06
-6.7741e-06
-6.27727e-06
-5.81119e-06
-5.37448e-06
-4.96573e-06
-4.58358e-06
-4.22672e-06
-3.89384e-06
-3.58367e-06
-3.29499e-06
-3.02661e-06
-2.77737e-06
-2.54617e-06
-2.33194e-06
-2.13365e-06
-1.95031e-06
-1.78099e-06
-1.62478e-06
-1.48082e-06
-1.34831e-06
-1.22645e-06
-1.11451e-06
-1.01181e-06
-9.1767e-07
-8.31478e-07
-7.52647e-07
-6.80624e-07
-6.14893e-07
-5.54967e-07
-5.00393e-07
-4.50745e-07
-4.05626e-07
-3.64668e-07
-3.27525e-07
-2.93878e-07
-2.63431e-07
-2.35908e-07
-2.11054e-07
-1.88634e-07
-1.68431e-07
-1.50245e-07
-1.33892e-07
-1.19202e-07
-1.06021e-07
-9.42048e-08
-8.3624e-08
-7.41591e-08
-6.57014e-08
-5.81514e-08
-5.14187e-08
-4.54212e-08
-4.00841e-08
-3.53395e-08
-3.11262e-08
-2.73884e-08
-2.40759e-08
-2.11435e-08
-1.855e-08
-1.62588e-08
-1.42367e-08
-1.24539e-08
-1.08837e-08
-9.50222e-09
-8.28799e-09
-7.22185e-09
-6.28672e-09
-5.46734e-09
-4.7501e-09
-4.12293e-09
-3.57508e-09
-3.09699e-09
-2.68023e-09
-2.31728e-09
-2.00152e-09
-1.72711e-09
-1.48886e-09
-1.28222e-09
-1.10319e-09
-9.48227e-10
-8.14236e-10
-6.98496e-10
-5.98623e-10
-5.1253e-10
-4.3839e-10
-3.74609e-10
-3.19795e-10
-2.72735e-10
-2.32373e-10
-1.97791e-10
-1.68191e-10
-1.42881e-10
-1.21262e-10
-1.02813e-10
-8.70862e-11
-7.36929e-11
-6.22985e-11
-5.26145e-11
-4.43925e-11
-3.74187e-11
-3.15097e-11
-2.6508e-11
-2.22784e-11
-1.87054e-11
-1.56901e-11
-1.3148e-11
-1.10071e-11
-9.20575e-12
-7.69169e-12
-6.42037e-12
-5.35396e-12
-4.46031e-12
-3.7122e-12
-3.08655e-12
-2.56384e-12
-2.12758e-12
-1.89984e-05
-2.0204e-05
-2.14651e-05
-2.27826e-05
-2.41574e-05
-2.55902e-05
-2.70814e-05
-2.86316e-05
-3.0241e-05
-3.19097e-05
-3.36376e-05
-3.54245e-05
-3.72698e-05
-3.91731e-05
-4.11333e-05
-4.31494e-05
-4.52202e-05
-4.73441e-05
-4.95194e-05
-5.17441e-05
-5.40159e-05
-5.63324e-05
-5.8691e-05
-6.10886e-05
-6.35221e-05
-6.5988e-05
-6.84828e-05
-7.10025e-05
-7.35431e-05
-7.61003e-05
-7.86694e-05
-8.1246e-05
-8.3825e-05
-8.64015e-05
-8.89702e-05
-9.15259e-05
-9.40631e-05
-9.65763e-05
-9.90598e-05
-0.000101508
-0.000103915
-0.000106276
-0.000108584
-0.000110833
-0.000113019
-0.000115136
-0.000117178
-0.000119139
-0.000121016
-0.000122801
-0.000124492
-0.000126082
-0.000127568
-0.000128946
-0.000130212
-0.000131361
-0.000132391
-0.0001333
-0.000134083
-0.000134739
-0.000135267
-0.000135663
-0.000135929
-0.000136061
-0.000136061
-0.000135929
-0.000135663
-0.000135267
-0.000134739
-0.000134083
-0.0001333
-0.000132391
-0.000131361
-0.000130212
-0.000128946
-0.000127568
-0.000126082
-0.000124492
-0.000122801
-0.000121016
-0.000119139
-0.000117178
-0.000115136
-0.000113019
-0.000110833
-0.000108584
-0.000106276
-0.000103915
-0.000101508
-9.90598e-05
-9.65763e-05
-9.40631e-05
-9.15259e-05
-8.89702e-05
-8.64015e-05
-8.3825e-05
-8.1246e-05
-7.86694e-05
-7.61003e-05
-7.35431e-05
-7.10025e-05
-6.84828e-05
-6.5988e-05
-6.35221e-05
-6.10886e-05
-5.8691e-05
-5.63324e-05
-5.40159e-05
-5.17441e-05
-4.95194e-05
-4.73441e-05
-4.52202e-05
-4.31494e-05
-4.11333e-05
-3.91731e-05
-3.72698e-05
-3.54245e-05
-3.36376e-05
-3.19097e-05
-3.0241e-05
-2.86316e-05
-2.70814e-05
-2.55902e-05
-2.41574e-05
-2.27826e-05
-2.14651e-05
-2.0204e-05
-1.89984e-05
-1.78474e-05
-1.67497e-05
-1.57042e-05
-1.47096e-05
-1.37645e-05
-1.28675e-05
-1.20173e-05
-1.12123e-05
-1.0451e-05
-9.73192e-06
-9.05345e-06
-8.41405e-06
-7.81218e-06
-7.24629e-06
-6.71482e-06
-6.21626e-06
-5.7491e-06
-5.31186e-06
-4.90308e-06
-4.52135e-06
-4.16526e-06
-3.83347e-06
-3.52467e-06
-3.23758e-06
-2.97097e-06
-2.72365e-06
-2.49449e-06
-2.28237e-06
-2.08626e-06
-1.90513e-06
-1.73803e-06
-1.58404e-06
-1.44229e-06
-1.31194e-06
-1.1922e-06
-1.08234e-06
-9.81636e-07
-8.89437e-07
-8.0511e-07
-7.28067e-07
-6.57754e-07
-5.93651e-07
-5.35272e-07
-4.82164e-07
-4.339e-07
-3.90087e-07
-3.50355e-07
-3.14363e-07
-2.81793e-07
-2.52351e-07
-2.25765e-07
-2.01782e-07
-1.80171e-07
-1.60718e-07
-1.43225e-07
-1.27511e-07
-1.13411e-07
-1.00771e-07
-8.9453e-08
-7.93284e-08
-7.02811e-08
-6.22048e-08
-5.50029e-08
-4.85873e-08
-4.28781e-08
-3.78029e-08
-3.32958e-08
-2.92975e-08
-2.57542e-08
-2.26173e-08
-1.98431e-08
-1.73921e-08
-1.52291e-08
-1.3322e-08
-1.16424e-08
-1.01646e-08
-8.8657e-09
-7.72525e-09
-6.72494e-09
-5.84844e-09
-5.08121e-09
-4.41032e-09
-3.82428e-09
-3.31287e-09
-2.86705e-09
-2.4788e-09
-2.14104e-09
-1.84749e-09
-1.59264e-09
-1.3716e-09
-1.18009e-09
-1.01432e-09
-8.70992e-10
-7.47185e-10
-6.4035e-10
-5.48256e-10
-4.68948e-10
-4.00721e-10
-3.42086e-10
-2.91746e-10
-2.4857e-10
-2.11578e-10
-1.79915e-10
-1.52841e-10
-1.29714e-10
-1.0998e-10
-9.31565e-11
-7.88296e-11
-6.6641e-11
-5.6282e-11
-4.74869e-11
-4.0027e-11
-3.37061e-11
-2.83557e-11
-2.38313e-11
-2.00093e-11
-1.67838e-11
-1.40645e-11
-1.17743e-11
-9.84743e-12
-8.22784e-12
-6.86791e-12
-5.72715e-12
-4.77122e-12
-3.97096e-12
-3.3017e-12
-2.74256e-12
-2.27588e-12
-2.03029e-05
-2.15912e-05
-2.29389e-05
-2.43469e-05
-2.58161e-05
-2.73472e-05
-2.89409e-05
-3.05975e-05
-3.23174e-05
-3.41007e-05
-3.59472e-05
-3.78568e-05
-3.98288e-05
-4.18627e-05
-4.39575e-05
-4.61121e-05
-4.83251e-05
-5.05948e-05
-5.29194e-05
-5.52968e-05
-5.77247e-05
-6.02003e-05
-6.27208e-05
-6.5283e-05
-6.78836e-05
-7.05188e-05
-7.31849e-05
-7.58776e-05
-7.85927e-05
-8.13254e-05
-8.4071e-05
-8.68244e-05
-8.95805e-05
-9.23339e-05
-9.5079e-05
-9.78101e-05
-0.000100522
-0.000103207
-0.000105861
-0.000108478
-0.00011105
-0.000113573
-0.000116039
-0.000118443
-0.000120779
-0.000123041
-0.000125223
-0.00012732
-0.000129325
-0.000131233
-0.000133039
-0.000134739
-0.000136327
-0.0001378
-0.000139152
-0.00014038
-0.000141481
-0.000142452
-0.000143289
-0.00014399
-0.000144554
-0.000144978
-0.000145262
-0.000145404
-0.000145404
-0.000145262
-0.000144978
-0.000144554
-0.00014399
-0.000143289
-0.000142452
-0.000141481
-0.00014038
-0.000139152
-0.0001378
-0.000136327
-0.000134739
-0.000133039
-0.000131233
-0.000129325
-0.00012732
-0.000125223
-0.000123041
-0.000120779
-0.000118443
-0.000116039
-0.000113573
-0.00011105
-0.000108478
-0.000105861
-0.000103207
-0.000100522
-9.78101e-05
-9.5079e-05
-9.23339e-05
-8.95805e-05
-8.68244e-05
-8.4071e-05
-8.13254e-05
-7.85927e-05
-7.58776e-05
-7.31849e-05
-7.05188e-05
-6.78836e-05
-6.5283e-05
-6.27208e-05
-6.02003e-05
-5.77247e-05
-5.52968e-05
-5.29194e-05
-5.05948e-05
-4.83251e-05
-4.61121e-05
-4.39575e-05
-4.18627e-05
-3.98288e-05
-3.78568e-05
-3.59472e-05
-3.41007e-05
-3.23174e-05
-3.05975e-05
-2.89409e-05
-2.73472e-05
-2.58161e-05
-2.43469e-05
-2.29389e-05
-2.15912e-05
-2.03029e-05
-1.90728e-05
-1.78997e-05
-1.67824e-05
-1.57195e-05
-1.47096e-05
-1.3751e-05
-1.28424e-05
-1.19822e-05
-1.11686e-05
-1.04001e-05
-9.67506e-06
-8.99177e-06
-8.34857e-06
-7.74382e-06
-7.17587e-06
-6.64308e-06
-6.14384e-06
-5.67658e-06
-5.23973e-06
-4.83178e-06
-4.45125e-06
-4.09668e-06
-3.76667e-06
-3.45987e-06
-3.17496e-06
-2.91066e-06
-2.66576e-06
-2.43908e-06
-2.2295e-06
-2.03594e-06
-1.85737e-06
-1.69281e-06
-1.54132e-06
-1.40202e-06
-1.27406e-06
-1.15665e-06
-1.04904e-06
-9.50506e-07
-8.60389e-07
-7.78057e-07
-7.02916e-07
-6.34411e-07
-5.72025e-07
-5.15269e-07
-4.63692e-07
-4.16871e-07
-3.74411e-07
-3.35948e-07
-3.01142e-07
-2.69678e-07
-2.41266e-07
-2.15637e-07
-1.92542e-07
-1.71753e-07
-1.53059e-07
-1.36266e-07
-1.21198e-07
-1.0769e-07
-9.55949e-08
-8.47751e-08
-7.51066e-08
-6.64758e-08
-5.87794e-08
-5.19233e-08
-4.58222e-08
-4.03984e-08
-3.55819e-08
-3.13091e-08
-2.75225e-08
-2.41702e-08
-2.12055e-08
-1.85863e-08
-1.62747e-08
-1.42367e-08
-1.24417e-08
-1.08625e-08
-9.47443e-09
-8.25567e-09
-7.18668e-09
-6.24999e-09
-5.43009e-09
-4.71314e-09
-4.08686e-09
-3.54033e-09
-3.0639e-09
-2.649e-09
-2.28804e-09
-1.97434e-09
-1.70199e-09
-1.46578e-09
-1.26111e-09
-1.08397e-09
-9.30795e-10
-7.98487e-10
-6.84317e-10
-5.85899e-10
-5.01146e-10
-4.28235e-10
-3.65574e-10
-3.11777e-10
-2.65637e-10
-2.26105e-10
-1.92268e-10
-1.63335e-10
-1.38621e-10
-1.17531e-10
-9.95527e-11
-8.42421e-11
-7.12166e-11
-6.01464e-11
-5.07473e-11
-4.27753e-11
-3.60204e-11
-3.03026e-11
-2.54676e-11
-2.13831e-11
-1.79362e-11
-1.50302e-11
-1.25828e-11
-1.05236e-11
-8.79277e-12
-7.33946e-12
-6.12038e-12
-5.09881e-12
-4.24361e-12
-3.5284e-12
-2.93086e-12
-2.43214e-12
-2.16757e-05
-2.30512e-05
-2.44899e-05
-2.59931e-05
-2.75617e-05
-2.91964e-05
-3.08978e-05
-3.26665e-05
-3.45026e-05
-3.64065e-05
-3.83779e-05
-4.04165e-05
-4.2522e-05
-4.46934e-05
-4.69298e-05
-4.92301e-05
-5.15927e-05
-5.40159e-05
-5.64977e-05
-5.90359e-05
-6.16279e-05
-6.42709e-05
-6.69618e-05
-6.96973e-05
-7.24737e-05
-7.52872e-05
-7.81335e-05
-8.10083e-05
-8.39069e-05
-8.68244e-05
-8.97556e-05
-9.26953e-05
-9.56377e-05
-9.85773e-05
-0.000101508
-0.000104424
-0.000107319
-0.000110186
-0.000113019
-0.000115813
-0.000118559
-0.000121252
-0.000123885
-0.000126452
-0.000128946
-0.000131361
-0.000133691
-0.000135929
-0.000138069
-0.000140107
-0.000142035
-0.00014385
-0.000145546
-0.000147117
-0.000148561
-0.000149873
-0.000151048
-0.000152084
-0.000152978
-0.000153727
-0.000154328
-0.000154781
-0.000155084
-0.000155235
-0.000155235
-0.000155084
-0.000154781
-0.000154328
-0.000153727
-0.000152978
-0.000152084
-0.000151048
-0.000149873
-0.000148561
-0.000147117
-0.000145546
-0.00014385
-0.000142035
-0.000140107
-0.000138069
-0.000135929
-0.000133691
-0.000131361
-0.000128946
-0.000126452
-0.000123885
-0.000121252
-0.000118559
-0.000115813
-0.000113019
-0.000110186
-0.000107319
-0.000104424
-0.000101508
-9.85773e-05
-9.56377e-05
-9.26953e-05
-8.97556e-05
-8.68244e-05
-8.39069e-05
-8.10083e-05
-7.81335e-05
-7.52872e-05
-7.24737e-05
-6.96973e-05
-6.69618e-05
-6.42709e-05
-6.16279e-05
-5.90359e-05
-5.64977e-05
-5.40159e-05
-5.15927e-05
-4.92301e-05
-4.69298e-05
-4.46934e-05
-4.2522e-05
-4.04165e-05
-3.83779e-05
-3.64065e-05
-3.45026e-05
-3.26665e-05
-3.08978e-05
-2.91964e-05
-2.75617e-05
-2.59931e-05
-2.44899e-05
-2.30512e-05
-2.16757e-05
-2.03624e-05
-1.91101e-05
-1.79172e-05
-1.67824e-05
-1.57042e-05
-1.46808e-05
-1.37108e-05
-1.27924e-05
-1.19238e-05
-1.11034e-05
-1.03293e-05
-9.59977e-06
-8.91309e-06
-8.26744e-06
-7.66108e-06
-7.09227e-06
-6.55927e-06
-6.06042e-06
-5.59403e-06
-5.1585e-06
-4.75223e-06
-4.37369e-06
-4.02137e-06
-3.69382e-06
-3.38964e-06
-3.10747e-06
-2.84601e-06
-2.60401e-06
-2.38026e-06
-2.17361e-06
-1.98296e-06
-1.80727e-06
-1.64554e-06
-1.49682e-06
-1.36021e-06
-1.23486e-06
-1.11997e-06
-1.01478e-06
-9.18567e-07
-8.30667e-07
-7.50445e-07
-6.77309e-07
-6.10704e-07
-5.50111e-07
-4.95046e-07
-4.45058e-07
-3.99728e-07
-3.58664e-07
-3.21504e-07
-2.87913e-07
-2.5758e-07
-2.30218e-07
-2.05561e-07
-1.83366e-07
-1.63408e-07
-1.4548e-07
-1.29393e-07
-1.14972e-07
-1.02059e-07
-9.05074e-08
-8.01851e-08
-7.09708e-08
-6.27539e-08
-5.54342e-08
-4.89206e-08
-4.31301e-08
-3.79879e-08
-3.34261e-08
-2.93835e-08
-2.58045e-08
-2.26394e-08
-1.98431e-08
-1.73752e-08
-1.51993e-08
-1.3283e-08
-1.1597e-08
-1.01151e-08
-8.8139e-09
-7.67262e-09
-6.6726e-09
-5.79726e-09
-5.03183e-09
-4.3632e-09
-3.77972e-09
-3.27108e-09
-2.82812e-09
-2.44276e-09
-2.10785e-09
-1.81708e-09
-1.56489e-09
-1.34639e-09
-1.15726e-09
-9.93733e-10
-8.52479e-10
-7.30589e-10
-6.25517e-10
-5.35033e-10
-4.57191e-10
-3.90293e-10
-3.32859e-10
-2.83599e-10
-2.41394e-10
-2.05269e-10
-1.7438e-10
-1.47994e-10
-1.25478e-10
-1.06284e-10
-8.99384e-11
-7.60321e-11
-6.42133e-11
-5.41788e-11
-4.56677e-11
-3.8456e-11
-3.23516e-11
-2.71896e-11
-2.2829e-11
-1.9149e-11
-1.60465e-11
-1.34336e-11
-1.12351e-11
-9.38731e-12
-7.83574e-12
-6.53423e-12
-5.44358e-12
-4.53055e-12
-3.76698e-12
-3.12904e-12
-2.5966e-12
-2.31188e-05
-2.45858e-05
-2.61204e-05
-2.77237e-05
-2.93966e-05
-3.11401e-05
-3.29548e-05
-3.48412e-05
-3.67997e-05
-3.88303e-05
-4.09329e-05
-4.31073e-05
-4.53529e-05
-4.76689e-05
-5.00542e-05
-5.25076e-05
-5.50275e-05
-5.7612e-05
-6.02591e-05
-6.29662e-05
-6.57308e-05
-6.85497e-05
-7.14198e-05
-7.43374e-05
-7.72987e-05
-8.02994e-05
-8.33353e-05
-8.64015e-05
-8.94931e-05
-9.26048e-05
-9.57312e-05
-9.88665e-05
-0.000102005
-0.00010514
-0.000108266
-0.000111376
-0.000114463
-0.000117522
-0.000120544
-0.000123523
-0.000126452
-0.000129325
-0.000132133
-0.000134871
-0.000137531
-0.000140107
-0.000142591
-0.000144978
-0.000147261
-0.000149434
-0.000151491
-0.000153427
-0.000155235
-0.000156912
-0.000158452
-0.000159851
-0.000161104
-0.000162209
-0.000163163
-0.000163961
-0.000164603
-0.000165086
-0.000165409
-0.00016557
-0.00016557
-0.000165409
-0.000165086
-0.000164603
-0.000163961
-0.000163163
-0.000162209
-0.000161104
-0.000159851
-0.000158452
-0.000156912
-0.000155235
-0.000153427
-0.000151491
-0.000149434
-0.000147261
-0.000144978
-0.000142591
-0.000140107
-0.000137531
-0.000134871
-0.000132133
-0.000129325
-0.000126452
-0.000123523
-0.000120544
-0.000117522
-0.000114463
-0.000111376
-0.000108266
-0.00010514
-0.000102005
-9.88665e-05
-9.57312e-05
-9.26048e-05
-8.94931e-05
-8.64015e-05
-8.33353e-05
-8.02994e-05
-7.72987e-05
-7.43374e-05
-7.14198e-05
-6.85497e-05
-6.57308e-05
-6.29662e-05
-6.02591e-05
-5.7612e-05
-5.50275e-05
-5.25076e-05
-5.00542e-05
-4.76689e-05
-4.53529e-05
-4.31073e-05
-4.09329e-05
-3.88303e-05
-3.67997e-05
-3.48412e-05
-3.29548e-05
-3.11401e-05
-2.93966e-05
-2.77237e-05
-2.61204e-05
-2.45858e-05
-2.31188e-05
-2.17181e-05
-2.03823e-05
-1.91101e-05
-1.78997e-05
-1.67497e-05
-1.56582e-05
-1.46236e-05
-1.3644e-05
-1.27176e-05
-1.18426e-05
-1.10169e-05
-1.02389e-05
-9.50648e-06
-8.81785e-06
-8.17112e-06
-7.56444e-06
-6.99596e-06
-6.46389e-06
-5.96646e-06
-5.50193e-06
-5.06861e-06
-4.66487e-06
-4.28909e-06
-3.93974e-06
-3.61531e-06
-3.31435e-06
-3.03549e-06
-2.77737e-06
-2.53872e-06
-2.31832e-06
-2.11498e-06
-1.92759e-06
-1.75509e-06
-1.59647e-06
-1.45076e-06
-1.31707e-06
-1.19453e-06
-1.08234e-06
-9.79721e-07
-8.85969e-07
-8.00406e-07
-7.22401e-07
-6.51362e-07
-5.86735e-07
-5.28004e-07
-4.74688e-07
-4.2634e-07
-3.82542e-07
-3.42908e-07
-3.07081e-07
-2.74729e-07
-2.45545e-07
-2.19247e-07
-1.95574e-07
-1.74287e-07
-1.55166e-07
-1.38007e-07
-1.22626e-07
-1.08853e-07
-9.6533e-08
-8.55235e-08
-7.56957e-08
-6.69318e-08
-5.91248e-08
-5.21775e-08
-4.60015e-08
-4.0517e-08
-3.56515e-08
-3.13397e-08
-2.75225e-08
-2.41466e-08
-2.11641e-08
-1.85319e-08
-1.62112e-08
-1.41673e-08
-1.23691e-08
-1.07885e-08
-9.40069e-09
-8.18343e-09
-7.11684e-09
-6.18321e-09
-5.36683e-09
-4.65368e-09
-4.03136e-09
-3.48885e-09
-3.0164e-09
-2.60538e-09
-2.24818e-09
-1.93805e-09
-1.66907e-09
-1.43602e-09
-1.23431e-09
-1.05989e-09
-9.09233e-10
-7.79229e-10
-6.67161e-10
-5.70653e-10
-4.87629e-10
-4.16277e-10
-3.55019e-10
-3.0248e-10
-2.57465e-10
-2.18935e-10
-1.85989e-10
-1.57847e-10
-1.33832e-10
-1.1336e-10
-9.59261e-11
-8.1094e-11
-6.84884e-11
-5.77857e-11
-4.8708e-11
-4.10163e-11
-3.45054e-11
-2.89998e-11
-2.43488e-11
-2.04238e-11
-1.71148e-11
-1.43279e-11
-1.19831e-11
-1.00123e-11
-8.35741e-12
-6.96925e-12
-5.80599e-12
-4.83217e-12
-4.01777e-12
-3.33736e-12
-2.76947e-12
-2.46339e-05
-2.6197e-05
-2.78322e-05
-2.95405e-05
-3.13231e-05
-3.31809e-05
-3.51145e-05
-3.71245e-05
-3.92113e-05
-4.1375e-05
-4.36154e-05
-4.59323e-05
-4.83251e-05
-5.07928e-05
-5.33345e-05
-5.59487e-05
-5.86337e-05
-6.13876e-05
-6.42081e-05
-6.70927e-05
-7.00384e-05
-7.30421e-05
-7.61003e-05
-7.92091e-05
-8.23644e-05
-8.55618e-05
-8.87966e-05
-9.20638e-05
-9.53579e-05
-9.86736e-05
-0.000102005
-0.000105346
-0.00010869
-0.00011203
-0.000115361
-0.000118675
-0.000121965
-0.000125223
-0.000128444
-0.000131618
-0.000134739
-0.0001378
-0.000140792
-0.00014371
-0.000146544
-0.000149288
-0.000151936
-0.000154479
-0.000156912
-0.000159227
-0.000161419
-0.000163482
-0.000165409
-0.000167195
-0.000168836
-0.000170326
-0.000171662
-0.00017284
-0.000173855
-0.000174706
-0.00017539
-0.000175905
-0.000176249
-0.000176421
-0.000176421
-0.000176249
-0.000175905
-0.00017539
-0.000174706
-0.000173855
-0.00017284
-0.000171662
-0.000170326
-0.000168836
-0.000167195
-0.000165409
-0.000163482
-0.000161419
-0.000159227
-0.000156912
-0.000154479
-0.000151936
-0.000149288
-0.000146544
-0.00014371
-0.000140792
-0.0001378
-0.000134739
-0.000131618
-0.000128444
-0.000125223
-0.000121965
-0.000118675
-0.000115361
-0.00011203
-0.00010869
-0.000105346
-0.000102005
-9.86736e-05
-9.53579e-05
-9.20638e-05
-8.87966e-05
-8.55618e-05
-8.23644e-05
-7.92091e-05
-7.61003e-05
-7.30421e-05
-7.00384e-05
-6.70927e-05
-6.42081e-05
-6.13876e-05
-5.86337e-05
-5.59487e-05
-5.33345e-05
-5.07928e-05
-4.83251e-05
-4.59323e-05
-4.36154e-05
-4.1375e-05
-3.92113e-05
-3.71245e-05
-3.51145e-05
-3.31809e-05
-3.13231e-05
-2.95405e-05
-2.78322e-05
-2.6197e-05
-2.46339e-05
-2.31414e-05
-2.17181e-05
-2.03624e-05
-1.90728e-05
-1.78474e-05
-1.66844e-05
-1.5582e-05
-1.45382e-05
-1.35511e-05
-1.26187e-05
-1.17389e-05
-1.09099e-05
-1.01295e-05
-9.39573e-06
-8.70661e-06
-8.06017e-06
-7.45444e-06
-6.8875e-06
-6.35747e-06
-5.86249e-06
-5.40078e-06
-4.97058e-06
-4.57018e-06
-4.19793e-06
-3.85223e-06
-3.53156e-06
-3.23442e-06
-2.95938e-06
-2.7051e-06
-2.47025e-06
-2.25358e-06
-2.05391e-06
-1.87011e-06
-1.70109e-06
-1.54584e-06
-1.40339e-06
-1.27282e-06
-1.15327e-06
-1.04393e-06
-9.44031e-07
-8.52861e-07
-7.69743e-07
-6.94048e-07
-6.25186e-07
-5.62606e-07
-5.05797e-07
-4.5428e-07
-4.07612e-07
-3.65381e-07
-3.27205e-07
-2.92733e-07
-2.61636e-07
-2.33615e-07
-2.08391e-07
-1.85709e-07
-1.65335e-07
-1.47052e-07
-1.30663e-07
-1.15987e-07
-1.02859e-07
-9.11283e-08
-8.06564e-08
-7.13181e-08
-6.29995e-08
-5.55969e-08
-4.90162e-08
-4.31722e-08
-3.79879e-08
-3.33935e-08
-2.93261e-08
-2.5729e-08
-2.25511e-08
-1.97464e-08
-1.72736e-08
-1.50958e-08
-1.31797e-08
-1.14955e-08
-1.00168e-08
-8.71973e-09
-7.58323e-09
-6.58843e-09
-5.71854e-09
-4.95866e-09
-4.29555e-09
-3.71749e-09
-3.21408e-09
-2.77613e-09
-2.39551e-09
-2.06506e-09
-1.77845e-09
-1.53013e-09
-1.3152e-09
-1.12935e-09
-9.68819e-10
-8.30295e-10
-7.10883e-10
-6.0805e-10
-5.19585e-10
-4.43558e-10
-3.78285e-10
-3.22303e-10
-2.74338e-10
-2.33282e-10
-1.98178e-10
-1.68191e-10
-1.42603e-10
-1.20789e-10
-1.02213e-10
-8.64085e-11
-7.29767e-11
-6.15727e-11
-5.19001e-11
-4.37042e-11
-3.67667e-11
-3.09003e-11
-2.59445e-11
-2.17623e-11
-1.82364e-11
-1.52669e-11
-1.27684e-11
-1.06684e-11
-8.90511e-12
-7.42598e-12
-6.18648e-12
-5.14885e-12
-4.28107e-12
-3.55607e-12
-2.95097e-12
-2.62226e-05
-2.78866e-05
-2.96272e-05
-3.14457e-05
-3.33433e-05
-3.53209e-05
-3.73792e-05
-3.95189e-05
-4.17402e-05
-4.40435e-05
-4.64284e-05
-4.88947e-05
-5.14418e-05
-5.40687e-05
-5.67743e-05
-5.9557e-05
-6.24152e-05
-6.53468e-05
-6.83492e-05
-7.14198e-05
-7.45555e-05
-7.77529e-05
-8.10083e-05
-8.43176e-05
-8.76764e-05
-9.10801e-05
-9.45235e-05
-9.80014e-05
-0.000101508
-0.000105037
-0.000108584
-0.00011214
-0.0001157
-0.000119256
-0.000122801
-0.000126329
-0.000129831
-0.0001333
-0.000136727
-0.000140107
-0.000143429
-0.000146687
-0.000149873
-0.000152978
-0.000155995
-0.000158917
-0.000161735
-0.000164442
-0.000167032
-0.000169497
-0.00017183
-0.000174025
-0.000176077
-0.000177978
-0.000179725
-0.000181311
-0.000182733
-0.000183987
-0.000185068
-0.000185974
-0.000186702
-0.00018725
-0.000187616
-0.000187799
-0.000187799
-0.000187616
-0.00018725
-0.000186702
-0.000185974
-0.000185068
-0.000183987
-0.000182733
-0.000181311
-0.000179725
-0.000177978
-0.000176077
-0.000174025
-0.00017183
-0.000169497
-0.000167032
-0.000164442
-0.000161735
-0.000158917
-0.000155995
-0.000152978
-0.000149873
-0.000146687
-0.000143429
-0.000140107
-0.000136727
-0.0001333
-0.000129831
-0.000126329
-0.000122801
-0.000119256
-0.0001157
-0.00011214
-0.000108584
-0.000105037
-0.000101508
-9.80014e-05
-9.45235e-05
-9.10801e-05
-8.76764e-05
-8.43176e-05
-8.10083e-05
-7.77529e-05
-7.45555e-05
-7.14198e-05
-6.83492e-05
-6.53468e-05
-6.24152e-05
-5.9557e-05
-5.67743e-05
-5.40687e-05
-5.14418e-05
-4.88947e-05
-4.64284e-05
-4.40435e-05
-4.17402e-05
-3.95189e-05
-3.73792e-05
-3.53209e-05
-3.33433e-05
-3.14457e-05
-2.96272e-05
-2.78866e-05
-2.62226e-05
-2.46339e-05
-2.31188e-05
-2.16757e-05
-2.03029e-05
-1.89984e-05
-1.77604e-05
-1.65869e-05
-1.54758e-05
-1.4425e-05
-1.34325e-05
-1.2496e-05
-1.16135e-05
-1.07828e-05
-1.00017e-05
-9.26814e-06
-8.58001e-06
-7.93521e-06
-7.3317e-06
-6.76749e-06
-6.24059e-06
-5.7491e-06
-5.29115e-06
-4.86493e-06
-4.46867e-06
-4.10068e-06
-3.75932e-06
-3.44302e-06
-3.15025e-06
-2.87956e-06
-2.62956e-06
-2.39892e-06
-2.18638e-06
-1.99072e-06
-1.8108e-06
-1.64554e-06
-1.4939e-06
-1.35491e-06
-1.22765e-06
-1.11125e-06
-1.00492e-06
-9.07865e-07
-8.19387e-07
-7.3881e-07
-6.65507e-07
-5.98891e-07
-5.38418e-07
-4.83578e-07
-4.339e-07
-3.88946e-07
-3.48308e-07
-3.11612e-07
-2.7851e-07
-2.48682e-07
-2.21831e-07
-1.97686e-07
-1.75998e-07
-1.56536e-07
-1.3909e-07
-1.23468e-07
-1.09493e-07
-9.70055e-08
-8.58582e-08
-7.59178e-08
-6.70627e-08
-5.91826e-08
-5.21775e-08
-4.59566e-08
-4.04379e-08
-3.55472e-08
-3.12175e-08
-2.73884e-08
-2.40055e-08
-2.10199e-08
-1.83877e-08
-1.60694e-08
-1.40297e-08
-1.22369e-08
-1.06628e-08
-9.2821e-09
-8.07231e-09
-7.01335e-09
-6.08735e-09
-5.27846e-09
-4.57259e-09
-3.95725e-09
-3.42137e-09
-2.95517e-09
-2.55001e-09
-2.19824e-09
-1.89315e-09
-1.62882e-09
-1.40002e-09
-1.20219e-09
-1.0313e-09
-8.83844e-10
-7.56731e-10
-6.47266e-10
-5.53096e-10
-4.72165e-10
-4.02682e-10
-3.4309e-10
-2.92031e-10
-2.48328e-10
-2.10959e-10
-1.79039e-10
-1.518e-10
-1.28579e-10
-1.08805e-10
-9.19813e-11
-7.76833e-11
-6.55438e-11
-5.52473e-11
-4.65229e-11
-3.9138e-11
-3.28932e-11
-2.76178e-11
-2.31659e-11
-1.94126e-11
-1.62515e-11
-1.35919e-11
-1.13565e-11
-9.47944e-12
-7.90491e-12
-6.58548e-12
-5.48092e-12
-4.55717e-12
-3.78542e-12
-3.14129e-12
-2.78866e-05
-2.96561e-05
-3.15072e-05
-3.34411e-05
-3.54591e-05
-3.75622e-05
-3.97511e-05
-4.20266e-05
-4.43889e-05
-4.68382e-05
-4.93745e-05
-5.19973e-05
-5.4706e-05
-5.74996e-05
-6.03769e-05
-6.33363e-05
-6.63758e-05
-6.94934e-05
-7.26863e-05
-7.59518e-05
-7.92865e-05
-8.26868e-05
-8.61487e-05
-8.9668e-05
-9.324e-05
-9.68596e-05
-0.000100522
-0.00010422
-0.000107949
-0.000111703
-0.000115474
-0.000119256
-0.000123041
-0.000126823
-0.000130594
-0.000134345
-0.000138069
-0.000141758
-0.000145404
-0.000148997
-0.00015253
-0.000155995
-0.000159383
-0.000162685
-0.000165894
-0.000169001
-0.000171998
-0.000174877
-0.000177631
-0.000180252
-0.000182733
-0.000185068
-0.00018725
-0.000189272
-0.000191129
-0.000192817
-0.000194329
-0.000195662
-0.000196812
-0.000197775
-0.000198549
-0.000199132
-0.000199521
-0.000199716
-0.000199716
-0.000199521
-0.000199132
-0.000198549
-0.000197775
-0.000196812
-0.000195662
-0.000194329
-0.000192817
-0.000191129
-0.000189272
-0.00018725
-0.000185068
-0.000182733
-0.000180252
-0.000177631
-0.000174877
-0.000171998
-0.000169001
-0.000165894
-0.000162685
-0.000159383
-0.000155995
-0.00015253
-0.000148997
-0.000145404
-0.000141758
-0.000138069
-0.000134345
-0.000130594
-0.000126823
-0.000123041
-0.000119256
-0.000115474
-0.000111703
-0.000107949
-0.00010422
-0.000100522
-9.68596e-05
-9.324e-05
-8.9668e-05
-8.61487e-05
-8.26868e-05
-7.92865e-05
-7.59518e-05
-7.26863e-05
-6.94934e-05
-6.63758e-05
-6.33363e-05
-6.03769e-05
-5.74996e-05
-5.4706e-05
-5.19973e-05
-4.93745e-05
-4.68382e-05
-4.43889e-05
-4.20266e-05
-3.97511e-05
-3.75622e-05
-3.54591e-05
-3.34411e-05
-3.15072e-05
-2.96561e-05
-2.78866e-05
-2.6197e-05
-2.45858e-05
-2.30512e-05
-2.15912e-05
-2.0204e-05
-1.88874e-05
-1.76394e-05
-1.64578e-05
-1.53404e-05
-1.42849e-05
-1.3289e-05
-1.23504e-05
-1.1467e-05
-1.06364e-05
-9.85626e-06
-9.12445e-06
-8.43874e-06
-7.79694e-06
-7.19692e-06
-6.63659e-06
-6.11392e-06
-5.6269e-06
-5.17363e-06
-4.75223e-06
-4.36089e-06
-3.99787e-06
-3.6615e-06
-3.35015e-06
-3.06228e-06
-2.79642e-06
-2.55115e-06
-2.32512e-06
-2.11704e-06
-1.92571e-06
-1.74996e-06
-1.58869e-06
-1.44088e-06
-1.30555e-06
-1.18177e-06
-1.06868e-06
-9.65474e-07
-8.71382e-07
-7.85692e-07
-7.07737e-07
-6.36894e-07
-5.72583e-07
-5.14264e-07
-4.61434e-07
-4.13626e-07
-3.7041e-07
-3.31386e-07
-2.96183e-07
-2.64462e-07
-2.35908e-07
-2.10231e-07
-1.87166e-07
-1.66469e-07
-1.47916e-07
-1.31302e-07
-1.16441e-07
-1.03161e-07
-9.13064e-08
-8.07352e-08
-7.13181e-08
-6.2938e-08
-5.54884e-08
-4.88728e-08
-4.30039e-08
-3.78029e-08
-3.31984e-08
-2.91263e-08
-2.55288e-08
-2.23538e-08
-1.95545e-08
-1.70891e-08
-1.49199e-08
-1.30134e-08
-1.13394e-08
-9.8711e-09
-8.58454e-09
-7.45838e-09
-6.47363e-09
-5.61341e-09
-4.86275e-09
-4.20836e-09
-3.63848e-09
-3.14269e-09
-2.71182e-09
-2.33773e-09
-2.01329e-09
-1.73217e-09
-1.48886e-09
-1.27847e-09
-1.09674e-09
-9.39929e-10
-8.04749e-10
-6.88339e-10
-5.88193e-10
-5.02126e-10
-4.28235e-10
-3.64861e-10
-3.10562e-10
-2.64086e-10
-2.24346e-10
-1.904e-10
-1.61432e-10
-1.36738e-10
-1.15709e-10
-9.78181e-11
-8.26127e-11
-6.97029e-11
-5.87531e-11
-4.94751e-11
-4.16215e-11
-3.49804e-11
-2.93703e-11
-2.46359e-11
-2.06444e-11
-1.72828e-11
-1.44544e-11
-1.20771e-11
-1.0081e-11
-8.40652e-12
-7.00336e-12
-5.82872e-12
-4.84635e-12
-4.02562e-12
-3.34062e-12
-2.96272e-05
-3.15072e-05
-3.34738e-05
-3.55284e-05
-3.76724e-05
-3.99067e-05
-4.22323e-05
-4.46497e-05
-4.71595e-05
-4.97618e-05
-5.24564e-05
-5.52429e-05
-5.81206e-05
-6.10886e-05
-6.41455e-05
-6.72895e-05
-7.05188e-05
-7.3831e-05
-7.72232e-05
-8.06925e-05
-8.42353e-05
-8.78479e-05
-9.15259e-05
-9.52649e-05
-9.90598e-05
-0.000102905
-0.000106796
-0.000110725
-0.000114687
-0.000118675
-0.000122681
-0.000126699
-0.000130721
-0.000134739
-0.000138745
-0.00014273
-0.000146687
-0.000150606
-0.000154479
-0.000158297
-0.000162051
-0.000165732
-0.000169331
-0.00017284
-0.000176249
-0.000179549
-0.000182733
-0.000185792
-0.000188718
-0.000191503
-0.000194139
-0.00019662
-0.000198937
-0.000201086
-0.000203059
-0.000204852
-0.000206458
-0.000207875
-0.000209096
-0.00021012
-0.000210942
-0.000211561
-0.000211974
-0.000212182
-0.000212182
-0.000211974
-0.000211561
-0.000210942
-0.00021012
-0.000209096
-0.000207875
-0.000206458
-0.000204852
-0.000203059
-0.000201086
-0.000198937
-0.00019662
-0.000194139
-0.000191503
-0.000188718
-0.000185792
-0.000182733
-0.000179549
-0.000176249
-0.00017284
-0.000169331
-0.000165732
-0.000162051
-0.000158297
-0.000154479
-0.000150606
-0.000146687
-0.00014273
-0.000138745
-0.000134739
-0.000130721
-0.000126699
-0.000122681
-0.000118675
-0.000114687
-0.000110725
-0.000106796
-0.000102905
-9.90598e-05
-9.52649e-05
-9.15259e-05
-8.78479e-05
-8.42353e-05
-8.06925e-05
-7.72232e-05
-7.3831e-05
-7.05188e-05
-6.72895e-05
-6.41455e-05
-6.10886e-05
-5.81206e-05
-5.52429e-05
-5.24564e-05
-4.97618e-05
-4.71595e-05
-4.46497e-05
-4.22323e-05
-3.99067e-05
-3.76724e-05
-3.55284e-05
-3.34738e-05
-3.15072e-05
-2.96272e-05
-2.78322e-05
-2.61204e-05
-2.44899e-05
-2.29389e-05
-2.14651e-05
-2.00663e-05
-1.87405e-05
-1.74851e-05
-1.62979e-05
-1.51765e-05
-1.41184e-05
-1.31213e-05
-1.21827e-05
-1.13003e-05
-1.04715e-05
-9.69398e-06
-8.96546e-06
-8.28361e-06
-7.64613e-06
-7.05083e-06
-6.49553e-06
-5.97812e-06
-5.49656e-06
-5.04885e-06
-4.63309e-06
-4.24741e-06
-3.89004e-06
-3.55926e-06
-3.25342e-06
-2.97097e-06
-2.71039e-06
-2.47025e-06
-2.24918e-06
-2.04591e-06
-1.85918e-06
-1.68785e-06
-1.53082e-06
-1.38704e-06
-1.25553e-06
-1.13539e-06
-1.02574e-06
-9.25771e-07
-8.34733e-07
-7.51912e-07
-6.76648e-07
-6.08323e-07
-5.46363e-07
-4.90235e-07
-4.39444e-07
-3.9353e-07
-3.5207e-07
-3.1467e-07
-2.80969e-07
-2.50632e-07
-2.23353e-07
-1.98848e-07
-1.76859e-07
-1.57148e-07
-1.39498e-07
-1.23709e-07
-1.096e-07
-9.70055e-08
-8.57744e-08
-7.57696e-08
-6.68665e-08
-5.89519e-08
-5.19233e-08
-4.56881e-08
-4.01624e-08
-3.52706e-08
-3.09443e-08
-2.71222e-08
-2.3749e-08
-2.0775e-08
-1.81557e-08
-1.58512e-08
-1.38257e-08
-1.20472e-08
-1.04872e-08
-9.12037e-09
-7.92391e-09
-6.87769e-09
-5.96379e-09
-5.16627e-09
-4.47103e-09
-3.86558e-09
-3.33885e-09
-2.88108e-09
-2.48365e-09
-2.13895e-09
-1.84029e-09
-1.58179e-09
-1.35827e-09
-1.1652e-09
-9.98597e-10
-8.5498e-10
-7.31303e-10
-6.24906e-10
-5.33468e-10
-4.54964e-10
-3.87634e-10
-3.29946e-10
-2.80569e-10
-2.38349e-10
-2.02284e-10
-1.71508e-10
-1.45273e-10
-1.22931e-10
-1.03924e-10
-8.77692e-11
-7.40536e-11
-6.24203e-11
-5.25632e-11
-4.42194e-11
-3.71638e-11
-3.12035e-11
-2.61736e-11
-2.1933e-11
-1.83615e-11
-1.53566e-11
-1.28309e-11
-1.07102e-11
-8.93123e-12
-7.44049e-12
-6.19253e-12
-5.14885e-12
-4.27689e-12
-3.54913e-12
-3.14457e-05
-3.34411e-05
-3.55284e-05
-3.77092e-05
-3.99847e-05
-4.23562e-05
-4.48245e-05
-4.73904e-05
-5.00542e-05
-5.28162e-05
-5.56761e-05
-5.86337e-05
-6.16881e-05
-6.48382e-05
-6.80827e-05
-7.14198e-05
-7.48473e-05
-7.83627e-05
-8.19632e-05
-8.56454e-05
-8.94057e-05
-9.324e-05
-9.71438e-05
-0.000101112
-0.00010514
-0.000109222
-0.000113351
-0.000117522
-0.000121727
-0.000125959
-0.000130212
-0.000134476
-0.000138745
-0.00014301
-0.000147261
-0.000151491
-0.000155691
-0.000159851
-0.000163961
-0.000168013
-0.000171998
-0.000175905
-0.000179725
-0.000183449
-0.000187067
-0.00019057
-0.00019395
-0.000197196
-0.000200302
-0.000203257
-0.000206055
-0.000208688
-0.000211148
-0.000213428
-0.000215523
-0.000217426
-0.000219131
-0.000220634
-0.00022193
-0.000223017
-0.00022389
-0.000224547
-0.000224986
-0.000225205
-0.000225205
-0.000224986
-0.000224547
-0.00022389
-0.000223017
-0.00022193
-0.000220634
-0.000219131
-0.000217426
-0.000215523
-0.000213428
-0.000211148
-0.000208688
-0.000206055
-0.000203257
-0.000200302
-0.000197196
-0.00019395
-0.00019057
-0.000187067
-0.000183449
-0.000179725
-0.000175905
-0.000171998
-0.000168013
-0.000163961
-0.000159851
-0.000155691
-0.000151491
-0.000147261
-0.00014301
-0.000138745
-0.000134476
-0.000130212
-0.000125959
-0.000121727
-0.000117522
-0.000113351
-0.000109222
-0.00010514
-0.000101112
-9.71438e-05
-9.324e-05
-8.94057e-05
-8.56454e-05
-8.19632e-05
-7.83627e-05
-7.48473e-05
-7.14198e-05
-6.80827e-05
-6.48382e-05
-6.16881e-05
-5.86337e-05
-5.56761e-05
-5.28162e-05
-5.00542e-05
-4.73904e-05
-4.48245e-05
-4.23562e-05
-3.99847e-05
-3.77092e-05
-3.55284e-05
-3.34411e-05
-3.14457e-05
-2.95405e-05
-2.77237e-05
-2.59931e-05
-2.43469e-05
-2.27826e-05
-2.1298e-05
-1.98908e-05
-1.85583e-05
-1.72983e-05
-1.6108e-05
-1.4985e-05
-1.39267e-05
-1.29305e-05
-1.19939e-05
-1.11142e-05
-1.0289e-05
-9.51577e-06
-8.79206e-06
-8.11546e-06
-7.48361e-06
-6.89423e-06
-6.34506e-06
-5.83394e-06
-5.35875e-06
-4.91747e-06
-4.50812e-06
-4.12881e-06
-3.77773e-06
-3.45312e-06
-3.15333e-06
-2.87675e-06
-2.62187e-06
-2.38724e-06
-2.17148e-06
-1.9733e-06
-1.79146e-06
-1.62478e-06
-1.47217e-06
-1.3326e-06
-1.20508e-06
-1.0887e-06
-9.82596e-07
-8.85969e-07
-7.98065e-07
-7.18181e-07
-6.45662e-07
-5.79899e-07
-5.20326e-07
-4.66417e-07
-4.17686e-07
-3.7368e-07
-3.33985e-07
-2.98215e-07
-2.66016e-07
-2.37062e-07
-2.11054e-07
-1.87715e-07
-1.66794e-07
-1.4806e-07
-1.31302e-07
-1.16327e-07
-1.0296e-07
-9.10393e-08
-8.04204e-08
-7.09708e-08
-6.25703e-08
-5.51104e-08
-4.84925e-08
-4.26276e-08
-3.74355e-08
-3.28437e-08
-2.8787e-08
-2.52067e-08
-2.20502e-08
-1.92701e-08
-1.68241e-08
-1.46743e-08
-1.27866e-08
-1.11309e-08
-9.68018e-09
-8.41029e-09
-7.29985e-09
-6.32985e-09
-5.48338e-09
-4.74547e-09
-4.10285e-09
-3.54379e-09
-3.05793e-09
-2.6361e-09
-2.27024e-09
-1.95325e-09
-1.67888e-09
-1.44164e-09
-1.23672e-09
-1.05989e-09
-9.07459e-10
-7.76191e-10
-6.63263e-10
-5.66212e-10
-4.8289e-10
-4.11427e-10
-3.50198e-10
-2.97791e-10
-2.52978e-10
-2.147e-10
-1.82036e-10
-1.5419e-10
-1.30477e-10
-1.10302e-10
-9.31565e-11
-7.8599e-11
-6.62517e-11
-5.57895e-11
-4.69336e-11
-3.9445e-11
-3.31188e-11
-2.77801e-11
-2.32792e-11
-1.94886e-11
-1.62992e-11
-1.36185e-11
-1.13676e-11
-9.47944e-12
-7.89719e-12
-6.57263e-12
-5.46489e-12
-4.53941e-12
-3.76698e-12
-3.33433e-05
-3.54591e-05
-3.76724e-05
-3.99847e-05
-4.23976e-05
-4.49121e-05
-4.75294e-05
-5.02501e-05
-5.30747e-05
-5.60033e-05
-5.90359e-05
-6.21719e-05
-6.54106e-05
-6.87509e-05
-7.21911e-05
-7.57296e-05
-7.93639e-05
-8.30915e-05
-8.69092e-05
-9.08136e-05
-9.48008e-05
-9.88665e-05
-0.000103006
-0.000107214
-0.000111485
-0.000115813
-0.000120191
-0.000124613
-0.000129072
-0.00013356
-0.000138069
-0.000142591
-0.000147117
-0.000151639
-0.000156148
-0.000160633
-0.000165086
-0.000169497
-0.000173855
-0.000178152
-0.000182377
-0.00018652
-0.00019057
-0.000194519
-0.000198355
-0.00020207
-0.000205653
-0.000209096
-0.000212389
-0.000215523
-0.00021849
-0.000221281
-0.00022389
-0.000226308
-0.000228529
-0.000230546
-0.000232354
-0.000233948
-0.000235323
-0.000236475
-0.0002374
-0.000238097
-0.000238562
-0.000238795
-0.000238795
-0.000238562
-0.000238097
-0.0002374
-0.000236475
-0.000235323
-0.000233948
-0.000232354
-0.000230546
-0.000228529
-0.000226308
-0.00022389
-0.000221281
-0.00021849
-0.000215523
-0.000212389
-0.000209096
-0.000205653
-0.00020207
-0.000198355
-0.000194519
-0.00019057
-0.00018652
-0.000182377
-0.000178152
-0.000173855
-0.000169497
-0.000165086
-0.000160633
-0.000156148
-0.000151639
-0.000147117
-0.000142591
-0.000138069
-0.00013356
-0.000129072
-0.000124613
-0.000120191
-0.000115813
-0.000111485
-0.000107214
-0.000103006
-9.88665e-05
-9.48008e-05
-9.08136e-05
-8.69092e-05
-8.30915e-05
-7.93639e-05
-7.57296e-05
-7.21911e-05
-6.87509e-05
-6.54106e-05
-6.21719e-05
-5.90359e-05
-5.60033e-05
-5.30747e-05
-5.02501e-05
-4.75294e-05
-4.49121e-05
-4.23976e-05
-3.99847e-05
-3.76724e-05
-3.54591e-05
-3.33433e-05
-3.13231e-05
-2.93966e-05
-2.75617e-05
-2.58161e-05
-2.41574e-05
-2.25832e-05
-2.1091e-05
-1.96782e-05
-1.83421e-05
-1.708e-05
-1.58893e-05
-1.47671e-05
-1.37108e-05
-1.27176e-05
-1.17849e-05
-1.09099e-05
-1.009e-05
-9.32261e-06
-8.60518e-06
-7.93521e-06
-7.31026e-06
-6.72795e-06
-6.18598e-06
-5.68212e-06
-5.21421e-06
-4.78016e-06
-4.37796e-06
-4.00569e-06
-3.6615e-06
-3.34361e-06
-3.05035e-06
-2.78008e-06
-2.5313e-06
-2.30252e-06
-2.09238e-06
-1.89956e-06
-1.72283e-06
-1.56101e-06
-1.41301e-06
-1.2778e-06
-1.15439e-06
-1.04189e-06
-9.39432e-07
-8.46224e-07
-7.61519e-07
-6.84624e-07
-6.14893e-07
-5.51725e-07
-4.94563e-07
-4.42891e-07
-3.9623e-07
-3.54139e-07
-3.16211e-07
-2.82069e-07
-2.51368e-07
-2.23789e-07
-1.99042e-07
-1.76859e-07
-1.56995e-07
-1.39226e-07
-1.23347e-07
-1.09173e-07
-9.6533e-08
-8.52733e-08
-7.52534e-08
-6.63461e-08
-5.8436e-08
-5.14187e-08
-4.52e-08
-3.96945e-08
-3.48256e-08
-3.05241e-08
-2.67278e-08
-2.33808e-08
-2.0433e-08
-1.78394e-08
-1.55598e-08
-1.35582e-08
-1.18026e-08
-1.02643e-08
-8.9178e-09
-7.74036e-09
-6.71182e-09
-5.81427e-09
-5.03183e-09
-4.35043e-09
-3.75764e-09
-3.24245e-09
-2.79517e-09
-2.40724e-09
-2.07112e-09
-1.78019e-09
-1.52864e-09
-1.31135e-09
-1.12385e-09
-9.62219e-10
-8.23029e-10
-7.03287e-10
-6.0038e-10
-5.1203e-10
-4.36255e-10
-3.71331e-10
-3.15761e-10
-2.68244e-10
-2.27656e-10
-1.93021e-10
-1.63495e-10
-1.3835e-10
-1.16959e-10
-9.8778e-11
-8.3342e-11
-7.02496e-11
-5.91561e-11
-4.97658e-11
-4.18252e-11
-3.51173e-11
-2.94565e-11
-2.4684e-11
-2.06646e-11
-1.72828e-11
-1.44403e-11
-1.20535e-11
-1.00515e-11
-8.37375e-12
-6.96925e-12
-5.79466e-12
-4.81334e-12
-3.99429e-12
-3.53209e-05
-3.75622e-05
-3.99067e-05
-4.23562e-05
-4.49121e-05
-4.75758e-05
-5.03483e-05
-5.32304e-05
-5.62225e-05
-5.93249e-05
-6.25373e-05
-6.58593e-05
-6.92901e-05
-7.28284e-05
-7.64728e-05
-8.02211e-05
-8.4071e-05
-8.80196e-05
-9.20638e-05
-9.61997e-05
-0.000100423
-0.00010473
-0.000109115
-0.000113573
-0.000118097
-0.000122681
-0.00012732
-0.000132004
-0.000136727
-0.000141481
-0.000146258
-0.000151048
-0.000155843
-0.000160633
-0.000165409
-0.00017016
-0.000174877
-0.000179549
-0.000184167
-0.000188718
-0.000193194
-0.000197582
-0.000201873
-0.000206055
-0.00021012
-0.000214055
-0.000217851
-0.000221497
-0.000224986
-0.000228305
-0.000231448
-0.000234405
-0.000237168
-0.00023973
-0.000242082
-0.000244219
-0.000246135
-0.000247823
-0.00024928
-0.0002505
-0.00025148
-0.000252218
-0.000252711
-0.000252958
-0.000252958
-0.000252711
-0.000252218
-0.00025148
-0.0002505
-0.00024928
-0.000247823
-0.000246135
-0.000244219
-0.000242082
-0.00023973
-0.000237168
-0.000234405
-0.000231448
-0.000228305
-0.000224986
-0.000221497
-0.000217851
-0.000214055
-0.00021012
-0.000206055
-0.000201873
-0.000197582
-0.000193194
-0.000188718
-0.000184167
-0.000179549
-0.000174877
-0.00017016
-0.000165409
-0.000160633
-0.000155843
-0.000151048
-0.000146258
-0.000141481
-0.000136727
-0.000132004
-0.00012732
-0.000122681
-0.000118097
-0.000113573
-0.000109115
-0.00010473
-0.000100423
-9.61997e-05
-9.20638e-05
-8.80196e-05
-8.4071e-05
-8.02211e-05
-7.64728e-05
-7.28284e-05
-6.92901e-05
-6.58593e-05
-6.25373e-05
-5.93249e-05
-5.62225e-05
-5.32304e-05
-5.03483e-05
-4.75758e-05
-4.49121e-05
-4.23562e-05
-3.99067e-05
-3.75622e-05
-3.53209e-05
-3.31809e-05
-3.11401e-05
-2.91964e-05
-2.73472e-05
-2.55902e-05
-2.39226e-05
-2.23419e-05
-2.08453e-05
-1.943e-05
-1.80931e-05
-1.68317e-05
-1.5643e-05
-1.4524e-05
-1.34719e-05
-1.24838e-05
-1.15569e-05
-1.06884e-05
-9.87553e-06
-9.11555e-06
-8.40584e-06
-7.74382e-06
-7.12698e-06
-6.55287e-06
-6.01913e-06
-5.52346e-06
-5.06367e-06
-4.63761e-06
-4.24326e-06
-3.87866e-06
-3.54192e-06
-3.23126e-06
-2.94497e-06
-2.68143e-06
-2.43908e-06
-2.21648e-06
-2.01222e-06
-1.82501e-06
-1.65359e-06
-1.49682e-06
-1.35358e-06
-1.22286e-06
-1.10368e-06
-9.95149e-07
-8.96413e-07
-8.06684e-07
-7.25228e-07
-6.51362e-07
-5.84447e-07
-5.23895e-07
-4.69158e-07
-4.1973e-07
-3.75143e-07
-3.34965e-07
-2.98798e-07
-2.66276e-07
-2.37062e-07
-2.10848e-07
-1.87349e-07
-1.66306e-07
-1.47483e-07
-1.30663e-07
-1.15648e-07
-1.02258e-07
-9.03308e-08
-7.97167e-08
-7.02811e-08
-6.19018e-08
-5.44683e-08
-4.78807e-08
-4.20488e-08
-3.68911e-08
-3.23345e-08
-2.8313e-08
-2.47675e-08
-2.16449e-08
-1.88974e-08
-1.64826e-08
-1.43624e-08
-1.25026e-08
-1.08731e-08
-9.44671e-09
-8.19943e-09
-7.10989e-09
-6.15911e-09
-5.33026e-09
-4.60846e-09
-3.9805e-09
-3.43476e-09
-2.96095e-09
-2.55001e-09
-2.19395e-09
-1.88577e-09
-1.6193e-09
-1.38913e-09
-1.1905e-09
-1.01929e-09
-8.71843e-10
-7.44999e-10
-6.35988e-10
-5.42398e-10
-4.62129e-10
-3.93354e-10
-3.34488e-10
-2.84154e-10
-2.41158e-10
-2.04468e-10
-1.73192e-10
-1.46556e-10
-1.23895e-10
-1.04636e-10
-8.8285e-11
-7.44161e-11
-6.26646e-11
-5.27174e-11
-4.43059e-11
-3.72001e-11
-3.12035e-11
-2.6148e-11
-2.18902e-11
-1.83078e-11
-1.52968e-11
-1.27684e-11
-1.06476e-11
-8.87039e-12
-7.38259e-12
-6.13834e-12
-5.09881e-12
-4.23119e-12
-3.73792e-05
-3.97511e-05
-4.22323e-05
-4.48245e-05
-4.75294e-05
-5.03483e-05
-5.32824e-05
-5.63324e-05
-5.94989e-05
-6.2782e-05
-6.61817e-05
-6.96973e-05
-7.3328e-05
-7.70725e-05
-8.09292e-05
-8.4896e-05
-8.89702e-05
-9.3149e-05
-9.74288e-05
-0.000101806
-0.000106276
-0.000110833
-0.000115474
-0.000120191
-0.000124979
-0.000129831
-0.000134739
-0.000139697
-0.000144695
-0.000149726
-0.000154781
-0.000159851
-0.000164925
-0.000169994
-0.000175048
-0.000180076
-0.000185068
-0.000190013
-0.000194899
-0.000199716
-0.000204452
-0.000209096
-0.000213637
-0.000218063
-0.000222364
-0.000226529
-0.000230546
-0.000234405
-0.000238097
-0.00024161
-0.000244936
-0.000248065
-0.000250989
-0.0002537
-0.00025619
-0.000258451
-0.000260479
-0.000262265
-0.000263806
-0.000265098
-0.000266135
-0.000266916
-0.000267438
-0.000267699
-0.000267699
-0.000267438
-0.000266916
-0.000266135
-0.000265098
-0.000263806
-0.000262265
-0.000260479
-0.000258451
-0.00025619
-0.0002537
-0.000250989
-0.000248065
-0.000244936
-0.00024161
-0.000238097
-0.000234405
-0.000230546
-0.000226529
-0.000222364
-0.000218063
-0.000213637
-0.000209096
-0.000204452
-0.000199716
-0.000194899
-0.000190013
-0.000185068
-0.000180076
-0.000175048
-0.000169994
-0.000164925
-0.000159851
-0.000154781
-0.000149726
-0.000144695
-0.000139697
-0.000134739
-0.000129831
-0.000124979
-0.000120191
-0.000115474
-0.000110833
-0.000106276
-0.000101806
-9.74288e-05
-9.3149e-05
-8.89702e-05
-8.4896e-05
-8.09292e-05
-7.70725e-05
-7.3328e-05
-6.96973e-05
-6.61817e-05
-6.2782e-05
-5.94989e-05
-5.63324e-05
-5.32824e-05
-5.03483e-05
-4.75294e-05
-4.48245e-05
-4.22323e-05
-3.97511e-05
-3.73792e-05
-3.51145e-05
-3.29548e-05
-3.08978e-05
-2.89409e-05
-2.70814e-05
-2.53167e-05
-2.36439e-05
-2.20601e-05
-2.05623e-05
-1.91474e-05
-1.78126e-05
-1.65546e-05
-1.53704e-05
-1.4257e-05
-1.32113e-05
-1.22304e-05
-1.13113e-05
-1.0451e-05
-9.64676e-06
-8.89569e-06
-8.1951e-06
-7.54231e-06
-6.93474e-06
-6.36989e-06
-5.84534e-06
-5.35875e-06
-4.90787e-06
-4.49054e-06
-4.10469e-06
-3.74833e-06
-3.41956e-06
-3.11659e-06
-2.83769e-06
-2.58122e-06
-2.34564e-06
-2.12948e-06
-1.93136e-06
-1.74996e-06
-1.58404e-06
-1.43246e-06
-1.29412e-06
-1.168e-06
-1.05314e-06
-9.48651e-07
-8.53694e-07
-7.67491e-07
-6.8932e-07
-6.18506e-07
-5.54425e-07
-4.96498e-07
-4.4419e-07
-3.97005e-07
-3.54485e-07
-3.16211e-07
-2.81793e-07
-2.50877e-07
-2.23135e-07
-1.98266e-07
-1.75998e-07
-1.56078e-07
-1.38277e-07
-1.22387e-07
-1.08217e-07
-9.55949e-08
-8.43622e-08
-7.43767e-08
-6.55091e-08
-5.76425e-08
-5.0671e-08
-4.44992e-08
-3.9041e-08
-3.42188e-08
-2.9963e-08
-2.62109e-08
-2.29062e-08
-1.99987e-08
-1.74432e-08
-1.51993e-08
-1.32312e-08
-1.15067e-08
-9.99722e-09
-8.67726e-09
-7.52422e-09
-6.51803e-09
-5.64089e-09
-4.87702e-09
-4.21247e-09
-3.63492e-09
-3.1335e-09
-2.69861e-09
-2.32181e-09
-1.99567e-09
-1.71367e-09
-1.47008e-09
-1.25988e-09
-1.07869e-09
-9.2265e-10
-7.88414e-10
-6.7305e-10
-5.74006e-10
-4.89059e-10
-4.16277e-10
-3.53981e-10
-3.00713e-10
-2.55212e-10
-2.16384e-10
-1.83284e-10
-1.55096e-10
-1.31115e-10
-1.10734e-10
-9.34298e-11
-7.87527e-11
-6.63164e-11
-5.57895e-11
-4.68878e-11
-3.9368e-11
-3.30219e-11
-2.76718e-11
-2.31659e-11
-1.93747e-11
-1.61882e-11
-1.35125e-11
-1.12681e-11
-9.38731e-12
-7.81282e-12
-6.49606e-12
-5.39595e-12
-4.47777e-12
-3.95189e-05
-4.20266e-05
-4.46497e-05
-4.73904e-05
-5.02501e-05
-5.32304e-05
-5.63324e-05
-5.9557e-05
-6.29048e-05
-6.63758e-05
-6.99701e-05
-7.36869e-05
-7.75255e-05
-8.14844e-05
-8.55618e-05
-8.97556e-05
-9.40631e-05
-9.84811e-05
-0.000103006
-0.000107633
-0.000112359
-0.000117178
-0.000122084
-0.000127071
-0.000132133
-0.000137263
-0.000142452
-0.000147693
-0.000152978
-0.000158297
-0.000163641
-0.000169001
-0.000174365
-0.000179725
-0.000185068
-0.000190384
-0.000195662
-0.000200889
-0.000206055
-0.000211148
-0.000216155
-0.000221065
-0.000225866
-0.000230546
-0.000235093
-0.000239496
-0.000243743
-0.000247823
-0.000251726
-0.00025544
-0.000258957
-0.000262265
-0.000265357
-0.000268223
-0.000270855
-0.000273246
-0.000275389
-0.000277278
-0.000278907
-0.000280273
-0.00028137
-0.000282195
-0.000282747
-0.000283023
-0.000283023
-0.000282747
-0.000282195
-0.00028137
-0.000280273
-0.000278907
-0.000277278
-0.000275389
-0.000273246
-0.000270855
-0.000268223
-0.000265357
-0.000262265
-0.000258957
-0.00025544
-0.000251726
-0.000247823
-0.000243743
-0.000239496
-0.000235093
-0.000230546
-0.000225866
-0.000221065
-0.000216155
-0.000211148
-0.000206055
-0.000200889
-0.000195662
-0.000190384
-0.000185068
-0.000179725
-0.000174365
-0.000169001
-0.000163641
-0.000158297
-0.000152978
-0.000147693
-0.000142452
-0.000137263
-0.000132133
-0.000127071
-0.000122084
-0.000117178
-0.000112359
-0.000107633
-0.000103006
-9.84811e-05
-9.40631e-05
-8.97556e-05
-8.55618e-05
-8.14844e-05
-7.75255e-05
-7.36869e-05
-6.99701e-05
-6.63758e-05
-6.29048e-05
-5.9557e-05
-5.63324e-05
-5.32304e-05
-5.02501e-05
-4.73904e-05
-4.46497e-05
-4.20266e-05
-3.95189e-05
-3.71245e-05
-3.48412e-05
-3.26665e-05
-3.05975e-05
-2.86316e-05
-2.67659e-05
-2.49974e-05
-2.33229e-05
-2.17393e-05
-2.02435e-05
-1.88322e-05
-1.75022e-05
-1.62502e-05
-1.50731e-05
-1.39676e-05
-1.29305e-05
-1.19588e-05
-1.10493e-05
-1.0199e-05
-9.40491e-06
-8.6642e-06
-7.97405e-06
-7.3317e-06
-6.73452e-06
-6.17995e-06
-5.6655e-06
-5.18881e-06
-4.74759e-06
-4.33965e-06
-3.96289e-06
-3.61531e-06
-3.29499e-06
-3.00012e-06
-2.72898e-06
-2.47991e-06
-2.25138e-06
-2.04191e-06
-1.85013e-06
-1.67472e-06
-1.51446e-06
-1.3682e-06
-1.23486e-06
-1.11343e-06
-1.00295e-06
-9.02561e-07
-8.11425e-07
-7.28778e-07
-6.53911e-07
-5.86162e-07
-5.24919e-07
-4.69616e-07
-4.1973e-07
-3.74777e-07
-3.34311e-07
-2.97924e-07
-2.65238e-07
-2.35908e-07
-2.09616e-07
-1.86072e-07
-1.65012e-07
-1.46192e-07
-1.29393e-07
-1.14412e-07
-1.01067e-07
-8.91913e-08
-7.86342e-08
-6.92591e-08
-6.09421e-08
-5.35715e-08
-4.70464e-08
-4.12758e-08
-3.61776e-08
-3.16782e-08
-2.77112e-08
-2.42174e-08
-2.11435e-08
-1.84416e-08
-1.60694e-08
-1.39886e-08
-1.21654e-08
-1.05695e-08
-9.17396e-09
-7.95493e-09
-6.89114e-09
-5.96379e-09
-5.15619e-09
-4.4536e-09
-3.843e-09
-3.31287e-09
-2.85308e-09
-2.45471e-09
-2.10991e-09
-1.81176e-09
-1.55423e-09
-1.332e-09
-1.14043e-09
-9.75465e-10
-8.33545e-10
-7.11577e-10
-6.06864e-10
-5.17054e-10
-4.40106e-10
-3.74243e-10
-3.17926e-10
-2.69821e-10
-2.2877e-10
-1.93776e-10
-1.63974e-10
-1.38621e-10
-1.17073e-10
-9.8778e-11
-8.32607e-11
-7.01125e-11
-5.8983e-11
-4.95718e-11
-4.16215e-11
-3.49122e-11
-2.92558e-11
-2.44919e-11
-2.04838e-11
-1.71148e-11
-1.4286e-11
-1.19131e-11
-9.92467e-12
-8.26004e-12
-6.86791e-12
-5.70482e-12
-4.73409e-12
-4.17402e-05
-4.43889e-05
-4.71595e-05
-5.00542e-05
-5.30747e-05
-5.62225e-05
-5.94989e-05
-6.29048e-05
-6.64407e-05
-7.01068e-05
-7.39031e-05
-7.78289e-05
-8.18832e-05
-8.60646e-05
-9.03713e-05
-9.48008e-05
-9.93504e-05
-0.000104017
-0.000108796
-0.000113684
-0.000118675
-0.000123764
-0.000128946
-0.000134214
-0.00013956
-0.000144978
-0.000150459
-0.000155995
-0.000161577
-0.000167195
-0.00017284
-0.0001785
-0.000184167
-0.000189827
-0.000195471
-0.000201086
-0.00020666
-0.000212182
-0.000217638
-0.000223017
-0.000228305
-0.000233491
-0.000238562
-0.000243505
-0.000248308
-0.000252958
-0.000257444
-0.000261754
-0.000265876
-0.000269799
-0.000273513
-0.000277007
-0.000280273
-0.0002833
-0.00028608
-0.000288605
-0.000290869
-0.000292864
-0.000294585
-0.000296027
-0.000297185
-0.000298057
-0.00029864
-0.000298932
-0.000298932
-0.00029864
-0.000298057
-0.000297185
-0.000296027
-0.000294585
-0.000292864
-0.000290869
-0.000288605
-0.00028608
-0.0002833
-0.000280273
-0.000277007
-0.000273513
-0.000269799
-0.000265876
-0.000261754
-0.000257444
-0.000252958
-0.000248308
-0.000243505
-0.000238562
-0.000233491
-0.000228305
-0.000223017
-0.000217638
-0.000212182
-0.00020666
-0.000201086
-0.000195471
-0.000189827
-0.000184167
-0.0001785
-0.00017284
-0.000167195
-0.000161577
-0.000155995
-0.000150459
-0.000144978
-0.00013956
-0.000134214
-0.000128946
-0.000123764
-0.000118675
-0.000113684
-0.000108796
-0.000104017
-9.93504e-05
-9.48008e-05
-9.03713e-05
-8.60646e-05
-8.18832e-05
-7.78289e-05
-7.39031e-05
-7.01068e-05
-6.64407e-05
-6.29048e-05
-5.94989e-05
-5.62225e-05
-5.30747e-05
-5.00542e-05
-4.71595e-05
-4.43889e-05
-4.17402e-05
-3.92113e-05
-3.67997e-05
-3.45026e-05
-3.23174e-05
-3.0241e-05
-2.82705e-05
-2.64025e-05
-2.46339e-05
-2.29613e-05
-2.13814e-05
-1.98908e-05
-1.8486e-05
-1.71637e-05
-1.59204e-05
-1.47527e-05
-1.36574e-05
-1.2631e-05
-1.16704e-05
-1.07723e-05
-9.93356e-06
-9.15122e-06
-8.42227e-06
-7.74382e-06
-7.11307e-06
-6.52732e-06
-5.98396e-06
-5.48048e-06
-5.01446e-06
-4.58358e-06
-4.18565e-06
-3.81853e-06
-3.4802e-06
-3.16876e-06
-2.88237e-06
-2.61931e-06
-2.37793e-06
-2.15669e-06
-1.95412e-06
-1.76886e-06
-1.59959e-06
-1.44511e-06
-1.30427e-06
-1.17601e-06
-1.05933e-06
-9.53295e-07
-8.57035e-07
-7.69743e-07
-6.90668e-07
-6.1911e-07
-5.54425e-07
-4.96014e-07
-4.43323e-07
-3.95843e-07
-3.53103e-07
-3.1467e-07
-2.80147e-07
-2.49168e-07
-2.21398e-07
-1.96531e-07
-1.74287e-07
-1.5441e-07
-1.36666e-07
-1.20843e-07
-1.06748e-07
-9.42048e-08
-8.30543e-08
-7.31521e-08
-6.43677e-08
-5.65828e-08
-4.96909e-08
-4.35959e-08
-3.82111e-08
-3.34588e-08
-2.92689e-08
-2.55787e-08
-2.23319e-08
-1.94783e-08
-1.69727e-08
-1.47749e-08
-1.28492e-08
-1.11636e-08
-9.68964e-09
-8.40208e-09
-7.2785e-09
-6.29901e-09
-5.44602e-09
-4.70394e-09
-4.05901e-09
-3.49909e-09
-3.01346e-09
-2.59269e-09
-2.2285e-09
-1.9136e-09
-1.64159e-09
-1.40687e-09
-1.20454e-09
-1.0303e-09
-8.80399e-10
-7.51575e-10
-6.40976e-10
-5.46118e-10
-4.64844e-10
-3.9528e-10
-3.35797e-10
-2.84987e-10
-2.4163e-10
-2.04668e-10
-1.73192e-10
-1.46413e-10
-1.23654e-10
-1.0433e-10
-8.79408e-11
-7.40536e-11
-6.22985e-11
-5.23582e-11
-4.39611e-11
-3.68746e-11
-3.09003e-11
-2.58686e-11
-2.16352e-11
-1.80769e-11
-1.5089e-11
-1.25828e-11
-1.04825e-11
-8.72434e-12
-7.25395e-12
-6.0255e-12
-5.00019e-12
-4.40435e-05
-4.68382e-05
-4.97618e-05
-5.28162e-05
-5.60033e-05
-5.93249e-05
-6.2782e-05
-6.63758e-05
-7.01068e-05
-7.39753e-05
-7.7981e-05
-8.21234e-05
-8.64015e-05
-9.08136e-05
-9.53579e-05
-0.000100032
-0.000104833
-0.000109756
-0.000114799
-0.000119957
-0.000125223
-0.000130594
-0.000136061
-0.00014162
-0.000147261
-0.000152978
-0.000158762
-0.000164603
-0.000170493
-0.000176421
-0.000182377
-0.00018835
-0.000194329
-0.000200302
-0.000206257
-0.000212182
-0.000218063
-0.00022389
-0.000229647
-0.000235323
-0.000240903
-0.000246375
-0.000251726
-0.000256942
-0.000262009
-0.000266916
-0.00027165
-0.000276197
-0.000280546
-0.000284686
-0.000288605
-0.000292292
-0.000295738
-0.000298932
-0.000301865
-0.00030453
-0.000306919
-0.000309024
-0.00031084
-0.000312361
-0.000313584
-0.000314504
-0.000315119
-0.000315427
-0.000315427
-0.000315119
-0.000314504
-0.000313584
-0.000312361
-0.00031084
-0.000309024
-0.000306919
-0.00030453
-0.000301865
-0.000298932
-0.000295738
-0.000292292
-0.000288605
-0.000284686
-0.000280546
-0.000276197
-0.00027165
-0.000266916
-0.000262009
-0.000256942
-0.000251726
-0.000246375
-0.000240903
-0.000235323
-0.000229647
-0.00022389
-0.000218063
-0.000212182
-0.000206257
-0.000200302
-0.000194329
-0.00018835
-0.000182377
-0.000176421
-0.000170493
-0.000164603
-0.000158762
-0.000152978
-0.000147261
-0.00014162
-0.000136061
-0.000130594
-0.000125223
-0.000119957
-0.000114799
-0.000109756
-0.000104833
-0.000100032
-9.53579e-05
-9.08136e-05
-8.64015e-05
-8.21234e-05
-7.7981e-05
-7.39753e-05
-7.01068e-05
-6.63758e-05
-6.2782e-05
-5.93249e-05
-5.60033e-05
-5.28162e-05
-4.97618e-05
-4.68382e-05
-4.40435e-05
-4.1375e-05
-3.88303e-05
-3.64065e-05
-3.41007e-05
-3.19097e-05
-2.98304e-05
-2.78594e-05
-2.59931e-05
-2.42283e-05
-2.25612e-05
-2.09883e-05
-1.9506e-05
-1.81107e-05
-1.67988e-05
-1.55668e-05
-1.4411e-05
-1.3328e-05
-1.23143e-05
-1.13667e-05
-1.04817e-05
-9.65618e-06
-8.88701e-06
-8.17112e-06
-7.50557e-06
-6.8875e-06
-6.31415e-06
-5.78289e-06
-5.29115e-06
-4.8365e-06
-4.41661e-06
-4.02923e-06
-3.67224e-06
-3.34361e-06
-3.04142e-06
-2.76384e-06
-2.50915e-06
-2.2757e-06
-2.06195e-06
-1.86646e-06
-1.68785e-06
-1.52485e-06
-1.37624e-06
-1.2409e-06
-1.11778e-06
-1.0059e-06
-9.04326e-07
-8.12217e-07
-7.28778e-07
-6.53273e-07
-5.85018e-07
-5.23384e-07
-4.67786e-07
-4.17686e-07
-3.72587e-07
-3.32034e-07
-2.95605e-07
-2.62917e-07
-2.33615e-07
-2.07376e-07
-1.83904e-07
-1.6293e-07
-1.44207e-07
-1.27511e-07
-1.12638e-07
-9.9403e-08
-8.76372e-08
-7.71886e-08
-6.79195e-08
-5.9705e-08
-5.24329e-08
-4.60015e-08
-4.03196e-08
-3.5305e-08
-3.0884e-08
-2.69901e-08
-2.35642e-08
-2.05531e-08
-1.79092e-08
-1.55902e-08
-1.35582e-08
-1.17796e-08
-1.02243e-08
-8.8657e-09
-7.68012e-09
-6.64659e-09
-5.74653e-09
-4.9635e-09
-4.28299e-09
-3.69217e-09
-3.17974e-09
-2.73576e-09
-2.35147e-09
-2.01919e-09
-1.73217e-09
-1.4845e-09
-1.271e-09
-1.08715e-09
-9.28979e-10
-7.93047e-10
-6.76345e-10
-5.76253e-10
-4.90494e-10
-4.17091e-10
-3.54326e-10
-3.00713e-10
-2.54963e-10
-2.15962e-10
-1.82748e-10
-1.54492e-10
-1.30477e-10
-1.10087e-10
-9.27933e-11
-7.81398e-11
-6.57361e-11
-5.52473e-11
-4.63868e-11
-3.89093e-11
-3.26053e-11
-2.7296e-11
-2.2829e-11
-1.90743e-11
-1.59216e-11
-1.32771e-11
-1.1061e-11
-9.20575e-12
-7.65422e-12
-6.35798e-12
-5.2761e-12
-4.64284e-05
-4.93745e-05
-5.24564e-05
-5.56761e-05
-5.90359e-05
-6.25373e-05
-6.61817e-05
-6.99701e-05
-7.39031e-05
-7.7981e-05
-8.22037e-05
-8.65704e-05
-9.10801e-05
-9.57312e-05
-0.000100522
-0.000105449
-0.000110509
-0.0001157
-0.000121016
-0.000126452
-0.000132004
-0.000137665
-0.000143429
-0.000149288
-0.000155235
-0.000161262
-0.000167358
-0.000173516
-0.000179725
-0.000185974
-0.000192252
-0.000198549
-0.000204852
-0.000211148
-0.000217426
-0.000223671
-0.000229872
-0.000236013
-0.000242082
-0.000248065
-0.000253948
-0.000259717
-0.000265357
-0.000270855
-0.000276197
-0.00028137
-0.000286359
-0.000291153
-0.000295738
-0.000300102
-0.000304233
-0.00030812
-0.000311752
-0.000315119
-0.000318211
-0.00032102
-0.000323538
-0.000325758
-0.000327672
-0.000329276
-0.000330564
-0.000331534
-0.000332183
-0.000332507
-0.000332507
-0.000332183
-0.000331534
-0.000330564
-0.000329276
-0.000327672
-0.000325758
-0.000323538
-0.00032102
-0.000318211
-0.000315119
-0.000311752
-0.00030812
-0.000304233
-0.000300102
-0.000295738
-0.000291153
-0.000286359
-0.00028137
-0.000276197
-0.000270855
-0.000265357
-0.000259717
-0.000253948
-0.000248065
-0.000242082
-0.000236013
-0.000229872
-0.000223671
-0.000217426
-0.000211148
-0.000204852
-0.000198549
-0.000192252
-0.000185974
-0.000179725
-0.000173516
-0.000167358
-0.000161262
-0.000155235
-0.000149288
-0.000143429
-0.000137665
-0.000132004
-0.000126452
-0.000121016
-0.0001157
-0.000110509
-0.000105449
-0.000100522
-9.57312e-05
-9.10801e-05
-8.65704e-05
-8.22037e-05
-7.7981e-05
-7.39031e-05
-6.99701e-05
-6.61817e-05
-6.25373e-05
-5.90359e-05
-5.56761e-05
-5.24564e-05
-4.93745e-05
-4.64284e-05
-4.36154e-05
-4.09329e-05
-3.83779e-05
-3.59472e-05
-3.36376e-05
-3.14457e-05
-2.93679e-05
-2.74007e-05
-2.55402e-05
-2.37829e-05
-2.21248e-05
-2.05623e-05
-1.90914e-05
-1.77085e-05
-1.64097e-05
-1.51913e-05
-1.40497e-05
-1.29811e-05
-1.19822e-05
-1.10493e-05
-1.01791e-05
-9.36824e-06
-8.61359e-06
-7.91199e-06
-7.26045e-06
-6.65606e-06
-6.09603e-06
-5.57767e-06
-5.0984e-06
-4.65577e-06
-4.24741e-06
-3.87109e-06
-3.52467e-06
-3.20611e-06
-2.9135e-06
-2.64501e-06
-2.39892e-06
-2.17361e-06
-1.96753e-06
-1.77925e-06
-1.60742e-06
-1.45076e-06
-1.3081e-06
-1.17831e-06
-1.06037e-06
-9.53295e-07
-8.56199e-07
-7.68241e-07
-6.88647e-07
-6.16697e-07
-5.51725e-07
-4.93116e-07
-4.40303e-07
-3.92763e-07
-3.50013e-07
-3.11612e-07
-2.77154e-07
-2.46265e-07
-2.18605e-07
-1.93863e-07
-1.71753e-07
-1.52016e-07
-1.34416e-07
-1.18738e-07
-1.04786e-07
-9.23827e-08
-8.13684e-08
-7.15973e-08
-6.2938e-08
-5.52721e-08
-4.84925e-08
-4.25029e-08
-3.72168e-08
-3.25563e-08
-2.84516e-08
-2.48402e-08
-2.1666e-08
-1.8879e-08
-1.64344e-08
-1.42924e-08
-1.24175e-08
-1.07779e-08
-9.34577e-09
-8.096e-09
-7.0065e-09
-6.0577e-09
-5.23227e-09
-4.51491e-09
-3.8921e-09
-3.35192e-09
-2.8839e-09
-2.4788e-09
-2.12853e-09
-1.82597e-09
-1.56489e-09
-1.33983e-09
-1.14602e-09
-9.79282e-10
-8.3599e-10
-7.12969e-10
-6.07457e-10
-5.17054e-10
-4.39676e-10
-3.73513e-10
-3.16996e-10
-2.68769e-10
-2.27656e-10
-1.92644e-10
-1.62857e-10
-1.37542e-10
-1.16048e-10
-9.78181e-11
-8.23711e-11
-6.92957e-11
-5.8239e-11
-4.88986e-11
-4.10163e-11
-3.43709e-11
-2.87741e-11
-2.40652e-11
-2.01072e-11
-1.67838e-11
-1.3996e-11
-1.16599e-11
-9.70423e-12
-8.0687e-12
-6.70226e-12
-5.5618e-12
-4.88947e-05
-5.19973e-05
-5.52429e-05
-5.86337e-05
-6.21719e-05
-6.58593e-05
-6.96973e-05
-7.36869e-05
-7.78289e-05
-8.21234e-05
-8.65704e-05
-9.11691e-05
-9.59183e-05
-0.000100816
-0.000105861
-0.00011105
-0.00011638
-0.000121846
-0.000127444
-0.000133169
-0.000139016
-0.000144978
-0.000151048
-0.000157219
-0.000163482
-0.000169828
-0.000176249
-0.000182733
-0.000189272
-0.000195853
-0.000202465
-0.000209096
-0.000215734
-0.000222364
-0.000228975
-0.000235553
-0.000242082
-0.00024855
-0.000254942
-0.000261243
-0.000267438
-0.000273513
-0.000279453
-0.000285243
-0.000290869
-0.000296316
-0.000301571
-0.000306619
-0.000311448
-0.000316043
-0.000320394
-0.000324488
-0.000328312
-0.000331858
-0.000335115
-0.000338073
-0.000340725
-0.000343062
-0.000345078
-0.000346767
-0.000348124
-0.000349146
-0.000349828
-0.00035017
-0.00035017
-0.000349828
-0.000349146
-0.000348124
-0.000346767
-0.000345078
-0.000343062
-0.000340725
-0.000338073
-0.000335115
-0.000331858
-0.000328312
-0.000324488
-0.000320394
-0.000316043
-0.000311448
-0.000306619
-0.000301571
-0.000296316
-0.000290869
-0.000285243
-0.000279453
-0.000273513
-0.000267438
-0.000261243
-0.000254942
-0.00024855
-0.000242082
-0.000235553
-0.000228975
-0.000222364
-0.000215734
-0.000209096
-0.000202465
-0.000195853
-0.000189272
-0.000182733
-0.000176249
-0.000169828
-0.000163482
-0.000157219
-0.000151048
-0.000144978
-0.000139016
-0.000133169
-0.000127444
-0.000121846
-0.00011638
-0.00011105
-0.000105861
-0.000100816
-9.59183e-05
-9.11691e-05
-8.65704e-05
-8.21234e-05
-7.78289e-05
-7.36869e-05
-6.96973e-05
-6.58593e-05
-6.21719e-05
-5.86337e-05
-5.52429e-05
-5.19973e-05
-4.88947e-05
-4.59323e-05
-4.31073e-05
-4.04165e-05
-3.78568e-05
-3.54245e-05
-3.31161e-05
-3.0928e-05
-2.88562e-05
-2.68969e-05
-2.50462e-05
-2.33001e-05
-2.16546e-05
-2.01056e-05
-1.86492e-05
-1.72814e-05
-1.59983e-05
-1.4796e-05
-1.36707e-05
-1.26187e-05
-1.16362e-05
-1.07198e-05
-9.86589e-06
-9.07115e-06
-8.33228e-06
-7.64613e-06
-7.00964e-06
-6.41985e-06
-5.87396e-06
-5.36923e-06
-4.90308e-06
-4.47304e-06
-4.07672e-06
-3.7119e-06
-3.37642e-06
-3.06827e-06
-2.78552e-06
-2.52636e-06
-2.28907e-06
-2.07205e-06
-1.87377e-06
-1.69281e-06
-1.52783e-06
-1.37759e-06
-1.2409e-06
-1.11669e-06
-1.00393e-06
-9.0168e-07
-8.09051e-07
-7.25228e-07
-6.49456e-07
-5.81033e-07
-5.19311e-07
-4.63692e-07
-4.13626e-07
-3.68606e-07
-3.28165e-07
-2.91876e-07
-2.59347e-07
-2.30218e-07
-2.04161e-07
-1.80877e-07
-1.60091e-07
-1.41556e-07
-1.25045e-07
-1.10352e-07
-9.72901e-08
-8.56907e-08
-7.54006e-08
-6.62814e-08
-5.82082e-08
-5.10684e-08
-4.47607e-08
-3.91938e-08
-3.42857e-08
-2.9963e-08
-2.61597e-08
-2.28169e-08
-1.98818e-08
-1.73074e-08
-1.50516e-08
-1.30771e-08
-1.13505e-08
-9.84223e-09
-8.52606e-09
-7.37869e-09
-6.37949e-09
-5.51022e-09
-4.75474e-09
-4.09885e-09
-3.52998e-09
-3.03709e-09
-2.61048e-09
-2.2416e-09
-1.92297e-09
-1.64802e-09
-1.411e-09
-1.20689e-09
-1.0313e-09
-8.80399e-10
-7.50842e-10
-6.39725e-10
-5.44521e-10
-4.63032e-10
-3.93354e-10
-3.33835e-10
-2.83046e-10
-2.39749e-10
-2.02877e-10
-1.71508e-10
-1.44848e-10
-1.22213e-10
-1.03014e-10
-8.67467e-11
-7.29767e-11
-6.13326e-11
-5.14962e-11
-4.31951e-11
-3.61967e-11
-3.03026e-11
-2.53435e-11
-2.11753e-11
-1.76754e-11
-1.47395e-11
-1.22793e-11
-1.02197e-11
-8.49731e-12
-7.05829e-12
-5.85725e-12
-5.14418e-05
-5.4706e-05
-5.81206e-05
-6.16881e-05
-6.54106e-05
-6.92901e-05
-7.3328e-05
-7.75255e-05
-8.18832e-05
-8.64015e-05
-9.10801e-05
-9.59183e-05
-0.000100915
-0.000106068
-0.000111376
-0.000116835
-0.000122442
-0.000128193
-0.000134083
-0.000140107
-0.000146258
-0.00015253
-0.000158917
-0.000165409
-0.000171998
-0.000178675
-0.00018543
-0.000192252
-0.000199132
-0.000206055
-0.000213012
-0.000219988
-0.000226972
-0.000233948
-0.000240903
-0.000247823
-0.000254693
-0.000261498
-0.000268223
-0.000274852
-0.00028137
-0.000287761
-0.00029401
-0.000300102
-0.000306021
-0.000311752
-0.00031728
-0.000322592
-0.000327672
-0.000332507
-0.000337084
-0.000341391
-0.000345415
-0.000349146
-0.000352572
-0.000355684
-0.000358474
-0.000360933
-0.000363054
-0.000364831
-0.000366259
-0.000367334
-0.000368052
-0.000368411
-0.000368411
-0.000368052
-0.000367334
-0.000366259
-0.000364831
-0.000363054
-0.000360933
-0.000358474
-0.000355684
-0.000352572
-0.000349146
-0.000345415
-0.000341391
-0.000337084
-0.000332507
-0.000327672
-0.000322592
-0.00031728
-0.000311752
-0.000306021
-0.000300102
-0.00029401
-0.000287761
-0.00028137
-0.000274852
-0.000268223
-0.000261498
-0.000254693
-0.000247823
-0.000240903
-0.000233948
-0.000226972
-0.000219988
-0.000213012
-0.000206055
-0.000199132
-0.000192252
-0.00018543
-0.000178675
-0.000171998
-0.000165409
-0.000158917
-0.00015253
-0.000146258
-0.000140107
-0.000134083
-0.000128193
-0.000122442
-0.000116835
-0.000111376
-0.000106068
-0.000100915
-9.59183e-05
-9.10801e-05
-8.64015e-05
-8.18832e-05
-7.75255e-05
-7.3328e-05
-6.92901e-05
-6.54106e-05
-6.16881e-05
-5.81206e-05
-5.4706e-05
-5.14418e-05
-4.83251e-05
-4.53529e-05
-4.2522e-05
-3.98288e-05
-3.72698e-05
-3.48412e-05
-3.25391e-05
-3.03594e-05
-2.82981e-05
-2.6351e-05
-2.45139e-05
-2.27826e-05
-2.11529e-05
-1.96207e-05
-1.81816e-05
-1.68317e-05
-1.55668e-05
-1.43828e-05
-1.3276e-05
-1.22424e-05
-1.12782e-05
-1.03798e-05
-9.54369e-06
-8.76634e-06
-8.04444e-06
-7.37479e-06
-6.75428e-06
-6.17995e-06
-5.64893e-06
-5.1585e-06
-4.70605e-06
-4.28909e-06
-3.90526e-06
-3.55231e-06
-3.22811e-06
-2.93063e-06
-2.65796e-06
-2.40831e-06
-2.17998e-06
-1.97138e-06
-1.78099e-06
-1.60742e-06
-1.44935e-06
-1.30555e-06
-1.17487e-06
-1.05623e-06
-9.48651e-07
-8.51196e-07
-7.63008e-07
-6.83288e-07
-6.113e-07
-5.46363e-07
-4.87847e-07
-4.35173e-07
-3.87808e-07
-3.4526e-07
-3.07081e-07
-2.72857e-07
-2.4221e-07
-2.14796e-07
-1.90299e-07
-1.68431e-07
-1.4893e-07
-1.31559e-07
-1.161e-07
-1.02358e-07
-9.01546e-08
-7.93284e-08
-6.97341e-08
-6.12404e-08
-5.37287e-08
-4.70924e-08
-4.12355e-08
-3.60718e-08
-3.15239e-08
-2.75225e-08
-2.40055e-08
-2.09175e-08
-1.8209e-08
-1.58357e-08
-1.37583e-08
-1.19418e-08
-1.03549e-08
-8.97021e-09
-7.76307e-09
-6.71182e-09
-5.79726e-09
-5.00243e-09
-4.31237e-09
-3.71386e-09
-3.1953e-09
-2.74647e-09
-2.35837e-09
-2.02314e-09
-1.73387e-09
-1.4845e-09
-1.26976e-09
-1.08503e-09
-9.26261e-10
-7.89955e-10
-6.7305e-10
-5.72886e-10
-4.87153e-10
-4.13845e-10
-3.51226e-10
-2.97791e-10
-2.52238e-10
-2.13446e-10
-1.80443e-10
-1.52394e-10
-1.28579e-10
-1.08381e-10
-9.12655e-11
-7.67783e-11
-6.45276e-11
-5.41788e-11
-4.54452e-11
-3.80823e-11
-3.18812e-11
-2.66637e-11
-2.22784e-11
-1.85961e-11
-1.55073e-11
-1.29189e-11
-1.07521e-11
-8.93996e-12
-7.42598e-12
-6.16237e-12
-5.40687e-05
-5.74996e-05
-6.10886e-05
-6.48382e-05
-6.87509e-05
-7.28284e-05
-7.70725e-05
-8.14844e-05
-8.60646e-05
-9.08136e-05
-9.57312e-05
-0.000100816
-0.000106068
-0.000111485
-0.000117063
-0.000122801
-0.000128695
-0.000134739
-0.00014093
-0.000147261
-0.000153727
-0.00016032
-0.000167032
-0.000173855
-0.000180781
-0.000187799
-0.000194899
-0.00020207
-0.0002093
-0.000216578
-0.00022389
-0.000231222
-0.000238562
-0.000245895
-0.000253205
-0.000260479
-0.000267699
-0.000274852
-0.00028192
-0.000288887
-0.000295738
-0.000302456
-0.000309024
-0.000315427
-0.000321648
-0.000327672
-0.000333483
-0.000339065
-0.000344405
-0.000349487
-0.000354298
-0.000358824
-0.000363054
-0.000366975
-0.000370576
-0.000373848
-0.00037678
-0.000379364
-0.000381594
-0.000383461
-0.000384962
-0.000386092
-0.000386847
-0.000387225
-0.000387225
-0.000386847
-0.000386092
-0.000384962
-0.000383461
-0.000381594
-0.000379364
-0.00037678
-0.000373848
-0.000370576
-0.000366975
-0.000363054
-0.000358824
-0.000354298
-0.000349487
-0.000344405
-0.000339065
-0.000333483
-0.000327672
-0.000321648
-0.000315427
-0.000309024
-0.000302456
-0.000295738
-0.000288887
-0.00028192
-0.000274852
-0.000267699
-0.000260479
-0.000253205
-0.000245895
-0.000238562
-0.000231222
-0.00022389
-0.000216578
-0.0002093
-0.00020207
-0.000194899
-0.000187799
-0.000180781
-0.000173855
-0.000167032
-0.00016032
-0.000153727
-0.000147261
-0.00014093
-0.000134739
-0.000128695
-0.000122801
-0.000117063
-0.000111485
-0.000106068
-0.000100816
-9.57312e-05
-9.08136e-05
-8.60646e-05
-8.14844e-05
-7.70725e-05
-7.28284e-05
-6.87509e-05
-6.48382e-05
-6.10886e-05
-5.74996e-05
-5.40687e-05
-5.07928e-05
-4.76689e-05
-4.46934e-05
-4.18627e-05
-3.91731e-05
-3.66204e-05
-3.42007e-05
-3.19097e-05
-2.97431e-05
-2.76966e-05
-2.57657e-05
-2.3946e-05
-2.22331e-05
-2.06226e-05
-1.91101e-05
-1.76912e-05
-1.63617e-05
-1.51173e-05
-1.3954e-05
-1.28675e-05
-1.18541e-05
-1.09099e-05
-1.0031e-05
-9.214e-06
-8.45524e-06
-7.75139e-06
-7.0992e-06
-6.49553e-06
-5.93739e-06
-5.42192e-06
-4.94637e-06
-4.50812e-06
-4.10469e-06
-3.73371e-06
-3.39295e-06
-3.08028e-06
-2.79369e-06
-2.5313e-06
-2.29131e-06
-2.07205e-06
-1.87194e-06
-1.6895e-06
-1.52336e-06
-1.37222e-06
-1.23486e-06
-1.11017e-06
-9.97095e-07
-8.94663e-07
-8.01971e-07
-7.18181e-07
-6.42517e-07
-5.74263e-07
-5.1276e-07
-4.57396e-07
-4.07612e-07
-3.62891e-07
-3.22762e-07
-2.86791e-07
-2.54579e-07
-2.25765e-07
-2.00017e-07
-1.77032e-07
-1.56536e-07
-1.38277e-07
-1.22029e-07
-1.07585e-07
-9.47584e-08
-8.33794e-08
-7.32952e-08
-6.43677e-08
-5.64724e-08
-4.94972e-08
-4.33412e-08
-3.79138e-08
-3.31336e-08
-2.89279e-08
-2.52314e-08
-2.19857e-08
-1.91389e-08
-1.66444e-08
-1.44609e-08
-1.25516e-08
-1.08837e-08
-9.42828e-09
-8.15949e-09
-7.05456e-09
-6.0933e-09
-5.25789e-09
-4.53258e-09
-3.90351e-09
-3.35847e-09
-2.88672e-09
-2.4788e-09
-2.12645e-09
-1.82241e-09
-1.56031e-09
-1.3346e-09
-1.14043e-09
-9.73561e-10
-8.30295e-10
-7.0742e-10
-6.02141e-10
-5.1203e-10
-4.34979e-10
-3.69161e-10
-3.12997e-10
-2.65119e-10
-2.24346e-10
-1.89657e-10
-1.60176e-10
-1.35145e-10
-1.13915e-10
-9.59261e-11
-8.0699e-11
-6.78228e-11
-5.69454e-11
-4.77659e-11
-4.0027e-11
-3.35092e-11
-2.80253e-11
-2.3416e-11
-1.95457e-11
-1.62992e-11
-1.35787e-11
-1.13012e-11
-9.39649e-12
-7.80519e-12
-6.47705e-12
-5.67743e-05
-6.03769e-05
-6.41455e-05
-6.80827e-05
-7.21911e-05
-7.64728e-05
-8.09292e-05
-8.55618e-05
-9.03713e-05
-9.53579e-05
-0.000100522
-0.000105861
-0.000111376
-0.000117063
-0.000122921
-0.000128946
-0.000135134
-0.000141481
-0.000147982
-0.00015463
-0.000161419
-0.000168342
-0.00017539
-0.000182555
-0.000189827
-0.000197196
-0.000204652
-0.000212182
-0.000219774
-0.000227415
-0.000235093
-0.000242793
-0.0002505
-0.000258199
-0.000265876
-0.000273513
-0.000281095
-0.000288605
-0.000296027
-0.000303343
-0.000310537
-0.00031759
-0.000324488
-0.000331211
-0.000337743
-0.000344069
-0.00035017
-0.000356032
-0.000361639
-0.000366975
-0.000372027
-0.00037678
-0.000381221
-0.000385338
-0.00038912
-0.000392555
-0.000395634
-0.000398348
-0.000400689
-0.00040265
-0.000404226
-0.000405412
-0.000406204
-0.000406601
-0.000406601
-0.000406204
-0.000405412
-0.000404226
-0.00040265
-0.000400689
-0.000398348
-0.000395634
-0.000392555
-0.00038912
-0.000385338
-0.000381221
-0.00037678
-0.000372027
-0.000366975
-0.000361639
-0.000356032
-0.00035017
-0.000344069
-0.000337743
-0.000331211
-0.000324488
-0.00031759
-0.000310537
-0.000303343
-0.000296027
-0.000288605
-0.000281095
-0.000273513
-0.000265876
-0.000258199
-0.0002505
-0.000242793
-0.000235093
-0.000227415
-0.000219774
-0.000212182
-0.000204652
-0.000197196
-0.000189827
-0.000182555
-0.00017539
-0.000168342
-0.000161419
-0.00015463
-0.000147982
-0.000141481
-0.000135134
-0.000128946
-0.000122921
-0.000117063
-0.000111376
-0.000105861
-0.000100522
-9.53579e-05
-9.03713e-05
-8.55618e-05
-8.09292e-05
-7.64728e-05
-7.21911e-05
-6.80827e-05
-6.41455e-05
-6.03769e-05
-5.67743e-05
-5.33345e-05
-5.00542e-05
-4.69298e-05
-4.39575e-05
-4.11333e-05
-3.84529e-05
-3.59121e-05
-3.35065e-05
-3.12315e-05
-2.90825e-05
-2.7055e-05
-2.51443e-05
-2.33457e-05
-2.16546e-05
-2.00663e-05
-1.85765e-05
-1.71804e-05
-1.58738e-05
-1.46522e-05
-1.35114e-05
-1.24473e-05
-1.14558e-05
-1.0533e-05
-9.67506e-06
-8.87834e-06
-8.13927e-06
-7.45444e-06
-6.82057e-06
-6.2345e-06
-5.69323e-06
-5.19388e-06
-4.7337e-06
-4.31009e-06
-3.92055e-06
-3.56273e-06
-3.23442e-06
-2.93349e-06
-2.65796e-06
-2.40596e-06
-2.17573e-06
-1.96561e-06
-1.77405e-06
-1.59959e-06
-1.44088e-06
-1.29665e-06
-1.16572e-06
-1.04699e-06
-9.39432e-07
-8.42102e-07
-7.54118e-07
-6.74668e-07
-6.03e-07
-5.38418e-07
-4.80284e-07
-4.28008e-07
-3.81051e-07
-3.38913e-07
-3.01142e-07
-2.67318e-07
-2.37062e-07
-2.10025e-07
-1.85891e-07
-1.64369e-07
-1.45197e-07
-1.28135e-07
-1.12969e-07
-9.95001e-08
-8.75516e-08
-7.69628e-08
-6.75886e-08
-5.92983e-08
-5.1974e-08
-4.551e-08
-3.9811e-08
-3.47916e-08
-3.03755e-08
-2.64939e-08
-2.30859e-08
-2.00966e-08
-1.74773e-08
-1.51845e-08
-1.31797e-08
-1.14283e-08
-9.90007e-09
-8.56779e-09
-7.40757e-09
-6.39821e-09
-5.52099e-09
-4.75939e-09
-4.09885e-09
-3.52653e-09
-3.03117e-09
-2.60284e-09
-2.23286e-09
-1.9136e-09
-1.63839e-09
-1.40139e-09
-1.1975e-09
-1.02228e-09
-8.71843e-10
-7.42819e-10
-6.32272e-10
-5.37652e-10
-4.56745e-10
-3.87634e-10
-3.2866e-10
-2.78386e-10
-2.35572e-10
-1.99148e-10
-1.68191e-10
-1.41908e-10
-1.19615e-10
-1.00726e-10
-8.47372e-11
-7.12166e-11
-5.9795e-11
-5.01561e-11
-4.203e-11
-3.5186e-11
-2.94277e-11
-2.45878e-11
-2.05238e-11
-1.71148e-11
-1.42581e-11
-1.18667e-11
-9.86668e-12
-8.19576e-12
-6.80116e-12
-5.9557e-05
-6.33363e-05
-6.72895e-05
-7.14198e-05
-7.57296e-05
-8.02211e-05
-8.4896e-05
-8.97556e-05
-9.48008e-05
-0.000100032
-0.000105449
-0.00011105
-0.000116835
-0.000122801
-0.000128946
-0.000135267
-0.000141758
-0.000148416
-0.000155235
-0.000162209
-0.000169331
-0.000176593
-0.000183987
-0.000191503
-0.000199132
-0.000206862
-0.000214683
-0.000222582
-0.000230546
-0.000238562
-0.000246616
-0.000254693
-0.000262778
-0.000270855
-0.000278907
-0.000286919
-0.000294873
-0.000302751
-0.000310537
-0.000318211
-0.000325758
-0.000333157
-0.000340392
-0.000347445
-0.000354298
-0.000360933
-0.000367334
-0.000373483
-0.000379364
-0.000384962
-0.000390262
-0.000395248
-0.000399907
-0.000404226
-0.000408193
-0.000411796
-0.000415026
-0.000417873
-0.000420328
-0.000422386
-0.000424039
-0.000425283
-0.000426114
-0.000426531
-0.000426531
-0.000426114
-0.000425283
-0.000424039
-0.000422386
-0.000420328
-0.000417873
-0.000415026
-0.000411796
-0.000408193
-0.000404226
-0.000399907
-0.000395248
-0.000390262
-0.000384962
-0.000379364
-0.000373483
-0.000367334
-0.000360933
-0.000354298
-0.000347445
-0.000340392
-0.000333157
-0.000325758
-0.000318211
-0.000310537
-0.000302751
-0.000294873
-0.000286919
-0.000278907
-0.000270855
-0.000262778
-0.000254693
-0.000246616
-0.000238562
-0.000230546
-0.000222582
-0.000214683
-0.000206862
-0.000199132
-0.000191503
-0.000183987
-0.000176593
-0.000169331
-0.000162209
-0.000155235
-0.000148416
-0.000141758
-0.000135267
-0.000128946
-0.000122801
-0.000116835
-0.00011105
-0.000105449
-0.000100032
-9.48008e-05
-8.97556e-05
-8.4896e-05
-8.02211e-05
-7.57296e-05
-7.14198e-05
-6.72895e-05
-6.33363e-05
-5.9557e-05
-5.59487e-05
-5.25076e-05
-4.92301e-05
-4.61121e-05
-4.31494e-05
-4.03377e-05
-3.76724e-05
-3.51488e-05
-3.27623e-05
-3.0508e-05
-2.83811e-05
-2.63767e-05
-2.44899e-05
-2.2716e-05
-2.10499e-05
-1.9487e-05
-1.80225e-05
-1.66518e-05
-1.53704e-05
-1.41737e-05
-1.30574e-05
-1.20173e-05
-1.10493e-05
-1.01493e-05
-9.31351e-06
-8.53821e-06
-7.81982e-06
-7.15487e-06
-6.54008e-06
-5.97229e-06
-5.44846e-06
-4.96573e-06
-4.52135e-06
-4.11271e-06
-3.73736e-06
-3.39295e-06
-3.07727e-06
-2.78824e-06
-2.52389e-06
-2.28237e-06
-2.06195e-06
-1.861e-06
-1.67799e-06
-1.51151e-06
-1.36021e-06
-1.22286e-06
-1.09831e-06
-9.85479e-07
-8.83377e-07
-7.91081e-07
-7.07737e-07
-6.32555e-07
-5.64808e-07
-5.03825e-07
-4.48987e-07
-3.99728e-07
-3.55525e-07
-3.15902e-07
-2.80421e-07
-2.48682e-07
-2.2032e-07
-1.95002e-07
-1.72425e-07
-1.52313e-07
-1.34416e-07
-1.18506e-07
-1.04377e-07
-9.1843e-08
-8.07352e-08
-7.09015e-08
-6.22048e-08
-5.45216e-08
-4.77407e-08
-4.17623e-08
-3.6497e-08
-3.18643e-08
-2.77925e-08
-2.42174e-08
-2.10816e-08
-1.83339e-08
-1.59288e-08
-1.38257e-08
-1.19885e-08
-1.03853e-08
-8.98774e-09
-7.77065e-09
-6.71182e-09
-5.7916e-09
-4.99267e-09
-4.29975e-09
-3.69938e-09
-3.17974e-09
-2.73042e-09
-2.3423e-09
-2.0074e-09
-1.71869e-09
-1.47008e-09
-1.2562e-09
-1.07238e-09
-9.14576e-10
-7.79229e-10
-6.63263e-10
-5.64005e-10
-4.79132e-10
-4.06634e-10
-3.44769e-10
-2.92031e-10
-2.47118e-10
-2.08909e-10
-1.76435e-10
-1.48864e-10
-1.25478e-10
-1.05663e-10
-8.88906e-11
-7.47073e-11
-6.27258e-11
-5.26145e-11
-4.40901e-11
-3.69106e-11
-3.08701e-11
-2.5793e-11
-2.15298e-11
-1.79537e-11
-1.4957e-11
-1.24483e-11
-1.03503e-11
-8.59747e-12
-7.13452e-12
-6.24152e-05
-6.63758e-05
-7.05188e-05
-7.48473e-05
-7.93639e-05
-8.4071e-05
-8.89702e-05
-9.40631e-05
-9.93504e-05
-0.000104833
-0.000110509
-0.00011638
-0.000122442
-0.000128695
-0.000135134
-0.000141758
-0.000148561
-0.000155539
-0.000162685
-0.000169994
-0.000177458
-0.000185068
-0.000192817
-0.000200693
-0.000208688
-0.000216789
-0.000224986
-0.000233264
-0.00024161
-0.000250011
-0.000258451
-0.000266916
-0.000275389
-0.000283853
-0.000292292
-0.000300689
-0.000309024
-0.00031728
-0.00032544
-0.000333483
-0.000341391
-0.000349146
-0.000356728
-0.000364119
-0.000371301
-0.000378255
-0.000384962
-0.000391407
-0.00039757
-0.000403437
-0.000408991
-0.000414216
-0.000419099
-0.000423625
-0.000427782
-0.000431559
-0.000434943
-0.000437927
-0.0004405
-0.000442656
-0.000444389
-0.000445693
-0.000446564
-0.000447
-0.000447
-0.000446564
-0.000445693
-0.000444389
-0.000442656
-0.0004405
-0.000437927
-0.000434943
-0.000431559
-0.000427782
-0.000423625
-0.000419099
-0.000414216
-0.000408991
-0.000403437
-0.00039757
-0.000391407
-0.000384962
-0.000378255
-0.000371301
-0.000364119
-0.000356728
-0.000349146
-0.000341391
-0.000333483
-0.00032544
-0.00031728
-0.000309024
-0.000300689
-0.000292292
-0.000283853
-0.000275389
-0.000266916
-0.000258451
-0.000250011
-0.00024161
-0.000233264
-0.000224986
-0.000216789
-0.000208688
-0.000200693
-0.000192817
-0.000185068
-0.000177458
-0.000169994
-0.000162685
-0.000155539
-0.000148561
-0.000141758
-0.000135134
-0.000128695
-0.000122442
-0.00011638
-0.000110509
-0.000104833
-9.93504e-05
-9.40631e-05
-8.89702e-05
-8.4071e-05
-7.93639e-05
-7.48473e-05
-7.05188e-05
-6.63758e-05
-6.24152e-05
-5.86337e-05
-5.50275e-05
-5.15927e-05
-4.83251e-05
-4.52202e-05
-4.22735e-05
-3.94803e-05
-3.68356e-05
-3.43346e-05
-3.19721e-05
-2.97431e-05
-2.76426e-05
-2.56652e-05
-2.38061e-05
-2.20601e-05
-2.04222e-05
-1.88874e-05
-1.7451e-05
-1.6108e-05
-1.48539e-05
-1.36841e-05
-1.2594e-05
-1.15795e-05
-1.06364e-05
-9.76047e-06
-8.94797e-06
-8.1951e-06
-7.49824e-06
-6.85395e-06
-6.2589e-06
-5.70994e-06
-5.20404e-06
-4.73833e-06
-4.31009e-06
-3.91672e-06
-3.55578e-06
-3.22495e-06
-2.92205e-06
-2.64501e-06
-2.39191e-06
-2.16091e-06
-1.95031e-06
-1.75852e-06
-1.58404e-06
-1.42549e-06
-1.28155e-06
-1.15102e-06
-1.03277e-06
-9.25771e-07
-8.29046e-07
-7.41702e-07
-6.62912e-07
-5.91914e-07
-5.28004e-07
-4.70535e-07
-4.18911e-07
-3.72587e-07
-3.31062e-07
-2.93878e-07
-2.60616e-07
-2.30893e-07
-2.0436e-07
-1.807e-07
-1.59623e-07
-1.40867e-07
-1.24193e-07
-1.09386e-07
-9.62506e-08
-8.46097e-08
-7.43041e-08
-6.51901e-08
-5.71381e-08
-5.00318e-08
-4.37665e-08
-3.82485e-08
-3.33935e-08
-2.91263e-08
-2.53796e-08
-2.20933e-08
-1.92138e-08
-1.66932e-08
-1.44892e-08
-1.25638e-08
-1.08837e-08
-9.41907e-09
-8.14357e-09
-7.03392e-09
-6.06954e-09
-5.23227e-09
-4.5061e-09
-3.87692e-09
-3.33234e-09
-2.86146e-09
-2.45471e-09
-2.10373e-09
-1.80118e-09
-1.54063e-09
-1.31648e-09
-1.12385e-09
-9.58468e-10
-8.16625e-10
-6.95094e-10
-5.91072e-10
-5.02126e-10
-4.26149e-10
-3.61315e-10
-3.06046e-10
-2.58978e-10
-2.18935e-10
-1.84902e-10
-1.56008e-10
-1.315e-10
-1.10734e-10
-9.31565e-11
-7.82926e-11
-6.57361e-11
-5.51395e-11
-4.6206e-11
-3.8682e-11
-3.23516e-11
-2.70308e-11
-2.2563e-11
-1.88153e-11
-1.56748e-11
-1.30457e-11
-1.0847e-11
-9.01008e-12
-7.47691e-12
-6.53468e-05
-6.94934e-05
-7.3831e-05
-7.83627e-05
-8.30915e-05
-8.80196e-05
-9.3149e-05
-9.84811e-05
-0.000104017
-0.000109756
-0.0001157
-0.000121846
-0.000128193
-0.000134739
-0.000141481
-0.000148416
-0.000155539
-0.000162844
-0.000170326
-0.000177978
-0.000185792
-0.00019376
-0.000201873
-0.00021012
-0.00021849
-0.000226972
-0.000235553
-0.000244219
-0.000252958
-0.000261754
-0.00027059
-0.000279453
-0.000288323
-0.000297185
-0.000306021
-0.000314811
-0.000323538
-0.000332183
-0.000340725
-0.000349146
-0.000357425
-0.000365544
-0.000373483
-0.000381221
-0.00038874
-0.00039602
-0.000403043
-0.00040979
-0.000416244
-0.000422386
-0.0004282
-0.000433671
-0.000438783
-0.000443522
-0.000447874
-0.000451828
-0.000455372
-0.000458495
-0.00046119
-0.000463447
-0.000465261
-0.000466626
-0.000467538
-0.000467995
-0.000467995
-0.000467538
-0.000466626
-0.000465261
-0.000463447
-0.00046119
-0.000458495
-0.000455372
-0.000451828
-0.000447874
-0.000443522
-0.000438783
-0.000433671
-0.0004282
-0.000422386
-0.000416244
-0.00040979
-0.000403043
-0.00039602
-0.00038874
-0.000381221
-0.000373483
-0.000365544
-0.000357425
-0.000349146
-0.000340725
-0.000332183
-0.000323538
-0.000314811
-0.000306021
-0.000297185
-0.000288323
-0.000279453
-0.00027059
-0.000261754
-0.000252958
-0.000244219
-0.000235553
-0.000226972
-0.00021849
-0.00021012
-0.000201873
-0.00019376
-0.000185792
-0.000177978
-0.000170326
-0.000162844
-0.000155539
-0.000148416
-0.000141481
-0.000134739
-0.000128193
-0.000121846
-0.0001157
-0.000109756
-0.000104017
-9.84811e-05
-9.3149e-05
-8.80196e-05
-8.30915e-05
-7.83627e-05
-7.3831e-05
-6.94934e-05
-6.53468e-05
-6.13876e-05
-5.7612e-05
-5.40159e-05
-5.05948e-05
-4.73441e-05
-4.4259e-05
-4.13346e-05
-3.85657e-05
-3.59472e-05
-3.34738e-05
-3.11401e-05
-2.89409e-05
-2.68707e-05
-2.49242e-05
-2.30962e-05
-2.13814e-05
-1.97745e-05
-1.82706e-05
-1.68646e-05
-1.55516e-05
-1.43268e-05
-1.31856e-05
-1.21234e-05
-1.11359e-05
-1.02189e-05
-9.36824e-06
-8.58001e-06
-7.85042e-06
-7.17587e-06
-6.55287e-06
-5.97812e-06
-5.44846e-06
-4.96088e-06
-4.51252e-06
-4.10068e-06
-3.72279e-06
-3.37642e-06
-3.0593e-06
-2.76925e-06
-2.50425e-06
-2.2624e-06
-2.04191e-06
-1.84112e-06
-1.65844e-06
-1.49244e-06
-1.34174e-06
-1.20508e-06
-1.08128e-06
-9.69253e-07
-8.67985e-07
-7.76538e-07
-6.94048e-07
-6.19715e-07
-5.52803e-07
-4.92635e-07
-4.38586e-07
-3.90087e-07
-3.46612e-07
-3.07681e-07
-2.72857e-07
-2.41738e-07
-2.13959e-07
-1.89187e-07
-1.6712e-07
-1.47483e-07
-1.30026e-07
-1.14524e-07
-1.00771e-07
-8.85837e-08
-7.7794e-08
-6.82519e-08
-5.98218e-08
-5.23817e-08
-4.58222e-08
-4.00449e-08
-3.49619e-08
-3.04943e-08
-2.65717e-08
-2.3131e-08
-2.01162e-08
-1.74773e-08
-1.51697e-08
-1.31539e-08
-1.13949e-08
-9.86147e-09
-8.52606e-09
-7.36429e-09
-6.35462e-09
-5.47802e-09
-4.71774e-09
-4.05901e-09
-3.48885e-09
-2.99585e-09
-2.57001e-09
-2.20254e-09
-1.88577e-09
-1.61299e-09
-1.37831e-09
-1.17663e-09
-1.00348e-09
-8.5498e-10
-7.27741e-10
-6.18833e-10
-5.2571e-10
-4.46164e-10
-3.78285e-10
-3.2042e-10
-2.71141e-10
-2.29218e-10
-1.93587e-10
-1.63335e-10
-1.37676e-10
-1.15935e-10
-9.75319e-11
-8.19698e-11
-6.88236e-11
-5.77293e-11
-4.83762e-11
-4.04988e-11
-3.38711e-11
-2.83004e-11
-2.36228e-11
-1.9699e-11
-1.6411e-11
-1.36585e-11
-1.13565e-11
-9.43326e-12
-7.82809e-12
-6.83492e-05
-7.26863e-05
-7.72232e-05
-8.19632e-05
-8.69092e-05
-9.20638e-05
-9.74288e-05
-0.000103006
-0.000108796
-0.000114799
-0.000121016
-0.000127444
-0.000134083
-0.00014093
-0.000147982
-0.000155235
-0.000162685
-0.000170326
-0.000178152
-0.000186156
-0.000194329
-0.000202663
-0.000211148
-0.000219774
-0.000228529
-0.0002374
-0.000246375
-0.00025544
-0.00026458
-0.00027378
-0.000283023
-0.000292292
-0.000301571
-0.00031084
-0.000320081
-0.000329276
-0.000338404
-0.000347445
-0.00035638
-0.000365188
-0.000373848
-0.00038234
-0.000390643
-0.000398737
-0.000406601
-0.000414216
-0.000421562
-0.000428619
-0.000435368
-0.000441793
-0.000447874
-0.000453596
-0.000458943
-0.0004639
-0.000468452
-0.000472588
-0.000476294
-0.000479561
-0.00048238
-0.000484741
-0.000486638
-0.000488066
-0.00048902
-0.000489498
-0.000489498
-0.00048902
-0.000488066
-0.000486638
-0.000484741
-0.00048238
-0.000479561
-0.000476294
-0.000472588
-0.000468452
-0.0004639
-0.000458943
-0.000453596
-0.000447874
-0.000441793
-0.000435368
-0.000428619
-0.000421562
-0.000414216
-0.000406601
-0.000398737
-0.000390643
-0.00038234
-0.000373848
-0.000365188
-0.00035638
-0.000347445
-0.000338404
-0.000329276
-0.000320081
-0.00031084
-0.000301571
-0.000292292
-0.000283023
-0.00027378
-0.00026458
-0.00025544
-0.000246375
-0.0002374
-0.000228529
-0.000219774
-0.000211148
-0.000202663
-0.000194329
-0.000186156
-0.000178152
-0.000170326
-0.000162685
-0.000155235
-0.000147982
-0.00014093
-0.000134083
-0.000127444
-0.000121016
-0.000114799
-0.000108796
-0.000103006
-9.74288e-05
-9.20638e-05
-8.69092e-05
-8.19632e-05
-7.72232e-05
-7.26863e-05
-6.83492e-05
-6.42081e-05
-6.02591e-05
-5.64977e-05
-5.29194e-05
-4.95194e-05
-4.62926e-05
-4.32338e-05
-4.03377e-05
-3.75989e-05
-3.50118e-05
-3.25709e-05
-3.02706e-05
-2.81053e-05
-2.60694e-05
-2.41574e-05
-2.23638e-05
-2.06831e-05
-1.91101e-05
-1.76394e-05
-1.62661e-05
-1.4985e-05
-1.37914e-05
-1.26804e-05
-1.16476e-05
-1.06884e-05
-9.79867e-06
-8.97422e-06
-8.21112e-06
-7.50557e-06
-6.85395e-06
-6.25279e-06
-5.6988e-06
-5.18881e-06
-4.71986e-06
-4.28909e-06
-3.89384e-06
-3.53156e-06
-3.19986e-06
-2.89648e-06
-2.61931e-06
-2.36635e-06
-2.13573e-06
-1.92571e-06
-1.73464e-06
-1.56101e-06
-1.40339e-06
-1.26045e-06
-1.13096e-06
-1.01379e-06
-9.07865e-07
-8.12217e-07
-7.25937e-07
-6.48189e-07
-5.78203e-07
-5.15269e-07
-4.58738e-07
-4.0801e-07
-3.62537e-07
-3.21818e-07
-2.85394e-07
-2.52845e-07
-2.23789e-07
-1.9788e-07
-1.74799e-07
-1.54259e-07
-1.36001e-07
-1.19786e-07
-1.05401e-07
-9.26538e-08
-8.13684e-08
-7.13878e-08
-6.25703e-08
-5.47884e-08
-4.79275e-08
-4.18849e-08
-3.65683e-08
-3.18954e-08
-2.77925e-08
-2.41938e-08
-2.10405e-08
-1.82803e-08
-1.58667e-08
-1.37583e-08
-1.19185e-08
-1.03146e-08
-8.9178e-09
-7.70265e-09
-6.64659e-09
-5.72972e-09
-4.9345e-09
-4.24551e-09
-3.64915e-09
-3.1335e-09
-2.68809e-09
-2.30374e-09
-1.97242e-09
-1.6871e-09
-1.44164e-09
-1.2307e-09
-1.04959e-09
-8.94263e-10
-7.61178e-10
-6.47266e-10
-5.49864e-10
-4.66664e-10
-3.95666e-10
-3.35142e-10
-2.83599e-10
-2.39749e-10
-2.02481e-10
-1.7084e-10
-1.44002e-10
-1.21262e-10
-1.02013e-10
-8.5736e-11
-7.19858e-11
-6.03818e-11
-5.05989e-11
-4.23596e-11
-3.54274e-11
-2.96007e-11
-2.47081e-11
-2.06041e-11
-1.7165e-11
-1.4286e-11
-1.18783e-11
-9.86668e-12
-8.18776e-12
-7.14198e-05
-7.59518e-05
-8.06925e-05
-8.56454e-05
-9.08136e-05
-9.61997e-05
-0.000101806
-0.000107633
-0.000113684
-0.000119957
-0.000126452
-0.000133169
-0.000140107
-0.000147261
-0.00015463
-0.000162209
-0.000169994
-0.000177978
-0.000186156
-0.000194519
-0.000203059
-0.000211768
-0.000220634
-0.000229647
-0.000238795
-0.000248065
-0.000257444
-0.000266916
-0.000276467
-0.00028608
-0.000295738
-0.000305424
-0.000315119
-0.000324805
-0.000334461
-0.000344069
-0.000353606
-0.000363054
-0.00037239
-0.000381594
-0.000390643
-0.000399516
-0.000408193
-0.00041665
-0.000424868
-0.000432825
-0.0004405
-0.000447874
-0.000454927
-0.00046164
-0.000467995
-0.000473974
-0.000479561
-0.000484741
-0.000489498
-0.000493819
-0.000497692
-0.000501106
-0.000504051
-0.000506518
-0.0005085
-0.000509992
-0.000510989
-0.000511489
-0.000511489
-0.000510989
-0.000509992
-0.0005085
-0.000506518
-0.000504051
-0.000501106
-0.000497692
-0.000493819
-0.000489498
-0.000484741
-0.000479561
-0.000473974
-0.000467995
-0.00046164
-0.000454927
-0.000447874
-0.0004405
-0.000432825
-0.000424868
-0.00041665
-0.000408193
-0.000399516
-0.000390643
-0.000381594
-0.00037239
-0.000363054
-0.000353606
-0.000344069
-0.000334461
-0.000324805
-0.000315119
-0.000305424
-0.000295738
-0.00028608
-0.000276467
-0.000266916
-0.000257444
-0.000248065
-0.000238795
-0.000229647
-0.000220634
-0.000211768
-0.000203059
-0.000194519
-0.000186156
-0.000177978
-0.000169994
-0.000162209
-0.00015463
-0.000147261
-0.000140107
-0.000133169
-0.000126452
-0.000119957
-0.000113684
-0.000107633
-0.000101806
-9.61997e-05
-9.08136e-05
-8.56454e-05
-8.06925e-05
-7.59518e-05
-7.14198e-05
-6.70927e-05
-6.29662e-05
-5.90359e-05
-5.52968e-05
-5.17441e-05
-4.83723e-05
-4.51761e-05
-4.21499e-05
-3.9288e-05
-3.65847e-05
-3.40341e-05
-3.16305e-05
-2.93679e-05
-2.72406e-05
-2.52427e-05
-2.33685e-05
-2.16123e-05
-1.99686e-05
-1.84319e-05
-1.69969e-05
-1.56582e-05
-1.4411e-05
-1.32501e-05
-1.21709e-05
-1.11686e-05
-1.02389e-05
-9.37739e-06
-8.58001e-06
-7.84276e-06
-7.16187e-06
-6.5337e-06
-5.95482e-06
-5.42192e-06
-4.9319e-06
-4.48178e-06
-4.06877e-06
-3.69021e-06
-3.34361e-06
-3.02661e-06
-2.73698e-06
-2.47266e-06
-2.23168e-06
-2.01222e-06
-1.81257e-06
-1.63114e-06
-1.46643e-06
-1.31707e-06
-1.18177e-06
-1.05933e-06
-9.48651e-07
-8.48706e-07
-7.5855e-07
-6.77309e-07
-6.04178e-07
-5.38418e-07
-4.79347e-07
-4.2634e-07
-3.78824e-07
-3.36276e-07
-2.98215e-07
-2.64204e-07
-2.33843e-07
-2.06769e-07
-1.82652e-07
-1.61189e-07
-1.4211e-07
-1.25167e-07
-1.10137e-07
-9.68162e-08
-8.50239e-08
-7.45949e-08
-6.53813e-08
-5.72498e-08
-5.00807e-08
-4.37665e-08
-3.82111e-08
-3.33284e-08
-2.90411e-08
-2.52807e-08
-2.19857e-08
-1.91015e-08
-1.65795e-08
-1.43764e-08
-1.24539e-08
-1.07779e-08
-9.31843e-09
-8.0487e-09
-6.94519e-09
-5.98713e-09
-5.15619e-09
-4.43624e-09
-3.81309e-09
-3.27427e-09
-2.80885e-09
-2.40724e-09
-2.06103e-09
-1.76289e-09
-1.50641e-09
-1.28599e-09
-1.09674e-09
-9.34438e-10
-7.95374e-10
-6.76345e-10
-5.74567e-10
-4.87629e-10
-4.13441e-10
-3.50198e-10
-2.9634e-10
-2.5052e-10
-2.11578e-10
-1.78515e-10
-1.50471e-10
-1.2671e-10
-1.06596e-10
-8.95877e-11
-7.52198e-11
-6.30944e-11
-5.2872e-11
-4.42626e-11
-3.70189e-11
-3.09305e-11
-2.58182e-11
-2.15298e-11
-1.79362e-11
-1.49278e-11
-1.24119e-11
-1.03099e-11
-8.5556e-12
-7.45555e-05
-7.92865e-05
-8.42353e-05
-8.94057e-05
-9.48008e-05
-0.000100423
-0.000106276
-0.000112359
-0.000118675
-0.000125223
-0.000132004
-0.000139016
-0.000146258
-0.000153727
-0.000161419
-0.000169331
-0.000177458
-0.000185792
-0.000194329
-0.000203059
-0.000211974
-0.000221065
-0.000230321
-0.00023973
-0.00024928
-0.000258957
-0.000268747
-0.000278635
-0.000288605
-0.00029864
-0.000308722
-0.000318833
-0.000328954
-0.000339065
-0.000349146
-0.000359175
-0.000369132
-0.000378994
-0.00038874
-0.000398348
-0.000407794
-0.000417057
-0.000426114
-0.000434943
-0.000443522
-0.000451828
-0.000459841
-0.000467538
-0.000474901
-0.000481909
-0.000488543
-0.000494784
-0.000500617
-0.000506023
-0.000510989
-0.0005155
-0.000519543
-0.000523107
-0.000526181
-0.000528757
-0.000530826
-0.000532384
-0.000533424
-0.000533946
-0.000533946
-0.000533424
-0.000532384
-0.000530826
-0.000528757
-0.000526181
-0.000523107
-0.000519543
-0.0005155
-0.000510989
-0.000506023
-0.000500617
-0.000494784
-0.000488543
-0.000481909
-0.000474901
-0.000467538
-0.000459841
-0.000451828
-0.000443522
-0.000434943
-0.000426114
-0.000417057
-0.000407794
-0.000398348
-0.00038874
-0.000378994
-0.000369132
-0.000359175
-0.000349146
-0.000339065
-0.000328954
-0.000318833
-0.000308722
-0.00029864
-0.000288605
-0.000278635
-0.000268747
-0.000258957
-0.00024928
-0.00023973
-0.000230321
-0.000221065
-0.000211974
-0.000203059
-0.000194329
-0.000185792
-0.000177458
-0.000169331
-0.000161419
-0.000153727
-0.000146258
-0.000139016
-0.000132004
-0.000125223
-0.000118675
-0.000112359
-0.000106276
-0.000100423
-9.48008e-05
-8.94057e-05
-8.42353e-05
-7.92865e-05
-7.45555e-05
-7.00384e-05
-6.57308e-05
-6.16279e-05
-5.77247e-05
-5.40159e-05
-5.04961e-05
-4.71595e-05
-4.40005e-05
-4.10129e-05
-3.8191e-05
-3.55284e-05
-3.30193e-05
-3.06573e-05
-2.84366e-05
-2.6351e-05
-2.43945e-05
-2.25612e-05
-2.08453e-05
-1.92412e-05
-1.77431e-05
-1.63457e-05
-1.50437e-05
-1.38318e-05
-1.27052e-05
-1.1659e-05
-1.06884e-05
-9.78911e-06
-8.95671e-06
-8.1871e-06
-7.47631e-06
-6.82057e-06
-6.21626e-06
-5.65997e-06
-5.14843e-06
-4.67855e-06
-4.24741e-06
-3.85223e-06
-3.49041e-06
-3.15949e-06
-2.85715e-06
-2.58122e-06
-2.32966e-06
-2.10057e-06
-1.89215e-06
-1.70275e-06
-1.53082e-06
-1.3749e-06
-1.23366e-06
-1.10584e-06
-9.90302e-07
-8.85969e-07
-7.91854e-07
-7.07046e-07
-6.30705e-07
-5.62057e-07
-5.00393e-07
-4.45058e-07
-3.95457e-07
-3.5104e-07
-3.11308e-07
-2.75804e-07
-2.4411e-07
-2.15848e-07
-1.90671e-07
-1.68267e-07
-1.4835e-07
-1.30663e-07
-1.14972e-07
-1.01067e-07
-8.87569e-08
-7.787e-08
-6.82519e-08
-5.97634e-08
-5.22795e-08
-4.56881e-08
-3.98888e-08
-3.47916e-08
-3.03162e-08
-2.63907e-08
-2.2951e-08
-1.99402e-08
-1.73074e-08
-1.50076e-08
-1.30007e-08
-1.12512e-08
-9.72756e-09
-8.40208e-09
-7.25012e-09
-6.24999e-09
-5.38257e-09
-4.63101e-09
-3.9805e-09
-3.41803e-09
-2.93218e-09
-2.51293e-09
-2.15152e-09
-1.84029e-09
-1.57255e-09
-1.34245e-09
-1.1449e-09
-9.75465e-10
-8.30295e-10
-7.0604e-10
-5.99794e-10
-5.09038e-10
-4.31593e-10
-3.65574e-10
-3.09351e-10
-2.61519e-10
-2.20867e-10
-1.86353e-10
-1.57078e-10
-1.32273e-10
-1.11276e-10
-9.35211e-11
-7.85223e-11
-6.58646e-11
-5.51934e-11
-4.6206e-11
-3.86443e-11
-3.22885e-11
-2.69517e-11
-2.24751e-11
-1.87237e-11
-1.55832e-11
-1.29569e-11
-1.07626e-11
-8.93123e-12
-7.77529e-05
-8.26868e-05
-8.78479e-05
-9.324e-05
-9.88665e-05
-0.00010473
-0.000110833
-0.000117178
-0.000123764
-0.000130594
-0.000137665
-0.000144978
-0.00015253
-0.00016032
-0.000168342
-0.000176593
-0.000185068
-0.00019376
-0.000202663
-0.000211768
-0.000221065
-0.000230546
-0.000240199
-0.000250011
-0.00025997
-0.000270062
-0.000280273
-0.000290585
-0.000300982
-0.000311448
-0.000321962
-0.000332507
-0.000343062
-0.000353606
-0.000364119
-0.000374579
-0.000384962
-0.000395248
-0.000405412
-0.000415431
-0.000425283
-0.000434943
-0.000444389
-0.000453596
-0.000462543
-0.000471205
-0.000479561
-0.000487589
-0.000495268
-0.000502576
-0.000509494
-0.000516004
-0.000522086
-0.000527725
-0.000532904
-0.000537608
-0.000541825
-0.000545541
-0.000548747
-0.000551433
-0.000553591
-0.000555216
-0.000556301
-0.000556845
-0.000556845
-0.000556301
-0.000555216
-0.000553591
-0.000551433
-0.000548747
-0.000545541
-0.000541825
-0.000537608
-0.000532904
-0.000527725
-0.000522086
-0.000516004
-0.000509494
-0.000502576
-0.000495268
-0.000487589
-0.000479561
-0.000471205
-0.000462543
-0.000453596
-0.000444389
-0.000434943
-0.000425283
-0.000415431
-0.000405412
-0.000395248
-0.000384962
-0.000374579
-0.000364119
-0.000353606
-0.000343062
-0.000332507
-0.000321962
-0.000311448
-0.000300982
-0.000290585
-0.000280273
-0.000270062
-0.00025997
-0.000250011
-0.000240199
-0.000230546
-0.000221065
-0.000211768
-0.000202663
-0.00019376
-0.000185068
-0.000176593
-0.000168342
-0.00016032
-0.00015253
-0.000144978
-0.000137665
-0.000130594
-0.000123764
-0.000117178
-0.000110833
-0.00010473
-9.88665e-05
-9.324e-05
-8.78479e-05
-8.26868e-05
-7.77529e-05
-7.30421e-05
-6.85497e-05
-6.42709e-05
-6.02003e-05
-5.63324e-05
-5.26617e-05
-4.9182e-05
-4.58875e-05
-4.27718e-05
-3.98288e-05
-3.70521e-05
-3.44353e-05
-3.19721e-05
-2.96561e-05
-2.74811e-05
-2.54407e-05
-2.35288e-05
-2.17393e-05
-2.00663e-05
-1.8504e-05
-1.70467e-05
-1.56888e-05
-1.4425e-05
-1.32501e-05
-1.2159e-05
-1.11468e-05
-1.02089e-05
-9.34083e-06
-8.53821e-06
-7.79694e-06
-7.11307e-06
-6.48286e-06
-5.90271e-06
-5.36923e-06
-4.8792e-06
-4.42957e-06
-4.01744e-06
-3.64011e-06
-3.29499e-06
-2.97968e-06
-2.69192e-06
-2.42957e-06
-2.19065e-06
-1.9733e-06
-1.77578e-06
-1.59647e-06
-1.43386e-06
-1.28656e-06
-1.15327e-06
-1.03277e-06
-9.23965e-07
-8.25814e-07
-7.37369e-07
-6.57754e-07
-5.86162e-07
-5.21853e-07
-4.64145e-07
-4.12416e-07
-3.66095e-07
-3.24659e-07
-2.87632e-07
-2.54579e-07
-2.25105e-07
-1.98848e-07
-1.75483e-07
-1.54712e-07
-1.36266e-07
-1.19903e-07
-1.05401e-07
-9.25633e-08
-8.12096e-08
-7.1179e-08
-6.23264e-08
-5.45216e-08
-4.76475e-08
-4.15995e-08
-3.62837e-08
-3.16163e-08
-2.75225e-08
-2.39353e-08
-2.07953e-08
-1.80497e-08
-1.56512e-08
-1.35582e-08
-1.17337e-08
-1.01447e-08
-8.76241e-09
-7.56105e-09
-6.51803e-09
-5.61341e-09
-4.82962e-09
-4.15121e-09
-3.56462e-09
-3.05793e-09
-2.6207e-09
-2.24379e-09
-1.91922e-09
-1.63999e-09
-1.40002e-09
-1.194e-09
-1.0173e-09
-8.65903e-10
-7.36319e-10
-6.25517e-10
-5.30869e-10
-4.50103e-10
-3.81252e-10
-3.22618e-10
-2.72735e-10
-2.3034e-10
-1.94345e-10
-1.63814e-10
-1.37946e-10
-1.16048e-10
-9.75319e-11
-8.18898e-11
-6.86893e-11
-5.75605e-11
-4.81876e-11
-4.03016e-11
-3.36732e-11
-2.81076e-11
-2.34389e-11
-1.95267e-11
-1.62515e-11
-1.35125e-11
-1.12242e-11
-9.31426e-12
-8.10083e-05
-8.61487e-05
-9.15259e-05
-9.71438e-05
-0.000103006
-0.000109115
-0.000115474
-0.000122084
-0.000128946
-0.000136061
-0.000143429
-0.000151048
-0.000158917
-0.000167032
-0.00017539
-0.000183987
-0.000192817
-0.000201873
-0.000211148
-0.000220634
-0.000230321
-0.000240199
-0.000250255
-0.000260479
-0.000270855
-0.00028137
-0.000292007
-0.000302751
-0.000313584
-0.000324488
-0.000335442
-0.000346429
-0.000357425
-0.000368411
-0.000379364
-0.000390262
-0.00040108
-0.000411796
-0.000422386
-0.000432825
-0.000443089
-0.000453154
-0.000462995
-0.000472588
-0.000481909
-0.000490934
-0.00049964
-0.000508004
-0.000516004
-0.000523618
-0.000530826
-0.000537608
-0.000543945
-0.00054982
-0.000555216
-0.000560117
-0.00056451
-0.000568382
-0.000571722
-0.000574521
-0.000576769
-0.000578462
-0.000579592
-0.000580159
-0.000580159
-0.000579592
-0.000578462
-0.000576769
-0.000574521
-0.000571722
-0.000568382
-0.00056451
-0.000560117
-0.000555216
-0.00054982
-0.000543945
-0.000537608
-0.000530826
-0.000523618
-0.000516004
-0.000508004
-0.00049964
-0.000490934
-0.000481909
-0.000472588
-0.000462995
-0.000453154
-0.000443089
-0.000432825
-0.000422386
-0.000411796
-0.00040108
-0.000390262
-0.000379364
-0.000368411
-0.000357425
-0.000346429
-0.000335442
-0.000324488
-0.000313584
-0.000302751
-0.000292007
-0.00028137
-0.000270855
-0.000260479
-0.000250255
-0.000240199
-0.000230321
-0.000220634
-0.000211148
-0.000201873
-0.000192817
-0.000183987
-0.00017539
-0.000167032
-0.000158917
-0.000151048
-0.000143429
-0.000136061
-0.000128946
-0.000122084
-0.000115474
-0.000109115
-0.000103006
-9.71438e-05
-9.15259e-05
-8.61487e-05
-8.10083e-05
-7.61003e-05
-7.14198e-05
-6.69618e-05
-6.27208e-05
-5.8691e-05
-5.48665e-05
-5.12412e-05
-4.78087e-05
-4.45626e-05
-4.14964e-05
-3.86034e-05
-3.58771e-05
-3.33107e-05
-3.08978e-05
-2.86316e-05
-2.65058e-05
-2.45139e-05
-2.26495e-05
-2.09065e-05
-1.92788e-05
-1.77604e-05
-1.63457e-05
-1.5029e-05
-1.38049e-05
-1.2668e-05
-1.16135e-05
-1.06364e-05
-9.73192e-06
-8.89569e-06
-8.12339e-06
-7.41089e-06
-6.75428e-06
-6.14984e-06
-5.59403e-06
-5.08348e-06
-4.61503e-06
-4.18565e-06
-3.79251e-06
-3.43295e-06
-3.10444e-06
-2.80463e-06
-2.5313e-06
-2.28237e-06
-2.05592e-06
-1.85013e-06
-1.66331e-06
-1.4939e-06
-1.34043e-06
-1.20155e-06
-1.07601e-06
-9.6265e-07
-8.60389e-07
-7.68241e-07
-6.85293e-07
-6.10704e-07
-5.43702e-07
-4.83578e-07
-4.29684e-07
-3.81423e-07
-3.38252e-07
-2.99675e-07
-2.65238e-07
-2.34529e-07
-2.07174e-07
-1.8283e-07
-1.61189e-07
-1.41972e-07
-1.24923e-07
-1.09814e-07
-9.64388e-08
-8.46097e-08
-7.41591e-08
-6.49359e-08
-5.68043e-08
-4.96424e-08
-4.33412e-08
-3.78029e-08
-3.29401e-08
-2.86748e-08
-2.49374e-08
-2.1666e-08
-1.88054e-08
-1.63065e-08
-1.41259e-08
-1.22249e-08
-1.05695e-08
-9.12928e-09
-7.87762e-09
-6.79093e-09
-5.84844e-09
-5.03183e-09
-4.32502e-09
-3.71386e-09
-3.18596e-09
-2.73042e-09
-2.33773e-09
-1.99957e-09
-1.70865e-09
-1.45864e-09
-1.24399e-09
-1.05989e-09
-9.02157e-10
-7.67148e-10
-6.51706e-10
-5.53096e-10
-4.68948e-10
-3.97214e-10
-3.36125e-10
-2.84154e-10
-2.39983e-10
-2.02481e-10
-1.70673e-10
-1.43721e-10
-1.20907e-10
-1.01615e-10
-8.53184e-11
-7.15652e-11
-5.99704e-11
-5.02051e-11
-4.19889e-11
-3.50831e-11
-2.92844e-11
-2.44203e-11
-2.03442e-11
-1.6932e-11
-1.40783e-11
-1.16941e-11
-9.70423e-12
-8.43176e-05
-8.9668e-05
-9.52649e-05
-0.000101112
-0.000107214
-0.000113573
-0.000120191
-0.000127071
-0.000134214
-0.00014162
-0.000149288
-0.000157219
-0.000165409
-0.000173855
-0.000182555
-0.000191503
-0.000200693
-0.00021012
-0.000219774
-0.000229647
-0.00023973
-0.000250011
-0.000260479
-0.000271119
-0.00028192
-0.000292864
-0.000303936
-0.000315119
-0.000326394
-0.000337743
-0.000349146
-0.000360581
-0.000372027
-0.000383461
-0.000394862
-0.000406204
-0.000417465
-0.000428619
-0.000439641
-0.000450506
-0.00046119
-0.000471666
-0.000481909
-0.000491894
-0.000501595
-0.000510989
-0.000520051
-0.000528757
-0.000537083
-0.000545009
-0.000552511
-0.00055957
-0.000566166
-0.000572281
-0.000577897
-0.000582998
-0.000587571
-0.000591601
-0.000595078
-0.000597991
-0.000600331
-0.000602093
-0.00060327
-0.000603859
-0.000603859
-0.00060327
-0.000602093
-0.000600331
-0.000597991
-0.000595078
-0.000591601
-0.000587571
-0.000582998
-0.000577897
-0.000572281
-0.000566166
-0.00055957
-0.000552511
-0.000545009
-0.000537083
-0.000528757
-0.000520051
-0.000510989
-0.000501595
-0.000491894
-0.000481909
-0.000471666
-0.00046119
-0.000450506
-0.000439641
-0.000428619
-0.000417465
-0.000406204
-0.000394862
-0.000383461
-0.000372027
-0.000360581
-0.000349146
-0.000337743
-0.000326394
-0.000315119
-0.000303936
-0.000292864
-0.00028192
-0.000271119
-0.000260479
-0.000250011
-0.00023973
-0.000229647
-0.000219774
-0.00021012
-0.000200693
-0.000191503
-0.000182555
-0.000173855
-0.000165409
-0.000157219
-0.000149288
-0.00014162
-0.000134214
-0.000127071
-0.000120191
-0.000113573
-0.000107214
-0.000101112
-9.52649e-05
-8.9668e-05
-8.43176e-05
-7.92091e-05
-7.43374e-05
-6.96973e-05
-6.5283e-05
-6.10886e-05
-5.71079e-05
-5.33345e-05
-4.97618e-05
-4.63831e-05
-4.31916e-05
-4.01804e-05
-3.73427e-05
-3.46715e-05
-3.216e-05
-2.98013e-05
-2.75886e-05
-2.55153e-05
-2.35748e-05
-2.17605e-05
-2.00663e-05
-1.8486e-05
-1.70135e-05
-1.5643e-05
-1.43688e-05
-1.31856e-05
-1.20879e-05
-1.10709e-05
-1.01295e-05
-9.2591e-06
-8.45524e-06
-7.71363e-06
-7.0302e-06
-6.40107e-06
-5.82256e-06
-5.29115e-06
-4.80356e-06
-4.35664e-06
-3.94744e-06
-3.57319e-06
-3.23126e-06
-2.9192e-06
-2.6347e-06
-2.37561e-06
-2.13991e-06
-1.92571e-06
-1.73126e-06
-1.55492e-06
-1.39519e-06
-1.25064e-06
-1.11997e-06
-1.00198e-06
-8.95538e-07
-7.99625e-07
-7.13288e-07
-6.35652e-07
-5.65913e-07
-5.03333e-07
-4.47237e-07
-3.97005e-07
-3.5207e-07
-3.11917e-07
-2.76073e-07
-2.4411e-07
-2.15637e-07
-1.90299e-07
-1.67774e-07
-1.47771e-07
-1.30026e-07
-1.143e-07
-1.00378e-07
-8.80662e-08
-7.71886e-08
-6.75886e-08
-5.91248e-08
-5.16704e-08
-4.51118e-08
-3.93472e-08
-3.42857e-08
-2.98462e-08
-2.59561e-08
-2.25511e-08
-1.95736e-08
-1.69727e-08
-1.4703e-08
-1.27244e-08
-1.10013e-08
-9.50222e-09
-8.19943e-09
-7.06835e-09
-6.08735e-09
-5.23739e-09
-4.5017e-09
-3.86558e-09
-3.31611e-09
-2.84196e-09
-2.43323e-09
-2.08125e-09
-1.77845e-09
-1.51822e-09
-1.29481e-09
-1.10319e-09
-9.39012e-10
-7.98487e-10
-6.78329e-10
-5.7569e-10
-4.88105e-10
-4.13441e-10
-3.49857e-10
-2.95762e-10
-2.49787e-10
-2.10753e-10
-1.77645e-10
-1.49592e-10
-1.25846e-10
-1.05767e-10
-8.88038e-11
-7.44888e-11
-6.24203e-11
-5.22561e-11
-4.37042e-11
-3.65163e-11
-3.04807e-11
-2.54179e-11
-2.11753e-11
-1.76237e-11
-1.46534e-11
-1.21718e-11
-1.01007e-11
-8.76764e-05
-9.324e-05
-9.90598e-05
-0.00010514
-0.000111485
-0.000118097
-0.000124979
-0.000132133
-0.00013956
-0.000147261
-0.000155235
-0.000163482
-0.000171998
-0.000180781
-0.000189827
-0.000199132
-0.000208688
-0.00021849
-0.000228529
-0.000238795
-0.00024928
-0.00025997
-0.000270855
-0.00028192
-0.00029315
-0.00030453
-0.000316043
-0.000327672
-0.000339396
-0.000351197
-0.000363054
-0.000374945
-0.000386847
-0.000398737
-0.000410591
-0.000422386
-0.000434095
-0.000445693
-0.000457154
-0.000468452
-0.000479561
-0.000490455
-0.000501106
-0.000511489
-0.000521577
-0.000531345
-0.000540767
-0.00054982
-0.000558478
-0.000566719
-0.000574521
-0.000581861
-0.00058872
-0.000595078
-0.000600918
-0.000606222
-0.000610977
-0.000615168
-0.000618783
-0.000621812
-0.000624246
-0.000626077
-0.000627301
-0.000627914
-0.000627914
-0.000627301
-0.000626077
-0.000624246
-0.000621812
-0.000618783
-0.000615168
-0.000610977
-0.000606222
-0.000600918
-0.000595078
-0.00058872
-0.000581861
-0.000574521
-0.000566719
-0.000558478
-0.00054982
-0.000540767
-0.000531345
-0.000521577
-0.000511489
-0.000501106
-0.000490455
-0.000479561
-0.000468452
-0.000457154
-0.000445693
-0.000434095
-0.000422386
-0.000410591
-0.000398737
-0.000386847
-0.000374945
-0.000363054
-0.000351197
-0.000339396
-0.000327672
-0.000316043
-0.00030453
-0.00029315
-0.00028192
-0.000270855
-0.00025997
-0.00024928
-0.000238795
-0.000228529
-0.00021849
-0.000208688
-0.000199132
-0.000189827
-0.000180781
-0.000171998
-0.000163482
-0.000155235
-0.000147261
-0.00013956
-0.000132133
-0.000124979
-0.000118097
-0.000111485
-0.00010514
-9.90598e-05
-9.324e-05
-8.76764e-05
-8.23644e-05
-7.72987e-05
-7.24737e-05
-6.78836e-05
-6.35221e-05
-5.93828e-05
-5.54591e-05
-5.17441e-05
-4.82308e-05
-4.49121e-05
-4.1781e-05
-3.88303e-05
-3.60527e-05
-3.34411e-05
-3.09884e-05
-2.86876e-05
-2.65317e-05
-2.45139e-05
-2.26274e-05
-2.08657e-05
-1.92224e-05
-1.76912e-05
-1.62661e-05
-1.49412e-05
-1.37108e-05
-1.25695e-05
-1.15119e-05
-1.0533e-05
-9.62794e-06
-8.79206e-06
-8.02091e-06
-7.31026e-06
-6.65606e-06
-6.0545e-06
-5.50193e-06
-4.99491e-06
-4.53018e-06
-4.10469e-06
-3.71553e-06
-3.35998e-06
-3.03549e-06
-2.73966e-06
-2.47025e-06
-2.22515e-06
-2.00242e-06
-1.80022e-06
-1.61687e-06
-1.45076e-06
-1.30046e-06
-1.16458e-06
-1.04189e-06
-9.31212e-07
-8.31478e-07
-7.41702e-07
-6.60973e-07
-5.88456e-07
-5.23384e-07
-4.65053e-07
-4.12819e-07
-3.66095e-07
-3.24342e-07
-2.87071e-07
-2.53834e-07
-2.24227e-07
-1.9788e-07
-1.74458e-07
-1.53658e-07
-1.35206e-07
-1.18854e-07
-1.04377e-07
-9.15743e-08
-8.02635e-08
-7.02811e-08
-6.14801e-08
-5.37287e-08
-4.69088e-08
-4.09146e-08
-3.56515e-08
-3.10351e-08
-2.69901e-08
-2.34494e-08
-2.03533e-08
-1.76488e-08
-1.52887e-08
-1.32312e-08
-1.14395e-08
-9.88075e-09
-8.52606e-09
-7.34992e-09
-6.32985e-09
-5.44602e-09
-4.68103e-09
-4.01957e-09
-3.44821e-09
-2.95517e-09
-2.53016e-09
-2.16416e-09
-1.8493e-09
-1.5787e-09
-1.34639e-09
-1.14714e-09
-9.76418e-10
-8.30295e-10
-7.05351e-10
-5.98623e-10
-5.07549e-10
-4.29911e-10
-3.63793e-10
-3.07544e-10
-2.59738e-10
-2.19149e-10
-1.84722e-10
-1.55551e-10
-1.3086e-10
-1.0998e-10
-9.23413e-11
-7.74561e-11
-6.49068e-11
-5.43377e-11
-4.54452e-11
-3.79709e-11
-3.16949e-11
-2.64304e-11
-2.20188e-11
-1.83257e-11
-1.52371e-11
-1.26567e-11
-1.0503e-11
-9.10801e-05
-9.68596e-05
-0.000102905
-0.000109222
-0.000115813
-0.000122681
-0.000129831
-0.000137263
-0.000144978
-0.000152978
-0.000161262
-0.000169828
-0.000178675
-0.000187799
-0.000197196
-0.000206862
-0.000216789
-0.000226972
-0.0002374
-0.000248065
-0.000258957
-0.000270062
-0.00028137
-0.000292864
-0.00030453
-0.000316352
-0.000328312
-0.000340392
-0.000352572
-0.000364831
-0.000377148
-0.0003895
-0.000401864
-0.000414216
-0.000426531
-0.000438783
-0.000450946
-0.000462995
-0.000474901
-0.000486638
-0.000498178
-0.000509494
-0.000520559
-0.000531345
-0.000541825
-0.000551972
-0.00056176
-0.000571164
-0.000580159
-0.00058872
-0.000596824
-0.000604449
-0.000611574
-0.000618179
-0.000624246
-0.000629756
-0.000634696
-0.000639049
-0.000642805
-0.000645951
-0.000648479
-0.000650382
-0.000651653
-0.00065229
-0.00065229
-0.000651653
-0.000650382
-0.000648479
-0.000645951
-0.000642805
-0.000639049
-0.000634696
-0.000629756
-0.000624246
-0.000618179
-0.000611574
-0.000604449
-0.000596824
-0.00058872
-0.000580159
-0.000571164
-0.00056176
-0.000551972
-0.000541825
-0.000531345
-0.000520559
-0.000509494
-0.000498178
-0.000486638
-0.000474901
-0.000462995
-0.000450946
-0.000438783
-0.000426531
-0.000414216
-0.000401864
-0.0003895
-0.000377148
-0.000364831
-0.000352572
-0.000340392
-0.000328312
-0.000316352
-0.00030453
-0.000292864
-0.00028137
-0.000270062
-0.000258957
-0.000248065
-0.0002374
-0.000226972
-0.000216789
-0.000206862
-0.000197196
-0.000187799
-0.000178675
-0.000169828
-0.000161262
-0.000152978
-0.000144978
-0.000137263
-0.000129831
-0.000122681
-0.000115813
-0.000109222
-0.000102905
-9.68596e-05
-9.10801e-05
-8.55618e-05
-8.02994e-05
-7.52872e-05
-7.05188e-05
-6.5988e-05
-6.16881e-05
-5.7612e-05
-5.37528e-05
-5.01031e-05
-4.66556e-05
-4.3403e-05
-4.03377e-05
-3.74523e-05
-3.47393e-05
-3.21914e-05
-2.98013e-05
-2.75617e-05
-2.54655e-05
-2.35058e-05
-2.16757e-05
-1.99686e-05
-1.8378e-05
-1.68976e-05
-1.55212e-05
-1.42431e-05
-1.30574e-05
-1.19588e-05
-1.09419e-05
-1.00017e-05
-9.13337e-06
-8.33228e-06
-7.59404e-06
-6.91446e-06
-6.28954e-06
-5.71552e-06
-5.18881e-06
-4.70605e-06
-4.26403e-06
-3.85977e-06
-3.49041e-06
-3.15333e-06
-2.84601e-06
-2.56614e-06
-2.31153e-06
-2.08015e-06
-1.87011e-06
-1.67963e-06
-1.50708e-06
-1.35094e-06
-1.20979e-06
-1.08234e-06
-9.67362e-07
-8.63757e-07
-7.70495e-07
-6.86632e-07
-6.113e-07
-5.43702e-07
-4.83106e-07
-4.28845e-07
-3.80307e-07
-3.36933e-07
-2.98215e-07
-2.63688e-07
-2.32932e-07
-2.05561e-07
-1.8123e-07
-1.59623e-07
-1.40455e-07
-1.23468e-07
-1.08429e-07
-9.51293e-08
-8.33794e-08
-7.30094e-08
-6.38668e-08
-5.58145e-08
-4.87298e-08
-4.25029e-08
-3.70355e-08
-3.22399e-08
-2.80379e-08
-2.43597e-08
-2.11435e-08
-1.83339e-08
-1.58822e-08
-1.37449e-08
-1.18836e-08
-1.02643e-08
-8.85705e-09
-7.63525e-09
-6.57557e-09
-5.65744e-09
-4.86275e-09
-4.17561e-09
-3.58207e-09
-3.06989e-09
-2.62838e-09
-2.24818e-09
-1.92109e-09
-1.63999e-09
-1.39865e-09
-1.19167e-09
-1.01432e-09
-8.62527e-10
-7.32733e-10
-6.21862e-10
-5.27252e-10
-4.466e-10
-3.77916e-10
-3.19483e-10
-2.69821e-10
-2.27656e-10
-1.91893e-10
-1.6159e-10
-1.3594e-10
-1.14249e-10
-9.59261e-11
-8.04629e-11
-6.74265e-11
-5.64471e-11
-4.72094e-11
-3.9445e-11
-3.29253e-11
-2.74565e-11
-2.28736e-11
-1.90371e-11
-1.58286e-11
-1.3148e-11
-1.09108e-11
-9.45235e-05
-0.000100522
-0.000106796
-0.000113351
-0.000120191
-0.00012732
-0.000134739
-0.000142452
-0.000150459
-0.000158762
-0.000167358
-0.000176249
-0.00018543
-0.000194899
-0.000204652
-0.000214683
-0.000224986
-0.000235553
-0.000246375
-0.000257444
-0.000268747
-0.000280273
-0.000292007
-0.000303936
-0.000316043
-0.000328312
-0.000340725
-0.000353261
-0.000365902
-0.000378624
-0.000391407
-0.000404226
-0.000417057
-0.000429876
-0.000442656
-0.000455372
-0.000467995
-0.000480499
-0.000492855
-0.000505036
-0.000517013
-0.000528757
-0.00054024
-0.000551433
-0.000562309
-0.00057284
-0.000582998
-0.000592758
-0.000602093
-0.000610977
-0.000619388
-0.000627301
-0.000634696
-0.00064155
-0.000647846
-0.000653565
-0.000658691
-0.000663209
-0.000667107
-0.000670372
-0.000672996
-0.00067497
-0.00067629
-0.000676951
-0.000676951
-0.00067629
-0.00067497
-0.000672996
-0.000670372
-0.000667107
-0.000663209
-0.000658691
-0.000653565
-0.000647846
-0.00064155
-0.000634696
-0.000627301
-0.000619388
-0.000610977
-0.000602093
-0.000592758
-0.000582998
-0.00057284
-0.000562309
-0.000551433
-0.00054024
-0.000528757
-0.000517013
-0.000505036
-0.000492855
-0.000480499
-0.000467995
-0.000455372
-0.000442656
-0.000429876
-0.000417057
-0.000404226
-0.000391407
-0.000378624
-0.000365902
-0.000353261
-0.000340725
-0.000328312
-0.000316043
-0.000303936
-0.000292007
-0.000280273
-0.000268747
-0.000257444
-0.000246375
-0.000235553
-0.000224986
-0.000214683
-0.000204652
-0.000194899
-0.00018543
-0.000176249
-0.000167358
-0.000158762
-0.000150459
-0.000142452
-0.000134739
-0.00012732
-0.000120191
-0.000113351
-0.000106796
-0.000100522
-9.45235e-05
-8.87966e-05
-8.33353e-05
-7.81335e-05
-7.31849e-05
-6.84828e-05
-6.40203e-05
-5.97901e-05
-5.5785e-05
-5.19973e-05
-4.84195e-05
-4.50439e-05
-4.18627e-05
-3.88682e-05
-3.60527e-05
-3.34085e-05
-3.0928e-05
-2.86037e-05
-2.64283e-05
-2.43945e-05
-2.24952e-05
-2.07235e-05
-1.90728e-05
-1.75364e-05
-1.6108e-05
-1.47816e-05
-1.35511e-05
-1.24109e-05
-1.13556e-05
-1.03798e-05
-9.47867e-06
-8.6473e-06
-7.88115e-06
-7.17587e-06
-6.52732e-06
-5.9316e-06
-5.38498e-06
-4.88397e-06
-4.42524e-06
-4.00569e-06
-3.62237e-06
-3.27254e-06
-2.95361e-06
-2.66316e-06
-2.39892e-06
-2.1588e-06
-1.94081e-06
-1.74313e-06
-1.56406e-06
-1.40202e-06
-1.25553e-06
-1.12326e-06
-1.00393e-06
-8.96413e-07
-7.99625e-07
-7.12592e-07
-6.34411e-07
-5.64257e-07
-5.01371e-07
-4.45058e-07
-3.94685e-07
-3.49672e-07
-3.0949e-07
-2.73657e-07
-2.41738e-07
-2.13333e-07
-1.88082e-07
-1.65658e-07
-1.45765e-07
-1.28135e-07
-1.12528e-07
-9.87258e-08
-8.65316e-08
-7.57696e-08
-6.62814e-08
-5.79246e-08
-5.05721e-08
-4.41098e-08
-3.84357e-08
-3.34588e-08
-2.90979e-08
-2.52807e-08
-2.19428e-08
-1.90271e-08
-1.64826e-08
-1.42645e-08
-1.23329e-08
-1.06524e-08
-9.1919e-09
-7.92391e-09
-6.82417e-09
-5.87133e-09
-5.04659e-09
-4.33347e-09
-3.71749e-09
-3.18596e-09
-2.72775e-09
-2.33317e-09
-1.99372e-09
-1.70199e-09
-1.45153e-09
-1.23672e-09
-1.05267e-09
-8.95137e-10
-7.60435e-10
-6.45373e-10
-5.47186e-10
-4.63485e-10
-3.92204e-10
-3.31561e-10
-2.80022e-10
-2.36263e-10
-1.99148e-10
-1.67699e-10
-1.41079e-10
-1.18569e-10
-9.95527e-11
-8.3505e-11
-6.99757e-11
-5.85812e-11
-4.89942e-11
-4.09362e-11
-3.41701e-11
-2.84945e-11
-2.37384e-11
-1.97568e-11
-1.64271e-11
-1.36451e-11
-1.13233e-11
-9.80014e-05
-0.00010422
-0.000110725
-0.000117522
-0.000124613
-0.000132004
-0.000139697
-0.000147693
-0.000155995
-0.000164603
-0.000173516
-0.000182733
-0.000192252
-0.00020207
-0.000212182
-0.000222582
-0.000233264
-0.000244219
-0.00025544
-0.000266916
-0.000278635
-0.000290585
-0.000302751
-0.000315119
-0.000327672
-0.000340392
-0.000353261
-0.000366259
-0.000379364
-0.000392555
-0.000405808
-0.000419099
-0.000432402
-0.000445693
-0.000458943
-0.000472127
-0.000485214
-0.000498178
-0.000510989
-0.000523618
-0.000536035
-0.000548211
-0.000560117
-0.000571722
-0.000582998
-0.000593917
-0.000604449
-0.000614568
-0.000624246
-0.000633457
-0.000642177
-0.000650382
-0.000658048
-0.000665155
-0.000671683
-0.000677612
-0.000682927
-0.000687611
-0.000691652
-0.000695037
-0.000697758
-0.000699805
-0.000701173
-0.000701858
-0.000701858
-0.000701173
-0.000699805
-0.000697758
-0.000695037
-0.000691652
-0.000687611
-0.000682927
-0.000677612
-0.000671683
-0.000665155
-0.000658048
-0.000650382
-0.000642177
-0.000633457
-0.000624246
-0.000614568
-0.000604449
-0.000593917
-0.000582998
-0.000571722
-0.000560117
-0.000548211
-0.000536035
-0.000523618
-0.000510989
-0.000498178
-0.000485214
-0.000472127
-0.000458943
-0.000445693
-0.000432402
-0.000419099
-0.000405808
-0.000392555
-0.000379364
-0.000366259
-0.000353261
-0.000340392
-0.000327672
-0.000315119
-0.000302751
-0.000290585
-0.000278635
-0.000266916
-0.00025544
-0.000244219
-0.000233264
-0.000222582
-0.000212182
-0.00020207
-0.000192252
-0.000182733
-0.000173516
-0.000164603
-0.000155995
-0.000147693
-0.000139697
-0.000132004
-0.000124613
-0.000117522
-0.000110725
-0.00010422
-9.80014e-05
-9.20638e-05
-8.64015e-05
-8.10083e-05
-7.58776e-05
-7.10025e-05
-6.63758e-05
-6.199e-05
-5.78375e-05
-5.39105e-05
-5.02011e-05
-4.67012e-05
-4.3403e-05
-4.02983e-05
-3.73792e-05
-3.46377e-05
-3.20659e-05
-2.96561e-05
-2.74007e-05
-2.5292e-05
-2.33229e-05
-2.1486e-05
-1.97745e-05
-1.81816e-05
-1.67007e-05
-1.53254e-05
-1.40497e-05
-1.28675e-05
-1.17734e-05
-1.07617e-05
-9.82742e-06
-8.96546e-06
-8.17112e-06
-7.43989e-06
-6.76749e-06
-6.14984e-06
-5.58312e-06
-5.06367e-06
-4.58806e-06
-4.15307e-06
-3.75565e-06
-3.39295e-06
-3.06228e-06
-2.76115e-06
-2.48719e-06
-2.23823e-06
-2.01222e-06
-1.80727e-06
-1.62161e-06
-1.4536e-06
-1.30173e-06
-1.16458e-06
-1.04087e-06
-9.29395e-07
-8.29046e-07
-7.3881e-07
-6.57754e-07
-5.85018e-07
-5.19818e-07
-4.61434e-07
-4.09207e-07
-3.62537e-07
-3.20877e-07
-2.83726e-07
-2.50632e-07
-2.21182e-07
-1.95002e-07
-1.71753e-07
-1.51128e-07
-1.3285e-07
-1.16669e-07
-1.02358e-07
-8.97154e-08
-7.85575e-08
-6.87201e-08
-6.00559e-08
-5.24329e-08
-4.57328e-08
-3.98499e-08
-3.46899e-08
-3.01685e-08
-2.62109e-08
-2.27502e-08
-1.97271e-08
-1.70891e-08
-1.47894e-08
-1.27866e-08
-1.10443e-08
-9.5301e-09
-8.21546e-09
-7.07526e-09
-6.08735e-09
-5.23227e-09
-4.49292e-09
-3.85427e-09
-3.30318e-09
-2.82812e-09
-2.41902e-09
-2.06708e-09
-1.76461e-09
-1.50494e-09
-1.28222e-09
-1.0914e-09
-9.28072e-10
-7.88414e-10
-6.69118e-10
-5.67319e-10
-4.80538e-10
-4.06634e-10
-3.4376e-10
-2.90325e-10
-2.44956e-10
-2.06475e-10
-1.73869e-10
-1.4627e-10
-1.22931e-10
-1.03216e-10
-8.65774e-11
-7.25504e-11
-6.07366e-11
-5.07969e-11
-4.24424e-11
-3.54274e-11
-2.95429e-11
-2.46118e-11
-2.04838e-11
-1.70315e-11
-1.41472e-11
-1.17399e-11
-0.000101508
-0.000107949
-0.000114687
-0.000121727
-0.000129072
-0.000136727
-0.000144695
-0.000152978
-0.000161577
-0.000170493
-0.000179725
-0.000189272
-0.000199132
-0.0002093
-0.000219774
-0.000230546
-0.00024161
-0.000252958
-0.00026458
-0.000276467
-0.000288605
-0.000300982
-0.000313584
-0.000326394
-0.000339396
-0.000352572
-0.000365902
-0.000379364
-0.000392939
-0.000406601
-0.000420328
-0.000434095
-0.000447874
-0.00046164
-0.000475365
-0.00048902
-0.000502576
-0.000516004
-0.000529273
-0.000542354
-0.000555216
-0.000567827
-0.000580159
-0.000592179
-0.000603859
-0.000615168
-0.000626077
-0.000636558
-0.000646582
-0.000656123
-0.000665155
-0.000673653
-0.000681594
-0.000688956
-0.000695717
-0.000701858
-0.000707363
-0.000712215
-0.0007164
-0.000719907
-0.000722725
-0.000724845
-0.000726262
-0.000726972
-0.000726972
-0.000726262
-0.000724845
-0.000722725
-0.000719907
-0.0007164
-0.000712215
-0.000707363
-0.000701858
-0.000695717
-0.000688956
-0.000681594
-0.000673653
-0.000665155
-0.000656123
-0.000646582
-0.000636558
-0.000626077
-0.000615168
-0.000603859
-0.000592179
-0.000580159
-0.000567827
-0.000555216
-0.000542354
-0.000529273
-0.000516004
-0.000502576
-0.00048902
-0.000475365
-0.00046164
-0.000447874
-0.000434095
-0.000420328
-0.000406601
-0.000392939
-0.000379364
-0.000365902
-0.000352572
-0.000339396
-0.000326394
-0.000313584
-0.000300982
-0.000288605
-0.000276467
-0.00026458
-0.000252958
-0.00024161
-0.000230546
-0.000219774
-0.0002093
-0.000199132
-0.000189272
-0.000179725
-0.000170493
-0.000161577
-0.000152978
-0.000144695
-0.000136727
-0.000129072
-0.000121727
-0.000114687
-0.000107949
-0.000101508
-9.53579e-05
-8.94931e-05
-8.39069e-05
-7.85927e-05
-7.35431e-05
-6.87509e-05
-6.42081e-05
-5.9907e-05
-5.58395e-05
-5.19973e-05
-4.83723e-05
-4.4956e-05
-4.17402e-05
-3.87167e-05
-3.58771e-05
-3.32133e-05
-3.07173e-05
-2.83811e-05
-2.6197e-05
-2.41574e-05
-2.22548e-05
-2.04821e-05
-1.88322e-05
-1.72983e-05
-1.58738e-05
-1.45524e-05
-1.3328e-05
-1.21946e-05
-1.11468e-05
-1.01791e-05
-9.28626e-06
-8.4635e-06
-7.7061e-06
-7.00964e-06
-6.36989e-06
-5.78289e-06
-5.24485e-06
-4.75223e-06
-4.30168e-06
-3.89004e-06
-3.51436e-06
-3.17186e-06
-2.85994e-06
-2.57618e-06
-2.31832e-06
-2.08422e-06
-1.87194e-06
-1.67963e-06
-1.50561e-06
-1.34831e-06
-1.20625e-06
-1.07812e-06
-9.6265e-07
-8.58711e-07
-7.65246e-07
-6.81289e-07
-6.05951e-07
-5.38418e-07
-4.77944e-07
-4.23849e-07
-3.75509e-07
-3.32358e-07
-2.93878e-07
-2.596e-07
-2.29096e-07
-2.0198e-07
-1.77899e-07
-1.56536e-07
-1.37604e-07
-1.20843e-07
-1.06021e-07
-9.29256e-08
-8.13684e-08
-7.1179e-08
-6.22048e-08
-5.4309e-08
-4.73691e-08
-4.12758e-08
-3.59311e-08
-3.1248e-08
-2.71487e-08
-2.35642e-08
-2.0433e-08
-1.77006e-08
-1.53186e-08
-1.32442e-08
-1.14395e-08
-9.8711e-09
-8.50942e-09
-7.32842e-09
-6.30517e-09
-5.41949e-09
-4.65368e-09
-3.99218e-09
-3.42137e-09
-2.92931e-09
-2.50557e-09
-2.14104e-09
-1.82775e-09
-1.55879e-09
-1.3281e-09
-1.13045e-09
-9.6128e-10
-8.16625e-10
-6.9306e-10
-5.87618e-10
-4.97732e-10
-4.21184e-10
-3.56061e-10
-3.00713e-10
-2.53721e-10
-2.13863e-10
-1.80091e-10
-1.51504e-10
-1.2733e-10
-1.06909e-10
-8.96753e-11
-7.51463e-11
-6.29099e-11
-5.26145e-11
-4.39611e-11
-3.6695e-11
-3.06e-11
-2.54925e-11
-2.12167e-11
-1.76409e-11
-1.46534e-11
-1.216e-11
-0.000105037
-0.000111703
-0.000118675
-0.000125959
-0.00013356
-0.000141481
-0.000149726
-0.000158297
-0.000167195
-0.000176421
-0.000185974
-0.000195853
-0.000206055
-0.000216578
-0.000227415
-0.000238562
-0.000250011
-0.000261754
-0.00027378
-0.00028608
-0.00029864
-0.000311448
-0.000324488
-0.000337743
-0.000351197
-0.000364831
-0.000378624
-0.000392555
-0.000406601
-0.000420739
-0.000434943
-0.000449188
-0.000463447
-0.000477692
-0.000491894
-0.000506023
-0.000520051
-0.000533946
-0.000547676
-0.000561212
-0.000574521
-0.000587571
-0.000600331
-0.00061277
-0.000624856
-0.000636558
-0.000647846
-0.000658691
-0.000669064
-0.000678937
-0.000688283
-0.000697077
-0.000705294
-0.000712911
-0.000719907
-0.000726262
-0.000731958
-0.000736979
-0.00074131
-0.000744939
-0.000747854
-0.000750048
-0.000751515
-0.000752249
-0.000752249
-0.000751515
-0.000750048
-0.000747854
-0.000744939
-0.00074131
-0.000736979
-0.000731958
-0.000726262
-0.000719907
-0.000712911
-0.000705294
-0.000697077
-0.000688283
-0.000678937
-0.000669064
-0.000658691
-0.000647846
-0.000636558
-0.000624856
-0.00061277
-0.000600331
-0.000587571
-0.000574521
-0.000561212
-0.000547676
-0.000533946
-0.000520051
-0.000506023
-0.000491894
-0.000477692
-0.000463447
-0.000449188
-0.000434943
-0.000420739
-0.000406601
-0.000392555
-0.000378624
-0.000364831
-0.000351197
-0.000337743
-0.000324488
-0.000311448
-0.00029864
-0.00028608
-0.00027378
-0.000261754
-0.000250011
-0.000238562
-0.000227415
-0.000216578
-0.000206055
-0.000195853
-0.000185974
-0.000176421
-0.000167195
-0.000158297
-0.000149726
-0.000141481
-0.00013356
-0.000125959
-0.000118675
-0.000111703
-0.000105037
-9.86736e-05
-9.26048e-05
-8.68244e-05
-8.13254e-05
-7.61003e-05
-7.11414e-05
-6.64407e-05
-6.199e-05
-5.77811e-05
-5.38053e-05
-5.00542e-05
-4.65192e-05
-4.31916e-05
-4.00629e-05
-3.71245e-05
-3.43681e-05
-3.17853e-05
-2.93679e-05
-2.71079e-05
-2.49974e-05
-2.30287e-05
-2.11943e-05
-1.9487e-05
-1.78997e-05
-1.64257e-05
-1.50584e-05
-1.37914e-05
-1.26187e-05
-1.15344e-05
-1.0533e-05
-9.60915e-06
-8.75778e-06
-7.97405e-06
-7.25337e-06
-6.59138e-06
-5.98396e-06
-5.42722e-06
-4.91747e-06
-4.45125e-06
-4.0253e-06
-3.63655e-06
-3.28214e-06
-2.95938e-06
-2.66576e-06
-2.39892e-06
-2.15669e-06
-1.93702e-06
-1.73803e-06
-1.55796e-06
-1.39519e-06
-1.2482e-06
-1.1156e-06
-9.96122e-07
-8.88568e-07
-7.91854e-07
-7.04978e-07
-6.2702e-07
-5.57139e-07
-4.94563e-07
-4.38586e-07
-3.88566e-07
-3.43914e-07
-3.04097e-07
-2.68627e-07
-2.37062e-07
-2.09002e-07
-1.84084e-07
-1.61978e-07
-1.42388e-07
-1.25045e-07
-1.09707e-07
-9.61567e-08
-8.41976e-08
-7.36539e-08
-6.43677e-08
-5.61973e-08
-4.90162e-08
-4.2711e-08
-3.71805e-08
-3.23345e-08
-2.80927e-08
-2.43835e-08
-2.11435e-08
-1.8316e-08
-1.58512e-08
-1.37047e-08
-1.18373e-08
-1.02143e-08
-8.8053e-09
-7.58323e-09
-6.5244e-09
-5.60793e-09
-4.81549e-09
-4.13099e-09
-3.54033e-09
-3.03117e-09
-2.59269e-09
-2.21548e-09
-1.89131e-09
-1.61299e-09
-1.37428e-09
-1.16976e-09
-9.94704e-10
-8.45019e-10
-7.17158e-10
-6.0805e-10
-5.15039e-10
-4.35829e-10
-3.68441e-10
-3.11169e-10
-2.62543e-10
-2.21299e-10
-1.86353e-10
-1.56771e-10
-1.31757e-10
-1.10626e-10
-9.27933e-11
-7.77592e-11
-6.50973e-11
-5.44439e-11
-4.54896e-11
-3.79709e-11
-3.1664e-11
-2.63788e-11
-2.19544e-11
-1.82543e-11
-1.51629e-11
-1.25828e-11
-0.000108584
-0.000115474
-0.000122681
-0.000130212
-0.000138069
-0.000146258
-0.000154781
-0.000163641
-0.00017284
-0.000182377
-0.000192252
-0.000202465
-0.000213012
-0.00022389
-0.000235093
-0.000246616
-0.000258451
-0.00027059
-0.000283023
-0.000295738
-0.000308722
-0.000321962
-0.000335442
-0.000349146
-0.000363054
-0.000377148
-0.000391407
-0.000405808
-0.000420328
-0.000434943
-0.000449627
-0.000464353
-0.000479093
-0.000493819
-0.0005085
-0.000523107
-0.000537608
-0.000551972
-0.000566166
-0.000580159
-0.000593917
-0.000607408
-0.000620599
-0.000633457
-0.000645951
-0.000658048
-0.000669718
-0.000680929
-0.000691652
-0.000701858
-0.00071152
-0.00072061
-0.000729105
-0.000736979
-0.000744211
-0.000750781
-0.00075667
-0.00076186
-0.000766337
-0.000770088
-0.000773102
-0.00077537
-0.000776886
-0.000777645
-0.000777645
-0.000776886
-0.00077537
-0.000773102
-0.000770088
-0.000766337
-0.00076186
-0.00075667
-0.000750781
-0.000744211
-0.000736979
-0.000729105
-0.00072061
-0.00071152
-0.000701858
-0.000691652
-0.000680929
-0.000669718
-0.000658048
-0.000645951
-0.000633457
-0.000620599
-0.000607408
-0.000593917
-0.000580159
-0.000566166
-0.000551972
-0.000537608
-0.000523107
-0.0005085
-0.000493819
-0.000479093
-0.000464353
-0.000449627
-0.000434943
-0.000420328
-0.000405808
-0.000391407
-0.000377148
-0.000363054
-0.000349146
-0.000335442
-0.000321962
-0.000308722
-0.000295738
-0.000283023
-0.00027059
-0.000258451
-0.000246616
-0.000235093
-0.00022389
-0.000213012
-0.000202465
-0.000192252
-0.000182377
-0.00017284
-0.000163641
-0.000154781
-0.000146258
-0.000138069
-0.000130212
-0.000122681
-0.000115474
-0.000108584
-0.000102005
-9.57312e-05
-8.97556e-05
-8.4071e-05
-7.86694e-05
-7.35431e-05
-6.86838e-05
-6.40828e-05
-5.97318e-05
-5.56218e-05
-5.17441e-05
-4.80897e-05
-4.46497e-05
-4.14154e-05
-3.83779e-05
-3.55284e-05
-3.28584e-05
-3.03594e-05
-2.80231e-05
-2.58413e-05
-2.38061e-05
-2.19098e-05
-2.01449e-05
-1.8504e-05
-1.69803e-05
-1.55668e-05
-1.4257e-05
-1.30447e-05
-1.19238e-05
-1.08886e-05
-9.93356e-06
-9.05345e-06
-8.24326e-06
-7.49824e-06
-6.81391e-06
-6.18598e-06
-5.61044e-06
-5.08348e-06
-4.60152e-06
-4.16119e-06
-3.75932e-06
-3.39295e-06
-3.0593e-06
-2.75576e-06
-2.47991e-06
-2.2295e-06
-2.00242e-06
-1.79671e-06
-1.61056e-06
-1.44229e-06
-1.29034e-06
-1.15327e-06
-1.02975e-06
-9.18567e-07
-8.18588e-07
-7.28778e-07
-6.48189e-07
-5.75948e-07
-5.1126e-07
-4.53393e-07
-4.01684e-07
-3.55525e-07
-3.14363e-07
-2.77696e-07
-2.45066e-07
-2.16058e-07
-1.90299e-07
-1.67447e-07
-1.47195e-07
-1.29267e-07
-1.13411e-07
-9.9403e-08
-8.70401e-08
-7.61405e-08
-6.65408e-08
-5.80946e-08
-5.0671e-08
-4.41529e-08
-3.84357e-08
-3.34261e-08
-2.90411e-08
-2.52067e-08
-2.18573e-08
-1.89344e-08
-1.63863e-08
-1.41673e-08
-1.22369e-08
-1.05592e-08
-9.10257e-09
-7.83925e-09
-6.74467e-09
-5.79726e-09
-4.97807e-09
-4.27046e-09
-3.65986e-09
-3.1335e-09
-2.68023e-09
-2.29028e-09
-1.95516e-09
-1.66744e-09
-1.42068e-09
-1.20925e-09
-1.02829e-09
-8.73547e-10
-7.4137e-10
-6.28578e-10
-5.32427e-10
-4.50543e-10
-3.8088e-10
-3.21674e-10
-2.71406e-10
-2.2877e-10
-1.92644e-10
-1.62064e-10
-1.36205e-10
-1.14361e-10
-9.59261e-11
-8.03844e-11
-6.7295e-11
-5.6282e-11
-4.70254e-11
-3.92528e-11
-3.2733e-11
-2.72694e-11
-2.26956e-11
-1.88705e-11
-1.56748e-11
-1.30076e-11
-0.00011214
-0.000119256
-0.000126699
-0.000134476
-0.000142591
-0.000151048
-0.000159851
-0.000169001
-0.0001785
-0.00018835
-0.000198549
-0.000209096
-0.000219988
-0.000231222
-0.000242793
-0.000254693
-0.000266916
-0.000279453
-0.000292292
-0.000305424
-0.000318833
-0.000332507
-0.000346429
-0.000360581
-0.000374945
-0.0003895
-0.000404226
-0.000419099
-0.000434095
-0.000449188
-0.000464353
-0.000479561
-0.000494784
-0.000509992
-0.000525154
-0.00054024
-0.000555216
-0.00057005
-0.000584709
-0.00059916
-0.000613368
-0.000627301
-0.000640924
-0.000654204
-0.000667107
-0.0006796
-0.000691652
-0.00070323
-0.000714305
-0.000724845
-0.000734823
-0.000744211
-0.000752984
-0.000761116
-0.000768585
-0.00077537
-0.000781452
-0.000786812
-0.000791436
-0.00079531
-0.000798422
-0.000800765
-0.00080233
-0.000803114
-0.000803114
-0.00080233
-0.000800765
-0.000798422
-0.00079531
-0.000791436
-0.000786812
-0.000781452
-0.00077537
-0.000768585
-0.000761116
-0.000752984
-0.000744211
-0.000734823
-0.000724845
-0.000714305
-0.00070323
-0.000691652
-0.0006796
-0.000667107
-0.000654204
-0.000640924
-0.000627301
-0.000613368
-0.00059916
-0.000584709
-0.00057005
-0.000555216
-0.00054024
-0.000525154
-0.000509992
-0.000494784
-0.000479561
-0.000464353
-0.000449188
-0.000434095
-0.000419099
-0.000404226
-0.0003895
-0.000374945
-0.000360581
-0.000346429
-0.000332507
-0.000318833
-0.000305424
-0.000292292
-0.000279453
-0.000266916
-0.000254693
-0.000242793
-0.000231222
-0.000219988
-0.000209096
-0.000198549
-0.00018835
-0.0001785
-0.000169001
-0.000159851
-0.000151048
-0.000142591
-0.000134476
-0.000126699
-0.000119256
-0.00011214
-0.000105346
-9.88665e-05
-9.26953e-05
-8.68244e-05
-8.1246e-05
-7.59518e-05
-7.09332e-05
-6.61817e-05
-6.16881e-05
-5.74435e-05
-5.34387e-05
-4.96647e-05
-4.61121e-05
-4.27718e-05
-3.96348e-05
-3.6692e-05
-3.39346e-05
-3.13537e-05
-2.89409e-05
-2.66876e-05
-2.45858e-05
-2.26274e-05
-2.08047e-05
-1.91101e-05
-1.75364e-05
-1.60766e-05
-1.47239e-05
-1.34719e-05
-1.23143e-05
-1.12452e-05
-1.02589e-05
-9.34996e-06
-8.51324e-06
-7.74382e-06
-7.03707e-06
-6.38858e-06
-5.79419e-06
-5.24998e-06
-4.75223e-06
-4.29748e-06
-3.88245e-06
-3.50408e-06
-3.15949e-06
-2.84601e-06
-2.56113e-06
-2.30252e-06
-2.068e-06
-1.85556e-06
-1.66331e-06
-1.48953e-06
-1.3326e-06
-1.19104e-06
-1.06348e-06
-9.48651e-07
-8.45398e-07
-7.52647e-07
-6.69418e-07
-5.94811e-07
-5.28004e-07
-4.68243e-07
-4.1484e-07
-3.67169e-07
-3.24659e-07
-2.86791e-07
-2.53092e-07
-2.23135e-07
-1.96531e-07
-1.72931e-07
-1.52016e-07
-1.335e-07
-1.17125e-07
-1.02659e-07
-8.98908e-08
-7.86342e-08
-6.87201e-08
-5.99973e-08
-5.23306e-08
-4.5599e-08
-3.96945e-08
-3.45209e-08
-2.99923e-08
-2.60323e-08
-2.25731e-08
-1.95545e-08
-1.6923e-08
-1.46313e-08
-1.26377e-08
-1.0905e-08
-9.40069e-09
-8.096e-09
-6.96557e-09
-5.98713e-09
-5.1411e-09
-4.41032e-09
-3.77972e-09
-3.23613e-09
-2.76801e-09
-2.36529e-09
-2.01919e-09
-1.72205e-09
-1.46721e-09
-1.24886e-09
-1.06196e-09
-9.02157e-10
-7.65651e-10
-6.49165e-10
-5.49864e-10
-4.65299e-10
-3.93354e-10
-3.32209e-10
-2.80295e-10
-2.36263e-10
-1.98953e-10
-1.67372e-10
-1.40666e-10
-1.18106e-10
-9.90678e-11
-8.30171e-11
-6.9499e-11
-5.81253e-11
-4.85655e-11
-4.05384e-11
-3.3805e-11
-2.81625e-11
-2.34389e-11
-1.94886e-11
-1.61882e-11
-1.34336e-11
-0.0001157
-0.000123041
-0.000130721
-0.000138745
-0.000147117
-0.000155843
-0.000164925
-0.000174365
-0.000184167
-0.000194329
-0.000204852
-0.000215734
-0.000226972
-0.000238562
-0.0002505
-0.000262778
-0.000275389
-0.000288323
-0.000301571
-0.000315119
-0.000328954
-0.000343062
-0.000357425
-0.000372027
-0.000386847
-0.000401864
-0.000417057
-0.000432402
-0.000447874
-0.000463447
-0.000479093
-0.000494784
-0.000510491
-0.000526181
-0.000541825
-0.000557389
-0.00057284
-0.000588145
-0.00060327
-0.000618179
-0.000632839
-0.000647214
-0.000661269
-0.00067497
-0.000688283
-0.000701173
-0.000713607
-0.000725553
-0.000736979
-0.000747854
-0.000758149
-0.000767835
-0.000776886
-0.000785277
-0.000792983
-0.000799983
-0.000806258
-0.000811788
-0.000816559
-0.000820555
-0.000823767
-0.000826184
-0.000827799
-0.000828608
-0.000828608
-0.000827799
-0.000826184
-0.000823767
-0.000820555
-0.000816559
-0.000811788
-0.000806258
-0.000799983
-0.000792983
-0.000785277
-0.000776886
-0.000767835
-0.000758149
-0.000747854
-0.000736979
-0.000725553
-0.000713607
-0.000701173
-0.000688283
-0.00067497
-0.000661269
-0.000647214
-0.000632839
-0.000618179
-0.00060327
-0.000588145
-0.00057284
-0.000557389
-0.000541825
-0.000526181
-0.000510491
-0.000494784
-0.000479093
-0.000463447
-0.000447874
-0.000432402
-0.000417057
-0.000401864
-0.000386847
-0.000372027
-0.000357425
-0.000343062
-0.000328954
-0.000315119
-0.000301571
-0.000288323
-0.000275389
-0.000262778
-0.0002505
-0.000238562
-0.000226972
-0.000215734
-0.000204852
-0.000194329
-0.000184167
-0.000174365
-0.000164925
-0.000155843
-0.000147117
-0.000138745
-0.000130721
-0.000123041
-0.0001157
-0.00010869
-0.000102005
-9.56377e-05
-8.95805e-05
-8.3825e-05
-7.83627e-05
-7.31849e-05
-6.82825e-05
-6.36463e-05
-5.92669e-05
-5.51351e-05
-5.12412e-05
-4.75758e-05
-4.41296e-05
-4.0893e-05
-3.78568e-05
-3.50118e-05
-3.2349e-05
-2.98596e-05
-2.75348e-05
-2.53662e-05
-2.33457e-05
-2.14651e-05
-1.97167e-05
-1.80931e-05
-1.65869e-05
-1.51913e-05
-1.38995e-05
-1.27052e-05
-1.16022e-05
-1.05846e-05
-9.64676e-06
-8.78347e-06
-7.98964e-06
-7.26045e-06
-6.59138e-06
-5.97812e-06
-5.41663e-06
-4.90308e-06
-4.43389e-06
-4.00569e-06
-3.61531e-06
-3.25978e-06
-2.93635e-06
-2.64243e-06
-2.37561e-06
-2.13365e-06
-1.91446e-06
-1.71611e-06
-1.53681e-06
-1.3749e-06
-1.22885e-06
-1.09724e-06
-9.78765e-07
-8.72233e-07
-7.76538e-07
-6.90668e-07
-6.13693e-07
-5.44765e-07
-4.83106e-07
-4.28008e-07
-3.78824e-07
-3.34965e-07
-2.95894e-07
-2.61126e-07
-2.30218e-07
-2.0277e-07
-1.7842e-07
-1.56842e-07
-1.37738e-07
-1.20843e-07
-1.05917e-07
-9.27443e-08
-8.11303e-08
-7.09015e-08
-6.19018e-08
-5.39917e-08
-4.70464e-08
-4.09546e-08
-3.56167e-08
-3.09443e-08
-2.68587e-08
-2.32897e-08
-2.01752e-08
-1.74602e-08
-1.50958e-08
-1.30388e-08
-1.12512e-08
-9.6991e-09
-8.35299e-09
-7.18668e-09
-6.17718e-09
-5.3043e-09
-4.55032e-09
-3.8997e-09
-3.33885e-09
-2.85587e-09
-2.44037e-09
-2.08329e-09
-1.77672e-09
-1.51378e-09
-1.2885e-09
-1.09567e-09
-9.30795e-10
-7.89955e-10
-6.69772e-10
-5.67319e-10
-4.80069e-10
-4.05841e-10
-3.42755e-10
-2.89193e-10
-2.43763e-10
-2.05269e-10
-1.72685e-10
-1.45132e-10
-1.21855e-10
-1.02213e-10
-8.56523e-11
-7.17051e-11
-5.99704e-11
-5.01072e-11
-4.18252e-11
-3.48781e-11
-2.90565e-11
-2.4183e-11
-2.01072e-11
-1.6702e-11
-1.386e-11
-0.000119256
-0.000126823
-0.000134739
-0.00014301
-0.000151639
-0.000160633
-0.000169994
-0.000179725
-0.000189827
-0.000200302
-0.000211148
-0.000222364
-0.000233948
-0.000245895
-0.000258199
-0.000270855
-0.000283853
-0.000297185
-0.00031084
-0.000324805
-0.000339065
-0.000353606
-0.000368411
-0.000383461
-0.000398737
-0.000414216
-0.000429876
-0.000445693
-0.00046164
-0.000477692
-0.000493819
-0.000509992
-0.000526181
-0.000542354
-0.000558478
-0.000574521
-0.000590447
-0.000606222
-0.000621812
-0.00063718
-0.00065229
-0.000667107
-0.000681594
-0.000695717
-0.000709438
-0.000722725
-0.000735541
-0.000747854
-0.000759631
-0.00077084
-0.000781452
-0.000791436
-0.000800765
-0.000809413
-0.000817356
-0.000824572
-0.000831039
-0.000836739
-0.000841657
-0.000845776
-0.000849087
-0.000851578
-0.000853243
-0.000854076
-0.000854076
-0.000853243
-0.000851578
-0.000849087
-0.000845776
-0.000841657
-0.000836739
-0.000831039
-0.000824572
-0.000817356
-0.000809413
-0.000800765
-0.000791436
-0.000781452
-0.00077084
-0.000759631
-0.000747854
-0.000735541
-0.000722725
-0.000709438
-0.000695717
-0.000681594
-0.000667107
-0.00065229
-0.00063718
-0.000621812
-0.000606222
-0.000590447
-0.000574521
-0.000558478
-0.000542354
-0.000526181
-0.000509992
-0.000493819
-0.000477692
-0.00046164
-0.000445693
-0.000429876
-0.000414216
-0.000398737
-0.000383461
-0.000368411
-0.000353606
-0.000339065
-0.000324805
-0.00031084
-0.000297185
-0.000283853
-0.000270855
-0.000258199
-0.000245895
-0.000233948
-0.000222364
-0.000211148
-0.000200302
-0.000189827
-0.000179725
-0.000169994
-0.000160633
-0.000151639
-0.00014301
-0.000134739
-0.000126823
-0.000119256
-0.00011203
-0.00010514
-9.85773e-05
-9.23339e-05
-8.64015e-05
-8.07713e-05
-7.54343e-05
-7.03812e-05
-6.56025e-05
-6.10886e-05
-5.68297e-05
-5.28162e-05
-4.90382e-05
-4.54859e-05
-4.21499e-05
-3.90203e-05
-3.60879e-05
-3.33433e-05
-3.07773e-05
-2.83811e-05
-2.61459e-05
-2.40632e-05
-2.21248e-05
-2.03227e-05
-1.86492e-05
-1.70967e-05
-1.56582e-05
-1.43268e-05
-1.30957e-05
-1.19588e-05
-1.09099e-05
-9.94327e-06
-9.05345e-06
-8.23521e-06
-7.48361e-06
-6.79397e-06
-6.16187e-06
-5.58312e-06
-5.05379e-06
-4.57018e-06
-4.12881e-06
-3.72643e-06
-3.35998e-06
-3.02661e-06
-2.72365e-06
-2.44863e-06
-2.19923e-06
-1.9733e-06
-1.76886e-06
-1.58404e-06
-1.41716e-06
-1.26662e-06
-1.13096e-06
-1.00885e-06
-8.99043e-07
-8.00406e-07
-7.11896e-07
-6.32555e-07
-5.61509e-07
-4.97955e-07
-4.41164e-07
-3.90468e-07
-3.4526e-07
-3.04989e-07
-2.69152e-07
-2.37294e-07
-2.09002e-07
-1.83904e-07
-1.61662e-07
-1.41972e-07
-1.24558e-07
-1.09173e-07
-9.55949e-08
-8.3624e-08
-7.30807e-08
-6.38044e-08
-5.56512e-08
-4.84925e-08
-4.22134e-08
-3.67114e-08
-3.18954e-08
-2.76842e-08
-2.40055e-08
-2.07953e-08
-1.79969e-08
-1.55598e-08
-1.34396e-08
-1.1597e-08
-9.99722e-09
-8.60973e-09
-7.40757e-09
-6.36704e-09
-5.46734e-09
-4.69018e-09
-4.01957e-09
-3.44148e-09
-2.94365e-09
-2.51538e-09
-2.14732e-09
-1.83133e-09
-1.56031e-09
-1.3281e-09
-1.12935e-09
-9.59404e-10
-8.14236e-10
-6.90358e-10
-5.84756e-10
-4.94824e-10
-4.18315e-10
-3.5329e-10
-2.98082e-10
-2.51255e-10
-2.11578e-10
-1.77993e-10
-1.49592e-10
-1.25601e-10
-1.05354e-10
-8.8285e-11
-7.39091e-11
-6.18137e-11
-5.16473e-11
-4.31108e-11
-3.59501e-11
-2.99496e-11
-2.49263e-11
-2.07252e-11
-1.72154e-11
-1.4286e-11
-0.000122801
-0.000130594
-0.000138745
-0.000147261
-0.000156148
-0.000165409
-0.000175048
-0.000185068
-0.000195471
-0.000206257
-0.000217426
-0.000228975
-0.000240903
-0.000253205
-0.000265876
-0.000278907
-0.000292292
-0.000306021
-0.000320081
-0.000334461
-0.000349146
-0.000364119
-0.000379364
-0.000394862
-0.000410591
-0.000426531
-0.000442656
-0.000458943
-0.000475365
-0.000491894
-0.0005085
-0.000525154
-0.000541825
-0.000558478
-0.000575082
-0.000591601
-0.000608001
-0.000624246
-0.000640299
-0.000656123
-0.000671683
-0.00068694
-0.000701858
-0.0007164
-0.00073053
-0.000744211
-0.000757409
-0.000770088
-0.000782215
-0.000793758
-0.000804684
-0.000814965
-0.000824572
-0.000833477
-0.000841657
-0.000849087
-0.000855746
-0.000861616
-0.000866679
-0.000870921
-0.00087433
-0.000876895
-0.00087861
-0.000879468
-0.000879468
-0.00087861
-0.000876895
-0.00087433
-0.000870921
-0.000866679
-0.000861616
-0.000855746
-0.000849087
-0.000841657
-0.000833477
-0.000824572
-0.000814965
-0.000804684
-0.000793758
-0.000782215
-0.000770088
-0.000757409
-0.000744211
-0.00073053
-0.0007164
-0.000701858
-0.00068694
-0.000671683
-0.000656123
-0.000640299
-0.000624246
-0.000608001
-0.000591601
-0.000575082
-0.000558478
-0.000541825
-0.000525154
-0.0005085
-0.000491894
-0.000475365
-0.000458943
-0.000442656
-0.000426531
-0.000410591
-0.000394862
-0.000379364
-0.000364119
-0.000349146
-0.000334461
-0.000320081
-0.000306021
-0.000292292
-0.000278907
-0.000265876
-0.000253205
-0.000240903
-0.000228975
-0.000217426
-0.000206257
-0.000195471
-0.000185068
-0.000175048
-0.000165409
-0.000156148
-0.000147261
-0.000138745
-0.000130594
-0.000122801
-0.000115361
-0.000108266
-0.000101508
-9.5079e-05
-8.89702e-05
-8.31727e-05
-7.7677e-05
-7.24737e-05
-6.75529e-05
-6.29048e-05
-5.85193e-05
-5.43864e-05
-5.04961e-05
-4.68382e-05
-4.3403e-05
-4.01804e-05
-3.71608e-05
-3.43346e-05
-3.16923e-05
-2.92249e-05
-2.69232e-05
-2.47786e-05
-2.27826e-05
-2.09269e-05
-1.92036e-05
-1.7605e-05
-1.61238e-05
-1.47527e-05
-1.34851e-05
-1.23143e-05
-1.12342e-05
-1.02389e-05
-9.32261e-06
-8.48005e-06
-7.7061e-06
-6.99596e-06
-6.34506e-06
-5.7491e-06
-5.20404e-06
-4.70605e-06
-4.25156e-06
-3.83722e-06
-3.45987e-06
-3.11659e-06
-2.80463e-06
-2.52143e-06
-2.26461e-06
-2.03197e-06
-1.82144e-06
-1.63114e-06
-1.45929e-06
-1.30427e-06
-1.16458e-06
-1.03884e-06
-9.25771e-07
-8.24203e-07
-7.33061e-07
-6.51362e-07
-5.78203e-07
-5.1276e-07
-4.5428e-07
-4.02077e-07
-3.55525e-07
-3.14056e-07
-2.77154e-07
-2.44349e-07
-2.15216e-07
-1.89372e-07
-1.66469e-07
-1.46192e-07
-1.28261e-07
-1.12419e-07
-9.8437e-08
-8.61102e-08
-7.52534e-08
-6.57014e-08
-5.73057e-08
-4.99342e-08
-4.34684e-08
-3.78029e-08
-3.28437e-08
-2.85073e-08
-2.47192e-08
-2.14136e-08
-1.85319e-08
-1.60224e-08
-1.38392e-08
-1.19418e-08
-1.02944e-08
-8.8657e-09
-7.6278e-09
-6.55634e-09
-5.62988e-09
-4.82962e-09
-4.13907e-09
-3.54379e-09
-3.03117e-09
-2.59016e-09
-2.21116e-09
-1.88577e-09
-1.6067e-09
-1.36759e-09
-1.16293e-09
-9.87927e-10
-8.38443e-10
-7.10883e-10
-6.02141e-10
-5.09536e-10
-4.30751e-10
-3.63793e-10
-3.06944e-10
-2.58725e-10
-2.17868e-10
-1.83284e-10
-1.5404e-10
-1.29335e-10
-1.08486e-10
-9.09097e-11
-7.61064e-11
-6.36514e-11
-5.31828e-11
-4.43925e-11
-3.70189e-11
-3.084e-11
-2.56673e-11
-2.13414e-11
-1.77272e-11
-1.47107e-11
-0.000126329
-0.000134345
-0.00014273
-0.000151491
-0.000160633
-0.00017016
-0.000180076
-0.000190384
-0.000201086
-0.000212182
-0.000223671
-0.000235553
-0.000247823
-0.000260479
-0.000273513
-0.000286919
-0.000300689
-0.000314811
-0.000329276
-0.000344069
-0.000359175
-0.000374579
-0.000390262
-0.000406204
-0.000422386
-0.000438783
-0.000455372
-0.000472127
-0.00048902
-0.000506023
-0.000523107
-0.00054024
-0.000557389
-0.000574521
-0.000591601
-0.000608595
-0.000625466
-0.000642177
-0.000658691
-0.00067497
-0.000690977
-0.000706673
-0.000722019
-0.000736979
-0.000751515
-0.000765589
-0.000779166
-0.000792209
-0.000804684
-0.000816559
-0.000827799
-0.000838375
-0.000848258
-0.000857419
-0.000865833
-0.000873477
-0.000880327
-0.000886366
-0.000891575
-0.000895939
-0.000899445
-0.000902084
-0.000903848
-0.000904731
-0.000904731
-0.000903848
-0.000902084
-0.000899445
-0.000895939
-0.000891575
-0.000886366
-0.000880327
-0.000873477
-0.000865833
-0.000857419
-0.000848258
-0.000838375
-0.000827799
-0.000816559
-0.000804684
-0.000792209
-0.000779166
-0.000765589
-0.000751515
-0.000736979
-0.000722019
-0.000706673
-0.000690977
-0.00067497
-0.000658691
-0.000642177
-0.000625466
-0.000608595
-0.000591601
-0.000574521
-0.000557389
-0.00054024
-0.000523107
-0.000506023
-0.00048902
-0.000472127
-0.000455372
-0.000438783
-0.000422386
-0.000406204
-0.000390262
-0.000374579
-0.000359175
-0.000344069
-0.000329276
-0.000314811
-0.000300689
-0.000286919
-0.000273513
-0.000260479
-0.000247823
-0.000235553
-0.000223671
-0.000212182
-0.000201086
-0.000190384
-0.000180076
-0.00017016
-0.000160633
-0.000151491
-0.00014273
-0.000134345
-0.000126329
-0.000118675
-0.000111376
-0.000104424
-9.78101e-05
-9.15259e-05
-8.55618e-05
-7.99083e-05
-7.45555e-05
-6.94934e-05
-6.47117e-05
-6.02003e-05
-5.59487e-05
-5.19466e-05
-4.81837e-05
-4.46497e-05
-4.13346e-05
-3.82283e-05
-3.53209e-05
-3.26027e-05
-3.00644e-05
-2.76966e-05
-2.54904e-05
-2.3437e-05
-2.1528e-05
-1.97552e-05
-1.81107e-05
-1.65869e-05
-1.51765e-05
-1.38724e-05
-1.2668e-05
-1.15569e-05
-1.0533e-05
-9.5904e-06
-8.72364e-06
-7.92746e-06
-7.19692e-06
-6.52732e-06
-5.91425e-06
-5.35352e-06
-4.84123e-06
-4.37369e-06
-3.94744e-06
-3.55926e-06
-3.20611e-06
-2.88519e-06
-2.59386e-06
-2.32966e-06
-2.09034e-06
-1.87377e-06
-1.67799e-06
-1.50121e-06
-1.34174e-06
-1.19804e-06
-1.06868e-06
-9.52364e-07
-8.47878e-07
-7.54118e-07
-6.70072e-07
-5.94811e-07
-5.27489e-07
-4.67329e-07
-4.13626e-07
-3.65738e-07
-3.23078e-07
-2.85115e-07
-2.51368e-07
-2.21398e-07
-1.94812e-07
-1.7125e-07
-1.50392e-07
-1.31945e-07
-1.15648e-07
-1.01265e-07
-8.85837e-08
-7.74151e-08
-6.75886e-08
-5.89519e-08
-5.13685e-08
-4.4717e-08
-3.88888e-08
-3.37871e-08
-2.93261e-08
-2.54293e-08
-2.20287e-08
-1.90642e-08
-1.64826e-08
-1.42367e-08
-1.22848e-08
-1.05901e-08
-9.12037e-09
-7.84691e-09
-6.74467e-09
-5.7916e-09
-4.96835e-09
-4.25797e-09
-3.64559e-09
-3.11824e-09
-2.66457e-09
-2.27468e-09
-1.93994e-09
-1.65285e-09
-1.40687e-09
-1.19633e-09
-1.01631e-09
-8.62527e-10
-7.31303e-10
-6.19438e-10
-5.24172e-10
-4.43125e-10
-3.74243e-10
-3.15761e-10
-2.66157e-10
-2.24127e-10
-1.88549e-10
-1.58465e-10
-1.3305e-10
-1.11603e-10
-9.35211e-11
-7.82926e-11
-6.54798e-11
-5.47104e-11
-4.56677e-11
-3.80823e-11
-3.17259e-11
-2.64046e-11
-2.19544e-11
-1.82364e-11
-1.51333e-11
-0.000129831
-0.000138069
-0.000146687
-0.000155691
-0.000165086
-0.000174877
-0.000185068
-0.000195662
-0.00020666
-0.000218063
-0.000229872
-0.000242082
-0.000254693
-0.000267699
-0.000281095
-0.000294873
-0.000309024
-0.000323538
-0.000338404
-0.000353606
-0.000369132
-0.000384962
-0.00040108
-0.000417465
-0.000434095
-0.000450946
-0.000467995
-0.000485214
-0.000502576
-0.000520051
-0.000537608
-0.000555216
-0.00057284
-0.000590447
-0.000608001
-0.000625466
-0.000642805
-0.000659979
-0.000676951
-0.000693681
-0.000710131
-0.000726262
-0.000742034
-0.000757409
-0.000772347
-0.000786812
-0.000800765
-0.00081417
-0.000826991
-0.000839194
-0.000850747
-0.000861616
-0.000871772
-0.000881188
-0.000889835
-0.00089769
-0.000904731
-0.000910937
-0.00091629
-0.000920775
-0.000924379
-0.000927091
-0.000928903
-0.000929811
-0.000929811
-0.000928903
-0.000927091
-0.000924379
-0.000920775
-0.00091629
-0.000910937
-0.000904731
-0.00089769
-0.000889835
-0.000881188
-0.000871772
-0.000861616
-0.000850747
-0.000839194
-0.000826991
-0.00081417
-0.000800765
-0.000786812
-0.000772347
-0.000757409
-0.000742034
-0.000726262
-0.000710131
-0.000693681
-0.000676951
-0.000659979
-0.000642805
-0.000625466
-0.000608001
-0.000590447
-0.00057284
-0.000555216
-0.000537608
-0.000520051
-0.000502576
-0.000485214
-0.000467995
-0.000450946
-0.000434095
-0.000417465
-0.00040108
-0.000384962
-0.000369132
-0.000353606
-0.000338404
-0.000323538
-0.000309024
-0.000294873
-0.000281095
-0.000267699
-0.000254693
-0.000242082
-0.000229872
-0.000218063
-0.00020666
-0.000195662
-0.000185068
-0.000174877
-0.000165086
-0.000155691
-0.000146687
-0.000138069
-0.000129831
-0.000121965
-0.000114463
-0.000107319
-0.000100522
-9.40631e-05
-8.79337e-05
-8.21234e-05
-7.66223e-05
-7.14198e-05
-6.65056e-05
-6.18691e-05
-5.74996e-05
-5.33866e-05
-4.95194e-05
-4.58875e-05
-4.24804e-05
-3.9288e-05
-3.63e-05
-3.35065e-05
-3.08978e-05
-2.84644e-05
-2.6197e-05
-2.40867e-05
-2.21248e-05
-2.03029e-05
-1.86128e-05
-1.70467e-05
-1.55972e-05
-1.4257e-05
-1.30192e-05
-1.18773e-05
-1.0825e-05
-9.85626e-06
-8.96546e-06
-8.14722e-06
-7.39643e-06
-6.70827e-06
-6.0782e-06
-5.50193e-06
-4.97543e-06
-4.49493e-06
-4.05687e-06
-3.65792e-06
-3.29499e-06
-2.96517e-06
-2.66576e-06
-2.39424e-06
-2.14828e-06
-1.92571e-06
-1.72451e-06
-1.54282e-06
-1.37893e-06
-1.23125e-06
-1.09831e-06
-9.78765e-07
-8.71382e-07
-7.75023e-07
-6.88647e-07
-6.113e-07
-5.42111e-07
-4.80284e-07
-4.25093e-07
-3.75876e-07
-3.32034e-07
-2.93019e-07
-2.58336e-07
-2.27536e-07
-2.00212e-07
-1.75998e-07
-1.54561e-07
-1.35603e-07
-1.18854e-07
-1.04072e-07
-9.10393e-08
-7.95611e-08
-6.94623e-08
-6.05861e-08
-5.27925e-08
-4.59566e-08
-3.99668e-08
-3.47238e-08
-3.01391e-08
-2.61342e-08
-2.26394e-08
-1.95927e-08
-1.69395e-08
-1.46313e-08
-1.26253e-08
-1.08837e-08
-9.37319e-09
-8.06443e-09
-6.93164e-09
-5.95215e-09
-5.10608e-09
-4.376e-09
-3.74665e-09
-3.20468e-09
-2.73843e-09
-2.33773e-09
-1.99372e-09
-1.69867e-09
-1.44587e-09
-1.2295e-09
-1.04448e-09
-8.86438e-10
-7.51575e-10
-6.36609e-10
-5.38703e-10
-4.55409e-10
-3.84618e-10
-3.24514e-10
-2.73535e-10
-2.3034e-10
-1.93776e-10
-1.62857e-10
-1.36738e-10
-1.14696e-10
-9.61136e-11
-8.04629e-11
-6.7295e-11
-5.62271e-11
-4.69336e-11
-3.9138e-11
-3.26053e-11
-2.71366e-11
-2.2563e-11
-1.8742e-11
-1.55528e-11
-0.0001333
-0.000141758
-0.000150606
-0.000159851
-0.000169497
-0.000179549
-0.000190013
-0.000200889
-0.000212182
-0.00022389
-0.000236013
-0.00024855
-0.000261498
-0.000274852
-0.000288605
-0.000302751
-0.00031728
-0.000332183
-0.000347445
-0.000363054
-0.000378994
-0.000395248
-0.000411796
-0.000428619
-0.000445693
-0.000462995
-0.000480499
-0.000498178
-0.000516004
-0.000533946
-0.000551972
-0.00057005
-0.000588145
-0.000606222
-0.000624246
-0.000642177
-0.000659979
-0.000677612
-0.000695037
-0.000712215
-0.000729105
-0.000745666
-0.00076186
-0.000777645
-0.000792983
-0.000807834
-0.00082216
-0.000835923
-0.000849087
-0.000861616
-0.000873477
-0.000884636
-0.000895064
-0.000904731
-0.00091361
-0.000921675
-0.000928903
-0.000935275
-0.000940771
-0.000945376
-0.000949076
-0.000951861
-0.000953722
-0.000954654
-0.000954654
-0.000953722
-0.000951861
-0.000949076
-0.000945376
-0.000940771
-0.000935275
-0.000928903
-0.000921675
-0.00091361
-0.000904731
-0.000895064
-0.000884636
-0.000873477
-0.000861616
-0.000849087
-0.000835923
-0.00082216
-0.000807834
-0.000792983
-0.000777645
-0.00076186
-0.000745666
-0.000729105
-0.000712215
-0.000695037
-0.000677612
-0.000659979
-0.000642177
-0.000624246
-0.000606222
-0.000588145
-0.00057005
-0.000551972
-0.000533946
-0.000516004
-0.000498178
-0.000480499
-0.000462995
-0.000445693
-0.000428619
-0.000411796
-0.000395248
-0.000378994
-0.000363054
-0.000347445
-0.000332183
-0.00031728
-0.000302751
-0.000288605
-0.000274852
-0.000261498
-0.00024855
-0.000236013
-0.00022389
-0.000212182
-0.000200889
-0.000190013
-0.000179549
-0.000169497
-0.000159851
-0.000150606
-0.000141758
-0.0001333
-0.000125223
-0.000117522
-0.000110186
-0.000103207
-9.65763e-05
-9.02831e-05
-8.43176e-05
-7.86694e-05
-7.3328e-05
-6.82825e-05
-6.35221e-05
-5.90359e-05
-5.4813e-05
-5.08424e-05
-4.71135e-05
-4.36154e-05
-4.03377e-05
-3.72698e-05
-3.44017e-05
-3.17233e-05
-2.92249e-05
-2.68969e-05
-2.47303e-05
-2.2716e-05
-2.08453e-05
-1.91101e-05
-1.75022e-05
-1.60139e-05
-1.46379e-05
-1.33671e-05
-1.21946e-05
-1.11142e-05
-1.01196e-05
-9.205e-06
-8.3649e-06
-7.59404e-06
-6.8875e-06
-6.24059e-06
-5.64893e-06
-5.10837e-06
-4.61503e-06
-4.16526e-06
-3.75565e-06
-3.38303e-06
-3.04439e-06
-2.73698e-06
-2.45821e-06
-2.20568e-06
-1.97716e-06
-1.77058e-06
-1.58404e-06
-1.41577e-06
-1.26414e-06
-1.12765e-06
-1.00492e-06
-8.94663e-07
-7.9573e-07
-7.07046e-07
-6.27633e-07
-5.56595e-07
-4.93116e-07
-4.3645e-07
-3.85919e-07
-3.40905e-07
-3.00848e-07
-2.65238e-07
-2.33615e-07
-2.05561e-07
-1.807e-07
-1.5869e-07
-1.39226e-07
-1.22029e-07
-1.06852e-07
-9.34717e-08
-8.16868e-08
-7.13181e-08
-6.22048e-08
-5.4203e-08
-4.71845e-08
-4.10346e-08
-3.56515e-08
-3.09443e-08
-2.68324e-08
-2.32442e-08
-2.01162e-08
-1.73921e-08
-1.50223e-08
-1.29627e-08
-1.11745e-08
-9.62363e-09
-8.2799e-09
-7.11684e-09
-6.11118e-09
-5.2425e-09
-4.49292e-09
-3.84675e-09
-3.2903e-09
-2.8116e-09
-2.40019e-09
-2.04699e-09
-1.74406e-09
-1.4845e-09
-1.26234e-09
-1.07238e-09
-9.10121e-10
-7.71656e-10
-6.53618e-10
-5.53096e-10
-4.67576e-10
-3.94894e-10
-3.33184e-10
-2.80843e-10
-2.36494e-10
-1.98953e-10
-1.67209e-10
-1.40392e-10
-1.17761e-10
-9.86816e-11
-8.26127e-11
-6.9093e-11
-5.77293e-11
-4.81876e-11
-4.01837e-11
-3.34765e-11
-2.78616e-11
-2.31659e-11
-1.92427e-11
-1.59684e-11
-0.000136727
-0.000145404
-0.000154479
-0.000163961
-0.000173855
-0.000184167
-0.000194899
-0.000206055
-0.000217638
-0.000229647
-0.000242082
-0.000254942
-0.000268223
-0.00028192
-0.000296027
-0.000310537
-0.00032544
-0.000340725
-0.00035638
-0.00037239
-0.00038874
-0.000405412
-0.000422386
-0.000439641
-0.000457154
-0.000474901
-0.000492855
-0.000510989
-0.000529273
-0.000547676
-0.000566166
-0.000584709
-0.00060327
-0.000621812
-0.000640299
-0.000658691
-0.000676951
-0.000695037
-0.000712911
-0.00073053
-0.000747854
-0.000764842
-0.000781452
-0.000797643
-0.000813375
-0.000828608
-0.000843302
-0.000857419
-0.000870921
-0.000883773
-0.000895939
-0.000907385
-0.000918081
-0.000927997
-0.000937104
-0.000945376
-0.000952791
-0.000959326
-0.000964964
-0.000969687
-0.000973483
-0.000976339
-0.000978247
-0.000979203
-0.000979203
-0.000978247
-0.000976339
-0.000973483
-0.000969687
-0.000964964
-0.000959326
-0.000952791
-0.000945376
-0.000937104
-0.000927997
-0.000918081
-0.000907385
-0.000895939
-0.000883773
-0.000870921
-0.000857419
-0.000843302
-0.000828608
-0.000813375
-0.000797643
-0.000781452
-0.000764842
-0.000747854
-0.00073053
-0.000712911
-0.000695037
-0.000676951
-0.000658691
-0.000640299
-0.000621812
-0.00060327
-0.000584709
-0.000566166
-0.000547676
-0.000529273
-0.000510989
-0.000492855
-0.000474901
-0.000457154
-0.000439641
-0.000422386
-0.000405412
-0.00038874
-0.00037239
-0.00035638
-0.000340725
-0.00032544
-0.000310537
-0.000296027
-0.00028192
-0.000268223
-0.000254942
-0.000242082
-0.000229647
-0.000217638
-0.000206055
-0.000194899
-0.000184167
-0.000173855
-0.000163961
-0.000154479
-0.000145404
-0.000136727
-0.000128444
-0.000120544
-0.000113019
-0.000105861
-9.90598e-05
-9.26048e-05
-8.64859e-05
-8.06925e-05
-7.52137e-05
-7.00384e-05
-6.51556e-05
-6.0554e-05
-5.62225e-05
-5.21499e-05
-4.83251e-05
-4.4737e-05
-4.1375e-05
-3.82283e-05
-3.52864e-05
-3.25391e-05
-2.99764e-05
-2.75886e-05
-2.53662e-05
-2.33001e-05
-2.13814e-05
-1.96015e-05
-1.79523e-05
-1.64257e-05
-1.50143e-05
-1.37108e-05
-1.25082e-05
-1.14e-05
-1.03798e-05
-9.44172e-06
-8.58001e-06
-7.78933e-06
-7.06462e-06
-6.40107e-06
-5.79419e-06
-5.23973e-06
-4.7337e-06
-4.27237e-06
-3.85223e-06
-3.47002e-06
-3.12268e-06
-2.80737e-06
-2.52143e-06
-2.2624e-06
-2.028e-06
-1.81612e-06
-1.62478e-06
-1.45218e-06
-1.29665e-06
-1.15665e-06
-1.03076e-06
-9.1767e-07
-8.16193e-07
-7.25228e-07
-6.43773e-07
-5.70908e-07
-5.05797e-07
-4.47674e-07
-3.95843e-07
-3.49672e-07
-3.08584e-07
-2.72059e-07
-2.39623e-07
-2.10848e-07
-1.85347e-07
-1.62771e-07
-1.42806e-07
-1.25167e-07
-1.096e-07
-9.58754e-08
-8.37875e-08
-7.31521e-08
-6.38044e-08
-5.55969e-08
-4.83979e-08
-4.20899e-08
-3.65683e-08
-3.17401e-08
-2.75225e-08
-2.3842e-08
-2.06335e-08
-1.78394e-08
-1.54086e-08
-1.3296e-08
-1.14619e-08
-9.8711e-09
-8.49282e-09
-7.29985e-09
-6.26833e-09
-5.37732e-09
-4.60846e-09
-3.94567e-09
-3.37491e-09
-2.8839e-09
-2.46192e-09
-2.09963e-09
-1.78891e-09
-1.52268e-09
-1.29481e-09
-1.09996e-09
-9.33526e-10
-7.915e-10
-6.70426e-10
-5.67319e-10
-4.796e-10
-4.05049e-10
-3.41752e-10
-2.88065e-10
-2.42575e-10
-2.0407e-10
-1.71508e-10
-1.44002e-10
-1.20789e-10
-1.01219e-10
-8.47372e-11
-7.08697e-11
-5.92139e-11
-4.94268e-11
-4.1217e-11
-3.43374e-11
-2.85781e-11
-2.37616e-11
-1.97376e-11
-1.6379e-11
-0.000140107
-0.000148997
-0.000158297
-0.000168013
-0.000178152
-0.000188718
-0.000199716
-0.000211148
-0.000223017
-0.000235323
-0.000248065
-0.000261243
-0.000274852
-0.000288887
-0.000303343
-0.000318211
-0.000333483
-0.000349146
-0.000365188
-0.000381594
-0.000398348
-0.000415431
-0.000432825
-0.000450506
-0.000468452
-0.000486638
-0.000505036
-0.000523618
-0.000542354
-0.000561212
-0.000580159
-0.00059916
-0.000618179
-0.00063718
-0.000656123
-0.00067497
-0.000693681
-0.000712215
-0.00073053
-0.000748585
-0.000766337
-0.000783744
-0.000800765
-0.000817356
-0.000833477
-0.000849087
-0.000864144
-0.00087861
-0.000892446
-0.000905615
-0.000918081
-0.000929811
-0.000940771
-0.000950932
-0.000960264
-0.000968741
-0.000976339
-0.000983036
-0.000988813
-0.000993653
-0.000997542
-0.00100047
-0.00100242
-0.0010034
-0.0010034
-0.00100242
-0.00100047
-0.000997542
-0.000993653
-0.000988813
-0.000983036
-0.000976339
-0.000968741
-0.000960264
-0.000950932
-0.000940771
-0.000929811
-0.000918081
-0.000905615
-0.000892446
-0.00087861
-0.000864144
-0.000849087
-0.000833477
-0.000817356
-0.000800765
-0.000783744
-0.000766337
-0.000748585
-0.00073053
-0.000712215
-0.000693681
-0.00067497
-0.000656123
-0.00063718
-0.000618179
-0.00059916
-0.000580159
-0.000561212
-0.000542354
-0.000523618
-0.000505036
-0.000486638
-0.000468452
-0.000450506
-0.000432825
-0.000415431
-0.000398348
-0.000381594
-0.000365188
-0.000349146
-0.000333483
-0.000318211
-0.000303343
-0.000288887
-0.000274852
-0.000261243
-0.000248065
-0.000235323
-0.000223017
-0.000211148
-0.000199716
-0.000188718
-0.000178152
-0.000168013
-0.000158297
-0.000148997
-0.000140107
-0.000131618
-0.000123523
-0.000115813
-0.000108478
-0.000101508
-9.48935e-05
-8.86234e-05
-8.26868e-05
-7.70725e-05
-7.17694e-05
-6.67659e-05
-6.20506e-05
-5.7612e-05
-5.34387e-05
-4.95194e-05
-4.58427e-05
-4.23976e-05
-3.91731e-05
-3.61585e-05
-3.33433e-05
-3.07173e-05
-2.82705e-05
-2.59931e-05
-2.3876e-05
-2.19098e-05
-2.00859e-05
-1.83959e-05
-1.68317e-05
-1.53854e-05
-1.40497e-05
-1.28174e-05
-1.16818e-05
-1.06364e-05
-9.67506e-06
-8.79206e-06
-7.98184e-06
-7.23921e-06
-6.55927e-06
-5.93739e-06
-5.36923e-06
-4.8507e-06
-4.37796e-06
-3.94744e-06
-3.55578e-06
-3.19986e-06
-2.87675e-06
-2.58374e-06
-2.31832e-06
-2.07812e-06
-1.861e-06
-1.66494e-06
-1.48807e-06
-1.3287e-06
-1.18524e-06
-1.05623e-06
-9.4035e-07
-8.36365e-07
-7.43152e-07
-6.59683e-07
-5.85018e-07
-5.18297e-07
-4.58738e-07
-4.05626e-07
-3.58314e-07
-3.16211e-07
-2.78783e-07
-2.45545e-07
-2.16058e-07
-1.89928e-07
-1.66794e-07
-1.46335e-07
-1.28261e-07
-1.12309e-07
-9.82449e-08
-8.58582e-08
-7.49601e-08
-6.53813e-08
-5.69709e-08
-4.9594e-08
-4.31301e-08
-3.74721e-08
-3.25245e-08
-2.82027e-08
-2.44312e-08
-2.11435e-08
-1.82803e-08
-1.57894e-08
-1.36246e-08
-1.17451e-08
-1.01151e-08
-8.70272e-09
-7.48026e-09
-6.42325e-09
-5.51022e-09
-4.72235e-09
-4.04319e-09
-3.45832e-09
-2.95517e-09
-2.52276e-09
-2.15152e-09
-1.83312e-09
-1.56031e-09
-1.32681e-09
-1.12715e-09
-9.56597e-10
-8.11061e-10
-6.86996e-10
-5.8134e-10
-4.91453e-10
-4.15059e-10
-3.50198e-10
-2.95185e-10
-2.4857e-10
-2.09113e-10
-1.75747e-10
-1.47561e-10
-1.23774e-10
-1.03721e-10
-8.68314e-11
-7.26213e-11
-6.06773e-11
-5.06483e-11
-4.22357e-11
-3.5186e-11
-2.92844e-11
-2.43488e-11
-2.02254e-11
-1.67838e-11
-0.000143429
-0.00015253
-0.000162051
-0.000171998
-0.000182377
-0.000193194
-0.000204452
-0.000216155
-0.000228305
-0.000240903
-0.000253948
-0.000267438
-0.00028137
-0.000295738
-0.000310537
-0.000325758
-0.000341391
-0.000357425
-0.000373848
-0.000390643
-0.000407794
-0.000425283
-0.000443089
-0.00046119
-0.000479561
-0.000498178
-0.000517013
-0.000536035
-0.000555216
-0.000574521
-0.000593917
-0.000613368
-0.000632839
-0.00065229
-0.000671683
-0.000690977
-0.000710131
-0.000729105
-0.000747854
-0.000766337
-0.00078451
-0.00080233
-0.000819754
-0.000836739
-0.000853243
-0.000869222
-0.000884636
-0.000899445
-0.00091361
-0.000927091
-0.000939853
-0.000951861
-0.000963081
-0.000973483
-0.000983036
-0.000991714
-0.000999492
-0.00100635
-0.00101226
-0.00101722
-0.0010212
-0.00102419
-0.0010262
-0.0010272
-0.0010272
-0.0010262
-0.00102419
-0.0010212
-0.00101722
-0.00101226
-0.00100635
-0.000999492
-0.000991714
-0.000983036
-0.000973483
-0.000963081
-0.000951861
-0.000939853
-0.000927091
-0.00091361
-0.000899445
-0.000884636
-0.000869222
-0.000853243
-0.000836739
-0.000819754
-0.00080233
-0.00078451
-0.000766337
-0.000747854
-0.000729105
-0.000710131
-0.000690977
-0.000671683
-0.00065229
-0.000632839
-0.000613368
-0.000593917
-0.000574521
-0.000555216
-0.000536035
-0.000517013
-0.000498178
-0.000479561
-0.00046119
-0.000443089
-0.000425283
-0.000407794
-0.000390643
-0.000373848
-0.000357425
-0.000341391
-0.000325758
-0.000310537
-0.000295738
-0.00028137
-0.000267438
-0.000253948
-0.000240903
-0.000228305
-0.000216155
-0.000204452
-0.000193194
-0.000182377
-0.000171998
-0.000162051
-0.00015253
-0.000143429
-0.000134739
-0.000126452
-0.000118559
-0.00011105
-0.000103915
-9.71438e-05
-9.0725e-05
-8.46476e-05
-7.89003e-05
-7.34713e-05
-6.83492e-05
-6.35221e-05
-5.89783e-05
-5.4706e-05
-5.06937e-05
-4.69298e-05
-4.3403e-05
-4.0102e-05
-3.70159e-05
-3.4134e-05
-3.14457e-05
-2.89409e-05
-2.66096e-05
-2.44422e-05
-2.24294e-05
-2.05623e-05
-1.88322e-05
-1.72308e-05
-1.57503e-05
-1.43828e-05
-1.31213e-05
-1.19588e-05
-1.08886e-05
-9.9045e-06
-9.00055e-06
-8.17112e-06
-7.41089e-06
-6.71482e-06
-6.0782e-06
-5.49656e-06
-4.96573e-06
-4.48178e-06
-4.04105e-06
-3.64011e-06
-3.27574e-06
-2.94497e-06
-2.64501e-06
-2.37329e-06
-2.12741e-06
-1.90513e-06
-1.70442e-06
-1.52336e-06
-1.36021e-06
-1.21334e-06
-1.08128e-06
-9.6265e-07
-8.56199e-07
-7.60775e-07
-6.75327e-07
-5.98891e-07
-5.30588e-07
-4.69616e-07
-4.15245e-07
-3.66811e-07
-3.23709e-07
-2.85394e-07
-2.51368e-07
-2.21182e-07
-1.94432e-07
-1.7075e-07
-1.49806e-07
-1.31302e-07
-1.14972e-07
-1.00575e-07
-8.78943e-08
-7.67377e-08
-6.69318e-08
-5.8322e-08
-5.07701e-08
-4.41529e-08
-3.83607e-08
-3.32958e-08
-2.88715e-08
-2.50106e-08
-2.16449e-08
-1.87138e-08
-1.61638e-08
-1.39477e-08
-1.20237e-08
-1.03549e-08
-8.90909e-09
-7.65765e-09
-6.57557e-09
-5.64089e-09
-4.83434e-09
-4.13907e-09
-3.54033e-09
-3.02525e-09
-2.58259e-09
-2.20254e-09
-1.87659e-09
-1.59731e-09
-1.35827e-09
-1.15388e-09
-9.79282e-10
-8.30295e-10
-7.03287e-10
-5.95126e-10
-5.03108e-10
-4.24902e-10
-3.58503e-10
-3.02185e-10
-2.54465e-10
-2.14072e-10
-1.79915e-10
-1.5106e-10
-1.2671e-10
-1.0618e-10
-8.88906e-11
-7.43434e-11
-6.21162e-11
-5.18494e-11
-4.32373e-11
-3.60204e-11
-2.99788e-11
-2.49263e-11
-2.0705e-11
-1.71818e-11
-0.000146687
-0.000155995
-0.000165732
-0.000175905
-0.00018652
-0.000197582
-0.000209096
-0.000221065
-0.000233491
-0.000246375
-0.000259717
-0.000273513
-0.000287761
-0.000302456
-0.00031759
-0.000333157
-0.000349146
-0.000365544
-0.00038234
-0.000399516
-0.000417057
-0.000434943
-0.000453154
-0.000471666
-0.000490455
-0.000509494
-0.000528757
-0.000548211
-0.000567827
-0.000587571
-0.000607408
-0.000627301
-0.000647214
-0.000667107
-0.00068694
-0.000706673
-0.000726262
-0.000745666
-0.000764842
-0.000783744
-0.00080233
-0.000820555
-0.000838375
-0.000855746
-0.000872624
-0.000888966
-0.000904731
-0.000919876
-0.000934362
-0.00094815
-0.000961202
-0.000973483
-0.000984958
-0.000995595
-0.00100537
-0.00101424
-0.0010222
-0.00102921
-0.00103526
-0.00104032
-0.00104439
-0.00104746
-0.00104951
-0.00105053
-0.00105053
-0.00104951
-0.00104746
-0.00104439
-0.00104032
-0.00103526
-0.00102921
-0.0010222
-0.00101424
-0.00100537
-0.000995595
-0.000984958
-0.000973483
-0.000961202
-0.00094815
-0.000934362
-0.000919876
-0.000904731
-0.000888966
-0.000872624
-0.000855746
-0.000838375
-0.000820555
-0.00080233
-0.000783744
-0.000764842
-0.000745666
-0.000726262
-0.000706673
-0.00068694
-0.000667107
-0.000647214
-0.000627301
-0.000607408
-0.000587571
-0.000567827
-0.000548211
-0.000528757
-0.000509494
-0.000490455
-0.000471666
-0.000453154
-0.000434943
-0.000417057
-0.000399516
-0.00038234
-0.000365544
-0.000349146
-0.000333157
-0.00031759
-0.000302456
-0.000287761
-0.000273513
-0.000259717
-0.000246375
-0.000233491
-0.000221065
-0.000209096
-0.000197582
-0.00018652
-0.000175905
-0.000165732
-0.000155995
-0.000146687
-0.0001378
-0.000129325
-0.000121252
-0.000113573
-0.000106276
-9.93504e-05
-9.27858e-05
-8.65704e-05
-8.06925e-05
-7.51403e-05
-6.99018e-05
-6.4965e-05
-6.0318e-05
-5.59487e-05
-5.18452e-05
-4.79958e-05
-4.43889e-05
-4.10129e-05
-3.78568e-05
-3.49094e-05
-3.216e-05
-2.95983e-05
-2.7214e-05
-2.49974e-05
-2.29389e-05
-2.10293e-05
-1.926e-05
-1.76222e-05
-1.6108e-05
-1.47096e-05
-1.34194e-05
-1.22304e-05
-1.11359e-05
-1.01295e-05
-9.205e-06
-8.35673e-06
-7.57923e-06
-6.86735e-06
-6.21626e-06
-5.62141e-06
-5.07852e-06
-4.58358e-06
-4.13284e-06
-3.72279e-06
-3.35015e-06
-3.01187e-06
-2.7051e-06
-2.4272e-06
-2.17573e-06
-1.94841e-06
-1.74313e-06
-1.55796e-06
-1.39111e-06
-1.2409e-06
-1.10584e-06
-9.84517e-07
-8.75647e-07
-7.78057e-07
-6.90668e-07
-6.12495e-07
-5.42641e-07
-4.80284e-07
-4.24678e-07
-3.75143e-07
-3.31062e-07
-2.91876e-07
-2.57077e-07
-2.26206e-07
-1.98848e-07
-1.74628e-07
-1.53208e-07
-1.34285e-07
-1.17584e-07
-1.02859e-07
-8.98908e-08
-7.84808e-08
-6.84522e-08
-5.96468e-08
-5.19233e-08
-4.51558e-08
-3.92321e-08
-3.40521e-08
-2.95273e-08
-2.55787e-08
-2.21365e-08
-1.91389e-08
-1.6531e-08
-1.42645e-08
-1.22968e-08
-1.05901e-08
-9.11147e-09
-7.8316e-09
-6.72494e-09
-5.76902e-09
-4.94415e-09
-4.23309e-09
-3.62075e-09
-3.09397e-09
-2.64125e-09
-2.25257e-09
-1.91922e-09
-1.6336e-09
-1.38913e-09
-1.18009e-09
-1.00153e-09
-8.49155e-10
-7.19262e-10
-6.08644e-10
-5.14536e-10
-4.34554e-10
-3.66647e-10
-3.09049e-10
-2.60245e-10
-2.18935e-10
-1.84002e-10
-1.54492e-10
-1.29588e-10
-1.08592e-10
-9.09097e-11
-7.60321e-11
-6.35272e-11
-5.30272e-11
-4.42194e-11
-3.68386e-11
-3.06598e-11
-2.54925e-11
-2.11753e-11
-1.75721e-11
-0.000149873
-0.000159383
-0.000169331
-0.000179725
-0.00019057
-0.000201873
-0.000213637
-0.000225866
-0.000238562
-0.000251726
-0.000265357
-0.000279453
-0.00029401
-0.000309024
-0.000324488
-0.000340392
-0.000356728
-0.000373483
-0.000390643
-0.000408193
-0.000426114
-0.000444389
-0.000462995
-0.000481909
-0.000501106
-0.000520559
-0.00054024
-0.000560117
-0.000580159
-0.000600331
-0.000620599
-0.000640924
-0.000661269
-0.000681594
-0.000701858
-0.000722019
-0.000742034
-0.00076186
-0.000781452
-0.000800765
-0.000819754
-0.000838375
-0.000856582
-0.00087433
-0.000891575
-0.000908272
-0.000924379
-0.000939853
-0.000954654
-0.000968741
-0.000982076
-0.000994623
-0.00100635
-0.00101722
-0.0010272
-0.00103627
-0.00104439
-0.00105156
-0.00105774
-0.00106292
-0.00106708
-0.00107021
-0.0010723
-0.00107335
-0.00107335
-0.0010723
-0.00107021
-0.00106708
-0.00106292
-0.00105774
-0.00105156
-0.00104439
-0.00103627
-0.0010272
-0.00101722
-0.00100635
-0.000994623
-0.000982076
-0.000968741
-0.000954654
-0.000939853
-0.000924379
-0.000908272
-0.000891575
-0.00087433
-0.000856582
-0.000838375
-0.000819754
-0.000800765
-0.000781452
-0.00076186
-0.000742034
-0.000722019
-0.000701858
-0.000681594
-0.000661269
-0.000640924
-0.000620599
-0.000600331
-0.000580159
-0.000560117
-0.00054024
-0.000520559
-0.000501106
-0.000481909
-0.000462995
-0.000444389
-0.000426114
-0.000408193
-0.000390643
-0.000373483
-0.000356728
-0.000340392
-0.000324488
-0.000309024
-0.00029401
-0.000279453
-0.000265357
-0.000251726
-0.000238562
-0.000225866
-0.000213637
-0.000201873
-0.00019057
-0.000179725
-0.000169331
-0.000159383
-0.000149873
-0.000140792
-0.000132133
-0.000123885
-0.000116039
-0.000108584
-0.000101508
-9.48008e-05
-8.84504e-05
-8.24449e-05
-7.67721e-05
-7.14198e-05
-6.63758e-05
-6.16279e-05
-5.71637e-05
-5.29711e-05
-4.90382e-05
-4.53529e-05
-4.19036e-05
-3.86789e-05
-3.56675e-05
-3.28584e-05
-3.0241e-05
-2.7805e-05
-2.55402e-05
-2.3437e-05
-2.1486e-05
-1.96782e-05
-1.80049e-05
-1.64578e-05
-1.5029e-05
-1.37108e-05
-1.2496e-05
-1.13778e-05
-1.03495e-05
-9.40491e-06
-8.53821e-06
-7.74382e-06
-7.01649e-06
-6.35126e-06
-5.74349e-06
-5.18881e-06
-4.68313e-06
-4.2226e-06
-3.80364e-06
-3.4229e-06
-3.07727e-06
-2.76384e-06
-2.47991e-06
-2.22298e-06
-1.99072e-06
-1.78099e-06
-1.5918e-06
-1.42132e-06
-1.26785e-06
-1.12986e-06
-1.0059e-06
-8.94663e-07
-7.94953e-07
-7.05667e-07
-6.25797e-07
-5.54425e-07
-4.90714e-07
-4.339e-07
-3.8329e-07
-3.38252e-07
-2.98215e-07
-2.6266e-07
-2.31119e-07
-2.03166e-07
-1.7842e-07
-1.56536e-07
-1.37201e-07
-1.20137e-07
-1.05093e-07
-9.1843e-08
-8.01851e-08
-6.99387e-08
-6.09421e-08
-5.30509e-08
-4.61365e-08
-4.00841e-08
-3.47916e-08
-3.01685e-08
-2.61342e-08
-2.26173e-08
-1.95545e-08
-1.689e-08
-1.45743e-08
-1.25638e-08
-1.08201e-08
-9.30934e-09
-8.00167e-09
-6.87098e-09
-5.89431e-09
-5.05152e-09
-4.32502e-09
-3.69938e-09
-3.16116e-09
-2.69861e-09
-2.30149e-09
-1.96089e-09
-1.66907e-09
-1.41929e-09
-1.20571e-09
-1.02328e-09
-8.67596e-10
-7.34883e-10
-6.21862e-10
-5.2571e-10
-4.43991e-10
-3.74609e-10
-3.15761e-10
-2.65897e-10
-2.23689e-10
-1.87998e-10
-1.57847e-10
-1.32402e-10
-1.10951e-10
-9.2884e-11
-7.76833e-11
-6.49068e-11
-5.41788e-11
-4.51797e-11
-3.76386e-11
-3.13257e-11
-2.60461e-11
-2.16352e-11
-1.79537e-11
-0.000152978
-0.000162685
-0.00017284
-0.000183449
-0.000194519
-0.000206055
-0.000218063
-0.000230546
-0.000243505
-0.000256942
-0.000270855
-0.000285243
-0.000300102
-0.000315427
-0.000331211
-0.000347445
-0.000364119
-0.000381221
-0.000398737
-0.00041665
-0.000434943
-0.000453596
-0.000472588
-0.000491894
-0.000511489
-0.000531345
-0.000551433
-0.000571722
-0.000592179
-0.00061277
-0.000633457
-0.000654204
-0.00067497
-0.000695717
-0.0007164
-0.000736979
-0.000757409
-0.000777645
-0.000797643
-0.000817356
-0.000836739
-0.000855746
-0.00087433
-0.000892446
-0.000910048
-0.000927091
-0.000943532
-0.000959326
-0.000974434
-0.000988813
-0.00100242
-0.00101523
-0.0010272
-0.00103829
-0.00104848
-0.00105774
-0.00106603
-0.00107335
-0.00107965
-0.00108494
-0.00108918
-0.00109238
-0.00109452
-0.00109559
-0.00109559
-0.00109452
-0.00109238
-0.00108918
-0.00108494
-0.00107965
-0.00107335
-0.00106603
-0.00105774
-0.00104848
-0.00103829
-0.0010272
-0.00101523
-0.00100242
-0.000988813
-0.000974434
-0.000959326
-0.000943532
-0.000927091
-0.000910048
-0.000892446
-0.00087433
-0.000855746
-0.000836739
-0.000817356
-0.000797643
-0.000777645
-0.000757409
-0.000736979
-0.0007164
-0.000695717
-0.00067497
-0.000654204
-0.000633457
-0.00061277
-0.000592179
-0.000571722
-0.000551433
-0.000531345
-0.000511489
-0.000491894
-0.000472588
-0.000453596
-0.000434943
-0.00041665
-0.000398737
-0.000381221
-0.000364119
-0.000347445
-0.000331211
-0.000315427
-0.000300102
-0.000285243
-0.000270855
-0.000256942
-0.000243505
-0.000230546
-0.000218063
-0.000206055
-0.000194519
-0.000183449
-0.00017284
-0.000162685
-0.000152978
-0.00014371
-0.000134871
-0.000126452
-0.000118443
-0.000110833
-0.000103611
-9.67651e-05
-9.02831e-05
-8.41531e-05
-7.83627e-05
-7.28996e-05
-6.77511e-05
-6.29048e-05
-5.83481e-05
-5.40687e-05
-5.00542e-05
-4.62926e-05
-4.27718e-05
-3.94803e-05
-3.64065e-05
-3.35392e-05
-3.08676e-05
-2.83811e-05
-2.60694e-05
-2.39226e-05
-2.19312e-05
-2.00859e-05
-1.8378e-05
-1.67988e-05
-1.53404e-05
-1.39949e-05
-1.27549e-05
-1.16135e-05
-1.05639e-05
-9.59977e-06
-8.71512e-06
-7.90427e-06
-7.16187e-06
-6.48286e-06
-5.86249e-06
-5.29632e-06
-4.78016e-06
-4.31009e-06
-3.88245e-06
-3.49382e-06
-3.14103e-06
-2.82111e-06
-2.5313e-06
-2.26904e-06
-2.03197e-06
-1.81789e-06
-1.62478e-06
-1.45076e-06
-1.29412e-06
-1.15327e-06
-1.02674e-06
-9.132e-07
-8.11425e-07
-7.20288e-07
-6.38763e-07
-5.65913e-07
-5.00881e-07
-4.42891e-07
-3.91231e-07
-3.4526e-07
-3.04394e-07
-2.68103e-07
-2.35908e-07
-2.07376e-07
-1.82117e-07
-1.59779e-07
-1.40044e-07
-1.22626e-07
-1.07271e-07
-9.37459e-08
-8.18465e-08
-7.13878e-08
-6.22048e-08
-5.41501e-08
-4.70924e-08
-4.09146e-08
-3.55125e-08
-3.07936e-08
-2.66757e-08
-2.30859e-08
-1.99597e-08
-1.72399e-08
-1.48763e-08
-1.28242e-08
-1.10443e-08
-9.50222e-09
-8.16746e-09
-7.01335e-09
-6.01643e-09
-5.15619e-09
-4.41463e-09
-3.77603e-09
-3.22666e-09
-2.75452e-09
-2.34918e-09
-2.00152e-09
-1.70365e-09
-1.4487e-09
-1.2307e-09
-1.04448e-09
-8.85572e-10
-7.50109e-10
-6.34747e-10
-5.36602e-10
-4.5319e-10
-3.82371e-10
-3.22303e-10
-2.71406e-10
-2.28324e-10
-1.91893e-10
-1.61117e-10
-1.35145e-10
-1.1325e-10
-9.48085e-11
-7.92929e-11
-6.62517e-11
-5.53013e-11
-4.61158e-11
-3.84185e-11
-3.19747e-11
-2.65857e-11
-2.20834e-11
-1.83257e-11
-0.000155995
-0.000165894
-0.000176249
-0.000187067
-0.000198355
-0.00021012
-0.000222364
-0.000235093
-0.000248308
-0.000262009
-0.000276197
-0.000290869
-0.000306021
-0.000321648
-0.000337743
-0.000354298
-0.000371301
-0.00038874
-0.000406601
-0.000424868
-0.000443522
-0.000462543
-0.000481909
-0.000501595
-0.000521577
-0.000541825
-0.000562309
-0.000582998
-0.000603859
-0.000624856
-0.000645951
-0.000667107
-0.000688283
-0.000709438
-0.00073053
-0.000751515
-0.000772347
-0.000792983
-0.000813375
-0.000833477
-0.000853243
-0.000872624
-0.000891575
-0.000910048
-0.000927997
-0.000945376
-0.000962141
-0.000978247
-0.000993653
-0.00100832
-0.0010222
-0.00103526
-0.00104746
-0.00105877
-0.00106916
-0.0010786
-0.00108706
-0.00109452
-0.00110095
-0.00110634
-0.00111067
-0.00111393
-0.0011161
-0.00111719
-0.00111719
-0.0011161
-0.00111393
-0.00111067
-0.00110634
-0.00110095
-0.00109452
-0.00108706
-0.0010786
-0.00106916
-0.00105877
-0.00104746
-0.00103526
-0.0010222
-0.00100832
-0.000993653
-0.000978247
-0.000962141
-0.000945376
-0.000927997
-0.000910048
-0.000891575
-0.000872624
-0.000853243
-0.000833477
-0.000813375
-0.000792983
-0.000772347
-0.000751515
-0.00073053
-0.000709438
-0.000688283
-0.000667107
-0.000645951
-0.000624856
-0.000603859
-0.000582998
-0.000562309
-0.000541825
-0.000521577
-0.000501595
-0.000481909
-0.000462543
-0.000443522
-0.000424868
-0.000406601
-0.00038874
-0.000371301
-0.000354298
-0.000337743
-0.000321648
-0.000306021
-0.000290869
-0.000276197
-0.000262009
-0.000248308
-0.000235093
-0.000222364
-0.00021012
-0.000198355
-0.000187067
-0.000176249
-0.000165894
-0.000155995
-0.000146544
-0.000137531
-0.000128946
-0.000120779
-0.000113019
-0.000105655
-9.86736e-05
-9.20638e-05
-8.58129e-05
-7.99083e-05
-7.43374e-05
-6.90874e-05
-6.41455e-05
-5.94989e-05
-5.51351e-05
-5.10414e-05
-4.72056e-05
-4.36154e-05
-4.0259e-05
-3.71245e-05
-3.42007e-05
-3.14764e-05
-2.89409e-05
-2.65836e-05
-2.43945e-05
-2.23638e-05
-2.04821e-05
-1.87405e-05
-1.71302e-05
-1.5643e-05
-1.42709e-05
-1.30065e-05
-1.18426e-05
-1.07723e-05
-9.78911e-06
-8.88701e-06
-8.06017e-06
-7.30312e-06
-6.61072e-06
-5.97812e-06
-5.40078e-06
-4.87444e-06
-4.3951e-06
-3.95902e-06
-3.56273e-06
-3.20298e-06
-2.87675e-06
-2.58122e-06
-2.31379e-06
-2.07205e-06
-1.85375e-06
-1.65683e-06
-1.47938e-06
-1.31965e-06
-1.17601e-06
-1.04699e-06
-9.31212e-07
-8.27428e-07
-7.34494e-07
-6.51362e-07
-5.77074e-07
-5.1076e-07
-4.51626e-07
-3.98948e-07
-3.5207e-07
-3.10398e-07
-2.7339e-07
-2.4056e-07
-2.11466e-07
-1.85709e-07
-1.6293e-07
-1.42806e-07
-1.25045e-07
-1.09386e-07
-9.55949e-08
-8.34608e-08
-7.27958e-08
-6.34317e-08
-5.52181e-08
-4.80212e-08
-4.17216e-08
-3.62129e-08
-3.1401e-08
-2.72018e-08
-2.35412e-08
-2.03533e-08
-1.758e-08
-1.51697e-08
-1.30771e-08
-1.12622e-08
-9.68964e-09
-8.32855e-09
-7.15167e-09
-6.1351e-09
-5.25789e-09
-4.5017e-09
-3.85051e-09
-3.2903e-09
-2.80885e-09
-2.39551e-09
-2.041e-09
-1.73726e-09
-1.47727e-09
-1.25497e-09
-1.06508e-09
-9.03039e-10
-7.64904e-10
-6.47266e-10
-5.47186e-10
-4.62129e-10
-3.89912e-10
-3.2866e-10
-2.76759e-10
-2.32827e-10
-1.95678e-10
-1.64295e-10
-1.37811e-10
-1.15483e-10
-9.66784e-11
-8.08568e-11
-6.75584e-11
-5.6392e-11
-4.70254e-11
-3.91762e-11
-3.26053e-11
-2.71101e-11
-2.2519e-11
-1.86871e-11
-0.000158917
-0.000169001
-0.000179549
-0.00019057
-0.00020207
-0.000214055
-0.000226529
-0.000239496
-0.000252958
-0.000266916
-0.00028137
-0.000296316
-0.000311752
-0.000327672
-0.000344069
-0.000360933
-0.000378255
-0.00039602
-0.000414216
-0.000432825
-0.000451828
-0.000471205
-0.000490934
-0.000510989
-0.000531345
-0.000551972
-0.00057284
-0.000593917
-0.000615168
-0.000636558
-0.000658048
-0.0006796
-0.000701173
-0.000722725
-0.000744211
-0.000765589
-0.000786812
-0.000807834
-0.000828608
-0.000849087
-0.000869222
-0.000888966
-0.000908272
-0.000927091
-0.000945376
-0.000963081
-0.00098016
-0.000996568
-0.00101226
-0.0010272
-0.00104134
-0.00105464
-0.00106708
-0.0010786
-0.00108918
-0.0010988
-0.00110742
-0.00111501
-0.00112157
-0.00112706
-0.00113147
-0.00113479
-0.00113701
-0.00113812
-0.00113812
-0.00113701
-0.00113479
-0.00113147
-0.00112706
-0.00112157
-0.00111501
-0.00110742
-0.0010988
-0.00108918
-0.0010786
-0.00106708
-0.00105464
-0.00104134
-0.0010272
-0.00101226
-0.000996568
-0.00098016
-0.000963081
-0.000945376
-0.000927091
-0.000908272
-0.000888966
-0.000869222
-0.000849087
-0.000828608
-0.000807834
-0.000786812
-0.000765589
-0.000744211
-0.000722725
-0.000701173
-0.0006796
-0.000658048
-0.000636558
-0.000615168
-0.000593917
-0.00057284
-0.000551972
-0.000531345
-0.000510989
-0.000490934
-0.000471205
-0.000451828
-0.000432825
-0.000414216
-0.00039602
-0.000378255
-0.000360933
-0.000344069
-0.000327672
-0.000311752
-0.000296316
-0.00028137
-0.000266916
-0.000252958
-0.000239496
-0.000226529
-0.000214055
-0.00020207
-0.00019057
-0.000179549
-0.000169001
-0.000158917
-0.000149288
-0.000140107
-0.000131361
-0.000123041
-0.000115136
-0.000107633
-0.000100522
-9.37879e-05
-8.742e-05
-8.14048e-05
-7.57296e-05
-7.03812e-05
-6.53468e-05
-6.06132e-05
-5.61676e-05
-5.19973e-05
-4.80897e-05
-4.44323e-05
-4.10129e-05
-3.78198e-05
-3.48412e-05
-3.20659e-05
-2.94829e-05
-2.70814e-05
-2.48513e-05
-2.27826e-05
-2.08657e-05
-1.90914e-05
-1.7451e-05
-1.59359e-05
-1.45382e-05
-1.32501e-05
-1.20644e-05
-1.0974e-05
-9.97244e-06
-9.05345e-06
-8.21112e-06
-7.43989e-06
-6.73452e-06
-6.09008e-06
-5.50193e-06
-4.96573e-06
-4.47741e-06
-4.03317e-06
-3.62946e-06
-3.26297e-06
-2.93063e-06
-2.62956e-06
-2.35712e-06
-2.11085e-06
-1.88846e-06
-1.68785e-06
-1.50708e-06
-1.34436e-06
-1.19804e-06
-1.0666e-06
-9.48651e-07
-8.42924e-07
-7.4825e-07
-6.6356e-07
-5.87882e-07
-5.20326e-07
-4.60084e-07
-4.06419e-07
-3.58664e-07
-3.16211e-07
-2.7851e-07
-2.45066e-07
-2.15426e-07
-1.89187e-07
-1.65982e-07
-1.4548e-07
-1.27387e-07
-1.11435e-07
-9.73852e-08
-8.50239e-08
-7.41591e-08
-6.46196e-08
-5.62523e-08
-4.89206e-08
-4.25029e-08
-3.68911e-08
-3.1989e-08
-2.77112e-08
-2.39821e-08
-2.07345e-08
-1.79092e-08
-1.54538e-08
-1.3322e-08
-1.14731e-08
-9.8711e-09
-8.48453e-09
-7.28561e-09
-6.24999e-09
-5.35635e-09
-4.58601e-09
-3.92262e-09
-3.35192e-09
-2.86146e-09
-2.44037e-09
-2.07922e-09
-1.76979e-09
-1.50494e-09
-1.27847e-09
-1.08503e-09
-9.19951e-10
-7.79229e-10
-6.59388e-10
-5.57434e-10
-4.70783e-10
-3.97214e-10
-3.34815e-10
-2.81942e-10
-2.37188e-10
-1.99342e-10
-1.67372e-10
-1.40392e-10
-1.17646e-10
-9.8489e-11
-8.23711e-11
-6.88236e-11
-5.74481e-11
-4.79061e-11
-3.99099e-11
-3.3216e-11
-2.76178e-11
-2.29407e-11
-1.90371e-11
-0.000161735
-0.000171998
-0.000182733
-0.00019395
-0.000205653
-0.000217851
-0.000230546
-0.000243743
-0.000257444
-0.00027165
-0.000286359
-0.000301571
-0.00031728
-0.000333483
-0.00035017
-0.000367334
-0.000384962
-0.000403043
-0.000421562
-0.0004405
-0.000459841
-0.000479561
-0.00049964
-0.000520051
-0.000540767
-0.00056176
-0.000582998
-0.000604449
-0.000626077
-0.000647846
-0.000669718
-0.000691652
-0.000713607
-0.000735541
-0.000757409
-0.000779166
-0.000800765
-0.00082216
-0.000843302
-0.000864144
-0.000884636
-0.000904731
-0.000924379
-0.000943532
-0.000962141
-0.00098016
-0.000997542
-0.00101424
-0.00103021
-0.00104541
-0.00105981
-0.00107335
-0.001086
-0.00109773
-0.0011085
-0.00111829
-0.00112706
-0.00113479
-0.00114146
-0.00114704
-0.00115153
-0.00115491
-0.00115717
-0.0011583
-0.0011583
-0.00115717
-0.00115491
-0.00115153
-0.00114704
-0.00114146
-0.00113479
-0.00112706
-0.00111829
-0.0011085
-0.00109773
-0.001086
-0.00107335
-0.00105981
-0.00104541
-0.00103021
-0.00101424
-0.000997542
-0.00098016
-0.000962141
-0.000943532
-0.000924379
-0.000904731
-0.000884636
-0.000864144
-0.000843302
-0.00082216
-0.000800765
-0.000779166
-0.000757409
-0.000735541
-0.000713607
-0.000691652
-0.000669718
-0.000647846
-0.000626077
-0.000604449
-0.000582998
-0.00056176
-0.000540767
-0.000520051
-0.00049964
-0.000479561
-0.000459841
-0.0004405
-0.000421562
-0.000403043
-0.000384962
-0.000367334
-0.00035017
-0.000333483
-0.00031728
-0.000301571
-0.000286359
-0.00027165
-0.000257444
-0.000243743
-0.000230546
-0.000217851
-0.000205653
-0.00019395
-0.000182733
-0.000171998
-0.000161735
-0.000151936
-0.000142591
-0.000133691
-0.000125223
-0.000117178
-0.000109542
-0.000102304
-9.54511e-05
-8.89702e-05
-8.28484e-05
-7.70725e-05
-7.16293e-05
-6.65056e-05
-6.16881e-05
-5.71637e-05
-5.29194e-05
-4.89425e-05
-4.52202e-05
-4.17402e-05
-3.84905e-05
-3.54591e-05
-3.26346e-05
-3.00057e-05
-2.75617e-05
-2.5292e-05
-2.31866e-05
-2.12357e-05
-1.943e-05
-1.77604e-05
-1.62185e-05
-1.4796e-05
-1.34851e-05
-1.22783e-05
-1.11686e-05
-1.01493e-05
-9.214e-06
-8.35673e-06
-7.57183e-06
-6.85395e-06
-6.19808e-06
-5.5995e-06
-5.05379e-06
-4.55681e-06
-4.10469e-06
-3.69382e-06
-3.32083e-06
-2.9826e-06
-2.67619e-06
-2.39892e-06
-2.14828e-06
-1.92195e-06
-1.71779e-06
-1.53381e-06
-1.3682e-06
-1.21928e-06
-1.08551e-06
-9.65474e-07
-8.57872e-07
-7.61519e-07
-6.75327e-07
-5.98307e-07
-5.29553e-07
-4.68243e-07
-4.13626e-07
-3.65024e-07
-3.21818e-07
-2.83449e-07
-2.49411e-07
-2.19247e-07
-1.92542e-07
-1.68925e-07
-1.4806e-07
-1.29646e-07
-1.13411e-07
-9.91122e-08
-8.65316e-08
-7.54742e-08
-6.57655e-08
-5.72498e-08
-4.97881e-08
-4.32566e-08
-3.75453e-08
-3.25563e-08
-2.82027e-08
-2.44074e-08
-2.11022e-08
-1.82268e-08
-1.57278e-08
-1.35582e-08
-1.16765e-08
-1.00462e-08
-8.63499e-09
-7.41481e-09
-6.36083e-09
-5.45134e-09
-4.66734e-09
-3.99218e-09
-3.41136e-09
-2.9122e-09
-2.48365e-09
-2.1161e-09
-1.80118e-09
-1.53163e-09
-1.30114e-09
-1.10427e-09
-9.36265e-10
-7.93047e-10
-6.71081e-10
-5.67319e-10
-4.79132e-10
-4.04258e-10
-3.40752e-10
-2.86942e-10
-2.41394e-10
-2.02877e-10
-1.7034e-10
-1.42881e-10
-1.19732e-10
-1.00236e-10
-8.38318e-11
-7.00441e-11
-5.84669e-11
-4.87556e-11
-4.06177e-11
-3.3805e-11
-2.81076e-11
-2.33475e-11
-1.93747e-11
-0.000164442
-0.000174877
-0.000185792
-0.000197196
-0.000209096
-0.000221497
-0.000234405
-0.000247823
-0.000261754
-0.000276197
-0.000291153
-0.000306619
-0.000322592
-0.000339065
-0.000356032
-0.000373483
-0.000391407
-0.00040979
-0.000428619
-0.000447874
-0.000467538
-0.000487589
-0.000508004
-0.000528757
-0.00054982
-0.000571164
-0.000592758
-0.000614568
-0.000636558
-0.000658691
-0.000680929
-0.00070323
-0.000725553
-0.000747854
-0.000770088
-0.000792209
-0.00081417
-0.000835923
-0.000857419
-0.00087861
-0.000899445
-0.000919876
-0.000939853
-0.000959326
-0.000978247
-0.000996568
-0.00101424
-0.00103122
-0.00104746
-0.00106292
-0.00107755
-0.00109131
-0.00110418
-0.0011161
-0.00112706
-0.00113701
-0.00114592
-0.00115378
-0.00116056
-0.00116624
-0.00117081
-0.00117424
-0.00117654
-0.00117769
-0.00117769
-0.00117654
-0.00117424
-0.00117081
-0.00116624
-0.00116056
-0.00115378
-0.00114592
-0.00113701
-0.00112706
-0.0011161
-0.00110418
-0.00109131
-0.00107755
-0.00106292
-0.00104746
-0.00103122
-0.00101424
-0.000996568
-0.000978247
-0.000959326
-0.000939853
-0.000919876
-0.000899445
-0.00087861
-0.000857419
-0.000835923
-0.00081417
-0.000792209
-0.000770088
-0.000747854
-0.000725553
-0.00070323
-0.000680929
-0.000658691
-0.000636558
-0.000614568
-0.000592758
-0.000571164
-0.00054982
-0.000528757
-0.000508004
-0.000487589
-0.000467538
-0.000447874
-0.000428619
-0.00040979
-0.000391407
-0.000373483
-0.000356032
-0.000339065
-0.000322592
-0.000306619
-0.000291153
-0.000276197
-0.000261754
-0.000247823
-0.000234405
-0.000221497
-0.000209096
-0.000197196
-0.000185792
-0.000174877
-0.000164442
-0.000154479
-0.000144978
-0.000135929
-0.00012732
-0.000119139
-0.000111376
-0.000104017
-9.7049e-05
-9.04596e-05
-8.42353e-05
-7.83627e-05
-7.28284e-05
-6.76189e-05
-6.27208e-05
-5.81206e-05
-5.38053e-05
-4.97618e-05
-4.59772e-05
-4.2439e-05
-3.91348e-05
-3.60527e-05
-3.31809e-05
-3.0508e-05
-2.80231e-05
-2.57154e-05
-2.35748e-05
-2.15912e-05
-1.97552e-05
-1.80578e-05
-1.649e-05
-1.50437e-05
-1.37108e-05
-1.24838e-05
-1.13556e-05
-1.03192e-05
-9.36824e-06
-8.49662e-06
-7.69858e-06
-6.96869e-06
-6.30183e-06
-5.69323e-06
-5.13839e-06
-4.63309e-06
-4.1734e-06
-3.75565e-06
-3.37642e-06
-3.03252e-06
-2.72099e-06
-2.43908e-06
-2.18425e-06
-1.95412e-06
-1.74654e-06
-1.55949e-06
-1.39111e-06
-1.23969e-06
-1.10368e-06
-9.81636e-07
-8.72233e-07
-7.74267e-07
-6.86632e-07
-6.08323e-07
-5.38418e-07
-4.76081e-07
-4.20551e-07
-3.71135e-07
-3.27205e-07
-2.88194e-07
-2.53587e-07
-2.22917e-07
-1.95765e-07
-1.71753e-07
-1.50539e-07
-1.31816e-07
-1.15309e-07
-1.00771e-07
-8.79802e-08
-7.67377e-08
-6.68665e-08
-5.82082e-08
-5.06215e-08
-4.39808e-08
-3.81739e-08
-3.31013e-08
-2.86748e-08
-2.4816e-08
-2.14555e-08
-1.85319e-08
-1.59911e-08
-1.37852e-08
-1.1872e-08
-1.02143e-08
-8.77954e-09
-7.53893e-09
-6.46731e-09
-5.5426e-09
-4.74547e-09
-4.05901e-09
-3.46847e-09
-2.96095e-09
-2.52523e-09
-2.15152e-09
-1.83133e-09
-1.55727e-09
-1.32293e-09
-1.12275e-09
-9.51938e-10
-8.06323e-10
-6.82315e-10
-5.76816e-10
-4.87153e-10
-4.11026e-10
-3.46457e-10
-2.91746e-10
-2.45435e-10
-2.06273e-10
-1.73192e-10
-1.45273e-10
-1.21737e-10
-1.01914e-10
-8.52351e-11
-7.12166e-11
-5.94456e-11
-4.95718e-11
-4.12976e-11
-3.43709e-11
-2.85781e-11
-2.37384e-11
-1.9699e-11
-0.000167032
-0.000177631
-0.000188718
-0.000200302
-0.000212389
-0.000224986
-0.000238097
-0.000251726
-0.000265876
-0.000280546
-0.000295738
-0.000311448
-0.000327672
-0.000344405
-0.000361639
-0.000379364
-0.00039757
-0.000416244
-0.000435368
-0.000454927
-0.000474901
-0.000495268
-0.000516004
-0.000537083
-0.000558478
-0.000580159
-0.000602093
-0.000624246
-0.000646582
-0.000669064
-0.000691652
-0.000714305
-0.000736979
-0.000759631
-0.000782215
-0.000804684
-0.000826991
-0.000849087
-0.000870921
-0.000892446
-0.00091361
-0.000934362
-0.000954654
-0.000974434
-0.000993653
-0.00101226
-0.00103021
-0.00104746
-0.00106395
-0.00107965
-0.00109452
-0.0011085
-0.00112157
-0.00113368
-0.0011448
-0.00115491
-0.00116397
-0.00117195
-0.00117884
-0.00118461
-0.00118925
-0.00119274
-0.00119507
-0.00119624
-0.00119624
-0.00119507
-0.00119274
-0.00118925
-0.00118461
-0.00117884
-0.00117195
-0.00116397
-0.00115491
-0.0011448
-0.00113368
-0.00112157
-0.0011085
-0.00109452
-0.00107965
-0.00106395
-0.00104746
-0.00103021
-0.00101226
-0.000993653
-0.000974434
-0.000954654
-0.000934362
-0.00091361
-0.000892446
-0.000870921
-0.000849087
-0.000826991
-0.000804684
-0.000782215
-0.000759631
-0.000736979
-0.000714305
-0.000691652
-0.000669064
-0.000646582
-0.000624246
-0.000602093
-0.000580159
-0.000558478
-0.000537083
-0.000516004
-0.000495268
-0.000474901
-0.000454927
-0.000435368
-0.000416244
-0.00039757
-0.000379364
-0.000361639
-0.000344405
-0.000327672
-0.000311448
-0.000295738
-0.000280546
-0.000265876
-0.000251726
-0.000238097
-0.000224986
-0.000212389
-0.000200302
-0.000188718
-0.000177631
-0.000167032
-0.000156912
-0.000147261
-0.000138069
-0.000129325
-0.000121016
-0.00011313
-0.000105655
-9.85773e-05
-9.18841e-05
-8.55618e-05
-7.95968e-05
-7.39753e-05
-6.86838e-05
-6.37085e-05
-5.90359e-05
-5.46526e-05
-5.05454e-05
-4.67012e-05
-4.31073e-05
-3.97511e-05
-3.66204e-05
-3.37034e-05
-3.09884e-05
-2.84644e-05
-2.61204e-05
-2.3946e-05
-2.19312e-05
-2.00663e-05
-1.83421e-05
-1.67497e-05
-1.52806e-05
-1.39267e-05
-1.26804e-05
-1.15344e-05
-1.04817e-05
-9.51577e-06
-8.63043e-06
-7.81982e-06
-7.07843e-06
-6.40107e-06
-5.78289e-06
-5.2193e-06
-4.70605e-06
-4.23912e-06
-3.8148e-06
-3.4296e-06
-3.08028e-06
-2.76384e-06
-2.47749e-06
-2.21864e-06
-1.9849e-06
-1.77405e-06
-1.58404e-06
-1.41301e-06
-1.25922e-06
-1.12106e-06
-9.97095e-07
-8.85969e-07
-7.8646e-07
-6.97445e-07
-6.17902e-07
-5.46897e-07
-4.83578e-07
-4.27173e-07
-3.76979e-07
-3.32358e-07
-2.92733e-07
-2.5758e-07
-2.26427e-07
-1.98848e-07
-1.74458e-07
-1.52909e-07
-1.33892e-07
-1.17125e-07
-1.02358e-07
-8.93657e-08
-7.79461e-08
-6.79195e-08
-5.91248e-08
-5.14187e-08
-4.46734e-08
-3.8775e-08
-3.36226e-08
-2.91263e-08
-2.52067e-08
-2.17933e-08
-1.88238e-08
-1.62429e-08
-1.40023e-08
-1.20589e-08
-1.03752e-08
-8.9178e-09
-7.65765e-09
-6.56915e-09
-5.62988e-09
-4.8202e-09
-4.12293e-09
-3.52309e-09
-3.00758e-09
-2.56499e-09
-2.1854e-09
-1.86017e-09
-1.58179e-09
-1.34376e-09
-1.14043e-09
-9.66929e-10
-8.19021e-10
-6.9306e-10
-5.85899e-10
-4.94824e-10
-4.17499e-10
-3.51913e-10
-2.9634e-10
-2.493e-10
-2.09522e-10
-1.75919e-10
-1.47561e-10
-1.23654e-10
-1.03518e-10
-8.65774e-11
-7.23381e-11
-6.03818e-11
-5.03524e-11
-4.19479e-11
-3.49122e-11
-2.90281e-11
-2.41122e-11
-2.00093e-11
-0.000169497
-0.000180252
-0.000191503
-0.000203257
-0.000215523
-0.000228305
-0.00024161
-0.00025544
-0.000269799
-0.000284686
-0.000300102
-0.000316043
-0.000332507
-0.000349487
-0.000366975
-0.000384962
-0.000403437
-0.000422386
-0.000441793
-0.00046164
-0.000481909
-0.000502576
-0.000523618
-0.000545009
-0.000566719
-0.00058872
-0.000610977
-0.000633457
-0.000656123
-0.000678937
-0.000701858
-0.000724845
-0.000747854
-0.00077084
-0.000793758
-0.000816559
-0.000839194
-0.000861616
-0.000883773
-0.000905615
-0.000927091
-0.00094815
-0.000968741
-0.000988813
-0.00100832
-0.0010272
-0.00104541
-0.00106292
-0.00107965
-0.00109559
-0.00111067
-0.00112486
-0.00113812
-0.00115041
-0.0011617
-0.00117195
-0.00118114
-0.00118925
-0.00119624
-0.00120209
-0.0012068
-0.00121034
-0.0012127
-0.00121389
-0.00121389
-0.0012127
-0.00121034
-0.0012068
-0.00120209
-0.00119624
-0.00118925
-0.00118114
-0.00117195
-0.0011617
-0.00115041
-0.00113812
-0.00112486
-0.00111067
-0.00109559
-0.00107965
-0.00106292
-0.00104541
-0.0010272
-0.00100832
-0.000988813
-0.000968741
-0.00094815
-0.000927091
-0.000905615
-0.000883773
-0.000861616
-0.000839194
-0.000816559
-0.000793758
-0.00077084
-0.000747854
-0.000724845
-0.000701858
-0.000678937
-0.000656123
-0.000633457
-0.000610977
-0.00058872
-0.000566719
-0.000545009
-0.000523618
-0.000502576
-0.000481909
-0.00046164
-0.000441793
-0.000422386
-0.000403437
-0.000384962
-0.000366975
-0.000349487
-0.000332507
-0.000316043
-0.000300102
-0.000284686
-0.000269799
-0.00025544
-0.00024161
-0.000228305
-0.000215523
-0.000203257
-0.000191503
-0.000180252
-0.000169497
-0.000159227
-0.000149434
-0.000140107
-0.000131233
-0.000122801
-0.000114799
-0.000107214
-0.000100032
-9.324e-05
-8.68244e-05
-8.07713e-05
-7.50669e-05
-6.96973e-05
-6.46486e-05
-5.9907e-05
-5.54591e-05
-5.12913e-05
-4.73904e-05
-4.37434e-05
-4.03377e-05
-3.71608e-05
-3.42007e-05
-3.14457e-05
-2.88844e-05
-2.65058e-05
-2.42994e-05
-2.22548e-05
-2.03624e-05
-1.86128e-05
-1.69969e-05
-1.55061e-05
-1.41322e-05
-1.28675e-05
-1.17046e-05
-1.06364e-05
-9.65618e-06
-8.75778e-06
-7.93521e-06
-7.18288e-06
-6.49553e-06
-5.86822e-06
-5.29632e-06
-4.77549e-06
-4.30168e-06
-3.87109e-06
-3.4802e-06
-3.12573e-06
-2.80463e-06
-2.51405e-06
-2.25138e-06
-2.01419e-06
-1.80022e-06
-1.60742e-06
-1.43386e-06
-1.2778e-06
-1.13761e-06
-1.01181e-06
-8.99043e-07
-7.98065e-07
-7.07737e-07
-6.2702e-07
-5.54967e-07
-4.90714e-07
-4.33477e-07
-3.82542e-07
-3.37263e-07
-2.97052e-07
-2.61381e-07
-2.29769e-07
-2.01782e-07
-1.77032e-07
-1.55166e-07
-1.35868e-07
-1.18854e-07
-1.03869e-07
-9.06844e-08
-7.90963e-08
-6.89217e-08
-5.99973e-08
-5.21775e-08
-4.53326e-08
-3.93472e-08
-3.41187e-08
-2.95561e-08
-2.55787e-08
-2.21149e-08
-1.91015e-08
-1.64826e-08
-1.42089e-08
-1.22369e-08
-1.05283e-08
-9.04939e-09
-7.77065e-09
-6.66609e-09
-5.71296e-09
-4.89133e-09
-4.18377e-09
-3.57508e-09
-3.05196e-09
-2.60284e-09
-2.21765e-09
-1.88762e-09
-1.60513e-09
-1.36359e-09
-1.15726e-09
-9.81197e-10
-8.31106e-10
-7.03287e-10
-5.94545e-10
-5.02126e-10
-4.23659e-10
-3.57105e-10
-3.00713e-10
-2.52978e-10
-2.12614e-10
-1.78515e-10
-1.49738e-10
-1.25478e-10
-1.05046e-10
-8.7855e-11
-7.34056e-11
-6.12728e-11
-5.10954e-11
-4.25669e-11
-3.54274e-11
-2.94565e-11
-2.4468e-11
-2.03045e-11
-0.00017183
-0.000182733
-0.000194139
-0.000206055
-0.00021849
-0.000231448
-0.000244936
-0.000258957
-0.000273513
-0.000288605
-0.000304233
-0.000320394
-0.000337084
-0.000354298
-0.000372027
-0.000390262
-0.000408991
-0.0004282
-0.000447874
-0.000467995
-0.000488543
-0.000509494
-0.000530826
-0.000552511
-0.000574521
-0.000596824
-0.000619388
-0.000642177
-0.000665155
-0.000688283
-0.00071152
-0.000734823
-0.000758149
-0.000781452
-0.000804684
-0.000827799
-0.000850747
-0.000873477
-0.000895939
-0.000918081
-0.000939853
-0.000961202
-0.000982076
-0.00100242
-0.0010222
-0.00104134
-0.00105981
-0.00107755
-0.00109452
-0.00111067
-0.00112596
-0.00114034
-0.00115378
-0.00116624
-0.00117769
-0.00118809
-0.0011974
-0.00120562
-0.0012127
-0.00121864
-0.00122341
-0.001227
-0.0012294
-0.0012306
-0.0012306
-0.0012294
-0.001227
-0.00122341
-0.00121864
-0.0012127
-0.00120562
-0.0011974
-0.00118809
-0.00117769
-0.00116624
-0.00115378
-0.00114034
-0.00112596
-0.00111067
-0.00109452
-0.00107755
-0.00105981
-0.00104134
-0.0010222
-0.00100242
-0.000982076
-0.000961202
-0.000939853
-0.000918081
-0.000895939
-0.000873477
-0.000850747
-0.000827799
-0.000804684
-0.000781452
-0.000758149
-0.000734823
-0.00071152
-0.000688283
-0.000665155
-0.000642177
-0.000619388
-0.000596824
-0.000574521
-0.000552511
-0.000530826
-0.000509494
-0.000488543
-0.000467995
-0.000447874
-0.0004282
-0.000408991
-0.000390262
-0.000372027
-0.000354298
-0.000337084
-0.000320394
-0.000304233
-0.000288605
-0.000273513
-0.000258957
-0.000244936
-0.000231448
-0.00021849
-0.000206055
-0.000194139
-0.000182733
-0.00017183
-0.000161419
-0.000151491
-0.000142035
-0.000133039
-0.000124492
-0.00011638
-0.00010869
-0.000101409
-9.45235e-05
-8.80196e-05
-8.18832e-05
-7.61003e-05
-7.06567e-05
-6.55385e-05
-6.07317e-05
-5.62225e-05
-5.19973e-05
-4.80427e-05
-4.43456e-05
-4.0893e-05
-3.76724e-05
-3.46715e-05
-3.18786e-05
-2.9282e-05
-2.68707e-05
-2.46339e-05
-2.25612e-05
-2.06428e-05
-1.8869e-05
-1.72308e-05
-1.57195e-05
-1.43268e-05
-1.30447e-05
-1.18657e-05
-1.07828e-05
-9.78911e-06
-8.87834e-06
-8.04444e-06
-7.28176e-06
-6.58495e-06
-5.949e-06
-5.36923e-06
-4.84123e-06
-4.36089e-06
-3.92438e-06
-3.52811e-06
-3.16876e-06
-2.84323e-06
-2.54866e-06
-2.28237e-06
-2.04191e-06
-1.82501e-06
-1.62955e-06
-1.4536e-06
-1.29539e-06
-1.15327e-06
-1.02574e-06
-9.11419e-07
-8.09051e-07
-7.1748e-07
-6.35652e-07
-5.62606e-07
-4.97469e-07
-4.39444e-07
-3.87808e-07
-3.41905e-07
-3.01142e-07
-2.64979e-07
-2.32932e-07
-2.0456e-07
-1.79469e-07
-1.57302e-07
-1.37738e-07
-1.2049e-07
-1.05299e-07
-9.19327e-08
-8.01851e-08
-6.98705e-08
-6.08232e-08
-5.28957e-08
-4.59566e-08
-3.98888e-08
-3.45884e-08
-2.9963e-08
-2.59308e-08
-2.24193e-08
-1.93645e-08
-1.67095e-08
-1.44045e-08
-1.24053e-08
-1.06732e-08
-9.17396e-09
-7.87762e-09
-6.75785e-09
-5.7916e-09
-4.95866e-09
-4.24136e-09
-3.62429e-09
-3.09397e-09
-2.63867e-09
-2.24818e-09
-1.9136e-09
-1.62723e-09
-1.38236e-09
-1.17319e-09
-9.94704e-10
-8.42547e-10
-7.12969e-10
-6.0273e-10
-5.09038e-10
-4.29491e-10
-3.62021e-10
-3.04852e-10
-2.56461e-10
-2.1554e-10
-1.80972e-10
-1.518e-10
-1.27206e-10
-1.06492e-10
-8.90644e-11
-7.44161e-11
-6.21162e-11
-5.17988e-11
-4.31529e-11
-3.5915e-11
-2.9862e-11
-2.48048e-11
-2.0584e-11
-0.000174025
-0.000185068
-0.00019662
-0.000208688
-0.000221281
-0.000234405
-0.000248065
-0.000262265
-0.000277007
-0.000292292
-0.00030812
-0.000324488
-0.000341391
-0.000358824
-0.00037678
-0.000395248
-0.000414216
-0.000433671
-0.000453596
-0.000473974
-0.000494784
-0.000516004
-0.000537608
-0.00055957
-0.000581861
-0.000604449
-0.000627301
-0.000650382
-0.000673653
-0.000697077
-0.00072061
-0.000744211
-0.000767835
-0.000791436
-0.000814965
-0.000838375
-0.000861616
-0.000884636
-0.000907385
-0.000929811
-0.000951861
-0.000973483
-0.000994623
-0.00101523
-0.00103526
-0.00105464
-0.00107335
-0.00109131
-0.0011085
-0.00112486
-0.00114034
-0.00115491
-0.00116852
-0.00118114
-0.00119274
-0.00120326
-0.0012127
-0.00122102
-0.0012282
-0.00123421
-0.00123904
-0.00124267
-0.0012451
-0.00124632
-0.00124632
-0.0012451
-0.00124267
-0.00123904
-0.00123421
-0.0012282
-0.00122102
-0.0012127
-0.00120326
-0.00119274
-0.00118114
-0.00116852
-0.00115491
-0.00114034
-0.00112486
-0.0011085
-0.00109131
-0.00107335
-0.00105464
-0.00103526
-0.00101523
-0.000994623
-0.000973483
-0.000951861
-0.000929811
-0.000907385
-0.000884636
-0.000861616
-0.000838375
-0.000814965
-0.000791436
-0.000767835
-0.000744211
-0.00072061
-0.000697077
-0.000673653
-0.000650382
-0.000627301
-0.000604449
-0.000581861
-0.00055957
-0.000537608
-0.000516004
-0.000494784
-0.000473974
-0.000453596
-0.000433671
-0.000414216
-0.000395248
-0.00037678
-0.000358824
-0.000341391
-0.000324488
-0.00030812
-0.000292292
-0.000277007
-0.000262265
-0.000248065
-0.000234405
-0.000221281
-0.000208688
-0.00019662
-0.000185068
-0.000174025
-0.000163482
-0.000153427
-0.00014385
-0.000134739
-0.000126082
-0.000117866
-0.000110078
-0.000102705
-9.57312e-05
-8.91442e-05
-8.29294e-05
-7.70725e-05
-7.15594e-05
-6.63758e-05
-6.15076e-05
-5.69408e-05
-5.26617e-05
-4.86565e-05
-4.49121e-05
-4.14154e-05
-3.81537e-05
-3.51145e-05
-3.22859e-05
-2.96561e-05
-2.7214e-05
-2.49486e-05
-2.28494e-05
-2.09065e-05
-1.91101e-05
-1.7451e-05
-1.59204e-05
-1.45098e-05
-1.32113e-05
-1.20173e-05
-1.09205e-05
-9.91418e-06
-8.99177e-06
-8.14722e-06
-7.37479e-06
-6.66908e-06
-6.02501e-06
-5.43783e-06
-4.90308e-06
-4.41661e-06
-3.97452e-06
-3.57319e-06
-3.20925e-06
-2.87956e-06
-2.58122e-06
-2.31153e-06
-2.068e-06
-1.84832e-06
-1.65037e-06
-1.47217e-06
-1.31194e-06
-1.168e-06
-1.03884e-06
-9.23063e-07
-8.19387e-07
-7.26646e-07
-6.43773e-07
-5.69794e-07
-5.03825e-07
-4.45058e-07
-3.92763e-07
-3.46273e-07
-3.04989e-07
-2.68364e-07
-2.35908e-07
-2.07174e-07
-1.81762e-07
-1.59312e-07
-1.39498e-07
-1.22029e-07
-1.06644e-07
-9.31073e-08
-8.12096e-08
-7.07631e-08
-6.16003e-08
-5.35715e-08
-4.65438e-08
-4.03984e-08
-3.50303e-08
-3.03458e-08
-2.62621e-08
-2.27058e-08
-1.96119e-08
-1.6923e-08
-1.45885e-08
-1.25638e-08
-1.08096e-08
-9.29117e-09
-7.97827e-09
-6.84419e-09
-5.86559e-09
-5.02201e-09
-4.29555e-09
-3.6706e-09
-3.1335e-09
-2.67238e-09
-2.2769e-09
-1.93805e-09
-1.64802e-09
-1.40002e-09
-1.18818e-09
-1.00741e-09
-8.53312e-10
-7.22078e-10
-6.1043e-10
-5.15542e-10
-4.34979e-10
-3.66647e-10
-3.08747e-10
-2.59738e-10
-2.18294e-10
-1.83284e-10
-1.53739e-10
-1.28831e-10
-1.07853e-10
-9.02023e-11
-7.53668e-11
-6.29099e-11
-5.24606e-11
-4.37042e-11
-3.63739e-11
-3.02435e-11
-2.51218e-11
-2.0847e-11
-0.000176077
-0.00018725
-0.000198937
-0.000211148
-0.00022389
-0.000237168
-0.000250989
-0.000265357
-0.000280273
-0.000295738
-0.000311752
-0.000328312
-0.000345415
-0.000363054
-0.000381221
-0.000399907
-0.000419099
-0.000438783
-0.000458943
-0.000479561
-0.000500617
-0.000522086
-0.000543945
-0.000566166
-0.00058872
-0.000611574
-0.000634696
-0.000658048
-0.000681594
-0.000705294
-0.000729105
-0.000752984
-0.000776886
-0.000800765
-0.000824572
-0.000848258
-0.000871772
-0.000895064
-0.000918081
-0.000940771
-0.000963081
-0.000984958
-0.00100635
-0.0010272
-0.00104746
-0.00106708
-0.001086
-0.00110418
-0.00112157
-0.00113812
-0.00115378
-0.00116852
-0.0011823
-0.00119507
-0.0012068
-0.00121745
-0.001227
-0.00123541
-0.00124267
-0.00124876
-0.00125364
-0.00125732
-0.00125978
-0.00126101
-0.00126101
-0.00125978
-0.00125732
-0.00125364
-0.00124876
-0.00124267
-0.00123541
-0.001227
-0.00121745
-0.0012068
-0.00119507
-0.0011823
-0.00116852
-0.00115378
-0.00113812
-0.00112157
-0.00110418
-0.001086
-0.00106708
-0.00104746
-0.0010272
-0.00100635
-0.000984958
-0.000963081
-0.000940771
-0.000918081
-0.000895064
-0.000871772
-0.000848258
-0.000824572
-0.000800765
-0.000776886
-0.000752984
-0.000729105
-0.000705294
-0.000681594
-0.000658048
-0.000634696
-0.000611574
-0.00058872
-0.000566166
-0.000543945
-0.000522086
-0.000500617
-0.000479561
-0.000458943
-0.000438783
-0.000419099
-0.000399907
-0.000381221
-0.000363054
-0.000345415
-0.000328312
-0.000311752
-0.000295738
-0.000280273
-0.000265357
-0.000250989
-0.000237168
-0.00022389
-0.000211148
-0.000198937
-0.00018725
-0.000176077
-0.000165409
-0.000155235
-0.000145546
-0.000136327
-0.000127568
-0.000119256
-0.000111376
-0.000103915
-9.68596e-05
-9.0195e-05
-8.39069e-05
-7.7981e-05
-7.24029e-05
-6.71582e-05
-6.22327e-05
-5.7612e-05
-5.32824e-05
-4.92301e-05
-4.54415e-05
-4.19036e-05
-3.86034e-05
-3.55284e-05
-3.26665e-05
-3.00057e-05
-2.75348e-05
-2.52427e-05
-2.31188e-05
-2.11529e-05
-1.93353e-05
-1.76567e-05
-1.6108e-05
-1.46808e-05
-1.33671e-05
-1.2159e-05
-1.10493e-05
-1.0031e-05
-9.09776e-06
-8.24326e-06
-7.46172e-06
-6.74769e-06
-6.09603e-06
-5.50193e-06
-4.96088e-06
-4.46867e-06
-4.02137e-06
-3.61531e-06
-3.24708e-06
-2.9135e-06
-2.61165e-06
-2.33878e-06
-2.09238e-06
-1.87011e-06
-1.66982e-06
-1.48953e-06
-1.3274e-06
-1.18177e-06
-1.05109e-06
-9.33944e-07
-8.29046e-07
-7.35212e-07
-6.51362e-07
-5.76511e-07
-5.09764e-07
-4.50305e-07
-3.97392e-07
-3.50355e-07
-3.08584e-07
-2.71528e-07
-2.38688e-07
-2.09616e-07
-1.83904e-07
-1.61189e-07
-1.41142e-07
-1.23468e-07
-1.07901e-07
-9.42048e-08
-8.21669e-08
-7.15973e-08
-6.23264e-08
-5.4203e-08
-4.70924e-08
-4.08747e-08
-3.54432e-08
-3.07035e-08
-2.65717e-08
-2.29734e-08
-1.98431e-08
-1.71225e-08
-1.47605e-08
-1.27119e-08
-1.0937e-08
-9.40069e-09
-8.07231e-09
-6.92487e-09
-5.93474e-09
-5.08121e-09
-4.34619e-09
-3.71386e-09
-3.17044e-09
-2.70389e-09
-2.30374e-09
-1.96089e-09
-1.66744e-09
-1.41652e-09
-1.20219e-09
-1.01929e-09
-8.6337e-10
-7.30589e-10
-6.17626e-10
-5.21619e-10
-4.40106e-10
-3.70968e-10
-3.12387e-10
-2.62799e-10
-2.20867e-10
-1.85445e-10
-1.55551e-10
-1.30349e-10
-1.09124e-10
-9.12655e-11
-7.62552e-11
-6.36514e-11
-5.3079e-11
-4.42194e-11
-3.68027e-11
-3.06e-11
-2.54179e-11
-2.10928e-11
-0.000177978
-0.000189272
-0.000201086
-0.000213428
-0.000226308
-0.00023973
-0.0002537
-0.000268223
-0.0002833
-0.000298932
-0.000315119
-0.000331858
-0.000349146
-0.000366975
-0.000385338
-0.000404226
-0.000423625
-0.000443522
-0.0004639
-0.000484741
-0.000506023
-0.000527725
-0.00054982
-0.000572281
-0.000595078
-0.000618179
-0.00064155
-0.000665155
-0.000688956
-0.000712911
-0.000736979
-0.000761116
-0.000785277
-0.000809413
-0.000833477
-0.000857419
-0.000881188
-0.000904731
-0.000927997
-0.000950932
-0.000973483
-0.000995595
-0.00101722
-0.00103829
-0.00105877
-0.0010786
-0.00109773
-0.0011161
-0.00113368
-0.00115041
-0.00116624
-0.00118114
-0.00119507
-0.00120797
-0.00121983
-0.0012306
-0.00124025
-0.00124876
-0.00125609
-0.00126224
-0.00126718
-0.0012709
-0.00127339
-0.00127463
-0.00127463
-0.00127339
-0.0012709
-0.00126718
-0.00126224
-0.00125609
-0.00124876
-0.00124025
-0.0012306
-0.00121983
-0.00120797
-0.00119507
-0.00118114
-0.00116624
-0.00115041
-0.00113368
-0.0011161
-0.00109773
-0.0010786
-0.00105877
-0.00103829
-0.00101722
-0.000995595
-0.000973483
-0.000950932
-0.000927997
-0.000904731
-0.000881188
-0.000857419
-0.000833477
-0.000809413
-0.000785277
-0.000761116
-0.000736979
-0.000712911
-0.000688956
-0.000665155
-0.00064155
-0.000618179
-0.000595078
-0.000572281
-0.00054982
-0.000527725
-0.000506023
-0.000484741
-0.0004639
-0.000443522
-0.000423625
-0.000404226
-0.000385338
-0.000366975
-0.000349146
-0.000331858
-0.000315119
-0.000298932
-0.0002833
-0.000268223
-0.0002537
-0.00023973
-0.000226308
-0.000213428
-0.000201086
-0.000189272
-0.000177978
-0.000167195
-0.000156912
-0.000147117
-0.0001378
-0.000128946
-0.000120544
-0.000112579
-0.000105037
-9.79057e-05
-9.11691e-05
-8.48131e-05
-7.88232e-05
-7.31849e-05
-6.78836e-05
-6.29048e-05
-5.82342e-05
-5.38579e-05
-4.97618e-05
-4.59323e-05
-4.23562e-05
-3.90203e-05
-3.59121e-05
-3.30193e-05
-3.03298e-05
-2.78322e-05
-2.55153e-05
-2.33685e-05
-2.13814e-05
-1.95442e-05
-1.78474e-05
-1.6282e-05
-1.48394e-05
-1.35114e-05
-1.22903e-05
-1.11686e-05
-1.01394e-05
-9.19602e-06
-8.33228e-06
-7.54231e-06
-6.82057e-06
-6.16187e-06
-5.56135e-06
-5.01446e-06
-4.51693e-06
-4.0648e-06
-3.65435e-06
-3.28214e-06
-2.94497e-06
-2.63985e-06
-2.36404e-06
-2.11498e-06
-1.89031e-06
-1.68785e-06
-1.50561e-06
-1.34174e-06
-1.19453e-06
-1.06244e-06
-9.44031e-07
-8.38e-07
-7.43152e-07
-6.58396e-07
-5.82737e-07
-5.15269e-07
-4.55168e-07
-4.01684e-07
-3.54139e-07
-3.11917e-07
-2.7446e-07
-2.41266e-07
-2.1188e-07
-1.85891e-07
-1.6293e-07
-1.42667e-07
-1.24801e-07
-1.09066e-07
-9.52222e-08
-8.30543e-08
-7.23705e-08
-6.29995e-08
-5.47884e-08
-4.7601e-08
-4.13161e-08
-3.5826e-08
-3.10351e-08
-2.68587e-08
-2.32215e-08
-2.00574e-08
-1.73074e-08
-1.49199e-08
-1.28492e-08
-1.10551e-08
-9.50222e-09
-8.15949e-09
-6.99966e-09
-5.99883e-09
-5.13609e-09
-4.39313e-09
-3.75397e-09
-3.20468e-09
-2.73309e-09
-2.32862e-09
-1.98207e-09
-1.68545e-09
-1.43182e-09
-1.21517e-09
-1.0303e-09
-8.72695e-10
-7.3848e-10
-6.24296e-10
-5.27252e-10
-4.44859e-10
-3.74975e-10
-3.15761e-10
-2.65637e-10
-2.23253e-10
-1.87448e-10
-1.57231e-10
-1.31757e-10
-1.10302e-10
-9.22512e-11
-7.70788e-11
-6.43389e-11
-5.36522e-11
-4.4697e-11
-3.72001e-11
-3.09305e-11
-2.56924e-11
-2.13206e-11
-0.000179725
-0.000191129
-0.000203059
-0.000215523
-0.000228529
-0.000242082
-0.00025619
-0.000270855
-0.00028608
-0.000301865
-0.000318211
-0.000335115
-0.000352572
-0.000370576
-0.00038912
-0.000408193
-0.000427782
-0.000447874
-0.000468452
-0.000489498
-0.000510989
-0.000532904
-0.000555216
-0.000577897
-0.000600918
-0.000624246
-0.000647846
-0.000671683
-0.000695717
-0.000719907
-0.000744211
-0.000768585
-0.000792983
-0.000817356
-0.000841657
-0.000865833
-0.000889835
-0.00091361
-0.000937104
-0.000960264
-0.000983036
-0.00100537
-0.0010272
-0.00104848
-0.00106916
-0.00108918
-0.0011085
-0.00112706
-0.0011448
-0.0011617
-0.00117769
-0.00119274
-0.0012068
-0.00121983
-0.0012318
-0.00124267
-0.00125242
-0.00126101
-0.00126842
-0.00127463
-0.00127962
-0.00128337
-0.00128588
-0.00128714
-0.00128714
-0.00128588
-0.00128337
-0.00127962
-0.00127463
-0.00126842
-0.00126101
-0.00125242
-0.00124267
-0.0012318
-0.00121983
-0.0012068
-0.00119274
-0.00117769
-0.0011617
-0.0011448
-0.00112706
-0.0011085
-0.00108918
-0.00106916
-0.00104848
-0.0010272
-0.00100537
-0.000983036
-0.000960264
-0.000937104
-0.00091361
-0.000889835
-0.000865833
-0.000841657
-0.000817356
-0.000792983
-0.000768585
-0.000744211
-0.000719907
-0.000695717
-0.000671683
-0.000647846
-0.000624246
-0.000600918
-0.000577897
-0.000555216
-0.000532904
-0.000510989
-0.000489498
-0.000468452
-0.000447874
-0.000427782
-0.000408193
-0.00038912
-0.000370576
-0.000352572
-0.000335115
-0.000318211
-0.000301865
-0.00028608
-0.000270855
-0.00025619
-0.000242082
-0.000228529
-0.000215523
-0.000203059
-0.000191129
-0.000179725
-0.000168836
-0.000158452
-0.000148561
-0.000139152
-0.000130212
-0.000121727
-0.000113684
-0.000106068
-9.88665e-05
-9.20638e-05
-8.56454e-05
-7.95968e-05
-7.39031e-05
-6.85497e-05
-6.35221e-05
-5.88057e-05
-5.43864e-05
-5.02501e-05
-4.63831e-05
-4.27718e-05
-3.94033e-05
-3.62646e-05
-3.33433e-05
-3.06274e-05
-2.81053e-05
-2.57657e-05
-2.35978e-05
-2.15912e-05
-1.9736e-05
-1.80225e-05
-1.64418e-05
-1.4985e-05
-1.3644e-05
-1.24109e-05
-1.12782e-05
-1.02389e-05
-9.28626e-06
-8.41405e-06
-7.61632e-06
-6.8875e-06
-6.22234e-06
-5.61593e-06
-5.06367e-06
-4.56126e-06
-4.10469e-06
-3.69021e-06
-3.31435e-06
-2.97387e-06
-2.66576e-06
-2.38724e-06
-2.13573e-06
-1.90886e-06
-1.70442e-06
-1.52039e-06
-1.35491e-06
-1.20625e-06
-1.07287e-06
-9.53295e-07
-8.46224e-07
-7.50445e-07
-6.64857e-07
-5.88456e-07
-5.20326e-07
-4.59635e-07
-4.05626e-07
-3.57614e-07
-3.14978e-07
-2.77154e-07
-2.43634e-07
-2.13959e-07
-1.87715e-07
-1.64529e-07
-1.44067e-07
-1.26026e-07
-1.10137e-07
-9.61567e-08
-8.38693e-08
-7.30807e-08
-6.36178e-08
-5.53261e-08
-4.80681e-08
-4.17216e-08
-3.61776e-08
-3.13397e-08
-2.71222e-08
-2.34494e-08
-2.02542e-08
-1.74773e-08
-1.50663e-08
-1.29753e-08
-1.11636e-08
-9.59547e-09
-8.23957e-09
-7.06835e-09
-6.0577e-09
-5.18649e-09
-4.43624e-09
-3.79081e-09
-3.23613e-09
-2.75991e-09
-2.35147e-09
-2.00152e-09
-1.70199e-09
-1.44587e-09
-1.2271e-09
-1.04041e-09
-8.81259e-10
-7.45727e-10
-6.30423e-10
-5.32427e-10
-4.49225e-10
-3.78655e-10
-3.18859e-10
-2.68244e-10
-2.25444e-10
-1.89287e-10
-1.58774e-10
-1.3305e-10
-1.11385e-10
-9.31565e-11
-7.78352e-11
-6.49702e-11
-5.41788e-11
-4.51356e-11
-3.75652e-11
-3.1234e-11
-2.59445e-11
-2.15298e-11
-0.000181311
-0.000192817
-0.000204852
-0.000217426
-0.000230546
-0.000244219
-0.000258451
-0.000273246
-0.000288605
-0.00030453
-0.00032102
-0.000338073
-0.000355684
-0.000373848
-0.000392555
-0.000411796
-0.000431559
-0.000451828
-0.000472588
-0.000493819
-0.0005155
-0.000537608
-0.000560117
-0.000582998
-0.000606222
-0.000629756
-0.000653565
-0.000677612
-0.000701858
-0.000726262
-0.000750781
-0.00077537
-0.000799983
-0.000824572
-0.000849087
-0.000873477
-0.00089769
-0.000921675
-0.000945376
-0.000968741
-0.000991714
-0.00101424
-0.00103627
-0.00105774
-0.0010786
-0.0010988
-0.00111829
-0.00113701
-0.00115491
-0.00117195
-0.00118809
-0.00120326
-0.00121745
-0.0012306
-0.00124267
-0.00125364
-0.00126348
-0.00127214
-0.00127962
-0.00128588
-0.00129091
-0.0012947
-0.00129723
-0.0012985
-0.0012985
-0.00129723
-0.0012947
-0.00129091
-0.00128588
-0.00127962
-0.00127214
-0.00126348
-0.00125364
-0.00124267
-0.0012306
-0.00121745
-0.00120326
-0.00118809
-0.00117195
-0.00115491
-0.00113701
-0.00111829
-0.0010988
-0.0010786
-0.00105774
-0.00103627
-0.00101424
-0.000991714
-0.000968741
-0.000945376
-0.000921675
-0.00089769
-0.000873477
-0.000849087
-0.000824572
-0.000799983
-0.00077537
-0.000750781
-0.000726262
-0.000701858
-0.000677612
-0.000653565
-0.000629756
-0.000606222
-0.000582998
-0.000560117
-0.000537608
-0.0005155
-0.000493819
-0.000472588
-0.000451828
-0.000431559
-0.000411796
-0.000392555
-0.000373848
-0.000355684
-0.000338073
-0.00032102
-0.00030453
-0.000288605
-0.000273246
-0.000258451
-0.000244219
-0.000230546
-0.000217426
-0.000204852
-0.000192817
-0.000181311
-0.000170326
-0.000159851
-0.000149873
-0.00014038
-0.000131361
-0.000122801
-0.000114687
-0.000107005
-9.97393e-05
-9.28765e-05
-8.64015e-05
-8.02994e-05
-7.45555e-05
-6.91549e-05
-6.40828e-05
-5.93249e-05
-5.48665e-05
-5.06937e-05
-4.67925e-05
-4.31494e-05
-3.97511e-05
-3.65847e-05
-3.36376e-05
-3.08978e-05
-2.83534e-05
-2.59931e-05
-2.38061e-05
-2.17818e-05
-1.99102e-05
-1.81816e-05
-1.65869e-05
-1.51173e-05
-1.37645e-05
-1.25205e-05
-1.13778e-05
-1.03293e-05
-9.36824e-06
-8.48833e-06
-7.68356e-06
-6.9483e-06
-6.27727e-06
-5.6655e-06
-5.10837e-06
-4.60152e-06
-4.14092e-06
-3.72279e-06
-3.34361e-06
-3.00012e-06
-2.68929e-06
-2.40831e-06
-2.15459e-06
-1.92571e-06
-1.71946e-06
-1.53381e-06
-1.36687e-06
-1.2169e-06
-1.08234e-06
-9.6171e-07
-8.53694e-07
-7.5707e-07
-6.70727e-07
-5.93651e-07
-5.24919e-07
-4.63692e-07
-4.09207e-07
-3.60771e-07
-3.17758e-07
-2.796e-07
-2.45785e-07
-2.15848e-07
-1.89372e-07
-1.65982e-07
-1.45338e-07
-1.27138e-07
-1.11109e-07
-9.70055e-08
-8.46097e-08
-7.37259e-08
-6.41794e-08
-5.58145e-08
-4.84925e-08
-4.20899e-08
-3.6497e-08
-3.16163e-08
-2.73617e-08
-2.36564e-08
-2.0433e-08
-1.76315e-08
-1.51993e-08
-1.30899e-08
-1.12622e-08
-9.68018e-09
-8.3123e-09
-7.13075e-09
-6.11118e-09
-5.23227e-09
-4.4754e-09
-3.82428e-09
-3.2647e-09
-2.78427e-09
-2.37223e-09
-2.01919e-09
-1.71702e-09
-1.45864e-09
-1.23793e-09
-1.04959e-09
-8.89038e-10
-7.5231e-10
-6.35988e-10
-5.37127e-10
-4.5319e-10
-3.81997e-10
-3.21674e-10
-2.70612e-10
-2.27434e-10
-1.90958e-10
-1.60176e-10
-1.34225e-10
-1.12368e-10
-9.39789e-11
-7.85223e-11
-6.55438e-11
-5.4657e-11
-4.55341e-11
-3.78968e-11
-3.15097e-11
-2.61736e-11
-2.17198e-11
-0.000182733
-0.000194329
-0.000206458
-0.000219131
-0.000232354
-0.000246135
-0.000260479
-0.000275389
-0.000290869
-0.000306919
-0.000323538
-0.000340725
-0.000358474
-0.00037678
-0.000395634
-0.000415026
-0.000434943
-0.000455372
-0.000476294
-0.000497692
-0.000519543
-0.000541825
-0.00056451
-0.000587571
-0.000610977
-0.000634696
-0.000658691
-0.000682927
-0.000707363
-0.000731958
-0.00075667
-0.000781452
-0.000806258
-0.000831039
-0.000855746
-0.000880327
-0.000904731
-0.000928903
-0.000952791
-0.000976339
-0.000999492
-0.0010222
-0.00104439
-0.00106603
-0.00108706
-0.00110742
-0.00112706
-0.00114592
-0.00116397
-0.00118114
-0.0011974
-0.0012127
-0.001227
-0.00124025
-0.00125242
-0.00126348
-0.00127339
-0.00128212
-0.00128965
-0.00129597
-0.00130104
-0.00130486
-0.00130741
-0.00130869
-0.00130869
-0.00130741
-0.00130486
-0.00130104
-0.00129597
-0.00128965
-0.00128212
-0.00127339
-0.00126348
-0.00125242
-0.00124025
-0.001227
-0.0012127
-0.0011974
-0.00118114
-0.00116397
-0.00114592
-0.00112706
-0.00110742
-0.00108706
-0.00106603
-0.00104439
-0.0010222
-0.000999492
-0.000976339
-0.000952791
-0.000928903
-0.000904731
-0.000880327
-0.000855746
-0.000831039
-0.000806258
-0.000781452
-0.00075667
-0.000731958
-0.000707363
-0.000682927
-0.000658691
-0.000634696
-0.000610977
-0.000587571
-0.00056451
-0.000541825
-0.000519543
-0.000497692
-0.000476294
-0.000455372
-0.000434943
-0.000415026
-0.000395634
-0.00037678
-0.000358474
-0.000340725
-0.000323538
-0.000306919
-0.000290869
-0.000275389
-0.000260479
-0.000246135
-0.000232354
-0.000219131
-0.000206458
-0.000194329
-0.000182733
-0.000171662
-0.000161104
-0.000151048
-0.000141481
-0.000132391
-0.000123764
-0.000115587
-0.000107844
-0.000100522
-9.36049e-05
-8.70791e-05
-8.09292e-05
-7.51403e-05
-6.96973e-05
-6.45855e-05
-5.97901e-05
-5.52968e-05
-5.10913e-05
-4.71595e-05
-4.34878e-05
-4.00629e-05
-3.68716e-05
-3.39015e-05
-3.11401e-05
-2.85758e-05
-2.6197e-05
-2.39928e-05
-2.19526e-05
-2.00663e-05
-1.83242e-05
-1.6717e-05
-1.52359e-05
-1.38724e-05
-1.26187e-05
-1.1467e-05
-1.04103e-05
-9.44172e-06
-8.55491e-06
-7.74382e-06
-7.0028e-06
-6.3265e-06
-5.70994e-06
-5.14843e-06
-4.63761e-06
-4.1734e-06
-3.75199e-06
-3.36984e-06
-3.02365e-06
-2.71039e-06
-2.4272e-06
-2.17148e-06
-1.94081e-06
-1.73295e-06
-1.54584e-06
-1.37759e-06
-1.22645e-06
-1.09083e-06
-9.69253e-07
-8.60389e-07
-7.63008e-07
-6.75987e-07
-5.98307e-07
-5.29036e-07
-4.67329e-07
-4.12416e-07
-3.63601e-07
-3.20251e-07
-2.81793e-07
-2.47712e-07
-2.17541e-07
-1.90857e-07
-1.67283e-07
-1.46478e-07
-1.28135e-07
-1.1198e-07
-9.77663e-08
-8.52733e-08
-7.43041e-08
-6.46827e-08
-5.62523e-08
-4.88728e-08
-4.242e-08
-3.67832e-08
-3.18643e-08
-2.75763e-08
-2.3842e-08
-2.05932e-08
-1.77698e-08
-1.53186e-08
-1.31925e-08
-1.13505e-08
-9.7561e-09
-8.3775e-09
-7.18668e-09
-6.15911e-09
-5.27331e-09
-4.5105e-09
-3.85427e-09
-3.2903e-09
-2.80611e-09
-2.39084e-09
-2.03503e-09
-1.73048e-09
-1.47008e-09
-1.24764e-09
-1.05782e-09
-8.96011e-10
-7.5821e-10
-6.40976e-10
-5.4134e-10
-4.56745e-10
-3.84993e-10
-3.24197e-10
-2.72735e-10
-2.29218e-10
-1.92456e-10
-1.61432e-10
-1.35277e-10
-1.1325e-10
-9.4716e-11
-7.91382e-11
-6.60579e-11
-5.50857e-11
-4.58912e-11
-3.8194e-11
-3.17569e-11
-2.63788e-11
-2.18902e-11
-0.000183987
-0.000195662
-0.000207875
-0.000220634
-0.000233948
-0.000247823
-0.000262265
-0.000277278
-0.000292864
-0.000309024
-0.000325758
-0.000343062
-0.000360933
-0.000379364
-0.000398348
-0.000417873
-0.000437927
-0.000458495
-0.000479561
-0.000501106
-0.000523107
-0.000545541
-0.000568382
-0.000591601
-0.000615168
-0.000639049
-0.000663209
-0.000687611
-0.000712215
-0.000736979
-0.00076186
-0.000786812
-0.000811788
-0.000836739
-0.000861616
-0.000886366
-0.000910937
-0.000935275
-0.000959326
-0.000983036
-0.00100635
-0.00102921
-0.00105156
-0.00107335
-0.00109452
-0.00111501
-0.00113479
-0.00115378
-0.00117195
-0.00118925
-0.00120562
-0.00122102
-0.00123541
-0.00124876
-0.00126101
-0.00127214
-0.00128212
-0.00129091
-0.0012985
-0.00130486
-0.00130996
-0.00131381
-0.00131638
-0.00131766
-0.00131766
-0.00131638
-0.00131381
-0.00130996
-0.00130486
-0.0012985
-0.00129091
-0.00128212
-0.00127214
-0.00126101
-0.00124876
-0.00123541
-0.00122102
-0.00120562
-0.00118925
-0.00117195
-0.00115378
-0.00113479
-0.00111501
-0.00109452
-0.00107335
-0.00105156
-0.00102921
-0.00100635
-0.000983036
-0.000959326
-0.000935275
-0.000910937
-0.000886366
-0.000861616
-0.000836739
-0.000811788
-0.000786812
-0.00076186
-0.000736979
-0.000712215
-0.000687611
-0.000663209
-0.000639049
-0.000615168
-0.000591601
-0.000568382
-0.000545541
-0.000523107
-0.000501106
-0.000479561
-0.000458495
-0.000437927
-0.000417873
-0.000398348
-0.000379364
-0.000360933
-0.000343062
-0.000325758
-0.000309024
-0.000292864
-0.000277278
-0.000262265
-0.000247823
-0.000233948
-0.000220634
-0.000207875
-0.000195662
-0.000183987
-0.00017284
-0.000162209
-0.000152084
-0.000142452
-0.0001333
-0.000124613
-0.00011638
-0.000108584
-0.000101211
-9.4247e-05
-8.76764e-05
-8.14844e-05
-7.56557e-05
-7.01753e-05
-6.50285e-05
-6.02003e-05
-5.56761e-05
-5.14418e-05
-4.7483e-05
-4.37861e-05
-4.03377e-05
-3.71245e-05
-3.4134e-05
-3.13537e-05
-2.87718e-05
-2.63767e-05
-2.41574e-05
-2.21032e-05
-2.0204e-05
-1.84499e-05
-1.68317e-05
-1.53404e-05
-1.39676e-05
-1.27052e-05
-1.15457e-05
-1.04817e-05
-9.50648e-06
-8.61359e-06
-7.79694e-06
-7.05083e-06
-6.36989e-06
-5.7491e-06
-5.18375e-06
-4.66943e-06
-4.20203e-06
-3.77773e-06
-3.39295e-06
-3.04439e-06
-2.72898e-06
-2.44385e-06
-2.18638e-06
-1.95412e-06
-1.74484e-06
-1.55644e-06
-1.38704e-06
-1.23486e-06
-1.09831e-06
-9.75902e-07
-8.66291e-07
-7.68241e-07
-6.80624e-07
-6.02411e-07
-5.32665e-07
-4.70535e-07
-4.15245e-07
-3.66095e-07
-3.22447e-07
-2.83726e-07
-2.49411e-07
-2.19033e-07
-1.92166e-07
-1.68431e-07
-1.47483e-07
-1.29014e-07
-1.12748e-07
-9.8437e-08
-8.58582e-08
-7.48138e-08
-6.51264e-08
-5.66381e-08
-4.9208e-08
-4.2711e-08
-3.70355e-08
-3.20829e-08
-2.77654e-08
-2.40055e-08
-2.07345e-08
-1.78917e-08
-1.54236e-08
-1.3283e-08
-1.14283e-08
-9.82302e-09
-8.43496e-09
-7.23597e-09
-6.20136e-09
-5.30948e-09
-4.54144e-09
-3.88071e-09
-3.31287e-09
-2.82536e-09
-2.40724e-09
-2.04899e-09
-1.74235e-09
-1.48016e-09
-1.2562e-09
-1.06508e-09
-9.02157e-10
-7.63411e-10
-6.45373e-10
-5.45053e-10
-4.59878e-10
-3.87634e-10
-3.26421e-10
-2.74606e-10
-2.3079e-10
-1.93776e-10
-1.6254e-10
-1.36205e-10
-1.14026e-10
-9.53657e-11
-7.9681e-11
-6.6511e-11
-5.54636e-11
-4.6206e-11
-3.8456e-11
-3.19747e-11
-2.65598e-11
-2.20403e-11
-0.000185068
-0.000196812
-0.000209096
-0.00022193
-0.000235323
-0.00024928
-0.000263806
-0.000278907
-0.000294585
-0.00031084
-0.000327672
-0.000345078
-0.000363054
-0.000381594
-0.000400689
-0.000420328
-0.0004405
-0.00046119
-0.00048238
-0.000504051
-0.000526181
-0.000548747
-0.000571722
-0.000595078
-0.000618783
-0.000642805
-0.000667107
-0.000691652
-0.0007164
-0.00074131
-0.000766337
-0.000791436
-0.000816559
-0.000841657
-0.000866679
-0.000891575
-0.00091629
-0.000940771
-0.000964964
-0.000988813
-0.00101226
-0.00103526
-0.00105774
-0.00107965
-0.00110095
-0.00112157
-0.00114146
-0.00116056
-0.00117884
-0.00119624
-0.0012127
-0.0012282
-0.00124267
-0.00125609
-0.00126842
-0.00127962
-0.00128965
-0.0012985
-0.00130613
-0.00131252
-0.00131766
-0.00132153
-0.00132411
-0.00132541
-0.00132541
-0.00132411
-0.00132153
-0.00131766
-0.00131252
-0.00130613
-0.0012985
-0.00128965
-0.00127962
-0.00126842
-0.00125609
-0.00124267
-0.0012282
-0.0012127
-0.00119624
-0.00117884
-0.00116056
-0.00114146
-0.00112157
-0.00110095
-0.00107965
-0.00105774
-0.00103526
-0.00101226
-0.000988813
-0.000964964
-0.000940771
-0.00091629
-0.000891575
-0.000866679
-0.000841657
-0.000816559
-0.000791436
-0.000766337
-0.00074131
-0.0007164
-0.000691652
-0.000667107
-0.000642805
-0.000618783
-0.000595078
-0.000571722
-0.000548747
-0.000526181
-0.000504051
-0.00048238
-0.00046119
-0.0004405
-0.000420328
-0.000400689
-0.000381594
-0.000363054
-0.000345078
-0.000327672
-0.00031084
-0.000294585
-0.000278907
-0.000263806
-0.00024928
-0.000235323
-0.00022193
-0.000209096
-0.000196812
-0.000185068
-0.000173855
-0.000163163
-0.000152978
-0.000143289
-0.000134083
-0.000125346
-0.000117063
-0.000109222
-0.000101806
-9.48008e-05
-8.81917e-05
-8.19632e-05
-7.61003e-05
-7.05877e-05
-6.54106e-05
-6.0554e-05
-5.60033e-05
-5.17441e-05
-4.77621e-05
-4.40435e-05
-4.05747e-05
-3.73427e-05
-3.43346e-05
-3.1538e-05
-2.89409e-05
-2.65317e-05
-2.42994e-05
-2.22331e-05
-2.03227e-05
-1.85583e-05
-1.69306e-05
-1.54305e-05
-1.40497e-05
-1.27799e-05
-1.16135e-05
-1.05433e-05
-9.56234e-06
-8.6642e-06
-7.84276e-06
-7.09227e-06
-6.40733e-06
-5.78289e-06
-5.21421e-06
-4.69687e-06
-4.22672e-06
-3.79993e-06
-3.41289e-06
-3.06228e-06
-2.74501e-06
-2.45821e-06
-2.19923e-06
-1.96561e-06
-1.75509e-06
-1.56559e-06
-1.39519e-06
-1.24212e-06
-1.10476e-06
-9.81636e-07
-8.71382e-07
-7.72756e-07
-6.84624e-07
-6.05951e-07
-5.35795e-07
-4.733e-07
-4.17686e-07
-3.68246e-07
-3.24342e-07
-2.85394e-07
-2.50877e-07
-2.2032e-07
-1.93296e-07
-1.69421e-07
-1.4835e-07
-1.29773e-07
-1.13411e-07
-9.90154e-08
-8.63628e-08
-7.52534e-08
-6.55091e-08
-5.69709e-08
-4.94972e-08
-4.29619e-08
-3.72532e-08
-3.22714e-08
-2.79286e-08
-2.41466e-08
-2.08564e-08
-1.79969e-08
-1.55143e-08
-1.33611e-08
-1.14955e-08
-9.88075e-09
-8.48453e-09
-7.2785e-09
-6.2378e-09
-5.34068e-09
-4.56813e-09
-3.90351e-09
-3.33234e-09
-2.84196e-09
-2.42138e-09
-2.06103e-09
-1.75259e-09
-1.48886e-09
-1.26358e-09
-1.07134e-09
-9.07459e-10
-7.67897e-10
-6.49165e-10
-5.48256e-10
-4.6258e-10
-3.89912e-10
-3.28339e-10
-2.76219e-10
-2.32146e-10
-1.94915e-10
-1.63495e-10
-1.37006e-10
-1.14696e-10
-9.59261e-11
-8.01492e-11
-6.69018e-11
-5.57895e-11
-4.64775e-11
-3.8682e-11
-3.21626e-11
-2.67159e-11
-2.21699e-11
-0.000185974
-0.000197775
-0.00021012
-0.000223017
-0.000236475
-0.0002505
-0.000265098
-0.000280273
-0.000296027
-0.000312361
-0.000329276
-0.000346767
-0.000364831
-0.000383461
-0.00040265
-0.000422386
-0.000442656
-0.000463447
-0.000484741
-0.000506518
-0.000528757
-0.000551433
-0.000574521
-0.000597991
-0.000621812
-0.000645951
-0.000670372
-0.000695037
-0.000719907
-0.000744939
-0.000770088
-0.00079531
-0.000820555
-0.000845776
-0.000870921
-0.000895939
-0.000920775
-0.000945376
-0.000969687
-0.000993653
-0.00101722
-0.00104032
-0.00106292
-0.00108494
-0.00110634
-0.00112706
-0.00114704
-0.00116624
-0.00118461
-0.00120209
-0.00121864
-0.00123421
-0.00124876
-0.00126224
-0.00127463
-0.00128588
-0.00129597
-0.00130486
-0.00131252
-0.00131895
-0.00132411
-0.001328
-0.00133059
-0.00133189
-0.00133189
-0.00133059
-0.001328
-0.00132411
-0.00131895
-0.00131252
-0.00130486
-0.00129597
-0.00128588
-0.00127463
-0.00126224
-0.00124876
-0.00123421
-0.00121864
-0.00120209
-0.00118461
-0.00116624
-0.00114704
-0.00112706
-0.00110634
-0.00108494
-0.00106292
-0.00104032
-0.00101722
-0.000993653
-0.000969687
-0.000945376
-0.000920775
-0.000895939
-0.000870921
-0.000845776
-0.000820555
-0.00079531
-0.000770088
-0.000744939
-0.000719907
-0.000695037
-0.000670372
-0.000645951
-0.000621812
-0.000597991
-0.000574521
-0.000551433
-0.000528757
-0.000506518
-0.000484741
-0.000463447
-0.000442656
-0.000422386
-0.00040265
-0.000383461
-0.000364831
-0.000346767
-0.000329276
-0.000312361
-0.000296027
-0.000280273
-0.000265098
-0.0002505
-0.000236475
-0.000223017
-0.00021012
-0.000197775
-0.000185974
-0.000174706
-0.000163961
-0.000153727
-0.00014399
-0.000134739
-0.000125959
-0.000117636
-0.000109756
-0.000102304
-9.52649e-05
-8.86234e-05
-8.23644e-05
-7.64728e-05
-7.09332e-05
-6.57308e-05
-6.08504e-05
-5.62774e-05
-5.19973e-05
-4.79958e-05
-4.4259e-05
-4.07733e-05
-3.75255e-05
-3.45026e-05
-3.16923e-05
-2.90825e-05
-2.66616e-05
-2.44183e-05
-2.23419e-05
-2.04222e-05
-1.86492e-05
-1.70135e-05
-1.55061e-05
-1.41184e-05
-1.28424e-05
-1.16704e-05
-1.05949e-05
-9.60915e-06
-8.70661e-06
-7.88115e-06
-7.12698e-06
-6.43869e-06
-5.81119e-06
-5.23973e-06
-4.71986e-06
-4.24741e-06
-3.81853e-06
-3.4296e-06
-3.07727e-06
-2.75845e-06
-2.47025e-06
-2.20999e-06
-1.97523e-06
-1.76368e-06
-1.57325e-06
-1.40202e-06
-1.2482e-06
-1.11017e-06
-9.86441e-07
-8.75647e-07
-7.76538e-07
-6.87975e-07
-6.08917e-07
-5.38418e-07
-4.75616e-07
-4.1973e-07
-3.70049e-07
-3.2593e-07
-2.86791e-07
-2.52105e-07
-2.21398e-07
-1.94242e-07
-1.7025e-07
-1.49076e-07
-1.30408e-07
-1.13966e-07
-9.95001e-08
-8.67855e-08
-7.56218e-08
-6.58298e-08
-5.72498e-08
-4.97395e-08
-4.31722e-08
-3.74355e-08
-3.24294e-08
-2.80653e-08
-2.42648e-08
-2.09584e-08
-1.8085e-08
-1.55902e-08
-1.34265e-08
-1.15518e-08
-9.92911e-09
-8.52606e-09
-7.31412e-09
-6.26833e-09
-5.36683e-09
-4.59049e-09
-3.92262e-09
-3.34865e-09
-2.85587e-09
-2.43323e-09
-2.07112e-09
-1.76117e-09
-1.49615e-09
-1.26976e-09
-1.07658e-09
-9.11901e-10
-7.71656e-10
-6.52343e-10
-5.50939e-10
-4.64844e-10
-3.91821e-10
-3.29946e-10
-2.77571e-10
-2.33282e-10
-1.95869e-10
-1.64295e-10
-1.37676e-10
-1.15258e-10
-9.63956e-11
-8.05416e-11
-6.72293e-11
-5.60626e-11
-4.6705e-11
-3.88714e-11
-3.232e-11
-2.68466e-11
-2.22784e-11
-0.000186702
-0.000198549
-0.000210942
-0.00022389
-0.0002374
-0.00025148
-0.000266135
-0.00028137
-0.000297185
-0.000313584
-0.000330564
-0.000348124
-0.000366259
-0.000384962
-0.000404226
-0.000424039
-0.000444389
-0.000465261
-0.000486638
-0.0005085
-0.000530826
-0.000553591
-0.000576769
-0.000600331
-0.000624246
-0.000648479
-0.000672996
-0.000697758
-0.000722725
-0.000747854
-0.000773102
-0.000798422
-0.000823767
-0.000849087
-0.00087433
-0.000899445
-0.000924379
-0.000949076
-0.000973483
-0.000997542
-0.0010212
-0.00104439
-0.00106708
-0.00108918
-0.00111067
-0.00113147
-0.00115153
-0.00117081
-0.00118925
-0.0012068
-0.00122341
-0.00123904
-0.00125364
-0.00126718
-0.00127962
-0.00129091
-0.00130104
-0.00130996
-0.00131766
-0.00132411
-0.00132929
-0.00133319
-0.0013358
-0.00133711
-0.00133711
-0.0013358
-0.00133319
-0.00132929
-0.00132411
-0.00131766
-0.00130996
-0.00130104
-0.00129091
-0.00127962
-0.00126718
-0.00125364
-0.00123904
-0.00122341
-0.0012068
-0.00118925
-0.00117081
-0.00115153
-0.00113147
-0.00111067
-0.00108918
-0.00106708
-0.00104439
-0.0010212
-0.000997542
-0.000973483
-0.000949076
-0.000924379
-0.000899445
-0.00087433
-0.000849087
-0.000823767
-0.000798422
-0.000773102
-0.000747854
-0.000722725
-0.000697758
-0.000672996
-0.000648479
-0.000624246
-0.000600331
-0.000576769
-0.000553591
-0.000530826
-0.0005085
-0.000486638
-0.000465261
-0.000444389
-0.000424039
-0.000404226
-0.000384962
-0.000366259
-0.000348124
-0.000330564
-0.000313584
-0.000297185
-0.00028137
-0.000266135
-0.00025148
-0.0002374
-0.00022389
-0.000210942
-0.000198549
-0.000186702
-0.00017539
-0.000164603
-0.000154328
-0.000144554
-0.000135267
-0.000126452
-0.000118097
-0.000110186
-0.000102705
-9.56377e-05
-8.89702e-05
-8.26868e-05
-7.67721e-05
-7.12109e-05
-6.5988e-05
-6.10886e-05
-5.64977e-05
-5.22008e-05
-4.81837e-05
-4.44323e-05
-4.09329e-05
-3.76724e-05
-3.46377e-05
-3.18164e-05
-2.91964e-05
-2.67659e-05
-2.45139e-05
-2.24294e-05
-2.05021e-05
-1.87222e-05
-1.708e-05
-1.55668e-05
-1.41737e-05
-1.28927e-05
-1.1716e-05
-1.06364e-05
-9.64676e-06
-8.74069e-06
-7.91199e-06
-7.15487e-06
-6.46389e-06
-5.83394e-06
-5.26024e-06
-4.73833e-06
-4.26403e-06
-3.83347e-06
-3.44302e-06
-3.08932e-06
-2.76925e-06
-2.47991e-06
-2.21864e-06
-1.98296e-06
-1.77058e-06
-1.57941e-06
-1.4075e-06
-1.25308e-06
-1.11451e-06
-9.90302e-07
-8.79074e-07
-7.79578e-07
-6.90668e-07
-6.113e-07
-5.40525e-07
-4.77478e-07
-4.21373e-07
-3.71497e-07
-3.27205e-07
-2.87913e-07
-2.53092e-07
-2.22265e-07
-1.95002e-07
-1.70916e-07
-1.49659e-07
-1.30918e-07
-1.14412e-07
-9.98895e-08
-8.71252e-08
-7.59178e-08
-6.60875e-08
-5.74739e-08
-4.99342e-08
-4.33412e-08
-3.7582e-08
-3.25563e-08
-2.81751e-08
-2.43597e-08
-2.10405e-08
-1.81557e-08
-1.56512e-08
-1.3479e-08
-1.1597e-08
-9.96797e-09
-8.55943e-09
-7.34275e-09
-6.29286e-09
-5.38783e-09
-4.60846e-09
-3.93797e-09
-3.36176e-09
-2.86705e-09
-2.44276e-09
-2.07922e-09
-1.76806e-09
-1.502e-09
-1.27473e-09
-1.0808e-09
-9.1547e-10
-7.74676e-10
-6.54896e-10
-5.53096e-10
-4.66664e-10
-3.93354e-10
-3.31238e-10
-2.78658e-10
-2.34195e-10
-1.96635e-10
-1.64938e-10
-1.38215e-10
-1.15709e-10
-9.67729e-11
-8.08568e-11
-6.74924e-11
-5.6282e-11
-4.68878e-11
-3.90235e-11
-3.24465e-11
-2.69517e-11
-2.23656e-11
-0.00018725
-0.000199132
-0.000211561
-0.000224547
-0.000238097
-0.000252218
-0.000266916
-0.000282195
-0.000298057
-0.000314504
-0.000331534
-0.000349146
-0.000367334
-0.000386092
-0.000405412
-0.000425283
-0.000445693
-0.000466626
-0.000488066
-0.000509992
-0.000532384
-0.000555216
-0.000578462
-0.000602093
-0.000626077
-0.000650382
-0.00067497
-0.000699805
-0.000724845
-0.000750048
-0.00077537
-0.000800765
-0.000826184
-0.000851578
-0.000876895
-0.000902084
-0.000927091
-0.000951861
-0.000976339
-0.00100047
-0.00102419
-0.00104746
-0.00107021
-0.00109238
-0.00111393
-0.00113479
-0.00115491
-0.00117424
-0.00119274
-0.00121034
-0.001227
-0.00124267
-0.00125732
-0.0012709
-0.00128337
-0.0012947
-0.00130486
-0.00131381
-0.00132153
-0.001328
-0.00133319
-0.00133711
-0.00133972
-0.00134103
-0.00134103
-0.00133972
-0.00133711
-0.00133319
-0.001328
-0.00132153
-0.00131381
-0.00130486
-0.0012947
-0.00128337
-0.0012709
-0.00125732
-0.00124267
-0.001227
-0.00121034
-0.00119274
-0.00117424
-0.00115491
-0.00113479
-0.00111393
-0.00109238
-0.00107021
-0.00104746
-0.00102419
-0.00100047
-0.000976339
-0.000951861
-0.000927091
-0.000902084
-0.000876895
-0.000851578
-0.000826184
-0.000800765
-0.00077537
-0.000750048
-0.000724845
-0.000699805
-0.00067497
-0.000650382
-0.000626077
-0.000602093
-0.000578462
-0.000555216
-0.000532384
-0.000509992
-0.000488066
-0.000466626
-0.000445693
-0.000425283
-0.000405412
-0.000386092
-0.000367334
-0.000349146
-0.000331534
-0.000314504
-0.000298057
-0.000282195
-0.000266916
-0.000252218
-0.000238097
-0.000224547
-0.000211561
-0.000199132
-0.00018725
-0.000175905
-0.000165086
-0.000154781
-0.000144978
-0.000135663
-0.000126823
-0.000118443
-0.000110509
-0.000103006
-9.59183e-05
-8.92313e-05
-8.29294e-05
-7.69973e-05
-7.14198e-05
-6.61817e-05
-6.12678e-05
-5.66635e-05
-5.2354e-05
-4.83251e-05
-4.45626e-05
-4.1053e-05
-3.77829e-05
-3.47393e-05
-3.19097e-05
-2.9282e-05
-2.68445e-05
-2.45858e-05
-2.24952e-05
-2.05623e-05
-1.87771e-05
-1.71302e-05
-1.56124e-05
-1.42153e-05
-1.29305e-05
-1.17504e-05
-1.06676e-05
-9.67506e-06
-8.76634e-06
-7.93521e-06
-7.17587e-06
-6.48286e-06
-5.85106e-06
-5.27567e-06
-4.75223e-06
-4.27655e-06
-3.84472e-06
-3.45312e-06
-3.09838e-06
-2.77737e-06
-2.48719e-06
-2.22515e-06
-1.98878e-06
-1.77578e-06
-1.58404e-06
-1.41163e-06
-1.25676e-06
-1.11778e-06
-9.93208e-07
-8.81654e-07
-7.81865e-07
-6.92694e-07
-6.13094e-07
-5.42111e-07
-4.78879e-07
-4.22609e-07
-3.72587e-07
-3.28165e-07
-2.88758e-07
-2.53834e-07
-2.22917e-07
-1.95574e-07
-1.71418e-07
-1.50098e-07
-1.31302e-07
-1.14748e-07
-1.00183e-07
-8.73808e-08
-7.61405e-08
-6.62814e-08
-5.76425e-08
-5.00807e-08
-4.34684e-08
-3.76923e-08
-3.26518e-08
-2.82578e-08
-2.44312e-08
-2.11022e-08
-1.8209e-08
-1.56971e-08
-1.35186e-08
-1.1631e-08
-9.99722e-09
-8.58454e-09
-7.36429e-09
-6.31133e-09
-5.40364e-09
-4.62198e-09
-3.94953e-09
-3.37162e-09
-2.87546e-09
-2.44992e-09
-2.08532e-09
-1.77325e-09
-1.50641e-09
-1.27847e-09
-1.08397e-09
-9.18156e-10
-7.76949e-10
-6.56817e-10
-5.54718e-10
-4.68033e-10
-3.94508e-10
-3.32209e-10
-2.79475e-10
-2.34883e-10
-1.97212e-10
-1.65422e-10
-1.38621e-10
-1.16048e-10
-9.70568e-11
-8.1094e-11
-6.76904e-11
-5.64471e-11
-4.70254e-11
-3.9138e-11
-3.25417e-11
-2.70308e-11
-2.24312e-11
-0.000187616
-0.000199521
-0.000211974
-0.000224986
-0.000238562
-0.000252711
-0.000267438
-0.000282747
-0.00029864
-0.000315119
-0.000332183
-0.000349828
-0.000368052
-0.000386847
-0.000406204
-0.000426114
-0.000446564
-0.000467538
-0.00048902
-0.000510989
-0.000533424
-0.000556301
-0.000579592
-0.00060327
-0.000627301
-0.000651653
-0.00067629
-0.000701173
-0.000726262
-0.000751515
-0.000776886
-0.00080233
-0.000827799
-0.000853243
-0.00087861
-0.000903848
-0.000928903
-0.000953722
-0.000978247
-0.00100242
-0.0010262
-0.00104951
-0.0010723
-0.00109452
-0.0011161
-0.00113701
-0.00115717
-0.00117654
-0.00119507
-0.0012127
-0.0012294
-0.0012451
-0.00125978
-0.00127339
-0.00128588
-0.00129723
-0.00130741
-0.00131638
-0.00132411
-0.00133059
-0.0013358
-0.00133972
-0.00134234
-0.00134365
-0.00134365
-0.00134234
-0.00133972
-0.0013358
-0.00133059
-0.00132411
-0.00131638
-0.00130741
-0.00129723
-0.00128588
-0.00127339
-0.00125978
-0.0012451
-0.0012294
-0.0012127
-0.00119507
-0.00117654
-0.00115717
-0.00113701
-0.0011161
-0.00109452
-0.0010723
-0.00104951
-0.0010262
-0.00100242
-0.000978247
-0.000953722
-0.000928903
-0.000903848
-0.00087861
-0.000853243
-0.000827799
-0.00080233
-0.000776886
-0.000751515
-0.000726262
-0.000701173
-0.00067629
-0.000651653
-0.000627301
-0.00060327
-0.000579592
-0.000556301
-0.000533424
-0.000510989
-0.00048902
-0.000467538
-0.000446564
-0.000426114
-0.000406204
-0.000386847
-0.000368052
-0.000349828
-0.000332183
-0.000315119
-0.00029864
-0.000282747
-0.000267438
-0.000252711
-0.000238562
-0.000224986
-0.000211974
-0.000199521
-0.000187616
-0.000176249
-0.000165409
-0.000155084
-0.000145262
-0.000135929
-0.000127071
-0.000118675
-0.000110725
-0.000103207
-9.61058e-05
-8.94057e-05
-8.30915e-05
-7.71478e-05
-7.15594e-05
-6.6311e-05
-6.13876e-05
-5.67743e-05
-5.24564e-05
-4.84195e-05
-4.46497e-05
-4.11333e-05
-3.78568e-05
-3.48072e-05
-3.19721e-05
-2.93393e-05
-2.68969e-05
-2.46339e-05
-2.25392e-05
-2.06025e-05
-1.88138e-05
-1.71637e-05
-1.5643e-05
-1.42431e-05
-1.29558e-05
-1.17734e-05
-1.06884e-05
-9.69398e-06
-8.78347e-06
-7.95072e-06
-7.1899e-06
-6.49553e-06
-5.86249e-06
-5.28599e-06
-4.76152e-06
-4.28491e-06
-3.85223e-06
-3.45987e-06
-3.10444e-06
-2.7828e-06
-2.49205e-06
-2.2295e-06
-1.99267e-06
-1.77925e-06
-1.58714e-06
-1.41439e-06
-1.25922e-06
-1.11997e-06
-9.95149e-07
-8.83377e-07
-7.83394e-07
-6.94048e-07
-6.14292e-07
-5.43171e-07
-4.79815e-07
-4.23435e-07
-3.73316e-07
-3.28807e-07
-2.89322e-07
-2.54331e-07
-2.23353e-07
-1.95957e-07
-1.71753e-07
-1.50392e-07
-1.31559e-07
-1.14972e-07
-1.00378e-07
-8.75516e-08
-7.62894e-08
-6.64109e-08
-5.77552e-08
-5.01786e-08
-4.35534e-08
-3.7766e-08
-3.27157e-08
-2.8313e-08
-2.4479e-08
-2.11435e-08
-1.82446e-08
-1.57278e-08
-1.3545e-08
-1.16537e-08
-1.00168e-08
-8.60133e-09
-7.37869e-09
-6.32367e-09
-5.4142e-09
-4.63101e-09
-3.95725e-09
-3.37821e-09
-2.88108e-09
-2.45471e-09
-2.0894e-09
-1.77672e-09
-1.50935e-09
-1.28097e-09
-1.08609e-09
-9.19951e-10
-7.78468e-10
-6.58101e-10
-5.55803e-10
-4.68948e-10
-3.9528e-10
-3.32859e-10
-2.80022e-10
-2.35342e-10
-1.97598e-10
-1.65745e-10
-1.38892e-10
-1.16275e-10
-9.72466e-11
-8.12526e-11
-6.78228e-11
-5.65575e-11
-4.71173e-11
-3.92145e-11
-3.26053e-11
-2.70836e-11
-2.24751e-11
-0.000187799
-0.000199716
-0.000212182
-0.000225205
-0.000238795
-0.000252958
-0.000267699
-0.000283023
-0.000298932
-0.000315427
-0.000332507
-0.00035017
-0.000368411
-0.000387225
-0.000406601
-0.000426531
-0.000447
-0.000467995
-0.000489498
-0.000511489
-0.000533946
-0.000556845
-0.000580159
-0.000603859
-0.000627914
-0.00065229
-0.000676951
-0.000701858
-0.000726972
-0.000752249
-0.000777645
-0.000803114
-0.000828608
-0.000854076
-0.000879468
-0.000904731
-0.000929811
-0.000954654
-0.000979203
-0.0010034
-0.0010272
-0.00105053
-0.00107335
-0.00109559
-0.00111719
-0.00113812
-0.0011583
-0.00117769
-0.00119624
-0.00121389
-0.0012306
-0.00124632
-0.00126101
-0.00127463
-0.00128714
-0.0012985
-0.00130869
-0.00131766
-0.00132541
-0.00133189
-0.00133711
-0.00134103
-0.00134365
-0.00134496
-0.00134496
-0.00134365
-0.00134103
-0.00133711
-0.00133189
-0.00132541
-0.00131766
-0.00130869
-0.0012985
-0.00128714
-0.00127463
-0.00126101
-0.00124632
-0.0012306
-0.00121389
-0.00119624
-0.00117769
-0.0011583
-0.00113812
-0.00111719
-0.00109559
-0.00107335
-0.00105053
-0.0010272
-0.0010034
-0.000979203
-0.000954654
-0.000929811
-0.000904731
-0.000879468
-0.000854076
-0.000828608
-0.000803114
-0.000777645
-0.000752249
-0.000726972
-0.000701858
-0.000676951
-0.00065229
-0.000627914
-0.000603859
-0.000580159
-0.000556845
-0.000533946
-0.000511489
-0.000489498
-0.000467995
-0.000447
-0.000426531
-0.000406601
-0.000387225
-0.000368411
-0.00035017
-0.000332507
-0.000315427
-0.000298932
-0.000283023
-0.000267699
-0.000252958
-0.000238795
-0.000225205
-0.000212182
-0.000199716
-0.000187799
-0.000176421
-0.00016557
-0.000155235
-0.000145404
-0.000136061
-0.000127195
-0.000118791
-0.000110833
-0.000103308
-9.61997e-05
-8.94931e-05
-8.31727e-05
-7.72232e-05
-7.16293e-05
-6.63758e-05
-6.14476e-05
-5.68297e-05
-5.25076e-05
-4.84668e-05
-4.46934e-05
-4.11735e-05
-3.78937e-05
-3.48412e-05
-3.20034e-05
-2.93679e-05
-2.69232e-05
-2.46579e-05
-2.25612e-05
-2.06226e-05
-1.88322e-05
-1.71804e-05
-1.56582e-05
-1.4257e-05
-1.29685e-05
-1.17849e-05
-1.06989e-05
-9.70345e-06
-8.79206e-06
-7.95849e-06
-7.19692e-06
-6.50188e-06
-5.86822e-06
-5.29115e-06
-4.76617e-06
-4.28909e-06
-3.856e-06
-3.46325e-06
-3.10747e-06
-2.78552e-06
-2.49449e-06
-2.23168e-06
-1.99461e-06
-1.78099e-06
-1.58869e-06
-1.41577e-06
-1.26045e-06
-1.12106e-06
-9.96122e-07
-8.8424e-07
-7.84159e-07
-6.94726e-07
-6.14893e-07
-5.43702e-07
-4.80284e-07
-4.23849e-07
-3.7368e-07
-3.29128e-07
-2.89605e-07
-2.54579e-07
-2.23571e-07
-1.96148e-07
-1.71921e-07
-1.50539e-07
-1.31688e-07
-1.15084e-07
-1.00477e-07
-8.76372e-08
-7.63639e-08
-6.64758e-08
-5.78116e-08
-5.02276e-08
-4.35959e-08
-3.78029e-08
-3.27476e-08
-2.83407e-08
-2.45029e-08
-2.11641e-08
-1.82624e-08
-1.57432e-08
-1.35582e-08
-1.16651e-08
-1.00266e-08
-8.60973e-09
-7.3859e-09
-6.32985e-09
-5.41949e-09
-4.63554e-09
-3.96112e-09
-3.38151e-09
-2.8839e-09
-2.45711e-09
-2.09144e-09
-1.77845e-09
-1.51083e-09
-1.28222e-09
-1.08715e-09
-9.2085e-10
-7.79229e-10
-6.58744e-10
-5.56346e-10
-4.69406e-10
-3.95666e-10
-3.33184e-10
-2.80295e-10
-2.35572e-10
-1.97791e-10
-1.65907e-10
-1.39027e-10
-1.16389e-10
-9.73416e-11
-8.13319e-11
-6.78891e-11
-5.66127e-11
-4.71633e-11
-3.92528e-11
-3.26372e-11
-2.71101e-11
-2.2497e-11
-0.000187799
-0.000199716
-0.000212182
-0.000225205
-0.000238795
-0.000252958
-0.000267699
-0.000283023
-0.000298932
-0.000315427
-0.000332507
-0.00035017
-0.000368411
-0.000387225
-0.000406601
-0.000426531
-0.000447
-0.000467995
-0.000489498
-0.000511489
-0.000533946
-0.000556845
-0.000580159
-0.000603859
-0.000627914
-0.00065229
-0.000676951
-0.000701858
-0.000726972
-0.000752249
-0.000777645
-0.000803114
-0.000828608
-0.000854076
-0.000879468
-0.000904731
-0.000929811
-0.000954654
-0.000979203
-0.0010034
-0.0010272
-0.00105053
-0.00107335
-0.00109559
-0.00111719
-0.00113812
-0.0011583
-0.00117769
-0.00119624
-0.00121389
-0.0012306
-0.00124632
-0.00126101
-0.00127463
-0.00128714
-0.0012985
-0.00130869
-0.00131766
-0.00132541
-0.00133189
-0.00133711
-0.00134103
-0.00134365
-0.00134496
-0.00134496
-0.00134365
-0.00134103
-0.00133711
-0.00133189
-0.00132541
-0.00131766
-0.00130869
-0.0012985
-0.00128714
-0.00127463
-0.00126101
-0.00124632
-0.0012306
-0.00121389
-0.00119624
-0.00117769
-0.0011583
-0.00113812
-0.00111719
-0.00109559
-0.00107335
-0.00105053
-0.0010272
-0.0010034
-0.000979203
-0.000954654
-0.000929811
-0.000904731
-0.000879468
-0.000854076
-0.000828608
-0.000803114
-0.000777645
-0.000752249
-0.000726972
-0.000701858
-0.000676951
-0.00065229
-0.000627914
-0.000603859
-0.000580159
-0.000556845
-0.000533946
-0.000511489
-0.000489498
-0.000467995
-0.000447
-0.000426531
-0.000406601
-0.000387225
-0.000368411
-0.00035017
-0.000332507
-0.000315427
-0.000298932
-0.000283023
-0.000267699
-0.000252958
-0.000238795
-0.000225205
-0.000212182
-0.000199716
-0.000187799
-0.000176421
-0.00016557
-0.000155235
-0.000145404
-0.000136061
-0.000127195
-0.000118791
-0.000110833
-0.000103308
-9.61997e-05
-8.94931e-05
-8.31727e-05
-7.72232e-05
-7.16293e-05
-6.63758e-05
-6.14476e-05
-5.68297e-05
-5.25076e-05
-4.84668e-05
-4.46934e-05
-4.11735e-05
-3.78937e-05
-3.48412e-05
-3.20034e-05
-2.93679e-05
-2.69232e-05
-2.46579e-05
-2.25612e-05
-2.06226e-05
-1.88322e-05
-1.71804e-05
-1.56582e-05
-1.4257e-05
-1.29685e-05
-1.17849e-05
-1.06989e-05
-9.70345e-06
-8.79206e-06
-7.95849e-06
-7.19692e-06
-6.50188e-06
-5.86822e-06
-5.29115e-06
-4.76617e-06
-4.28909e-06
-3.856e-06
-3.46325e-06
-3.10747e-06
-2.78552e-06
-2.49449e-06
-2.23168e-06
-1.99461e-06
-1.78099e-06
-1.58869e-06
-1.41577e-06
-1.26045e-06
-1.12106e-06
-9.96122e-07
-8.8424e-07
-7.84159e-07
-6.94726e-07
-6.14893e-07
-5.43702e-07
-4.80284e-07
-4.23849e-07
-3.7368e-07
-3.29128e-07
-2.89605e-07
-2.54579e-07
-2.23571e-07
-1.96148e-07
-1.71921e-07
-1.50539e-07
-1.31688e-07
-1.15084e-07
-1.00477e-07
-8.76372e-08
-7.63639e-08
-6.64758e-08
-5.78116e-08
-5.02276e-08
-4.35959e-08
-3.78029e-08
-3.27476e-08
-2.83407e-08
-2.45029e-08
-2.11641e-08
-1.82624e-08
-1.57432e-08
-1.35582e-08
-1.16651e-08
-1.00266e-08
-8.60973e-09
-7.3859e-09
-6.32985e-09
-5.41949e-09
-4.63554e-09
-3.96112e-09
-3.38151e-09
-2.8839e-09
-2.45711e-09
-2.09144e-09
-1.77845e-09
-1.51083e-09
-1.28222e-09
-1.08715e-09
-9.2085e-10
-7.79229e-10
-6.58744e-10
-5.56346e-10
-4.69406e-10
-3.95666e-10
-3.33184e-10
-2.80295e-10
-2.35572e-10
-1.97791e-10
-1.65907e-10
-1.39027e-10
-1.16389e-10
-9.73416e-11
-8.13319e-11
-6.78891e-11
-5.66127e-11
-4.71633e-11
-3.92528e-11
-3.26372e-11
-2.71101e-11
-2.2497e-11
-0.000187616
-0.000199521
-0.000211974
-0.000224986
-0.000238562
-0.000252711
-0.000267438
-0.000282747
-0.00029864
-0.000315119
-0.000332183
-0.000349828
-0.000368052
-0.000386847
-0.000406204
-0.000426114
-0.000446564
-0.000467538
-0.00048902
-0.000510989
-0.000533424
-0.000556301
-0.000579592
-0.00060327
-0.000627301
-0.000651653
-0.00067629
-0.000701173
-0.000726262
-0.000751515
-0.000776886
-0.00080233
-0.000827799
-0.000853243
-0.00087861
-0.000903848
-0.000928903
-0.000953722
-0.000978247
-0.00100242
-0.0010262
-0.00104951
-0.0010723
-0.00109452
-0.0011161
-0.00113701
-0.00115717
-0.00117654
-0.00119507
-0.0012127
-0.0012294
-0.0012451
-0.00125978
-0.00127339
-0.00128588
-0.00129723
-0.00130741
-0.00131638
-0.00132411
-0.00133059
-0.0013358
-0.00133972
-0.00134234
-0.00134365
-0.00134365
-0.00134234
-0.00133972
-0.0013358
-0.00133059
-0.00132411
-0.00131638
-0.00130741
-0.00129723
-0.00128588
-0.00127339
-0.00125978
-0.0012451
-0.0012294
-0.0012127
-0.00119507
-0.00117654
-0.00115717
-0.00113701
-0.0011161
-0.00109452
-0.0010723
-0.00104951
-0.0010262
-0.00100242
-0.000978247
-0.000953722
-0.000928903
-0.000903848
-0.00087861
-0.000853243
-0.000827799
-0.00080233
-0.000776886
-0.000751515
-0.000726262
-0.000701173
-0.00067629
-0.000651653
-0.000627301
-0.00060327
-0.000579592
-0.000556301
-0.000533424
-0.000510989
-0.00048902
-0.000467538
-0.000446564
-0.000426114
-0.000406204
-0.000386847
-0.000368052
-0.000349828
-0.000332183
-0.000315119
-0.00029864
-0.000282747
-0.000267438
-0.000252711
-0.000238562
-0.000224986
-0.000211974
-0.000199521
-0.000187616
-0.000176249
-0.000165409
-0.000155084
-0.000145262
-0.000135929
-0.000127071
-0.000118675
-0.000110725
-0.000103207
-9.61058e-05
-8.94057e-05
-8.30915e-05
-7.71478e-05
-7.15594e-05
-6.6311e-05
-6.13876e-05
-5.67743e-05
-5.24564e-05
-4.84195e-05
-4.46497e-05
-4.11333e-05
-3.78568e-05
-3.48072e-05
-3.19721e-05
-2.93393e-05
-2.68969e-05
-2.46339e-05
-2.25392e-05
-2.06025e-05
-1.88138e-05
-1.71637e-05
-1.5643e-05
-1.42431e-05
-1.29558e-05
-1.17734e-05
-1.06884e-05
-9.69398e-06
-8.78347e-06
-7.95072e-06
-7.1899e-06
-6.49553e-06
-5.86249e-06
-5.28599e-06
-4.76152e-06
-4.28491e-06
-3.85223e-06
-3.45987e-06
-3.10444e-06
-2.7828e-06
-2.49205e-06
-2.2295e-06
-1.99267e-06
-1.77925e-06
-1.58714e-06
-1.41439e-06
-1.25922e-06
-1.11997e-06
-9.95149e-07
-8.83377e-07
-7.83394e-07
-6.94048e-07
-6.14292e-07
-5.43171e-07
-4.79815e-07
-4.23435e-07
-3.73316e-07
-3.28807e-07
-2.89322e-07
-2.54331e-07
-2.23353e-07
-1.95957e-07
-1.71753e-07
-1.50392e-07
-1.31559e-07
-1.14972e-07
-1.00378e-07
-8.75516e-08
-7.62894e-08
-6.64109e-08
-5.77552e-08
-5.01786e-08
-4.35534e-08
-3.7766e-08
-3.27157e-08
-2.8313e-08
-2.4479e-08
-2.11435e-08
-1.82446e-08
-1.57278e-08
-1.3545e-08
-1.16537e-08
-1.00168e-08
-8.60133e-09
-7.37869e-09
-6.32367e-09
-5.4142e-09
-4.63101e-09
-3.95725e-09
-3.37821e-09
-2.88108e-09
-2.45471e-09
-2.0894e-09
-1.77672e-09
-1.50935e-09
-1.28097e-09
-1.08609e-09
-9.19951e-10
-7.78468e-10
-6.58101e-10
-5.55803e-10
-4.68948e-10
-3.9528e-10
-3.32859e-10
-2.80022e-10
-2.35342e-10
-1.97598e-10
-1.65745e-10
-1.38892e-10
-1.16275e-10
-9.72466e-11
-8.12526e-11
-6.78228e-11
-5.65575e-11
-4.71173e-11
-3.92145e-11
-3.26053e-11
-2.70836e-11
-2.24751e-11
-0.00018725
-0.000199132
-0.000211561
-0.000224547
-0.000238097
-0.000252218
-0.000266916
-0.000282195
-0.000298057
-0.000314504
-0.000331534
-0.000349146
-0.000367334
-0.000386092
-0.000405412
-0.000425283
-0.000445693
-0.000466626
-0.000488066
-0.000509992
-0.000532384
-0.000555216
-0.000578462
-0.000602093
-0.000626077
-0.000650382
-0.00067497
-0.000699805
-0.000724845
-0.000750048
-0.00077537
-0.000800765
-0.000826184
-0.000851578
-0.000876895
-0.000902084
-0.000927091
-0.000951861
-0.000976339
-0.00100047
-0.00102419
-0.00104746
-0.00107021
-0.00109238
-0.00111393
-0.00113479
-0.00115491
-0.00117424
-0.00119274
-0.00121034
-0.001227
-0.00124267
-0.00125732
-0.0012709
-0.00128337
-0.0012947
-0.00130486
-0.00131381
-0.00132153
-0.001328
-0.00133319
-0.00133711
-0.00133972
-0.00134103
-0.00134103
-0.00133972
-0.00133711
-0.00133319
-0.001328
-0.00132153
-0.00131381
-0.00130486
-0.0012947
-0.00128337
-0.0012709
-0.00125732
-0.00124267
-0.001227
-0.00121034
-0.00119274
-0.00117424
-0.00115491
-0.00113479
-0.00111393
-0.00109238
-0.00107021
-0.00104746
-0.00102419
-0.00100047
-0.000976339
-0.000951861
-0.000927091
-0.000902084
-0.000876895
-0.000851578
-0.000826184
-0.000800765
-0.00077537
-0.000750048
-0.000724845
-0.000699805
-0.00067497
-0.000650382
-0.000626077
-0.000602093
-0.000578462
-0.000555216
-0.000532384
-0.000509992
-0.000488066
-0.000466626
-0.000445693
-0.000425283
-0.000405412
-0.000386092
-0.000367334
-0.000349146
-0.000331534
-0.000314504
-0.000298057
-0.000282195
-0.000266916
-0.000252218
-0.000238097
-0.000224547
-0.000211561
-0.000199132
-0.00018725
-0.000175905
-0.000165086
-0.000154781
-0.000144978
-0.000135663
-0.000126823
-0.000118443
-0.000110509
-0.000103006
-9.59183e-05
-8.92313e-05
-8.29294e-05
-7.69973e-05
-7.14198e-05
-6.61817e-05
-6.12678e-05
-5.66635e-05
-5.2354e-05
-4.83251e-05
-4.45626e-05
-4.1053e-05
-3.77829e-05
-3.47393e-05
-3.19097e-05
-2.9282e-05
-2.68445e-05
-2.45858e-05
-2.24952e-05
-2.05623e-05
-1.87771e-05
-1.71302e-05
-1.56124e-05
-1.42153e-05
-1.29305e-05
-1.17504e-05
-1.06676e-05
-9.67506e-06
-8.76634e-06
-7.93521e-06
-7.17587e-06
-6.48286e-06
-5.85106e-06
-5.27567e-06
-4.75223e-06
-4.27655e-06
-3.84472e-06
-3.45312e-06
-3.09838e-06
-2.77737e-06
-2.48719e-06
-2.22515e-06
-1.98878e-06
-1.77578e-06
-1.58404e-06
-1.41163e-06
-1.25676e-06
-1.11778e-06
-9.93208e-07
-8.81654e-07
-7.81865e-07
-6.92694e-07
-6.13094e-07
-5.42111e-07
-4.78879e-07
-4.22609e-07
-3.72587e-07
-3.28165e-07
-2.88758e-07
-2.53834e-07
-2.22917e-07
-1.95574e-07
-1.71418e-07
-1.50098e-07
-1.31302e-07
-1.14748e-07
-1.00183e-07
-8.73808e-08
-7.61405e-08
-6.62814e-08
-5.76425e-08
-5.00807e-08
-4.34684e-08
-3.76923e-08
-3.26518e-08
-2.82578e-08
-2.44312e-08
-2.11022e-08
-1.8209e-08
-1.56971e-08
-1.35186e-08
-1.1631e-08
-9.99722e-09
-8.58454e-09
-7.36429e-09
-6.31133e-09
-5.40364e-09
-4.62198e-09
-3.94953e-09
-3.37162e-09
-2.87546e-09
-2.44992e-09
-2.08532e-09
-1.77325e-09
-1.50641e-09
-1.27847e-09
-1.08397e-09
-9.18156e-10
-7.76949e-10
-6.56817e-10
-5.54718e-10
-4.68033e-10
-3.94508e-10
-3.32209e-10
-2.79475e-10
-2.34883e-10
-1.97212e-10
-1.65422e-10
-1.38621e-10
-1.16048e-10
-9.70568e-11
-8.1094e-11
-6.76904e-11
-5.64471e-11
-4.70254e-11
-3.9138e-11
-3.25417e-11
-2.70308e-11
-2.24312e-11
-0.000186702
-0.000198549
-0.000210942
-0.00022389
-0.0002374
-0.00025148
-0.000266135
-0.00028137
-0.000297185
-0.000313584
-0.000330564
-0.000348124
-0.000366259
-0.000384962
-0.000404226
-0.000424039
-0.000444389
-0.000465261
-0.000486638
-0.0005085
-0.000530826
-0.000553591
-0.000576769
-0.000600331
-0.000624246
-0.000648479
-0.000672996
-0.000697758
-0.000722725
-0.000747854
-0.000773102
-0.000798422
-0.000823767
-0.000849087
-0.00087433
-0.000899445
-0.000924379
-0.000949076
-0.000973483
-0.000997542
-0.0010212
-0.00104439
-0.00106708
-0.00108918
-0.00111067
-0.00113147
-0.00115153
-0.00117081
-0.00118925
-0.0012068
-0.00122341
-0.00123904
-0.00125364
-0.00126718
-0.00127962
-0.00129091
-0.00130104
-0.00130996
-0.00131766
-0.00132411
-0.00132929
-0.00133319
-0.0013358
-0.00133711
-0.00133711
-0.0013358
-0.00133319
-0.00132929
-0.00132411
-0.00131766
-0.00130996
-0.00130104
-0.00129091
-0.00127962
-0.00126718
-0.00125364
-0.00123904
-0.00122341
-0.0012068
-0.00118925
-0.00117081
-0.00115153
-0.00113147
-0.00111067
-0.00108918
-0.00106708
-0.00104439
-0.0010212
-0.000997542
-0.000973483
-0.000949076
-0.000924379
-0.000899445
-0.00087433
-0.000849087
-0.000823767
-0.000798422
-0.000773102
-0.000747854
-0.000722725
-0.000697758
-0.000672996
-0.000648479
-0.000624246
-0.000600331
-0.000576769
-0.000553591
-0.000530826
-0.0005085
-0.000486638
-0.000465261
-0.000444389
-0.000424039
-0.000404226
-0.000384962
-0.000366259
-0.000348124
-0.000330564
-0.000313584
-0.000297185
-0.00028137
-0.000266135
-0.00025148
-0.0002374
-0.00022389
-0.000210942
-0.000198549
-0.000186702
-0.00017539
-0.000164603
-0.000154328
-0.000144554
-0.000135267
-0.000126452
-0.000118097
-0.000110186
-0.000102705
-9.56377e-05
-8.89702e-05
-8.26868e-05
-7.67721e-05
-7.12109e-05
-6.5988e-05
-6.10886e-05
-5.64977e-05
-5.22008e-05
-4.81837e-05
-4.44323e-05
-4.09329e-05
-3.76724e-05
-3.46377e-05
-3.18164e-05
-2.91964e-05
-2.67659e-05
-2.45139e-05
-2.24294e-05
-2.05021e-05
-1.87222e-05
-1.708e-05
-1.55668e-05
-1.41737e-05
-1.28927e-05
-1.1716e-05
-1.06364e-05
-9.64676e-06
-8.74069e-06
-7.91199e-06
-7.15487e-06
-6.46389e-06
-5.83394e-06
-5.26024e-06
-4.73833e-06
-4.26403e-06
-3.83347e-06
-3.44302e-06
-3.08932e-06
-2.76925e-06
-2.47991e-06
-2.21864e-06
-1.98296e-06
-1.77058e-06
-1.57941e-06
-1.4075e-06
-1.25308e-06
-1.11451e-06
-9.90302e-07
-8.79074e-07
-7.79578e-07
-6.90668e-07
-6.113e-07
-5.40525e-07
-4.77478e-07
-4.21373e-07
-3.71497e-07
-3.27205e-07
-2.87913e-07
-2.53092e-07
-2.22265e-07
-1.95002e-07
-1.70916e-07
-1.49659e-07
-1.30918e-07
-1.14412e-07
-9.98895e-08
-8.71252e-08
-7.59178e-08
-6.60875e-08
-5.74739e-08
-4.99342e-08
-4.33412e-08
-3.7582e-08
-3.25563e-08
-2.81751e-08
-2.43597e-08
-2.10405e-08
-1.81557e-08
-1.56512e-08
-1.3479e-08
-1.1597e-08
-9.96797e-09
-8.55943e-09
-7.34275e-09
-6.29286e-09
-5.38783e-09
-4.60846e-09
-3.93797e-09
-3.36176e-09
-2.86705e-09
-2.44276e-09
-2.07922e-09
-1.76806e-09
-1.502e-09
-1.27473e-09
-1.0808e-09
-9.1547e-10
-7.74676e-10
-6.54896e-10
-5.53096e-10
-4.66664e-10
-3.93354e-10
-3.31238e-10
-2.78658e-10
-2.34195e-10
-1.96635e-10
-1.64938e-10
-1.38215e-10
-1.15709e-10
-9.67729e-11
-8.08568e-11
-6.74924e-11
-5.6282e-11
-4.68878e-11
-3.90235e-11
-3.24465e-11
-2.69517e-11
-2.23656e-11
-0.000185974
-0.000197775
-0.00021012
-0.000223017
-0.000236475
-0.0002505
-0.000265098
-0.000280273
-0.000296027
-0.000312361
-0.000329276
-0.000346767
-0.000364831
-0.000383461
-0.00040265
-0.000422386
-0.000442656
-0.000463447
-0.000484741
-0.000506518
-0.000528757
-0.000551433
-0.000574521
-0.000597991
-0.000621812
-0.000645951
-0.000670372
-0.000695037
-0.000719907
-0.000744939
-0.000770088
-0.00079531
-0.000820555
-0.000845776
-0.000870921
-0.000895939
-0.000920775
-0.000945376
-0.000969687
-0.000993653
-0.00101722
-0.00104032
-0.00106292
-0.00108494
-0.00110634
-0.00112706
-0.00114704
-0.00116624
-0.00118461
-0.00120209
-0.00121864
-0.00123421
-0.00124876
-0.00126224
-0.00127463
-0.00128588
-0.00129597
-0.00130486
-0.00131252
-0.00131895
-0.00132411
-0.001328
-0.00133059
-0.00133189
-0.00133189
-0.00133059
-0.001328
-0.00132411
-0.00131895
-0.00131252
-0.00130486
-0.00129597
-0.00128588
-0.00127463
-0.00126224
-0.00124876
-0.00123421
-0.00121864
-0.00120209
-0.00118461
-0.00116624
-0.00114704
-0.00112706
-0.00110634
-0.00108494
-0.00106292
-0.00104032
-0.00101722
-0.000993653
-0.000969687
-0.000945376
-0.000920775
-0.000895939
-0.000870921
-0.000845776
-0.000820555
-0.00079531
-0.000770088
-0.000744939
-0.000719907
-0.000695037
-0.000670372
-0.000645951
-0.000621812
-0.000597991
-0.000574521
-0.000551433
-0.000528757
-0.000506518
-0.000484741
-0.000463447
-0.000442656
-0.000422386
-0.00040265
-0.000383461
-0.000364831
-0.000346767
-0.000329276
-0.000312361
-0.000296027
-0.000280273
-0.000265098
-0.0002505
-0.000236475
-0.000223017
-0.00021012
-0.000197775
-0.000185974
-0.000174706
-0.000163961
-0.000153727
-0.00014399
-0.000134739
-0.000125959
-0.000117636
-0.000109756
-0.000102304
-9.52649e-05
-8.86234e-05
-8.23644e-05
-7.64728e-05
-7.09332e-05
-6.57308e-05
-6.08504e-05
-5.62774e-05
-5.19973e-05
-4.79958e-05
-4.4259e-05
-4.07733e-05
-3.75255e-05
-3.45026e-05
-3.16923e-05
-2.90825e-05
-2.66616e-05
-2.44183e-05
-2.23419e-05
-2.04222e-05
-1.86492e-05
-1.70135e-05
-1.55061e-05
-1.41184e-05
-1.28424e-05
-1.16704e-05
-1.05949e-05
-9.60915e-06
-8.70661e-06
-7.88115e-06
-7.12698e-06
-6.43869e-06
-5.81119e-06
-5.23973e-06
-4.71986e-06
-4.24741e-06
-3.81853e-06
-3.4296e-06
-3.07727e-06
-2.75845e-06
-2.47025e-06
-2.20999e-06
-1.97523e-06
-1.76368e-06
-1.57325e-06
-1.40202e-06
-1.2482e-06
-1.11017e-06
-9.86441e-07
-8.75647e-07
-7.76538e-07
-6.87975e-07
-6.08917e-07
-5.38418e-07
-4.75616e-07
-4.1973e-07
-3.70049e-07
-3.2593e-07
-2.86791e-07
-2.52105e-07
-2.21398e-07
-1.94242e-07
-1.7025e-07
-1.49076e-07
-1.30408e-07
-1.13966e-07
-9.95001e-08
-8.67855e-08
-7.56218e-08
-6.58298e-08
-5.72498e-08
-4.97395e-08
-4.31722e-08
-3.74355e-08
-3.24294e-08
-2.80653e-08
-2.42648e-08
-2.09584e-08
-1.8085e-08
-1.55902e-08
-1.34265e-08
-1.15518e-08
-9.92911e-09
-8.52606e-09
-7.31412e-09
-6.26833e-09
-5.36683e-09
-4.59049e-09
-3.92262e-09
-3.34865e-09
-2.85587e-09
-2.43323e-09
-2.07112e-09
-1.76117e-09
-1.49615e-09
-1.26976e-09
-1.07658e-09
-9.11901e-10
-7.71656e-10
-6.52343e-10
-5.50939e-10
-4.64844e-10
-3.91821e-10
-3.29946e-10
-2.77571e-10
-2.33282e-10
-1.95869e-10
-1.64295e-10
-1.37676e-10
-1.15258e-10
-9.63956e-11
-8.05416e-11
-6.72293e-11
-5.60626e-11
-4.6705e-11
-3.88714e-11
-3.232e-11
-2.68466e-11
-2.22784e-11
-0.000185068
-0.000196812
-0.000209096
-0.00022193
-0.000235323
-0.00024928
-0.000263806
-0.000278907
-0.000294585
-0.00031084
-0.000327672
-0.000345078
-0.000363054
-0.000381594
-0.000400689
-0.000420328
-0.0004405
-0.00046119
-0.00048238
-0.000504051
-0.000526181
-0.000548747
-0.000571722
-0.000595078
-0.000618783
-0.000642805
-0.000667107
-0.000691652
-0.0007164
-0.00074131
-0.000766337
-0.000791436
-0.000816559
-0.000841657
-0.000866679
-0.000891575
-0.00091629
-0.000940771
-0.000964964
-0.000988813
-0.00101226
-0.00103526
-0.00105774
-0.00107965
-0.00110095
-0.00112157
-0.00114146
-0.00116056
-0.00117884
-0.00119624
-0.0012127
-0.0012282
-0.00124267
-0.00125609
-0.00126842
-0.00127962
-0.00128965
-0.0012985
-0.00130613
-0.00131252
-0.00131766
-0.00132153
-0.00132411
-0.00132541
-0.00132541
-0.00132411
-0.00132153
-0.00131766
-0.00131252
-0.00130613
-0.0012985
-0.00128965
-0.00127962
-0.00126842
-0.00125609
-0.00124267
-0.0012282
-0.0012127
-0.00119624
-0.00117884
-0.00116056
-0.00114146
-0.00112157
-0.00110095
-0.00107965
-0.00105774
-0.00103526
-0.00101226
-0.000988813
-0.000964964
-0.000940771
-0.00091629
-0.000891575
-0.000866679
-0.000841657
-0.000816559
-0.000791436
-0.000766337
-0.00074131
-0.0007164
-0.000691652
-0.000667107
-0.000642805
-0.000618783
-0.000595078
-0.000571722
-0.000548747
-0.000526181
-0.000504051
-0.00048238
-0.00046119
-0.0004405
-0.000420328
-0.000400689
-0.000381594
-0.000363054
-0.000345078
-0.000327672
-0.00031084
-0.000294585
-0.000278907
-0.000263806
-0.00024928
-0.000235323
-0.00022193
-0.000209096
-0.000196812
-0.000185068
-0.000173855
-0.000163163
-0.000152978
-0.000143289
-0.000134083
-0.000125346
-0.000117063
-0.000109222
-0.000101806
-9.48008e-05
-8.81917e-05
-8.19632e-05
-7.61003e-05
-7.05877e-05
-6.54106e-05
-6.0554e-05
-5.60033e-05
-5.17441e-05
-4.77621e-05
-4.40435e-05
-4.05747e-05
-3.73427e-05
-3.43346e-05
-3.1538e-05
-2.89409e-05
-2.65317e-05
-2.42994e-05
-2.22331e-05
-2.03227e-05
-1.85583e-05
-1.69306e-05
-1.54305e-05
-1.40497e-05
-1.27799e-05
-1.16135e-05
-1.05433e-05
-9.56234e-06
-8.6642e-06
-7.84276e-06
-7.09227e-06
-6.40733e-06
-5.78289e-06
-5.21421e-06
-4.69687e-06
-4.22672e-06
-3.79993e-06
-3.41289e-06
-3.06228e-06
-2.74501e-06
-2.45821e-06
-2.19923e-06
-1.96561e-06
-1.75509e-06
-1.56559e-06
-1.39519e-06
-1.24212e-06
-1.10476e-06
-9.81636e-07
-8.71382e-07
-7.72756e-07
-6.84624e-07
-6.05951e-07
-5.35795e-07
-4.733e-07
-4.17686e-07
-3.68246e-07
-3.24342e-07
-2.85394e-07
-2.50877e-07
-2.2032e-07
-1.93296e-07
-1.69421e-07
-1.4835e-07
-1.29773e-07
-1.13411e-07
-9.90154e-08
-8.63628e-08
-7.52534e-08
-6.55091e-08
-5.69709e-08
-4.94972e-08
-4.29619e-08
-3.72532e-08
-3.22714e-08
-2.79286e-08
-2.41466e-08
-2.08564e-08
-1.79969e-08
-1.55143e-08
-1.33611e-08
-1.14955e-08
-9.88075e-09
-8.48453e-09
-7.2785e-09
-6.2378e-09
-5.34068e-09
-4.56813e-09
-3.90351e-09
-3.33234e-09
-2.84196e-09
-2.42138e-09
-2.06103e-09
-1.75259e-09
-1.48886e-09
-1.26358e-09
-1.07134e-09
-9.07459e-10
-7.67897e-10
-6.49165e-10
-5.48256e-10
-4.6258e-10
-3.89912e-10
-3.28339e-10
-2.76219e-10
-2.32146e-10
-1.94915e-10
-1.63495e-10
-1.37006e-10
-1.14696e-10
-9.59261e-11
-8.01492e-11
-6.69018e-11
-5.57895e-11
-4.64775e-11
-3.8682e-11
-3.21626e-11
-2.67159e-11
-2.21699e-11
-0.000183987
-0.000195662
-0.000207875
-0.000220634
-0.000233948
-0.000247823
-0.000262265
-0.000277278
-0.000292864
-0.000309024
-0.000325758
-0.000343062
-0.000360933
-0.000379364
-0.000398348
-0.000417873
-0.000437927
-0.000458495
-0.000479561
-0.000501106
-0.000523107
-0.000545541
-0.000568382
-0.000591601
-0.000615168
-0.000639049
-0.000663209
-0.000687611
-0.000712215
-0.000736979
-0.00076186
-0.000786812
-0.000811788
-0.000836739
-0.000861616
-0.000886366
-0.000910937
-0.000935275
-0.000959326
-0.000983036
-0.00100635
-0.00102921
-0.00105156
-0.00107335
-0.00109452
-0.00111501
-0.00113479
-0.00115378
-0.00117195
-0.00118925
-0.00120562
-0.00122102
-0.00123541
-0.00124876
-0.00126101
-0.00127214
-0.00128212
-0.00129091
-0.0012985
-0.00130486
-0.00130996
-0.00131381
-0.00131638
-0.00131766
-0.00131766
-0.00131638
-0.00131381
-0.00130996
-0.00130486
-0.0012985
-0.00129091
-0.00128212
-0.00127214
-0.00126101
-0.00124876
-0.00123541
-0.00122102
-0.00120562
-0.00118925
-0.00117195
-0.00115378
-0.00113479
-0.00111501
-0.00109452
-0.00107335
-0.00105156
-0.00102921
-0.00100635
-0.000983036
-0.000959326
-0.000935275
-0.000910937
-0.000886366
-0.000861616
-0.000836739
-0.000811788
-0.000786812
-0.00076186
-0.000736979
-0.000712215
-0.000687611
-0.000663209
-0.000639049
-0.000615168
-0.000591601
-0.000568382
-0.000545541
-0.000523107
-0.000501106
-0.000479561
-0.000458495
-0.000437927
-0.000417873
-0.000398348
-0.000379364
-0.000360933
-0.000343062
-0.000325758
-0.000309024
-0.000292864
-0.000277278
-0.000262265
-0.000247823
-0.000233948
-0.000220634
-0.000207875
-0.000195662
-0.000183987
-0.00017284
-0.000162209
-0.000152084
-0.000142452
-0.0001333
-0.000124613
-0.00011638
-0.000108584
-0.000101211
-9.4247e-05
-8.76764e-05
-8.14844e-05
-7.56557e-05
-7.01753e-05
-6.50285e-05
-6.02003e-05
-5.56761e-05
-5.14418e-05
-4.7483e-05
-4.37861e-05
-4.03377e-05
-3.71245e-05
-3.4134e-05
-3.13537e-05
-2.87718e-05
-2.63767e-05
-2.41574e-05
-2.21032e-05
-2.0204e-05
-1.84499e-05
-1.68317e-05
-1.53404e-05
-1.39676e-05
-1.27052e-05
-1.15457e-05
-1.04817e-05
-9.50648e-06
-8.61359e-06
-7.79694e-06
-7.05083e-06
-6.36989e-06
-5.7491e-06
-5.18375e-06
-4.66943e-06
-4.20203e-06
-3.77773e-06
-3.39295e-06
-3.04439e-06
-2.72898e-06
-2.44385e-06
-2.18638e-06
-1.95412e-06
-1.74484e-06
-1.55644e-06
-1.38704e-06
-1.23486e-06
-1.09831e-06
-9.75902e-07
-8.66291e-07
-7.68241e-07
-6.80624e-07
-6.02411e-07
-5.32665e-07
-4.70535e-07
-4.15245e-07
-3.66095e-07
-3.22447e-07
-2.83726e-07
-2.49411e-07
-2.19033e-07
-1.92166e-07
-1.68431e-07
-1.47483e-07
-1.29014e-07
-1.12748e-07
-9.8437e-08
-8.58582e-08
-7.48138e-08
-6.51264e-08
-5.66381e-08
-4.9208e-08
-4.2711e-08
-3.70355e-08
-3.20829e-08
-2.77654e-08
-2.40055e-08
-2.07345e-08
-1.78917e-08
-1.54236e-08
-1.3283e-08
-1.14283e-08
-9.82302e-09
-8.43496e-09
-7.23597e-09
-6.20136e-09
-5.30948e-09
-4.54144e-09
-3.88071e-09
-3.31287e-09
-2.82536e-09
-2.40724e-09
-2.04899e-09
-1.74235e-09
-1.48016e-09
-1.2562e-09
-1.06508e-09
-9.02157e-10
-7.63411e-10
-6.45373e-10
-5.45053e-10
-4.59878e-10
-3.87634e-10
-3.26421e-10
-2.74606e-10
-2.3079e-10
-1.93776e-10
-1.6254e-10
-1.36205e-10
-1.14026e-10
-9.53657e-11
-7.9681e-11
-6.6511e-11
-5.54636e-11
-4.6206e-11
-3.8456e-11
-3.19747e-11
-2.65598e-11
-2.20403e-11
-0.000182733
-0.000194329
-0.000206458
-0.000219131
-0.000232354
-0.000246135
-0.000260479
-0.000275389
-0.000290869
-0.000306919
-0.000323538
-0.000340725
-0.000358474
-0.00037678
-0.000395634
-0.000415026
-0.000434943
-0.000455372
-0.000476294
-0.000497692
-0.000519543
-0.000541825
-0.00056451
-0.000587571
-0.000610977
-0.000634696
-0.000658691
-0.000682927
-0.000707363
-0.000731958
-0.00075667
-0.000781452
-0.000806258
-0.000831039
-0.000855746
-0.000880327
-0.000904731
-0.000928903
-0.000952791
-0.000976339
-0.000999492
-0.0010222
-0.00104439
-0.00106603
-0.00108706
-0.00110742
-0.00112706
-0.00114592
-0.00116397
-0.00118114
-0.0011974
-0.0012127
-0.001227
-0.00124025
-0.00125242
-0.00126348
-0.00127339
-0.00128212
-0.00128965
-0.00129597
-0.00130104
-0.00130486
-0.00130741
-0.00130869
-0.00130869
-0.00130741
-0.00130486
-0.00130104
-0.00129597
-0.00128965
-0.00128212
-0.00127339
-0.00126348
-0.00125242
-0.00124025
-0.001227
-0.0012127
-0.0011974
-0.00118114
-0.00116397
-0.00114592
-0.00112706
-0.00110742
-0.00108706
-0.00106603
-0.00104439
-0.0010222
-0.000999492
-0.000976339
-0.000952791
-0.000928903
-0.000904731
-0.000880327
-0.000855746
-0.000831039
-0.000806258
-0.000781452
-0.00075667
-0.000731958
-0.000707363
-0.000682927
-0.000658691
-0.000634696
-0.000610977
-0.000587571
-0.00056451
-0.000541825
-0.000519543
-0.000497692
-0.000476294
-0.000455372
-0.000434943
-0.000415026
-0.000395634
-0.00037678
-0.000358474
-0.000340725
-0.000323538
-0.000306919
-0.000290869
-0.000275389
-0.000260479
-0.000246135
-0.000232354
-0.000219131
-0.000206458
-0.000194329
-0.000182733
-0.000171662
-0.000161104
-0.000151048
-0.000141481
-0.000132391
-0.000123764
-0.000115587
-0.000107844
-0.000100522
-9.36049e-05
-8.70791e-05
-8.09292e-05
-7.51403e-05
-6.96973e-05
-6.45855e-05
-5.97901e-05
-5.52968e-05
-5.10913e-05
-4.71595e-05
-4.34878e-05
-4.00629e-05
-3.68716e-05
-3.39015e-05
-3.11401e-05
-2.85758e-05
-2.6197e-05
-2.39928e-05
-2.19526e-05
-2.00663e-05
-1.83242e-05
-1.6717e-05
-1.52359e-05
-1.38724e-05
-1.26187e-05
-1.1467e-05
-1.04103e-05
-9.44172e-06
-8.55491e-06
-7.74382e-06
-7.0028e-06
-6.3265e-06
-5.70994e-06
-5.14843e-06
-4.63761e-06
-4.1734e-06
-3.75199e-06
-3.36984e-06
-3.02365e-06
-2.71039e-06
-2.4272e-06
-2.17148e-06
-1.94081e-06
-1.73295e-06
-1.54584e-06
-1.37759e-06
-1.22645e-06
-1.09083e-06
-9.69253e-07
-8.60389e-07
-7.63008e-07
-6.75987e-07
-5.98307e-07
-5.29036e-07
-4.67329e-07
-4.12416e-07
-3.63601e-07
-3.20251e-07
-2.81793e-07
-2.47712e-07
-2.17541e-07
-1.90857e-07
-1.67283e-07
-1.46478e-07
-1.28135e-07
-1.1198e-07
-9.77663e-08
-8.52733e-08
-7.43041e-08
-6.46827e-08
-5.62523e-08
-4.88728e-08
-4.242e-08
-3.67832e-08
-3.18643e-08
-2.75763e-08
-2.3842e-08
-2.05932e-08
-1.77698e-08
-1.53186e-08
-1.31925e-08
-1.13505e-08
-9.7561e-09
-8.3775e-09
-7.18668e-09
-6.15911e-09
-5.27331e-09
-4.5105e-09
-3.85427e-09
-3.2903e-09
-2.80611e-09
-2.39084e-09
-2.03503e-09
-1.73048e-09
-1.47008e-09
-1.24764e-09
-1.05782e-09
-8.96011e-10
-7.5821e-10
-6.40976e-10
-5.4134e-10
-4.56745e-10
-3.84993e-10
-3.24197e-10
-2.72735e-10
-2.29218e-10
-1.92456e-10
-1.61432e-10
-1.35277e-10
-1.1325e-10
-9.4716e-11
-7.91382e-11
-6.60579e-11
-5.50857e-11
-4.58912e-11
-3.8194e-11
-3.17569e-11
-2.63788e-11
-2.18902e-11
-0.000181311
-0.000192817
-0.000204852
-0.000217426
-0.000230546
-0.000244219
-0.000258451
-0.000273246
-0.000288605
-0.00030453
-0.00032102
-0.000338073
-0.000355684
-0.000373848
-0.000392555
-0.000411796
-0.000431559
-0.000451828
-0.000472588
-0.000493819
-0.0005155
-0.000537608
-0.000560117
-0.000582998
-0.000606222
-0.000629756
-0.000653565
-0.000677612
-0.000701858
-0.000726262
-0.000750781
-0.00077537
-0.000799983
-0.000824572
-0.000849087
-0.000873477
-0.00089769
-0.000921675
-0.000945376
-0.000968741
-0.000991714
-0.00101424
-0.00103627
-0.00105774
-0.0010786
-0.0010988
-0.00111829
-0.00113701
-0.00115491
-0.00117195
-0.00118809
-0.00120326
-0.00121745
-0.0012306
-0.00124267
-0.00125364
-0.00126348
-0.00127214
-0.00127962
-0.00128588
-0.00129091
-0.0012947
-0.00129723
-0.0012985
-0.0012985
-0.00129723
-0.0012947
-0.00129091
-0.00128588
-0.00127962
-0.00127214
-0.00126348
-0.00125364
-0.00124267
-0.0012306
-0.00121745
-0.00120326
-0.00118809
-0.00117195
-0.00115491
-0.00113701
-0.00111829
-0.0010988
-0.0010786
-0.00105774
-0.00103627
-0.00101424
-0.000991714
-0.000968741
-0.000945376
-0.000921675
-0.00089769
-0.000873477
-0.000849087
-0.000824572
-0.000799983
-0.00077537
-0.000750781
-0.000726262
-0.000701858
-0.000677612
-0.000653565
-0.000629756
-0.000606222
-0.000582998
-0.000560117
-0.000537608
-0.0005155
-0.000493819
-0.000472588
-0.000451828
-0.000431559
-0.000411796
-0.000392555
-0.000373848
-0.000355684
-0.000338073
-0.00032102
-0.00030453
-0.000288605
-0.000273246
-0.000258451
-0.000244219
-0.000230546
-0.000217426
-0.000204852
-0.000192817
-0.000181311
-0.000170326
-0.000159851
-0.000149873
-0.00014038
-0.000131361
-0.000122801
-0.000114687
-0.000107005
-9.97393e-05
-9.28765e-05
-8.64015e-05
-8.02994e-05
-7.45555e-05
-6.91549e-05
-6.40828e-05
-5.93249e-05
-5.48665e-05
-5.06937e-05
-4.67925e-05
-4.31494e-05
-3.97511e-05
-3.65847e-05
-3.36376e-05
-3.08978e-05
-2.83534e-05
-2.59931e-05
-2.38061e-05
-2.17818e-05
-1.99102e-05
-1.81816e-05
-1.65869e-05
-1.51173e-05
-1.37645e-05
-1.25205e-05
-1.13778e-05
-1.03293e-05
-9.36824e-06
-8.48833e-06
-7.68356e-06
-6.9483e-06
-6.27727e-06
-5.6655e-06
-5.10837e-06
-4.60152e-06
-4.14092e-06
-3.72279e-06
-3.34361e-06
-3.00012e-06
-2.68929e-06
-2.40831e-06
-2.15459e-06
-1.92571e-06
-1.71946e-06
-1.53381e-06
-1.36687e-06
-1.2169e-06
-1.08234e-06
-9.6171e-07
-8.53694e-07
-7.5707e-07
-6.70727e-07
-5.93651e-07
-5.24919e-07
-4.63692e-07
-4.09207e-07
-3.60771e-07
-3.17758e-07
-2.796e-07
-2.45785e-07
-2.15848e-07
-1.89372e-07
-1.65982e-07
-1.45338e-07
-1.27138e-07
-1.11109e-07
-9.70055e-08
-8.46097e-08
-7.37259e-08
-6.41794e-08
-5.58145e-08
-4.84925e-08
-4.20899e-08
-3.6497e-08
-3.16163e-08
-2.73617e-08
-2.36564e-08
-2.0433e-08
-1.76315e-08
-1.51993e-08
-1.30899e-08
-1.12622e-08
-9.68018e-09
-8.3123e-09
-7.13075e-09
-6.11118e-09
-5.23227e-09
-4.4754e-09
-3.82428e-09
-3.2647e-09
-2.78427e-09
-2.37223e-09
-2.01919e-09
-1.71702e-09
-1.45864e-09
-1.23793e-09
-1.04959e-09
-8.89038e-10
-7.5231e-10
-6.35988e-10
-5.37127e-10
-4.5319e-10
-3.81997e-10
-3.21674e-10
-2.70612e-10
-2.27434e-10
-1.90958e-10
-1.60176e-10
-1.34225e-10
-1.12368e-10
-9.39789e-11
-7.85223e-11
-6.55438e-11
-5.4657e-11
-4.55341e-11
-3.78968e-11
-3.15097e-11
-2.61736e-11
-2.17198e-11
-0.000179725
-0.000191129
-0.000203059
-0.000215523
-0.000228529
-0.000242082
-0.00025619
-0.000270855
-0.00028608
-0.000301865
-0.000318211
-0.000335115
-0.000352572
-0.000370576
-0.00038912
-0.000408193
-0.000427782
-0.000447874
-0.000468452
-0.000489498
-0.000510989
-0.000532904
-0.000555216
-0.000577897
-0.000600918
-0.000624246
-0.000647846
-0.000671683
-0.000695717
-0.000719907
-0.000744211
-0.000768585
-0.000792983
-0.000817356
-0.000841657
-0.000865833
-0.000889835
-0.00091361
-0.000937104
-0.000960264
-0.000983036
-0.00100537
-0.0010272
-0.00104848
-0.00106916
-0.00108918
-0.0011085
-0.00112706
-0.0011448
-0.0011617
-0.00117769
-0.00119274
-0.0012068
-0.00121983
-0.0012318
-0.00124267
-0.00125242
-0.00126101
-0.00126842
-0.00127463
-0.00127962
-0.00128337
-0.00128588
-0.00128714
-0.00128714
-0.00128588
-0.00128337
-0.00127962
-0.00127463
-0.00126842
-0.00126101
-0.00125242
-0.00124267
-0.0012318
-0.00121983
-0.0012068
-0.00119274
-0.00117769
-0.0011617
-0.0011448
-0.00112706
-0.0011085
-0.00108918
-0.00106916
-0.00104848
-0.0010272
-0.00100537
-0.000983036
-0.000960264
-0.000937104
-0.00091361
-0.000889835
-0.000865833
-0.000841657
-0.000817356
-0.000792983
-0.000768585
-0.000744211
-0.000719907
-0.000695717
-0.000671683
-0.000647846
-0.000624246
-0.000600918
-0.000577897
-0.000555216
-0.000532904
-0.000510989
-0.000489498
-0.000468452
-0.000447874
-0.000427782
-0.000408193
-0.00038912
-0.000370576
-0.000352572
-0.000335115
-0.000318211
-0.000301865
-0.00028608
-0.000270855
-0.00025619
-0.000242082
-0.000228529
-0.000215523
-0.000203059
-0.000191129
-0.000179725
-0.000168836
-0.000158452
-0.000148561
-0.000139152
-0.000130212
-0.000121727
-0.000113684
-0.000106068
-9.88665e-05
-9.20638e-05
-8.56454e-05
-7.95968e-05
-7.39031e-05
-6.85497e-05
-6.35221e-05
-5.88057e-05
-5.43864e-05
-5.02501e-05
-4.63831e-05
-4.27718e-05
-3.94033e-05
-3.62646e-05
-3.33433e-05
-3.06274e-05
-2.81053e-05
-2.57657e-05
-2.35978e-05
-2.15912e-05
-1.9736e-05
-1.80225e-05
-1.64418e-05
-1.4985e-05
-1.3644e-05
-1.24109e-05
-1.12782e-05
-1.02389e-05
-9.28626e-06
-8.41405e-06
-7.61632e-06
-6.8875e-06
-6.22234e-06
-5.61593e-06
-5.06367e-06
-4.56126e-06
-4.10469e-06
-3.69021e-06
-3.31435e-06
-2.97387e-06
-2.66576e-06
-2.38724e-06
-2.13573e-06
-1.90886e-06
-1.70442e-06
-1.52039e-06
-1.35491e-06
-1.20625e-06
-1.07287e-06
-9.53295e-07
-8.46224e-07
-7.50445e-07
-6.64857e-07
-5.88456e-07
-5.20326e-07
-4.59635e-07
-4.05626e-07
-3.57614e-07
-3.14978e-07
-2.77154e-07
-2.43634e-07
-2.13959e-07
-1.87715e-07
-1.64529e-07
-1.44067e-07
-1.26026e-07
-1.10137e-07
-9.61567e-08
-8.38693e-08
-7.30807e-08
-6.36178e-08
-5.53261e-08
-4.80681e-08
-4.17216e-08
-3.61776e-08
-3.13397e-08
-2.71222e-08
-2.34494e-08
-2.02542e-08
-1.74773e-08
-1.50663e-08
-1.29753e-08
-1.11636e-08
-9.59547e-09
-8.23957e-09
-7.06835e-09
-6.0577e-09
-5.18649e-09
-4.43624e-09
-3.79081e-09
-3.23613e-09
-2.75991e-09
-2.35147e-09
-2.00152e-09
-1.70199e-09
-1.44587e-09
-1.2271e-09
-1.04041e-09
-8.81259e-10
-7.45727e-10
-6.30423e-10
-5.32427e-10
-4.49225e-10
-3.78655e-10
-3.18859e-10
-2.68244e-10
-2.25444e-10
-1.89287e-10
-1.58774e-10
-1.3305e-10
-1.11385e-10
-9.31565e-11
-7.78352e-11
-6.49702e-11
-5.41788e-11
-4.51356e-11
-3.75652e-11
-3.1234e-11
-2.59445e-11
-2.15298e-11
-0.000177978
-0.000189272
-0.000201086
-0.000213428
-0.000226308
-0.00023973
-0.0002537
-0.000268223
-0.0002833
-0.000298932
-0.000315119
-0.000331858
-0.000349146
-0.000366975
-0.000385338
-0.000404226
-0.000423625
-0.000443522
-0.0004639
-0.000484741
-0.000506023
-0.000527725
-0.00054982
-0.000572281
-0.000595078
-0.000618179
-0.00064155
-0.000665155
-0.000688956
-0.000712911
-0.000736979
-0.000761116
-0.000785277
-0.000809413
-0.000833477
-0.000857419
-0.000881188
-0.000904731
-0.000927997
-0.000950932
-0.000973483
-0.000995595
-0.00101722
-0.00103829
-0.00105877
-0.0010786
-0.00109773
-0.0011161
-0.00113368
-0.00115041
-0.00116624
-0.00118114
-0.00119507
-0.00120797
-0.00121983
-0.0012306
-0.00124025
-0.00124876
-0.00125609
-0.00126224
-0.00126718
-0.0012709
-0.00127339
-0.00127463
-0.00127463
-0.00127339
-0.0012709
-0.00126718
-0.00126224
-0.00125609
-0.00124876
-0.00124025
-0.0012306
-0.00121983
-0.00120797
-0.00119507
-0.00118114
-0.00116624
-0.00115041
-0.00113368
-0.0011161
-0.00109773
-0.0010786
-0.00105877
-0.00103829
-0.00101722
-0.000995595
-0.000973483
-0.000950932
-0.000927997
-0.000904731
-0.000881188
-0.000857419
-0.000833477
-0.000809413
-0.000785277
-0.000761116
-0.000736979
-0.000712911
-0.000688956
-0.000665155
-0.00064155
-0.000618179
-0.000595078
-0.000572281
-0.00054982
-0.000527725
-0.000506023
-0.000484741
-0.0004639
-0.000443522
-0.000423625
-0.000404226
-0.000385338
-0.000366975
-0.000349146
-0.000331858
-0.000315119
-0.000298932
-0.0002833
-0.000268223
-0.0002537
-0.00023973
-0.000226308
-0.000213428
-0.000201086
-0.000189272
-0.000177978
-0.000167195
-0.000156912
-0.000147117
-0.0001378
-0.000128946
-0.000120544
-0.000112579
-0.000105037
-9.79057e-05
-9.11691e-05
-8.48131e-05
-7.88232e-05
-7.31849e-05
-6.78836e-05
-6.29048e-05
-5.82342e-05
-5.38579e-05
-4.97618e-05
-4.59323e-05
-4.23562e-05
-3.90203e-05
-3.59121e-05
-3.30193e-05
-3.03298e-05
-2.78322e-05
-2.55153e-05
-2.33685e-05
-2.13814e-05
-1.95442e-05
-1.78474e-05
-1.6282e-05
-1.48394e-05
-1.35114e-05
-1.22903e-05
-1.11686e-05
-1.01394e-05
-9.19602e-06
-8.33228e-06
-7.54231e-06
-6.82057e-06
-6.16187e-06
-5.56135e-06
-5.01446e-06
-4.51693e-06
-4.0648e-06
-3.65435e-06
-3.28214e-06
-2.94497e-06
-2.63985e-06
-2.36404e-06
-2.11498e-06
-1.89031e-06
-1.68785e-06
-1.50561e-06
-1.34174e-06
-1.19453e-06
-1.06244e-06
-9.44031e-07
-8.38e-07
-7.43152e-07
-6.58396e-07
-5.82737e-07
-5.15269e-07
-4.55168e-07
-4.01684e-07
-3.54139e-07
-3.11917e-07
-2.7446e-07
-2.41266e-07
-2.1188e-07
-1.85891e-07
-1.6293e-07
-1.42667e-07
-1.24801e-07
-1.09066e-07
-9.52222e-08
-8.30543e-08
-7.23705e-08
-6.29995e-08
-5.47884e-08
-4.7601e-08
-4.13161e-08
-3.5826e-08
-3.10351e-08
-2.68587e-08
-2.32215e-08
-2.00574e-08
-1.73074e-08
-1.49199e-08
-1.28492e-08
-1.10551e-08
-9.50222e-09
-8.15949e-09
-6.99966e-09
-5.99883e-09
-5.13609e-09
-4.39313e-09
-3.75397e-09
-3.20468e-09
-2.73309e-09
-2.32862e-09
-1.98207e-09
-1.68545e-09
-1.43182e-09
-1.21517e-09
-1.0303e-09
-8.72695e-10
-7.3848e-10
-6.24296e-10
-5.27252e-10
-4.44859e-10
-3.74975e-10
-3.15761e-10
-2.65637e-10
-2.23253e-10
-1.87448e-10
-1.57231e-10
-1.31757e-10
-1.10302e-10
-9.22512e-11
-7.70788e-11
-6.43389e-11
-5.36522e-11
-4.4697e-11
-3.72001e-11
-3.09305e-11
-2.56924e-11
-2.13206e-11
-0.000176077
-0.00018725
-0.000198937
-0.000211148
-0.00022389
-0.000237168
-0.000250989
-0.000265357
-0.000280273
-0.000295738
-0.000311752
-0.000328312
-0.000345415
-0.000363054
-0.000381221
-0.000399907
-0.000419099
-0.000438783
-0.000458943
-0.000479561
-0.000500617
-0.000522086
-0.000543945
-0.000566166
-0.00058872
-0.000611574
-0.000634696
-0.000658048
-0.000681594
-0.000705294
-0.000729105
-0.000752984
-0.000776886
-0.000800765
-0.000824572
-0.000848258
-0.000871772
-0.000895064
-0.000918081
-0.000940771
-0.000963081
-0.000984958
-0.00100635
-0.0010272
-0.00104746
-0.00106708
-0.001086
-0.00110418
-0.00112157
-0.00113812
-0.00115378
-0.00116852
-0.0011823
-0.00119507
-0.0012068
-0.00121745
-0.001227
-0.00123541
-0.00124267
-0.00124876
-0.00125364
-0.00125732
-0.00125978
-0.00126101
-0.00126101
-0.00125978
-0.00125732
-0.00125364
-0.00124876
-0.00124267
-0.00123541
-0.001227
-0.00121745
-0.0012068
-0.00119507
-0.0011823
-0.00116852
-0.00115378
-0.00113812
-0.00112157
-0.00110418
-0.001086
-0.00106708
-0.00104746
-0.0010272
-0.00100635
-0.000984958
-0.000963081
-0.000940771
-0.000918081
-0.000895064
-0.000871772
-0.000848258
-0.000824572
-0.000800765
-0.000776886
-0.000752984
-0.000729105
-0.000705294
-0.000681594
-0.000658048
-0.000634696
-0.000611574
-0.00058872
-0.000566166
-0.000543945
-0.000522086
-0.000500617
-0.000479561
-0.000458943
-0.000438783
-0.000419099
-0.000399907
-0.000381221
-0.000363054
-0.000345415
-0.000328312
-0.000311752
-0.000295738
-0.000280273
-0.000265357
-0.000250989
-0.000237168
-0.00022389
-0.000211148
-0.000198937
-0.00018725
-0.000176077
-0.000165409
-0.000155235
-0.000145546
-0.000136327
-0.000127568
-0.000119256
-0.000111376
-0.000103915
-9.68596e-05
-9.0195e-05
-8.39069e-05
-7.7981e-05
-7.24029e-05
-6.71582e-05
-6.22327e-05
-5.7612e-05
-5.32824e-05
-4.92301e-05
-4.54415e-05
-4.19036e-05
-3.86034e-05
-3.55284e-05
-3.26665e-05
-3.00057e-05
-2.75348e-05
-2.52427e-05
-2.31188e-05
-2.11529e-05
-1.93353e-05
-1.76567e-05
-1.6108e-05
-1.46808e-05
-1.33671e-05
-1.2159e-05
-1.10493e-05
-1.0031e-05
-9.09776e-06
-8.24326e-06
-7.46172e-06
-6.74769e-06
-6.09603e-06
-5.50193e-06
-4.96088e-06
-4.46867e-06
-4.02137e-06
-3.61531e-06
-3.24708e-06
-2.9135e-06
-2.61165e-06
-2.33878e-06
-2.09238e-06
-1.87011e-06
-1.66982e-06
-1.48953e-06
-1.3274e-06
-1.18177e-06
-1.05109e-06
-9.33944e-07
-8.29046e-07
-7.35212e-07
-6.51362e-07
-5.76511e-07
-5.09764e-07
-4.50305e-07
-3.97392e-07
-3.50355e-07
-3.08584e-07
-2.71528e-07
-2.38688e-07
-2.09616e-07
-1.83904e-07
-1.61189e-07
-1.41142e-07
-1.23468e-07
-1.07901e-07
-9.42048e-08
-8.21669e-08
-7.15973e-08
-6.23264e-08
-5.4203e-08
-4.70924e-08
-4.08747e-08
-3.54432e-08
-3.07035e-08
-2.65717e-08
-2.29734e-08
-1.98431e-08
-1.71225e-08
-1.47605e-08
-1.27119e-08
-1.0937e-08
-9.40069e-09
-8.07231e-09
-6.92487e-09
-5.93474e-09
-5.08121e-09
-4.34619e-09
-3.71386e-09
-3.17044e-09
-2.70389e-09
-2.30374e-09
-1.96089e-09
-1.66744e-09
-1.41652e-09
-1.20219e-09
-1.01929e-09
-8.6337e-10
-7.30589e-10
-6.17626e-10
-5.21619e-10
-4.40106e-10
-3.70968e-10
-3.12387e-10
-2.62799e-10
-2.20867e-10
-1.85445e-10
-1.55551e-10
-1.30349e-10
-1.09124e-10
-9.12655e-11
-7.62552e-11
-6.36514e-11
-5.3079e-11
-4.42194e-11
-3.68027e-11
-3.06e-11
-2.54179e-11
-2.10928e-11
-0.000174025
-0.000185068
-0.00019662
-0.000208688
-0.000221281
-0.000234405
-0.000248065
-0.000262265
-0.000277007
-0.000292292
-0.00030812
-0.000324488
-0.000341391
-0.000358824
-0.00037678
-0.000395248
-0.000414216
-0.000433671
-0.000453596
-0.000473974
-0.000494784
-0.000516004
-0.000537608
-0.00055957
-0.000581861
-0.000604449
-0.000627301
-0.000650382
-0.000673653
-0.000697077
-0.00072061
-0.000744211
-0.000767835
-0.000791436
-0.000814965
-0.000838375
-0.000861616
-0.000884636
-0.000907385
-0.000929811
-0.000951861
-0.000973483
-0.000994623
-0.00101523
-0.00103526
-0.00105464
-0.00107335
-0.00109131
-0.0011085
-0.00112486
-0.00114034
-0.00115491
-0.00116852
-0.00118114
-0.00119274
-0.00120326
-0.0012127
-0.00122102
-0.0012282
-0.00123421
-0.00123904
-0.00124267
-0.0012451
-0.00124632
-0.00124632
-0.0012451
-0.00124267
-0.00123904
-0.00123421
-0.0012282
-0.00122102
-0.0012127
-0.00120326
-0.00119274
-0.00118114
-0.00116852
-0.00115491
-0.00114034
-0.00112486
-0.0011085
-0.00109131
-0.00107335
-0.00105464
-0.00103526
-0.00101523
-0.000994623
-0.000973483
-0.000951861
-0.000929811
-0.000907385
-0.000884636
-0.000861616
-0.000838375
-0.000814965
-0.000791436
-0.000767835
-0.000744211
-0.00072061
-0.000697077
-0.000673653
-0.000650382
-0.000627301
-0.000604449
-0.000581861
-0.00055957
-0.000537608
-0.000516004
-0.000494784
-0.000473974
-0.000453596
-0.000433671
-0.000414216
-0.000395248
-0.00037678
-0.000358824
-0.000341391
-0.000324488
-0.00030812
-0.000292292
-0.000277007
-0.000262265
-0.000248065
-0.000234405
-0.000221281
-0.000208688
-0.00019662
-0.000185068
-0.000174025
-0.000163482
-0.000153427
-0.00014385
-0.000134739
-0.000126082
-0.000117866
-0.000110078
-0.000102705
-9.57312e-05
-8.91442e-05
-8.29294e-05
-7.70725e-05
-7.15594e-05
-6.63758e-05
-6.15076e-05
-5.69408e-05
-5.26617e-05
-4.86565e-05
-4.49121e-05
-4.14154e-05
-3.81537e-05
-3.51145e-05
-3.22859e-05
-2.96561e-05
-2.7214e-05
-2.49486e-05
-2.28494e-05
-2.09065e-05
-1.91101e-05
-1.7451e-05
-1.59204e-05
-1.45098e-05
-1.32113e-05
-1.20173e-05
-1.09205e-05
-9.91418e-06
-8.99177e-06
-8.14722e-06
-7.37479e-06
-6.66908e-06
-6.02501e-06
-5.43783e-06
-4.90308e-06
-4.41661e-06
-3.97452e-06
-3.57319e-06
-3.20925e-06
-2.87956e-06
-2.58122e-06
-2.31153e-06
-2.068e-06
-1.84832e-06
-1.65037e-06
-1.47217e-06
-1.31194e-06
-1.168e-06
-1.03884e-06
-9.23063e-07
-8.19387e-07
-7.26646e-07
-6.43773e-07
-5.69794e-07
-5.03825e-07
-4.45058e-07
-3.92763e-07
-3.46273e-07
-3.04989e-07
-2.68364e-07
-2.35908e-07
-2.07174e-07
-1.81762e-07
-1.59312e-07
-1.39498e-07
-1.22029e-07
-1.06644e-07
-9.31073e-08
-8.12096e-08
-7.07631e-08
-6.16003e-08
-5.35715e-08
-4.65438e-08
-4.03984e-08
-3.50303e-08
-3.03458e-08
-2.62621e-08
-2.27058e-08
-1.96119e-08
-1.6923e-08
-1.45885e-08
-1.25638e-08
-1.08096e-08
-9.29117e-09
-7.97827e-09
-6.84419e-09
-5.86559e-09
-5.02201e-09
-4.29555e-09
-3.6706e-09
-3.1335e-09
-2.67238e-09
-2.2769e-09
-1.93805e-09
-1.64802e-09
-1.40002e-09
-1.18818e-09
-1.00741e-09
-8.53312e-10
-7.22078e-10
-6.1043e-10
-5.15542e-10
-4.34979e-10
-3.66647e-10
-3.08747e-10
-2.59738e-10
-2.18294e-10
-1.83284e-10
-1.53739e-10
-1.28831e-10
-1.07853e-10
-9.02023e-11
-7.53668e-11
-6.29099e-11
-5.24606e-11
-4.37042e-11
-3.63739e-11
-3.02435e-11
-2.51218e-11
-2.0847e-11
-0.00017183
-0.000182733
-0.000194139
-0.000206055
-0.00021849
-0.000231448
-0.000244936
-0.000258957
-0.000273513
-0.000288605
-0.000304233
-0.000320394
-0.000337084
-0.000354298
-0.000372027
-0.000390262
-0.000408991
-0.0004282
-0.000447874
-0.000467995
-0.000488543
-0.000509494
-0.000530826
-0.000552511
-0.000574521
-0.000596824
-0.000619388
-0.000642177
-0.000665155
-0.000688283
-0.00071152
-0.000734823
-0.000758149
-0.000781452
-0.000804684
-0.000827799
-0.000850747
-0.000873477
-0.000895939
-0.000918081
-0.000939853
-0.000961202
-0.000982076
-0.00100242
-0.0010222
-0.00104134
-0.00105981
-0.00107755
-0.00109452
-0.00111067
-0.00112596
-0.00114034
-0.00115378
-0.00116624
-0.00117769
-0.00118809
-0.0011974
-0.00120562
-0.0012127
-0.00121864
-0.00122341
-0.001227
-0.0012294
-0.0012306
-0.0012306
-0.0012294
-0.001227
-0.00122341
-0.00121864
-0.0012127
-0.00120562
-0.0011974
-0.00118809
-0.00117769
-0.00116624
-0.00115378
-0.00114034
-0.00112596
-0.00111067
-0.00109452
-0.00107755
-0.00105981
-0.00104134
-0.0010222
-0.00100242
-0.000982076
-0.000961202
-0.000939853
-0.000918081
-0.000895939
-0.000873477
-0.000850747
-0.000827799
-0.000804684
-0.000781452
-0.000758149
-0.000734823
-0.00071152
-0.000688283
-0.000665155
-0.000642177
-0.000619388
-0.000596824
-0.000574521
-0.000552511
-0.000530826
-0.000509494
-0.000488543
-0.000467995
-0.000447874
-0.0004282
-0.000408991
-0.000390262
-0.000372027
-0.000354298
-0.000337084
-0.000320394
-0.000304233
-0.000288605
-0.000273513
-0.000258957
-0.000244936
-0.000231448
-0.00021849
-0.000206055
-0.000194139
-0.000182733
-0.00017183
-0.000161419
-0.000151491
-0.000142035
-0.000133039
-0.000124492
-0.00011638
-0.00010869
-0.000101409
-9.45235e-05
-8.80196e-05
-8.18832e-05
-7.61003e-05
-7.06567e-05
-6.55385e-05
-6.07317e-05
-5.62225e-05
-5.19973e-05
-4.80427e-05
-4.43456e-05
-4.0893e-05
-3.76724e-05
-3.46715e-05
-3.18786e-05
-2.9282e-05
-2.68707e-05
-2.46339e-05
-2.25612e-05
-2.06428e-05
-1.8869e-05
-1.72308e-05
-1.57195e-05
-1.43268e-05
-1.30447e-05
-1.18657e-05
-1.07828e-05
-9.78911e-06
-8.87834e-06
-8.04444e-06
-7.28176e-06
-6.58495e-06
-5.949e-06
-5.36923e-06
-4.84123e-06
-4.36089e-06
-3.92438e-06
-3.52811e-06
-3.16876e-06
-2.84323e-06
-2.54866e-06
-2.28237e-06
-2.04191e-06
-1.82501e-06
-1.62955e-06
-1.4536e-06
-1.29539e-06
-1.15327e-06
-1.02574e-06
-9.11419e-07
-8.09051e-07
-7.1748e-07
-6.35652e-07
-5.62606e-07
-4.97469e-07
-4.39444e-07
-3.87808e-07
-3.41905e-07
-3.01142e-07
-2.64979e-07
-2.32932e-07
-2.0456e-07
-1.79469e-07
-1.57302e-07
-1.37738e-07
-1.2049e-07
-1.05299e-07
-9.19327e-08
-8.01851e-08
-6.98705e-08
-6.08232e-08
-5.28957e-08
-4.59566e-08
-3.98888e-08
-3.45884e-08
-2.9963e-08
-2.59308e-08
-2.24193e-08
-1.93645e-08
-1.67095e-08
-1.44045e-08
-1.24053e-08
-1.06732e-08
-9.17396e-09
-7.87762e-09
-6.75785e-09
-5.7916e-09
-4.95866e-09
-4.24136e-09
-3.62429e-09
-3.09397e-09
-2.63867e-09
-2.24818e-09
-1.9136e-09
-1.62723e-09
-1.38236e-09
-1.17319e-09
-9.94704e-10
-8.42547e-10
-7.12969e-10
-6.0273e-10
-5.09038e-10
-4.29491e-10
-3.62021e-10
-3.04852e-10
-2.56461e-10
-2.1554e-10
-1.80972e-10
-1.518e-10
-1.27206e-10
-1.06492e-10
-8.90644e-11
-7.44161e-11
-6.21162e-11
-5.17988e-11
-4.31529e-11
-3.5915e-11
-2.9862e-11
-2.48048e-11
-2.0584e-11
-0.000169497
-0.000180252
-0.000191503
-0.000203257
-0.000215523
-0.000228305
-0.00024161
-0.00025544
-0.000269799
-0.000284686
-0.000300102
-0.000316043
-0.000332507
-0.000349487
-0.000366975
-0.000384962
-0.000403437
-0.000422386
-0.000441793
-0.00046164
-0.000481909
-0.000502576
-0.000523618
-0.000545009
-0.000566719
-0.00058872
-0.000610977
-0.000633457
-0.000656123
-0.000678937
-0.000701858
-0.000724845
-0.000747854
-0.00077084
-0.000793758
-0.000816559
-0.000839194
-0.000861616
-0.000883773
-0.000905615
-0.000927091
-0.00094815
-0.000968741
-0.000988813
-0.00100832
-0.0010272
-0.00104541
-0.00106292
-0.00107965
-0.00109559
-0.00111067
-0.00112486
-0.00113812
-0.00115041
-0.0011617
-0.00117195
-0.00118114
-0.00118925
-0.00119624
-0.00120209
-0.0012068
-0.00121034
-0.0012127
-0.00121389
-0.00121389
-0.0012127
-0.00121034
-0.0012068
-0.00120209
-0.00119624
-0.00118925
-0.00118114
-0.00117195
-0.0011617
-0.00115041
-0.00113812
-0.00112486
-0.00111067
-0.00109559
-0.00107965
-0.00106292
-0.00104541
-0.0010272
-0.00100832
-0.000988813
-0.000968741
-0.00094815
-0.000927091
-0.000905615
-0.000883773
-0.000861616
-0.000839194
-0.000816559
-0.000793758
-0.00077084
-0.000747854
-0.000724845
-0.000701858
-0.000678937
-0.000656123
-0.000633457
-0.000610977
-0.00058872
-0.000566719
-0.000545009
-0.000523618
-0.000502576
-0.000481909
-0.00046164
-0.000441793
-0.000422386
-0.000403437
-0.000384962
-0.000366975
-0.000349487
-0.000332507
-0.000316043
-0.000300102
-0.000284686
-0.000269799
-0.00025544
-0.00024161
-0.000228305
-0.000215523
-0.000203257
-0.000191503
-0.000180252
-0.000169497
-0.000159227
-0.000149434
-0.000140107
-0.000131233
-0.000122801
-0.000114799
-0.000107214
-0.000100032
-9.324e-05
-8.68244e-05
-8.07713e-05
-7.50669e-05
-6.96973e-05
-6.46486e-05
-5.9907e-05
-5.54591e-05
-5.12913e-05
-4.73904e-05
-4.37434e-05
-4.03377e-05
-3.71608e-05
-3.42007e-05
-3.14457e-05
-2.88844e-05
-2.65058e-05
-2.42994e-05
-2.22548e-05
-2.03624e-05
-1.86128e-05
-1.69969e-05
-1.55061e-05
-1.41322e-05
-1.28675e-05
-1.17046e-05
-1.06364e-05
-9.65618e-06
-8.75778e-06
-7.93521e-06
-7.18288e-06
-6.49553e-06
-5.86822e-06
-5.29632e-06
-4.77549e-06
-4.30168e-06
-3.87109e-06
-3.4802e-06
-3.12573e-06
-2.80463e-06
-2.51405e-06
-2.25138e-06
-2.01419e-06
-1.80022e-06
-1.60742e-06
-1.43386e-06
-1.2778e-06
-1.13761e-06
-1.01181e-06
-8.99043e-07
-7.98065e-07
-7.07737e-07
-6.2702e-07
-5.54967e-07
-4.90714e-07
-4.33477e-07
-3.82542e-07
-3.37263e-07
-2.97052e-07
-2.61381e-07
-2.29769e-07
-2.01782e-07
-1.77032e-07
-1.55166e-07
-1.35868e-07
-1.18854e-07
-1.03869e-07
-9.06844e-08
-7.90963e-08
-6.89217e-08
-5.99973e-08
-5.21775e-08
-4.53326e-08
-3.93472e-08
-3.41187e-08
-2.95561e-08
-2.55787e-08
-2.21149e-08
-1.91015e-08
-1.64826e-08
-1.42089e-08
-1.22369e-08
-1.05283e-08
-9.04939e-09
-7.77065e-09
-6.66609e-09
-5.71296e-09
-4.89133e-09
-4.18377e-09
-3.57508e-09
-3.05196e-09
-2.60284e-09
-2.21765e-09
-1.88762e-09
-1.60513e-09
-1.36359e-09
-1.15726e-09
-9.81197e-10
-8.31106e-10
-7.03287e-10
-5.94545e-10
-5.02126e-10
-4.23659e-10
-3.57105e-10
-3.00713e-10
-2.52978e-10
-2.12614e-10
-1.78515e-10
-1.49738e-10
-1.25478e-10
-1.05046e-10
-8.7855e-11
-7.34056e-11
-6.12728e-11
-5.10954e-11
-4.25669e-11
-3.54274e-11
-2.94565e-11
-2.4468e-11
-2.03045e-11
-0.000167032
-0.000177631
-0.000188718
-0.000200302
-0.000212389
-0.000224986
-0.000238097
-0.000251726
-0.000265876
-0.000280546
-0.000295738
-0.000311448
-0.000327672
-0.000344405
-0.000361639
-0.000379364
-0.00039757
-0.000416244
-0.000435368
-0.000454927
-0.000474901
-0.000495268
-0.000516004
-0.000537083
-0.000558478
-0.000580159
-0.000602093
-0.000624246
-0.000646582
-0.000669064
-0.000691652
-0.000714305
-0.000736979
-0.000759631
-0.000782215
-0.000804684
-0.000826991
-0.000849087
-0.000870921
-0.000892446
-0.00091361
-0.000934362
-0.000954654
-0.000974434
-0.000993653
-0.00101226
-0.00103021
-0.00104746
-0.00106395
-0.00107965
-0.00109452
-0.0011085
-0.00112157
-0.00113368
-0.0011448
-0.00115491
-0.00116397
-0.00117195
-0.00117884
-0.00118461
-0.00118925
-0.00119274
-0.00119507
-0.00119624
-0.00119624
-0.00119507
-0.00119274
-0.00118925
-0.00118461
-0.00117884
-0.00117195
-0.00116397
-0.00115491
-0.0011448
-0.00113368
-0.00112157
-0.0011085
-0.00109452
-0.00107965
-0.00106395
-0.00104746
-0.00103021
-0.00101226
-0.000993653
-0.000974434
-0.000954654
-0.000934362
-0.00091361
-0.000892446
-0.000870921
-0.000849087
-0.000826991
-0.000804684
-0.000782215
-0.000759631
-0.000736979
-0.000714305
-0.000691652
-0.000669064
-0.000646582
-0.000624246
-0.000602093
-0.000580159
-0.000558478
-0.000537083
-0.000516004
-0.000495268
-0.000474901
-0.000454927
-0.000435368
-0.000416244
-0.00039757
-0.000379364
-0.000361639
-0.000344405
-0.000327672
-0.000311448
-0.000295738
-0.000280546
-0.000265876
-0.000251726
-0.000238097
-0.000224986
-0.000212389
-0.000200302
-0.000188718
-0.000177631
-0.000167032
-0.000156912
-0.000147261
-0.000138069
-0.000129325
-0.000121016
-0.00011313
-0.000105655
-9.85773e-05
-9.18841e-05
-8.55618e-05
-7.95968e-05
-7.39753e-05
-6.86838e-05
-6.37085e-05
-5.90359e-05
-5.46526e-05
-5.05454e-05
-4.67012e-05
-4.31073e-05
-3.97511e-05
-3.66204e-05
-3.37034e-05
-3.09884e-05
-2.84644e-05
-2.61204e-05
-2.3946e-05
-2.19312e-05
-2.00663e-05
-1.83421e-05
-1.67497e-05
-1.52806e-05
-1.39267e-05
-1.26804e-05
-1.15344e-05
-1.04817e-05
-9.51577e-06
-8.63043e-06
-7.81982e-06
-7.07843e-06
-6.40107e-06
-5.78289e-06
-5.2193e-06
-4.70605e-06
-4.23912e-06
-3.8148e-06
-3.4296e-06
-3.08028e-06
-2.76384e-06
-2.47749e-06
-2.21864e-06
-1.9849e-06
-1.77405e-06
-1.58404e-06
-1.41301e-06
-1.25922e-06
-1.12106e-06
-9.97095e-07
-8.85969e-07
-7.8646e-07
-6.97445e-07
-6.17902e-07
-5.46897e-07
-4.83578e-07
-4.27173e-07
-3.76979e-07
-3.32358e-07
-2.92733e-07
-2.5758e-07
-2.26427e-07
-1.98848e-07
-1.74458e-07
-1.52909e-07
-1.33892e-07
-1.17125e-07
-1.02358e-07
-8.93657e-08
-7.79461e-08
-6.79195e-08
-5.91248e-08
-5.14187e-08
-4.46734e-08
-3.8775e-08
-3.36226e-08
-2.91263e-08
-2.52067e-08
-2.17933e-08
-1.88238e-08
-1.62429e-08
-1.40023e-08
-1.20589e-08
-1.03752e-08
-8.9178e-09
-7.65765e-09
-6.56915e-09
-5.62988e-09
-4.8202e-09
-4.12293e-09
-3.52309e-09
-3.00758e-09
-2.56499e-09
-2.1854e-09
-1.86017e-09
-1.58179e-09
-1.34376e-09
-1.14043e-09
-9.66929e-10
-8.19021e-10
-6.9306e-10
-5.85899e-10
-4.94824e-10
-4.17499e-10
-3.51913e-10
-2.9634e-10
-2.493e-10
-2.09522e-10
-1.75919e-10
-1.47561e-10
-1.23654e-10
-1.03518e-10
-8.65774e-11
-7.23381e-11
-6.03818e-11
-5.03524e-11
-4.19479e-11
-3.49122e-11
-2.90281e-11
-2.41122e-11
-2.00093e-11
-0.000164442
-0.000174877
-0.000185792
-0.000197196
-0.000209096
-0.000221497
-0.000234405
-0.000247823
-0.000261754
-0.000276197
-0.000291153
-0.000306619
-0.000322592
-0.000339065
-0.000356032
-0.000373483
-0.000391407
-0.00040979
-0.000428619
-0.000447874
-0.000467538
-0.000487589
-0.000508004
-0.000528757
-0.00054982
-0.000571164
-0.000592758
-0.000614568
-0.000636558
-0.000658691
-0.000680929
-0.00070323
-0.000725553
-0.000747854
-0.000770088
-0.000792209
-0.00081417
-0.000835923
-0.000857419
-0.00087861
-0.000899445
-0.000919876
-0.000939853
-0.000959326
-0.000978247
-0.000996568
-0.00101424
-0.00103122
-0.00104746
-0.00106292
-0.00107755
-0.00109131
-0.00110418
-0.0011161
-0.00112706
-0.00113701
-0.00114592
-0.00115378
-0.00116056
-0.00116624
-0.00117081
-0.00117424
-0.00117654
-0.00117769
-0.00117769
-0.00117654
-0.00117424
-0.00117081
-0.00116624
-0.00116056
-0.00115378
-0.00114592
-0.00113701
-0.00112706
-0.0011161
-0.00110418
-0.00109131
-0.00107755
-0.00106292
-0.00104746
-0.00103122
-0.00101424
-0.000996568
-0.000978247
-0.000959326
-0.000939853
-0.000919876
-0.000899445
-0.00087861
-0.000857419
-0.000835923
-0.00081417
-0.000792209
-0.000770088
-0.000747854
-0.000725553
-0.00070323
-0.000680929
-0.000658691
-0.000636558
-0.000614568
-0.000592758
-0.000571164
-0.00054982
-0.000528757
-0.000508004
-0.000487589
-0.000467538
-0.000447874
-0.000428619
-0.00040979
-0.000391407
-0.000373483
-0.000356032
-0.000339065
-0.000322592
-0.000306619
-0.000291153
-0.000276197
-0.000261754
-0.000247823
-0.000234405
-0.000221497
-0.000209096
-0.000197196
-0.000185792
-0.000174877
-0.000164442
-0.000154479
-0.000144978
-0.000135929
-0.00012732
-0.000119139
-0.000111376
-0.000104017
-9.7049e-05
-9.04596e-05
-8.42353e-05
-7.83627e-05
-7.28284e-05
-6.76189e-05
-6.27208e-05
-5.81206e-05
-5.38053e-05
-4.97618e-05
-4.59772e-05
-4.2439e-05
-3.91348e-05
-3.60527e-05
-3.31809e-05
-3.0508e-05
-2.80231e-05
-2.57154e-05
-2.35748e-05
-2.15912e-05
-1.97552e-05
-1.80578e-05
-1.649e-05
-1.50437e-05
-1.37108e-05
-1.24838e-05
-1.13556e-05
-1.03192e-05
-9.36824e-06
-8.49662e-06
-7.69858e-06
-6.96869e-06
-6.30183e-06
-5.69323e-06
-5.13839e-06
-4.63309e-06
-4.1734e-06
-3.75565e-06
-3.37642e-06
-3.03252e-06
-2.72099e-06
-2.43908e-06
-2.18425e-06
-1.95412e-06
-1.74654e-06
-1.55949e-06
-1.39111e-06
-1.23969e-06
-1.10368e-06
-9.81636e-07
-8.72233e-07
-7.74267e-07
-6.86632e-07
-6.08323e-07
-5.38418e-07
-4.76081e-07
-4.20551e-07
-3.71135e-07
-3.27205e-07
-2.88194e-07
-2.53587e-07
-2.22917e-07
-1.95765e-07
-1.71753e-07
-1.50539e-07
-1.31816e-07
-1.15309e-07
-1.00771e-07
-8.79802e-08
-7.67377e-08
-6.68665e-08
-5.82082e-08
-5.06215e-08
-4.39808e-08
-3.81739e-08
-3.31013e-08
-2.86748e-08
-2.4816e-08
-2.14555e-08
-1.85319e-08
-1.59911e-08
-1.37852e-08
-1.1872e-08
-1.02143e-08
-8.77954e-09
-7.53893e-09
-6.46731e-09
-5.5426e-09
-4.74547e-09
-4.05901e-09
-3.46847e-09
-2.96095e-09
-2.52523e-09
-2.15152e-09
-1.83133e-09
-1.55727e-09
-1.32293e-09
-1.12275e-09
-9.51938e-10
-8.06323e-10
-6.82315e-10
-5.76816e-10
-4.87153e-10
-4.11026e-10
-3.46457e-10
-2.91746e-10
-2.45435e-10
-2.06273e-10
-1.73192e-10
-1.45273e-10
-1.21737e-10
-1.01914e-10
-8.52351e-11
-7.12166e-11
-5.94456e-11
-4.95718e-11
-4.12976e-11
-3.43709e-11
-2.85781e-11
-2.37384e-11
-1.9699e-11
-0.000161735
-0.000171998
-0.000182733
-0.00019395
-0.000205653
-0.000217851
-0.000230546
-0.000243743
-0.000257444
-0.00027165
-0.000286359
-0.000301571
-0.00031728
-0.000333483
-0.00035017
-0.000367334
-0.000384962
-0.000403043
-0.000421562
-0.0004405
-0.000459841
-0.000479561
-0.00049964
-0.000520051
-0.000540767
-0.00056176
-0.000582998
-0.000604449
-0.000626077
-0.000647846
-0.000669718
-0.000691652
-0.000713607
-0.000735541
-0.000757409
-0.000779166
-0.000800765
-0.00082216
-0.000843302
-0.000864144
-0.000884636
-0.000904731
-0.000924379
-0.000943532
-0.000962141
-0.00098016
-0.000997542
-0.00101424
-0.00103021
-0.00104541
-0.00105981
-0.00107335
-0.001086
-0.00109773
-0.0011085
-0.00111829
-0.00112706
-0.00113479
-0.00114146
-0.00114704
-0.00115153
-0.00115491
-0.00115717
-0.0011583
-0.0011583
-0.00115717
-0.00115491
-0.00115153
-0.00114704
-0.00114146
-0.00113479
-0.00112706
-0.00111829
-0.0011085
-0.00109773
-0.001086
-0.00107335
-0.00105981
-0.00104541
-0.00103021
-0.00101424
-0.000997542
-0.00098016
-0.000962141
-0.000943532
-0.000924379
-0.000904731
-0.000884636
-0.000864144
-0.000843302
-0.00082216
-0.000800765
-0.000779166
-0.000757409
-0.000735541
-0.000713607
-0.000691652
-0.000669718
-0.000647846
-0.000626077
-0.000604449
-0.000582998
-0.00056176
-0.000540767
-0.000520051
-0.00049964
-0.000479561
-0.000459841
-0.0004405
-0.000421562
-0.000403043
-0.000384962
-0.000367334
-0.00035017
-0.000333483
-0.00031728
-0.000301571
-0.000286359
-0.00027165
-0.000257444
-0.000243743
-0.000230546
-0.000217851
-0.000205653
-0.00019395
-0.000182733
-0.000171998
-0.000161735
-0.000151936
-0.000142591
-0.000133691
-0.000125223
-0.000117178
-0.000109542
-0.000102304
-9.54511e-05
-8.89702e-05
-8.28484e-05
-7.70725e-05
-7.16293e-05
-6.65056e-05
-6.16881e-05
-5.71637e-05
-5.29194e-05
-4.89425e-05
-4.52202e-05
-4.17402e-05
-3.84905e-05
-3.54591e-05
-3.26346e-05
-3.00057e-05
-2.75617e-05
-2.5292e-05
-2.31866e-05
-2.12357e-05
-1.943e-05
-1.77604e-05
-1.62185e-05
-1.4796e-05
-1.34851e-05
-1.22783e-05
-1.11686e-05
-1.01493e-05
-9.214e-06
-8.35673e-06
-7.57183e-06
-6.85395e-06
-6.19808e-06
-5.5995e-06
-5.05379e-06
-4.55681e-06
-4.10469e-06
-3.69382e-06
-3.32083e-06
-2.9826e-06
-2.67619e-06
-2.39892e-06
-2.14828e-06
-1.92195e-06
-1.71779e-06
-1.53381e-06
-1.3682e-06
-1.21928e-06
-1.08551e-06
-9.65474e-07
-8.57872e-07
-7.61519e-07
-6.75327e-07
-5.98307e-07
-5.29553e-07
-4.68243e-07
-4.13626e-07
-3.65024e-07
-3.21818e-07
-2.83449e-07
-2.49411e-07
-2.19247e-07
-1.92542e-07
-1.68925e-07
-1.4806e-07
-1.29646e-07
-1.13411e-07
-9.91122e-08
-8.65316e-08
-7.54742e-08
-6.57655e-08
-5.72498e-08
-4.97881e-08
-4.32566e-08
-3.75453e-08
-3.25563e-08
-2.82027e-08
-2.44074e-08
-2.11022e-08
-1.82268e-08
-1.57278e-08
-1.35582e-08
-1.16765e-08
-1.00462e-08
-8.63499e-09
-7.41481e-09
-6.36083e-09
-5.45134e-09
-4.66734e-09
-3.99218e-09
-3.41136e-09
-2.9122e-09
-2.48365e-09
-2.1161e-09
-1.80118e-09
-1.53163e-09
-1.30114e-09
-1.10427e-09
-9.36265e-10
-7.93047e-10
-6.71081e-10
-5.67319e-10
-4.79132e-10
-4.04258e-10
-3.40752e-10
-2.86942e-10
-2.41394e-10
-2.02877e-10
-1.7034e-10
-1.42881e-10
-1.19732e-10
-1.00236e-10
-8.38318e-11
-7.00441e-11
-5.84669e-11
-4.87556e-11
-4.06177e-11
-3.3805e-11
-2.81076e-11
-2.33475e-11
-1.93747e-11
-0.000158917
-0.000169001
-0.000179549
-0.00019057
-0.00020207
-0.000214055
-0.000226529
-0.000239496
-0.000252958
-0.000266916
-0.00028137
-0.000296316
-0.000311752
-0.000327672
-0.000344069
-0.000360933
-0.000378255
-0.00039602
-0.000414216
-0.000432825
-0.000451828
-0.000471205
-0.000490934
-0.000510989
-0.000531345
-0.000551972
-0.00057284
-0.000593917
-0.000615168
-0.000636558
-0.000658048
-0.0006796
-0.000701173
-0.000722725
-0.000744211
-0.000765589
-0.000786812
-0.000807834
-0.000828608
-0.000849087
-0.000869222
-0.000888966
-0.000908272
-0.000927091
-0.000945376
-0.000963081
-0.00098016
-0.000996568
-0.00101226
-0.0010272
-0.00104134
-0.00105464
-0.00106708
-0.0010786
-0.00108918
-0.0010988
-0.00110742
-0.00111501
-0.00112157
-0.00112706
-0.00113147
-0.00113479
-0.00113701
-0.00113812
-0.00113812
-0.00113701
-0.00113479
-0.00113147
-0.00112706
-0.00112157
-0.00111501
-0.00110742
-0.0010988
-0.00108918
-0.0010786
-0.00106708
-0.00105464
-0.00104134
-0.0010272
-0.00101226
-0.000996568
-0.00098016
-0.000963081
-0.000945376
-0.000927091
-0.000908272
-0.000888966
-0.000869222
-0.000849087
-0.000828608
-0.000807834
-0.000786812
-0.000765589
-0.000744211
-0.000722725
-0.000701173
-0.0006796
-0.000658048
-0.000636558
-0.000615168
-0.000593917
-0.00057284
-0.000551972
-0.000531345
-0.000510989
-0.000490934
-0.000471205
-0.000451828
-0.000432825
-0.000414216
-0.00039602
-0.000378255
-0.000360933
-0.000344069
-0.000327672
-0.000311752
-0.000296316
-0.00028137
-0.000266916
-0.000252958
-0.000239496
-0.000226529
-0.000214055
-0.00020207
-0.00019057
-0.000179549
-0.000169001
-0.000158917
-0.000149288
-0.000140107
-0.000131361
-0.000123041
-0.000115136
-0.000107633
-0.000100522
-9.37879e-05
-8.742e-05
-8.14048e-05
-7.57296e-05
-7.03812e-05
-6.53468e-05
-6.06132e-05
-5.61676e-05
-5.19973e-05
-4.80897e-05
-4.44323e-05
-4.10129e-05
-3.78198e-05
-3.48412e-05
-3.20659e-05
-2.94829e-05
-2.70814e-05
-2.48513e-05
-2.27826e-05
-2.08657e-05
-1.90914e-05
-1.7451e-05
-1.59359e-05
-1.45382e-05
-1.32501e-05
-1.20644e-05
-1.0974e-05
-9.97244e-06
-9.05345e-06
-8.21112e-06
-7.43989e-06
-6.73452e-06
-6.09008e-06
-5.50193e-06
-4.96573e-06
-4.47741e-06
-4.03317e-06
-3.62946e-06
-3.26297e-06
-2.93063e-06
-2.62956e-06
-2.35712e-06
-2.11085e-06
-1.88846e-06
-1.68785e-06
-1.50708e-06
-1.34436e-06
-1.19804e-06
-1.0666e-06
-9.48651e-07
-8.42924e-07
-7.4825e-07
-6.6356e-07
-5.87882e-07
-5.20326e-07
-4.60084e-07
-4.06419e-07
-3.58664e-07
-3.16211e-07
-2.7851e-07
-2.45066e-07
-2.15426e-07
-1.89187e-07
-1.65982e-07
-1.4548e-07
-1.27387e-07
-1.11435e-07
-9.73852e-08
-8.50239e-08
-7.41591e-08
-6.46196e-08
-5.62523e-08
-4.89206e-08
-4.25029e-08
-3.68911e-08
-3.1989e-08
-2.77112e-08
-2.39821e-08
-2.07345e-08
-1.79092e-08
-1.54538e-08
-1.3322e-08
-1.14731e-08
-9.8711e-09
-8.48453e-09
-7.28561e-09
-6.24999e-09
-5.35635e-09
-4.58601e-09
-3.92262e-09
-3.35192e-09
-2.86146e-09
-2.44037e-09
-2.07922e-09
-1.76979e-09
-1.50494e-09
-1.27847e-09
-1.08503e-09
-9.19951e-10
-7.79229e-10
-6.59388e-10
-5.57434e-10
-4.70783e-10
-3.97214e-10
-3.34815e-10
-2.81942e-10
-2.37188e-10
-1.99342e-10
-1.67372e-10
-1.40392e-10
-1.17646e-10
-9.8489e-11
-8.23711e-11
-6.88236e-11
-5.74481e-11
-4.79061e-11
-3.99099e-11
-3.3216e-11
-2.76178e-11
-2.29407e-11
-1.90371e-11
-0.000155995
-0.000165894
-0.000176249
-0.000187067
-0.000198355
-0.00021012
-0.000222364
-0.000235093
-0.000248308
-0.000262009
-0.000276197
-0.000290869
-0.000306021
-0.000321648
-0.000337743
-0.000354298
-0.000371301
-0.00038874
-0.000406601
-0.000424868
-0.000443522
-0.000462543
-0.000481909
-0.000501595
-0.000521577
-0.000541825
-0.000562309
-0.000582998
-0.000603859
-0.000624856
-0.000645951
-0.000667107
-0.000688283
-0.000709438
-0.00073053
-0.000751515
-0.000772347
-0.000792983
-0.000813375
-0.000833477
-0.000853243
-0.000872624
-0.000891575
-0.000910048
-0.000927997
-0.000945376
-0.000962141
-0.000978247
-0.000993653
-0.00100832
-0.0010222
-0.00103526
-0.00104746
-0.00105877
-0.00106916
-0.0010786
-0.00108706
-0.00109452
-0.00110095
-0.00110634
-0.00111067
-0.00111393
-0.0011161
-0.00111719
-0.00111719
-0.0011161
-0.00111393
-0.00111067
-0.00110634
-0.00110095
-0.00109452
-0.00108706
-0.0010786
-0.00106916
-0.00105877
-0.00104746
-0.00103526
-0.0010222
-0.00100832
-0.000993653
-0.000978247
-0.000962141
-0.000945376
-0.000927997
-0.000910048
-0.000891575
-0.000872624
-0.000853243
-0.000833477
-0.000813375
-0.000792983
-0.000772347
-0.000751515
-0.00073053
-0.000709438
-0.000688283
-0.000667107
-0.000645951
-0.000624856
-0.000603859
-0.000582998
-0.000562309
-0.000541825
-0.000521577
-0.000501595
-0.000481909
-0.000462543
-0.000443522
-0.000424868
-0.000406601
-0.00038874
-0.000371301
-0.000354298
-0.000337743
-0.000321648
-0.000306021
-0.000290869
-0.000276197
-0.000262009
-0.000248308
-0.000235093
-0.000222364
-0.00021012
-0.000198355
-0.000187067
-0.000176249
-0.000165894
-0.000155995
-0.000146544
-0.000137531
-0.000128946
-0.000120779
-0.000113019
-0.000105655
-9.86736e-05
-9.20638e-05
-8.58129e-05
-7.99083e-05
-7.43374e-05
-6.90874e-05
-6.41455e-05
-5.94989e-05
-5.51351e-05
-5.10414e-05
-4.72056e-05
-4.36154e-05
-4.0259e-05
-3.71245e-05
-3.42007e-05
-3.14764e-05
-2.89409e-05
-2.65836e-05
-2.43945e-05
-2.23638e-05
-2.04821e-05
-1.87405e-05
-1.71302e-05
-1.5643e-05
-1.42709e-05
-1.30065e-05
-1.18426e-05
-1.07723e-05
-9.78911e-06
-8.88701e-06
-8.06017e-06
-7.30312e-06
-6.61072e-06
-5.97812e-06
-5.40078e-06
-4.87444e-06
-4.3951e-06
-3.95902e-06
-3.56273e-06
-3.20298e-06
-2.87675e-06
-2.58122e-06
-2.31379e-06
-2.07205e-06
-1.85375e-06
-1.65683e-06
-1.47938e-06
-1.31965e-06
-1.17601e-06
-1.04699e-06
-9.31212e-07
-8.27428e-07
-7.34494e-07
-6.51362e-07
-5.77074e-07
-5.1076e-07
-4.51626e-07
-3.98948e-07
-3.5207e-07
-3.10398e-07
-2.7339e-07
-2.4056e-07
-2.11466e-07
-1.85709e-07
-1.6293e-07
-1.42806e-07
-1.25045e-07
-1.09386e-07
-9.55949e-08
-8.34608e-08
-7.27958e-08
-6.34317e-08
-5.52181e-08
-4.80212e-08
-4.17216e-08
-3.62129e-08
-3.1401e-08
-2.72018e-08
-2.35412e-08
-2.03533e-08
-1.758e-08
-1.51697e-08
-1.30771e-08
-1.12622e-08
-9.68964e-09
-8.32855e-09
-7.15167e-09
-6.1351e-09
-5.25789e-09
-4.5017e-09
-3.85051e-09
-3.2903e-09
-2.80885e-09
-2.39551e-09
-2.041e-09
-1.73726e-09
-1.47727e-09
-1.25497e-09
-1.06508e-09
-9.03039e-10
-7.64904e-10
-6.47266e-10
-5.47186e-10
-4.62129e-10
-3.89912e-10
-3.2866e-10
-2.76759e-10
-2.32827e-10
-1.95678e-10
-1.64295e-10
-1.37811e-10
-1.15483e-10
-9.66784e-11
-8.08568e-11
-6.75584e-11
-5.6392e-11
-4.70254e-11
-3.91762e-11
-3.26053e-11
-2.71101e-11
-2.2519e-11
-1.86871e-11
-0.000152978
-0.000162685
-0.00017284
-0.000183449
-0.000194519
-0.000206055
-0.000218063
-0.000230546
-0.000243505
-0.000256942
-0.000270855
-0.000285243
-0.000300102
-0.000315427
-0.000331211
-0.000347445
-0.000364119
-0.000381221
-0.000398737
-0.00041665
-0.000434943
-0.000453596
-0.000472588
-0.000491894
-0.000511489
-0.000531345
-0.000551433
-0.000571722
-0.000592179
-0.00061277
-0.000633457
-0.000654204
-0.00067497
-0.000695717
-0.0007164
-0.000736979
-0.000757409
-0.000777645
-0.000797643
-0.000817356
-0.000836739
-0.000855746
-0.00087433
-0.000892446
-0.000910048
-0.000927091
-0.000943532
-0.000959326
-0.000974434
-0.000988813
-0.00100242
-0.00101523
-0.0010272
-0.00103829
-0.00104848
-0.00105774
-0.00106603
-0.00107335
-0.00107965
-0.00108494
-0.00108918
-0.00109238
-0.00109452
-0.00109559
-0.00109559
-0.00109452
-0.00109238
-0.00108918
-0.00108494
-0.00107965
-0.00107335
-0.00106603
-0.00105774
-0.00104848
-0.00103829
-0.0010272
-0.00101523
-0.00100242
-0.000988813
-0.000974434
-0.000959326
-0.000943532
-0.000927091
-0.000910048
-0.000892446
-0.00087433
-0.000855746
-0.000836739
-0.000817356
-0.000797643
-0.000777645
-0.000757409
-0.000736979
-0.0007164
-0.000695717
-0.00067497
-0.000654204
-0.000633457
-0.00061277
-0.000592179
-0.000571722
-0.000551433
-0.000531345
-0.000511489
-0.000491894
-0.000472588
-0.000453596
-0.000434943
-0.00041665
-0.000398737
-0.000381221
-0.000364119
-0.000347445
-0.000331211
-0.000315427
-0.000300102
-0.000285243
-0.000270855
-0.000256942
-0.000243505
-0.000230546
-0.000218063
-0.000206055
-0.000194519
-0.000183449
-0.00017284
-0.000162685
-0.000152978
-0.00014371
-0.000134871
-0.000126452
-0.000118443
-0.000110833
-0.000103611
-9.67651e-05
-9.02831e-05
-8.41531e-05
-7.83627e-05
-7.28996e-05
-6.77511e-05
-6.29048e-05
-5.83481e-05
-5.40687e-05
-5.00542e-05
-4.62926e-05
-4.27718e-05
-3.94803e-05
-3.64065e-05
-3.35392e-05
-3.08676e-05
-2.83811e-05
-2.60694e-05
-2.39226e-05
-2.19312e-05
-2.00859e-05
-1.8378e-05
-1.67988e-05
-1.53404e-05
-1.39949e-05
-1.27549e-05
-1.16135e-05
-1.05639e-05
-9.59977e-06
-8.71512e-06
-7.90427e-06
-7.16187e-06
-6.48286e-06
-5.86249e-06
-5.29632e-06
-4.78016e-06
-4.31009e-06
-3.88245e-06
-3.49382e-06
-3.14103e-06
-2.82111e-06
-2.5313e-06
-2.26904e-06
-2.03197e-06
-1.81789e-06
-1.62478e-06
-1.45076e-06
-1.29412e-06
-1.15327e-06
-1.02674e-06
-9.132e-07
-8.11425e-07
-7.20288e-07
-6.38763e-07
-5.65913e-07
-5.00881e-07
-4.42891e-07
-3.91231e-07
-3.4526e-07
-3.04394e-07
-2.68103e-07
-2.35908e-07
-2.07376e-07
-1.82117e-07
-1.59779e-07
-1.40044e-07
-1.22626e-07
-1.07271e-07
-9.37459e-08
-8.18465e-08
-7.13878e-08
-6.22048e-08
-5.41501e-08
-4.70924e-08
-4.09146e-08
-3.55125e-08
-3.07936e-08
-2.66757e-08
-2.30859e-08
-1.99597e-08
-1.72399e-08
-1.48763e-08
-1.28242e-08
-1.10443e-08
-9.50222e-09
-8.16746e-09
-7.01335e-09
-6.01643e-09
-5.15619e-09
-4.41463e-09
-3.77603e-09
-3.22666e-09
-2.75452e-09
-2.34918e-09
-2.00152e-09
-1.70365e-09
-1.4487e-09
-1.2307e-09
-1.04448e-09
-8.85572e-10
-7.50109e-10
-6.34747e-10
-5.36602e-10
-4.5319e-10
-3.82371e-10
-3.22303e-10
-2.71406e-10
-2.28324e-10
-1.91893e-10
-1.61117e-10
-1.35145e-10
-1.1325e-10
-9.48085e-11
-7.92929e-11
-6.62517e-11
-5.53013e-11
-4.61158e-11
-3.84185e-11
-3.19747e-11
-2.65857e-11
-2.20834e-11
-1.83257e-11
-0.000149873
-0.000159383
-0.000169331
-0.000179725
-0.00019057
-0.000201873
-0.000213637
-0.000225866
-0.000238562
-0.000251726
-0.000265357
-0.000279453
-0.00029401
-0.000309024
-0.000324488
-0.000340392
-0.000356728
-0.000373483
-0.000390643
-0.000408193
-0.000426114
-0.000444389
-0.000462995
-0.000481909
-0.000501106
-0.000520559
-0.00054024
-0.000560117
-0.000580159
-0.000600331
-0.000620599
-0.000640924
-0.000661269
-0.000681594
-0.000701858
-0.000722019
-0.000742034
-0.00076186
-0.000781452
-0.000800765
-0.000819754
-0.000838375
-0.000856582
-0.00087433
-0.000891575
-0.000908272
-0.000924379
-0.000939853
-0.000954654
-0.000968741
-0.000982076
-0.000994623
-0.00100635
-0.00101722
-0.0010272
-0.00103627
-0.00104439
-0.00105156
-0.00105774
-0.00106292
-0.00106708
-0.00107021
-0.0010723
-0.00107335
-0.00107335
-0.0010723
-0.00107021
-0.00106708
-0.00106292
-0.00105774
-0.00105156
-0.00104439
-0.00103627
-0.0010272
-0.00101722
-0.00100635
-0.000994623
-0.000982076
-0.000968741
-0.000954654
-0.000939853
-0.000924379
-0.000908272
-0.000891575
-0.00087433
-0.000856582
-0.000838375
-0.000819754
-0.000800765
-0.000781452
-0.00076186
-0.000742034
-0.000722019
-0.000701858
-0.000681594
-0.000661269
-0.000640924
-0.000620599
-0.000600331
-0.000580159
-0.000560117
-0.00054024
-0.000520559
-0.000501106
-0.000481909
-0.000462995
-0.000444389
-0.000426114
-0.000408193
-0.000390643
-0.000373483
-0.000356728
-0.000340392
-0.000324488
-0.000309024
-0.00029401
-0.000279453
-0.000265357
-0.000251726
-0.000238562
-0.000225866
-0.000213637
-0.000201873
-0.00019057
-0.000179725
-0.000169331
-0.000159383
-0.000149873
-0.000140792
-0.000132133
-0.000123885
-0.000116039
-0.000108584
-0.000101508
-9.48008e-05
-8.84504e-05
-8.24449e-05
-7.67721e-05
-7.14198e-05
-6.63758e-05
-6.16279e-05
-5.71637e-05
-5.29711e-05
-4.90382e-05
-4.53529e-05
-4.19036e-05
-3.86789e-05
-3.56675e-05
-3.28584e-05
-3.0241e-05
-2.7805e-05
-2.55402e-05
-2.3437e-05
-2.1486e-05
-1.96782e-05
-1.80049e-05
-1.64578e-05
-1.5029e-05
-1.37108e-05
-1.2496e-05
-1.13778e-05
-1.03495e-05
-9.40491e-06
-8.53821e-06
-7.74382e-06
-7.01649e-06
-6.35126e-06
-5.74349e-06
-5.18881e-06
-4.68313e-06
-4.2226e-06
-3.80364e-06
-3.4229e-06
-3.07727e-06
-2.76384e-06
-2.47991e-06
-2.22298e-06
-1.99072e-06
-1.78099e-06
-1.5918e-06
-1.42132e-06
-1.26785e-06
-1.12986e-06
-1.0059e-06
-8.94663e-07
-7.94953e-07
-7.05667e-07
-6.25797e-07
-5.54425e-07
-4.90714e-07
-4.339e-07
-3.8329e-07
-3.38252e-07
-2.98215e-07
-2.6266e-07
-2.31119e-07
-2.03166e-07
-1.7842e-07
-1.56536e-07
-1.37201e-07
-1.20137e-07
-1.05093e-07
-9.1843e-08
-8.01851e-08
-6.99387e-08
-6.09421e-08
-5.30509e-08
-4.61365e-08
-4.00841e-08
-3.47916e-08
-3.01685e-08
-2.61342e-08
-2.26173e-08
-1.95545e-08
-1.689e-08
-1.45743e-08
-1.25638e-08
-1.08201e-08
-9.30934e-09
-8.00167e-09
-6.87098e-09
-5.89431e-09
-5.05152e-09
-4.32502e-09
-3.69938e-09
-3.16116e-09
-2.69861e-09
-2.30149e-09
-1.96089e-09
-1.66907e-09
-1.41929e-09
-1.20571e-09
-1.02328e-09
-8.67596e-10
-7.34883e-10
-6.21862e-10
-5.2571e-10
-4.43991e-10
-3.74609e-10
-3.15761e-10
-2.65897e-10
-2.23689e-10
-1.87998e-10
-1.57847e-10
-1.32402e-10
-1.10951e-10
-9.2884e-11
-7.76833e-11
-6.49068e-11
-5.41788e-11
-4.51797e-11
-3.76386e-11
-3.13257e-11
-2.60461e-11
-2.16352e-11
-1.79537e-11
-0.000146687
-0.000155995
-0.000165732
-0.000175905
-0.00018652
-0.000197582
-0.000209096
-0.000221065
-0.000233491
-0.000246375
-0.000259717
-0.000273513
-0.000287761
-0.000302456
-0.00031759
-0.000333157
-0.000349146
-0.000365544
-0.00038234
-0.000399516
-0.000417057
-0.000434943
-0.000453154
-0.000471666
-0.000490455
-0.000509494
-0.000528757
-0.000548211
-0.000567827
-0.000587571
-0.000607408
-0.000627301
-0.000647214
-0.000667107
-0.00068694
-0.000706673
-0.000726262
-0.000745666
-0.000764842
-0.000783744
-0.00080233
-0.000820555
-0.000838375
-0.000855746
-0.000872624
-0.000888966
-0.000904731
-0.000919876
-0.000934362
-0.00094815
-0.000961202
-0.000973483
-0.000984958
-0.000995595
-0.00100537
-0.00101424
-0.0010222
-0.00102921
-0.00103526
-0.00104032
-0.00104439
-0.00104746
-0.00104951
-0.00105053
-0.00105053
-0.00104951
-0.00104746
-0.00104439
-0.00104032
-0.00103526
-0.00102921
-0.0010222
-0.00101424
-0.00100537
-0.000995595
-0.000984958
-0.000973483
-0.000961202
-0.00094815
-0.000934362
-0.000919876
-0.000904731
-0.000888966
-0.000872624
-0.000855746
-0.000838375
-0.000820555
-0.00080233
-0.000783744
-0.000764842
-0.000745666
-0.000726262
-0.000706673
-0.00068694
-0.000667107
-0.000647214
-0.000627301
-0.000607408
-0.000587571
-0.000567827
-0.000548211
-0.000528757
-0.000509494
-0.000490455
-0.000471666
-0.000453154
-0.000434943
-0.000417057
-0.000399516
-0.00038234
-0.000365544
-0.000349146
-0.000333157
-0.00031759
-0.000302456
-0.000287761
-0.000273513
-0.000259717
-0.000246375
-0.000233491
-0.000221065
-0.000209096
-0.000197582
-0.00018652
-0.000175905
-0.000165732
-0.000155995
-0.000146687
-0.0001378
-0.000129325
-0.000121252
-0.000113573
-0.000106276
-9.93504e-05
-9.27858e-05
-8.65704e-05
-8.06925e-05
-7.51403e-05
-6.99018e-05
-6.4965e-05
-6.0318e-05
-5.59487e-05
-5.18452e-05
-4.79958e-05
-4.43889e-05
-4.10129e-05
-3.78568e-05
-3.49094e-05
-3.216e-05
-2.95983e-05
-2.7214e-05
-2.49974e-05
-2.29389e-05
-2.10293e-05
-1.926e-05
-1.76222e-05
-1.6108e-05
-1.47096e-05
-1.34194e-05
-1.22304e-05
-1.11359e-05
-1.01295e-05
-9.205e-06
-8.35673e-06
-7.57923e-06
-6.86735e-06
-6.21626e-06
-5.62141e-06
-5.07852e-06
-4.58358e-06
-4.13284e-06
-3.72279e-06
-3.35015e-06
-3.01187e-06
-2.7051e-06
-2.4272e-06
-2.17573e-06
-1.94841e-06
-1.74313e-06
-1.55796e-06
-1.39111e-06
-1.2409e-06
-1.10584e-06
-9.84517e-07
-8.75647e-07
-7.78057e-07
-6.90668e-07
-6.12495e-07
-5.42641e-07
-4.80284e-07
-4.24678e-07
-3.75143e-07
-3.31062e-07
-2.91876e-07
-2.57077e-07
-2.26206e-07
-1.98848e-07
-1.74628e-07
-1.53208e-07
-1.34285e-07
-1.17584e-07
-1.02859e-07
-8.98908e-08
-7.84808e-08
-6.84522e-08
-5.96468e-08
-5.19233e-08
-4.51558e-08
-3.92321e-08
-3.40521e-08
-2.95273e-08
-2.55787e-08
-2.21365e-08
-1.91389e-08
-1.6531e-08
-1.42645e-08
-1.22968e-08
-1.05901e-08
-9.11147e-09
-7.8316e-09
-6.72494e-09
-5.76902e-09
-4.94415e-09
-4.23309e-09
-3.62075e-09
-3.09397e-09
-2.64125e-09
-2.25257e-09
-1.91922e-09
-1.6336e-09
-1.38913e-09
-1.18009e-09
-1.00153e-09
-8.49155e-10
-7.19262e-10
-6.08644e-10
-5.14536e-10
-4.34554e-10
-3.66647e-10
-3.09049e-10
-2.60245e-10
-2.18935e-10
-1.84002e-10
-1.54492e-10
-1.29588e-10
-1.08592e-10
-9.09097e-11
-7.60321e-11
-6.35272e-11
-5.30272e-11
-4.42194e-11
-3.68386e-11
-3.06598e-11
-2.54925e-11
-2.11753e-11
-1.75721e-11
-0.000143429
-0.00015253
-0.000162051
-0.000171998
-0.000182377
-0.000193194
-0.000204452
-0.000216155
-0.000228305
-0.000240903
-0.000253948
-0.000267438
-0.00028137
-0.000295738
-0.000310537
-0.000325758
-0.000341391
-0.000357425
-0.000373848
-0.000390643
-0.000407794
-0.000425283
-0.000443089
-0.00046119
-0.000479561
-0.000498178
-0.000517013
-0.000536035
-0.000555216
-0.000574521
-0.000593917
-0.000613368
-0.000632839
-0.00065229
-0.000671683
-0.000690977
-0.000710131
-0.000729105
-0.000747854
-0.000766337
-0.00078451
-0.00080233
-0.000819754
-0.000836739
-0.000853243
-0.000869222
-0.000884636
-0.000899445
-0.00091361
-0.000927091
-0.000939853
-0.000951861
-0.000963081
-0.000973483
-0.000983036
-0.000991714
-0.000999492
-0.00100635
-0.00101226
-0.00101722
-0.0010212
-0.00102419
-0.0010262
-0.0010272
-0.0010272
-0.0010262
-0.00102419
-0.0010212
-0.00101722
-0.00101226
-0.00100635
-0.000999492
-0.000991714
-0.000983036
-0.000973483
-0.000963081
-0.000951861
-0.000939853
-0.000927091
-0.00091361
-0.000899445
-0.000884636
-0.000869222
-0.000853243
-0.000836739
-0.000819754
-0.00080233
-0.00078451
-0.000766337
-0.000747854
-0.000729105
-0.000710131
-0.000690977
-0.000671683
-0.00065229
-0.000632839
-0.000613368
-0.000593917
-0.000574521
-0.000555216
-0.000536035
-0.000517013
-0.000498178
-0.000479561
-0.00046119
-0.000443089
-0.000425283
-0.000407794
-0.000390643
-0.000373848
-0.000357425
-0.000341391
-0.000325758
-0.000310537
-0.000295738
-0.00028137
-0.000267438
-0.000253948
-0.000240903
-0.000228305
-0.000216155
-0.000204452
-0.000193194
-0.000182377
-0.000171998
-0.000162051
-0.00015253
-0.000143429
-0.000134739
-0.000126452
-0.000118559
-0.00011105
-0.000103915
-9.71438e-05
-9.0725e-05
-8.46476e-05
-7.89003e-05
-7.34713e-05
-6.83492e-05
-6.35221e-05
-5.89783e-05
-5.4706e-05
-5.06937e-05
-4.69298e-05
-4.3403e-05
-4.0102e-05
-3.70159e-05
-3.4134e-05
-3.14457e-05
-2.89409e-05
-2.66096e-05
-2.44422e-05
-2.24294e-05
-2.05623e-05
-1.88322e-05
-1.72308e-05
-1.57503e-05
-1.43828e-05
-1.31213e-05
-1.19588e-05
-1.08886e-05
-9.9045e-06
-9.00055e-06
-8.17112e-06
-7.41089e-06
-6.71482e-06
-6.0782e-06
-5.49656e-06
-4.96573e-06
-4.48178e-06
-4.04105e-06
-3.64011e-06
-3.27574e-06
-2.94497e-06
-2.64501e-06
-2.37329e-06
-2.12741e-06
-1.90513e-06
-1.70442e-06
-1.52336e-06
-1.36021e-06
-1.21334e-06
-1.08128e-06
-9.6265e-07
-8.56199e-07
-7.60775e-07
-6.75327e-07
-5.98891e-07
-5.30588e-07
-4.69616e-07
-4.15245e-07
-3.66811e-07
-3.23709e-07
-2.85394e-07
-2.51368e-07
-2.21182e-07
-1.94432e-07
-1.7075e-07
-1.49806e-07
-1.31302e-07
-1.14972e-07
-1.00575e-07
-8.78943e-08
-7.67377e-08
-6.69318e-08
-5.8322e-08
-5.07701e-08
-4.41529e-08
-3.83607e-08
-3.32958e-08
-2.88715e-08
-2.50106e-08
-2.16449e-08
-1.87138e-08
-1.61638e-08
-1.39477e-08
-1.20237e-08
-1.03549e-08
-8.90909e-09
-7.65765e-09
-6.57557e-09
-5.64089e-09
-4.83434e-09
-4.13907e-09
-3.54033e-09
-3.02525e-09
-2.58259e-09
-2.20254e-09
-1.87659e-09
-1.59731e-09
-1.35827e-09
-1.15388e-09
-9.79282e-10
-8.30295e-10
-7.03287e-10
-5.95126e-10
-5.03108e-10
-4.24902e-10
-3.58503e-10
-3.02185e-10
-2.54465e-10
-2.14072e-10
-1.79915e-10
-1.5106e-10
-1.2671e-10
-1.0618e-10
-8.88906e-11
-7.43434e-11
-6.21162e-11
-5.18494e-11
-4.32373e-11
-3.60204e-11
-2.99788e-11
-2.49263e-11
-2.0705e-11
-1.71818e-11
-0.000140107
-0.000148997
-0.000158297
-0.000168013
-0.000178152
-0.000188718
-0.000199716
-0.000211148
-0.000223017
-0.000235323
-0.000248065
-0.000261243
-0.000274852
-0.000288887
-0.000303343
-0.000318211
-0.000333483
-0.000349146
-0.000365188
-0.000381594
-0.000398348
-0.000415431
-0.000432825
-0.000450506
-0.000468452
-0.000486638
-0.000505036
-0.000523618
-0.000542354
-0.000561212
-0.000580159
-0.00059916
-0.000618179
-0.00063718
-0.000656123
-0.00067497
-0.000693681
-0.000712215
-0.00073053
-0.000748585
-0.000766337
-0.000783744
-0.000800765
-0.000817356
-0.000833477
-0.000849087
-0.000864144
-0.00087861
-0.000892446
-0.000905615
-0.000918081
-0.000929811
-0.000940771
-0.000950932
-0.000960264
-0.000968741
-0.000976339
-0.000983036
-0.000988813
-0.000993653
-0.000997542
-0.00100047
-0.00100242
-0.0010034
-0.0010034
-0.00100242
-0.00100047
-0.000997542
-0.000993653
-0.000988813
-0.000983036
-0.000976339
-0.000968741
-0.000960264
-0.000950932
-0.000940771
-0.000929811
-0.000918081
-0.000905615
-0.000892446
-0.00087861
-0.000864144
-0.000849087
-0.000833477
-0.000817356
-0.000800765
-0.000783744
-0.000766337
-0.000748585
-0.00073053
-0.000712215
-0.000693681
-0.00067497
-0.000656123
-0.00063718
-0.000618179
-0.00059916
-0.000580159
-0.000561212
-0.000542354
-0.000523618
-0.000505036
-0.000486638
-0.000468452
-0.000450506
-0.000432825
-0.000415431
-0.000398348
-0.000381594
-0.000365188
-0.000349146
-0.000333483
-0.000318211
-0.000303343
-0.000288887
-0.000274852
-0.000261243
-0.000248065
-0.000235323
-0.000223017
-0.000211148
-0.000199716
-0.000188718
-0.000178152
-0.000168013
-0.000158297
-0.000148997
-0.000140107
-0.000131618
-0.000123523
-0.000115813
-0.000108478
-0.000101508
-9.48935e-05
-8.86234e-05
-8.26868e-05
-7.70725e-05
-7.17694e-05
-6.67659e-05
-6.20506e-05
-5.7612e-05
-5.34387e-05
-4.95194e-05
-4.58427e-05
-4.23976e-05
-3.91731e-05
-3.61585e-05
-3.33433e-05
-3.07173e-05
-2.82705e-05
-2.59931e-05
-2.3876e-05
-2.19098e-05
-2.00859e-05
-1.83959e-05
-1.68317e-05
-1.53854e-05
-1.40497e-05
-1.28174e-05
-1.16818e-05
-1.06364e-05
-9.67506e-06
-8.79206e-06
-7.98184e-06
-7.23921e-06
-6.55927e-06
-5.93739e-06
-5.36923e-06
-4.8507e-06
-4.37796e-06
-3.94744e-06
-3.55578e-06
-3.19986e-06
-2.87675e-06
-2.58374e-06
-2.31832e-06
-2.07812e-06
-1.861e-06
-1.66494e-06
-1.48807e-06
-1.3287e-06
-1.18524e-06
-1.05623e-06
-9.4035e-07
-8.36365e-07
-7.43152e-07
-6.59683e-07
-5.85018e-07
-5.18297e-07
-4.58738e-07
-4.05626e-07
-3.58314e-07
-3.16211e-07
-2.78783e-07
-2.45545e-07
-2.16058e-07
-1.89928e-07
-1.66794e-07
-1.46335e-07
-1.28261e-07
-1.12309e-07
-9.82449e-08
-8.58582e-08
-7.49601e-08
-6.53813e-08
-5.69709e-08
-4.9594e-08
-4.31301e-08
-3.74721e-08
-3.25245e-08
-2.82027e-08
-2.44312e-08
-2.11435e-08
-1.82803e-08
-1.57894e-08
-1.36246e-08
-1.17451e-08
-1.01151e-08
-8.70272e-09
-7.48026e-09
-6.42325e-09
-5.51022e-09
-4.72235e-09
-4.04319e-09
-3.45832e-09
-2.95517e-09
-2.52276e-09
-2.15152e-09
-1.83312e-09
-1.56031e-09
-1.32681e-09
-1.12715e-09
-9.56597e-10
-8.11061e-10
-6.86996e-10
-5.8134e-10
-4.91453e-10
-4.15059e-10
-3.50198e-10
-2.95185e-10
-2.4857e-10
-2.09113e-10
-1.75747e-10
-1.47561e-10
-1.23774e-10
-1.03721e-10
-8.68314e-11
-7.26213e-11
-6.06773e-11
-5.06483e-11
-4.22357e-11
-3.5186e-11
-2.92844e-11
-2.43488e-11
-2.02254e-11
-1.67838e-11
-0.000136727
-0.000145404
-0.000154479
-0.000163961
-0.000173855
-0.000184167
-0.000194899
-0.000206055
-0.000217638
-0.000229647
-0.000242082
-0.000254942
-0.000268223
-0.00028192
-0.000296027
-0.000310537
-0.00032544
-0.000340725
-0.00035638
-0.00037239
-0.00038874
-0.000405412
-0.000422386
-0.000439641
-0.000457154
-0.000474901
-0.000492855
-0.000510989
-0.000529273
-0.000547676
-0.000566166
-0.000584709
-0.00060327
-0.000621812
-0.000640299
-0.000658691
-0.000676951
-0.000695037
-0.000712911
-0.00073053
-0.000747854
-0.000764842
-0.000781452
-0.000797643
-0.000813375
-0.000828608
-0.000843302
-0.000857419
-0.000870921
-0.000883773
-0.000895939
-0.000907385
-0.000918081
-0.000927997
-0.000937104
-0.000945376
-0.000952791
-0.000959326
-0.000964964
-0.000969687
-0.000973483
-0.000976339
-0.000978247
-0.000979203
-0.000979203
-0.000978247
-0.000976339
-0.000973483
-0.000969687
-0.000964964
-0.000959326
-0.000952791
-0.000945376
-0.000937104
-0.000927997
-0.000918081
-0.000907385
-0.000895939
-0.000883773
-0.000870921
-0.000857419
-0.000843302
-0.000828608
-0.000813375
-0.000797643
-0.000781452
-0.000764842
-0.000747854
-0.00073053
-0.000712911
-0.000695037
-0.000676951
-0.000658691
-0.000640299
-0.000621812
-0.00060327
-0.000584709
-0.000566166
-0.000547676
-0.000529273
-0.000510989
-0.000492855
-0.000474901
-0.000457154
-0.000439641
-0.000422386
-0.000405412
-0.00038874
-0.00037239
-0.00035638
-0.000340725
-0.00032544
-0.000310537
-0.000296027
-0.00028192
-0.000268223
-0.000254942
-0.000242082
-0.000229647
-0.000217638
-0.000206055
-0.000194899
-0.000184167
-0.000173855
-0.000163961
-0.000154479
-0.000145404
-0.000136727
-0.000128444
-0.000120544
-0.000113019
-0.000105861
-9.90598e-05
-9.26048e-05
-8.64859e-05
-8.06925e-05
-7.52137e-05
-7.00384e-05
-6.51556e-05
-6.0554e-05
-5.62225e-05
-5.21499e-05
-4.83251e-05
-4.4737e-05
-4.1375e-05
-3.82283e-05
-3.52864e-05
-3.25391e-05
-2.99764e-05
-2.75886e-05
-2.53662e-05
-2.33001e-05
-2.13814e-05
-1.96015e-05
-1.79523e-05
-1.64257e-05
-1.50143e-05
-1.37108e-05
-1.25082e-05
-1.14e-05
-1.03798e-05
-9.44172e-06
-8.58001e-06
-7.78933e-06
-7.06462e-06
-6.40107e-06
-5.79419e-06
-5.23973e-06
-4.7337e-06
-4.27237e-06
-3.85223e-06
-3.47002e-06
-3.12268e-06
-2.80737e-06
-2.52143e-06
-2.2624e-06
-2.028e-06
-1.81612e-06
-1.62478e-06
-1.45218e-06
-1.29665e-06
-1.15665e-06
-1.03076e-06
-9.1767e-07
-8.16193e-07
-7.25228e-07
-6.43773e-07
-5.70908e-07
-5.05797e-07
-4.47674e-07
-3.95843e-07
-3.49672e-07
-3.08584e-07
-2.72059e-07
-2.39623e-07
-2.10848e-07
-1.85347e-07
-1.62771e-07
-1.42806e-07
-1.25167e-07
-1.096e-07
-9.58754e-08
-8.37875e-08
-7.31521e-08
-6.38044e-08
-5.55969e-08
-4.83979e-08
-4.20899e-08
-3.65683e-08
-3.17401e-08
-2.75225e-08
-2.3842e-08
-2.06335e-08
-1.78394e-08
-1.54086e-08
-1.3296e-08
-1.14619e-08
-9.8711e-09
-8.49282e-09
-7.29985e-09
-6.26833e-09
-5.37732e-09
-4.60846e-09
-3.94567e-09
-3.37491e-09
-2.8839e-09
-2.46192e-09
-2.09963e-09
-1.78891e-09
-1.52268e-09
-1.29481e-09
-1.09996e-09
-9.33526e-10
-7.915e-10
-6.70426e-10
-5.67319e-10
-4.796e-10
-4.05049e-10
-3.41752e-10
-2.88065e-10
-2.42575e-10
-2.0407e-10
-1.71508e-10
-1.44002e-10
-1.20789e-10
-1.01219e-10
-8.47372e-11
-7.08697e-11
-5.92139e-11
-4.94268e-11
-4.1217e-11
-3.43374e-11
-2.85781e-11
-2.37616e-11
-1.97376e-11
-1.6379e-11
-0.0001333
-0.000141758
-0.000150606
-0.000159851
-0.000169497
-0.000179549
-0.000190013
-0.000200889
-0.000212182
-0.00022389
-0.000236013
-0.00024855
-0.000261498
-0.000274852
-0.000288605
-0.000302751
-0.00031728
-0.000332183
-0.000347445
-0.000363054
-0.000378994
-0.000395248
-0.000411796
-0.000428619
-0.000445693
-0.000462995
-0.000480499
-0.000498178
-0.000516004
-0.000533946
-0.000551972
-0.00057005
-0.000588145
-0.000606222
-0.000624246
-0.000642177
-0.000659979
-0.000677612
-0.000695037
-0.000712215
-0.000729105
-0.000745666
-0.00076186
-0.000777645
-0.000792983
-0.000807834
-0.00082216
-0.000835923
-0.000849087
-0.000861616
-0.000873477
-0.000884636
-0.000895064
-0.000904731
-0.00091361
-0.000921675
-0.000928903
-0.000935275
-0.000940771
-0.000945376
-0.000949076
-0.000951861
-0.000953722
-0.000954654
-0.000954654
-0.000953722
-0.000951861
-0.000949076
-0.000945376
-0.000940771
-0.000935275
-0.000928903
-0.000921675
-0.00091361
-0.000904731
-0.000895064
-0.000884636
-0.000873477
-0.000861616
-0.000849087
-0.000835923
-0.00082216
-0.000807834
-0.000792983
-0.000777645
-0.00076186
-0.000745666
-0.000729105
-0.000712215
-0.000695037
-0.000677612
-0.000659979
-0.000642177
-0.000624246
-0.000606222
-0.000588145
-0.00057005
-0.000551972
-0.000533946
-0.000516004
-0.000498178
-0.000480499
-0.000462995
-0.000445693
-0.000428619
-0.000411796
-0.000395248
-0.000378994
-0.000363054
-0.000347445
-0.000332183
-0.00031728
-0.000302751
-0.000288605
-0.000274852
-0.000261498
-0.00024855
-0.000236013
-0.00022389
-0.000212182
-0.000200889
-0.000190013
-0.000179549
-0.000169497
-0.000159851
-0.000150606
-0.000141758
-0.0001333
-0.000125223
-0.000117522
-0.000110186
-0.000103207
-9.65763e-05
-9.02831e-05
-8.43176e-05
-7.86694e-05
-7.3328e-05
-6.82825e-05
-6.35221e-05
-5.90359e-05
-5.4813e-05
-5.08424e-05
-4.71135e-05
-4.36154e-05
-4.03377e-05
-3.72698e-05
-3.44017e-05
-3.17233e-05
-2.92249e-05
-2.68969e-05
-2.47303e-05
-2.2716e-05
-2.08453e-05
-1.91101e-05
-1.75022e-05
-1.60139e-05
-1.46379e-05
-1.33671e-05
-1.21946e-05
-1.11142e-05
-1.01196e-05
-9.205e-06
-8.3649e-06
-7.59404e-06
-6.8875e-06
-6.24059e-06
-5.64893e-06
-5.10837e-06
-4.61503e-06
-4.16526e-06
-3.75565e-06
-3.38303e-06
-3.04439e-06
-2.73698e-06
-2.45821e-06
-2.20568e-06
-1.97716e-06
-1.77058e-06
-1.58404e-06
-1.41577e-06
-1.26414e-06
-1.12765e-06
-1.00492e-06
-8.94663e-07
-7.9573e-07
-7.07046e-07
-6.27633e-07
-5.56595e-07
-4.93116e-07
-4.3645e-07
-3.85919e-07
-3.40905e-07
-3.00848e-07
-2.65238e-07
-2.33615e-07
-2.05561e-07
-1.807e-07
-1.5869e-07
-1.39226e-07
-1.22029e-07
-1.06852e-07
-9.34717e-08
-8.16868e-08
-7.13181e-08
-6.22048e-08
-5.4203e-08
-4.71845e-08
-4.10346e-08
-3.56515e-08
-3.09443e-08
-2.68324e-08
-2.32442e-08
-2.01162e-08
-1.73921e-08
-1.50223e-08
-1.29627e-08
-1.11745e-08
-9.62363e-09
-8.2799e-09
-7.11684e-09
-6.11118e-09
-5.2425e-09
-4.49292e-09
-3.84675e-09
-3.2903e-09
-2.8116e-09
-2.40019e-09
-2.04699e-09
-1.74406e-09
-1.4845e-09
-1.26234e-09
-1.07238e-09
-9.10121e-10
-7.71656e-10
-6.53618e-10
-5.53096e-10
-4.67576e-10
-3.94894e-10
-3.33184e-10
-2.80843e-10
-2.36494e-10
-1.98953e-10
-1.67209e-10
-1.40392e-10
-1.17761e-10
-9.86816e-11
-8.26127e-11
-6.9093e-11
-5.77293e-11
-4.81876e-11
-4.01837e-11
-3.34765e-11
-2.78616e-11
-2.31659e-11
-1.92427e-11
-1.59684e-11
-0.000129831
-0.000138069
-0.000146687
-0.000155691
-0.000165086
-0.000174877
-0.000185068
-0.000195662
-0.00020666
-0.000218063
-0.000229872
-0.000242082
-0.000254693
-0.000267699
-0.000281095
-0.000294873
-0.000309024
-0.000323538
-0.000338404
-0.000353606
-0.000369132
-0.000384962
-0.00040108
-0.000417465
-0.000434095
-0.000450946
-0.000467995
-0.000485214
-0.000502576
-0.000520051
-0.000537608
-0.000555216
-0.00057284
-0.000590447
-0.000608001
-0.000625466
-0.000642805
-0.000659979
-0.000676951
-0.000693681
-0.000710131
-0.000726262
-0.000742034
-0.000757409
-0.000772347
-0.000786812
-0.000800765
-0.00081417
-0.000826991
-0.000839194
-0.000850747
-0.000861616
-0.000871772
-0.000881188
-0.000889835
-0.00089769
-0.000904731
-0.000910937
-0.00091629
-0.000920775
-0.000924379
-0.000927091
-0.000928903
-0.000929811
-0.000929811
-0.000928903
-0.000927091
-0.000924379
-0.000920775
-0.00091629
-0.000910937
-0.000904731
-0.00089769
-0.000889835
-0.000881188
-0.000871772
-0.000861616
-0.000850747
-0.000839194
-0.000826991
-0.00081417
-0.000800765
-0.000786812
-0.000772347
-0.000757409
-0.000742034
-0.000726262
-0.000710131
-0.000693681
-0.000676951
-0.000659979
-0.000642805
-0.000625466
-0.000608001
-0.000590447
-0.00057284
-0.000555216
-0.000537608
-0.000520051
-0.000502576
-0.000485214
-0.000467995
-0.000450946
-0.000434095
-0.000417465
-0.00040108
-0.000384962
-0.000369132
-0.000353606
-0.000338404
-0.000323538
-0.000309024
-0.000294873
-0.000281095
-0.000267699
-0.000254693
-0.000242082
-0.000229872
-0.000218063
-0.00020666
-0.000195662
-0.000185068
-0.000174877
-0.000165086
-0.000155691
-0.000146687
-0.000138069
-0.000129831
-0.000121965
-0.000114463
-0.000107319
-0.000100522
-9.40631e-05
-8.79337e-05
-8.21234e-05
-7.66223e-05
-7.14198e-05
-6.65056e-05
-6.18691e-05
-5.74996e-05
-5.33866e-05
-4.95194e-05
-4.58875e-05
-4.24804e-05
-3.9288e-05
-3.63e-05
-3.35065e-05
-3.08978e-05
-2.84644e-05
-2.6197e-05
-2.40867e-05
-2.21248e-05
-2.03029e-05
-1.86128e-05
-1.70467e-05
-1.55972e-05
-1.4257e-05
-1.30192e-05
-1.18773e-05
-1.0825e-05
-9.85626e-06
-8.96546e-06
-8.14722e-06
-7.39643e-06
-6.70827e-06
-6.0782e-06
-5.50193e-06
-4.97543e-06
-4.49493e-06
-4.05687e-06
-3.65792e-06
-3.29499e-06
-2.96517e-06
-2.66576e-06
-2.39424e-06
-2.14828e-06
-1.92571e-06
-1.72451e-06
-1.54282e-06
-1.37893e-06
-1.23125e-06
-1.09831e-06
-9.78765e-07
-8.71382e-07
-7.75023e-07
-6.88647e-07
-6.113e-07
-5.42111e-07
-4.80284e-07
-4.25093e-07
-3.75876e-07
-3.32034e-07
-2.93019e-07
-2.58336e-07
-2.27536e-07
-2.00212e-07
-1.75998e-07
-1.54561e-07
-1.35603e-07
-1.18854e-07
-1.04072e-07
-9.10393e-08
-7.95611e-08
-6.94623e-08
-6.05861e-08
-5.27925e-08
-4.59566e-08
-3.99668e-08
-3.47238e-08
-3.01391e-08
-2.61342e-08
-2.26394e-08
-1.95927e-08
-1.69395e-08
-1.46313e-08
-1.26253e-08
-1.08837e-08
-9.37319e-09
-8.06443e-09
-6.93164e-09
-5.95215e-09
-5.10608e-09
-4.376e-09
-3.74665e-09
-3.20468e-09
-2.73843e-09
-2.33773e-09
-1.99372e-09
-1.69867e-09
-1.44587e-09
-1.2295e-09
-1.04448e-09
-8.86438e-10
-7.51575e-10
-6.36609e-10
-5.38703e-10
-4.55409e-10
-3.84618e-10
-3.24514e-10
-2.73535e-10
-2.3034e-10
-1.93776e-10
-1.62857e-10
-1.36738e-10
-1.14696e-10
-9.61136e-11
-8.04629e-11
-6.7295e-11
-5.62271e-11
-4.69336e-11
-3.9138e-11
-3.26053e-11
-2.71366e-11
-2.2563e-11
-1.8742e-11
-1.55528e-11
-0.000126329
-0.000134345
-0.00014273
-0.000151491
-0.000160633
-0.00017016
-0.000180076
-0.000190384
-0.000201086
-0.000212182
-0.000223671
-0.000235553
-0.000247823
-0.000260479
-0.000273513
-0.000286919
-0.000300689
-0.000314811
-0.000329276
-0.000344069
-0.000359175
-0.000374579
-0.000390262
-0.000406204
-0.000422386
-0.000438783
-0.000455372
-0.000472127
-0.00048902
-0.000506023
-0.000523107
-0.00054024
-0.000557389
-0.000574521
-0.000591601
-0.000608595
-0.000625466
-0.000642177
-0.000658691
-0.00067497
-0.000690977
-0.000706673
-0.000722019
-0.000736979
-0.000751515
-0.000765589
-0.000779166
-0.000792209
-0.000804684
-0.000816559
-0.000827799
-0.000838375
-0.000848258
-0.000857419
-0.000865833
-0.000873477
-0.000880327
-0.000886366
-0.000891575
-0.000895939
-0.000899445
-0.000902084
-0.000903848
-0.000904731
-0.000904731
-0.000903848
-0.000902084
-0.000899445
-0.000895939
-0.000891575
-0.000886366
-0.000880327
-0.000873477
-0.000865833
-0.000857419
-0.000848258
-0.000838375
-0.000827799
-0.000816559
-0.000804684
-0.000792209
-0.000779166
-0.000765589
-0.000751515
-0.000736979
-0.000722019
-0.000706673
-0.000690977
-0.00067497
-0.000658691
-0.000642177
-0.000625466
-0.000608595
-0.000591601
-0.000574521
-0.000557389
-0.00054024
-0.000523107
-0.000506023
-0.00048902
-0.000472127
-0.000455372
-0.000438783
-0.000422386
-0.000406204
-0.000390262
-0.000374579
-0.000359175
-0.000344069
-0.000329276
-0.000314811
-0.000300689
-0.000286919
-0.000273513
-0.000260479
-0.000247823
-0.000235553
-0.000223671
-0.000212182
-0.000201086
-0.000190384
-0.000180076
-0.00017016
-0.000160633
-0.000151491
-0.00014273
-0.000134345
-0.000126329
-0.000118675
-0.000111376
-0.000104424
-9.78101e-05
-9.15259e-05
-8.55618e-05
-7.99083e-05
-7.45555e-05
-6.94934e-05
-6.47117e-05
-6.02003e-05
-5.59487e-05
-5.19466e-05
-4.81837e-05
-4.46497e-05
-4.13346e-05
-3.82283e-05
-3.53209e-05
-3.26027e-05
-3.00644e-05
-2.76966e-05
-2.54904e-05
-2.3437e-05
-2.1528e-05
-1.97552e-05
-1.81107e-05
-1.65869e-05
-1.51765e-05
-1.38724e-05
-1.2668e-05
-1.15569e-05
-1.0533e-05
-9.5904e-06
-8.72364e-06
-7.92746e-06
-7.19692e-06
-6.52732e-06
-5.91425e-06
-5.35352e-06
-4.84123e-06
-4.37369e-06
-3.94744e-06
-3.55926e-06
-3.20611e-06
-2.88519e-06
-2.59386e-06
-2.32966e-06
-2.09034e-06
-1.87377e-06
-1.67799e-06
-1.50121e-06
-1.34174e-06
-1.19804e-06
-1.06868e-06
-9.52364e-07
-8.47878e-07
-7.54118e-07
-6.70072e-07
-5.94811e-07
-5.27489e-07
-4.67329e-07
-4.13626e-07
-3.65738e-07
-3.23078e-07
-2.85115e-07
-2.51368e-07
-2.21398e-07
-1.94812e-07
-1.7125e-07
-1.50392e-07
-1.31945e-07
-1.15648e-07
-1.01265e-07
-8.85837e-08
-7.74151e-08
-6.75886e-08
-5.89519e-08
-5.13685e-08
-4.4717e-08
-3.88888e-08
-3.37871e-08
-2.93261e-08
-2.54293e-08
-2.20287e-08
-1.90642e-08
-1.64826e-08
-1.42367e-08
-1.22848e-08
-1.05901e-08
-9.12037e-09
-7.84691e-09
-6.74467e-09
-5.7916e-09
-4.96835e-09
-4.25797e-09
-3.64559e-09
-3.11824e-09
-2.66457e-09
-2.27468e-09
-1.93994e-09
-1.65285e-09
-1.40687e-09
-1.19633e-09
-1.01631e-09
-8.62527e-10
-7.31303e-10
-6.19438e-10
-5.24172e-10
-4.43125e-10
-3.74243e-10
-3.15761e-10
-2.66157e-10
-2.24127e-10
-1.88549e-10
-1.58465e-10
-1.3305e-10
-1.11603e-10
-9.35211e-11
-7.82926e-11
-6.54798e-11
-5.47104e-11
-4.56677e-11
-3.80823e-11
-3.17259e-11
-2.64046e-11
-2.19544e-11
-1.82364e-11
-1.51333e-11
-0.000122801
-0.000130594
-0.000138745
-0.000147261
-0.000156148
-0.000165409
-0.000175048
-0.000185068
-0.000195471
-0.000206257
-0.000217426
-0.000228975
-0.000240903
-0.000253205
-0.000265876
-0.000278907
-0.000292292
-0.000306021
-0.000320081
-0.000334461
-0.000349146
-0.000364119
-0.000379364
-0.000394862
-0.000410591
-0.000426531
-0.000442656
-0.000458943
-0.000475365
-0.000491894
-0.0005085
-0.000525154
-0.000541825
-0.000558478
-0.000575082
-0.000591601
-0.000608001
-0.000624246
-0.000640299
-0.000656123
-0.000671683
-0.00068694
-0.000701858
-0.0007164
-0.00073053
-0.000744211
-0.000757409
-0.000770088
-0.000782215
-0.000793758
-0.000804684
-0.000814965
-0.000824572
-0.000833477
-0.000841657
-0.000849087
-0.000855746
-0.000861616
-0.000866679
-0.000870921
-0.00087433
-0.000876895
-0.00087861
-0.000879468
-0.000879468
-0.00087861
-0.000876895
-0.00087433
-0.000870921
-0.000866679
-0.000861616
-0.000855746
-0.000849087
-0.000841657
-0.000833477
-0.000824572
-0.000814965
-0.000804684
-0.000793758
-0.000782215
-0.000770088
-0.000757409
-0.000744211
-0.00073053
-0.0007164
-0.000701858
-0.00068694
-0.000671683
-0.000656123
-0.000640299
-0.000624246
-0.000608001
-0.000591601
-0.000575082
-0.000558478
-0.000541825
-0.000525154
-0.0005085
-0.000491894
-0.000475365
-0.000458943
-0.000442656
-0.000426531
-0.000410591
-0.000394862
-0.000379364
-0.000364119
-0.000349146
-0.000334461
-0.000320081
-0.000306021
-0.000292292
-0.000278907
-0.000265876
-0.000253205
-0.000240903
-0.000228975
-0.000217426
-0.000206257
-0.000195471
-0.000185068
-0.000175048
-0.000165409
-0.000156148
-0.000147261
-0.000138745
-0.000130594
-0.000122801
-0.000115361
-0.000108266
-0.000101508
-9.5079e-05
-8.89702e-05
-8.31727e-05
-7.7677e-05
-7.24737e-05
-6.75529e-05
-6.29048e-05
-5.85193e-05
-5.43864e-05
-5.04961e-05
-4.68382e-05
-4.3403e-05
-4.01804e-05
-3.71608e-05
-3.43346e-05
-3.16923e-05
-2.92249e-05
-2.69232e-05
-2.47786e-05
-2.27826e-05
-2.09269e-05
-1.92036e-05
-1.7605e-05
-1.61238e-05
-1.47527e-05
-1.34851e-05
-1.23143e-05
-1.12342e-05
-1.02389e-05
-9.32261e-06
-8.48005e-06
-7.7061e-06
-6.99596e-06
-6.34506e-06
-5.7491e-06
-5.20404e-06
-4.70605e-06
-4.25156e-06
-3.83722e-06
-3.45987e-06
-3.11659e-06
-2.80463e-06
-2.52143e-06
-2.26461e-06
-2.03197e-06
-1.82144e-06
-1.63114e-06
-1.45929e-06
-1.30427e-06
-1.16458e-06
-1.03884e-06
-9.25771e-07
-8.24203e-07
-7.33061e-07
-6.51362e-07
-5.78203e-07
-5.1276e-07
-4.5428e-07
-4.02077e-07
-3.55525e-07
-3.14056e-07
-2.77154e-07
-2.44349e-07
-2.15216e-07
-1.89372e-07
-1.66469e-07
-1.46192e-07
-1.28261e-07
-1.12419e-07
-9.8437e-08
-8.61102e-08
-7.52534e-08
-6.57014e-08
-5.73057e-08
-4.99342e-08
-4.34684e-08
-3.78029e-08
-3.28437e-08
-2.85073e-08
-2.47192e-08
-2.14136e-08
-1.85319e-08
-1.60224e-08
-1.38392e-08
-1.19418e-08
-1.02944e-08
-8.8657e-09
-7.6278e-09
-6.55634e-09
-5.62988e-09
-4.82962e-09
-4.13907e-09
-3.54379e-09
-3.03117e-09
-2.59016e-09
-2.21116e-09
-1.88577e-09
-1.6067e-09
-1.36759e-09
-1.16293e-09
-9.87927e-10
-8.38443e-10
-7.10883e-10
-6.02141e-10
-5.09536e-10
-4.30751e-10
-3.63793e-10
-3.06944e-10
-2.58725e-10
-2.17868e-10
-1.83284e-10
-1.5404e-10
-1.29335e-10
-1.08486e-10
-9.09097e-11
-7.61064e-11
-6.36514e-11
-5.31828e-11
-4.43925e-11
-3.70189e-11
-3.084e-11
-2.56673e-11
-2.13414e-11
-1.77272e-11
-1.47107e-11
-0.000119256
-0.000126823
-0.000134739
-0.00014301
-0.000151639
-0.000160633
-0.000169994
-0.000179725
-0.000189827
-0.000200302
-0.000211148
-0.000222364
-0.000233948
-0.000245895
-0.000258199
-0.000270855
-0.000283853
-0.000297185
-0.00031084
-0.000324805
-0.000339065
-0.000353606
-0.000368411
-0.000383461
-0.000398737
-0.000414216
-0.000429876
-0.000445693
-0.00046164
-0.000477692
-0.000493819
-0.000509992
-0.000526181
-0.000542354
-0.000558478
-0.000574521
-0.000590447
-0.000606222
-0.000621812
-0.00063718
-0.00065229
-0.000667107
-0.000681594
-0.000695717
-0.000709438
-0.000722725
-0.000735541
-0.000747854
-0.000759631
-0.00077084
-0.000781452
-0.000791436
-0.000800765
-0.000809413
-0.000817356
-0.000824572
-0.000831039
-0.000836739
-0.000841657
-0.000845776
-0.000849087
-0.000851578
-0.000853243
-0.000854076
-0.000854076
-0.000853243
-0.000851578
-0.000849087
-0.000845776
-0.000841657
-0.000836739
-0.000831039
-0.000824572
-0.000817356
-0.000809413
-0.000800765
-0.000791436
-0.000781452
-0.00077084
-0.000759631
-0.000747854
-0.000735541
-0.000722725
-0.000709438
-0.000695717
-0.000681594
-0.000667107
-0.00065229
-0.00063718
-0.000621812
-0.000606222
-0.000590447
-0.000574521
-0.000558478
-0.000542354
-0.000526181
-0.000509992
-0.000493819
-0.000477692
-0.00046164
-0.000445693
-0.000429876
-0.000414216
-0.000398737
-0.000383461
-0.000368411
-0.000353606
-0.000339065
-0.000324805
-0.00031084
-0.000297185
-0.000283853
-0.000270855
-0.000258199
-0.000245895
-0.000233948
-0.000222364
-0.000211148
-0.000200302
-0.000189827
-0.000179725
-0.000169994
-0.000160633
-0.000151639
-0.00014301
-0.000134739
-0.000126823
-0.000119256
-0.00011203
-0.00010514
-9.85773e-05
-9.23339e-05
-8.64015e-05
-8.07713e-05
-7.54343e-05
-7.03812e-05
-6.56025e-05
-6.10886e-05
-5.68297e-05
-5.28162e-05
-4.90382e-05
-4.54859e-05
-4.21499e-05
-3.90203e-05
-3.60879e-05
-3.33433e-05
-3.07773e-05
-2.83811e-05
-2.61459e-05
-2.40632e-05
-2.21248e-05
-2.03227e-05
-1.86492e-05
-1.70967e-05
-1.56582e-05
-1.43268e-05
-1.30957e-05
-1.19588e-05
-1.09099e-05
-9.94327e-06
-9.05345e-06
-8.23521e-06
-7.48361e-06
-6.79397e-06
-6.16187e-06
-5.58312e-06
-5.05379e-06
-4.57018e-06
-4.12881e-06
-3.72643e-06
-3.35998e-06
-3.02661e-06
-2.72365e-06
-2.44863e-06
-2.19923e-06
-1.9733e-06
-1.76886e-06
-1.58404e-06
-1.41716e-06
-1.26662e-06
-1.13096e-06
-1.00885e-06
-8.99043e-07
-8.00406e-07
-7.11896e-07
-6.32555e-07
-5.61509e-07
-4.97955e-07
-4.41164e-07
-3.90468e-07
-3.4526e-07
-3.04989e-07
-2.69152e-07
-2.37294e-07
-2.09002e-07
-1.83904e-07
-1.61662e-07
-1.41972e-07
-1.24558e-07
-1.09173e-07
-9.55949e-08
-8.3624e-08
-7.30807e-08
-6.38044e-08
-5.56512e-08
-4.84925e-08
-4.22134e-08
-3.67114e-08
-3.18954e-08
-2.76842e-08
-2.40055e-08
-2.07953e-08
-1.79969e-08
-1.55598e-08
-1.34396e-08
-1.1597e-08
-9.99722e-09
-8.60973e-09
-7.40757e-09
-6.36704e-09
-5.46734e-09
-4.69018e-09
-4.01957e-09
-3.44148e-09
-2.94365e-09
-2.51538e-09
-2.14732e-09
-1.83133e-09
-1.56031e-09
-1.3281e-09
-1.12935e-09
-9.59404e-10
-8.14236e-10
-6.90358e-10
-5.84756e-10
-4.94824e-10
-4.18315e-10
-3.5329e-10
-2.98082e-10
-2.51255e-10
-2.11578e-10
-1.77993e-10
-1.49592e-10
-1.25601e-10
-1.05354e-10
-8.8285e-11
-7.39091e-11
-6.18137e-11
-5.16473e-11
-4.31108e-11
-3.59501e-11
-2.99496e-11
-2.49263e-11
-2.07252e-11
-1.72154e-11
-1.4286e-11
-0.0001157
-0.000123041
-0.000130721
-0.000138745
-0.000147117
-0.000155843
-0.000164925
-0.000174365
-0.000184167
-0.000194329
-0.000204852
-0.000215734
-0.000226972
-0.000238562
-0.0002505
-0.000262778
-0.000275389
-0.000288323
-0.000301571
-0.000315119
-0.000328954
-0.000343062
-0.000357425
-0.000372027
-0.000386847
-0.000401864
-0.000417057
-0.000432402
-0.000447874
-0.000463447
-0.000479093
-0.000494784
-0.000510491
-0.000526181
-0.000541825
-0.000557389
-0.00057284
-0.000588145
-0.00060327
-0.000618179
-0.000632839
-0.000647214
-0.000661269
-0.00067497
-0.000688283
-0.000701173
-0.000713607
-0.000725553
-0.000736979
-0.000747854
-0.000758149
-0.000767835
-0.000776886
-0.000785277
-0.000792983
-0.000799983
-0.000806258
-0.000811788
-0.000816559
-0.000820555
-0.000823767
-0.000826184
-0.000827799
-0.000828608
-0.000828608
-0.000827799
-0.000826184
-0.000823767
-0.000820555
-0.000816559
-0.000811788
-0.000806258
-0.000799983
-0.000792983
-0.000785277
-0.000776886
-0.000767835
-0.000758149
-0.000747854
-0.000736979
-0.000725553
-0.000713607
-0.000701173
-0.000688283
-0.00067497
-0.000661269
-0.000647214
-0.000632839
-0.000618179
-0.00060327
-0.000588145
-0.00057284
-0.000557389
-0.000541825
-0.000526181
-0.000510491
-0.000494784
-0.000479093
-0.000463447
-0.000447874
-0.000432402
-0.000417057
-0.000401864
-0.000386847
-0.000372027
-0.000357425
-0.000343062
-0.000328954
-0.000315119
-0.000301571
-0.000288323
-0.000275389
-0.000262778
-0.0002505
-0.000238562
-0.000226972
-0.000215734
-0.000204852
-0.000194329
-0.000184167
-0.000174365
-0.000164925
-0.000155843
-0.000147117
-0.000138745
-0.000130721
-0.000123041
-0.0001157
-0.00010869
-0.000102005
-9.56377e-05
-8.95805e-05
-8.3825e-05
-7.83627e-05
-7.31849e-05
-6.82825e-05
-6.36463e-05
-5.92669e-05
-5.51351e-05
-5.12412e-05
-4.75758e-05
-4.41296e-05
-4.0893e-05
-3.78568e-05
-3.50118e-05
-3.2349e-05
-2.98596e-05
-2.75348e-05
-2.53662e-05
-2.33457e-05
-2.14651e-05
-1.97167e-05
-1.80931e-05
-1.65869e-05
-1.51913e-05
-1.38995e-05
-1.27052e-05
-1.16022e-05
-1.05846e-05
-9.64676e-06
-8.78347e-06
-7.98964e-06
-7.26045e-06
-6.59138e-06
-5.97812e-06
-5.41663e-06
-4.90308e-06
-4.43389e-06
-4.00569e-06
-3.61531e-06
-3.25978e-06
-2.93635e-06
-2.64243e-06
-2.37561e-06
-2.13365e-06
-1.91446e-06
-1.71611e-06
-1.53681e-06
-1.3749e-06
-1.22885e-06
-1.09724e-06
-9.78765e-07
-8.72233e-07
-7.76538e-07
-6.90668e-07
-6.13693e-07
-5.44765e-07
-4.83106e-07
-4.28008e-07
-3.78824e-07
-3.34965e-07
-2.95894e-07
-2.61126e-07
-2.30218e-07
-2.0277e-07
-1.7842e-07
-1.56842e-07
-1.37738e-07
-1.20843e-07
-1.05917e-07
-9.27443e-08
-8.11303e-08
-7.09015e-08
-6.19018e-08
-5.39917e-08
-4.70464e-08
-4.09546e-08
-3.56167e-08
-3.09443e-08
-2.68587e-08
-2.32897e-08
-2.01752e-08
-1.74602e-08
-1.50958e-08
-1.30388e-08
-1.12512e-08
-9.6991e-09
-8.35299e-09
-7.18668e-09
-6.17718e-09
-5.3043e-09
-4.55032e-09
-3.8997e-09
-3.33885e-09
-2.85587e-09
-2.44037e-09
-2.08329e-09
-1.77672e-09
-1.51378e-09
-1.2885e-09
-1.09567e-09
-9.30795e-10
-7.89955e-10
-6.69772e-10
-5.67319e-10
-4.80069e-10
-4.05841e-10
-3.42755e-10
-2.89193e-10
-2.43763e-10
-2.05269e-10
-1.72685e-10
-1.45132e-10
-1.21855e-10
-1.02213e-10
-8.56523e-11
-7.17051e-11
-5.99704e-11
-5.01072e-11
-4.18252e-11
-3.48781e-11
-2.90565e-11
-2.4183e-11
-2.01072e-11
-1.6702e-11
-1.386e-11
-0.00011214
-0.000119256
-0.000126699
-0.000134476
-0.000142591
-0.000151048
-0.000159851
-0.000169001
-0.0001785
-0.00018835
-0.000198549
-0.000209096
-0.000219988
-0.000231222
-0.000242793
-0.000254693
-0.000266916
-0.000279453
-0.000292292
-0.000305424
-0.000318833
-0.000332507
-0.000346429
-0.000360581
-0.000374945
-0.0003895
-0.000404226
-0.000419099
-0.000434095
-0.000449188
-0.000464353
-0.000479561
-0.000494784
-0.000509992
-0.000525154
-0.00054024
-0.000555216
-0.00057005
-0.000584709
-0.00059916
-0.000613368
-0.000627301
-0.000640924
-0.000654204
-0.000667107
-0.0006796
-0.000691652
-0.00070323
-0.000714305
-0.000724845
-0.000734823
-0.000744211
-0.000752984
-0.000761116
-0.000768585
-0.00077537
-0.000781452
-0.000786812
-0.000791436
-0.00079531
-0.000798422
-0.000800765
-0.00080233
-0.000803114
-0.000803114
-0.00080233
-0.000800765
-0.000798422
-0.00079531
-0.000791436
-0.000786812
-0.000781452
-0.00077537
-0.000768585
-0.000761116
-0.000752984
-0.000744211
-0.000734823
-0.000724845
-0.000714305
-0.00070323
-0.000691652
-0.0006796
-0.000667107
-0.000654204
-0.000640924
-0.000627301
-0.000613368
-0.00059916
-0.000584709
-0.00057005
-0.000555216
-0.00054024
-0.000525154
-0.000509992
-0.000494784
-0.000479561
-0.000464353
-0.000449188
-0.000434095
-0.000419099
-0.000404226
-0.0003895
-0.000374945
-0.000360581
-0.000346429
-0.000332507
-0.000318833
-0.000305424
-0.000292292
-0.000279453
-0.000266916
-0.000254693
-0.000242793
-0.000231222
-0.000219988
-0.000209096
-0.000198549
-0.00018835
-0.0001785
-0.000169001
-0.000159851
-0.000151048
-0.000142591
-0.000134476
-0.000126699
-0.000119256
-0.00011214
-0.000105346
-9.88665e-05
-9.26953e-05
-8.68244e-05
-8.1246e-05
-7.59518e-05
-7.09332e-05
-6.61817e-05
-6.16881e-05
-5.74435e-05
-5.34387e-05
-4.96647e-05
-4.61121e-05
-4.27718e-05
-3.96348e-05
-3.6692e-05
-3.39346e-05
-3.13537e-05
-2.89409e-05
-2.66876e-05
-2.45858e-05
-2.26274e-05
-2.08047e-05
-1.91101e-05
-1.75364e-05
-1.60766e-05
-1.47239e-05
-1.34719e-05
-1.23143e-05
-1.12452e-05
-1.02589e-05
-9.34996e-06
-8.51324e-06
-7.74382e-06
-7.03707e-06
-6.38858e-06
-5.79419e-06
-5.24998e-06
-4.75223e-06
-4.29748e-06
-3.88245e-06
-3.50408e-06
-3.15949e-06
-2.84601e-06
-2.56113e-06
-2.30252e-06
-2.068e-06
-1.85556e-06
-1.66331e-06
-1.48953e-06
-1.3326e-06
-1.19104e-06
-1.06348e-06
-9.48651e-07
-8.45398e-07
-7.52647e-07
-6.69418e-07
-5.94811e-07
-5.28004e-07
-4.68243e-07
-4.1484e-07
-3.67169e-07
-3.24659e-07
-2.86791e-07
-2.53092e-07
-2.23135e-07
-1.96531e-07
-1.72931e-07
-1.52016e-07
-1.335e-07
-1.17125e-07
-1.02659e-07
-8.98908e-08
-7.86342e-08
-6.87201e-08
-5.99973e-08
-5.23306e-08
-4.5599e-08
-3.96945e-08
-3.45209e-08
-2.99923e-08
-2.60323e-08
-2.25731e-08
-1.95545e-08
-1.6923e-08
-1.46313e-08
-1.26377e-08
-1.0905e-08
-9.40069e-09
-8.096e-09
-6.96557e-09
-5.98713e-09
-5.1411e-09
-4.41032e-09
-3.77972e-09
-3.23613e-09
-2.76801e-09
-2.36529e-09
-2.01919e-09
-1.72205e-09
-1.46721e-09
-1.24886e-09
-1.06196e-09
-9.02157e-10
-7.65651e-10
-6.49165e-10
-5.49864e-10
-4.65299e-10
-3.93354e-10
-3.32209e-10
-2.80295e-10
-2.36263e-10
-1.98953e-10
-1.67372e-10
-1.40666e-10
-1.18106e-10
-9.90678e-11
-8.30171e-11
-6.9499e-11
-5.81253e-11
-4.85655e-11
-4.05384e-11
-3.3805e-11
-2.81625e-11
-2.34389e-11
-1.94886e-11
-1.61882e-11
-1.34336e-11
-0.000108584
-0.000115474
-0.000122681
-0.000130212
-0.000138069
-0.000146258
-0.000154781
-0.000163641
-0.00017284
-0.000182377
-0.000192252
-0.000202465
-0.000213012
-0.00022389
-0.000235093
-0.000246616
-0.000258451
-0.00027059
-0.000283023
-0.000295738
-0.000308722
-0.000321962
-0.000335442
-0.000349146
-0.000363054
-0.000377148
-0.000391407
-0.000405808
-0.000420328
-0.000434943
-0.000449627
-0.000464353
-0.000479093
-0.000493819
-0.0005085
-0.000523107
-0.000537608
-0.000551972
-0.000566166
-0.000580159
-0.000593917
-0.000607408
-0.000620599
-0.000633457
-0.000645951
-0.000658048
-0.000669718
-0.000680929
-0.000691652
-0.000701858
-0.00071152
-0.00072061
-0.000729105
-0.000736979
-0.000744211
-0.000750781
-0.00075667
-0.00076186
-0.000766337
-0.000770088
-0.000773102
-0.00077537
-0.000776886
-0.000777645
-0.000777645
-0.000776886
-0.00077537
-0.000773102
-0.000770088
-0.000766337
-0.00076186
-0.00075667
-0.000750781
-0.000744211
-0.000736979
-0.000729105
-0.00072061
-0.00071152
-0.000701858
-0.000691652
-0.000680929
-0.000669718
-0.000658048
-0.000645951
-0.000633457
-0.000620599
-0.000607408
-0.000593917
-0.000580159
-0.000566166
-0.000551972
-0.000537608
-0.000523107
-0.0005085
-0.000493819
-0.000479093
-0.000464353
-0.000449627
-0.000434943
-0.000420328
-0.000405808
-0.000391407
-0.000377148
-0.000363054
-0.000349146
-0.000335442
-0.000321962
-0.000308722
-0.000295738
-0.000283023
-0.00027059
-0.000258451
-0.000246616
-0.000235093
-0.00022389
-0.000213012
-0.000202465
-0.000192252
-0.000182377
-0.00017284
-0.000163641
-0.000154781
-0.000146258
-0.000138069
-0.000130212
-0.000122681
-0.000115474
-0.000108584
-0.000102005
-9.57312e-05
-8.97556e-05
-8.4071e-05
-7.86694e-05
-7.35431e-05
-6.86838e-05
-6.40828e-05
-5.97318e-05
-5.56218e-05
-5.17441e-05
-4.80897e-05
-4.46497e-05
-4.14154e-05
-3.83779e-05
-3.55284e-05
-3.28584e-05
-3.03594e-05
-2.80231e-05
-2.58413e-05
-2.38061e-05
-2.19098e-05
-2.01449e-05
-1.8504e-05
-1.69803e-05
-1.55668e-05
-1.4257e-05
-1.30447e-05
-1.19238e-05
-1.08886e-05
-9.93356e-06
-9.05345e-06
-8.24326e-06
-7.49824e-06
-6.81391e-06
-6.18598e-06
-5.61044e-06
-5.08348e-06
-4.60152e-06
-4.16119e-06
-3.75932e-06
-3.39295e-06
-3.0593e-06
-2.75576e-06
-2.47991e-06
-2.2295e-06
-2.00242e-06
-1.79671e-06
-1.61056e-06
-1.44229e-06
-1.29034e-06
-1.15327e-06
-1.02975e-06
-9.18567e-07
-8.18588e-07
-7.28778e-07
-6.48189e-07
-5.75948e-07
-5.1126e-07
-4.53393e-07
-4.01684e-07
-3.55525e-07
-3.14363e-07
-2.77696e-07
-2.45066e-07
-2.16058e-07
-1.90299e-07
-1.67447e-07
-1.47195e-07
-1.29267e-07
-1.13411e-07
-9.9403e-08
-8.70401e-08
-7.61405e-08
-6.65408e-08
-5.80946e-08
-5.0671e-08
-4.41529e-08
-3.84357e-08
-3.34261e-08
-2.90411e-08
-2.52067e-08
-2.18573e-08
-1.89344e-08
-1.63863e-08
-1.41673e-08
-1.22369e-08
-1.05592e-08
-9.10257e-09
-7.83925e-09
-6.74467e-09
-5.79726e-09
-4.97807e-09
-4.27046e-09
-3.65986e-09
-3.1335e-09
-2.68023e-09
-2.29028e-09
-1.95516e-09
-1.66744e-09
-1.42068e-09
-1.20925e-09
-1.02829e-09
-8.73547e-10
-7.4137e-10
-6.28578e-10
-5.32427e-10
-4.50543e-10
-3.8088e-10
-3.21674e-10
-2.71406e-10
-2.2877e-10
-1.92644e-10
-1.62064e-10
-1.36205e-10
-1.14361e-10
-9.59261e-11
-8.03844e-11
-6.7295e-11
-5.6282e-11
-4.70254e-11
-3.92528e-11
-3.2733e-11
-2.72694e-11
-2.26956e-11
-1.88705e-11
-1.56748e-11
-1.30076e-11
-0.000105037
-0.000111703
-0.000118675
-0.000125959
-0.00013356
-0.000141481
-0.000149726
-0.000158297
-0.000167195
-0.000176421
-0.000185974
-0.000195853
-0.000206055
-0.000216578
-0.000227415
-0.000238562
-0.000250011
-0.000261754
-0.00027378
-0.00028608
-0.00029864
-0.000311448
-0.000324488
-0.000337743
-0.000351197
-0.000364831
-0.000378624
-0.000392555
-0.000406601
-0.000420739
-0.000434943
-0.000449188
-0.000463447
-0.000477692
-0.000491894
-0.000506023
-0.000520051
-0.000533946
-0.000547676
-0.000561212
-0.000574521
-0.000587571
-0.000600331
-0.00061277
-0.000624856
-0.000636558
-0.000647846
-0.000658691
-0.000669064
-0.000678937
-0.000688283
-0.000697077
-0.000705294
-0.000712911
-0.000719907
-0.000726262
-0.000731958
-0.000736979
-0.00074131
-0.000744939
-0.000747854
-0.000750048
-0.000751515
-0.000752249
-0.000752249
-0.000751515
-0.000750048
-0.000747854
-0.000744939
-0.00074131
-0.000736979
-0.000731958
-0.000726262
-0.000719907
-0.000712911
-0.000705294
-0.000697077
-0.000688283
-0.000678937
-0.000669064
-0.000658691
-0.000647846
-0.000636558
-0.000624856
-0.00061277
-0.000600331
-0.000587571
-0.000574521
-0.000561212
-0.000547676
-0.000533946
-0.000520051
-0.000506023
-0.000491894
-0.000477692
-0.000463447
-0.000449188
-0.000434943
-0.000420739
-0.000406601
-0.000392555
-0.000378624
-0.000364831
-0.000351197
-0.000337743
-0.000324488
-0.000311448
-0.00029864
-0.00028608
-0.00027378
-0.000261754
-0.000250011
-0.000238562
-0.000227415
-0.000216578
-0.000206055
-0.000195853
-0.000185974
-0.000176421
-0.000167195
-0.000158297
-0.000149726
-0.000141481
-0.00013356
-0.000125959
-0.000118675
-0.000111703
-0.000105037
-9.86736e-05
-9.26048e-05
-8.68244e-05
-8.13254e-05
-7.61003e-05
-7.11414e-05
-6.64407e-05
-6.199e-05
-5.77811e-05
-5.38053e-05
-5.00542e-05
-4.65192e-05
-4.31916e-05
-4.00629e-05
-3.71245e-05
-3.43681e-05
-3.17853e-05
-2.93679e-05
-2.71079e-05
-2.49974e-05
-2.30287e-05
-2.11943e-05
-1.9487e-05
-1.78997e-05
-1.64257e-05
-1.50584e-05
-1.37914e-05
-1.26187e-05
-1.15344e-05
-1.0533e-05
-9.60915e-06
-8.75778e-06
-7.97405e-06
-7.25337e-06
-6.59138e-06
-5.98396e-06
-5.42722e-06
-4.91747e-06
-4.45125e-06
-4.0253e-06
-3.63655e-06
-3.28214e-06
-2.95938e-06
-2.66576e-06
-2.39892e-06
-2.15669e-06
-1.93702e-06
-1.73803e-06
-1.55796e-06
-1.39519e-06
-1.2482e-06
-1.1156e-06
-9.96122e-07
-8.88568e-07
-7.91854e-07
-7.04978e-07
-6.2702e-07
-5.57139e-07
-4.94563e-07
-4.38586e-07
-3.88566e-07
-3.43914e-07
-3.04097e-07
-2.68627e-07
-2.37062e-07
-2.09002e-07
-1.84084e-07
-1.61978e-07
-1.42388e-07
-1.25045e-07
-1.09707e-07
-9.61567e-08
-8.41976e-08
-7.36539e-08
-6.43677e-08
-5.61973e-08
-4.90162e-08
-4.2711e-08
-3.71805e-08
-3.23345e-08
-2.80927e-08
-2.43835e-08
-2.11435e-08
-1.8316e-08
-1.58512e-08
-1.37047e-08
-1.18373e-08
-1.02143e-08
-8.8053e-09
-7.58323e-09
-6.5244e-09
-5.60793e-09
-4.81549e-09
-4.13099e-09
-3.54033e-09
-3.03117e-09
-2.59269e-09
-2.21548e-09
-1.89131e-09
-1.61299e-09
-1.37428e-09
-1.16976e-09
-9.94704e-10
-8.45019e-10
-7.17158e-10
-6.0805e-10
-5.15039e-10
-4.35829e-10
-3.68441e-10
-3.11169e-10
-2.62543e-10
-2.21299e-10
-1.86353e-10
-1.56771e-10
-1.31757e-10
-1.10626e-10
-9.27933e-11
-7.77592e-11
-6.50973e-11
-5.44439e-11
-4.54896e-11
-3.79709e-11
-3.1664e-11
-2.63788e-11
-2.19544e-11
-1.82543e-11
-1.51629e-11
-1.25828e-11
-0.000101508
-0.000107949
-0.000114687
-0.000121727
-0.000129072
-0.000136727
-0.000144695
-0.000152978
-0.000161577
-0.000170493
-0.000179725
-0.000189272
-0.000199132
-0.0002093
-0.000219774
-0.000230546
-0.00024161
-0.000252958
-0.00026458
-0.000276467
-0.000288605
-0.000300982
-0.000313584
-0.000326394
-0.000339396
-0.000352572
-0.000365902
-0.000379364
-0.000392939
-0.000406601
-0.000420328
-0.000434095
-0.000447874
-0.00046164
-0.000475365
-0.00048902
-0.000502576
-0.000516004
-0.000529273
-0.000542354
-0.000555216
-0.000567827
-0.000580159
-0.000592179
-0.000603859
-0.000615168
-0.000626077
-0.000636558
-0.000646582
-0.000656123
-0.000665155
-0.000673653
-0.000681594
-0.000688956
-0.000695717
-0.000701858
-0.000707363
-0.000712215
-0.0007164
-0.000719907
-0.000722725
-0.000724845
-0.000726262
-0.000726972
-0.000726972
-0.000726262
-0.000724845
-0.000722725
-0.000719907
-0.0007164
-0.000712215
-0.000707363
-0.000701858
-0.000695717
-0.000688956
-0.000681594
-0.000673653
-0.000665155
-0.000656123
-0.000646582
-0.000636558
-0.000626077
-0.000615168
-0.000603859
-0.000592179
-0.000580159
-0.000567827
-0.000555216
-0.000542354
-0.000529273
-0.000516004
-0.000502576
-0.00048902
-0.000475365
-0.00046164
-0.000447874
-0.000434095
-0.000420328
-0.000406601
-0.000392939
-0.000379364
-0.000365902
-0.000352572
-0.000339396
-0.000326394
-0.000313584
-0.000300982
-0.000288605
-0.000276467
-0.00026458
-0.000252958
-0.00024161
-0.000230546
-0.000219774
-0.0002093
-0.000199132
-0.000189272
-0.000179725
-0.000170493
-0.000161577
-0.000152978
-0.000144695
-0.000136727
-0.000129072
-0.000121727
-0.000114687
-0.000107949
-0.000101508
-9.53579e-05
-8.94931e-05
-8.39069e-05
-7.85927e-05
-7.35431e-05
-6.87509e-05
-6.42081e-05
-5.9907e-05
-5.58395e-05
-5.19973e-05
-4.83723e-05
-4.4956e-05
-4.17402e-05
-3.87167e-05
-3.58771e-05
-3.32133e-05
-3.07173e-05
-2.83811e-05
-2.6197e-05
-2.41574e-05
-2.22548e-05
-2.04821e-05
-1.88322e-05
-1.72983e-05
-1.58738e-05
-1.45524e-05
-1.3328e-05
-1.21946e-05
-1.11468e-05
-1.01791e-05
-9.28626e-06
-8.4635e-06
-7.7061e-06
-7.00964e-06
-6.36989e-06
-5.78289e-06
-5.24485e-06
-4.75223e-06
-4.30168e-06
-3.89004e-06
-3.51436e-06
-3.17186e-06
-2.85994e-06
-2.57618e-06
-2.31832e-06
-2.08422e-06
-1.87194e-06
-1.67963e-06
-1.50561e-06
-1.34831e-06
-1.20625e-06
-1.07812e-06
-9.6265e-07
-8.58711e-07
-7.65246e-07
-6.81289e-07
-6.05951e-07
-5.38418e-07
-4.77944e-07
-4.23849e-07
-3.75509e-07
-3.32358e-07
-2.93878e-07
-2.596e-07
-2.29096e-07
-2.0198e-07
-1.77899e-07
-1.56536e-07
-1.37604e-07
-1.20843e-07
-1.06021e-07
-9.29256e-08
-8.13684e-08
-7.1179e-08
-6.22048e-08
-5.4309e-08
-4.73691e-08
-4.12758e-08
-3.59311e-08
-3.1248e-08
-2.71487e-08
-2.35642e-08
-2.0433e-08
-1.77006e-08
-1.53186e-08
-1.32442e-08
-1.14395e-08
-9.8711e-09
-8.50942e-09
-7.32842e-09
-6.30517e-09
-5.41949e-09
-4.65368e-09
-3.99218e-09
-3.42137e-09
-2.92931e-09
-2.50557e-09
-2.14104e-09
-1.82775e-09
-1.55879e-09
-1.3281e-09
-1.13045e-09
-9.6128e-10
-8.16625e-10
-6.9306e-10
-5.87618e-10
-4.97732e-10
-4.21184e-10
-3.56061e-10
-3.00713e-10
-2.53721e-10
-2.13863e-10
-1.80091e-10
-1.51504e-10
-1.2733e-10
-1.06909e-10
-8.96753e-11
-7.51463e-11
-6.29099e-11
-5.26145e-11
-4.39611e-11
-3.6695e-11
-3.06e-11
-2.54925e-11
-2.12167e-11
-1.76409e-11
-1.46534e-11
-1.216e-11
-9.80014e-05
-0.00010422
-0.000110725
-0.000117522
-0.000124613
-0.000132004
-0.000139697
-0.000147693
-0.000155995
-0.000164603
-0.000173516
-0.000182733
-0.000192252
-0.00020207
-0.000212182
-0.000222582
-0.000233264
-0.000244219
-0.00025544
-0.000266916
-0.000278635
-0.000290585
-0.000302751
-0.000315119
-0.000327672
-0.000340392
-0.000353261
-0.000366259
-0.000379364
-0.000392555
-0.000405808
-0.000419099
-0.000432402
-0.000445693
-0.000458943
-0.000472127
-0.000485214
-0.000498178
-0.000510989
-0.000523618
-0.000536035
-0.000548211
-0.000560117
-0.000571722
-0.000582998
-0.000593917
-0.000604449
-0.000614568
-0.000624246
-0.000633457
-0.000642177
-0.000650382
-0.000658048
-0.000665155
-0.000671683
-0.000677612
-0.000682927
-0.000687611
-0.000691652
-0.000695037
-0.000697758
-0.000699805
-0.000701173
-0.000701858
-0.000701858
-0.000701173
-0.000699805
-0.000697758
-0.000695037
-0.000691652
-0.000687611
-0.000682927
-0.000677612
-0.000671683
-0.000665155
-0.000658048
-0.000650382
-0.000642177
-0.000633457
-0.000624246
-0.000614568
-0.000604449
-0.000593917
-0.000582998
-0.000571722
-0.000560117
-0.000548211
-0.000536035
-0.000523618
-0.000510989
-0.000498178
-0.000485214
-0.000472127
-0.000458943
-0.000445693
-0.000432402
-0.000419099
-0.000405808
-0.000392555
-0.000379364
-0.000366259
-0.000353261
-0.000340392
-0.000327672
-0.000315119
-0.000302751
-0.000290585
-0.000278635
-0.000266916
-0.00025544
-0.000244219
-0.000233264
-0.000222582
-0.000212182
-0.00020207
-0.000192252
-0.000182733
-0.000173516
-0.000164603
-0.000155995
-0.000147693
-0.000139697
-0.000132004
-0.000124613
-0.000117522
-0.000110725
-0.00010422
-9.80014e-05
-9.20638e-05
-8.64015e-05
-8.10083e-05
-7.58776e-05
-7.10025e-05
-6.63758e-05
-6.199e-05
-5.78375e-05
-5.39105e-05
-5.02011e-05
-4.67012e-05
-4.3403e-05
-4.02983e-05
-3.73792e-05
-3.46377e-05
-3.20659e-05
-2.96561e-05
-2.74007e-05
-2.5292e-05
-2.33229e-05
-2.1486e-05
-1.97745e-05
-1.81816e-05
-1.67007e-05
-1.53254e-05
-1.40497e-05
-1.28675e-05
-1.17734e-05
-1.07617e-05
-9.82742e-06
-8.96546e-06
-8.17112e-06
-7.43989e-06
-6.76749e-06
-6.14984e-06
-5.58312e-06
-5.06367e-06
-4.58806e-06
-4.15307e-06
-3.75565e-06
-3.39295e-06
-3.06228e-06
-2.76115e-06
-2.48719e-06
-2.23823e-06
-2.01222e-06
-1.80727e-06
-1.62161e-06
-1.4536e-06
-1.30173e-06
-1.16458e-06
-1.04087e-06
-9.29395e-07
-8.29046e-07
-7.3881e-07
-6.57754e-07
-5.85018e-07
-5.19818e-07
-4.61434e-07
-4.09207e-07
-3.62537e-07
-3.20877e-07
-2.83726e-07
-2.50632e-07
-2.21182e-07
-1.95002e-07
-1.71753e-07
-1.51128e-07
-1.3285e-07
-1.16669e-07
-1.02358e-07
-8.97154e-08
-7.85575e-08
-6.87201e-08
-6.00559e-08
-5.24329e-08
-4.57328e-08
-3.98499e-08
-3.46899e-08
-3.01685e-08
-2.62109e-08
-2.27502e-08
-1.97271e-08
-1.70891e-08
-1.47894e-08
-1.27866e-08
-1.10443e-08
-9.5301e-09
-8.21546e-09
-7.07526e-09
-6.08735e-09
-5.23227e-09
-4.49292e-09
-3.85427e-09
-3.30318e-09
-2.82812e-09
-2.41902e-09
-2.06708e-09
-1.76461e-09
-1.50494e-09
-1.28222e-09
-1.0914e-09
-9.28072e-10
-7.88414e-10
-6.69118e-10
-5.67319e-10
-4.80538e-10
-4.06634e-10
-3.4376e-10
-2.90325e-10
-2.44956e-10
-2.06475e-10
-1.73869e-10
-1.4627e-10
-1.22931e-10
-1.03216e-10
-8.65774e-11
-7.25504e-11
-6.07366e-11
-5.07969e-11
-4.24424e-11
-3.54274e-11
-2.95429e-11
-2.46118e-11
-2.04838e-11
-1.70315e-11
-1.41472e-11
-1.17399e-11
-9.45235e-05
-0.000100522
-0.000106796
-0.000113351
-0.000120191
-0.00012732
-0.000134739
-0.000142452
-0.000150459
-0.000158762
-0.000167358
-0.000176249
-0.00018543
-0.000194899
-0.000204652
-0.000214683
-0.000224986
-0.000235553
-0.000246375
-0.000257444
-0.000268747
-0.000280273
-0.000292007
-0.000303936
-0.000316043
-0.000328312
-0.000340725
-0.000353261
-0.000365902
-0.000378624
-0.000391407
-0.000404226
-0.000417057
-0.000429876
-0.000442656
-0.000455372
-0.000467995
-0.000480499
-0.000492855
-0.000505036
-0.000517013
-0.000528757
-0.00054024
-0.000551433
-0.000562309
-0.00057284
-0.000582998
-0.000592758
-0.000602093
-0.000610977
-0.000619388
-0.000627301
-0.000634696
-0.00064155
-0.000647846
-0.000653565
-0.000658691
-0.000663209
-0.000667107
-0.000670372
-0.000672996
-0.00067497
-0.00067629
-0.000676951
-0.000676951
-0.00067629
-0.00067497
-0.000672996
-0.000670372
-0.000667107
-0.000663209
-0.000658691
-0.000653565
-0.000647846
-0.00064155
-0.000634696
-0.000627301
-0.000619388
-0.000610977
-0.000602093
-0.000592758
-0.000582998
-0.00057284
-0.000562309
-0.000551433
-0.00054024
-0.000528757
-0.000517013
-0.000505036
-0.000492855
-0.000480499
-0.000467995
-0.000455372
-0.000442656
-0.000429876
-0.000417057
-0.000404226
-0.000391407
-0.000378624
-0.000365902
-0.000353261
-0.000340725
-0.000328312
-0.000316043
-0.000303936
-0.000292007
-0.000280273
-0.000268747
-0.000257444
-0.000246375
-0.000235553
-0.000224986
-0.000214683
-0.000204652
-0.000194899
-0.00018543
-0.000176249
-0.000167358
-0.000158762
-0.000150459
-0.000142452
-0.000134739
-0.00012732
-0.000120191
-0.000113351
-0.000106796
-0.000100522
-9.45235e-05
-8.87966e-05
-8.33353e-05
-7.81335e-05
-7.31849e-05
-6.84828e-05
-6.40203e-05
-5.97901e-05
-5.5785e-05
-5.19973e-05
-4.84195e-05
-4.50439e-05
-4.18627e-05
-3.88682e-05
-3.60527e-05
-3.34085e-05
-3.0928e-05
-2.86037e-05
-2.64283e-05
-2.43945e-05
-2.24952e-05
-2.07235e-05
-1.90728e-05
-1.75364e-05
-1.6108e-05
-1.47816e-05
-1.35511e-05
-1.24109e-05
-1.13556e-05
-1.03798e-05
-9.47867e-06
-8.6473e-06
-7.88115e-06
-7.17587e-06
-6.52732e-06
-5.9316e-06
-5.38498e-06
-4.88397e-06
-4.42524e-06
-4.00569e-06
-3.62237e-06
-3.27254e-06
-2.95361e-06
-2.66316e-06
-2.39892e-06
-2.1588e-06
-1.94081e-06
-1.74313e-06
-1.56406e-06
-1.40202e-06
-1.25553e-06
-1.12326e-06
-1.00393e-06
-8.96413e-07
-7.99625e-07
-7.12592e-07
-6.34411e-07
-5.64257e-07
-5.01371e-07
-4.45058e-07
-3.94685e-07
-3.49672e-07
-3.0949e-07
-2.73657e-07
-2.41738e-07
-2.13333e-07
-1.88082e-07
-1.65658e-07
-1.45765e-07
-1.28135e-07
-1.12528e-07
-9.87258e-08
-8.65316e-08
-7.57696e-08
-6.62814e-08
-5.79246e-08
-5.05721e-08
-4.41098e-08
-3.84357e-08
-3.34588e-08
-2.90979e-08
-2.52807e-08
-2.19428e-08
-1.90271e-08
-1.64826e-08
-1.42645e-08
-1.23329e-08
-1.06524e-08
-9.1919e-09
-7.92391e-09
-6.82417e-09
-5.87133e-09
-5.04659e-09
-4.33347e-09
-3.71749e-09
-3.18596e-09
-2.72775e-09
-2.33317e-09
-1.99372e-09
-1.70199e-09
-1.45153e-09
-1.23672e-09
-1.05267e-09
-8.95137e-10
-7.60435e-10
-6.45373e-10
-5.47186e-10
-4.63485e-10
-3.92204e-10
-3.31561e-10
-2.80022e-10
-2.36263e-10
-1.99148e-10
-1.67699e-10
-1.41079e-10
-1.18569e-10
-9.95527e-11
-8.3505e-11
-6.99757e-11
-5.85812e-11
-4.89942e-11
-4.09362e-11
-3.41701e-11
-2.84945e-11
-2.37384e-11
-1.97568e-11
-1.64271e-11
-1.36451e-11
-1.13233e-11
-9.10801e-05
-9.68596e-05
-0.000102905
-0.000109222
-0.000115813
-0.000122681
-0.000129831
-0.000137263
-0.000144978
-0.000152978
-0.000161262
-0.000169828
-0.000178675
-0.000187799
-0.000197196
-0.000206862
-0.000216789
-0.000226972
-0.0002374
-0.000248065
-0.000258957
-0.000270062
-0.00028137
-0.000292864
-0.00030453
-0.000316352
-0.000328312
-0.000340392
-0.000352572
-0.000364831
-0.000377148
-0.0003895
-0.000401864
-0.000414216
-0.000426531
-0.000438783
-0.000450946
-0.000462995
-0.000474901
-0.000486638
-0.000498178
-0.000509494
-0.000520559
-0.000531345
-0.000541825
-0.000551972
-0.00056176
-0.000571164
-0.000580159
-0.00058872
-0.000596824
-0.000604449
-0.000611574
-0.000618179
-0.000624246
-0.000629756
-0.000634696
-0.000639049
-0.000642805
-0.000645951
-0.000648479
-0.000650382
-0.000651653
-0.00065229
-0.00065229
-0.000651653
-0.000650382
-0.000648479
-0.000645951
-0.000642805
-0.000639049
-0.000634696
-0.000629756
-0.000624246
-0.000618179
-0.000611574
-0.000604449
-0.000596824
-0.00058872
-0.000580159
-0.000571164
-0.00056176
-0.000551972
-0.000541825
-0.000531345
-0.000520559
-0.000509494
-0.000498178
-0.000486638
-0.000474901
-0.000462995
-0.000450946
-0.000438783
-0.000426531
-0.000414216
-0.000401864
-0.0003895
-0.000377148
-0.000364831
-0.000352572
-0.000340392
-0.000328312
-0.000316352
-0.00030453
-0.000292864
-0.00028137
-0.000270062
-0.000258957
-0.000248065
-0.0002374
-0.000226972
-0.000216789
-0.000206862
-0.000197196
-0.000187799
-0.000178675
-0.000169828
-0.000161262
-0.000152978
-0.000144978
-0.000137263
-0.000129831
-0.000122681
-0.000115813
-0.000109222
-0.000102905
-9.68596e-05
-9.10801e-05
-8.55618e-05
-8.02994e-05
-7.52872e-05
-7.05188e-05
-6.5988e-05
-6.16881e-05
-5.7612e-05
-5.37528e-05
-5.01031e-05
-4.66556e-05
-4.3403e-05
-4.03377e-05
-3.74523e-05
-3.47393e-05
-3.21914e-05
-2.98013e-05
-2.75617e-05
-2.54655e-05
-2.35058e-05
-2.16757e-05
-1.99686e-05
-1.8378e-05
-1.68976e-05
-1.55212e-05
-1.42431e-05
-1.30574e-05
-1.19588e-05
-1.09419e-05
-1.00017e-05
-9.13337e-06
-8.33228e-06
-7.59404e-06
-6.91446e-06
-6.28954e-06
-5.71552e-06
-5.18881e-06
-4.70605e-06
-4.26403e-06
-3.85977e-06
-3.49041e-06
-3.15333e-06
-2.84601e-06
-2.56614e-06
-2.31153e-06
-2.08015e-06
-1.87011e-06
-1.67963e-06
-1.50708e-06
-1.35094e-06
-1.20979e-06
-1.08234e-06
-9.67362e-07
-8.63757e-07
-7.70495e-07
-6.86632e-07
-6.113e-07
-5.43702e-07
-4.83106e-07
-4.28845e-07
-3.80307e-07
-3.36933e-07
-2.98215e-07
-2.63688e-07
-2.32932e-07
-2.05561e-07
-1.8123e-07
-1.59623e-07
-1.40455e-07
-1.23468e-07
-1.08429e-07
-9.51293e-08
-8.33794e-08
-7.30094e-08
-6.38668e-08
-5.58145e-08
-4.87298e-08
-4.25029e-08
-3.70355e-08
-3.22399e-08
-2.80379e-08
-2.43597e-08
-2.11435e-08
-1.83339e-08
-1.58822e-08
-1.37449e-08
-1.18836e-08
-1.02643e-08
-8.85705e-09
-7.63525e-09
-6.57557e-09
-5.65744e-09
-4.86275e-09
-4.17561e-09
-3.58207e-09
-3.06989e-09
-2.62838e-09
-2.24818e-09
-1.92109e-09
-1.63999e-09
-1.39865e-09
-1.19167e-09
-1.01432e-09
-8.62527e-10
-7.32733e-10
-6.21862e-10
-5.27252e-10
-4.466e-10
-3.77916e-10
-3.19483e-10
-2.69821e-10
-2.27656e-10
-1.91893e-10
-1.6159e-10
-1.3594e-10
-1.14249e-10
-9.59261e-11
-8.04629e-11
-6.74265e-11
-5.64471e-11
-4.72094e-11
-3.9445e-11
-3.29253e-11
-2.74565e-11
-2.28736e-11
-1.90371e-11
-1.58286e-11
-1.3148e-11
-1.09108e-11
-8.76764e-05
-9.324e-05
-9.90598e-05
-0.00010514
-0.000111485
-0.000118097
-0.000124979
-0.000132133
-0.00013956
-0.000147261
-0.000155235
-0.000163482
-0.000171998
-0.000180781
-0.000189827
-0.000199132
-0.000208688
-0.00021849
-0.000228529
-0.000238795
-0.00024928
-0.00025997
-0.000270855
-0.00028192
-0.00029315
-0.00030453
-0.000316043
-0.000327672
-0.000339396
-0.000351197
-0.000363054
-0.000374945
-0.000386847
-0.000398737
-0.000410591
-0.000422386
-0.000434095
-0.000445693
-0.000457154
-0.000468452
-0.000479561
-0.000490455
-0.000501106
-0.000511489
-0.000521577
-0.000531345
-0.000540767
-0.00054982
-0.000558478
-0.000566719
-0.000574521
-0.000581861
-0.00058872
-0.000595078
-0.000600918
-0.000606222
-0.000610977
-0.000615168
-0.000618783
-0.000621812
-0.000624246
-0.000626077
-0.000627301
-0.000627914
-0.000627914
-0.000627301
-0.000626077
-0.000624246
-0.000621812
-0.000618783
-0.000615168
-0.000610977
-0.000606222
-0.000600918
-0.000595078
-0.00058872
-0.000581861
-0.000574521
-0.000566719
-0.000558478
-0.00054982
-0.000540767
-0.000531345
-0.000521577
-0.000511489
-0.000501106
-0.000490455
-0.000479561
-0.000468452
-0.000457154
-0.000445693
-0.000434095
-0.000422386
-0.000410591
-0.000398737
-0.000386847
-0.000374945
-0.000363054
-0.000351197
-0.000339396
-0.000327672
-0.000316043
-0.00030453
-0.00029315
-0.00028192
-0.000270855
-0.00025997
-0.00024928
-0.000238795
-0.000228529
-0.00021849
-0.000208688
-0.000199132
-0.000189827
-0.000180781
-0.000171998
-0.000163482
-0.000155235
-0.000147261
-0.00013956
-0.000132133
-0.000124979
-0.000118097
-0.000111485
-0.00010514
-9.90598e-05
-9.324e-05
-8.76764e-05
-8.23644e-05
-7.72987e-05
-7.24737e-05
-6.78836e-05
-6.35221e-05
-5.93828e-05
-5.54591e-05
-5.17441e-05
-4.82308e-05
-4.49121e-05
-4.1781e-05
-3.88303e-05
-3.60527e-05
-3.34411e-05
-3.09884e-05
-2.86876e-05
-2.65317e-05
-2.45139e-05
-2.26274e-05
-2.08657e-05
-1.92224e-05
-1.76912e-05
-1.62661e-05
-1.49412e-05
-1.37108e-05
-1.25695e-05
-1.15119e-05
-1.0533e-05
-9.62794e-06
-8.79206e-06
-8.02091e-06
-7.31026e-06
-6.65606e-06
-6.0545e-06
-5.50193e-06
-4.99491e-06
-4.53018e-06
-4.10469e-06
-3.71553e-06
-3.35998e-06
-3.03549e-06
-2.73966e-06
-2.47025e-06
-2.22515e-06
-2.00242e-06
-1.80022e-06
-1.61687e-06
-1.45076e-06
-1.30046e-06
-1.16458e-06
-1.04189e-06
-9.31212e-07
-8.31478e-07
-7.41702e-07
-6.60973e-07
-5.88456e-07
-5.23384e-07
-4.65053e-07
-4.12819e-07
-3.66095e-07
-3.24342e-07
-2.87071e-07
-2.53834e-07
-2.24227e-07
-1.9788e-07
-1.74458e-07
-1.53658e-07
-1.35206e-07
-1.18854e-07
-1.04377e-07
-9.15743e-08
-8.02635e-08
-7.02811e-08
-6.14801e-08
-5.37287e-08
-4.69088e-08
-4.09146e-08
-3.56515e-08
-3.10351e-08
-2.69901e-08
-2.34494e-08
-2.03533e-08
-1.76488e-08
-1.52887e-08
-1.32312e-08
-1.14395e-08
-9.88075e-09
-8.52606e-09
-7.34992e-09
-6.32985e-09
-5.44602e-09
-4.68103e-09
-4.01957e-09
-3.44821e-09
-2.95517e-09
-2.53016e-09
-2.16416e-09
-1.8493e-09
-1.5787e-09
-1.34639e-09
-1.14714e-09
-9.76418e-10
-8.30295e-10
-7.05351e-10
-5.98623e-10
-5.07549e-10
-4.29911e-10
-3.63793e-10
-3.07544e-10
-2.59738e-10
-2.19149e-10
-1.84722e-10
-1.55551e-10
-1.3086e-10
-1.0998e-10
-9.23413e-11
-7.74561e-11
-6.49068e-11
-5.43377e-11
-4.54452e-11
-3.79709e-11
-3.16949e-11
-2.64304e-11
-2.20188e-11
-1.83257e-11
-1.52371e-11
-1.26567e-11
-1.0503e-11
-8.43176e-05
-8.9668e-05
-9.52649e-05
-0.000101112
-0.000107214
-0.000113573
-0.000120191
-0.000127071
-0.000134214
-0.00014162
-0.000149288
-0.000157219
-0.000165409
-0.000173855
-0.000182555
-0.000191503
-0.000200693
-0.00021012
-0.000219774
-0.000229647
-0.00023973
-0.000250011
-0.000260479
-0.000271119
-0.00028192
-0.000292864
-0.000303936
-0.000315119
-0.000326394
-0.000337743
-0.000349146
-0.000360581
-0.000372027
-0.000383461
-0.000394862
-0.000406204
-0.000417465
-0.000428619
-0.000439641
-0.000450506
-0.00046119
-0.000471666
-0.000481909
-0.000491894
-0.000501595
-0.000510989
-0.000520051
-0.000528757
-0.000537083
-0.000545009
-0.000552511
-0.00055957
-0.000566166
-0.000572281
-0.000577897
-0.000582998
-0.000587571
-0.000591601
-0.000595078
-0.000597991
-0.000600331
-0.000602093
-0.00060327
-0.000603859
-0.000603859
-0.00060327
-0.000602093
-0.000600331
-0.000597991
-0.000595078
-0.000591601
-0.000587571
-0.000582998
-0.000577897
-0.000572281
-0.000566166
-0.00055957
-0.000552511
-0.000545009
-0.000537083
-0.000528757
-0.000520051
-0.000510989
-0.000501595
-0.000491894
-0.000481909
-0.000471666
-0.00046119
-0.000450506
-0.000439641
-0.000428619
-0.000417465
-0.000406204
-0.000394862
-0.000383461
-0.000372027
-0.000360581
-0.000349146
-0.000337743
-0.000326394
-0.000315119
-0.000303936
-0.000292864
-0.00028192
-0.000271119
-0.000260479
-0.000250011
-0.00023973
-0.000229647
-0.000219774
-0.00021012
-0.000200693
-0.000191503
-0.000182555
-0.000173855
-0.000165409
-0.000157219
-0.000149288
-0.00014162
-0.000134214
-0.000127071
-0.000120191
-0.000113573
-0.000107214
-0.000101112
-9.52649e-05
-8.9668e-05
-8.43176e-05
-7.92091e-05
-7.43374e-05
-6.96973e-05
-6.5283e-05
-6.10886e-05
-5.71079e-05
-5.33345e-05
-4.97618e-05
-4.63831e-05
-4.31916e-05
-4.01804e-05
-3.73427e-05
-3.46715e-05
-3.216e-05
-2.98013e-05
-2.75886e-05
-2.55153e-05
-2.35748e-05
-2.17605e-05
-2.00663e-05
-1.8486e-05
-1.70135e-05
-1.5643e-05
-1.43688e-05
-1.31856e-05
-1.20879e-05
-1.10709e-05
-1.01295e-05
-9.2591e-06
-8.45524e-06
-7.71363e-06
-7.0302e-06
-6.40107e-06
-5.82256e-06
-5.29115e-06
-4.80356e-06
-4.35664e-06
-3.94744e-06
-3.57319e-06
-3.23126e-06
-2.9192e-06
-2.6347e-06
-2.37561e-06
-2.13991e-06
-1.92571e-06
-1.73126e-06
-1.55492e-06
-1.39519e-06
-1.25064e-06
-1.11997e-06
-1.00198e-06
-8.95538e-07
-7.99625e-07
-7.13288e-07
-6.35652e-07
-5.65913e-07
-5.03333e-07
-4.47237e-07
-3.97005e-07
-3.5207e-07
-3.11917e-07
-2.76073e-07
-2.4411e-07
-2.15637e-07
-1.90299e-07
-1.67774e-07
-1.47771e-07
-1.30026e-07
-1.143e-07
-1.00378e-07
-8.80662e-08
-7.71886e-08
-6.75886e-08
-5.91248e-08
-5.16704e-08
-4.51118e-08
-3.93472e-08
-3.42857e-08
-2.98462e-08
-2.59561e-08
-2.25511e-08
-1.95736e-08
-1.69727e-08
-1.4703e-08
-1.27244e-08
-1.10013e-08
-9.50222e-09
-8.19943e-09
-7.06835e-09
-6.08735e-09
-5.23739e-09
-4.5017e-09
-3.86558e-09
-3.31611e-09
-2.84196e-09
-2.43323e-09
-2.08125e-09
-1.77845e-09
-1.51822e-09
-1.29481e-09
-1.10319e-09
-9.39012e-10
-7.98487e-10
-6.78329e-10
-5.7569e-10
-4.88105e-10
-4.13441e-10
-3.49857e-10
-2.95762e-10
-2.49787e-10
-2.10753e-10
-1.77645e-10
-1.49592e-10
-1.25846e-10
-1.05767e-10
-8.88038e-11
-7.44888e-11
-6.24203e-11
-5.22561e-11
-4.37042e-11
-3.65163e-11
-3.04807e-11
-2.54179e-11
-2.11753e-11
-1.76237e-11
-1.46534e-11
-1.21718e-11
-1.01007e-11
-8.10083e-05
-8.61487e-05
-9.15259e-05
-9.71438e-05
-0.000103006
-0.000109115
-0.000115474
-0.000122084
-0.000128946
-0.000136061
-0.000143429
-0.000151048
-0.000158917
-0.000167032
-0.00017539
-0.000183987
-0.000192817
-0.000201873
-0.000211148
-0.000220634
-0.000230321
-0.000240199
-0.000250255
-0.000260479
-0.000270855
-0.00028137
-0.000292007
-0.000302751
-0.000313584
-0.000324488
-0.000335442
-0.000346429
-0.000357425
-0.000368411
-0.000379364
-0.000390262
-0.00040108
-0.000411796
-0.000422386
-0.000432825
-0.000443089
-0.000453154
-0.000462995
-0.000472588
-0.000481909
-0.000490934
-0.00049964
-0.000508004
-0.000516004
-0.000523618
-0.000530826
-0.000537608
-0.000543945
-0.00054982
-0.000555216
-0.000560117
-0.00056451
-0.000568382
-0.000571722
-0.000574521
-0.000576769
-0.000578462
-0.000579592
-0.000580159
-0.000580159
-0.000579592
-0.000578462
-0.000576769
-0.000574521
-0.000571722
-0.000568382
-0.00056451
-0.000560117
-0.000555216
-0.00054982
-0.000543945
-0.000537608
-0.000530826
-0.000523618
-0.000516004
-0.000508004
-0.00049964
-0.000490934
-0.000481909
-0.000472588
-0.000462995
-0.000453154
-0.000443089
-0.000432825
-0.000422386
-0.000411796
-0.00040108
-0.000390262
-0.000379364
-0.000368411
-0.000357425
-0.000346429
-0.000335442
-0.000324488
-0.000313584
-0.000302751
-0.000292007
-0.00028137
-0.000270855
-0.000260479
-0.000250255
-0.000240199
-0.000230321
-0.000220634
-0.000211148
-0.000201873
-0.000192817
-0.000183987
-0.00017539
-0.000167032
-0.000158917
-0.000151048
-0.000143429
-0.000136061
-0.000128946
-0.000122084
-0.000115474
-0.000109115
-0.000103006
-9.71438e-05
-9.15259e-05
-8.61487e-05
-8.10083e-05
-7.61003e-05
-7.14198e-05
-6.69618e-05
-6.27208e-05
-5.8691e-05
-5.48665e-05
-5.12412e-05
-4.78087e-05
-4.45626e-05
-4.14964e-05
-3.86034e-05
-3.58771e-05
-3.33107e-05
-3.08978e-05
-2.86316e-05
-2.65058e-05
-2.45139e-05
-2.26495e-05
-2.09065e-05
-1.92788e-05
-1.77604e-05
-1.63457e-05
-1.5029e-05
-1.38049e-05
-1.2668e-05
-1.16135e-05
-1.06364e-05
-9.73192e-06
-8.89569e-06
-8.12339e-06
-7.41089e-06
-6.75428e-06
-6.14984e-06
-5.59403e-06
-5.08348e-06
-4.61503e-06
-4.18565e-06
-3.79251e-06
-3.43295e-06
-3.10444e-06
-2.80463e-06
-2.5313e-06
-2.28237e-06
-2.05592e-06
-1.85013e-06
-1.66331e-06
-1.4939e-06
-1.34043e-06
-1.20155e-06
-1.07601e-06
-9.6265e-07
-8.60389e-07
-7.68241e-07
-6.85293e-07
-6.10704e-07
-5.43702e-07
-4.83578e-07
-4.29684e-07
-3.81423e-07
-3.38252e-07
-2.99675e-07
-2.65238e-07
-2.34529e-07
-2.07174e-07
-1.8283e-07
-1.61189e-07
-1.41972e-07
-1.24923e-07
-1.09814e-07
-9.64388e-08
-8.46097e-08
-7.41591e-08
-6.49359e-08
-5.68043e-08
-4.96424e-08
-4.33412e-08
-3.78029e-08
-3.29401e-08
-2.86748e-08
-2.49374e-08
-2.1666e-08
-1.88054e-08
-1.63065e-08
-1.41259e-08
-1.22249e-08
-1.05695e-08
-9.12928e-09
-7.87762e-09
-6.79093e-09
-5.84844e-09
-5.03183e-09
-4.32502e-09
-3.71386e-09
-3.18596e-09
-2.73042e-09
-2.33773e-09
-1.99957e-09
-1.70865e-09
-1.45864e-09
-1.24399e-09
-1.05989e-09
-9.02157e-10
-7.67148e-10
-6.51706e-10
-5.53096e-10
-4.68948e-10
-3.97214e-10
-3.36125e-10
-2.84154e-10
-2.39983e-10
-2.02481e-10
-1.70673e-10
-1.43721e-10
-1.20907e-10
-1.01615e-10
-8.53184e-11
-7.15652e-11
-5.99704e-11
-5.02051e-11
-4.19889e-11
-3.50831e-11
-2.92844e-11
-2.44203e-11
-2.03442e-11
-1.6932e-11
-1.40783e-11
-1.16941e-11
-9.70423e-12
-7.77529e-05
-8.26868e-05
-8.78479e-05
-9.324e-05
-9.88665e-05
-0.00010473
-0.000110833
-0.000117178
-0.000123764
-0.000130594
-0.000137665
-0.000144978
-0.00015253
-0.00016032
-0.000168342
-0.000176593
-0.000185068
-0.00019376
-0.000202663
-0.000211768
-0.000221065
-0.000230546
-0.000240199
-0.000250011
-0.00025997
-0.000270062
-0.000280273
-0.000290585
-0.000300982
-0.000311448
-0.000321962
-0.000332507
-0.000343062
-0.000353606
-0.000364119
-0.000374579
-0.000384962
-0.000395248
-0.000405412
-0.000415431
-0.000425283
-0.000434943
-0.000444389
-0.000453596
-0.000462543
-0.000471205
-0.000479561
-0.000487589
-0.000495268
-0.000502576
-0.000509494
-0.000516004
-0.000522086
-0.000527725
-0.000532904
-0.000537608
-0.000541825
-0.000545541
-0.000548747
-0.000551433
-0.000553591
-0.000555216
-0.000556301
-0.000556845
-0.000556845
-0.000556301
-0.000555216
-0.000553591
-0.000551433
-0.000548747
-0.000545541
-0.000541825
-0.000537608
-0.000532904
-0.000527725
-0.000522086
-0.000516004
-0.000509494
-0.000502576
-0.000495268
-0.000487589
-0.000479561
-0.000471205
-0.000462543
-0.000453596
-0.000444389
-0.000434943
-0.000425283
-0.000415431
-0.000405412
-0.000395248
-0.000384962
-0.000374579
-0.000364119
-0.000353606
-0.000343062
-0.000332507
-0.000321962
-0.000311448
-0.000300982
-0.000290585
-0.000280273
-0.000270062
-0.00025997
-0.000250011
-0.000240199
-0.000230546
-0.000221065
-0.000211768
-0.000202663
-0.00019376
-0.000185068
-0.000176593
-0.000168342
-0.00016032
-0.00015253
-0.000144978
-0.000137665
-0.000130594
-0.000123764
-0.000117178
-0.000110833
-0.00010473
-9.88665e-05
-9.324e-05
-8.78479e-05
-8.26868e-05
-7.77529e-05
-7.30421e-05
-6.85497e-05
-6.42709e-05
-6.02003e-05
-5.63324e-05
-5.26617e-05
-4.9182e-05
-4.58875e-05
-4.27718e-05
-3.98288e-05
-3.70521e-05
-3.44353e-05
-3.19721e-05
-2.96561e-05
-2.74811e-05
-2.54407e-05
-2.35288e-05
-2.17393e-05
-2.00663e-05
-1.8504e-05
-1.70467e-05
-1.56888e-05
-1.4425e-05
-1.32501e-05
-1.2159e-05
-1.11468e-05
-1.02089e-05
-9.34083e-06
-8.53821e-06
-7.79694e-06
-7.11307e-06
-6.48286e-06
-5.90271e-06
-5.36923e-06
-4.8792e-06
-4.42957e-06
-4.01744e-06
-3.64011e-06
-3.29499e-06
-2.97968e-06
-2.69192e-06
-2.42957e-06
-2.19065e-06
-1.9733e-06
-1.77578e-06
-1.59647e-06
-1.43386e-06
-1.28656e-06
-1.15327e-06
-1.03277e-06
-9.23965e-07
-8.25814e-07
-7.37369e-07
-6.57754e-07
-5.86162e-07
-5.21853e-07
-4.64145e-07
-4.12416e-07
-3.66095e-07
-3.24659e-07
-2.87632e-07
-2.54579e-07
-2.25105e-07
-1.98848e-07
-1.75483e-07
-1.54712e-07
-1.36266e-07
-1.19903e-07
-1.05401e-07
-9.25633e-08
-8.12096e-08
-7.1179e-08
-6.23264e-08
-5.45216e-08
-4.76475e-08
-4.15995e-08
-3.62837e-08
-3.16163e-08
-2.75225e-08
-2.39353e-08
-2.07953e-08
-1.80497e-08
-1.56512e-08
-1.35582e-08
-1.17337e-08
-1.01447e-08
-8.76241e-09
-7.56105e-09
-6.51803e-09
-5.61341e-09
-4.82962e-09
-4.15121e-09
-3.56462e-09
-3.05793e-09
-2.6207e-09
-2.24379e-09
-1.91922e-09
-1.63999e-09
-1.40002e-09
-1.194e-09
-1.0173e-09
-8.65903e-10
-7.36319e-10
-6.25517e-10
-5.30869e-10
-4.50103e-10
-3.81252e-10
-3.22618e-10
-2.72735e-10
-2.3034e-10
-1.94345e-10
-1.63814e-10
-1.37946e-10
-1.16048e-10
-9.75319e-11
-8.18898e-11
-6.86893e-11
-5.75605e-11
-4.81876e-11
-4.03016e-11
-3.36732e-11
-2.81076e-11
-2.34389e-11
-1.95267e-11
-1.62515e-11
-1.35125e-11
-1.12242e-11
-9.31426e-12
-7.45555e-05
-7.92865e-05
-8.42353e-05
-8.94057e-05
-9.48008e-05
-0.000100423
-0.000106276
-0.000112359
-0.000118675
-0.000125223
-0.000132004
-0.000139016
-0.000146258
-0.000153727
-0.000161419
-0.000169331
-0.000177458
-0.000185792
-0.000194329
-0.000203059
-0.000211974
-0.000221065
-0.000230321
-0.00023973
-0.00024928
-0.000258957
-0.000268747
-0.000278635
-0.000288605
-0.00029864
-0.000308722
-0.000318833
-0.000328954
-0.000339065
-0.000349146
-0.000359175
-0.000369132
-0.000378994
-0.00038874
-0.000398348
-0.000407794
-0.000417057
-0.000426114
-0.000434943
-0.000443522
-0.000451828
-0.000459841
-0.000467538
-0.000474901
-0.000481909
-0.000488543
-0.000494784
-0.000500617
-0.000506023
-0.000510989
-0.0005155
-0.000519543
-0.000523107
-0.000526181
-0.000528757
-0.000530826
-0.000532384
-0.000533424
-0.000533946
-0.000533946
-0.000533424
-0.000532384
-0.000530826
-0.000528757
-0.000526181
-0.000523107
-0.000519543
-0.0005155
-0.000510989
-0.000506023
-0.000500617
-0.000494784
-0.000488543
-0.000481909
-0.000474901
-0.000467538
-0.000459841
-0.000451828
-0.000443522
-0.000434943
-0.000426114
-0.000417057
-0.000407794
-0.000398348
-0.00038874
-0.000378994
-0.000369132
-0.000359175
-0.000349146
-0.000339065
-0.000328954
-0.000318833
-0.000308722
-0.00029864
-0.000288605
-0.000278635
-0.000268747
-0.000258957
-0.00024928
-0.00023973
-0.000230321
-0.000221065
-0.000211974
-0.000203059
-0.000194329
-0.000185792
-0.000177458
-0.000169331
-0.000161419
-0.000153727
-0.000146258
-0.000139016
-0.000132004
-0.000125223
-0.000118675
-0.000112359
-0.000106276
-0.000100423
-9.48008e-05
-8.94057e-05
-8.42353e-05
-7.92865e-05
-7.45555e-05
-7.00384e-05
-6.57308e-05
-6.16279e-05
-5.77247e-05
-5.40159e-05
-5.04961e-05
-4.71595e-05
-4.40005e-05
-4.10129e-05
-3.8191e-05
-3.55284e-05
-3.30193e-05
-3.06573e-05
-2.84366e-05
-2.6351e-05
-2.43945e-05
-2.25612e-05
-2.08453e-05
-1.92412e-05
-1.77431e-05
-1.63457e-05
-1.50437e-05
-1.38318e-05
-1.27052e-05
-1.1659e-05
-1.06884e-05
-9.78911e-06
-8.95671e-06
-8.1871e-06
-7.47631e-06
-6.82057e-06
-6.21626e-06
-5.65997e-06
-5.14843e-06
-4.67855e-06
-4.24741e-06
-3.85223e-06
-3.49041e-06
-3.15949e-06
-2.85715e-06
-2.58122e-06
-2.32966e-06
-2.10057e-06
-1.89215e-06
-1.70275e-06
-1.53082e-06
-1.3749e-06
-1.23366e-06
-1.10584e-06
-9.90302e-07
-8.85969e-07
-7.91854e-07
-7.07046e-07
-6.30705e-07
-5.62057e-07
-5.00393e-07
-4.45058e-07
-3.95457e-07
-3.5104e-07
-3.11308e-07
-2.75804e-07
-2.4411e-07
-2.15848e-07
-1.90671e-07
-1.68267e-07
-1.4835e-07
-1.30663e-07
-1.14972e-07
-1.01067e-07
-8.87569e-08
-7.787e-08
-6.82519e-08
-5.97634e-08
-5.22795e-08
-4.56881e-08
-3.98888e-08
-3.47916e-08
-3.03162e-08
-2.63907e-08
-2.2951e-08
-1.99402e-08
-1.73074e-08
-1.50076e-08
-1.30007e-08
-1.12512e-08
-9.72756e-09
-8.40208e-09
-7.25012e-09
-6.24999e-09
-5.38257e-09
-4.63101e-09
-3.9805e-09
-3.41803e-09
-2.93218e-09
-2.51293e-09
-2.15152e-09
-1.84029e-09
-1.57255e-09
-1.34245e-09
-1.1449e-09
-9.75465e-10
-8.30295e-10
-7.0604e-10
-5.99794e-10
-5.09038e-10
-4.31593e-10
-3.65574e-10
-3.09351e-10
-2.61519e-10
-2.20867e-10
-1.86353e-10
-1.57078e-10
-1.32273e-10
-1.11276e-10
-9.35211e-11
-7.85223e-11
-6.58646e-11
-5.51934e-11
-4.6206e-11
-3.86443e-11
-3.22885e-11
-2.69517e-11
-2.24751e-11
-1.87237e-11
-1.55832e-11
-1.29569e-11
-1.07626e-11
-8.93123e-12
-7.14198e-05
-7.59518e-05
-8.06925e-05
-8.56454e-05
-9.08136e-05
-9.61997e-05
-0.000101806
-0.000107633
-0.000113684
-0.000119957
-0.000126452
-0.000133169
-0.000140107
-0.000147261
-0.00015463
-0.000162209
-0.000169994
-0.000177978
-0.000186156
-0.000194519
-0.000203059
-0.000211768
-0.000220634
-0.000229647
-0.000238795
-0.000248065
-0.000257444
-0.000266916
-0.000276467
-0.00028608
-0.000295738
-0.000305424
-0.000315119
-0.000324805
-0.000334461
-0.000344069
-0.000353606
-0.000363054
-0.00037239
-0.000381594
-0.000390643
-0.000399516
-0.000408193
-0.00041665
-0.000424868
-0.000432825
-0.0004405
-0.000447874
-0.000454927
-0.00046164
-0.000467995
-0.000473974
-0.000479561
-0.000484741
-0.000489498
-0.000493819
-0.000497692
-0.000501106
-0.000504051
-0.000506518
-0.0005085
-0.000509992
-0.000510989
-0.000511489
-0.000511489
-0.000510989
-0.000509992
-0.0005085
-0.000506518
-0.000504051
-0.000501106
-0.000497692
-0.000493819
-0.000489498
-0.000484741
-0.000479561
-0.000473974
-0.000467995
-0.00046164
-0.000454927
-0.000447874
-0.0004405
-0.000432825
-0.000424868
-0.00041665
-0.000408193
-0.000399516
-0.000390643
-0.000381594
-0.00037239
-0.000363054
-0.000353606
-0.000344069
-0.000334461
-0.000324805
-0.000315119
-0.000305424
-0.000295738
-0.00028608
-0.000276467
-0.000266916
-0.000257444
-0.000248065
-0.000238795
-0.000229647
-0.000220634
-0.000211768
-0.000203059
-0.000194519
-0.000186156
-0.000177978
-0.000169994
-0.000162209
-0.00015463
-0.000147261
-0.000140107
-0.000133169
-0.000126452
-0.000119957
-0.000113684
-0.000107633
-0.000101806
-9.61997e-05
-9.08136e-05
-8.56454e-05
-8.06925e-05
-7.59518e-05
-7.14198e-05
-6.70927e-05
-6.29662e-05
-5.90359e-05
-5.52968e-05
-5.17441e-05
-4.83723e-05
-4.51761e-05
-4.21499e-05
-3.9288e-05
-3.65847e-05
-3.40341e-05
-3.16305e-05
-2.93679e-05
-2.72406e-05
-2.52427e-05
-2.33685e-05
-2.16123e-05
-1.99686e-05
-1.84319e-05
-1.69969e-05
-1.56582e-05
-1.4411e-05
-1.32501e-05
-1.21709e-05
-1.11686e-05
-1.02389e-05
-9.37739e-06
-8.58001e-06
-7.84276e-06
-7.16187e-06
-6.5337e-06
-5.95482e-06
-5.42192e-06
-4.9319e-06
-4.48178e-06
-4.06877e-06
-3.69021e-06
-3.34361e-06
-3.02661e-06
-2.73698e-06
-2.47266e-06
-2.23168e-06
-2.01222e-06
-1.81257e-06
-1.63114e-06
-1.46643e-06
-1.31707e-06
-1.18177e-06
-1.05933e-06
-9.48651e-07
-8.48706e-07
-7.5855e-07
-6.77309e-07
-6.04178e-07
-5.38418e-07
-4.79347e-07
-4.2634e-07
-3.78824e-07
-3.36276e-07
-2.98215e-07
-2.64204e-07
-2.33843e-07
-2.06769e-07
-1.82652e-07
-1.61189e-07
-1.4211e-07
-1.25167e-07
-1.10137e-07
-9.68162e-08
-8.50239e-08
-7.45949e-08
-6.53813e-08
-5.72498e-08
-5.00807e-08
-4.37665e-08
-3.82111e-08
-3.33284e-08
-2.90411e-08
-2.52807e-08
-2.19857e-08
-1.91015e-08
-1.65795e-08
-1.43764e-08
-1.24539e-08
-1.07779e-08
-9.31843e-09
-8.0487e-09
-6.94519e-09
-5.98713e-09
-5.15619e-09
-4.43624e-09
-3.81309e-09
-3.27427e-09
-2.80885e-09
-2.40724e-09
-2.06103e-09
-1.76289e-09
-1.50641e-09
-1.28599e-09
-1.09674e-09
-9.34438e-10
-7.95374e-10
-6.76345e-10
-5.74567e-10
-4.87629e-10
-4.13441e-10
-3.50198e-10
-2.9634e-10
-2.5052e-10
-2.11578e-10
-1.78515e-10
-1.50471e-10
-1.2671e-10
-1.06596e-10
-8.95877e-11
-7.52198e-11
-6.30944e-11
-5.2872e-11
-4.42626e-11
-3.70189e-11
-3.09305e-11
-2.58182e-11
-2.15298e-11
-1.79362e-11
-1.49278e-11
-1.24119e-11
-1.03099e-11
-8.5556e-12
-6.83492e-05
-7.26863e-05
-7.72232e-05
-8.19632e-05
-8.69092e-05
-9.20638e-05
-9.74288e-05
-0.000103006
-0.000108796
-0.000114799
-0.000121016
-0.000127444
-0.000134083
-0.00014093
-0.000147982
-0.000155235
-0.000162685
-0.000170326
-0.000178152
-0.000186156
-0.000194329
-0.000202663
-0.000211148
-0.000219774
-0.000228529
-0.0002374
-0.000246375
-0.00025544
-0.00026458
-0.00027378
-0.000283023
-0.000292292
-0.000301571
-0.00031084
-0.000320081
-0.000329276
-0.000338404
-0.000347445
-0.00035638
-0.000365188
-0.000373848
-0.00038234
-0.000390643
-0.000398737
-0.000406601
-0.000414216
-0.000421562
-0.000428619
-0.000435368
-0.000441793
-0.000447874
-0.000453596
-0.000458943
-0.0004639
-0.000468452
-0.000472588
-0.000476294
-0.000479561
-0.00048238
-0.000484741
-0.000486638
-0.000488066
-0.00048902
-0.000489498
-0.000489498
-0.00048902
-0.000488066
-0.000486638
-0.000484741
-0.00048238
-0.000479561
-0.000476294
-0.000472588
-0.000468452
-0.0004639
-0.000458943
-0.000453596
-0.000447874
-0.000441793
-0.000435368
-0.000428619
-0.000421562
-0.000414216
-0.000406601
-0.000398737
-0.000390643
-0.00038234
-0.000373848
-0.000365188
-0.00035638
-0.000347445
-0.000338404
-0.000329276
-0.000320081
-0.00031084
-0.000301571
-0.000292292
-0.000283023
-0.00027378
-0.00026458
-0.00025544
-0.000246375
-0.0002374
-0.000228529
-0.000219774
-0.000211148
-0.000202663
-0.000194329
-0.000186156
-0.000178152
-0.000170326
-0.000162685
-0.000155235
-0.000147982
-0.00014093
-0.000134083
-0.000127444
-0.000121016
-0.000114799
-0.000108796
-0.000103006
-9.74288e-05
-9.20638e-05
-8.69092e-05
-8.19632e-05
-7.72232e-05
-7.26863e-05
-6.83492e-05
-6.42081e-05
-6.02591e-05
-5.64977e-05
-5.29194e-05
-4.95194e-05
-4.62926e-05
-4.32338e-05
-4.03377e-05
-3.75989e-05
-3.50118e-05
-3.25709e-05
-3.02706e-05
-2.81053e-05
-2.60694e-05
-2.41574e-05
-2.23638e-05
-2.06831e-05
-1.91101e-05
-1.76394e-05
-1.62661e-05
-1.4985e-05
-1.37914e-05
-1.26804e-05
-1.16476e-05
-1.06884e-05
-9.79867e-06
-8.97422e-06
-8.21112e-06
-7.50557e-06
-6.85395e-06
-6.25279e-06
-5.6988e-06
-5.18881e-06
-4.71986e-06
-4.28909e-06
-3.89384e-06
-3.53156e-06
-3.19986e-06
-2.89648e-06
-2.61931e-06
-2.36635e-06
-2.13573e-06
-1.92571e-06
-1.73464e-06
-1.56101e-06
-1.40339e-06
-1.26045e-06
-1.13096e-06
-1.01379e-06
-9.07865e-07
-8.12217e-07
-7.25937e-07
-6.48189e-07
-5.78203e-07
-5.15269e-07
-4.58738e-07
-4.0801e-07
-3.62537e-07
-3.21818e-07
-2.85394e-07
-2.52845e-07
-2.23789e-07
-1.9788e-07
-1.74799e-07
-1.54259e-07
-1.36001e-07
-1.19786e-07
-1.05401e-07
-9.26538e-08
-8.13684e-08
-7.13878e-08
-6.25703e-08
-5.47884e-08
-4.79275e-08
-4.18849e-08
-3.65683e-08
-3.18954e-08
-2.77925e-08
-2.41938e-08
-2.10405e-08
-1.82803e-08
-1.58667e-08
-1.37583e-08
-1.19185e-08
-1.03146e-08
-8.9178e-09
-7.70265e-09
-6.64659e-09
-5.72972e-09
-4.9345e-09
-4.24551e-09
-3.64915e-09
-3.1335e-09
-2.68809e-09
-2.30374e-09
-1.97242e-09
-1.6871e-09
-1.44164e-09
-1.2307e-09
-1.04959e-09
-8.94263e-10
-7.61178e-10
-6.47266e-10
-5.49864e-10
-4.66664e-10
-3.95666e-10
-3.35142e-10
-2.83599e-10
-2.39749e-10
-2.02481e-10
-1.7084e-10
-1.44002e-10
-1.21262e-10
-1.02013e-10
-8.5736e-11
-7.19858e-11
-6.03818e-11
-5.05989e-11
-4.23596e-11
-3.54274e-11
-2.96007e-11
-2.47081e-11
-2.06041e-11
-1.7165e-11
-1.4286e-11
-1.18783e-11
-9.86668e-12
-8.18776e-12
-6.53468e-05
-6.94934e-05
-7.3831e-05
-7.83627e-05
-8.30915e-05
-8.80196e-05
-9.3149e-05
-9.84811e-05
-0.000104017
-0.000109756
-0.0001157
-0.000121846
-0.000128193
-0.000134739
-0.000141481
-0.000148416
-0.000155539
-0.000162844
-0.000170326
-0.000177978
-0.000185792
-0.00019376
-0.000201873
-0.00021012
-0.00021849
-0.000226972
-0.000235553
-0.000244219
-0.000252958
-0.000261754
-0.00027059
-0.000279453
-0.000288323
-0.000297185
-0.000306021
-0.000314811
-0.000323538
-0.000332183
-0.000340725
-0.000349146
-0.000357425
-0.000365544
-0.000373483
-0.000381221
-0.00038874
-0.00039602
-0.000403043
-0.00040979
-0.000416244
-0.000422386
-0.0004282
-0.000433671
-0.000438783
-0.000443522
-0.000447874
-0.000451828
-0.000455372
-0.000458495
-0.00046119
-0.000463447
-0.000465261
-0.000466626
-0.000467538
-0.000467995
-0.000467995
-0.000467538
-0.000466626
-0.000465261
-0.000463447
-0.00046119
-0.000458495
-0.000455372
-0.000451828
-0.000447874
-0.000443522
-0.000438783
-0.000433671
-0.0004282
-0.000422386
-0.000416244
-0.00040979
-0.000403043
-0.00039602
-0.00038874
-0.000381221
-0.000373483
-0.000365544
-0.000357425
-0.000349146
-0.000340725
-0.000332183
-0.000323538
-0.000314811
-0.000306021
-0.000297185
-0.000288323
-0.000279453
-0.00027059
-0.000261754
-0.000252958
-0.000244219
-0.000235553
-0.000226972
-0.00021849
-0.00021012
-0.000201873
-0.00019376
-0.000185792
-0.000177978
-0.000170326
-0.000162844
-0.000155539
-0.000148416
-0.000141481
-0.000134739
-0.000128193
-0.000121846
-0.0001157
-0.000109756
-0.000104017
-9.84811e-05
-9.3149e-05
-8.80196e-05
-8.30915e-05
-7.83627e-05
-7.3831e-05
-6.94934e-05
-6.53468e-05
-6.13876e-05
-5.7612e-05
-5.40159e-05
-5.05948e-05
-4.73441e-05
-4.4259e-05
-4.13346e-05
-3.85657e-05
-3.59472e-05
-3.34738e-05
-3.11401e-05
-2.89409e-05
-2.68707e-05
-2.49242e-05
-2.30962e-05
-2.13814e-05
-1.97745e-05
-1.82706e-05
-1.68646e-05
-1.55516e-05
-1.43268e-05
-1.31856e-05
-1.21234e-05
-1.11359e-05
-1.02189e-05
-9.36824e-06
-8.58001e-06
-7.85042e-06
-7.17587e-06
-6.55287e-06
-5.97812e-06
-5.44846e-06
-4.96088e-06
-4.51252e-06
-4.10068e-06
-3.72279e-06
-3.37642e-06
-3.0593e-06
-2.76925e-06
-2.50425e-06
-2.2624e-06
-2.04191e-06
-1.84112e-06
-1.65844e-06
-1.49244e-06
-1.34174e-06
-1.20508e-06
-1.08128e-06
-9.69253e-07
-8.67985e-07
-7.76538e-07
-6.94048e-07
-6.19715e-07
-5.52803e-07
-4.92635e-07
-4.38586e-07
-3.90087e-07
-3.46612e-07
-3.07681e-07
-2.72857e-07
-2.41738e-07
-2.13959e-07
-1.89187e-07
-1.6712e-07
-1.47483e-07
-1.30026e-07
-1.14524e-07
-1.00771e-07
-8.85837e-08
-7.7794e-08
-6.82519e-08
-5.98218e-08
-5.23817e-08
-4.58222e-08
-4.00449e-08
-3.49619e-08
-3.04943e-08
-2.65717e-08
-2.3131e-08
-2.01162e-08
-1.74773e-08
-1.51697e-08
-1.31539e-08
-1.13949e-08
-9.86147e-09
-8.52606e-09
-7.36429e-09
-6.35462e-09
-5.47802e-09
-4.71774e-09
-4.05901e-09
-3.48885e-09
-2.99585e-09
-2.57001e-09
-2.20254e-09
-1.88577e-09
-1.61299e-09
-1.37831e-09
-1.17663e-09
-1.00348e-09
-8.5498e-10
-7.27741e-10
-6.18833e-10
-5.2571e-10
-4.46164e-10
-3.78285e-10
-3.2042e-10
-2.71141e-10
-2.29218e-10
-1.93587e-10
-1.63335e-10
-1.37676e-10
-1.15935e-10
-9.75319e-11
-8.19698e-11
-6.88236e-11
-5.77293e-11
-4.83762e-11
-4.04988e-11
-3.38711e-11
-2.83004e-11
-2.36228e-11
-1.9699e-11
-1.6411e-11
-1.36585e-11
-1.13565e-11
-9.43326e-12
-7.82809e-12
-6.24152e-05
-6.63758e-05
-7.05188e-05
-7.48473e-05
-7.93639e-05
-8.4071e-05
-8.89702e-05
-9.40631e-05
-9.93504e-05
-0.000104833
-0.000110509
-0.00011638
-0.000122442
-0.000128695
-0.000135134
-0.000141758
-0.000148561
-0.000155539
-0.000162685
-0.000169994
-0.000177458
-0.000185068
-0.000192817
-0.000200693
-0.000208688
-0.000216789
-0.000224986
-0.000233264
-0.00024161
-0.000250011
-0.000258451
-0.000266916
-0.000275389
-0.000283853
-0.000292292
-0.000300689
-0.000309024
-0.00031728
-0.00032544
-0.000333483
-0.000341391
-0.000349146
-0.000356728
-0.000364119
-0.000371301
-0.000378255
-0.000384962
-0.000391407
-0.00039757
-0.000403437
-0.000408991
-0.000414216
-0.000419099
-0.000423625
-0.000427782
-0.000431559
-0.000434943
-0.000437927
-0.0004405
-0.000442656
-0.000444389
-0.000445693
-0.000446564
-0.000447
-0.000447
-0.000446564
-0.000445693
-0.000444389
-0.000442656
-0.0004405
-0.000437927
-0.000434943
-0.000431559
-0.000427782
-0.000423625
-0.000419099
-0.000414216
-0.000408991
-0.000403437
-0.00039757
-0.000391407
-0.000384962
-0.000378255
-0.000371301
-0.000364119
-0.000356728
-0.000349146
-0.000341391
-0.000333483
-0.00032544
-0.00031728
-0.000309024
-0.000300689
-0.000292292
-0.000283853
-0.000275389
-0.000266916
-0.000258451
-0.000250011
-0.00024161
-0.000233264
-0.000224986
-0.000216789
-0.000208688
-0.000200693
-0.000192817
-0.000185068
-0.000177458
-0.000169994
-0.000162685
-0.000155539
-0.000148561
-0.000141758
-0.000135134
-0.000128695
-0.000122442
-0.00011638
-0.000110509
-0.000104833
-9.93504e-05
-9.40631e-05
-8.89702e-05
-8.4071e-05
-7.93639e-05
-7.48473e-05
-7.05188e-05
-6.63758e-05
-6.24152e-05
-5.86337e-05
-5.50275e-05
-5.15927e-05
-4.83251e-05
-4.52202e-05
-4.22735e-05
-3.94803e-05
-3.68356e-05
-3.43346e-05
-3.19721e-05
-2.97431e-05
-2.76426e-05
-2.56652e-05
-2.38061e-05
-2.20601e-05
-2.04222e-05
-1.88874e-05
-1.7451e-05
-1.6108e-05
-1.48539e-05
-1.36841e-05
-1.2594e-05
-1.15795e-05
-1.06364e-05
-9.76047e-06
-8.94797e-06
-8.1951e-06
-7.49824e-06
-6.85395e-06
-6.2589e-06
-5.70994e-06
-5.20404e-06
-4.73833e-06
-4.31009e-06
-3.91672e-06
-3.55578e-06
-3.22495e-06
-2.92205e-06
-2.64501e-06
-2.39191e-06
-2.16091e-06
-1.95031e-06
-1.75852e-06
-1.58404e-06
-1.42549e-06
-1.28155e-06
-1.15102e-06
-1.03277e-06
-9.25771e-07
-8.29046e-07
-7.41702e-07
-6.62912e-07
-5.91914e-07
-5.28004e-07
-4.70535e-07
-4.18911e-07
-3.72587e-07
-3.31062e-07
-2.93878e-07
-2.60616e-07
-2.30893e-07
-2.0436e-07
-1.807e-07
-1.59623e-07
-1.40867e-07
-1.24193e-07
-1.09386e-07
-9.62506e-08
-8.46097e-08
-7.43041e-08
-6.51901e-08
-5.71381e-08
-5.00318e-08
-4.37665e-08
-3.82485e-08
-3.33935e-08
-2.91263e-08
-2.53796e-08
-2.20933e-08
-1.92138e-08
-1.66932e-08
-1.44892e-08
-1.25638e-08
-1.08837e-08
-9.41907e-09
-8.14357e-09
-7.03392e-09
-6.06954e-09
-5.23227e-09
-4.5061e-09
-3.87692e-09
-3.33234e-09
-2.86146e-09
-2.45471e-09
-2.10373e-09
-1.80118e-09
-1.54063e-09
-1.31648e-09
-1.12385e-09
-9.58468e-10
-8.16625e-10
-6.95094e-10
-5.91072e-10
-5.02126e-10
-4.26149e-10
-3.61315e-10
-3.06046e-10
-2.58978e-10
-2.18935e-10
-1.84902e-10
-1.56008e-10
-1.315e-10
-1.10734e-10
-9.31565e-11
-7.82926e-11
-6.57361e-11
-5.51395e-11
-4.6206e-11
-3.8682e-11
-3.23516e-11
-2.70308e-11
-2.2563e-11
-1.88153e-11
-1.56748e-11
-1.30457e-11
-1.0847e-11
-9.01008e-12
-7.47691e-12
-5.9557e-05
-6.33363e-05
-6.72895e-05
-7.14198e-05
-7.57296e-05
-8.02211e-05
-8.4896e-05
-8.97556e-05
-9.48008e-05
-0.000100032
-0.000105449
-0.00011105
-0.000116835
-0.000122801
-0.000128946
-0.000135267
-0.000141758
-0.000148416
-0.000155235
-0.000162209
-0.000169331
-0.000176593
-0.000183987
-0.000191503
-0.000199132
-0.000206862
-0.000214683
-0.000222582
-0.000230546
-0.000238562
-0.000246616
-0.000254693
-0.000262778
-0.000270855
-0.000278907
-0.000286919
-0.000294873
-0.000302751
-0.000310537
-0.000318211
-0.000325758
-0.000333157
-0.000340392
-0.000347445
-0.000354298
-0.000360933
-0.000367334
-0.000373483
-0.000379364
-0.000384962
-0.000390262
-0.000395248
-0.000399907
-0.000404226
-0.000408193
-0.000411796
-0.000415026
-0.000417873
-0.000420328
-0.000422386
-0.000424039
-0.000425283
-0.000426114
-0.000426531
-0.000426531
-0.000426114
-0.000425283
-0.000424039
-0.000422386
-0.000420328
-0.000417873
-0.000415026
-0.000411796
-0.000408193
-0.000404226
-0.000399907
-0.000395248
-0.000390262
-0.000384962
-0.000379364
-0.000373483
-0.000367334
-0.000360933
-0.000354298
-0.000347445
-0.000340392
-0.000333157
-0.000325758
-0.000318211
-0.000310537
-0.000302751
-0.000294873
-0.000286919
-0.000278907
-0.000270855
-0.000262778
-0.000254693
-0.000246616
-0.000238562
-0.000230546
-0.000222582
-0.000214683
-0.000206862
-0.000199132
-0.000191503
-0.000183987
-0.000176593
-0.000169331
-0.000162209
-0.000155235
-0.000148416
-0.000141758
-0.000135267
-0.000128946
-0.000122801
-0.000116835
-0.00011105
-0.000105449
-0.000100032
-9.48008e-05
-8.97556e-05
-8.4896e-05
-8.02211e-05
-7.57296e-05
-7.14198e-05
-6.72895e-05
-6.33363e-05
-5.9557e-05
-5.59487e-05
-5.25076e-05
-4.92301e-05
-4.61121e-05
-4.31494e-05
-4.03377e-05
-3.76724e-05
-3.51488e-05
-3.27623e-05
-3.0508e-05
-2.83811e-05
-2.63767e-05
-2.44899e-05
-2.2716e-05
-2.10499e-05
-1.9487e-05
-1.80225e-05
-1.66518e-05
-1.53704e-05
-1.41737e-05
-1.30574e-05
-1.20173e-05
-1.10493e-05
-1.01493e-05
-9.31351e-06
-8.53821e-06
-7.81982e-06
-7.15487e-06
-6.54008e-06
-5.97229e-06
-5.44846e-06
-4.96573e-06
-4.52135e-06
-4.11271e-06
-3.73736e-06
-3.39295e-06
-3.07727e-06
-2.78824e-06
-2.52389e-06
-2.28237e-06
-2.06195e-06
-1.861e-06
-1.67799e-06
-1.51151e-06
-1.36021e-06
-1.22286e-06
-1.09831e-06
-9.85479e-07
-8.83377e-07
-7.91081e-07
-7.07737e-07
-6.32555e-07
-5.64808e-07
-5.03825e-07
-4.48987e-07
-3.99728e-07
-3.55525e-07
-3.15902e-07
-2.80421e-07
-2.48682e-07
-2.2032e-07
-1.95002e-07
-1.72425e-07
-1.52313e-07
-1.34416e-07
-1.18506e-07
-1.04377e-07
-9.1843e-08
-8.07352e-08
-7.09015e-08
-6.22048e-08
-5.45216e-08
-4.77407e-08
-4.17623e-08
-3.6497e-08
-3.18643e-08
-2.77925e-08
-2.42174e-08
-2.10816e-08
-1.83339e-08
-1.59288e-08
-1.38257e-08
-1.19885e-08
-1.03853e-08
-8.98774e-09
-7.77065e-09
-6.71182e-09
-5.7916e-09
-4.99267e-09
-4.29975e-09
-3.69938e-09
-3.17974e-09
-2.73042e-09
-2.3423e-09
-2.0074e-09
-1.71869e-09
-1.47008e-09
-1.2562e-09
-1.07238e-09
-9.14576e-10
-7.79229e-10
-6.63263e-10
-5.64005e-10
-4.79132e-10
-4.06634e-10
-3.44769e-10
-2.92031e-10
-2.47118e-10
-2.08909e-10
-1.76435e-10
-1.48864e-10
-1.25478e-10
-1.05663e-10
-8.88906e-11
-7.47073e-11
-6.27258e-11
-5.26145e-11
-4.40901e-11
-3.69106e-11
-3.08701e-11
-2.5793e-11
-2.15298e-11
-1.79537e-11
-1.4957e-11
-1.24483e-11
-1.03503e-11
-8.59747e-12
-7.13452e-12
-5.67743e-05
-6.03769e-05
-6.41455e-05
-6.80827e-05
-7.21911e-05
-7.64728e-05
-8.09292e-05
-8.55618e-05
-9.03713e-05
-9.53579e-05
-0.000100522
-0.000105861
-0.000111376
-0.000117063
-0.000122921
-0.000128946
-0.000135134
-0.000141481
-0.000147982
-0.00015463
-0.000161419
-0.000168342
-0.00017539
-0.000182555
-0.000189827
-0.000197196
-0.000204652
-0.000212182
-0.000219774
-0.000227415
-0.000235093
-0.000242793
-0.0002505
-0.000258199
-0.000265876
-0.000273513
-0.000281095
-0.000288605
-0.000296027
-0.000303343
-0.000310537
-0.00031759
-0.000324488
-0.000331211
-0.000337743
-0.000344069
-0.00035017
-0.000356032
-0.000361639
-0.000366975
-0.000372027
-0.00037678
-0.000381221
-0.000385338
-0.00038912
-0.000392555
-0.000395634
-0.000398348
-0.000400689
-0.00040265
-0.000404226
-0.000405412
-0.000406204
-0.000406601
-0.000406601
-0.000406204
-0.000405412
-0.000404226
-0.00040265
-0.000400689
-0.000398348
-0.000395634
-0.000392555
-0.00038912
-0.000385338
-0.000381221
-0.00037678
-0.000372027
-0.000366975
-0.000361639
-0.000356032
-0.00035017
-0.000344069
-0.000337743
-0.000331211
-0.000324488
-0.00031759
-0.000310537
-0.000303343
-0.000296027
-0.000288605
-0.000281095
-0.000273513
-0.000265876
-0.000258199
-0.0002505
-0.000242793
-0.000235093
-0.000227415
-0.000219774
-0.000212182
-0.000204652
-0.000197196
-0.000189827
-0.000182555
-0.00017539
-0.000168342
-0.000161419
-0.00015463
-0.000147982
-0.000141481
-0.000135134
-0.000128946
-0.000122921
-0.000117063
-0.000111376
-0.000105861
-0.000100522
-9.53579e-05
-9.03713e-05
-8.55618e-05
-8.09292e-05
-7.64728e-05
-7.21911e-05
-6.80827e-05
-6.41455e-05
-6.03769e-05
-5.67743e-05
-5.33345e-05
-5.00542e-05
-4.69298e-05
-4.39575e-05
-4.11333e-05
-3.84529e-05
-3.59121e-05
-3.35065e-05
-3.12315e-05
-2.90825e-05
-2.7055e-05
-2.51443e-05
-2.33457e-05
-2.16546e-05
-2.00663e-05
-1.85765e-05
-1.71804e-05
-1.58738e-05
-1.46522e-05
-1.35114e-05
-1.24473e-05
-1.14558e-05
-1.0533e-05
-9.67506e-06
-8.87834e-06
-8.13927e-06
-7.45444e-06
-6.82057e-06
-6.2345e-06
-5.69323e-06
-5.19388e-06
-4.7337e-06
-4.31009e-06
-3.92055e-06
-3.56273e-06
-3.23442e-06
-2.93349e-06
-2.65796e-06
-2.40596e-06
-2.17573e-06
-1.96561e-06
-1.77405e-06
-1.59959e-06
-1.44088e-06
-1.29665e-06
-1.16572e-06
-1.04699e-06
-9.39432e-07
-8.42102e-07
-7.54118e-07
-6.74668e-07
-6.03e-07
-5.38418e-07
-4.80284e-07
-4.28008e-07
-3.81051e-07
-3.38913e-07
-3.01142e-07
-2.67318e-07
-2.37062e-07
-2.10025e-07
-1.85891e-07
-1.64369e-07
-1.45197e-07
-1.28135e-07
-1.12969e-07
-9.95001e-08
-8.75516e-08
-7.69628e-08
-6.75886e-08
-5.92983e-08
-5.1974e-08
-4.551e-08
-3.9811e-08
-3.47916e-08
-3.03755e-08
-2.64939e-08
-2.30859e-08
-2.00966e-08
-1.74773e-08
-1.51845e-08
-1.31797e-08
-1.14283e-08
-9.90007e-09
-8.56779e-09
-7.40757e-09
-6.39821e-09
-5.52099e-09
-4.75939e-09
-4.09885e-09
-3.52653e-09
-3.03117e-09
-2.60284e-09
-2.23286e-09
-1.9136e-09
-1.63839e-09
-1.40139e-09
-1.1975e-09
-1.02228e-09
-8.71843e-10
-7.42819e-10
-6.32272e-10
-5.37652e-10
-4.56745e-10
-3.87634e-10
-3.2866e-10
-2.78386e-10
-2.35572e-10
-1.99148e-10
-1.68191e-10
-1.41908e-10
-1.19615e-10
-1.00726e-10
-8.47372e-11
-7.12166e-11
-5.9795e-11
-5.01561e-11
-4.203e-11
-3.5186e-11
-2.94277e-11
-2.45878e-11
-2.05238e-11
-1.71148e-11
-1.42581e-11
-1.18667e-11
-9.86668e-12
-8.19576e-12
-6.80116e-12
-5.40687e-05
-5.74996e-05
-6.10886e-05
-6.48382e-05
-6.87509e-05
-7.28284e-05
-7.70725e-05
-8.14844e-05
-8.60646e-05
-9.08136e-05
-9.57312e-05
-0.000100816
-0.000106068
-0.000111485
-0.000117063
-0.000122801
-0.000128695
-0.000134739
-0.00014093
-0.000147261
-0.000153727
-0.00016032
-0.000167032
-0.000173855
-0.000180781
-0.000187799
-0.000194899
-0.00020207
-0.0002093
-0.000216578
-0.00022389
-0.000231222
-0.000238562
-0.000245895
-0.000253205
-0.000260479
-0.000267699
-0.000274852
-0.00028192
-0.000288887
-0.000295738
-0.000302456
-0.000309024
-0.000315427
-0.000321648
-0.000327672
-0.000333483
-0.000339065
-0.000344405
-0.000349487
-0.000354298
-0.000358824
-0.000363054
-0.000366975
-0.000370576
-0.000373848
-0.00037678
-0.000379364
-0.000381594
-0.000383461
-0.000384962
-0.000386092
-0.000386847
-0.000387225
-0.000387225
-0.000386847
-0.000386092
-0.000384962
-0.000383461
-0.000381594
-0.000379364
-0.00037678
-0.000373848
-0.000370576
-0.000366975
-0.000363054
-0.000358824
-0.000354298
-0.000349487
-0.000344405
-0.000339065
-0.000333483
-0.000327672
-0.000321648
-0.000315427
-0.000309024
-0.000302456
-0.000295738
-0.000288887
-0.00028192
-0.000274852
-0.000267699
-0.000260479
-0.000253205
-0.000245895
-0.000238562
-0.000231222
-0.00022389
-0.000216578
-0.0002093
-0.00020207
-0.000194899
-0.000187799
-0.000180781
-0.000173855
-0.000167032
-0.00016032
-0.000153727
-0.000147261
-0.00014093
-0.000134739
-0.000128695
-0.000122801
-0.000117063
-0.000111485
-0.000106068
-0.000100816
-9.57312e-05
-9.08136e-05
-8.60646e-05
-8.14844e-05
-7.70725e-05
-7.28284e-05
-6.87509e-05
-6.48382e-05
-6.10886e-05
-5.74996e-05
-5.40687e-05
-5.07928e-05
-4.76689e-05
-4.46934e-05
-4.18627e-05
-3.91731e-05
-3.66204e-05
-3.42007e-05
-3.19097e-05
-2.97431e-05
-2.76966e-05
-2.57657e-05
-2.3946e-05
-2.22331e-05
-2.06226e-05
-1.91101e-05
-1.76912e-05
-1.63617e-05
-1.51173e-05
-1.3954e-05
-1.28675e-05
-1.18541e-05
-1.09099e-05
-1.0031e-05
-9.214e-06
-8.45524e-06
-7.75139e-06
-7.0992e-06
-6.49553e-06
-5.93739e-06
-5.42192e-06
-4.94637e-06
-4.50812e-06
-4.10469e-06
-3.73371e-06
-3.39295e-06
-3.08028e-06
-2.79369e-06
-2.5313e-06
-2.29131e-06
-2.07205e-06
-1.87194e-06
-1.6895e-06
-1.52336e-06
-1.37222e-06
-1.23486e-06
-1.11017e-06
-9.97095e-07
-8.94663e-07
-8.01971e-07
-7.18181e-07
-6.42517e-07
-5.74263e-07
-5.1276e-07
-4.57396e-07
-4.07612e-07
-3.62891e-07
-3.22762e-07
-2.86791e-07
-2.54579e-07
-2.25765e-07
-2.00017e-07
-1.77032e-07
-1.56536e-07
-1.38277e-07
-1.22029e-07
-1.07585e-07
-9.47584e-08
-8.33794e-08
-7.32952e-08
-6.43677e-08
-5.64724e-08
-4.94972e-08
-4.33412e-08
-3.79138e-08
-3.31336e-08
-2.89279e-08
-2.52314e-08
-2.19857e-08
-1.91389e-08
-1.66444e-08
-1.44609e-08
-1.25516e-08
-1.08837e-08
-9.42828e-09
-8.15949e-09
-7.05456e-09
-6.0933e-09
-5.25789e-09
-4.53258e-09
-3.90351e-09
-3.35847e-09
-2.88672e-09
-2.4788e-09
-2.12645e-09
-1.82241e-09
-1.56031e-09
-1.3346e-09
-1.14043e-09
-9.73561e-10
-8.30295e-10
-7.0742e-10
-6.02141e-10
-5.1203e-10
-4.34979e-10
-3.69161e-10
-3.12997e-10
-2.65119e-10
-2.24346e-10
-1.89657e-10
-1.60176e-10
-1.35145e-10
-1.13915e-10
-9.59261e-11
-8.0699e-11
-6.78228e-11
-5.69454e-11
-4.77659e-11
-4.0027e-11
-3.35092e-11
-2.80253e-11
-2.3416e-11
-1.95457e-11
-1.62992e-11
-1.35787e-11
-1.13012e-11
-9.39649e-12
-7.80519e-12
-6.47705e-12
-5.14418e-05
-5.4706e-05
-5.81206e-05
-6.16881e-05
-6.54106e-05
-6.92901e-05
-7.3328e-05
-7.75255e-05
-8.18832e-05
-8.64015e-05
-9.10801e-05
-9.59183e-05
-0.000100915
-0.000106068
-0.000111376
-0.000116835
-0.000122442
-0.000128193
-0.000134083
-0.000140107
-0.000146258
-0.00015253
-0.000158917
-0.000165409
-0.000171998
-0.000178675
-0.00018543
-0.000192252
-0.000199132
-0.000206055
-0.000213012
-0.000219988
-0.000226972
-0.000233948
-0.000240903
-0.000247823
-0.000254693
-0.000261498
-0.000268223
-0.000274852
-0.00028137
-0.000287761
-0.00029401
-0.000300102
-0.000306021
-0.000311752
-0.00031728
-0.000322592
-0.000327672
-0.000332507
-0.000337084
-0.000341391
-0.000345415
-0.000349146
-0.000352572
-0.000355684
-0.000358474
-0.000360933
-0.000363054
-0.000364831
-0.000366259
-0.000367334
-0.000368052
-0.000368411
-0.000368411
-0.000368052
-0.000367334
-0.000366259
-0.000364831
-0.000363054
-0.000360933
-0.000358474
-0.000355684
-0.000352572
-0.000349146
-0.000345415
-0.000341391
-0.000337084
-0.000332507
-0.000327672
-0.000322592
-0.00031728
-0.000311752
-0.000306021
-0.000300102
-0.00029401
-0.000287761
-0.00028137
-0.000274852
-0.000268223
-0.000261498
-0.000254693
-0.000247823
-0.000240903
-0.000233948
-0.000226972
-0.000219988
-0.000213012
-0.000206055
-0.000199132
-0.000192252
-0.00018543
-0.000178675
-0.000171998
-0.000165409
-0.000158917
-0.00015253
-0.000146258
-0.000140107
-0.000134083
-0.000128193
-0.000122442
-0.000116835
-0.000111376
-0.000106068
-0.000100915
-9.59183e-05
-9.10801e-05
-8.64015e-05
-8.18832e-05
-7.75255e-05
-7.3328e-05
-6.92901e-05
-6.54106e-05
-6.16881e-05
-5.81206e-05
-5.4706e-05
-5.14418e-05
-4.83251e-05
-4.53529e-05
-4.2522e-05
-3.98288e-05
-3.72698e-05
-3.48412e-05
-3.25391e-05
-3.03594e-05
-2.82981e-05
-2.6351e-05
-2.45139e-05
-2.27826e-05
-2.11529e-05
-1.96207e-05
-1.81816e-05
-1.68317e-05
-1.55668e-05
-1.43828e-05
-1.3276e-05
-1.22424e-05
-1.12782e-05
-1.03798e-05
-9.54369e-06
-8.76634e-06
-8.04444e-06
-7.37479e-06
-6.75428e-06
-6.17995e-06
-5.64893e-06
-5.1585e-06
-4.70605e-06
-4.28909e-06
-3.90526e-06
-3.55231e-06
-3.22811e-06
-2.93063e-06
-2.65796e-06
-2.40831e-06
-2.17998e-06
-1.97138e-06
-1.78099e-06
-1.60742e-06
-1.44935e-06
-1.30555e-06
-1.17487e-06
-1.05623e-06
-9.48651e-07
-8.51196e-07
-7.63008e-07
-6.83288e-07
-6.113e-07
-5.46363e-07
-4.87847e-07
-4.35173e-07
-3.87808e-07
-3.4526e-07
-3.07081e-07
-2.72857e-07
-2.4221e-07
-2.14796e-07
-1.90299e-07
-1.68431e-07
-1.4893e-07
-1.31559e-07
-1.161e-07
-1.02358e-07
-9.01546e-08
-7.93284e-08
-6.97341e-08
-6.12404e-08
-5.37287e-08
-4.70924e-08
-4.12355e-08
-3.60718e-08
-3.15239e-08
-2.75225e-08
-2.40055e-08
-2.09175e-08
-1.8209e-08
-1.58357e-08
-1.37583e-08
-1.19418e-08
-1.03549e-08
-8.97021e-09
-7.76307e-09
-6.71182e-09
-5.79726e-09
-5.00243e-09
-4.31237e-09
-3.71386e-09
-3.1953e-09
-2.74647e-09
-2.35837e-09
-2.02314e-09
-1.73387e-09
-1.4845e-09
-1.26976e-09
-1.08503e-09
-9.26261e-10
-7.89955e-10
-6.7305e-10
-5.72886e-10
-4.87153e-10
-4.13845e-10
-3.51226e-10
-2.97791e-10
-2.52238e-10
-2.13446e-10
-1.80443e-10
-1.52394e-10
-1.28579e-10
-1.08381e-10
-9.12655e-11
-7.67783e-11
-6.45276e-11
-5.41788e-11
-4.54452e-11
-3.80823e-11
-3.18812e-11
-2.66637e-11
-2.22784e-11
-1.85961e-11
-1.55073e-11
-1.29189e-11
-1.07521e-11
-8.93996e-12
-7.42598e-12
-6.16237e-12
-4.88947e-05
-5.19973e-05
-5.52429e-05
-5.86337e-05
-6.21719e-05
-6.58593e-05
-6.96973e-05
-7.36869e-05
-7.78289e-05
-8.21234e-05
-8.65704e-05
-9.11691e-05
-9.59183e-05
-0.000100816
-0.000105861
-0.00011105
-0.00011638
-0.000121846
-0.000127444
-0.000133169
-0.000139016
-0.000144978
-0.000151048
-0.000157219
-0.000163482
-0.000169828
-0.000176249
-0.000182733
-0.000189272
-0.000195853
-0.000202465
-0.000209096
-0.000215734
-0.000222364
-0.000228975
-0.000235553
-0.000242082
-0.00024855
-0.000254942
-0.000261243
-0.000267438
-0.000273513
-0.000279453
-0.000285243
-0.000290869
-0.000296316
-0.000301571
-0.000306619
-0.000311448
-0.000316043
-0.000320394
-0.000324488
-0.000328312
-0.000331858
-0.000335115
-0.000338073
-0.000340725
-0.000343062
-0.000345078
-0.000346767
-0.000348124
-0.000349146
-0.000349828
-0.00035017
-0.00035017
-0.000349828
-0.000349146
-0.000348124
-0.000346767
-0.000345078
-0.000343062
-0.000340725
-0.000338073
-0.000335115
-0.000331858
-0.000328312
-0.000324488
-0.000320394
-0.000316043
-0.000311448
-0.000306619
-0.000301571
-0.000296316
-0.000290869
-0.000285243
-0.000279453
-0.000273513
-0.000267438
-0.000261243
-0.000254942
-0.00024855
-0.000242082
-0.000235553
-0.000228975
-0.000222364
-0.000215734
-0.000209096
-0.000202465
-0.000195853
-0.000189272
-0.000182733
-0.000176249
-0.000169828
-0.000163482
-0.000157219
-0.000151048
-0.000144978
-0.000139016
-0.000133169
-0.000127444
-0.000121846
-0.00011638
-0.00011105
-0.000105861
-0.000100816
-9.59183e-05
-9.11691e-05
-8.65704e-05
-8.21234e-05
-7.78289e-05
-7.36869e-05
-6.96973e-05
-6.58593e-05
-6.21719e-05
-5.86337e-05
-5.52429e-05
-5.19973e-05
-4.88947e-05
-4.59323e-05
-4.31073e-05
-4.04165e-05
-3.78568e-05
-3.54245e-05
-3.31161e-05
-3.0928e-05
-2.88562e-05
-2.68969e-05
-2.50462e-05
-2.33001e-05
-2.16546e-05
-2.01056e-05
-1.86492e-05
-1.72814e-05
-1.59983e-05
-1.4796e-05
-1.36707e-05
-1.26187e-05
-1.16362e-05
-1.07198e-05
-9.86589e-06
-9.07115e-06
-8.33228e-06
-7.64613e-06
-7.00964e-06
-6.41985e-06
-5.87396e-06
-5.36923e-06
-4.90308e-06
-4.47304e-06
-4.07672e-06
-3.7119e-06
-3.37642e-06
-3.06827e-06
-2.78552e-06
-2.52636e-06
-2.28907e-06
-2.07205e-06
-1.87377e-06
-1.69281e-06
-1.52783e-06
-1.37759e-06
-1.2409e-06
-1.11669e-06
-1.00393e-06
-9.0168e-07
-8.09051e-07
-7.25228e-07
-6.49456e-07
-5.81033e-07
-5.19311e-07
-4.63692e-07
-4.13626e-07
-3.68606e-07
-3.28165e-07
-2.91876e-07
-2.59347e-07
-2.30218e-07
-2.04161e-07
-1.80877e-07
-1.60091e-07
-1.41556e-07
-1.25045e-07
-1.10352e-07
-9.72901e-08
-8.56907e-08
-7.54006e-08
-6.62814e-08
-5.82082e-08
-5.10684e-08
-4.47607e-08
-3.91938e-08
-3.42857e-08
-2.9963e-08
-2.61597e-08
-2.28169e-08
-1.98818e-08
-1.73074e-08
-1.50516e-08
-1.30771e-08
-1.13505e-08
-9.84223e-09
-8.52606e-09
-7.37869e-09
-6.37949e-09
-5.51022e-09
-4.75474e-09
-4.09885e-09
-3.52998e-09
-3.03709e-09
-2.61048e-09
-2.2416e-09
-1.92297e-09
-1.64802e-09
-1.411e-09
-1.20689e-09
-1.0313e-09
-8.80399e-10
-7.50842e-10
-6.39725e-10
-5.44521e-10
-4.63032e-10
-3.93354e-10
-3.33835e-10
-2.83046e-10
-2.39749e-10
-2.02877e-10
-1.71508e-10
-1.44848e-10
-1.22213e-10
-1.03014e-10
-8.67467e-11
-7.29767e-11
-6.13326e-11
-5.14962e-11
-4.31951e-11
-3.61967e-11
-3.03026e-11
-2.53435e-11
-2.11753e-11
-1.76754e-11
-1.47395e-11
-1.22793e-11
-1.02197e-11
-8.49731e-12
-7.05829e-12
-5.85725e-12
-4.64284e-05
-4.93745e-05
-5.24564e-05
-5.56761e-05
-5.90359e-05
-6.25373e-05
-6.61817e-05
-6.99701e-05
-7.39031e-05
-7.7981e-05
-8.22037e-05
-8.65704e-05
-9.10801e-05
-9.57312e-05
-0.000100522
-0.000105449
-0.000110509
-0.0001157
-0.000121016
-0.000126452
-0.000132004
-0.000137665
-0.000143429
-0.000149288
-0.000155235
-0.000161262
-0.000167358
-0.000173516
-0.000179725
-0.000185974
-0.000192252
-0.000198549
-0.000204852
-0.000211148
-0.000217426
-0.000223671
-0.000229872
-0.000236013
-0.000242082
-0.000248065
-0.000253948
-0.000259717
-0.000265357
-0.000270855
-0.000276197
-0.00028137
-0.000286359
-0.000291153
-0.000295738
-0.000300102
-0.000304233
-0.00030812
-0.000311752
-0.000315119
-0.000318211
-0.00032102
-0.000323538
-0.000325758
-0.000327672
-0.000329276
-0.000330564
-0.000331534
-0.000332183
-0.000332507
-0.000332507
-0.000332183
-0.000331534
-0.000330564
-0.000329276
-0.000327672
-0.000325758
-0.000323538
-0.00032102
-0.000318211
-0.000315119
-0.000311752
-0.00030812
-0.000304233
-0.000300102
-0.000295738
-0.000291153
-0.000286359
-0.00028137
-0.000276197
-0.000270855
-0.000265357
-0.000259717
-0.000253948
-0.000248065
-0.000242082
-0.000236013
-0.000229872
-0.000223671
-0.000217426
-0.000211148
-0.000204852
-0.000198549
-0.000192252
-0.000185974
-0.000179725
-0.000173516
-0.000167358
-0.000161262
-0.000155235
-0.000149288
-0.000143429
-0.000137665
-0.000132004
-0.000126452
-0.000121016
-0.0001157
-0.000110509
-0.000105449
-0.000100522
-9.57312e-05
-9.10801e-05
-8.65704e-05
-8.22037e-05
-7.7981e-05
-7.39031e-05
-6.99701e-05
-6.61817e-05
-6.25373e-05
-5.90359e-05
-5.56761e-05
-5.24564e-05
-4.93745e-05
-4.64284e-05
-4.36154e-05
-4.09329e-05
-3.83779e-05
-3.59472e-05
-3.36376e-05
-3.14457e-05
-2.93679e-05
-2.74007e-05
-2.55402e-05
-2.37829e-05
-2.21248e-05
-2.05623e-05
-1.90914e-05
-1.77085e-05
-1.64097e-05
-1.51913e-05
-1.40497e-05
-1.29811e-05
-1.19822e-05
-1.10493e-05
-1.01791e-05
-9.36824e-06
-8.61359e-06
-7.91199e-06
-7.26045e-06
-6.65606e-06
-6.09603e-06
-5.57767e-06
-5.0984e-06
-4.65577e-06
-4.24741e-06
-3.87109e-06
-3.52467e-06
-3.20611e-06
-2.9135e-06
-2.64501e-06
-2.39892e-06
-2.17361e-06
-1.96753e-06
-1.77925e-06
-1.60742e-06
-1.45076e-06
-1.3081e-06
-1.17831e-06
-1.06037e-06
-9.53295e-07
-8.56199e-07
-7.68241e-07
-6.88647e-07
-6.16697e-07
-5.51725e-07
-4.93116e-07
-4.40303e-07
-3.92763e-07
-3.50013e-07
-3.11612e-07
-2.77154e-07
-2.46265e-07
-2.18605e-07
-1.93863e-07
-1.71753e-07
-1.52016e-07
-1.34416e-07
-1.18738e-07
-1.04786e-07
-9.23827e-08
-8.13684e-08
-7.15973e-08
-6.2938e-08
-5.52721e-08
-4.84925e-08
-4.25029e-08
-3.72168e-08
-3.25563e-08
-2.84516e-08
-2.48402e-08
-2.1666e-08
-1.8879e-08
-1.64344e-08
-1.42924e-08
-1.24175e-08
-1.07779e-08
-9.34577e-09
-8.096e-09
-7.0065e-09
-6.0577e-09
-5.23227e-09
-4.51491e-09
-3.8921e-09
-3.35192e-09
-2.8839e-09
-2.4788e-09
-2.12853e-09
-1.82597e-09
-1.56489e-09
-1.33983e-09
-1.14602e-09
-9.79282e-10
-8.3599e-10
-7.12969e-10
-6.07457e-10
-5.17054e-10
-4.39676e-10
-3.73513e-10
-3.16996e-10
-2.68769e-10
-2.27656e-10
-1.92644e-10
-1.62857e-10
-1.37542e-10
-1.16048e-10
-9.78181e-11
-8.23711e-11
-6.92957e-11
-5.8239e-11
-4.88986e-11
-4.10163e-11
-3.43709e-11
-2.87741e-11
-2.40652e-11
-2.01072e-11
-1.67838e-11
-1.3996e-11
-1.16599e-11
-9.70423e-12
-8.0687e-12
-6.70226e-12
-5.5618e-12
-4.40435e-05
-4.68382e-05
-4.97618e-05
-5.28162e-05
-5.60033e-05
-5.93249e-05
-6.2782e-05
-6.63758e-05
-7.01068e-05
-7.39753e-05
-7.7981e-05
-8.21234e-05
-8.64015e-05
-9.08136e-05
-9.53579e-05
-0.000100032
-0.000104833
-0.000109756
-0.000114799
-0.000119957
-0.000125223
-0.000130594
-0.000136061
-0.00014162
-0.000147261
-0.000152978
-0.000158762
-0.000164603
-0.000170493
-0.000176421
-0.000182377
-0.00018835
-0.000194329
-0.000200302
-0.000206257
-0.000212182
-0.000218063
-0.00022389
-0.000229647
-0.000235323
-0.000240903
-0.000246375
-0.000251726
-0.000256942
-0.000262009
-0.000266916
-0.00027165
-0.000276197
-0.000280546
-0.000284686
-0.000288605
-0.000292292
-0.000295738
-0.000298932
-0.000301865
-0.00030453
-0.000306919
-0.000309024
-0.00031084
-0.000312361
-0.000313584
-0.000314504
-0.000315119
-0.000315427
-0.000315427
-0.000315119
-0.000314504
-0.000313584
-0.000312361
-0.00031084
-0.000309024
-0.000306919
-0.00030453
-0.000301865
-0.000298932
-0.000295738
-0.000292292
-0.000288605
-0.000284686
-0.000280546
-0.000276197
-0.00027165
-0.000266916
-0.000262009
-0.000256942
-0.000251726
-0.000246375
-0.000240903
-0.000235323
-0.000229647
-0.00022389
-0.000218063
-0.000212182
-0.000206257
-0.000200302
-0.000194329
-0.00018835
-0.000182377
-0.000176421
-0.000170493
-0.000164603
-0.000158762
-0.000152978
-0.000147261
-0.00014162
-0.000136061
-0.000130594
-0.000125223
-0.000119957
-0.000114799
-0.000109756
-0.000104833
-0.000100032
-9.53579e-05
-9.08136e-05
-8.64015e-05
-8.21234e-05
-7.7981e-05
-7.39753e-05
-7.01068e-05
-6.63758e-05
-6.2782e-05
-5.93249e-05
-5.60033e-05
-5.28162e-05
-4.97618e-05
-4.68382e-05
-4.40435e-05
-4.1375e-05
-3.88303e-05
-3.64065e-05
-3.41007e-05
-3.19097e-05
-2.98304e-05
-2.78594e-05
-2.59931e-05
-2.42283e-05
-2.25612e-05
-2.09883e-05
-1.9506e-05
-1.81107e-05
-1.67988e-05
-1.55668e-05
-1.4411e-05
-1.3328e-05
-1.23143e-05
-1.13667e-05
-1.04817e-05
-9.65618e-06
-8.88701e-06
-8.17112e-06
-7.50557e-06
-6.8875e-06
-6.31415e-06
-5.78289e-06
-5.29115e-06
-4.8365e-06
-4.41661e-06
-4.02923e-06
-3.67224e-06
-3.34361e-06
-3.04142e-06
-2.76384e-06
-2.50915e-06
-2.2757e-06
-2.06195e-06
-1.86646e-06
-1.68785e-06
-1.52485e-06
-1.37624e-06
-1.2409e-06
-1.11778e-06
-1.0059e-06
-9.04326e-07
-8.12217e-07
-7.28778e-07
-6.53273e-07
-5.85018e-07
-5.23384e-07
-4.67786e-07
-4.17686e-07
-3.72587e-07
-3.32034e-07
-2.95605e-07
-2.62917e-07
-2.33615e-07
-2.07376e-07
-1.83904e-07
-1.6293e-07
-1.44207e-07
-1.27511e-07
-1.12638e-07
-9.9403e-08
-8.76372e-08
-7.71886e-08
-6.79195e-08
-5.9705e-08
-5.24329e-08
-4.60015e-08
-4.03196e-08
-3.5305e-08
-3.0884e-08
-2.69901e-08
-2.35642e-08
-2.05531e-08
-1.79092e-08
-1.55902e-08
-1.35582e-08
-1.17796e-08
-1.02243e-08
-8.8657e-09
-7.68012e-09
-6.64659e-09
-5.74653e-09
-4.9635e-09
-4.28299e-09
-3.69217e-09
-3.17974e-09
-2.73576e-09
-2.35147e-09
-2.01919e-09
-1.73217e-09
-1.4845e-09
-1.271e-09
-1.08715e-09
-9.28979e-10
-7.93047e-10
-6.76345e-10
-5.76253e-10
-4.90494e-10
-4.17091e-10
-3.54326e-10
-3.00713e-10
-2.54963e-10
-2.15962e-10
-1.82748e-10
-1.54492e-10
-1.30477e-10
-1.10087e-10
-9.27933e-11
-7.81398e-11
-6.57361e-11
-5.52473e-11
-4.63868e-11
-3.89093e-11
-3.26053e-11
-2.7296e-11
-2.2829e-11
-1.90743e-11
-1.59216e-11
-1.32771e-11
-1.1061e-11
-9.20575e-12
-7.65422e-12
-6.35798e-12
-5.2761e-12
-4.17402e-05
-4.43889e-05
-4.71595e-05
-5.00542e-05
-5.30747e-05
-5.62225e-05
-5.94989e-05
-6.29048e-05
-6.64407e-05
-7.01068e-05
-7.39031e-05
-7.78289e-05
-8.18832e-05
-8.60646e-05
-9.03713e-05
-9.48008e-05
-9.93504e-05
-0.000104017
-0.000108796
-0.000113684
-0.000118675
-0.000123764
-0.000128946
-0.000134214
-0.00013956
-0.000144978
-0.000150459
-0.000155995
-0.000161577
-0.000167195
-0.00017284
-0.0001785
-0.000184167
-0.000189827
-0.000195471
-0.000201086
-0.00020666
-0.000212182
-0.000217638
-0.000223017
-0.000228305
-0.000233491
-0.000238562
-0.000243505
-0.000248308
-0.000252958
-0.000257444
-0.000261754
-0.000265876
-0.000269799
-0.000273513
-0.000277007
-0.000280273
-0.0002833
-0.00028608
-0.000288605
-0.000290869
-0.000292864
-0.000294585
-0.000296027
-0.000297185
-0.000298057
-0.00029864
-0.000298932
-0.000298932
-0.00029864
-0.000298057
-0.000297185
-0.000296027
-0.000294585
-0.000292864
-0.000290869
-0.000288605
-0.00028608
-0.0002833
-0.000280273
-0.000277007
-0.000273513
-0.000269799
-0.000265876
-0.000261754
-0.000257444
-0.000252958
-0.000248308
-0.000243505
-0.000238562
-0.000233491
-0.000228305
-0.000223017
-0.000217638
-0.000212182
-0.00020666
-0.000201086
-0.000195471
-0.000189827
-0.000184167
-0.0001785
-0.00017284
-0.000167195
-0.000161577
-0.000155995
-0.000150459
-0.000144978
-0.00013956
-0.000134214
-0.000128946
-0.000123764
-0.000118675
-0.000113684
-0.000108796
-0.000104017
-9.93504e-05
-9.48008e-05
-9.03713e-05
-8.60646e-05
-8.18832e-05
-7.78289e-05
-7.39031e-05
-7.01068e-05
-6.64407e-05
-6.29048e-05
-5.94989e-05
-5.62225e-05
-5.30747e-05
-5.00542e-05
-4.71595e-05
-4.43889e-05
-4.17402e-05
-3.92113e-05
-3.67997e-05
-3.45026e-05
-3.23174e-05
-3.0241e-05
-2.82705e-05
-2.64025e-05
-2.46339e-05
-2.29613e-05
-2.13814e-05
-1.98908e-05
-1.8486e-05
-1.71637e-05
-1.59204e-05
-1.47527e-05
-1.36574e-05
-1.2631e-05
-1.16704e-05
-1.07723e-05
-9.93356e-06
-9.15122e-06
-8.42227e-06
-7.74382e-06
-7.11307e-06
-6.52732e-06
-5.98396e-06
-5.48048e-06
-5.01446e-06
-4.58358e-06
-4.18565e-06
-3.81853e-06
-3.4802e-06
-3.16876e-06
-2.88237e-06
-2.61931e-06
-2.37793e-06
-2.15669e-06
-1.95412e-06
-1.76886e-06
-1.59959e-06
-1.44511e-06
-1.30427e-06
-1.17601e-06
-1.05933e-06
-9.53295e-07
-8.57035e-07
-7.69743e-07
-6.90668e-07
-6.1911e-07
-5.54425e-07
-4.96014e-07
-4.43323e-07
-3.95843e-07
-3.53103e-07
-3.1467e-07
-2.80147e-07
-2.49168e-07
-2.21398e-07
-1.96531e-07
-1.74287e-07
-1.5441e-07
-1.36666e-07
-1.20843e-07
-1.06748e-07
-9.42048e-08
-8.30543e-08
-7.31521e-08
-6.43677e-08
-5.65828e-08
-4.96909e-08
-4.35959e-08
-3.82111e-08
-3.34588e-08
-2.92689e-08
-2.55787e-08
-2.23319e-08
-1.94783e-08
-1.69727e-08
-1.47749e-08
-1.28492e-08
-1.11636e-08
-9.68964e-09
-8.40208e-09
-7.2785e-09
-6.29901e-09
-5.44602e-09
-4.70394e-09
-4.05901e-09
-3.49909e-09
-3.01346e-09
-2.59269e-09
-2.2285e-09
-1.9136e-09
-1.64159e-09
-1.40687e-09
-1.20454e-09
-1.0303e-09
-8.80399e-10
-7.51575e-10
-6.40976e-10
-5.46118e-10
-4.64844e-10
-3.9528e-10
-3.35797e-10
-2.84987e-10
-2.4163e-10
-2.04668e-10
-1.73192e-10
-1.46413e-10
-1.23654e-10
-1.0433e-10
-8.79408e-11
-7.40536e-11
-6.22985e-11
-5.23582e-11
-4.39611e-11
-3.68746e-11
-3.09003e-11
-2.58686e-11
-2.16352e-11
-1.80769e-11
-1.5089e-11
-1.25828e-11
-1.04825e-11
-8.72434e-12
-7.25395e-12
-6.0255e-12
-5.00019e-12
-3.95189e-05
-4.20266e-05
-4.46497e-05
-4.73904e-05
-5.02501e-05
-5.32304e-05
-5.63324e-05
-5.9557e-05
-6.29048e-05
-6.63758e-05
-6.99701e-05
-7.36869e-05
-7.75255e-05
-8.14844e-05
-8.55618e-05
-8.97556e-05
-9.40631e-05
-9.84811e-05
-0.000103006
-0.000107633
-0.000112359
-0.000117178
-0.000122084
-0.000127071
-0.000132133
-0.000137263
-0.000142452
-0.000147693
-0.000152978
-0.000158297
-0.000163641
-0.000169001
-0.000174365
-0.000179725
-0.000185068
-0.000190384
-0.000195662
-0.000200889
-0.000206055
-0.000211148
-0.000216155
-0.000221065
-0.000225866
-0.000230546
-0.000235093
-0.000239496
-0.000243743
-0.000247823
-0.000251726
-0.00025544
-0.000258957
-0.000262265
-0.000265357
-0.000268223
-0.000270855
-0.000273246
-0.000275389
-0.000277278
-0.000278907
-0.000280273
-0.00028137
-0.000282195
-0.000282747
-0.000283023
-0.000283023
-0.000282747
-0.000282195
-0.00028137
-0.000280273
-0.000278907
-0.000277278
-0.000275389
-0.000273246
-0.000270855
-0.000268223
-0.000265357
-0.000262265
-0.000258957
-0.00025544
-0.000251726
-0.000247823
-0.000243743
-0.000239496
-0.000235093
-0.000230546
-0.000225866
-0.000221065
-0.000216155
-0.000211148
-0.000206055
-0.000200889
-0.000195662
-0.000190384
-0.000185068
-0.000179725
-0.000174365
-0.000169001
-0.000163641
-0.000158297
-0.000152978
-0.000147693
-0.000142452
-0.000137263
-0.000132133
-0.000127071
-0.000122084
-0.000117178
-0.000112359
-0.000107633
-0.000103006
-9.84811e-05
-9.40631e-05
-8.97556e-05
-8.55618e-05
-8.14844e-05
-7.75255e-05
-7.36869e-05
-6.99701e-05
-6.63758e-05
-6.29048e-05
-5.9557e-05
-5.63324e-05
-5.32304e-05
-5.02501e-05
-4.73904e-05
-4.46497e-05
-4.20266e-05
-3.95189e-05
-3.71245e-05
-3.48412e-05
-3.26665e-05
-3.05975e-05
-2.86316e-05
-2.67659e-05
-2.49974e-05
-2.33229e-05
-2.17393e-05
-2.02435e-05
-1.88322e-05
-1.75022e-05
-1.62502e-05
-1.50731e-05
-1.39676e-05
-1.29305e-05
-1.19588e-05
-1.10493e-05
-1.0199e-05
-9.40491e-06
-8.6642e-06
-7.97405e-06
-7.3317e-06
-6.73452e-06
-6.17995e-06
-5.6655e-06
-5.18881e-06
-4.74759e-06
-4.33965e-06
-3.96289e-06
-3.61531e-06
-3.29499e-06
-3.00012e-06
-2.72898e-06
-2.47991e-06
-2.25138e-06
-2.04191e-06
-1.85013e-06
-1.67472e-06
-1.51446e-06
-1.3682e-06
-1.23486e-06
-1.11343e-06
-1.00295e-06
-9.02561e-07
-8.11425e-07
-7.28778e-07
-6.53911e-07
-5.86162e-07
-5.24919e-07
-4.69616e-07
-4.1973e-07
-3.74777e-07
-3.34311e-07
-2.97924e-07
-2.65238e-07
-2.35908e-07
-2.09616e-07
-1.86072e-07
-1.65012e-07
-1.46192e-07
-1.29393e-07
-1.14412e-07
-1.01067e-07
-8.91913e-08
-7.86342e-08
-6.92591e-08
-6.09421e-08
-5.35715e-08
-4.70464e-08
-4.12758e-08
-3.61776e-08
-3.16782e-08
-2.77112e-08
-2.42174e-08
-2.11435e-08
-1.84416e-08
-1.60694e-08
-1.39886e-08
-1.21654e-08
-1.05695e-08
-9.17396e-09
-7.95493e-09
-6.89114e-09
-5.96379e-09
-5.15619e-09
-4.4536e-09
-3.843e-09
-3.31287e-09
-2.85308e-09
-2.45471e-09
-2.10991e-09
-1.81176e-09
-1.55423e-09
-1.332e-09
-1.14043e-09
-9.75465e-10
-8.33545e-10
-7.11577e-10
-6.06864e-10
-5.17054e-10
-4.40106e-10
-3.74243e-10
-3.17926e-10
-2.69821e-10
-2.2877e-10
-1.93776e-10
-1.63974e-10
-1.38621e-10
-1.17073e-10
-9.8778e-11
-8.32607e-11
-7.01125e-11
-5.8983e-11
-4.95718e-11
-4.16215e-11
-3.49122e-11
-2.92558e-11
-2.44919e-11
-2.04838e-11
-1.71148e-11
-1.4286e-11
-1.19131e-11
-9.92467e-12
-8.26004e-12
-6.86791e-12
-5.70482e-12
-4.73409e-12
-3.73792e-05
-3.97511e-05
-4.22323e-05
-4.48245e-05
-4.75294e-05
-5.03483e-05
-5.32824e-05
-5.63324e-05
-5.94989e-05
-6.2782e-05
-6.61817e-05
-6.96973e-05
-7.3328e-05
-7.70725e-05
-8.09292e-05
-8.4896e-05
-8.89702e-05
-9.3149e-05
-9.74288e-05
-0.000101806
-0.000106276
-0.000110833
-0.000115474
-0.000120191
-0.000124979
-0.000129831
-0.000134739
-0.000139697
-0.000144695
-0.000149726
-0.000154781
-0.000159851
-0.000164925
-0.000169994
-0.000175048
-0.000180076
-0.000185068
-0.000190013
-0.000194899
-0.000199716
-0.000204452
-0.000209096
-0.000213637
-0.000218063
-0.000222364
-0.000226529
-0.000230546
-0.000234405
-0.000238097
-0.00024161
-0.000244936
-0.000248065
-0.000250989
-0.0002537
-0.00025619
-0.000258451
-0.000260479
-0.000262265
-0.000263806
-0.000265098
-0.000266135
-0.000266916
-0.000267438
-0.000267699
-0.000267699
-0.000267438
-0.000266916
-0.000266135
-0.000265098
-0.000263806
-0.000262265
-0.000260479
-0.000258451
-0.00025619
-0.0002537
-0.000250989
-0.000248065
-0.000244936
-0.00024161
-0.000238097
-0.000234405
-0.000230546
-0.000226529
-0.000222364
-0.000218063
-0.000213637
-0.000209096
-0.000204452
-0.000199716
-0.000194899
-0.000190013
-0.000185068
-0.000180076
-0.000175048
-0.000169994
-0.000164925
-0.000159851
-0.000154781
-0.000149726
-0.000144695
-0.000139697
-0.000134739
-0.000129831
-0.000124979
-0.000120191
-0.000115474
-0.000110833
-0.000106276
-0.000101806
-9.74288e-05
-9.3149e-05
-8.89702e-05
-8.4896e-05
-8.09292e-05
-7.70725e-05
-7.3328e-05
-6.96973e-05
-6.61817e-05
-6.2782e-05
-5.94989e-05
-5.63324e-05
-5.32824e-05
-5.03483e-05
-4.75294e-05
-4.48245e-05
-4.22323e-05
-3.97511e-05
-3.73792e-05
-3.51145e-05
-3.29548e-05
-3.08978e-05
-2.89409e-05
-2.70814e-05
-2.53167e-05
-2.36439e-05
-2.20601e-05
-2.05623e-05
-1.91474e-05
-1.78126e-05
-1.65546e-05
-1.53704e-05
-1.4257e-05
-1.32113e-05
-1.22304e-05
-1.13113e-05
-1.0451e-05
-9.64676e-06
-8.89569e-06
-8.1951e-06
-7.54231e-06
-6.93474e-06
-6.36989e-06
-5.84534e-06
-5.35875e-06
-4.90787e-06
-4.49054e-06
-4.10469e-06
-3.74833e-06
-3.41956e-06
-3.11659e-06
-2.83769e-06
-2.58122e-06
-2.34564e-06
-2.12948e-06
-1.93136e-06
-1.74996e-06
-1.58404e-06
-1.43246e-06
-1.29412e-06
-1.168e-06
-1.05314e-06
-9.48651e-07
-8.53694e-07
-7.67491e-07
-6.8932e-07
-6.18506e-07
-5.54425e-07
-4.96498e-07
-4.4419e-07
-3.97005e-07
-3.54485e-07
-3.16211e-07
-2.81793e-07
-2.50877e-07
-2.23135e-07
-1.98266e-07
-1.75998e-07
-1.56078e-07
-1.38277e-07
-1.22387e-07
-1.08217e-07
-9.55949e-08
-8.43622e-08
-7.43767e-08
-6.55091e-08
-5.76425e-08
-5.0671e-08
-4.44992e-08
-3.9041e-08
-3.42188e-08
-2.9963e-08
-2.62109e-08
-2.29062e-08
-1.99987e-08
-1.74432e-08
-1.51993e-08
-1.32312e-08
-1.15067e-08
-9.99722e-09
-8.67726e-09
-7.52422e-09
-6.51803e-09
-5.64089e-09
-4.87702e-09
-4.21247e-09
-3.63492e-09
-3.1335e-09
-2.69861e-09
-2.32181e-09
-1.99567e-09
-1.71367e-09
-1.47008e-09
-1.25988e-09
-1.07869e-09
-9.2265e-10
-7.88414e-10
-6.7305e-10
-5.74006e-10
-4.89059e-10
-4.16277e-10
-3.53981e-10
-3.00713e-10
-2.55212e-10
-2.16384e-10
-1.83284e-10
-1.55096e-10
-1.31115e-10
-1.10734e-10
-9.34298e-11
-7.87527e-11
-6.63164e-11
-5.57895e-11
-4.68878e-11
-3.9368e-11
-3.30219e-11
-2.76718e-11
-2.31659e-11
-1.93747e-11
-1.61882e-11
-1.35125e-11
-1.12681e-11
-9.38731e-12
-7.81282e-12
-6.49606e-12
-5.39595e-12
-4.47777e-12
-3.53209e-05
-3.75622e-05
-3.99067e-05
-4.23562e-05
-4.49121e-05
-4.75758e-05
-5.03483e-05
-5.32304e-05
-5.62225e-05
-5.93249e-05
-6.25373e-05
-6.58593e-05
-6.92901e-05
-7.28284e-05
-7.64728e-05
-8.02211e-05
-8.4071e-05
-8.80196e-05
-9.20638e-05
-9.61997e-05
-0.000100423
-0.00010473
-0.000109115
-0.000113573
-0.000118097
-0.000122681
-0.00012732
-0.000132004
-0.000136727
-0.000141481
-0.000146258
-0.000151048
-0.000155843
-0.000160633
-0.000165409
-0.00017016
-0.000174877
-0.000179549
-0.000184167
-0.000188718
-0.000193194
-0.000197582
-0.000201873
-0.000206055
-0.00021012
-0.000214055
-0.000217851
-0.000221497
-0.000224986
-0.000228305
-0.000231448
-0.000234405
-0.000237168
-0.00023973
-0.000242082
-0.000244219
-0.000246135
-0.000247823
-0.00024928
-0.0002505
-0.00025148
-0.000252218
-0.000252711
-0.000252958
-0.000252958
-0.000252711
-0.000252218
-0.00025148
-0.0002505
-0.00024928
-0.000247823
-0.000246135
-0.000244219
-0.000242082
-0.00023973
-0.000237168
-0.000234405
-0.000231448
-0.000228305
-0.000224986
-0.000221497
-0.000217851
-0.000214055
-0.00021012
-0.000206055
-0.000201873
-0.000197582
-0.000193194
-0.000188718
-0.000184167
-0.000179549
-0.000174877
-0.00017016
-0.000165409
-0.000160633
-0.000155843
-0.000151048
-0.000146258
-0.000141481
-0.000136727
-0.000132004
-0.00012732
-0.000122681
-0.000118097
-0.000113573
-0.000109115
-0.00010473
-0.000100423
-9.61997e-05
-9.20638e-05
-8.80196e-05
-8.4071e-05
-8.02211e-05
-7.64728e-05
-7.28284e-05
-6.92901e-05
-6.58593e-05
-6.25373e-05
-5.93249e-05
-5.62225e-05
-5.32304e-05
-5.03483e-05
-4.75758e-05
-4.49121e-05
-4.23562e-05
-3.99067e-05
-3.75622e-05
-3.53209e-05
-3.31809e-05
-3.11401e-05
-2.91964e-05
-2.73472e-05
-2.55902e-05
-2.39226e-05
-2.23419e-05
-2.08453e-05
-1.943e-05
-1.80931e-05
-1.68317e-05
-1.5643e-05
-1.4524e-05
-1.34719e-05
-1.24838e-05
-1.15569e-05
-1.06884e-05
-9.87553e-06
-9.11555e-06
-8.40584e-06
-7.74382e-06
-7.12698e-06
-6.55287e-06
-6.01913e-06
-5.52346e-06
-5.06367e-06
-4.63761e-06
-4.24326e-06
-3.87866e-06
-3.54192e-06
-3.23126e-06
-2.94497e-06
-2.68143e-06
-2.43908e-06
-2.21648e-06
-2.01222e-06
-1.82501e-06
-1.65359e-06
-1.49682e-06
-1.35358e-06
-1.22286e-06
-1.10368e-06
-9.95149e-07
-8.96413e-07
-8.06684e-07
-7.25228e-07
-6.51362e-07
-5.84447e-07
-5.23895e-07
-4.69158e-07
-4.1973e-07
-3.75143e-07
-3.34965e-07
-2.98798e-07
-2.66276e-07
-2.37062e-07
-2.10848e-07
-1.87349e-07
-1.66306e-07
-1.47483e-07
-1.30663e-07
-1.15648e-07
-1.02258e-07
-9.03308e-08
-7.97167e-08
-7.02811e-08
-6.19018e-08
-5.44683e-08
-4.78807e-08
-4.20488e-08
-3.68911e-08
-3.23345e-08
-2.8313e-08
-2.47675e-08
-2.16449e-08
-1.88974e-08
-1.64826e-08
-1.43624e-08
-1.25026e-08
-1.08731e-08
-9.44671e-09
-8.19943e-09
-7.10989e-09
-6.15911e-09
-5.33026e-09
-4.60846e-09
-3.9805e-09
-3.43476e-09
-2.96095e-09
-2.55001e-09
-2.19395e-09
-1.88577e-09
-1.6193e-09
-1.38913e-09
-1.1905e-09
-1.01929e-09
-8.71843e-10
-7.44999e-10
-6.35988e-10
-5.42398e-10
-4.62129e-10
-3.93354e-10
-3.34488e-10
-2.84154e-10
-2.41158e-10
-2.04468e-10
-1.73192e-10
-1.46556e-10
-1.23895e-10
-1.04636e-10
-8.8285e-11
-7.44161e-11
-6.26646e-11
-5.27174e-11
-4.43059e-11
-3.72001e-11
-3.12035e-11
-2.6148e-11
-2.18902e-11
-1.83078e-11
-1.52968e-11
-1.27684e-11
-1.06476e-11
-8.87039e-12
-7.38259e-12
-6.13834e-12
-5.09881e-12
-4.23119e-12
-3.33433e-05
-3.54591e-05
-3.76724e-05
-3.99847e-05
-4.23976e-05
-4.49121e-05
-4.75294e-05
-5.02501e-05
-5.30747e-05
-5.60033e-05
-5.90359e-05
-6.21719e-05
-6.54106e-05
-6.87509e-05
-7.21911e-05
-7.57296e-05
-7.93639e-05
-8.30915e-05
-8.69092e-05
-9.08136e-05
-9.48008e-05
-9.88665e-05
-0.000103006
-0.000107214
-0.000111485
-0.000115813
-0.000120191
-0.000124613
-0.000129072
-0.00013356
-0.000138069
-0.000142591
-0.000147117
-0.000151639
-0.000156148
-0.000160633
-0.000165086
-0.000169497
-0.000173855
-0.000178152
-0.000182377
-0.00018652
-0.00019057
-0.000194519
-0.000198355
-0.00020207
-0.000205653
-0.000209096
-0.000212389
-0.000215523
-0.00021849
-0.000221281
-0.00022389
-0.000226308
-0.000228529
-0.000230546
-0.000232354
-0.000233948
-0.000235323
-0.000236475
-0.0002374
-0.000238097
-0.000238562
-0.000238795
-0.000238795
-0.000238562
-0.000238097
-0.0002374
-0.000236475
-0.000235323
-0.000233948
-0.000232354
-0.000230546
-0.000228529
-0.000226308
-0.00022389
-0.000221281
-0.00021849
-0.000215523
-0.000212389
-0.000209096
-0.000205653
-0.00020207
-0.000198355
-0.000194519
-0.00019057
-0.00018652
-0.000182377
-0.000178152
-0.000173855
-0.000169497
-0.000165086
-0.000160633
-0.000156148
-0.000151639
-0.000147117
-0.000142591
-0.000138069
-0.00013356
-0.000129072
-0.000124613
-0.000120191
-0.000115813
-0.000111485
-0.000107214
-0.000103006
-9.88665e-05
-9.48008e-05
-9.08136e-05
-8.69092e-05
-8.30915e-05
-7.93639e-05
-7.57296e-05
-7.21911e-05
-6.87509e-05
-6.54106e-05
-6.21719e-05
-5.90359e-05
-5.60033e-05
-5.30747e-05
-5.02501e-05
-4.75294e-05
-4.49121e-05
-4.23976e-05
-3.99847e-05
-3.76724e-05
-3.54591e-05
-3.33433e-05
-3.13231e-05
-2.93966e-05
-2.75617e-05
-2.58161e-05
-2.41574e-05
-2.25832e-05
-2.1091e-05
-1.96782e-05
-1.83421e-05
-1.708e-05
-1.58893e-05
-1.47671e-05
-1.37108e-05
-1.27176e-05
-1.17849e-05
-1.09099e-05
-1.009e-05
-9.32261e-06
-8.60518e-06
-7.93521e-06
-7.31026e-06
-6.72795e-06
-6.18598e-06
-5.68212e-06
-5.21421e-06
-4.78016e-06
-4.37796e-06
-4.00569e-06
-3.6615e-06
-3.34361e-06
-3.05035e-06
-2.78008e-06
-2.5313e-06
-2.30252e-06
-2.09238e-06
-1.89956e-06
-1.72283e-06
-1.56101e-06
-1.41301e-06
-1.2778e-06
-1.15439e-06
-1.04189e-06
-9.39432e-07
-8.46224e-07
-7.61519e-07
-6.84624e-07
-6.14893e-07
-5.51725e-07
-4.94563e-07
-4.42891e-07
-3.9623e-07
-3.54139e-07
-3.16211e-07
-2.82069e-07
-2.51368e-07
-2.23789e-07
-1.99042e-07
-1.76859e-07
-1.56995e-07
-1.39226e-07
-1.23347e-07
-1.09173e-07
-9.6533e-08
-8.52733e-08
-7.52534e-08
-6.63461e-08
-5.8436e-08
-5.14187e-08
-4.52e-08
-3.96945e-08
-3.48256e-08
-3.05241e-08
-2.67278e-08
-2.33808e-08
-2.0433e-08
-1.78394e-08
-1.55598e-08
-1.35582e-08
-1.18026e-08
-1.02643e-08
-8.9178e-09
-7.74036e-09
-6.71182e-09
-5.81427e-09
-5.03183e-09
-4.35043e-09
-3.75764e-09
-3.24245e-09
-2.79517e-09
-2.40724e-09
-2.07112e-09
-1.78019e-09
-1.52864e-09
-1.31135e-09
-1.12385e-09
-9.62219e-10
-8.23029e-10
-7.03287e-10
-6.0038e-10
-5.1203e-10
-4.36255e-10
-3.71331e-10
-3.15761e-10
-2.68244e-10
-2.27656e-10
-1.93021e-10
-1.63495e-10
-1.3835e-10
-1.16959e-10
-9.8778e-11
-8.3342e-11
-7.02496e-11
-5.91561e-11
-4.97658e-11
-4.18252e-11
-3.51173e-11
-2.94565e-11
-2.4684e-11
-2.06646e-11
-1.72828e-11
-1.44403e-11
-1.20535e-11
-1.00515e-11
-8.37375e-12
-6.96925e-12
-5.79466e-12
-4.81334e-12
-3.99429e-12
-3.14457e-05
-3.34411e-05
-3.55284e-05
-3.77092e-05
-3.99847e-05
-4.23562e-05
-4.48245e-05
-4.73904e-05
-5.00542e-05
-5.28162e-05
-5.56761e-05
-5.86337e-05
-6.16881e-05
-6.48382e-05
-6.80827e-05
-7.14198e-05
-7.48473e-05
-7.83627e-05
-8.19632e-05
-8.56454e-05
-8.94057e-05
-9.324e-05
-9.71438e-05
-0.000101112
-0.00010514
-0.000109222
-0.000113351
-0.000117522
-0.000121727
-0.000125959
-0.000130212
-0.000134476
-0.000138745
-0.00014301
-0.000147261
-0.000151491
-0.000155691
-0.000159851
-0.000163961
-0.000168013
-0.000171998
-0.000175905
-0.000179725
-0.000183449
-0.000187067
-0.00019057
-0.00019395
-0.000197196
-0.000200302
-0.000203257
-0.000206055
-0.000208688
-0.000211148
-0.000213428
-0.000215523
-0.000217426
-0.000219131
-0.000220634
-0.00022193
-0.000223017
-0.00022389
-0.000224547
-0.000224986
-0.000225205
-0.000225205
-0.000224986
-0.000224547
-0.00022389
-0.000223017
-0.00022193
-0.000220634
-0.000219131
-0.000217426
-0.000215523
-0.000213428
-0.000211148
-0.000208688
-0.000206055
-0.000203257
-0.000200302
-0.000197196
-0.00019395
-0.00019057
-0.000187067
-0.000183449
-0.000179725
-0.000175905
-0.000171998
-0.000168013
-0.000163961
-0.000159851
-0.000155691
-0.000151491
-0.000147261
-0.00014301
-0.000138745
-0.000134476
-0.000130212
-0.000125959
-0.000121727
-0.000117522
-0.000113351
-0.000109222
-0.00010514
-0.000101112
-9.71438e-05
-9.324e-05
-8.94057e-05
-8.56454e-05
-8.19632e-05
-7.83627e-05
-7.48473e-05
-7.14198e-05
-6.80827e-05
-6.48382e-05
-6.16881e-05
-5.86337e-05
-5.56761e-05
-5.28162e-05
-5.00542e-05
-4.73904e-05
-4.48245e-05
-4.23562e-05
-3.99847e-05
-3.77092e-05
-3.55284e-05
-3.34411e-05
-3.14457e-05
-2.95405e-05
-2.77237e-05
-2.59931e-05
-2.43469e-05
-2.27826e-05
-2.1298e-05
-1.98908e-05
-1.85583e-05
-1.72983e-05
-1.6108e-05
-1.4985e-05
-1.39267e-05
-1.29305e-05
-1.19939e-05
-1.11142e-05
-1.0289e-05
-9.51577e-06
-8.79206e-06
-8.11546e-06
-7.48361e-06
-6.89423e-06
-6.34506e-06
-5.83394e-06
-5.35875e-06
-4.91747e-06
-4.50812e-06
-4.12881e-06
-3.77773e-06
-3.45312e-06
-3.15333e-06
-2.87675e-06
-2.62187e-06
-2.38724e-06
-2.17148e-06
-1.9733e-06
-1.79146e-06
-1.62478e-06
-1.47217e-06
-1.3326e-06
-1.20508e-06
-1.0887e-06
-9.82596e-07
-8.85969e-07
-7.98065e-07
-7.18181e-07
-6.45662e-07
-5.79899e-07
-5.20326e-07
-4.66417e-07
-4.17686e-07
-3.7368e-07
-3.33985e-07
-2.98215e-07
-2.66016e-07
-2.37062e-07
-2.11054e-07
-1.87715e-07
-1.66794e-07
-1.4806e-07
-1.31302e-07
-1.16327e-07
-1.0296e-07
-9.10393e-08
-8.04204e-08
-7.09708e-08
-6.25703e-08
-5.51104e-08
-4.84925e-08
-4.26276e-08
-3.74355e-08
-3.28437e-08
-2.8787e-08
-2.52067e-08
-2.20502e-08
-1.92701e-08
-1.68241e-08
-1.46743e-08
-1.27866e-08
-1.11309e-08
-9.68018e-09
-8.41029e-09
-7.29985e-09
-6.32985e-09
-5.48338e-09
-4.74547e-09
-4.10285e-09
-3.54379e-09
-3.05793e-09
-2.6361e-09
-2.27024e-09
-1.95325e-09
-1.67888e-09
-1.44164e-09
-1.23672e-09
-1.05989e-09
-9.07459e-10
-7.76191e-10
-6.63263e-10
-5.66212e-10
-4.8289e-10
-4.11427e-10
-3.50198e-10
-2.97791e-10
-2.52978e-10
-2.147e-10
-1.82036e-10
-1.5419e-10
-1.30477e-10
-1.10302e-10
-9.31565e-11
-7.8599e-11
-6.62517e-11
-5.57895e-11
-4.69336e-11
-3.9445e-11
-3.31188e-11
-2.77801e-11
-2.32792e-11
-1.94886e-11
-1.62992e-11
-1.36185e-11
-1.13676e-11
-9.47944e-12
-7.89719e-12
-6.57263e-12
-5.46489e-12
-4.53941e-12
-3.76698e-12
-2.96272e-05
-3.15072e-05
-3.34738e-05
-3.55284e-05
-3.76724e-05
-3.99067e-05
-4.22323e-05
-4.46497e-05
-4.71595e-05
-4.97618e-05
-5.24564e-05
-5.52429e-05
-5.81206e-05
-6.10886e-05
-6.41455e-05
-6.72895e-05
-7.05188e-05
-7.3831e-05
-7.72232e-05
-8.06925e-05
-8.42353e-05
-8.78479e-05
-9.15259e-05
-9.52649e-05
-9.90598e-05
-0.000102905
-0.000106796
-0.000110725
-0.000114687
-0.000118675
-0.000122681
-0.000126699
-0.000130721
-0.000134739
-0.000138745
-0.00014273
-0.000146687
-0.000150606
-0.000154479
-0.000158297
-0.000162051
-0.000165732
-0.000169331
-0.00017284
-0.000176249
-0.000179549
-0.000182733
-0.000185792
-0.000188718
-0.000191503
-0.000194139
-0.00019662
-0.000198937
-0.000201086
-0.000203059
-0.000204852
-0.000206458
-0.000207875
-0.000209096
-0.00021012
-0.000210942
-0.000211561
-0.000211974
-0.000212182
-0.000212182
-0.000211974
-0.000211561
-0.000210942
-0.00021012
-0.000209096
-0.000207875
-0.000206458
-0.000204852
-0.000203059
-0.000201086
-0.000198937
-0.00019662
-0.000194139
-0.000191503
-0.000188718
-0.000185792
-0.000182733
-0.000179549
-0.000176249
-0.00017284
-0.000169331
-0.000165732
-0.000162051
-0.000158297
-0.000154479
-0.000150606
-0.000146687
-0.00014273
-0.000138745
-0.000134739
-0.000130721
-0.000126699
-0.000122681
-0.000118675
-0.000114687
-0.000110725
-0.000106796
-0.000102905
-9.90598e-05
-9.52649e-05
-9.15259e-05
-8.78479e-05
-8.42353e-05
-8.06925e-05
-7.72232e-05
-7.3831e-05
-7.05188e-05
-6.72895e-05
-6.41455e-05
-6.10886e-05
-5.81206e-05
-5.52429e-05
-5.24564e-05
-4.97618e-05
-4.71595e-05
-4.46497e-05
-4.22323e-05
-3.99067e-05
-3.76724e-05
-3.55284e-05
-3.34738e-05
-3.15072e-05
-2.96272e-05
-2.78322e-05
-2.61204e-05
-2.44899e-05
-2.29389e-05
-2.14651e-05
-2.00663e-05
-1.87405e-05
-1.74851e-05
-1.62979e-05
-1.51765e-05
-1.41184e-05
-1.31213e-05
-1.21827e-05
-1.13003e-05
-1.04715e-05
-9.69398e-06
-8.96546e-06
-8.28361e-06
-7.64613e-06
-7.05083e-06
-6.49553e-06
-5.97812e-06
-5.49656e-06
-5.04885e-06
-4.63309e-06
-4.24741e-06
-3.89004e-06
-3.55926e-06
-3.25342e-06
-2.97097e-06
-2.71039e-06
-2.47025e-06
-2.24918e-06
-2.04591e-06
-1.85918e-06
-1.68785e-06
-1.53082e-06
-1.38704e-06
-1.25553e-06
-1.13539e-06
-1.02574e-06
-9.25771e-07
-8.34733e-07
-7.51912e-07
-6.76648e-07
-6.08323e-07
-5.46363e-07
-4.90235e-07
-4.39444e-07
-3.9353e-07
-3.5207e-07
-3.1467e-07
-2.80969e-07
-2.50632e-07
-2.23353e-07
-1.98848e-07
-1.76859e-07
-1.57148e-07
-1.39498e-07
-1.23709e-07
-1.096e-07
-9.70055e-08
-8.57744e-08
-7.57696e-08
-6.68665e-08
-5.89519e-08
-5.19233e-08
-4.56881e-08
-4.01624e-08
-3.52706e-08
-3.09443e-08
-2.71222e-08
-2.3749e-08
-2.0775e-08
-1.81557e-08
-1.58512e-08
-1.38257e-08
-1.20472e-08
-1.04872e-08
-9.12037e-09
-7.92391e-09
-6.87769e-09
-5.96379e-09
-5.16627e-09
-4.47103e-09
-3.86558e-09
-3.33885e-09
-2.88108e-09
-2.48365e-09
-2.13895e-09
-1.84029e-09
-1.58179e-09
-1.35827e-09
-1.1652e-09
-9.98597e-10
-8.5498e-10
-7.31303e-10
-6.24906e-10
-5.33468e-10
-4.54964e-10
-3.87634e-10
-3.29946e-10
-2.80569e-10
-2.38349e-10
-2.02284e-10
-1.71508e-10
-1.45273e-10
-1.22931e-10
-1.03924e-10
-8.77692e-11
-7.40536e-11
-6.24203e-11
-5.25632e-11
-4.42194e-11
-3.71638e-11
-3.12035e-11
-2.61736e-11
-2.1933e-11
-1.83615e-11
-1.53566e-11
-1.28309e-11
-1.07102e-11
-8.93123e-12
-7.44049e-12
-6.19253e-12
-5.14885e-12
-4.27689e-12
-3.54913e-12
-2.78866e-05
-2.96561e-05
-3.15072e-05
-3.34411e-05
-3.54591e-05
-3.75622e-05
-3.97511e-05
-4.20266e-05
-4.43889e-05
-4.68382e-05
-4.93745e-05
-5.19973e-05
-5.4706e-05
-5.74996e-05
-6.03769e-05
-6.33363e-05
-6.63758e-05
-6.94934e-05
-7.26863e-05
-7.59518e-05
-7.92865e-05
-8.26868e-05
-8.61487e-05
-8.9668e-05
-9.324e-05
-9.68596e-05
-0.000100522
-0.00010422
-0.000107949
-0.000111703
-0.000115474
-0.000119256
-0.000123041
-0.000126823
-0.000130594
-0.000134345
-0.000138069
-0.000141758
-0.000145404
-0.000148997
-0.00015253
-0.000155995
-0.000159383
-0.000162685
-0.000165894
-0.000169001
-0.000171998
-0.000174877
-0.000177631
-0.000180252
-0.000182733
-0.000185068
-0.00018725
-0.000189272
-0.000191129
-0.000192817
-0.000194329
-0.000195662
-0.000196812
-0.000197775
-0.000198549
-0.000199132
-0.000199521
-0.000199716
-0.000199716
-0.000199521
-0.000199132
-0.000198549
-0.000197775
-0.000196812
-0.000195662
-0.000194329
-0.000192817
-0.000191129
-0.000189272
-0.00018725
-0.000185068
-0.000182733
-0.000180252
-0.000177631
-0.000174877
-0.000171998
-0.000169001
-0.000165894
-0.000162685
-0.000159383
-0.000155995
-0.00015253
-0.000148997
-0.000145404
-0.000141758
-0.000138069
-0.000134345
-0.000130594
-0.000126823
-0.000123041
-0.000119256
-0.000115474
-0.000111703
-0.000107949
-0.00010422
-0.000100522
-9.68596e-05
-9.324e-05
-8.9668e-05
-8.61487e-05
-8.26868e-05
-7.92865e-05
-7.59518e-05
-7.26863e-05
-6.94934e-05
-6.63758e-05
-6.33363e-05
-6.03769e-05
-5.74996e-05
-5.4706e-05
-5.19973e-05
-4.93745e-05
-4.68382e-05
-4.43889e-05
-4.20266e-05
-3.97511e-05
-3.75622e-05
-3.54591e-05
-3.34411e-05
-3.15072e-05
-2.96561e-05
-2.78866e-05
-2.6197e-05
-2.45858e-05
-2.30512e-05
-2.15912e-05
-2.0204e-05
-1.88874e-05
-1.76394e-05
-1.64578e-05
-1.53404e-05
-1.42849e-05
-1.3289e-05
-1.23504e-05
-1.1467e-05
-1.06364e-05
-9.85626e-06
-9.12445e-06
-8.43874e-06
-7.79694e-06
-7.19692e-06
-6.63659e-06
-6.11392e-06
-5.6269e-06
-5.17363e-06
-4.75223e-06
-4.36089e-06
-3.99787e-06
-3.6615e-06
-3.35015e-06
-3.06228e-06
-2.79642e-06
-2.55115e-06
-2.32512e-06
-2.11704e-06
-1.92571e-06
-1.74996e-06
-1.58869e-06
-1.44088e-06
-1.30555e-06
-1.18177e-06
-1.06868e-06
-9.65474e-07
-8.71382e-07
-7.85692e-07
-7.07737e-07
-6.36894e-07
-5.72583e-07
-5.14264e-07
-4.61434e-07
-4.13626e-07
-3.7041e-07
-3.31386e-07
-2.96183e-07
-2.64462e-07
-2.35908e-07
-2.10231e-07
-1.87166e-07
-1.66469e-07
-1.47916e-07
-1.31302e-07
-1.16441e-07
-1.03161e-07
-9.13064e-08
-8.07352e-08
-7.13181e-08
-6.2938e-08
-5.54884e-08
-4.88728e-08
-4.30039e-08
-3.78029e-08
-3.31984e-08
-2.91263e-08
-2.55288e-08
-2.23538e-08
-1.95545e-08
-1.70891e-08
-1.49199e-08
-1.30134e-08
-1.13394e-08
-9.8711e-09
-8.58454e-09
-7.45838e-09
-6.47363e-09
-5.61341e-09
-4.86275e-09
-4.20836e-09
-3.63848e-09
-3.14269e-09
-2.71182e-09
-2.33773e-09
-2.01329e-09
-1.73217e-09
-1.48886e-09
-1.27847e-09
-1.09674e-09
-9.39929e-10
-8.04749e-10
-6.88339e-10
-5.88193e-10
-5.02126e-10
-4.28235e-10
-3.64861e-10
-3.10562e-10
-2.64086e-10
-2.24346e-10
-1.904e-10
-1.61432e-10
-1.36738e-10
-1.15709e-10
-9.78181e-11
-8.26127e-11
-6.97029e-11
-5.87531e-11
-4.94751e-11
-4.16215e-11
-3.49804e-11
-2.93703e-11
-2.46359e-11
-2.06444e-11
-1.72828e-11
-1.44544e-11
-1.20771e-11
-1.0081e-11
-8.40652e-12
-7.00336e-12
-5.82872e-12
-4.84635e-12
-4.02562e-12
-3.34062e-12
-2.62226e-05
-2.78866e-05
-2.96272e-05
-3.14457e-05
-3.33433e-05
-3.53209e-05
-3.73792e-05
-3.95189e-05
-4.17402e-05
-4.40435e-05
-4.64284e-05
-4.88947e-05
-5.14418e-05
-5.40687e-05
-5.67743e-05
-5.9557e-05
-6.24152e-05
-6.53468e-05
-6.83492e-05
-7.14198e-05
-7.45555e-05
-7.77529e-05
-8.10083e-05
-8.43176e-05
-8.76764e-05
-9.10801e-05
-9.45235e-05
-9.80014e-05
-0.000101508
-0.000105037
-0.000108584
-0.00011214
-0.0001157
-0.000119256
-0.000122801
-0.000126329
-0.000129831
-0.0001333
-0.000136727
-0.000140107
-0.000143429
-0.000146687
-0.000149873
-0.000152978
-0.000155995
-0.000158917
-0.000161735
-0.000164442
-0.000167032
-0.000169497
-0.00017183
-0.000174025
-0.000176077
-0.000177978
-0.000179725
-0.000181311
-0.000182733
-0.000183987
-0.000185068
-0.000185974
-0.000186702
-0.00018725
-0.000187616
-0.000187799
-0.000187799
-0.000187616
-0.00018725
-0.000186702
-0.000185974
-0.000185068
-0.000183987
-0.000182733
-0.000181311
-0.000179725
-0.000177978
-0.000176077
-0.000174025
-0.00017183
-0.000169497
-0.000167032
-0.000164442
-0.000161735
-0.000158917
-0.000155995
-0.000152978
-0.000149873
-0.000146687
-0.000143429
-0.000140107
-0.000136727
-0.0001333
-0.000129831
-0.000126329
-0.000122801
-0.000119256
-0.0001157
-0.00011214
-0.000108584
-0.000105037
-0.000101508
-9.80014e-05
-9.45235e-05
-9.10801e-05
-8.76764e-05
-8.43176e-05
-8.10083e-05
-7.77529e-05
-7.45555e-05
-7.14198e-05
-6.83492e-05
-6.53468e-05
-6.24152e-05
-5.9557e-05
-5.67743e-05
-5.40687e-05
-5.14418e-05
-4.88947e-05
-4.64284e-05
-4.40435e-05
-4.17402e-05
-3.95189e-05
-3.73792e-05
-3.53209e-05
-3.33433e-05
-3.14457e-05
-2.96272e-05
-2.78866e-05
-2.62226e-05
-2.46339e-05
-2.31188e-05
-2.16757e-05
-2.03029e-05
-1.89984e-05
-1.77604e-05
-1.65869e-05
-1.54758e-05
-1.4425e-05
-1.34325e-05
-1.2496e-05
-1.16135e-05
-1.07828e-05
-1.00017e-05
-9.26814e-06
-8.58001e-06
-7.93521e-06
-7.3317e-06
-6.76749e-06
-6.24059e-06
-5.7491e-06
-5.29115e-06
-4.86493e-06
-4.46867e-06
-4.10068e-06
-3.75932e-06
-3.44302e-06
-3.15025e-06
-2.87956e-06
-2.62956e-06
-2.39892e-06
-2.18638e-06
-1.99072e-06
-1.8108e-06
-1.64554e-06
-1.4939e-06
-1.35491e-06
-1.22765e-06
-1.11125e-06
-1.00492e-06
-9.07865e-07
-8.19387e-07
-7.3881e-07
-6.65507e-07
-5.98891e-07
-5.38418e-07
-4.83578e-07
-4.339e-07
-3.88946e-07
-3.48308e-07
-3.11612e-07
-2.7851e-07
-2.48682e-07
-2.21831e-07
-1.97686e-07
-1.75998e-07
-1.56536e-07
-1.3909e-07
-1.23468e-07
-1.09493e-07
-9.70055e-08
-8.58582e-08
-7.59178e-08
-6.70627e-08
-5.91826e-08
-5.21775e-08
-4.59566e-08
-4.04379e-08
-3.55472e-08
-3.12175e-08
-2.73884e-08
-2.40055e-08
-2.10199e-08
-1.83877e-08
-1.60694e-08
-1.40297e-08
-1.22369e-08
-1.06628e-08
-9.2821e-09
-8.07231e-09
-7.01335e-09
-6.08735e-09
-5.27846e-09
-4.57259e-09
-3.95725e-09
-3.42137e-09
-2.95517e-09
-2.55001e-09
-2.19824e-09
-1.89315e-09
-1.62882e-09
-1.40002e-09
-1.20219e-09
-1.0313e-09
-8.83844e-10
-7.56731e-10
-6.47266e-10
-5.53096e-10
-4.72165e-10
-4.02682e-10
-3.4309e-10
-2.92031e-10
-2.48328e-10
-2.10959e-10
-1.79039e-10
-1.518e-10
-1.28579e-10
-1.08805e-10
-9.19813e-11
-7.76833e-11
-6.55438e-11
-5.52473e-11
-4.65229e-11
-3.9138e-11
-3.28932e-11
-2.76178e-11
-2.31659e-11
-1.94126e-11
-1.62515e-11
-1.35919e-11
-1.13565e-11
-9.47944e-12
-7.90491e-12
-6.58548e-12
-5.48092e-12
-4.55717e-12
-3.78542e-12
-3.14129e-12
)
;

boundaryField
{
    boundaries
    {
        type            calculated;
        value           uniform 0;
    }
}


// ************************************************************************* //
